"exposure";"outcome";"lambda";"beta_unpenalized";"bootstrap_mean";"bootstrap_standard_error";"ci95_lower";"ci95_upper";"bootstrap_q025";"bootstrap_q975";"z_value";"p_value";"significant";"n_valid_bootstrap";"omitted_cohort";"scenario"
"h_abs_ratio_preg_Log";"e3_bw";0;-0,00396908028732124;-0,00425313815793153;0,00518380212169103;-0,014129145748818;0,0061909851741755;-0,0136410257189861;0,00570784509987424;-0,765669713879138;0,443872852104702;FALSE;100;"1";"Combined"
"h_no2_ratio_preg_Log";"e3_bw";0;0,00750606300735328;0,00418476458641762;0,00462028207977763;-0,00154952346742669;0,0165616494821333;-0,00460920520920779;0,0128619144984759;1,6245897713056;0,104249998078475;FALSE;100;"1";"Combined"
"h_pm10_ratio_preg_None";"e3_bw";0;-0,0154608249450732;-0,0152430290241785;0,0048436445282768;-0,0249541937744102;-0,00596745611573615;-0,025182878472251;-0,00697241629058584;-3,19198175151255;0,00141300259485936;TRUE;100;"1";"Combined"
"h_pm25_ratio_preg_None";"e3_bw";0;0,0142843075042363;0,013028984221595;0,00376298412866564;0,00690899413765579;0,0216596208708168;0,00540956205337031;0,0199339188459113;3,79600524897816;0,000147046385876367;TRUE;100;"1";"Combined"
"h_accesslines300_preg_dic0";"e3_bw";0;0,0192432710096313;0,0237227130584403;0,0096954461090977;0,000240545821750759;0,0382459961975117;0,00742762284453262;0,0401963270309493;1,98477417058451;0,0471696024494089;TRUE;100;"1";"Combined"
"h_accesspoints300_preg_Log";"e3_bw";0;0,00632262891553414;0,00772292225369665;0,00393571573175983;-0,00139123217210282;0,0140364900031711;0,000399908863134627;0,0151661178644674;1,60647499627902;0,108169584418174;FALSE;100;"1";"Combined"
"h_builtdens300_preg_Sqrt";"e3_bw";0;0,00278739111268985;0,00115411330973977;0,00351510814979722;-0,00410209426267592;0,00967687648805563;-0,00511120486414915;0,00841300153676787;0,792974495777791;0,427792682264562;FALSE;100;"1";"Combined"
"h_connind300_preg_Sqrt";"e3_bw";0;-0,00484056861504248;-0,00356643302401496;0,00394010888418414;-0,0125630401232097;0,00288190289312474;-0,0104692326814716;0,00433530865047675;-1,22853676315211;0,219245537563396;FALSE;100;"1";"Combined"
"h_fdensity300_preg_Log";"e3_bw";0;-0,00378102932879589;-0,00601613918843662;0,00458445824909533;-0,0127664023856503;0,0052043437280585;-0,0136185025121045;0,00222985223964165;-0,824749430217195;0,409513862159018;FALSE;100;"1";"Combined"
"h_frichness300_preg_None";"e3_bw";0;0,00431231712211476;0,00526974619424749;0,00397951101011984;-0,00348738113380073;0,0121120153780302;-0,000788210282336823;0,0138424495537589;1,08362990104779;0,278528927664438;FALSE;100;"1";"Combined"
"h_landuseshan300_preg_None";"e3_bw";0;0,00284527234123212;0,00362694261043495;0,00319424893193379;-0,00341534052301364;0,00910588520547788;-0,00266627784532936;0,0102605228174353;0,890748467593476;0,373064126670301;FALSE;100;"1";"Combined"
"h_popdens_preg_Sqrt";"e3_bw";0;-0,00479368308332371;-0,00352059059352092;0,00331976296582512;-0,0113002989335508;0,00171293276690339;-0,0095424171725973;0,00389705416962617;-1,44398354119607;0,148743605137682;FALSE;100;"1";"Combined"
"h_walkability_mean_preg_None";"e3_bw";0;0,000246461150463784;-0,000728006223675723;0,00333050417714683;-0,00628120708710421;0,00677412938803178;-0,0076669642964961;0,00495744693317383;0,0740011533854079;0,941009467510072;FALSE;100;"1";"Combined"
"hs_as_m_Log2";"e3_bw";0;0,00336519541402781;0,0039397911891776;0,00295461354285574;-0,00242574071820372;0,00915613154625934;-0,00160814242060438;0,00950482102094532;1,13896296934158;0,254718599662016;FALSE;100;"1";"Combined"
"hs_cd_m_Log2";"e3_bw";0;-4,47602843506964e-06;0,000464056430075074;0,00313706672671659;-0,00615301382989853;0,00614406177302839;-0,00562261480373619;0,00499473713793054;-0,00142681964554655;0,998861563020043;FALSE;100;"1";"Combined"
"hs_co_m_Log2";"e3_bw";0;0,00657460687436083;0,00658394471242123;0,00304605019820725;0,000604458190773521;0,0125447555579481;0,00113430096495538;0,0119640625746408;2,15840398107369;0,0308964364798346;TRUE;100;"1";"Combined"
"hs_cs_m_Log2";"e3_bw";0;-0,00191861876044999;-0,00350289005155365;0,0031122195590486;-0,00801845700816638;0,0041812194872664;-0,00977592660579301;0,00200097897843818;-0,616479243847598;0,53757826678703;FALSE;100;"1";"Combined"
"hs_cu_m_Log2";"e3_bw";0;-0,00512271716234145;-0,004882033068811;0,00289686897508655;-0,0108004760214425;0,00055504169675964;-0,0100053256496552;0,00172521948771855;-1,76836343182846;0,0770001658068306;FALSE;100;"1";"Combined"
"hs_hg_m_Log2";"e3_bw";0;-0,00231948398525588;-0,00204219176517023;0,00355396929287499;-0,00928513580145216;0,00464616783094039;-0,0102977472819217;0,00317469679496133;-0,652646039994209;0,513984497044869;FALSE;100;"1";"Combined"
"hs_mn_m_Log2";"e3_bw";0;-0,00275880843079534;-0,00208587563005808;0,00269268063962222;-0,00803636550632317;0,00251874864473249;-0,00725724614282724;0,00374915613208446;-1,02455834910389;0,305571625786439;FALSE;100;"1";"Combined"
"hs_mo_m_Log2";"e3_bw";0;0,0022201247779335;0,0012889454468015;0,00307649262244563;-0,00380968996076311;0,0082499395166301;-0,004177525065785;0,00800114066826706;0,721641508819426;0,470514911913606;FALSE;100;"1";"Combined"
"hs_pb_m_Log2";"e3_bw";0;0,00181172838761301;0,00037990075487798;0,00271880279910883;-0,00351702717970698;0,007140483954933;-0,00498729497623855;0,00487527641167525;0,666369914069112;0,50517468789732;FALSE;100;"1";"Combined"
"h_humidity_preg_None";"e3_bw";0;0,00820473926664534;0,00990067514919754;0,00481414811335523;-0,00123081765177236;0,017640296185063;0,00190244201135266;0,0191195450439956;1,70429722423455;0,0883255732949819;FALSE;100;"1";"Combined"
"h_pressure_preg_None";"e3_bw";0;-0,00178642094741335;-0,00103899226113077;0,00482325295898326;-0,0112398230353468;0,00766698114052009;-0,0103340516195964;0,00776839395501352;-0,370376789814883;0,711101765149707;FALSE;100;"1";"Combined"
"h_temperature_preg_None";"e3_bw";0;0,00747409916120435;0,00684494641881033;0,00324031089643027;0,00112320650548832;0,0138249918169204;0,000891486747196859;0,0136326696334703;2,30659939743383;0,0210771631750457;TRUE;100;"1";"Combined"
"h_ndvi100_preg_None";"e3_bw";0;0,00552498825516899;0,00581377506761021;0,00401095045627963;-0,00233633018291359;0,0133863066932516;-0,00113082761933678;0,0135052128197659;1,37747606593319;0,168365109575875;FALSE;100;"1";"Combined"
"hs_dde_madj_Log2";"e3_bw";0;-0,00623780283541857;-0,00642520419938068;0,0028131446471387;-0,011751465027112;-0,000724140643725084;-0,0116565338822708;-0,000954329439267525;-2,21737721228205;0,0265973255740374;TRUE;100;"1";"Combined"
"hs_ddt_madj_Log2";"e3_bw";0;0,000686254666396391;0,00113676078854132;0,0030118840984148;-0,00521692969210551;0,0065894390248983;-0,00438529929056044;0,00708979663614856;0,227848962301563;0,819763661235313;FALSE;100;"1";"Combined"
"hs_hcb_madj_Log2";"e3_bw";0;-0,00299597085342772;-0,00320219864142174;0,00408406808769047;-0,0110005972157104;0,00500865550885497;-0,0116732784995022;0,00465631331392554;-0,733575148381508;0,463207711784699;FALSE;100;"1";"Combined"
"hs_pcb118_madj_Log2";"e3_bw";0;0,00557358825399611;0,00748433550651947;0,00475918127938839;-0,0037542356495024;0,0149014121574946;-0,00286837217409827;0,0162372270093325;1,1711233354642;0,241549205262247;FALSE;100;"1";"Combined"
"hs_pcb138_madj_Log2";"e3_bw";0;0,000269547118667813;-0,00120854857152394;0,0038716877740421;-0,00731882147783876;0,00785791571517438;-0,00923225884123091;0,00548715031040863;0,0696200557480392;0,944496073493326;FALSE;100;"1";"Combined"
"hs_pcb153_madj_Log2";"e3_bw";0;-0,00319680003565982;-0,000954827802869674;0,00438181454823906;-0,011784998737142;0,00539139866582237;-0,00852743273651458;0,00761537790166811;-0,729560779094254;0,465658703534352;FALSE;100;"1";"Combined"
"hs_pcb170_madj_Log2";"e3_bw";0;0,00852583218297136;0,00808091278048153;0,00417321845669766;0,000346474308226116;0,0167051900577166;0,00053476796241991;0,0156064826544405;2,04298727024178;0,0410536982802071;TRUE;100;"1";"Combined"
"hs_pcb180_madj_Log2";"e3_bw";0;0,0172507705762393;0,014954864392646;0,00448223073872158;0,00846575975794663;0,0260357813945319;0,00689435584682958;0,0225614381824109;3,8487020374055;0,000118745337809488;TRUE;100;"1";"Combined"
"hs_sumPCBs5_madj_Log2";"e3_bw";0;0,0174879751305588;0,016574882654114;0,0048944078056131;0,00789511210590542;0,0270808381552122;0,00721000750625778;0,0258324380733428;3,57305231298931;0,00035284423724427;TRUE;100;"1";"Combined"
"hs_pfhxs_m_Log2";"e3_bw";0;0,00899203581505467;0,00824154679406901;0,00323869311012515;0,00264431396223135;0,015339757667878;0,00119222165148092;0,0143656081652876;2,77643960366075;0,00549578446698919;TRUE;100;"1";"Combined"
"hs_pfna_m_Log2";"e3_bw";0;-0,00421118145342791;-0,00368536854599789;0,00410262968780087;-0,0122521878834224;0,00382982497656659;-0,010194170182604;0,00559779836911236;-1,02645906988628;0,304675247022844;FALSE;100;"1";"Combined"
"hs_pfoa_m_Log2";"e3_bw";0;0,0011708262612639;-0,00033323669301784;0,00388842507587621;-0,00645034684403589;0,0087919993665637;-0,0072224407714842;0,00731347554836988;0,30110552175165;0,763334030563931;FALSE;100;"1";"Combined"
"hs_pfos_m_Log2";"e3_bw";0;0,00326145459028848;0,00235618159895326;0,00357185637638082;-0,00373925526536767;0,0102621644459446;-0,00483319169791476;0,00869898620236998;0,913097909494655;0,361191049719468;FALSE;100;"1";"Combined"
"hs_pfunda_m_Log2";"e3_bw";0;0,00180001599470755;0,00167295714124469;0,00254340394626731;-0,00318496413811342;0,00678499612752851;-0,00321351750222984;0,00648242439630141;0,707719274144104;0,479119605706809;FALSE;100;"1";"Combined"
"e3_asmokcigd_p_None";"e3_bw";0;-0,00197174766310547;-0,00177277240289626;0,00260271396349474;-0,00707297329361465;0,0031294779674037;-0,00665773265194771;0,00317831000514049;-0,757573706047188;0,448706226062968;FALSE;100;"1";"Combined"
"h_distinvnear1_preg_Log";"e3_bw";0;-0,00342836268300217;-0,00365341572372275;0,00286562902153167;-0,00904489235825699;0,00218816699225265;-0,00880737426980355;0,00154924662280176;-1,19637352122074;0,231550829581891;FALSE;100;"1";"Combined"
"h_trafload_preg_pow1over3";"e3_bw";0;-0,00547436119654948;-0,00463483300114246;0,00232198328210777;-0,0100253648021848;-0,000923357590914142;-0,00910188856289104;0,000459786640087292;-2,35762300216914;0,0183923609530955;TRUE;100;"1";"Combined"
"h_trafnear_preg_pow1over3";"e3_bw";0;-0,00491408159612012;-0,00545084513964112;0,00340318790513363;-0,0115842073228043;0,00175604413056411;-0,0127163941043353;0,000881925137088872;-1,44396422798381;0,148749038009056;FALSE;100;"1";"Combined"
"h_bro_preg_Log";"e3_bw";0;0,00679168279411721;0,007161413765496;0,00474346437347793;-0,00250533653984838;0,0160887021280828;-0,000655765546577711;0,0176880798200273;1,43179799812379;0,152201640364725;FALSE;100;"1";"Combined"
"h_clf_preg_Log";"e3_bw";0;-0,00976039350635245;-0,00991248981234753;0,0029051672871544;-0,015454416758239;-0,0040663702544659;-0,0163079474993938;-0,00526574876288798;-3,35966660147572;0,000780365837595873;TRUE;100;"1";"Combined"
"h_thm_preg_Log";"e3_bw";0;-0,00216317500195193;-0,00131582049899881;0,00344875995825967;-0,00892262031146475;0,00459627030756089;-0,00827121853822145;0,00510516015965961;-0,627232694688186;0,530506714746728;FALSE;100;"1";"Combined"
"e3_alcpreg_yn_None_1";"e3_bw";0;0,00812726113511207;0,00433423037262308;0,00556242557550982;-0,00277489265957167;0,0190294149297958;-0,00790885413918903;0,0133161870669902;1,46110020256175;0,143987944655121;FALSE;100;"1";"Combined"
"h_pamod_t3_None_Often";"e3_bw";0;0,0693869424987047;0,0668722590408041;0,00889675056206537;0,0519496318176201;0,0868242531797893;0,0516423963052892;0,0838520164698149;7,79913317954107;6,23338532160995e-15;TRUE;100;"1";"Combined"
"h_pamod_t3_None_Sometimes";"e3_bw";0;0,0502759640412356;0,0470127760003019;0,00980703793506732;0,0310545228934856;0,0694974051889856;0,0307805716855475;0,0648804922501974;5,12651876887947;2,95148645578176e-07;TRUE;100;"1";"Combined"
"h_pamod_t3_None_Very Often";"e3_bw";0;0,0664303152887688;0,0631979819965696;0,00820774463182554;0,0503434314160888;0,0825171991614488;0,0485860124590315;0,0777862682079034;8,09361380849803;5,79201276257915e-16;TRUE;100;"1";"Combined"
"h_pavig_t3_None_Low";"e3_bw";0;0,0825606750095617;0,0801893783790231;0,0113566395818792;0,0603020704436765;0,104819279575447;0,0605167448894108;0,104301920781355;7,26981554836845;3,59978692537285e-13;TRUE;100;"1";"Combined"
"h_pavig_t3_None_Medium";"e3_bw";0;0,0688902381967487;0,0713521433203266;0,0133880856503159;0,0426500725001921;0,0951304038933054;0,0497117199916681;0,103235737075379;5,14563769579136;2,66613551898295e-07;TRUE;100;"1";"Combined"
"hs_no2_dy_hs_h_Log";"e3_bw";0;-0,0088172561429075;-0,00606598269568618;0,00541423396915102;-0,0194289597263168;0,00179444744050184;-0,0160792147822105;0,00388159375312766;-1,62853252983637;0,103412017422156;FALSE;100;"1";"Combined"
"hs_no2_wk_hs_h_Log";"e3_bw";0;-0,0158993789700311;-0,0141670927108389;0,00514376051239913;-0,0259809643194327;-0,00581779362062955;-0,0233799159856937;-0,00476211468004596;-3,09100296013109;0,00199481645264649;TRUE;100;"1";"Combined"
"hs_no2_yr_hs_h_Log";"e3_bw";0;-0,0117820267458903;-0,0127015591134883;0,00466523221331276;-0,0209257138634994;-0,0026383396282812;-0,0213340700041938;-0,00477125196636218;-2,52549631125948;0,0115534994368347;TRUE;100;"1";"Combined"
"hs_pm10_dy_hs_h_None";"e3_bw";0;0,000972847677562192;0,00244452595430244;0,00372722822961445;-0,00633238541464311;0,00827808076976749;-0,00317048590493024;0,00976869285265545;0,261011029545359;0,79408400165943;FALSE;100;"1";"Combined"
"hs_pm10_wk_hs_h_None";"e3_bw";0;0,000628150872411233;5,55890616468815e-05;0,00464177158709901;-0,00846955426276415;0,00972585600758661;-0,00808348798128805;0,0112674632491515;0,135325674825764;0,892354386216341;FALSE;100;"1";"Combined"
"hs_pm10_yr_hs_h_None";"e3_bw";0;0,00383121147097335;0,00284892561421686;0,0042146426934078;-0,00442933641581082;0,0120917593577575;-0,00432602778598318;0,0123773443268768;0,909024026393939;0,36333744347226;FALSE;100;"1";"Combined"
"hs_pm25_dy_hs_h_None";"e3_bw";0;0,0018319163210469;0,00209604007717615;0,00411561130228725;-0,00623453360580209;0,00989836624789589;-0,00587472475487877;0,00910803981837281;0,445114027174727;0,656237352301463;FALSE;100;"1";"Combined"
"hs_pm25_wk_hs_h_None";"e3_bw";0;0,00245556377147454;0,000903586660721183;0,0045111654384062;-0,00638615801610345;0,0112972855590525;-0,00824615830874072;0,00818319880677835;0,544330241265125;0,586214240216772;FALSE;100;"1";"Combined"
"hs_pm25_yr_hs_h_None";"e3_bw";0;-0,0153778300884286;-0,011552367735638;0,00467343287996093;-0,0245375902173173;-0,00621806995953989;-0,0211636717988961;-0,00254843742276995;-3,29047843061291;0,0010001716933554;TRUE;100;"1";"Combined"
"hs_pm25abs_dy_hs_h_Log";"e3_bw";0;0,00986157215233144;0,0071733747727508;0,00419268310663559;0,00164406426473618;0,0180790800399267;-0,00187310891326814;0,0148481357462857;2,35209098839927;0,0186682078225846;TRUE;100;"1";"Combined"
"hs_pm25abs_wk_hs_h_Log";"e3_bw";0;-0,00780218743657213;-0,00788993786446834;0,00360421362927756;-0,0148663163425445;-0,000738058530599709;-0,0155318682300792;-0,00101749188723914;-2,16474056176743;0,0304075589400653;TRUE;100;"1";"Combined"
"hs_pm25abs_yr_hs_h_Log";"e3_bw";0;0,00858702515686794;0,00716800809703367;0,00462431933207405;-0,000476474187009523;0,0176505245007454;-0,00101556063932756;0,0161901310631029;1,85692737465355;0,0633214873194908;FALSE;100;"1";"Combined"
"hs_accesslines300_h_dic0";"e3_bw";0;0,043257230847501;0,0419421650390764;0,0139675759748132;0,0158812849855402;0,0706331767094619;0,0124470660896482;0,0658632783705571;3,0969748026074;0,00195506491321092;TRUE;100;"1";"Combined"
"hs_accesspoints300_h_Log";"e3_bw";0;0,00341881505558039;0,00210852519924235;0,00449833848268034;-0,00539776636074362;0,0122353964719044;-0,00588430289051254;0,0108930262778885;0,760017297218437;0,447244245620584;FALSE;100;"1";"Combined"
"hs_builtdens300_h_Sqrt";"e3_bw";0;0,000539287277362547;0,000667286895493258;0,00383838143358228;-0,00698380209138594;0,00806237664611104;-0,00781571744430398;0,00772827642667087;0,140498615547763;0,888266046274235;FALSE;100;"1";"Combined"
"hs_connind300_h_Log";"e3_bw";0;-0,00104725401527762;-0,000239483206671061;0,00402701169941955;-0,00894005191146137;0,00684554388090612;-0,00780308128164749;0,00685267246847127;-0,260057356036134;0,794819531387868;FALSE;100;"1";"Combined"
"hs_fdensity300_h_Log";"e3_bw";0;0,00273975417561125;0,00172466969920604;0,00333881181043584;-0,00380419672399997;0,00928370507522248;-0,00426484285601932;0,00804775471320026;0,820577598008919;0,411886912288168;FALSE;100;"1";"Combined"
"hs_landuseshan300_h_None";"e3_bw";0;0,00230302326614884;0,000662978831458711;0,00428326781646596;-0,00609202739026395;0,0106980739225616;-0,0067837555255327;0,00947620475398015;0,537679025648464;0,590798661940865;FALSE;100;"1";"Combined"
"hs_popdens_h_Sqrt";"e3_bw";0;-0,00409973349370766;-0,00193451093867306;0,00375168802798621;-0,0114529069097907;0,00325343992237541;-0,00998909042936899;0,00602336916687325;-1,09277036446665;0,27449463651624;FALSE;100;"1";"Combined"
"hs_walkability_mean_h_None";"e3_bw";0;0,00293189040648245;0,00276770419994228;0,00308075206622951;-0,00310627268862474;0,00897005350158964;-0,00314162925347702;0,00831485246810751;0,951680090917136;0,341259249306604;FALSE;100;"1";"Combined"
"hs_accesslines300_s_dic0";"e3_bw";0;0,0221346748172221;0,0189005060174356;0,0123532769906078;-0,00207730317541645;0,0463466528098607;-0,00662014800518658;0,0432425582416373;1,79180591789945;0,0731640605370621;FALSE;100;"1";"Combined"
"hs_accesspoints300_s_Log";"e3_bw";0;0,00268807345444203;0,00335153753860621;0,00325235800726177;-0,0036864311046215;0,00906257801350557;-0,00293022659645032;0,00874430258526503;0,826499865156351;0,408520594523427;FALSE;100;"1";"Combined"
"hs_builtdens300_s_Sqrt";"e3_bw";0;-0,00354960647417457;-0,00251707145811864;0,00361527633740128;-0,010635417889641;0,00353620494129181;-0,00896214247871007;0,00492584666896828;-0,981835451263482;0,326180919934912;FALSE;100;"1";"Combined"
"hs_connind300_s_Log";"e3_bw";0;0,00678392692849068;0,00596551182383712;0,00345422394078796;1,37724100102527e-05;0,0135540814469711;-0,00155907371206073;0,0125056125691797;1,96395110588665;0,0495357623431756;TRUE;100;"1";"Combined"
"hs_fdensity300_s_Log";"e3_bw";0;0,000520031268080984;0,000549606560404809;0,00352960831921542;-0,00639787391711419;0,00743793645327616;-0,00731322417072163;0,00760511652070341;0,147333987527709;0,882868407027222;FALSE;100;"1";"Combined"
"hs_landuseshan300_s_None";"e3_bw";0;0,000399093214445748;0,00103046248134072;0,00316576773000524;-0,00580569751978364;0,00660388394867514;-0,00517984656995069;0,00700699345941337;0,126065222872522;0,899680295925487;FALSE;100;"1";"Combined"
"hs_popdens_s_Sqrt";"e3_bw";0;0,000909696491780775;0,000766938743285389;0,00314758036658586;-0,00525944766517289;0,00707884064873444;-0,00603123048053152;0,00727409047012139;0,289014540006015;0,772570250830322;FALSE;100;"1";"Combined"
"h_Absorbance_Log";"e3_bw";0;0,00330604287992808;0,00168513107322201;0,00371704234570288;-0,00397922624665986;0,010591312006516;-0,00524324267960248;0,00828535009587032;0,889428360629266;0,373772908657301;FALSE;100;"1";"Combined"
"h_Benzene_Log";"e3_bw";0;0,000892839863462727;0,00175377654970027;0,00440945263009294;-0,00774952848305485;0,0095352082099803;-0,00751872702942566;0,00890524980929925;0,202483151166976;0,839539029030198;FALSE;100;"1";"Combined"
"h_NO2_Log";"e3_bw";0;0,00252348056218035;0,00307530688168289;0,0035334025864551;-0,00440186125015231;0,00944882237451301;-0,00242202945684721;0,010740385219249;0,714178614079763;0,475116739234853;FALSE;100;"1";"Combined"
"h_PM_Log";"e3_bw";0;-0,000463651442023707;0,00121637203433537;0,00337402279430211;-0,00707661460187304;0,00614931171782563;-0,00530403289032623;0,00815669002479077;-0,137417993383655;0,890700409302537;FALSE;100;"1";"Combined"
"h_TEX_Log";"e3_bw";0;0,00059777836368526;0,00204047937866978;0,00349670955627085;-0,00625564643100264;0,00745120315837316;-0,00457172131702535;0,00855763297640033;0,170954537134269;0,864259513365144;FALSE;100;"1";"Combined"
"hs_KIDMED_None";"e3_bw";0;-0,00023465607819656;-0,00127710519273458;0,00335960343098645;-0,0068193578052672;0,00635004564887408;-0,00736088097948403;0,0062534365807024;-0,069846362232003;0,944315945532948;FALSE;100;"1";"Combined"
"hs_mvpa_prd_alt_None";"e3_bw";0;-0,0143444433211899;-0,0141174815653186;0,00305592670571099;-0,0203339496037776;-0,00835493703860224;-0,020105897605728;-0,00874609613304444;-4,69397492236403;2,67946895019457e-06;TRUE;100;"1";"Combined"
"hs_sd_wk_None";"e3_bw";0;-0,00558306521873322;-0,00413240918893821;0,00393330048445182;-0,0132921925086327;0,00212606207116629;-0,0130669561628386;0,00360031383128886;-1,41943521498112;0,155772171875781;FALSE;100;"1";"Combined"
"hs_dif_hours_total_None";"e3_bw";0;-0,0054654506479314;-0,00625359123764836;0,00340998175991779;-0,0121488920853088;0,00121799078944596;-0,0125345452745294;0,00079693530654842;-1,60278002427297;0,108983228542774;FALSE;100;"1";"Combined"
"hs_as_c_Log2";"e3_bw";0;0,00786216872294187;0,00534910396197621;0,0030470725989689;0,00189001617068398;0,0138343212751998;-0,00113763707597168;0,00989679331429989;2,58023675760215;0,00987325989737653;TRUE;100;"1";"Combined"
"hs_cd_c_Log2";"e3_bw";0;-0,00207251878370597;-0,000975862276121127;0,00305515119645162;-0,0080605050960756;0,00391546752866366;-0,00671990306977916;0,0050202349983793;-0,678368647061749;0,497537983136746;FALSE;100;"1";"Combined"
"hs_co_c_Log2";"e3_bw";0;0,00219303796228176;0,00107285484144171;0,00270990619461434;-0,00311828058064435;0,00750435650520786;-0,00371569528307766;0,00652753750325382;0,809267112876524;0,418361518684416;FALSE;100;"1";"Combined"
"hs_cs_c_Log2";"e3_bw";0;0,00445923698075419;0,00468513489168942;0,00340133305562761;-0,0022072533077015;0,0111257272692099;-0,00222926459710529;0,0103112720666982;1,31102626759124;0,189848889245065;FALSE;100;"1";"Combined"
"hs_cu_c_Log2";"e3_bw";0;-0,000454365745961832;-0,000242916376746683;0,00236957240410491;-0,00509864231676745;0,00418991082484379;-0,00433840702411381;0,00426984602486414;-0,191750100218383;0,847937959781782;FALSE;100;"1";"Combined"
"hs_hg_c_Log2";"e3_bw";0;-0,00782798629733092;-0,00643039110184904;0,0032305401560485;-0,0141597286537964;-0,00149624394086546;-0,0114498571711281;0,00059710219773551;-2,42311994874129;0,0153878448919193;TRUE;100;"1";"Combined"
"hs_mn_c_Log2";"e3_bw";0;0,000311239012823783;0,000753997883740838;0,00249690898140311;-0,00458261266340091;0,00520509068904848;-0,00367352600103881;0,00571802869234829;0,124649722974237;0,900800862100391;FALSE;100;"1";"Combined"
"hs_mo_c_Log2";"e3_bw";0;-0,00432235099927806;-0,00536542335107749;0,0029541625091646;-0,0101124031217192;0,00146770112316304;-0,0119076927023854;-0,000569452541806384;-1,46313920979938;0,143429290751245;FALSE;100;"1";"Combined"
"hs_pb_c_Log2";"e3_bw";0;0,00316031235833523;0,00379444728434017;0,00344275335049437;-0,00358736021628832;0,00990798493295879;-0,0029496753528961;0,0110137481708956;0,917960724047056;0,358639428526041;FALSE;100;"1";"Combined"
"hs_hum_mt_hs_h_None";"e3_bw";0;0,00118728396402113;0,00168032509013718;0,00431336851002764;-0,00726676296768223;0,00964133089572449;-0,00532248665269327;0,010197657591779;0,275256788577408;0,78311896030386;FALSE;100;"1";"Combined"
"hs_tm_mt_hs_h_None";"e3_bw";0;-0,000955331653899319;-0,00306121245433464;0,00441182177594797;-0,00960234344096688;0,00769168013316825;-0,0133511147671662;0,00398934087671507;-0,216539040427136;0,828567597075491;FALSE;100;"1";"Combined"
"hs_uvdvf_mt_hs_h_None";"e3_bw";0;0,00146641711396276;-9,43101265484023e-05;0,00426709336564199;-0,00689693220136534;0,00982976642929085;-0,00896611441510189;0,00685034921157319;0,343657142768456;0,731104145298508;FALSE;100;"1";"Combined"
"hs_hum_dy_hs_h_None";"e3_bw";0;-0,000480617467120025;-0,00124225888362636;0,00325157373360038;-0,0068535848780532;0,00589234994381315;-0,00765240827561747;0,0053257984693716;-0,147810723820754;0,882492145921967;FALSE;100;"1";"Combined"
"hs_hum_wk_hs_h_None";"e3_bw";0;-0,00233879165335368;-0,00286434399626042;0,0041422284036966;-0,0104574101403379;0,00577982683363049;-0,0105447926603811;0,00496966647485226;-0,564621605913016;0,572331166223015;FALSE;100;"1";"Combined"
"hs_tm_dy_hs_h_None";"e3_bw";0;-0,00221557236494632;-0,00175603796288064;0,00425064129582433;-0,0105466762159607;0,00611553148606802;-0,00896850559320039;0,00732061683201429;-0,521232494288054;0,602204820464611;FALSE;100;"1";"Combined"
"hs_tm_wk_hs_h_None";"e3_bw";0;-0,00191186134375672;-0,00119807901101866;0,00423204505890456;-0,0102065172401603;0,0063827945526469;-0,0093646162845882;0,00693102689624846;-0,451758267491508;0,651443136977458;FALSE;100;"1";"Combined"
"hs_uvdvf_dy_hs_h_None";"e3_bw";0;0,00375016030667202;0,00479336611649813;0,0043268030585781;-0,0047302178563388;0,0122305384696828;-0,00411852957253046;0,0129296725799082;0,866727756244218;0,386091193626093;FALSE;100;"1";"Combined"
"hs_uvdvf_wk_hs_h_None";"e3_bw";0;-0,00512688015771007;-0,0034419640482649;0,00398786150109366;-0,0129429450751875;0,00268918475976734;-0,0109483335290779;0,00372766303069885;-1,28562141797152;0,198575218179699;FALSE;100;"1";"Combined"
"hs_ndvi100_h_None";"e3_bw";0;-0,00791606269286682;-0,00698713295209045;0,00408756686122576;-0,0159275465252687;9,54211395350971e-05;-0,0139016366097527;0,00214006068886385;-1,93661974510014;0,052791842526081;FALSE;100;"1";"Combined"
"hs_ndvi100_s_None";"e3_bw";0;-0,000956837759640036;0,000987050392687036;0,0043867371433552;-0,00955468457026034;0,00764100905098026;-0,00690027826992406;0,00938634323906889;-0,21812060498984;0,827335143438995;FALSE;100;"1";"Combined"
"hs_dde_cadj_Log2";"e3_bw";0;-0,00866098179711661;-0,00779770432228189;0,00332296215821283;-0,0151738679492032;-0,00214809564502998;-0,0151282750896453;-0,00168154188924255;-2,60640398077079;0,00914984740108988;TRUE;100;"1";"Combined"
"hs_ddt_cadj_Log2";"e3_bw";0;-0,00457008179129545;-0,0040752473996479;0,00258069151720699;-0,00962814422022917;0,000487980637638278;-0,00838049020144108;0,000492019827759859;-1,77087488404717;0,0765815097720182;FALSE;100;"1";"Combined"
"hs_hcb_cadj_Log2";"e3_bw";0;-0,00650569770223248;-0,0106133496006236;0,00662389357156102;-0,0194882905399185;0,0064768951354535;-0,0258553252869925;-0,00268749977564188;-0,982156133994061;0,326022934469942;FALSE;100;"1";"Combined"
"hs_pcb118_cadj_Log2";"e3_bw";0;0,000633178685395361;0,00313030781349311;0,00459720756579998;-0,00837718257302764;0,00964353994381836;-0,00489591938668611;0,0122202136003258;0,137731150123777;0,890452899770559;FALSE;100;"1";"Combined"
"hs_pcb138_cadj_Log2";"e3_bw";0;0,00767111940915151;0,00706261565067029;0,00354870821637621;0,000715779113412764;0,0146264597048902;9,03538530908584e-06;0,0142124428601665;2,16166529943252;0,030643984198628;TRUE;100;"1";"Combined"
"hs_pcb153_cadj_Log2";"e3_bw";0;-0,00325930172723569;-0,00199907130358974;0,00395415960594176;-0,0110093121440046;0,00449070868953325;-0,00954784659361538;0,0046826240072354;-0,824271666307567;0,409785214063703;FALSE;100;"1";"Combined"
"hs_pcb170_cadj_Log2";"e3_bw";0;-0,000939391242450349;-0,00278934282656231;0,00356084031553904;-0,00791851001560511;0,00603972753070441;-0,00944441583921203;0,0046774644231338;-0,263811673427468;0,791925039049841;FALSE;100;"1";"Combined"
"hs_pcb180_cadj_Log2";"e3_bw";0;-0,000199400777848224;-0,00100165647322391;0,0047204422147598;-0,00945129750987991;0,00905249595418346;-0,0102106780291214;0,00794938988646164;-0,042241969878318;0,966305805277827;FALSE;100;"1";"Combined"
"hs_sumPCBs5_cadj_Log2";"e3_bw";0;-0,00861774893044587;-0,00922566283513212;0,00451324236147342;-0,0174635414124343;0,000228043551542529;-0,0167724958864483;0,000420090806540907;-1,90943632985676;0,0562058279320433;FALSE;100;"1";"Combined"
"hs_pfhxs_c_Log2";"e3_bw";0;0,0172954766920173;0,0155784752016669;0,0034592643153371;0,010515443220952;0,0240755101630826;0,00838258586159076;0,0216300360756608;4,9997557617484;5,74029814912883e-07;TRUE;100;"1";"Combined"
"hs_pfna_c_Log2";"e3_bw";0;-0,000852960381106781;-0,000314081959535752;0,00251666705253607;-0,00578553716515604;0,00407961640294248;-0,00502775126152005;0,00407363876567231;-0,338924602778602;0,734666529880541;FALSE;100;"1";"Combined"
"hs_pfoa_c_Log2";"e3_bw";0;-0,00483522702586552;-0,00516593092533415;0,00247199831478396;-0,00968025469268578;9,80064095474752e-06;-0,0100154159527;-0,000880814128665164;-1,95599932125686;0,0504652340605182;FALSE;100;"1";"Combined"
"hs_pfos_c_Log2";"e3_bw";0;0,000428929889456519;-0,000358281558843086;0,00460620624657175;-0,00859906845918754;0,00945692823810058;-0,0078367344250442;0,00968196712174337;0,093119992135775;0,925808235016324;FALSE;100;"1";"Combined"
"hs_pfunda_c_Log2";"e3_bw";0;0,00244683266215976;0,000813074570723566;0,00309550829920358;-0,00362025211812409;0,00851391744244361;-0,00622184314658258;0,00547291482520645;0,790446164460062;0,429267250833646;FALSE;100;"1";"Combined"
"hs_hm_pers_None";"e3_bw";0;-0,00231332281138179;-0,00061986769805314;0,00283407777358382;-0,00786801317699154;0,00324136755422796;-0,00667198716692146;0,00469373198182653;-0,816252409494214;0,414355787229276;FALSE;100;"1";"Combined"
"hs_trafload_h_pow1over3";"e3_bw";0;0,000194742594211171;-0,000528490339046432;0,00292917218180386;-0,005546329386641;0,00593581457506334;-0,00654985523408547;0,00454497509600747;0,0664838330163452;0,946992628614163;FALSE;100;"1";"Combined"
"hs_trafnear_h_pow1over3";"e3_bw";0;-0,00456167265499966;-0,00233537141928272;0,00350268862279632;-0,0114268162047386;0,00230347089473933;-0,00799235754112268;0,00443982424009034;-1,30233461955802;0,192802021982093;FALSE;100;"1";"Combined"
"FAS_cat_None_Low";"e3_bw";0;-0,00803084453515117;-0,00898299094537945;0,0124614035743957;-0,0324547467377855;0,0163930576674832;-0,0389875633762522;0,0142915113973004;-0,644457463174696;0,519278832429603;FALSE;100;"1";"Combined"
"FAS_cat_None_Middle";"e3_bw";0;0,0115094080947219;0,00888236696855676;0,00563627081889374;0,000462520282576134;0,0225562959068677;-0,00324159366410889;0,0181621392254764;2,04202538603015;0,0411490132425309;TRUE;100;"1";"Combined"
"hs_globalexp2_None_no exposure";"e3_bw";0;0,0177332915471873;0,0157949095192175;0,00550066583108566;0,0069521846272693;0,0285143984671052;0,00310976128769568;0,0261095334687248;3,22384454750404;0,00126482040076018;TRUE;100;"1";"Combined"
"h_abs_ratio_preg_Log";"hs_asthma";0;-0,150997997835923;-0,150000428421136;0,067441762023927;-0,283181422456741;-0,0188145732151052;-0,262042071930697;-0,00509766529808176;-2,23893909803768;0,025159879080021;TRUE;100;"1";"Combined"
"h_no2_ratio_preg_Log";"hs_asthma";0;-0,107257782843517;-0,113166531797885;0,066915252368134;-0,238409267501468;0,0238937018144345;-0,234363775814767;0,0120068731630479;-1,6028899099631;0,108958961738743;FALSE;100;"1";"Combined"
"h_pm10_ratio_preg_None";"hs_asthma";0;0,0534416873931631;0,0436742478282486;0,0582833363462907;-0,060791552744401;0,167674927530727;-0,0587555184404643;0,157726588531947;0,916929104326476;0,359179791693248;FALSE;100;"1";"Combined"
"h_pm25_ratio_preg_None";"hs_asthma";0;-0,0805249004532954;-0,0800298181854339;0,0614196228198295;-0,200905149124196;0,0398553482176048;-0,200282571081671;0,0381160572362646;-1,31106146140803;0,189836999680981;FALSE;100;"1";"Combined"
"h_accesslines300_preg_dic0";"hs_asthma";0;-0,400384157941729;-0,374594333445601;0,140639299020436;-0,676032118832743;-0,124736197050716;-0,638165280770474;-0,113779384865157;-2,84688675733196;0,00441490643040758;TRUE;100;"1";"Combined"
"h_accesspoints300_preg_Log";"hs_asthma";0;0,0229386639754602;0,0142160688594691;0,070608136987309;-0,115450741535136;0,161328069486056;-0,11702267369937;0,159459042775296;0,324872811466236;0,745277335009884;FALSE;100;"1";"Combined"
"h_builtdens300_preg_Sqrt";"hs_asthma";0;0,035565979187528;0,0318079250440658;0,0759736837204364;-0,113339704677364;0,18447166305242;-0,11635081247868;0,180278900838946;0,468135510164304;0,63968768659949;FALSE;100;"1";"Combined"
"h_connind300_preg_Sqrt";"hs_asthma";0;0,066496956255982;0,064622316106656;0,066993534344306;-0,064807958255905;0,197801870767869;-0,0689789841985317;0,175537606809763;0,992587671434501;0,320910935272032;FALSE;100;"1";"Combined"
"h_fdensity300_preg_Log";"hs_asthma";0;0,056483979422488;0,0556869253138745;0,0637821078726822;-0,0685266548660178;0,181494613710994;-0,063286838415849;0,17744576250525;0,88557718310655;0,375845411299041;FALSE;100;"1";"Combined"
"h_frichness300_preg_None";"hs_asthma";0;-0,0150924004973907;-0,0132390388830101;0,0664990609918164;-0,145428165047083;0,115243364052302;-0,130285392266026;0,119275268075143;-0,226956595661525;0,820457493115443;FALSE;100;"1";"Combined"
"h_landuseshan300_preg_None";"hs_asthma";0;-0,175498979698815;-0,173581596936592;0,0806372909949905;-0,333545165859872;-0,0174527935377576;-0,323614351317204;-0,0167864725983932;-2,17639974673402;0,0295253827229719;TRUE;100;"1";"Combined"
"h_popdens_preg_Sqrt";"hs_asthma";0;-0,101326845307955;-0,0949222422619665;0,0684336006290239;-0,23545423787324;0,0328005472573291;-0,231268493045794;0,029241856582355;-1,48065927229585;0,13869739208767;FALSE;100;"1";"Combined"
"h_walkability_mean_preg_None";"hs_asthma";0;0,0675151384983238;0,0606128643855692;0,0750861421057543;-0,079650995767011;0,214681272763659;-0,0911433157343674;0,179947540173761;0,899169095719858;0,368562598765069;FALSE;100;"1";"Combined"
"hs_as_m_Log2";"hs_asthma";0;0,058585830414633;0,056068467503518;0,0697757906272905;-0,0781722062076639;0,19534386703693;-0,0940097374653887;0,199177503757871;0,839629761095377;0,401116007170451;FALSE;100;"1";"Combined"
"hs_cd_m_Log2";"hs_asthma";0;-0,298223650391297;-0,288084385154393;0,0603931543452037;-0,416592057820664;-0,179855242961929;-0,40238400470963;-0,171564212648764;-4,93803732599671;7,89127410122519e-07;TRUE;100;"1";"Combined"
"hs_co_m_Log2";"hs_asthma";0;0,0690826048078507;0,0677721192905957;0,0849904245325998;-0,0974955663068144;0,235660775922516;-0,105719823094604;0,201318699315869;0,812828094314938;0,416316625509923;FALSE;100;"1";"Combined"
"hs_cs_m_Log2";"hs_asthma";0;-0,101798123530156;-0,0962035205275828;0,0811448861960801;-0,260839178004074;0,0572429309437622;-0,241950776126869;0,0474498009114617;-1,25452296875701;0,209651982561779;FALSE;100;"1";"Combined"
"hs_cu_m_Log2";"hs_asthma";0;-0,0894701586102864;-0,101394739121343;0,0686868336259848;-0,224093878729311;0,0451535615087386;-0,232729204357255;0,00920308129403269;-1,30258091525184;0,192717876826297;FALSE;100;"1";"Combined"
"hs_hg_m_Log2";"hs_asthma";0;-0,0700894569043393;-0,0627418172564322;0,0745210197299254;-0,216147971666192;0,0759690578575131;-0,199484728938329;0,0773362658044327;-0,940532713566634;0,346944377618206;FALSE;100;"1";"Combined"
"hs_mn_m_Log2";"hs_asthma";0;-0,00437404894017956;0,00293668358307308;0,0674530188537241;-0,13657953654198;0,127831438661621;-0,125289507045906;0,124637721111285;-0,0648458588586665;0,948296728171974;FALSE;100;"1";"Combined"
"hs_mo_m_Log2";"hs_asthma";0;0,144536960659915;0,141566759911656;0,0800623386865162;-0,0123823396837051;0,301456261003534;-0,0197197085533393;0,293774149008805;1,80530525377042;0,0710269279717349;FALSE;100;"1";"Combined"
"hs_pb_m_Log2";"hs_asthma";0;0,0629244437295942;0,0540470262647822;0,0887525695981165;-0,111027396218099;0,236876283677287;-0,11322802709183;0,220429876947514;0,708987289207789;0,478332364694815;FALSE;100;"1";"Combined"
"h_humidity_preg_None";"hs_asthma";0;-0,0724424309460649;-0,0693872747146188;0,0689630274592838;-0,207607481031108;0,062722619138978;-0,188704051321971;0,0484827015783847;-1,05045317201069;0,293509810017431;FALSE;100;"1";"Combined"
"h_pressure_preg_None";"hs_asthma";0;-0,0260491187573639;-0,0251103626308602;0,0596211961901818;-0,142904516005317;0,0908062784905891;-0,144519832588775;0,082612764334782;-0,436910367820724;0,662176352644619;FALSE;100;"1";"Combined"
"h_temperature_preg_None";"hs_asthma";0;0,0257036728125849;0,0183235913962998;0,0686478795154894;-0,108843698652819;0,160251044277989;-0,127804599675191;0,150043672200489;0,374427775395236;0,708086081563055;FALSE;100;"1";"Combined"
"h_ndvi100_preg_None";"hs_asthma";0;0,207317948196204;0,196949999383847;0,0685451690179184;0,0729718856068737;0,341664010785535;0,0756098539289072;0,337268265598843;3,02454499954635;0,00249007425594538;TRUE;100;"1";"Combined"
"hs_dde_madj_Log2";"hs_asthma";0;-0,0775779952243656;-0,0838820308237865;0,0568608960950732;-0,189023303699383;0,033867313250652;-0,195723438832239;0,0166498997096954;-1,36434703903809;0,172458367835217;FALSE;100;"1";"Combined"
"hs_ddt_madj_Log2";"hs_asthma";0;-0,0555388850257708;-0,0525923452223167;0,0792337650139767;-0,210834210812675;0,0997564407611333;-0,210000615773865;0,0803021610794315;-0,700949715263106;0,483334396986803;FALSE;100;"1";"Combined"
"hs_hcb_madj_Log2";"hs_asthma";0;0,0366319366103109;0,0365742840881281;0,0624635144474382;-0,0857943020544654;0,159058175275087;-0,0830828303418522;0,154874498792838;0,586453338950947;0,557570909228829;FALSE;100;"1";"Combined"
"hs_pcb118_madj_Log2";"hs_asthma";0;0,104874049656965;0,0943299993905561;0,0862893057646043;-0,0642498818926244;0,273997981206553;-0,0520478167487022;0,236240944116512;1,21537714004861;0,224222282728484;FALSE;100;"1";"Combined"
"hs_pcb138_madj_Log2";"hs_asthma";0;0,00485640754669506;0,00266458513971877;0,0489002998308354;-0,0909864189549524;0,100699234048342;-0,0863221848704629;0,0892184581395952;0,0993124288295819;0,920890210424793;FALSE;100;"1";"Combined"
"hs_pcb153_madj_Log2";"hs_asthma";0;0,114270239122512;0,0988281076412702;0,0487412502076916;0,0187391441539813;0,209801334091043;0,0170011885239694;0,186859368452999;2,34442568944364;0,0190564075153607;TRUE;100;"1";"Combined"
"hs_pcb170_madj_Log2";"hs_asthma";0;-0,118460794802125;-0,119567529851518;0,0545992080472294;-0,225473276159104;-0,0114483134451458;-0,246471824848775;-0,0269414005715927;-2,1696430962818;0,0300338939170282;TRUE;100;"1";"Combined"
"hs_pcb180_madj_Log2";"hs_asthma";0;-0,0338596540885629;-0,0350456082152986;0,0759357499002179;-0,182690989032031;0,114971680854905;-0,180223552464725;0,103508808228996;-0,445898725344197;0,655670403043552;FALSE;100;"1";"Combined"
"hs_sumPCBs5_madj_Log2";"hs_asthma";0;-0,0779145883434143;-0,0759383139839918;0,0673033454698432;-0,209826721503364;0,0539975448165354;-0,216238534686051;0,0413630582400613;-1,15766293338755;0,247001615974492;FALSE;100;"1";"Combined"
"hs_pfhxs_m_Log2";"hs_asthma";0;0,0987614155096473;0,0981532913395524;0,0594284928751094;-0,0177162901810623;0,215239121200357;-0,019392502076699;0,206189582408328;1,6618529384078;0,0965422647513657;FALSE;100;"1";"Combined"
"hs_pfna_m_Log2";"hs_asthma";0;0,0949269875047431;0,0952680062444012;0,0587141289794074;-0,0201505906785348;0,210004565688021;-0,0181308495050055;0,206332568226426;1,61676566023889;0,10592887453761;FALSE;100;"1";"Combined"
"hs_pfoa_m_Log2";"hs_asthma";0;-0,047719829335316;-0,0437306423964037;0,0615069488002277;-0,168271233782711;0,0728315751120793;-0,149295705611937;0,087692260763901;-0,775844522710893;0,437840792140149;FALSE;100;"1";"Combined"
"hs_pfos_m_Log2";"hs_asthma";0;-0,0383175264127289;-0,032045164112454;0,0681705279321382;-0,171929305966801;0,0952942531413437;-0,160475144872873;0,109338798075354;-0,562083462972047;0,574059154892093;FALSE;100;"1";"Combined"
"hs_pfunda_m_Log2";"hs_asthma";0;-0,0178115811338917;-0,0249651135380147;0,0585312490972663;-0,132530721334676;0,0969075590668927;-0,142003384489733;0,0715608058985216;-0,304308918886947;0,760892550888583;FALSE;100;"1";"Combined"
"e3_asmokcigd_p_None";"hs_asthma";0;0,0917498165865378;0,0775346773904585;0,0745044812876349;-0,0542762834240649;0,23777591659714;-0,109505201190399;0,191309327735042;1,23146708762826;0,218148218903402;FALSE;100;"1";"Combined"
"h_distinvnear1_preg_Log";"hs_asthma";0;0,0863292448615422;0,0875241773447134;0,0649616039058126;-0,0409931591718069;0,213651648894891;-0,0343365208659527;0,223200826107657;1,32892723810684;0,183871976479181;FALSE;100;"1";"Combined"
"h_trafload_preg_pow1over3";"hs_asthma";0;-0,0392439546264186;-0,035132367294444;0,0713513385726714;-0,179090008477578;0,100602099224741;-0,162528252723714;0,116994686022638;-0,550010068647116;0,582312467634501;FALSE;100;"1";"Combined"
"h_trafnear_preg_pow1over3";"hs_asthma";0;-0,0584801871997296;-0,0645984682810576;0,0727894421705998;-0,201144872308866;0,084184497909407;-0,213548873747155;0,06504575501409;-0,803415790200274;0,421734451421377;FALSE;100;"1";"Combined"
"h_bro_preg_Log";"hs_asthma";0;0,0779329541743613;0,0673156648873036;0,0699090279281968;-0,0590862227591092;0,214952131107832;-0,0901565529725804;0,186113629212563;1,11477668169562;0,264946131341669;FALSE;100;"1";"Combined"
"h_clf_preg_Log";"hs_asthma";0;-0,0244970248017121;-0,013605745446171;0,0767665172780492;-0,17495663388526;0,125962584281836;-0,154015791448314;0,118122951547784;-0,319110800780288;0,749642493670632;FALSE;100;"1";"Combined"
"h_thm_preg_Log";"hs_asthma";0;0,130163294886631;0,122259936510355;0,0685526592477078;-0,00419744828332255;0,264524038056586;-0,00695541838363786;0,237953752225359;1,89873443736588;0,0575994012721347;FALSE;100;"1";"Combined"
"e3_alcpreg_yn_None_1";"hs_asthma";0;-0,167418411982041;-0,165902400009428;0,151435496219005;-0,464226530552242;0,129389706588159;-0,451234162696475;0,084251187051118;-1,10554273048323;0,268924489564152;FALSE;100;"1";"Combined"
"h_pamod_t3_None_Often";"hs_asthma";0;-0,0953457296835098;-0,0883805512814772;0,127676824579704;-0,345587707520168;0,154896248153148;-0,305048039669115;0,174849394230256;-0,746773974034645;0,455200008132821;FALSE;100;"1";"Combined"
"h_pamod_t3_None_Sometimes";"hs_asthma";0;0,259922177533763;0,251027944303472;0,191786740302699;-0,115972926171864;0,63581728123939;-0,0842632100259459;0,68385652992272;1,35526667340779;0,175332608953961;FALSE;100;"1";"Combined"
"h_pamod_t3_None_Very Often";"hs_asthma";0;-0,200930100508621;-0,20479394646471;0,116202878979058;-0,42868355820744;0,0268233571901982;-0,438039841897437;0,00104446996486399;-1,72913186208436;0,0837854978163713;FALSE;100;"1";"Combined"
"h_pavig_t3_None_Low";"hs_asthma";0;-0,431594004650726;-0,424215989646925;0,143825871365159;-0,713487532571528;-0,149700476729923;-0,739256228250528;-0,180591267629839;-3,00080924630697;0,0026926318500602;TRUE;100;"1";"Combined"
"h_pavig_t3_None_Medium";"hs_asthma";0;-0,11427921961701;-0,0867344541151061;0,129153565030947;-0,367415555552618;0,138857116318597;-0,342351315577586;0,138504255831008;-0,884832095727498;0,376247196055828;FALSE;100;"1";"Combined"
"hs_no2_dy_hs_h_Log";"hs_asthma";0;0,0155954164294286;0,0158287921557298;0,0625079487846182;-0,106917911935897;0,138108744794755;-0,102409627224269;0,162589846396045;0,249494931967216;0,802977960687922;FALSE;100;"1";"Combined"
"hs_no2_wk_hs_h_Log";"hs_asthma";0;0,168848006548787;0,159454611624383;0,0529522801305799;0,0650634445935749;0,272632568504;0,0595293615970105;0,254392498921489;3,18868245394551;0,00142922783744241;TRUE;100;"1";"Combined"
"hs_no2_yr_hs_h_Log";"hs_asthma";0;0,0508021157178671;0,0563752041946854;0,0488842785898314;-0,0450093097284248;0,146613541164159;-0,04280791084551;0,150097607888981;1,03923218636665;0,298696764705038;FALSE;100;"1";"Combined"
"hs_pm10_dy_hs_h_None";"hs_asthma";0;-0,0716041382015855;-0,0758621492907318;0,0601765919706526;-0,189548091176427;0,0463398147732559;-0,18872066662343;0,0549341715573686;-1,18990018970343;0,234085623914521;FALSE;100;"1";"Combined"
"hs_pm10_wk_hs_h_None";"hs_asthma";0;-0,0677091731301922;-0,0732859209704434;0,0586328681263581;-0,182627482968141;0,0472091367077562;-0,196269921754286;0,0294675052164448;-1,15479892582219;0,248172777100208;FALSE;100;"1";"Combined"
"hs_pm10_yr_hs_h_None";"hs_asthma";0;-0,0429752878015583;-0,0388657750701031;0,0444407931518252;-0,13007764182353;0,0441270662204134;-0,116666810423558;0,0476172060374389;-0,96702342045831;0,333532325776047;FALSE;100;"1";"Combined"
"hs_pm25_dy_hs_h_None";"hs_asthma";0;-0,0722369380222359;-0,0720291551363137;0,0702939102303024;-0,21001047040612;0,0655365943616484;-0,19549651045375;0,0510907490566456;-1,0276414811122;0,304118504118834;FALSE;100;"1";"Combined"
"hs_pm25_wk_hs_h_None";"hs_asthma";0;-0,00817049107370761;-0,00938552333402081;0,0624069550186055;-0,130485875294986;0,11414489314757;-0,117631721346678;0,122741340900108;-0,130922764478282;0,895836406232809;FALSE;100;"1";"Combined"
"hs_pm25_yr_hs_h_None";"hs_asthma";0;0,010365261523164;0,00712992500240738;0,0562526621826294;-0,0998879303892879;0,120618453435616;-0,0978170366179269;0,138003584008405;0,184262595244155;0,85380745612524;FALSE;100;"1";"Combined"
"hs_pm25abs_dy_hs_h_Log";"hs_asthma";0;0,0955774761957325;0,0860646485707416;0,0846401535583406;-0,0703141764245548;0,26146912881602;-0,0872423303116049;0,270937484737962;1,12922144133225;0,258804430923967;FALSE;100;"1";"Combined"
"hs_pm25abs_wk_hs_h_Log";"hs_asthma";0;-0,117336066571134;-0,10519863697454;0,0734628070298321;-0,261320522552821;0,0266483894105522;-0,260291775260766;0,0168688527422244;-1,59721730376415;0,110217276866571;FALSE;100;"1";"Combined"
"hs_pm25abs_yr_hs_h_Log";"hs_asthma";0;-0,131069403087901;-0,119936790243396;0,0724426397150934;-0,273054367874495;0,0109155616986935;-0,2659644073429;0,00136453190848097;-1,8092852994228;0,0704066916289456;FALSE;100;"1";"Combined"
"hs_accesslines300_h_dic0";"hs_asthma";0;0,0330190267914424;0,023998299099282;0,179396923690618;-0,318592482579449;0,384630536162334;-0,333143790482775;0,340391716179389;0,184055702361908;0,853969757108347;FALSE;100;"1";"Combined"
"hs_accesspoints300_h_Log";"hs_asthma";0;-0,305301256110028;-0,289646790406647;0,0634273743838372;-0,429616625536287;-0,180985886683768;-0,41772945977846;-0,174563369369655;-4,81339893186286;1,48384660836835e-06;TRUE;100;"1";"Combined"
"hs_builtdens300_h_Sqrt";"hs_asthma";0;-0,0431885066741835;-0,0370474130330228;0,0712313301824432;-0,182799348402653;0,0964223350542859;-0,166742249373193;0,0855792834193073;-0,606313353457893;0,544306693007041;FALSE;100;"1";"Combined"
"hs_connind300_h_Log";"hs_asthma";0;0,025880506122988;0,0276477829050559;0,0708062902402604;-0,112897272626812;0,164658284872788;-0,116730203785109;0,174618692192523;0,365511397859852;0,714729700255868;FALSE;100;"1";"Combined"
"hs_fdensity300_h_Log";"hs_asthma";0;0,0330377336039532;0,0384536131448306;0,0770402350386114;-0,117958352432226;0,184033819640132;-0,105250149225628;0,192798506010449;0,428837393699476;0,668041563876652;FALSE;100;"1";"Combined"
"hs_landuseshan300_h_None";"hs_asthma";0;0,104925501139613;0,106619438608471;0,0661069397491917;-0,0246417198969622;0,234492722176188;-0,0151391060424903;0,243780919342779;1,58720856747715;0,112465415003678;FALSE;100;"1";"Combined"
"hs_popdens_h_Sqrt";"hs_asthma";0;0,0856963852609785;0,077714342838561;0,0672453085454095;-0,0461019976173076;0,217494768139265;-0,0542924556760563;0,194192931206982;1,27438459447486;0,202527149319255;FALSE;100;"1";"Combined"
"hs_walkability_mean_h_None";"hs_asthma";0;0,123331898074358;0,119659287567805;0,0855921873422608;-0,0444257064744782;0,291089502623194;-0,0452472394055166;0,306311824719526;1,44092471408852;0,149605953168098;FALSE;100;"1";"Combined"
"hs_accesslines300_s_dic0";"hs_asthma";0;-0,230437519591106;-0,223786270249467;0,166892733847424;-0,557541267213486;0,0966662280312737;-0,574363053760956;0,049554729978201;-1,38075226092093;0,167355146474251;FALSE;100;"1";"Combined"
"hs_accesspoints300_s_Log";"hs_asthma";0;-0,024270657405179;-0,022585598525756;0,0628839035227577;-0,147520843517076;0,0989795287067176;-0,140853269962006;0,0997162878654241;-0,385959777391927;0,699526458056506;FALSE;100;"1";"Combined"
"hs_builtdens300_s_Sqrt";"hs_asthma";0;-0,0829799428420473;-0,079956239237215;0,0782619413639691;-0,236370529275612;0,0704106435915175;-0,223543222882601;0,0805658092562149;-1,06028474883004;0,289015075454468;FALSE;100;"1";"Combined"
"hs_connind300_s_Log";"hs_asthma";0;0,0243465007566269;0,0262851410699064;0,0776070097136371;-0,127760443229952;0,176453444743206;-0,0865022108643051;0,18803288629926;0,31371522812776;0,753737333881736;FALSE;100;"1";"Combined"
"hs_fdensity300_s_Log";"hs_asthma";0;-0,0339192995157865;-0,0356880648689619;0,0707596607472197;-0,17260568613861;0,104767087107037;-0,166941065896693;0,0786962229012263;-0,479359272749471;0,631683061826864;FALSE;100;"1";"Combined"
"hs_landuseshan300_s_None";"hs_asthma";0;-0,1003557143995;-0,0965113977877877;0,0779226997754552;-0,253081399537519;0,0523699707385198;-0,240204168982583;0,0474359716531462;-1,28788805686518;0,197784933479754;FALSE;100;"1";"Combined"
"hs_popdens_s_Sqrt";"hs_asthma";0;0,00109269478327376;0,0116746340070041;0,0749020296324424;-0,145712585665265;0,147897975231813;-0,136767193608897;0,176094689861883;0,0145883200847268;0,988360617484929;FALSE;100;"1";"Combined"
"h_Absorbance_Log";"hs_asthma";0;0,0706406240730421;0,0694341431959846;0,0674674200160309;-0,0615930892882151;0,202874337434299;-0,043921791828023;0,210014426935903;1,04703313178801;0,295084297653181;FALSE;100;"1";"Combined"
"h_Benzene_Log";"hs_asthma";0;0,148919550869014;0,143638125088019;0,0707613268841221;0,0102298986778684;0,287609203060159;0,0271681922223221;0,29086500840458;2,10453304688425;0,0353319750427476;TRUE;100;"1";"Combined"
"h_NO2_Log";"hs_asthma";0;-0,0530591865362442;-0,0473480823906294;0,0881205436415855;-0,225772278371842;0,119653905299353;-0,217750627836759;0,123944254438419;-0,602120508380576;0,547093924068799;FALSE;100;"1";"Combined"
"h_PM_Log";"hs_asthma";0;0,0802373922695667;0,0859208814187927;0,0691619024568045;-0,0553174456480424;0,215792230187176;-0,0678579467334181;0,211087452059212;1,16013859392719;0,245992383122187;FALSE;100;"1";"Combined"
"h_TEX_Log";"hs_asthma";0;-0,0544565835190358;-0,0400987877930494;0,0754067260628298;-0,20225105079426;0,0933378837561885;-0,171878114195454;0,109122882294511;-0,722171434331493;0,470189083593144;FALSE;100;"1";"Combined"
"hs_KIDMED_None";"hs_asthma";0;-0,165223407704874;-0,165558456580464;0,0649121569992037;-0,292448897582122;-0,0379979178276246;-0,298004140073276;-0,0368839479118406;-2,54533842877691;0,0109171873292247;TRUE;100;"1";"Combined"
"hs_mvpa_prd_alt_None";"hs_asthma";0;0,132825928292325;0,12853894351638;0,0768426382961253;-0,017782875245119;0,283434731829769;-0,00656767650227592;0,261857345379604;1,72854461061656;0,0838906302654659;FALSE;100;"1";"Combined"
"hs_sd_wk_None";"hs_asthma";0;-0,0537039896477424;-0,0564167432949272;0,0723729474594324;-0,195552360123239;0,0881443808277546;-0,18891894346976;0,0846575789715756;-0,742045080834181;0,458060022473676;FALSE;100;"1";"Combined"
"hs_dif_hours_total_None";"hs_asthma";0;-0,149177443695307;-0,14678769037247;0,0683286451722242;-0,283099127345283;-0,015255760045331;-0,274983208144097;-0,0249708979912866;-2,18323432755474;0,0290185580098481;TRUE;100;"1";"Combined"
"hs_as_c_Log2";"hs_asthma";0;-0,023756476076401;-0,0143824958631839;0,0672917994849122;-0,15564597952172;0,108133027368918;-0,118060555918294;0,119334250668948;-0,353036718563717;0,724060913183581;FALSE;100;"1";"Combined"
"hs_cd_c_Log2";"hs_asthma";0;0,0689533287890758;0,0728294022168821;0,0916613318937069;-0,110699580497562;0,248606238075714;-0,0919510775496902;0,238653621806402;0,752261912024538;0,451893568022982;FALSE;100;"1";"Combined"
"hs_co_c_Log2";"hs_asthma";0;-0,137846539746544;-0,136980162352972;0,0764847337563563;-0,287753863276137;0,012060783783049;-0,251988188250255;0,0238025029125731;-1,80227521201365;0,0715021164809786;FALSE;100;"1";"Combined"
"hs_cs_c_Log2";"hs_asthma";0;-0,0540520215121685;-0,0609738635714905;0,076087980890011;-0,203181723712962;0,095077680688625;-0,20429087512;0,06178379622923;-0,71038843296819;0,477463294124648;FALSE;100;"1";"Combined"
"hs_cu_c_Log2";"hs_asthma";0;-0,0424713973647202;-0,052341848647522;0,0846932360475667;-0,2084670897521;0,12352429502266;-0,221295898370124;0,111586322726646;-0,501473309401789;0,616038057524976;FALSE;100;"1";"Combined"
"hs_hg_c_Log2";"hs_asthma";0;0,00425004095088526;0,00463477080371809;0,0711093254211042;-0,135121675839417;0,143621757741188;-0,130232383761518;0,155136304477467;0,0597677017144633;0,952340649870106;FALSE;100;"1";"Combined"
"hs_mn_c_Log2";"hs_asthma";0;0,0906323633896523;0,0846555461881353;0,0745555761143278;-0,0554938806410648;0,23675860742037;-0,0670495095652133;0,220827432521352;1,21563494125069;0,22412401752962;FALSE;100;"1";"Combined"
"hs_mo_c_Log2";"hs_asthma";0;0,0868561381325092;0,0881638077030846;0,073022314119262;-0,056264967609015;0,229977243874033;-0,0647185503588061;0,226508365471333;1,18944652987378;0,234264000139413;FALSE;100;"1";"Combined"
"hs_pb_c_Log2";"hs_asthma";0;-0,0665946705815821;-0,066473826777821;0,0654067040576016;-0,194789454881951;0,0616001137187869;-0,209013469111264;0,0562207682964035;-1,01816276391078;0,308600611957448;FALSE;100;"1";"Combined"
"hs_hum_mt_hs_h_None";"hs_asthma";0;-0,118539891106063;-0,112392598379184;0,0745598678129657;-0,264674546711543;0,027594764499417;-0,281724946420663;0,0234457424197707;-1,58986187319191;0,111865943402669;FALSE;100;"1";"Combined"
"hs_tm_mt_hs_h_None";"hs_asthma";0;-0,00932398024859752;-0,00958037919140261;0,0528641061146007;-0,112935724308119;0,0942877638109235;-0,0997692954845588;0,0976211715823739;-0,176376390974713;0,85999825116848;FALSE;100;"1";"Combined"
"hs_uvdvf_mt_hs_h_None";"hs_asthma";0;0,0109403126403639;0,00654269267672931;0,0606200100409925;-0,107872723782438;0,129753349063166;-0,0979160641377574;0,109155381330232;0,18047361973325;0,856780762748165;FALSE;100;"1";"Combined"
"hs_hum_dy_hs_h_None";"hs_asthma";0;0,0400213096484575;0,0419801987988231;0,0724772262080519;-0,102031443418687;0,182074062715602;-0,0957981716529722;0,18562255123807;0,552191519216988;0,580817144209402;FALSE;100;"1";"Combined"
"hs_hum_wk_hs_h_None";"hs_asthma";0;0,15734725378506;0,155419059435408;0,0580193669510492;0,04363138415519;0,27106312341493;0,0489497972099625;0,261697228928597;2,71197812133685;0,00668830071875551;TRUE;100;"1";"Combined"
"hs_tm_dy_hs_h_None";"hs_asthma";0;0,0601108962369077;0,06543456617894;0,0647378623656771;-0,0667729824359305;0,186994774909746;-0,060173100137412;0,179921105379939;0,928527665886871;0,353133923682856;FALSE;100;"1";"Combined"
"hs_tm_wk_hs_h_None";"hs_asthma";0;0,0573426640107553;0,0514179107197045;0,0485830753853456;-0,0378784140027164;0,152563742024227;-0,0354511453831353;0,146552015537523;1,18030123774445;0,237880426048504;FALSE;100;"1";"Combined"
"hs_uvdvf_dy_hs_h_None";"hs_asthma";0;-0,0696033732757491;-0,0673919010800102;0,0522692189530531;-0,172049159923772;0,0328424133722732;-0,162600707839471;0,0300685079618532;-1,33163216650062;0,182981089512766;FALSE;100;"1";"Combined"
"hs_uvdvf_wk_hs_h_None";"hs_asthma";0;-0,00734679023633666;-0,00586122470693477;0,0572020634428821;-0,119460774425761;0,104767193953087;-0,112272611198141;0,099150369768233;-0,128435755533061;0,897804136638643;FALSE;100;"1";"Combined"
"hs_ndvi100_h_None";"hs_asthma";0;-0,156997997833753;-0,143624379215016;0,0743710827394457;-0,302762641494315;-0,0112333541731905;-0,284911247883009;0,0272467607869216;-2,11100863468379;0,0347715696899575;TRUE;100;"1";"Combined"
"hs_ndvi100_s_None";"hs_asthma";0;-0,00938772152084097;-0,00951164530487227;0,0704217388982077;-0,147411793490011;0,128636350448329;-0,142788528479479;0,121480146128512;-0,133307152985964;0,893950470827602;FALSE;100;"1";"Combined"
"hs_dde_cadj_Log2";"hs_asthma";0;0,160985845023564;0,160379595788762;0,0932025980848363;-0,0216878904882768;0,343659580535405;-0,0177138296859724;0,321120871151105;1,72726778364085;0,0841195822308177;FALSE;100;"1";"Combined"
"hs_ddt_cadj_Log2";"hs_asthma";0;-0,0297133441309454;-0,0219529757772254;0,0769802720350657;-0,18059190483977;0,121165216577879;-0,158313466791944;0,136593985268926;-0,385986478683921;0,699506682770569;FALSE;100;"1";"Combined"
"hs_hcb_cadj_Log2";"hs_asthma";0;0,0729169982059023;0,0668954494207406;0,0589772468910457;-0,0426762816078742;0,188510278019679;-0,0153216798101826;0,187282177323831;1,23635812198234;0,216325475345319;FALSE;100;"1";"Combined"
"hs_pcb118_cadj_Log2";"hs_asthma";0;-0,0178278902237362;-0,00759081056652459;0,058429235918485;-0,132347088268161;0,0966913078206885;-0,115626718637958;0,114419320396281;-0,305119345538044;0,760275257690767;FALSE;100;"1";"Combined"
"hs_pcb138_cadj_Log2";"hs_asthma";0;-0,0312033242326533;0,00189833059831031;0,114709366812978;-0,256029551875485;0,193622903410178;-0,178111634397896;0,206485172329344;-0,272020717222919;0,78560608974187;FALSE;100;"1";"Combined"
"hs_pcb153_cadj_Log2";"hs_asthma";0;-0,0495697086771171;-0,0547197093887855;0,0589999466200239;-0,16520747914215;0,0660680617879155;-0,15981986630017;0,0663170887652802;-0,840165313985109;0,400815703451489;FALSE;100;"1";"Combined"
"hs_pcb170_cadj_Log2";"hs_asthma";0;0,165343461704852;0,155900088354444;0,0562189647509188;0,0551563155449244;0,27553060786478;0,0424511973733455;0,271595122648533;2,94106201416933;0,00327089043010885;TRUE;100;"1";"Combined"
"hs_pcb180_cadj_Log2";"hs_asthma";0;-0,174869660139491;-0,167035231991909;0,0802990872008989;-0,332252979044694;-0,0174863412342882;-0,289489025719997;-0,00381196600580383;-2,17772911542553;0,0294262099416634;TRUE;100;"1";"Combined"
"hs_sumPCBs5_cadj_Log2";"hs_asthma";0;0,0230417066023857;0,0142598837733501;0,0509960724704535;-0,0769087587926976;0,122992171997469;-0,073900975577843;0,116658962455557;0,451832964503997;0,651389319993422;FALSE;100;"1";"Combined"
"hs_pfhxs_c_Log2";"hs_asthma";0;-0,0160540765893039;-0,00912405569584013;0,0572560780789661;-0,128273927520091;0,0961657743414829;-0,114642662452713;0,0872468121600205;-0,280390783440712;0,779177707324711;FALSE;100;"1";"Combined"
"hs_pfna_c_Log2";"hs_asthma";0;0,0117967815391039;0,00878130039850847;0,0649637766540942;-0,115529881002625;0,139123444080832;-0,111351803264142;0,136851810108897;0,181590143718352;0,85590438441974;FALSE;100;"1";"Combined"
"hs_pfoa_c_Log2";"hs_asthma";0;-0,0245409165993975;-0,0342455527261873;0,0767225690229104;-0,17491438868569;0,125832555486895;-0,160153622806609;0,118742092008866;-0,319865678534164;0,749070156613165;FALSE;100;"1";"Combined"
"hs_pfos_c_Log2";"hs_asthma";0;0,0461166802734566;0,0494188496691411;0,0733843856674871;-0,0977140726624156;0,189947433209329;-0,0994726571221991;0,18574976924665;0,628426331487142;0,529724692083029;FALSE;100;"1";"Combined"
"hs_pfunda_c_Log2";"hs_asthma";0;0,0850876758804355;0,0879791627526912;0,0630733569905689;-0,0385338322051171;0,208709183965988;-0,0304948042503354;0,212301434790543;1,34902722702961;0,177328220934485;FALSE;100;"1";"Combined"
"hs_hm_pers_None";"hs_asthma";0;0,00214945565038431;0,00177754113410741;0,0780075605364186;-0,150742553522824;0,155041464823593;-0,169147453888704;0,168771021097601;0,0275544528710241;0,978017509201263;FALSE;100;"1";"Combined"
"hs_trafload_h_pow1over3";"hs_asthma";0;0,00438792619210124;0,0110950373189159;0,0698011021858215;-0,132419720173309;0,141195572557511;-0,11293836455723;0,141947488976963;0,0628632794424921;0,949875375744242;FALSE;100;"1";"Combined"
"hs_trafnear_h_pow1over3";"hs_asthma";0;0,0411351901245983;0,0410035171681061;0,0749564253634172;-0,105776703997564;0,188047084246761;-0,0984788782275065;0,179932189686688;0,548788044856185;0,583150915623338;FALSE;100;"1";"Combined"
"FAS_cat_None_Low";"hs_asthma";0;0,117397424734508;0,0936501331610296;0,296706922757509;-0,464137457833917;0,698932307302933;-0,518140919959553;0,578376760007749;0,395667966367114;0,692349990110549;FALSE;100;"1";"Combined"
"FAS_cat_None_Middle";"hs_asthma";0;-0,131307783739732;-0,130102959160971;0,1514663752764;-0,428176424150303;0,165560856670839;-0,440973985755405;0,17205760719481;-0,866910451247798;0,385991076668046;FALSE;100;"1";"Combined"
"hs_globalexp2_None_no exposure";"hs_asthma";0;0,00109453109104205;-0,0203778972689474;0,153515366798587;-0,299790058907644;0,301979121089728;-0,292449136548982;0,248076587547936;0,00712978194865716;0,994311305257636;FALSE;100;"1";"Combined"
"h_abs_ratio_preg_Log";"hs_zbmi_who";0;-0,00927013097912831;-0,00745301774419426;0,0067683713759444;-0,0225358951099711;0,00399563315171452;-0,019496763322275;0,00368744941252975;-1,36962504925121;0,170803976105613;FALSE;100;"1";"Combined"
"h_no2_ratio_preg_Log";"hs_zbmi_who";0;0,00122056240736833;-0,000222160130249817;0,00494712357170958;-0,00847562162025159;0,0109167464349883;-0,00988639304203063;0,00835189967296259;0,24672163322303;0,805123663136683;FALSE;100;"1";"Combined"
"h_pm10_ratio_preg_None";"hs_zbmi_who";0;-0,0131829947464023;-0,0124268483945702;0,00599842777568105;-0,0249396971506019;-0,00142629234220273;-0,0262799542354522;-0,00232334272777501;-2,19774168155347;0,0279675194302055;TRUE;100;"1";"Combined"
"h_pm25_ratio_preg_None";"hs_zbmi_who";0;0,00310185973318955;0,00363661391554649;0,00481084485726782;-0,0063272229222651;0,0125309423886442;-0,00467167788526306;0,0131479066207884;0,644764033182971;0,519080113129241;FALSE;100;"1";"Combined"
"h_accesslines300_preg_dic0";"hs_zbmi_who";0;0,0141915576500843;0,0136836502122978;0,0122765356282623;-0,00987001003623262;0,0382531253364012;-0,010805002161185;0,0374301286510775;1,15599042594829;0,247685073111637;FALSE;100;"1";"Combined"
"h_accesspoints300_preg_Log";"hs_zbmi_who";0;-0,00189310009773277;-0,00027801535404555;0,00496767180329853;-0,011629557919213;0,00784335772374749;-0,00946313829610848;0,00882176357879352;-0,381083971061807;0,703140940876299;FALSE;100;"1";"Combined"
"h_builtdens300_preg_Sqrt";"hs_zbmi_who";0;0,000119810311720711;-0,000428760469714482;0,00522668810105091;-0,0101243101247631;0,0103639307482045;-0,00979169387626861;0,00906053368810077;0,0229227972674744;0,981711855582266;FALSE;100;"1";"Combined"
"h_connind300_preg_Sqrt";"hs_zbmi_who";0;-0,00781247822184065;-0,00635967813990597;0,00506264009955858;-0,0177350704836637;0,00211011403998244;-0,016784154130742;0,00251079807551787;-1,54316286921558;0,122791263856008;FALSE;100;"1";"Combined"
"h_fdensity300_preg_Log";"hs_zbmi_who";0;-0,0117282296641597;-0,0120678477396487;0,00638102556383407;-0,0242348099537038;0,000778350625384479;-0,0249400629008077;0,000176033595858079;-1,83798506162272;0,0660646065786768;FALSE;100;"1";"Combined"
"h_frichness300_preg_None";"hs_zbmi_who";0;-0,000428535449220838;0,000898250623910345;0,00430500716024378;-0,0088661944364857;0,00800912353804402;-0,00719527919102965;0,00980782730949863;-0,0995434927909787;0,920706757105049;FALSE;100;"1";"Combined"
"h_landuseshan300_preg_None";"hs_zbmi_who";0;0,0079690593659944;0,00668783045388824;0,00487421480082424;-0,00158422609653318;0,017522344828522;-0,00312489607471742;0,0140652925265757;1,63494217871703;0,102061169360133;FALSE;100;"1";"Combined"
"h_popdens_preg_Sqrt";"hs_zbmi_who";0;0,00520270772751481;0,00479961058375517;0,00418327473226622;-0,00299636008516342;0,013401775540193;-0,002492788588393;0,0118570352440752;1,24369257591082;0,21361272941338;FALSE;100;"1";"Combined"
"h_walkability_mean_preg_None";"hs_zbmi_who";0;-0,00753974381390472;-0,00744030287741526;0,00435919982946383;-0,016083618481067;0,00100413085325753;-0,0153909160734905;0,000971916389617846;-1,72961646835816;0,0836988217391464;FALSE;100;"1";"Combined"
"hs_as_m_Log2";"hs_zbmi_who";0;0,00988646050942716;0,00930450216011509;0,00439466430721258;0,00127307674314683;0,0184998442757075;0,00201041583016689;0,0180316722761362;2,24965089897796;0,0244711147050674;TRUE;100;"1";"Combined"
"hs_cd_m_Log2";"hs_zbmi_who";0;0,00218267072895844;0,00148887284012202;0,00419991133986773;-0,00604900423544366;0,0104143456933606;-0,00753872530737694;0,0079726605902902;0,519694477414179;0,603276536674235;FALSE;100;"1";"Combined"
"hs_co_m_Log2";"hs_zbmi_who";0;0,00566177339112192;0,00591171309811692;0,00453334887682005;-0,00322342713680048;0,0145469739190443;-0,00275052726506549;0,0148830824061582;1,24891631881052;0,211695682254327;FALSE;100;"1";"Combined"
"hs_cs_m_Log2";"hs_zbmi_who";0;0,000635674895479994;-0,000123651733348301;0,00421111233120964;-0,0076179536085434;0,00888930339950339;-0,00771254271253258;0,00752108015769059;0,150951778409909;0,880013755152465;FALSE;100;"1";"Combined"
"hs_cu_m_Log2";"hs_zbmi_who";0;-0,0109818969660901;-0,00979704329780434;0,00481546429077083;-0,0204200335448396;-0,00154376038734056;-0,0200978119037049;-0,00160398945692354;-2,28054789797479;0,0225752133930491;TRUE;100;"1";"Combined"
"hs_hg_m_Log2";"hs_zbmi_who";0;-0,00046926138658562;-0,000910971686112823;0,00528343568139895;-0,0108246050367614;0,00988608226359017;-0,0115848816053803;0,00938917319456277;-0,0888174693292317;0,929226974042491;FALSE;100;"1";"Combined"
"hs_mn_m_Log2";"hs_zbmi_who";0;-0,00097428978111637;-0,000606173231028775;0,00463939778009214;-0,010067342340052;0,0081187627778193;-0,00861083149771991;0,00796663356200882;-0,210003502027157;0,833664939760814;FALSE;100;"1";"Combined"
"hs_mo_m_Log2";"hs_zbmi_who";0;0,00233276428439716;0,00247810083036198;0,00421452011195709;-0,00592754334715846;0,0105930719159528;-0,00648628516188313;0,0101590734766946;0,553506501909631;0,579916629619826;FALSE;100;"1";"Combined"
"hs_pb_m_Log2";"hs_zbmi_who";0;0,00175901339131613;0,001390270716503;0,00430687881352121;-0,00668231396896404;0,0102003407515963;-0,00729993159778077;0,00847999472915659;0,408419523157654;0,682965702626714;FALSE;100;"1";"Combined"
"h_humidity_preg_None";"hs_zbmi_who";0;0,00966607135760844;0,0093330592731709;0,00506266316554963;-0,000256566112726382;0,0195887088279433;0,000348028137546374;0,0202704537954125;1,90928589193609;0,0562252212628825;FALSE;100;"1";"Combined"
"h_pressure_preg_None";"hs_zbmi_who";0;-0,00469818765951013;-0,00473999977484952;0,00602596141364672;-0,0165088550024858;0,00711247968346552;-0,0171533411715438;0,00635349429095514;-0,779657773591174;0,435592339962388;FALSE;100;"1";"Combined"
"h_temperature_preg_None";"hs_zbmi_who";0;0,00624832012386916;0,00614615818716395;0,00537132332214504;-0,00427928013685516;0,0167759203845935;-0,00330756395974498;0,0153041740065568;1,16327388040642;0,244718399564978;FALSE;100;"1";"Combined"
"h_ndvi100_preg_None";"hs_zbmi_who";0;-0,000661684887605487;0,000263609726868109;0,00481308600554771;-0,0100951601129727;0,00877179033776177;-0,00966198801999673;0,00888118164156638;-0,137476223537832;0,890654385158601;FALSE;100;"1";"Combined"
"hs_dde_madj_Log2";"hs_zbmi_who";0;0,00717524369718337;0,00615665930569698;0,00478245242055982;-0,00219819080489028;0,016548678199257;-0,00183362856861535;0,0156743982811415;1,50032725183776;0,133529653599207;FALSE;100;"1";"Combined"
"hs_ddt_madj_Log2";"hs_zbmi_who";0;0,00014178070522894;0,000597669104193439;0,00464706923499561;-0,00896630762902656;0,00924986903948444;-0,00852020772669032;0,00987948847981998;0,0305097036560666;0,975660554586465;FALSE;100;"1";"Combined"
"hs_hcb_madj_Log2";"hs_zbmi_who";0;-0,00637689929838349;-0,00557430475217327;0,00419825035019873;-0,0146053187828557;0,0018515201860887;-0,0147520445650986;0,00324502913742086;-1,5189421226587;0,128777065006987;FALSE;100;"1";"Combined"
"hs_pcb118_madj_Log2";"hs_zbmi_who";0;0,00521741570634079;0,00497381101493931;0,00567037738909059;-0,00589631975502703;0,0163311511677086;-0,00496914326774122;0,0150419886395769;0,920117894865117;0,357511153943417;FALSE;100;"1";"Combined"
"hs_pcb138_madj_Log2";"hs_zbmi_who";0;-0,0047852180359846;-0,00391616231720269;0,00547385285772467;-0,0155137724937966;0,0059433364218274;-0,0149948579184761;0,00586239886500162;-0,874195591361527;0,382011746510185;FALSE;100;"1";"Combined"
"hs_pcb153_madj_Log2";"hs_zbmi_who";0;-0,00222371024092127;-0,00169317805367981;0,00618784850368994;-0,0143516704499436;0,00990424996810108;-0,0132807373785784;0,00943371203076096;-0,359367272743544;0,71932035428893;FALSE;100;"1";"Combined"
"hs_pcb170_madj_Log2";"hs_zbmi_who";0;-0,00368232300314739;-0,00324540479677618;0,00584029802952282;-0,0151290967999924;0,00776445079369758;-0,0131809546101505;0,00957676332842637;-0,630502584719679;0,528365812226113;FALSE;100;"1";"Combined"
"hs_pcb180_madj_Log2";"hs_zbmi_who";0;0,00913522694991934;0,00801828711987895;0,00520887008647043;-0,00107397081971073;0,0193444247195494;-0,00108209082128752;0,0185267555973935;1,75378283548428;0,0794677252868973;FALSE;100;"1";"Combined"
"hs_sumPCBs5_madj_Log2";"hs_zbmi_who";0;0,0100086323622913;0,00955916907930341;0,00640214822347903;-0,00253934757941468;0,0225566123039973;-0,00316476882471489;0,020132145254293;1,56332406138083;0,11797639159387;FALSE;100;"1";"Combined"
"hs_pfhxs_m_Log2";"hs_zbmi_who";0;-0,00105343598920883;-0,000555845515855452;0,00461029014247528;-0,0100894386267404;0,00798256664832275;-0,00956722018538016;0,0083774707112765;-0,228496679526386;0,819260137207624;FALSE;100;"1";"Combined"
"hs_pfna_m_Log2";"hs_zbmi_who";0;-0,00211793741471135;-0,000856787457342162;0,00434712083279083;-0,0106381376834251;0,00640226285400244;-0,00748286732494387;0,008649424659126;-0,487204634096091;0,62611332165875;FALSE;100;"1";"Combined"
"hs_pfoa_m_Log2";"hs_zbmi_who";0;-6,64753491956091e-05;-0,000919719596710694;0,00521788123437647;-0,0102933346441809;0,0101603839457897;-0,00865108543990451;0,0100619571396611;-0,0127399122765877;0,989835295653613;FALSE;100;"1";"Combined"
"hs_pfos_m_Log2";"hs_zbmi_who";0;0,00628069989322033;0,00533001427095596;0,00463507532036687;-0,00280388080032919;0,0153652805867698;-0,0027869987039504;0,0156565635670305;1,35503728830953;0,175405677095139;FALSE;100;"1";"Combined"
"hs_pfunda_m_Log2";"hs_zbmi_who";0;0,00341686684099047;0,00284229574313024;0,00400396731628127;-0,00443076489419631;0,0112644985761773;-0,00574377497732181;0,0104952633411539;0,853370312763674;0,393453979192026;FALSE;100;"1";"Combined"
"e3_asmokcigd_p_None";"hs_zbmi_who";0;-0,00494830775198118;-0,00435038650818773;0,00450775563513762;-0,0137833464479584;0,00388673094399603;-0,013578152083091;0,00420153220219898;-1,09773203174757;0,272321518330255;FALSE;100;"1";"Combined"
"h_distinvnear1_preg_Log";"hs_zbmi_who";0;-0,00164079526059951;-0,00200945380557366;0,00459635727743946;-0,0106494899844594;0,00736789946326041;-0,0107859222805401;0,00694263832397154;-0,356977310848551;0,721108791490731;FALSE;100;"1";"Combined"
"h_trafload_preg_pow1over3";"hs_zbmi_who";0;0,00432821439062553;0,00421157798999034;0,00423341419279339;-0,00396912495889021;0,0126255537401413;-0,00340915396168554;0,0130366706401804;1,02239331979222;0,306594780964856;FALSE;100;"1";"Combined"
"h_trafnear_preg_pow1over3";"hs_zbmi_who";0;-0,00513635160746862;-0,00505938990243718;0,00480366150068677;-0,0145513551427363;0,00427865192779908;-0,0138866487555327;0,00441822719929544;-1,06925760833362;0,284953606680696;FALSE;100;"1";"Combined"
"h_bro_preg_Log";"hs_zbmi_who";0;0,00204084637013106;0,00321679499185226;0,00616019608499937;-0,0100329160941723;0,0141146088344345;-0,00715165751369979;0,0150804995958781;0,331295683119683;0,740421151746765;FALSE;100;"1";"Combined"
"h_clf_preg_Log";"hs_zbmi_who";0;-0,00961839854740683;-0,00987136552006916;0,00446572898998788;-0,0183710665324995;-0,000865730562314149;-0,0179230097631679;-0,00233967682163747;-2,15382495645642;0,0312539017899149;TRUE;100;"1";"Combined"
"h_thm_preg_Log";"hs_zbmi_who";0;-0,00716509480309161;-0,00572156560123219;0,00485176163857323;-0,0166743728762682;0,00234418327008496;-0,0146653880411536;0,00355262273145408;-1,47680272380377;0,1397285262355;FALSE;100;"1";"Combined"
"e3_alcpreg_yn_None_1";"hs_zbmi_who";0;-0,00658898188427676;-0,0074807070553294;0,00834925037576042;-0,0229532119186747;0,00977524815012118;-0,0231489447219978;0,00879940788291654;-0,789170474921427;0,43001237595838;FALSE;100;"1";"Combined"
"h_pamod_t3_None_Often";"hs_zbmi_who";0;0,0470798734297352;0,0452335082225817;0,0100005959044575;0,0274790656330598;0,0666806812264106;0,0249882677695452;0,0621529003256461;4,70770680862634;2,50519070486382e-06;TRUE;100;"1";"Combined"
"h_pamod_t3_None_Sometimes";"hs_zbmi_who";0;0,0432091792716119;0,0407454613270283;0,0123181136065241;0,0190661202453519;0,067352238297872;0,0168340504780575;0,0647425735375585;3,50777567506171;0,00045186990580607;TRUE;100;"1";"Combined"
"h_pamod_t3_None_Very Often";"hs_zbmi_who";0;0,0589819221269772;0,0549458545482472;0,0106099747419114;0,0381867537559512;0,0797770904980033;0,0355952558986065;0,0761817914727235;5,55910108758198;2,71167615223571e-08;TRUE;100;"1";"Combined"
"h_pavig_t3_None_Low";"hs_zbmi_who";0;0,0637031876358404;0,0606292579797402;0,0121788512946363;0,0398330777252843;0,0875732975463965;0,0388071372451035;0,0809356996544829;5,23064007390387;1,68924121943807e-07;TRUE;100;"1";"Combined"
"h_pavig_t3_None_Medium";"hs_zbmi_who";0;0,0618206627991779;0,0603020735476315;0,0139491610853296;0,0344808094573842;0,0891605161409716;0,0361236908493394;0,0856313543947338;4,43185525072148;9,34257303844803e-06;TRUE;100;"1";"Combined"
"hs_no2_dy_hs_h_Log";"hs_zbmi_who";0;-0,00997914786869347;-0,00859891956546308;0,00556648875346346;-0,0208892653458291;0,000930969608442181;-0,0199470413101601;0,00213484845167707;-1,79271858988028;0,0730179324902036;FALSE;100;"1";"Combined"
"hs_no2_wk_hs_h_Log";"hs_zbmi_who";0;-0,00576090323598274;-0,00542663157758418;0,00527697729679033;-0,0161035886849273;0,00458178221296184;-0,0140204728087557;0,00440396675231337;-1,09170513950984;0,274962725440016;FALSE;100;"1";"Combined"
"hs_no2_yr_hs_h_Log";"hs_zbmi_who";0;-0,00629212692994183;-0,00670541760345161;0,00591904016255527;-0,0178932324715963;0,00530897861171261;-0,0193593024575014;0,00352128182298621;-1,06303163302502;0,287767606228897;FALSE;100;"1";"Combined"
"hs_pm10_dy_hs_h_None";"hs_zbmi_who";0;0,00738828527383692;0,00784431763775106;0,00448957132756343;-0,00141111283421108;0,0161876833818849;-0,00115429957045884;0,0158188888857183;1,6456549489429;0,0998348191870263;FALSE;100;"1";"Combined"
"hs_pm10_wk_hs_h_None";"hs_zbmi_who";0;-0,0113732756829106;-0,00876055834079659;0,00538730307217445;-0,0219321956781745;-0,000814355687646647;-0,0183574393288207;0,000955562776582703;-2,11112601807272;0,034761481641247;TRUE;100;"1";"Combined"
"hs_pm10_yr_hs_h_None";"hs_zbmi_who";0;-0,00440389522902004;-0,00340540174053816;0,00528579050029611;-0,0147638542394244;0,00595606378138428;-0,0139431220195103;0,00684533758163977;-0,833157354377427;0,404755990317459;FALSE;100;"1";"Combined"
"hs_pm25_dy_hs_h_None";"hs_zbmi_who";0;0,0103169520723822;0,00882901505152435;0,00557437200409001;-0,00060861629206254;0,021242520436827;-0,00112875357522947;0,0198576340549604;1,85078284420425;0,0642008001294154;FALSE;100;"1";"Combined"
"hs_pm25_wk_hs_h_None";"hs_zbmi_who";0;0,000425555643815217;-0,000478671668498162;0,0073794837674161;-0,0140379667648183;0,0148890780524487;-0,0135826294412641;0,0130333377305299;0,0576674002176474;0,954013561322437;FALSE;100;"1";"Combined"
"hs_pm25_yr_hs_h_None";"hs_zbmi_who";0;-0,00753627892074113;-0,00545634783641137;0,00625388243707169;-0,0197936632609492;0,00472110541946696;-0,0153942229804171;0,00660265481202317;-1,2050560586281;0,228181661528566;FALSE;100;"1";"Combined"
"hs_pm25abs_dy_hs_h_Log";"hs_zbmi_who";0;0,000242175675277756;0,000556891352636289;0,00478530001529499;-0,00913684000991939;0,0096211913604749;-0,00799287651756439;0,0106526395542726;0,0506082532973279;0,959637686074627;FALSE;100;"1";"Combined"
"hs_pm25abs_wk_hs_h_Log";"hs_zbmi_who";0;-0,00364753491490979;-0,0038834076067557;0,00496641744104593;-0,0133815342315514;0,0060864644017318;-0,0135042460247057;0,0048628944854393;-0,734439856940745;0,462680702771929;FALSE;100;"1";"Combined"
"hs_pm25abs_yr_hs_h_Log";"hs_zbmi_who";0;0,0104392628186937;0,00954050411002275;0,00533356656895135;-1,43355655977586e-05;0,0208928612029853;-0,000982609425719792;0,0193466824733709;1,95727618353252;0,0503150060526026;FALSE;100;"1";"Combined"
"hs_accesslines300_h_dic0";"hs_zbmi_who";0;0,0271271930882493;0,026699151581265;0,0140060934075112;-0,000324245554576573;0,0545786317310751;0,000473499368125827;0,0557319855069084;1,93681366380874;0,0527681250562939;FALSE;100;"1";"Combined"
"hs_accesspoints300_h_Log";"hs_zbmi_who";0;0,0068351957323386;0,00465077259447567;0,00545274904117185;-0,00385199600509354;0,0175223874697707;-0,00476070097385056;0,0160007877040539;1,25353205891714;0,21001213944358;FALSE;100;"1";"Combined"
"hs_builtdens300_h_Sqrt";"hs_zbmi_who";0;-0,00346147346224706;-0,00297910295271813;0,00516559802888877;-0,0135858595574801;0,00666291263298602;-0,0127718870980246;0,006256085356783;-0,670101204717955;0,502793276973581;FALSE;100;"1";"Combined"
"hs_connind300_h_Log";"hs_zbmi_who";0;0,00696679468882638;0,00596356734788096;0,00524696452638387;-0,00331706681104527;0,017250656188698;-0,00361474809689406;0,0164356877028883;1,32777621304556;0,184252047342634;FALSE;100;"1";"Combined"
"hs_fdensity300_h_Log";"hs_zbmi_who";0;-0,00274377762670744;-0,00231161886363036;0,00516253766035106;-0,0128621655098272;0,00737461025641232;-0,0125278903432072;0,00657056473224998;-0,531478471872466;0,595087255727999;FALSE;100;"1";"Combined"
"hs_landuseshan300_h_None";"hs_zbmi_who";0;-0,00544429710172401;-0,00457845824281459;0,00535375232842993;-0,0159374588475941;0,00504886464414611;-0,0137310452145123;0,00704011805447015;-1,01691239484749;0,309195106374023;FALSE;100;"1";"Combined"
"hs_popdens_h_Sqrt";"hs_zbmi_who";0;0,003025287877711;0,00393066411262539;0,00559113999608275;-0,0079331451471326;0,0139837209025546;-0,00549054799271543;0,0142313859126565;0,541086053976571;0,588448270239723;FALSE;100;"1";"Combined"
"hs_walkability_mean_h_None";"hs_zbmi_who";0;0,000734176894735594;0,00117848820518269;0,00476807346073532;-0,00861107536394689;0,0100794291534181;-0,00645056769621797;0,00985658498451971;0,153977681086812;0,877627333612366;FALSE;100;"1";"Combined"
"hs_accesslines300_s_dic0";"hs_zbmi_who";0;0,0345404938901407;0,0292483661711454;0,0136782105060425;0,00773169392533989;0,0613492938549414;-0,00296674568949834;0,0516216757716367;2,52522023073719;0,0115625804342726;TRUE;100;"1";"Combined"
"hs_accesspoints300_s_Log";"hs_zbmi_who";0;-0,00697666169059917;-0,00647293165485915;0,00466254868651711;-0,0161150891923372;0,0021617658111389;-0,0151759956731757;0,00239698764407856;-1,49631932225692;0,134570462227618;FALSE;100;"1";"Combined"
"hs_builtdens300_s_Sqrt";"hs_zbmi_who";0;-0,000113012280472831;-0,000860304966116057;0,00470671432325691;-0,00933800283957519;0,00911197827862952;-0,00869619456357303;0,00862254669813597;-0,0240108646310682;0,980843942483913;FALSE;100;"1";"Combined"
"hs_connind300_s_Log";"hs_zbmi_who";0;0,00298608926679559;0,0025589542739422;0,00482330042861982;-0,00646740585991586;0,012439584393507;-0,0062255859872804;0,0126641619013217;0,619096676847487;0,53585267241381;FALSE;100;"1";"Combined"
"hs_fdensity300_s_Log";"hs_zbmi_who";0;-0,00031674458751388;-0,000582875838144504;0,00497191655832703;-0,0100615219759732;0,00942803280094543;-0,00887536774851618;0,0103235050176171;-0,0637067383971665;0,949203739183678;FALSE;100;"1";"Combined"
"hs_landuseshan300_s_None";"hs_zbmi_who";0;-0,00226550121574888;-0,00221866764623939;0,00469004508301779;-0,0114578206643329;0,00692681823283516;-0,011663407818892;0,00709896682057077;-0,483044656426021;0,629064028774145;FALSE;100;"1";"Combined"
"hs_popdens_s_Sqrt";"hs_zbmi_who";0;-0,00405400332209565;-0,0037029244643836;0,00450922834231924;-0,0128919284711086;0,00478392182691731;-0,012266246196856;0,00576098624296025;-0,89904591525089;0,368628204426955;FALSE;100;"1";"Combined"
"h_Absorbance_Log";"hs_zbmi_who";0;-0,00232668454105413;-0,00251688858847917;0,00528498140102134;-0,01268505774602;0,00803168866391173;-0,0136119225027979;0,00806258432703757;-0,440244603435026;0,659759957983657;FALSE;100;"1";"Combined"
"h_Benzene_Log";"hs_zbmi_who";0;0,00560866312589943;0,00457430241188782;0,00508098150075622;-0,00434987762169703;0,0155672038734959;-0,00575327706094886;0,0141053724446686;1,10385427009815;0,269656358657108;FALSE;100;"1";"Combined"
"h_NO2_Log";"hs_zbmi_who";0;0,00338220858509627;0,00304490752350612;0,004997246596416;-0,00641221476574445;0,013176631935937;-0,0059853135169779;0,0124021084628483;0,676814425672324;0,498523704215363;FALSE;100;"1";"Combined"
"h_PM_Log";"hs_zbmi_who";0;0,0103848079214159;0,00960290408870897;0,00474833313723875;0,00107824598582984;0,0196913698570019;0,00179186058722558;0,0194277475180203;2,18704282561245;0,0287393978102621;TRUE;100;"1";"Combined"
"h_TEX_Log";"hs_zbmi_who";0;0,00342532689266056;0,00353658571639194;0,00436355185254607;-0,00512707758300278;0,0119777313683239;-0,00535142355303488;0,0117977543057588;0,7849859491556;0,432461806813954;FALSE;100;"1";"Combined"
"hs_KIDMED_None";"hs_zbmi_who";0;0,00240812474258344;0,00273175147320835;0,00457699291391805;-0,00656261652619096;0,0113788660113578;-0,00440004558007029;0,0121178588620492;0,526136873679801;0,598793110384858;FALSE;100;"1";"Combined"
"hs_mvpa_prd_alt_None";"hs_zbmi_who";0;-0,0181681899149739;-0,0167156000999238;0,00392565928728643;-0,0258623407336305;-0,0104740390963173;-0,0248437232363373;-0,00790087277084608;-4,62806081358438;3,69105640169764e-06;TRUE;100;"1";"Combined"
"hs_sd_wk_None";"hs_zbmi_who";0;0,00348344550728156;0,00199426108654216;0,0044161747003778;-0,00517209785489588;0,012138988869459;-0,00519238466318589;0,00974512058484424;0,788792505646019;0,43023329043863;FALSE;100;"1";"Combined"
"hs_dif_hours_total_None";"hs_zbmi_who";0;-0,0109160907214194;-0,0101121338521975;0,0046841910409882;-0,0200969364584614;-0,00173524498437731;-0,0192096080181796;0,000347999941441162;-2,33041108398441;0,0197844345110585;TRUE;100;"1";"Combined"
"hs_as_c_Log2";"hs_zbmi_who";0;0,00314003639286054;0,00261023962082619;0,00484048240950065;-0,00634713479756039;0,0126272075832815;-0,00628174212150348;0,012639324140937;0,648703192619281;0,516530240400256;FALSE;100;"1";"Combined"
"hs_cd_c_Log2";"hs_zbmi_who";0;0,00033435848001299;0,000235049018932176;0,00426958696206391;-0,00803387819449405;0,00870259515452003;-0,00659689151147429;0,0084021540429657;0,0783116687829124;0,937580135623545;FALSE;100;"1";"Combined"
"hs_co_c_Log2";"hs_zbmi_who";0;-0,00502801386036585;-0,00481714582518956;0,00438008178999937;-0,0136128164181043;0,00355678869737264;-0,0144617798767971;0,00339966425277324;-1,14792693411476;0,250998728164335;FALSE;100;"1";"Combined"
"hs_cs_c_Log2";"hs_zbmi_who";0;0,0170400889287893;0,015464401493173;0,00432716986604098;0,00855899183636193;0,0255211860212166;0,00689818842802243;0,0226478003230433;3,93792928318287;8,21878069470349e-05;TRUE;100;"1";"Combined"
"hs_cu_c_Log2";"hs_zbmi_who";0;0,0139614359135483;0,0132230824956383;0,00417652756641072;0,00577559230294452;0,022147279524152;0,0050790454987273;0,0204560945692586;3,34283341640831;0,000829276657649805;TRUE;100;"1";"Combined"
"hs_hg_c_Log2";"hs_zbmi_who";0;-0,00787678768776757;-0,0068148243466559;0,00470471230491923;-0,0170978543630317;0,00134427898749655;-0,0139375633422139;0,00342638056260106;-1,67423365707859;0,0940846872094168;FALSE;100;"1";"Combined"
"hs_mn_c_Log2";"hs_zbmi_who";0;-0,000738255853517323;-0,000919103317540805;0,00398075760056556;-0,0085403973818099;0,00706388567477526;-0,00845080575262816;0,00661615766252007;-0,185456118557039;0,852871295492518;FALSE;100;"1";"Combined"
"hs_mo_c_Log2";"hs_zbmi_who";0;-0,00763000219383516;-0,00792621977032416;0,00352573114854256;-0,0145403082641496;-0,000719696123520699;-0,0149665512525394;-0,000762148689499059;-2,16409075802311;0,0304573846703639;TRUE;100;"1";"Combined"
"hs_pb_c_Log2";"hs_zbmi_who";0;-0,00149845927253764;-0,00182358136810814;0,00470386433918877;-0,0107178639655099;0,00772094542043465;-0,0100831799320296;0,00728182540553792;-0,318559202495211;0,750060794471803;FALSE;100;"1";"Combined"
"hs_hum_mt_hs_h_None";"hs_zbmi_who";0;0,0107782396698975;0,0100100188357528;0,00514408281190505;0,000696022625072092;0,020860456714723;-0,000543549276675816;0,0196818094910143;2,09526947057563;0,0361470447612898;TRUE;100;"1";"Combined"
"hs_tm_mt_hs_h_None";"hs_zbmi_who";0;-0,00251483942165166;-0,00246585241915825;0,00455664012213283;-0,0114456899515422;0,00641601110823888;-0,0107080169236874;0,00679970996984046;-0,551906526354014;0,581012396734442;FALSE;100;"1";"Combined"
"hs_uvdvf_mt_hs_h_None";"hs_zbmi_who";0;0,00650737709360502;0,00546874236971024;0,00473392286243669;-0,00277094122236166;0,0157856954095717;-0,00405133968575501;0,0129764927331438;1,37462676995448;0,169247184865654;FALSE;100;"1";"Combined"
"hs_hum_dy_hs_h_None";"hs_zbmi_who";0;-0,00251327708671547;-0,0018820161338155;0,00481833655552218;-0,0119570432009317;0,00693048902750079;-0,0114151406923584;0,00771507905554096;-0,521606794742277;0,601944131432614;FALSE;100;"1";"Combined"
"hs_hum_wk_hs_h_None";"hs_zbmi_who";0;-0,00251556316123352;-0,00191282927577107;0,00488772301920292;-0,0120953242452786;0,00706419792281157;-0,0101263233631645;0,00712921183476471;-0,514669745267961;0,606783818598318;FALSE;100;"1";"Combined"
"hs_tm_dy_hs_h_None";"hs_zbmi_who";0;-0,0101304390363485;-0,0082291237124241;0,00553468708319757;-0,0209782263851148;0,000717348312417746;-0,0190087633683574;0,00135667120999062;-1,83035443270188;0,0671969568078269;FALSE;100;"1";"Combined"
"hs_tm_wk_hs_h_None";"hs_zbmi_who";0;0,000196229395350399;0,000513870169946339;0,00449189020755555;-0,00860771363396662;0,00900017242466742;-0,00812421648435519;0,00898014896664672;0,0436852608330304;0,96515528815206;FALSE;100;"1";"Combined"
"hs_uvdvf_dy_hs_h_None";"hs_zbmi_who";0;0,00112755826165487;0,00130525431335102;0,00434861860212715;-0,00739557758101526;0,009650694104325;-0,00659580110787451;0,0095386449250162;0,259291136983897;0,795410617294674;FALSE;100;"1";"Combined"
"hs_uvdvf_wk_hs_h_None";"hs_zbmi_who";0;-0,00613061833306933;-0,00602108578501104;0,00513214508650204;-0,0161894378660475;0,00392820119990887;-0,0155344813451633;0,0026481346079012;-1,19455280973902;0,232261796033803;FALSE;100;"1";"Combined"
"hs_ndvi100_h_None";"hs_zbmi_who";0;-0,00636040199687146;-0,00544142765011487;0,00510819529363052;-0,0163722807983843;0,00365147680464137;-0,0142264266215182;0,00555896046795905;-1,24513681080329;0,213081465077719;FALSE;100;"1";"Combined"
"hs_ndvi100_s_None";"hs_zbmi_who";0;-0,00318678798550894;-0,00204452691828981;0,00598599691739806;-0,0149191263551769;0,00854555038415903;-0,0122590118230053;0,00964170895865579;-0,532373809990893;0,594467120634784;FALSE;100;"1";"Combined"
"hs_dde_cadj_Log2";"hs_zbmi_who";0;-0,0226766544456726;-0,0204876437901692;0,00515950277105214;-0,0327890940550694;-0,0125642148362758;-0,0308727423067375;-0,00978556969667122;-4,39512399778172;1,10709539628293e-05;TRUE;100;"1";"Combined"
"hs_ddt_cadj_Log2";"hs_zbmi_who";0;-0,005181616346797;-0,0044770785161069;0,00424357093972919;-0,013498862554507;0,003135629860913;-0,0127984131794838;0,00246980144648037;-1,221050954583;0,22206672776726;FALSE;100;"1";"Combined"
"hs_hcb_cadj_Log2";"hs_zbmi_who";0;-0,018935283087315;-0,0254704520839131;0,0148597926669776;-0,0480599415323235;0,0101893753576936;-0,0544665794531328;-0,00707882152049834;-1,27426293971074;0,202570245972667;FALSE;100;"1";"Combined"
"hs_pcb118_cadj_Log2";"hs_zbmi_who";0;0,00885066090580891;0,00824157529842101;0,00522456579221932;-0,00138929988180093;0,0190906216934187;-0,00073911465758045;0,0184631488020172;1,69404717210945;0,0902563196105057;FALSE;100;"1";"Combined"
"hs_pcb138_cadj_Log2";"hs_zbmi_who";0;0,0133210180668817;0,0105875996796487;0,0070393775197505;-0,000475908345410161;0,0271179444791736;-0,00652870547763443;0,02008727609101;1,89235738948603;0,0584433792829719;FALSE;100;"1";"Combined"
"hs_pcb153_cadj_Log2";"hs_zbmi_who";0;-0,0141308308667522;-0,0122224170411614;0,00491061223786851;-0,0237554539950161;-0,00450620773848833;-0,0219212368158931;-0,00323005030119334;-2,87761081149544;0,00400699151615262;TRUE;100;"1";"Combined"
"hs_pcb170_cadj_Log2";"hs_zbmi_who";0;-0,0200831041758223;-0,0194653875118931;0,00538308111117366;-0,0306337492795805;-0,00953245907206404;-0,029875936042094;-0,0109543727886113;-3,73078238299917;0,000190886055527078;TRUE;100;"1";"Combined"
"hs_pcb180_cadj_Log2";"hs_zbmi_who";0;-0,00384672635317607;-0,00378243956374587;0,00561077685038637;-0,0148436469052244;0,00715019419887229;-0,0139541884684791;0,00617484155412353;-0,685596033446095;0,492967883523718;FALSE;100;"1";"Combined"
"hs_sumPCBs5_cadj_Log2";"hs_zbmi_who";0;-0,0258773847681016;-0,0227887564791981;0,00593619838689765;-0,0375121198115057;-0,0142426497246974;-0,0341096235008696;-0,0111772094151188;-4,35925201307591;1,30507751708019e-05;TRUE;100;"1";"Combined"
"hs_pfhxs_c_Log2";"hs_zbmi_who";0;0,0131508161314916;0,0122404299810536;0,0052057928783939;0,00294764957886446;0,0233539826841187;0,00331937768701033;0,0223084167436772;2,5261888897026;0,0115307465998423;TRUE;100;"1";"Combined"
"hs_pfna_c_Log2";"hs_zbmi_who";0;-6,77231594358634e-05;-5,77663127986513e-05;0,00454101786793565;-0,0089679546337426;0,00883250831487087;-0,00769043944858993;0,0102880326723327;-0,0149136518299256;0,988101068548809;FALSE;100;"1";"Combined"
"hs_pfoa_c_Log2";"hs_zbmi_who";0;-0,00774936481240247;-0,00700264947857398;0,00427578492017891;-0,0161297492615926;0,00063101963678767;-0,0149408602860156;7,62194994577209e-05;-1,81238414865783;0,0699268603847787;FALSE;100;"1";"Combined"
"hs_pfos_c_Log2";"hs_zbmi_who";0;-0,00318969819110651;-0,00228444614529933;0,00559980560357433;-0,0141651154945378;0,00778571911232475;-0,0116616363686389;0,00787567452514859;-0,569608735894429;0,568943102022207;FALSE;100;"1";"Combined"
"hs_pfunda_c_Log2";"hs_zbmi_who";0;0,000110210851123842;-0,000261320983319138;0,00461590556051461;-0,00893679780352295;0,00915721950577064;-0,00818743050633111;0,00976271687726494;0,0238763227884488;0,980951260575931;FALSE;100;"1";"Combined"
"hs_hm_pers_None";"hs_zbmi_who";0;-0,00039901863279918;0,000360937209706215;0,00378200161819375;-0,00781160559393113;0,00701356832833277;-0,00709471050459751;0,00691808085532491;-0,1055046171529;0,915975406480793;FALSE;100;"1";"Combined"
"hs_trafload_h_pow1over3";"hs_zbmi_who";0;-0,00301935993207012;-0,00340008029910088;0,00451398805353348;-0,0118666139436398;0,00582789407949956;-0,0121536035612973;0,006609851437358;-0,668889659490041;0,503565866905352;FALSE;100;"1";"Combined"
"hs_trafnear_h_pow1over3";"hs_zbmi_who";0;0,00199113771189305;0,00240653106095615;0,00532630687573269;-0,00844823193515108;0,0124305073589372;-0,00693241740100092;0,0116304629197019;0,373830828442295;0,708530181899864;FALSE;100;"1";"Combined"
"FAS_cat_None_Low";"hs_zbmi_who";0;-0,0188317530830107;-0,0189844552500365;0,0158067581722728;-0,0498124298129995;0,0121489236469781;-0,0515190344256883;0,012777774039888;-1,19137351743915;0,233506984498278;FALSE;100;"1";"Combined"
"FAS_cat_None_Middle";"hs_zbmi_who";0;0,00430256884087783;0,00254153328684501;0,00860825313355855;-0,012569297270701;0,0211744349524566;-0,0141278541525273;0,0184803202498988;0,499819042739883;0,617202500769562;FALSE;100;"1";"Combined"
"hs_globalexp2_None_no exposure";"hs_zbmi_who";0;0,0118103303355134;0,0114086037453669;0,00761735667260656;-0,00311941440019126;0,0267400750712182;-0,0033453686483853;0,0240690998150191;1,55044995831502;0,121033555564373;FALSE;100;"1";"Combined"
"h_abs_ratio_preg_Log";"hs_correct_raven";0;0,00139644330808941;-0,000499166794113525;0,00837585147501169;-0,0150199239227902;0,017812810538969;-0,0166383615505497;0,0146614426271719;0,166722549015527;0,867588362312048;FALSE;100;"1";"Combined"
"h_no2_ratio_preg_Log";"hs_correct_raven";0;0,0173419758359335;0,0195064805747732;0,00827932957794682;0,00111478804702048;0,0335691636248464;0,00239158035323476;0,0341004297880089;2,09461112432657;0,0362055755132651;TRUE;100;"1";"Combined"
"h_pm10_ratio_preg_None";"hs_correct_raven";0;-0,0245610389887114;-0,0234324547954936;0,00884158048360132;-0,0418902183029822;-0,00723185967444054;-0,041309503052662;-0,00800902178684984;-2,77790142093546;0,00547112139984618;TRUE;100;"1";"Combined"
"h_pm25_ratio_preg_None";"hs_correct_raven";0;0,0300035751934304;0,0296988874077407;0,00686885003218791;0,0165408765151353;0,0434662738717255;0,0169800726023833;0,0433500885803634;4,36806380294103;1,25352877054826e-05;TRUE;100;"1";"Combined"
"h_accesslines300_preg_dic0";"hs_correct_raven";0;0,0238423454512548;0,0239388662347428;0,0211285638743549;-0,0175688787875348;0,0652535696900445;-0,0185655110636036;0,0643058855624503;1,12844136463973;0,259133566820456;FALSE;100;"1";"Combined"
"h_accesspoints300_preg_Log";"hs_correct_raven";0;0,0108015186833699;0,00897228326014471;0,00800340425937382;-0,0048848654187172;0,0264879027854571;-0,00764794694249863;0,0241014118673287;1,34961553025625;0,177139339955794;FALSE;100;"1";"Combined"
"h_builtdens300_preg_Sqrt";"hs_correct_raven";0;0,00823350875002511;0,00903556543668352;0,0077013256765789;-0,0068608122092831;0,0233278297093333;-0,00671341212986666;0,0228011455304231;1,06910278772714;0,285023355644773;FALSE;100;"1";"Combined"
"h_connind300_preg_Sqrt";"hs_correct_raven";0;-0,0063936812176422;-0,00822794549659779;0,00644784318429873;-0,0190312216368298;0,00624385920154535;-0,0201774036332503;0,00371709197868921;-0,991599986986592;0,321392695638665;FALSE;100;"1";"Combined"
"h_fdensity300_preg_Log";"hs_correct_raven";0;-0,000773656290100972;0,000279696952026021;0,00815479397126674;-0,0167567587751281;0,0152094461949262;-0,014992727889391;0,0177313924289458;-0,0948713471887745;0,924417015472645;FALSE;100;"1";"Combined"
"h_frichness300_preg_None";"hs_correct_raven";0;0,0079218846941858;0,0062182972978214;0,00732131503075243;-0,00642762908556072;0,0222713984739323;-0,00869543586258938;0,0199641011090226;1,08203029932611;0,279239064804291;FALSE;100;"1";"Combined"
"h_landuseshan300_preg_None";"hs_correct_raven";0;6,0242288799587e-05;-0,000404100107129446;0,00600345226914262;-0,0117063079416252;0,0118267925192244;-0,0126418488979603;0,0113908648965929;0,0100346077721362;0,991993675749065;FALSE;100;"1";"Combined"
"h_popdens_preg_Sqrt";"hs_correct_raven";0;-0,0120168740826159;-0,0118672937767793;0,00656531193560574;-0,0248846490236741;0,000850900858442307;-0,0238795272576552;8,23461484759998e-05;-1,83035843543772;0,0671963586589542;FALSE;100;"1";"Combined"
"h_walkability_mean_preg_None";"hs_correct_raven";0;0,00200211541218015;0,00286930923003099;0,00657238176142091;-0,0108795161328527;0,014883746957213;-0,00989201636920184;0,0146238057199422;0,304625550501696;0,760651357876108;FALSE;100;"1";"Combined"
"hs_as_m_Log2";"hs_correct_raven";0;0,0028400333508143;0,00317888048055609;0,00549929413158348;-0,00793838508748179;0,0136184517891104;-0,00771882039207634;0,0126825455079818;0,516435979392964;0,605549942095154;FALSE;100;"1";"Combined"
"hs_cd_m_Log2";"hs_correct_raven";0;-0,000986095357730376;-0,000918322518768878;0,00589878332045002;-0,012547498218418;0,0105753075029573;-0,0130521134879242;0,0100956565854097;-0,167169279521043;0,867236855642013;FALSE;100;"1";"Combined"
"hs_co_m_Log2";"hs_correct_raven";0;0,0132600096641649;0,0127472464194178;0,0058818501895922;0,00173179513010406;0,0247882241982257;0,00192182032746574;0,0246689324239724;2,25439432096182;0,0241713722453603;TRUE;100;"1";"Combined"
"hs_cs_m_Log2";"hs_correct_raven";0;-0,000736092129055398;-0,000155041238968341;0,00527670524395921;-0,0110782443642491;0,0096060601061383;-0,0105799997318897;0,00917365439368566;-0,139498436054976;0,889056291704584;FALSE;100;"1";"Combined"
"hs_cu_m_Log2";"hs_correct_raven";0;-0,00556321240929381;-0,00693781664556884;0,00583630252885116;-0,0170021551687221;0,00587573035013451;-0,0195407791939235;0,00322536573845976;-0,953208368105087;0,340484507367457;FALSE;100;"1";"Combined"
"hs_hg_m_Log2";"hs_correct_raven";0;-0,00585906048770873;-0,00565244374494299;0,00729195561240504;-0,0201510308648873;0,00843290988946985;-0,0221995797839828;0,00708399747658148;-0,803496455428407;0,421687844671356;FALSE;100;"1";"Combined"
"hs_mn_m_Log2";"hs_correct_raven";0;-0,00458309041956922;-0,00543381488496295;0,0050925858669216;-0,0145643753069132;0,00539819446777481;-0,0154317193507791;0,00439247476153126;-0,899953489118021;0,368145002930877;FALSE;100;"1";"Combined"
"hs_mo_m_Log2";"hs_correct_raven";0;0,00963484828741395;0,00934479681418217;0,00500776768842391;-0,000180196024840299;0,0194498925996682;0,000714337109131094;0,0190643066135878;1,92398068099008;0,0543570050688569;FALSE;100;"1";"Combined"
"hs_pb_m_Log2";"hs_correct_raven";0;0,0066087409224069;0,00678801617661387;0,00461544837039825;-0,00243737165607774;0,0156548535008916;-0,00160091452729113;0,0159489529895332;1,43187408720524;0,152179859404602;FALSE;100;"1";"Combined"
"h_humidity_preg_None";"hs_correct_raven";0;0,00830745903107286;0,00832552424780737;0,00944397344770725;-0,0102023887973859;0,0268173068595316;-0,0121694717563286;0,0268894391312477;0,879657177889429;0,379045053883352;FALSE;100;"1";"Combined"
"h_pressure_preg_None";"hs_correct_raven";0;-0,00541105600400982;-0,00494921373323578;0,00973279629190939;-0,0244869862050172;0,0136648741969976;-0,023731734580526;0,0123564910806327;-0,555961086795568;0,57823745673791;FALSE;100;"1";"Combined"
"h_temperature_preg_None";"hs_correct_raven";0;0,0145892683790629;0,0139170619498067;0,0076534582142827;-0,000411234078113425;0,0295897708362392;-0,000321468463949527;0,026432801720845;1,90623218558073;0,056620088155851;FALSE;100;"1";"Combined"
"h_ndvi100_preg_None";"hs_correct_raven";0;0,0094714487775028;0,00829325287905345;0,00786170037328627;-0,00593720081138339;0,024880098366389;-0,00735948310330682;0,0230752184060174;1,20475830008561;0,228296622293028;FALSE;100;"1";"Combined"
"hs_dde_madj_Log2";"hs_correct_raven";0;-0,0120130495050091;-0,0114284024815683;0,00573773580011162;-0,023258805026034;-0,000767293983984263;-0,0206956513166108;0,000298000224525014;-2,09369164484281;0,036287457701657;TRUE;100;"1";"Combined"
"hs_ddt_madj_Log2";"hs_correct_raven";0;0,0025555180048954;0,00228803735177487;0,00574540385357085;-0,0087052666247411;0,0138163026345319;-0,00842015029469819;0,0132690769570125;0,444793450560853;0,656469027879313;FALSE;100;"1";"Combined"
"hs_hcb_madj_Log2";"hs_correct_raven";0;-0,00200363001455772;-0,00127034728237328;0,00678229595460631;-0,0152966858180778;0,0112894257889623;-0,0131604894055098;0,0131587594989992;-0,295420610950621;0,767672590274157;FALSE;100;"1";"Combined"
"hs_pcb118_madj_Log2";"hs_correct_raven";0;0,00128749356136715;0,00135820386899237;0,00812347031176264;-0,014634215679168;0,0172092028019023;-0,0136578436928968;0,0144513186986333;0,15849058492931;0,874070239036932;FALSE;100;"1";"Combined"
"hs_pcb138_madj_Log2";"hs_correct_raven";0;0,00688115185878367;0,00629033439033071;0,0073371320962132;-0,00749936279960707;0,0212616665171744;-0,00728932780665259;0,0200724293416661;0,937853069639449;0,348319923821449;FALSE;100;"1";"Combined"
"hs_pcb153_madj_Log2";"hs_correct_raven";0;-0,00756898067778246;-0,0076685503944657;0,00924543369227487;-0,0256896977360944;0,0105517363805295;-0,0245861862155461;0,00969468369695551;-0,81867232297678;0,412973391548221;FALSE;100;"1";"Combined"
"hs_pcb170_madj_Log2";"hs_correct_raven";0;0,0155182890696233;0,0152403540235458;0,00789488803059681;4,459286767723e-05;0,0309919852715694;0,00115293617147767;0,0299658404950536;1,96561230627741;0,0493434114741833;TRUE;100;"1";"Combined"
"hs_pcb180_madj_Log2";"hs_correct_raven";0;0,0297204386484516;0,0297734050068432;0,00925914224894867;0,011572853312779;0,0478680239841242;0,010262964278886;0,0483652377653826;3,20984793724561;0,00132805208652764;TRUE;100;"1";"Combined"
"hs_sumPCBs5_madj_Log2";"hs_correct_raven";0;0,0306455772908443;0,0298155798288435;0,00911841184159889;0,012773818485107;0,0485173360965817;0,0133225940696966;0,0480321158299254;3,36084592615535;0,000777041583181393;TRUE;100;"1";"Combined"
"hs_pfhxs_m_Log2";"hs_correct_raven";0;0,0171195495599452;0,018561867591617;0,00707059953123234;0,003261429129624;0,0309776699902663;0,0055222168897007;0,0335885455957308;2,42123026262829;0,015468075835182;TRUE;100;"1";"Combined"
"hs_pfna_m_Log2";"hs_correct_raven";0;-0,00236715547602053;-0,00412522592538738;0,00632433172463525;-0,0147626178825897;0,0100283069305486;-0,0147745089598015;0,00971659646484963;-0,374293376610799;0,708186059257939;FALSE;100;"1";"Combined"
"hs_pfoa_m_Log2";"hs_correct_raven";0;0,00386521045763167;0,00513083693507158;0,00675175254970926;-0,00936798137232496;0,0170984022875883;-0,00738837850772754;0,0180050453068403;0,572475135777615;0,567000126025366;FALSE;100;"1";"Combined"
"hs_pfos_m_Log2";"hs_correct_raven";0;0,00541137934019499;0,00649076585131471;0,00720235138105856;-0,0087049699706821;0,0195277286510721;-0,0067894785063455;0,0206025376924456;0,751335092373632;0,452451014856631;FALSE;100;"1";"Combined"
"hs_pfunda_m_Log2";"hs_correct_raven";0;0,00155677049258353;0,00219172717441914;0,00440428702225462;-0,00707547344861268;0,0101890144337797;-0,00509155451163657;0,0113463471129887;0,353467084392379;0,723738301042856;FALSE;100;"1";"Combined"
"e3_asmokcigd_p_None";"hs_correct_raven";0;-0,00395483281570484;-0,00390933296864976;0,00566658328936101;-0,0150611319782489;0,00715146634683925;-0,0143106521667438;0,00767892596770686;-0,697921942333404;0,48522601121874;FALSE;100;"1";"Combined"
"h_distinvnear1_preg_Log";"hs_correct_raven";0;-0,00636583305082245;-0,00640092007336067;0,00543936782808487;-0,0170267980925347;0,00429513199088975;-0,01528450980302;0,00531823846509595;-1,17032590036548;0,241869842711134;FALSE;100;"1";"Combined"
"h_trafload_preg_pow1over3";"hs_correct_raven";0;-0,00919574936068191;-0,008810661919043;0,00471906657471049;-0,0184449498877613;5,34511663974353e-05;-0,0173834191822127;0,000180845925166408;-1,94863734492791;0,051338749022633;FALSE;100;"1";"Combined"
"h_trafnear_preg_pow1over3";"hs_correct_raven";0;-0,00877923232776338;-0,00872228494792828;0,00718605727163336;-0,0228636457710069;0,00530518111548017;-0,0220878009514988;0,00293008178224731;-1,22170364024498;0,221819719194657;FALSE;100;"1";"Combined"
"h_bro_preg_Log";"hs_correct_raven";0;0,0139969633553499;0,0126887254944681;0,0093785284085912;-0,0043846145534746;0,0323785412641744;-0,00841918076172611;0,0289549243021211;1,49244772159862;0,13558181254978;FALSE;100;"1";"Combined"
"h_clf_preg_Log";"hs_correct_raven";0;-0,0173388151665618;-0,0169690657537702;0,006162492743198;-0,0294170789982193;-0,00526055133490426;-0,0306336185480653;-0,00693263237175873;-2,81360415161542;0,00489895134102543;TRUE;100;"1";"Combined"
"h_thm_preg_Log";"hs_correct_raven";0;-0,00322733183512629;-0,00367851026365816;0,00896951708972826;-0,0208072622897102;0,0143525986194576;-0,019396548606608;0,0123690118288006;-0,359811102742886;0,718988399741908;FALSE;100;"1";"Combined"
"e3_alcpreg_yn_None_1";"hs_correct_raven";0;0,0221050388484227;0,0247240049748052;0,0105185002452136;0,00148915719642839;0,042720920500417;0,00527278874126649;0,0437033910862566;2,10153903437722;0,0355936751904701;TRUE;100;"1";"Combined"
"h_pamod_t3_None_Often";"hs_correct_raven";0;0,120974979774717;0,116080466073758;0,0168363432806435;0,0879763533133024;0,153973606236131;0,083416694557819;0,148174195357113;7,18534765882328;6,70363847930405e-13;TRUE;100;"1";"Combined"
"h_pamod_t3_None_Sometimes";"hs_correct_raven";0;0,0907340168820098;0,0864106394329545;0,0212128659985091;0,0491575635160577;0,132310470247962;0,0493171441140985;0,133701312163768;4,27731061368071;1,89164770802213e-05;TRUE;100;"1";"Combined"
"h_pamod_t3_None_Very Often";"hs_correct_raven";0;0,113800184592719;0,109623313395689;0,0183178574765472;0,0778978436647487;0,149702525520689;0,0776064981494296;0,143258243005952;6,21252702388477;5,21392099373291e-10;TRUE;100;"1";"Combined"
"h_pavig_t3_None_Low";"hs_correct_raven";0;0,129678579513912;0,128663385065302;0,018513387837495;0,0933930061206003;0,165964152907225;0,0980499086209668;0,168253510045927;7,00458396119565;2,47720832566793e-12;TRUE;100;"1";"Combined"
"h_pavig_t3_None_Medium";"hs_correct_raven";0;0,0968715039769158;0,0921935236104409;0,0182493918255136;0,0611033532591495;0,132639654694682;0,0640082075951598;0,129487018144213;5,30820450912148;1,10710384647919e-07;TRUE;100;"1";"Combined"
"hs_no2_dy_hs_h_Log";"hs_correct_raven";0;-0,021857057251469;-0,0239129170756431;0,00924292043434327;-0,0399728484147512;-0,00374126608818692;-0,0385670639765728;-0,00678831347039009;-2,364734978163;0,0180429773110071;TRUE;100;"1";"Combined"
"hs_no2_wk_hs_h_Log";"hs_correct_raven";0;-0,0303346693068186;-0,0295977857551411;0,00860866787238338;-0,047207348291557;-0,0134619903220801;-0,0481889057301941;-0,0152238452633115;-3,52373558331042;0,000425508645614064;TRUE;100;"1";"Combined"
"hs_no2_yr_hs_h_Log";"hs_correct_raven";0;-0,0160397626546822;-0,017050565863076;0,00889304740156311;-0,0334698152745534;0,00139028996518903;-0,0339664449793482;-0,0023265022464364;-1,80362950183566;0,0712894079779568;FALSE;100;"1";"Combined"
"hs_pm10_dy_hs_h_None";"hs_correct_raven";0;0,00146732876781071;-0,000618193535516903;0,00635121770145322;-0,0109808291850109;0,0139154867206323;-0,0109786318501678;0,0118060324873984;0,231031093057158;0,817290646601786;FALSE;100;"1";"Combined"
"hs_pm10_wk_hs_h_None";"hs_correct_raven";0;0,0092087424429597;0,00953458544633818;0,00869226637834188;-0,00782778660261879;0,0262452714885382;-0,00537046771259845;0,0282324485861934;1,05941788276354;0,289409509022607;FALSE;100;"1";"Combined"
"hs_pm10_yr_hs_h_None";"hs_correct_raven";0;0,00999615174481607;0,00978075494086669;0,00968053113028336;-0,00897734062175813;0,0289696441113903;-0,00504152836458173;0,0306131537653223;1,03260364646165;0,301789421021331;FALSE;100;"1";"Combined"
"hs_pm25_dy_hs_h_None";"hs_correct_raven";0;-0,00137503418008814;-0,000296482050902591;0,00718112801772642;-0,0154497864632034;0,0126997181030272;-0,0131006347172508;0,0120447069604061;-0,191478856343168;0,848150444254261;FALSE;100;"1";"Combined"
"hs_pm25_wk_hs_h_None";"hs_correct_raven";0;0,00568777573929653;0,00634792476764883;0,00750988655189778;-0,0090313314304048;0,0204068829089979;-0,00688227420116732;0,020052828716201;0,757371725922972;0,448827190366083;FALSE;100;"1";"Combined"
"hs_pm25_yr_hs_h_None";"hs_correct_raven";0;-0,0280440886877155;-0,0304488786954108;0,0107958088259127;-0,049203485170484;-0,00688469220494706;-0,0510556144509618;-0,0108535704070019;-2,59768296567114;0,00938551038184284;TRUE;100;"1";"Combined"
"hs_pm25abs_dy_hs_h_Log";"hs_correct_raven";0;0,0261167566281514;0,0266521377769359;0,00606538997359281;0,0142288107277191;0,0380047025285837;0,01429347838659;0,0366714796140467;4,30586602705798;1,66333706612658e-05;TRUE;100;"1";"Combined"
"hs_pm25abs_wk_hs_h_Log";"hs_correct_raven";0;-0,0142348230224974;-0,0134580106606687;0,0060462012261115;-0,0260851596689579;-0,00238448637603698;-0,02346015046499;-0,0028205687524914;-2,35434159237408;0,0185555505704063;TRUE;100;"1";"Combined"
"hs_pm25abs_yr_hs_h_Log";"hs_correct_raven";0;0,0197057009194309;0,0192000476575005;0,00871753824783374;0,00261963991982637;0,0367917619190354;0,00290789692638203;0,0346555085770029;2,26046624163968;0,0237923293202908;TRUE;100;"1";"Combined"
"hs_accesslines300_h_dic0";"hs_correct_raven";0;0,0760729453514405;0,0776960381625838;0,0232355846680323;0,0305320362423661;0,121613854460515;0,0300144725879734;0,121545173278399;3,27398455594286;0,00106042406862153;TRUE;100;"1";"Combined"
"hs_accesspoints300_h_Log";"hs_correct_raven";0;0,00431766949429394;0,00581412839600225;0,00836706606282592;-0,0120814786451122;0,0207168176337001;-0,0128665506666858;0,0223260627996515;0,516031481271187;0,605832421912033;FALSE;100;"1";"Combined"
"hs_builtdens300_h_Sqrt";"hs_correct_raven";0;0,000857465209433184;0,000583348451975179;0,0077629287361694;-0,0143575955280099;0,0160725259468762;-0,0148539462280874;0,0136709810790897;0,110456406154811;0,912047421102881;FALSE;100;"1";"Combined"
"hs_connind300_h_Log";"hs_correct_raven";0;-0,00745397640353076;-0,00724864142102478;0,00718596540624706;-0,0215382097939257;0,00663025698686421;-0,0209705126755929;0,00771327337021838;-1,03729644969494;0,299597719878504;FALSE;100;"1";"Combined"
"hs_fdensity300_h_Log";"hs_correct_raven";0;0,00992377188308957;0,00927562310198413;0,00605167357205535;-0,00193729036433178;0,0217848341305109;-0,00129517496230174;0,0196079720597853;1,63983925519617;0,101038593765634;FALSE;100;"1";"Combined"
"hs_landuseshan300_h_None";"hs_correct_raven";0;0,0118999287898668;0,0119560095887502;0,00609433753390837;-4,47532862242264e-05;0,0238446108659579;0,000964446457520633;0,0231653835985441;1,95262056354061;0,0508645726667936;FALSE;100;"1";"Combined"
"hs_popdens_h_Sqrt";"hs_correct_raven";0;-0,011009460757994;-0,0128544498815332;0,00706715906131664;-0,0248608379911905;0,0028419164752025;-0,0272472242552803;-0,00117664132076713;-1,55783401257462;0,119272600956595;FALSE;100;"1";"Combined"
"hs_walkability_mean_h_None";"hs_correct_raven";0;0,00762193576530784;0,00722488974106071;0,0056328637062312;-0,00341827422872812;0,0186621457593438;-0,00344856616264429;0,0192837670578118;1,35311915267474;0,176017567892714;FALSE;100;"1";"Combined"
"hs_accesslines300_s_dic0";"hs_correct_raven";0;0,0271994270515972;0,03114278714197;0,0196929530196731;-0,0113980516162014;0,0657969057193959;-0,00375839122498397;0,0712338234133455;1,38117564310569;0,167224961903707;FALSE;100;"1";"Combined"
"hs_accesspoints300_s_Log";"hs_correct_raven";0;0,00124394123438206;0,00143489151882689;0,00684423179720722;-0,0121705065899879;0,0146583890587521;-0,0119914749872374;0,0127344470620015;0,181750307593271;0,855778683664959;FALSE;100;"1";"Combined"
"hs_builtdens300_s_Sqrt";"hs_correct_raven";0;-0,0107158786010963;-0,010373565181983;0,00815937684361573;-0,0267079633508733;0,00527620614868059;-0,0258919159767626;0,00333694352879778;-1,31332071143165;0,189074902359148;FALSE;100;"1";"Combined"
"hs_connind300_s_Log";"hs_correct_raven";0;0,00972464825252948;0,0110146581564542;0,00721064732347939;-0,00440796080671026;0,0238572573117692;-0,00604750182810442;0,0228435144061795;1,34865121205748;0,177449023073712;FALSE;100;"1";"Combined"
"hs_fdensity300_s_Log";"hs_correct_raven";0;-0,00202648297893924;-0,000931655867640489;0,00655075427751849;-0,0148657254344472;0,0108127594765687;-0,0134031511082456;0,0104024710087365;-0,309351090437618;0,757054470992786;FALSE;100;"1";"Combined"
"hs_landuseshan300_s_None";"hs_correct_raven";0;-0,00169427299306735;-0,00107544233638874;0,00497016581778307;-0,0114356189931142;0,00804707300697953;-0,0101747094934523;0,00943756122356528;-0,340888625285962;0,733187428213298;FALSE;100;"1";"Combined"
"hs_popdens_s_Sqrt";"hs_correct_raven";0;0,00209207295440334;0,00208417608557314;0,00655660875172207;-0,010758644059692;0,0149427899684987;-0,0109655813759389;0,0143791219226659;0,319078510495821;0,749666978760174;FALSE;100;"1";"Combined"
"h_Absorbance_Log";"hs_correct_raven";0;0,00950708320517939;0,00923399425672972;0,00667780253550915;-0,0035811692602888;0,0225953356706476;-0,00337290165984151;0,0220005113230415;1,42368438638692;0,154537855490714;FALSE;100;"1";"Combined"
"h_Benzene_Log";"hs_correct_raven";0;-0,00743044326448113;-0,00693301357385294;0,00663589998454059;-0,0204365682391906;0,00557568171022833;-0,0192370825106896;0,00413803072376433;-1,11973406497861;0,262827104058794;FALSE;100;"1";"Combined"
"h_NO2_Log";"hs_correct_raven";0;0,00371888380544535;0,00274192583588972;0,00607726329503054;-0,00819233337738172;0,0156301009882724;-0,0109868078581282;0,0134130787180219;0,611933961868385;0,540581450618657;FALSE;100;"1";"Combined"
"h_PM_Log";"hs_correct_raven";0;-0,00851804658120362;-0,0075218083581634;0,00566627655108348;-0,0196237445477711;0,00258765138536383;-0,0183349317052692;0,0020857800529325;-1,50328818306174;0,132764746034255;FALSE;100;"1";"Combined"
"h_TEX_Log";"hs_correct_raven";0;0,000309259617909649;-0,00101282369907776;0,00604522217285833;-0,0115391581194356;0,0121576773552549;-0,0110277485961029;0,0108741142364134;0,0511576926482792;0,959199864049376;FALSE;100;"1";"Combined"
"hs_KIDMED_None";"hs_correct_raven";0;0,00562380896059047;0,00497890544547431;0,00473576824923815;-0,00365812624704462;0,0149057441682256;-0,0050958800946523;0,0140714305308771;1,18751777211547;0,235023450700431;FALSE;100;"1";"Combined"
"hs_mvpa_prd_alt_None";"hs_correct_raven";0;-0,0219479326821656;-0,0230069273878833;0,00642835731086543;-0,0345472814912165;-0,00934858387311456;-0,035343383039498;-0,0101392038501024;-3,41423658032642;0,000639610101422754;TRUE;100;"1";"Combined"
"hs_sd_wk_None";"hs_correct_raven";0;-0,0181809961903187;-0,0173741204829354;0,00537279574158951;-0,0287114823401243;-0,00765051004051307;-0,0277452469159354;-0,00654288319492435;-3,38389863764669;0,000714643810014222;TRUE;100;"1";"Combined"
"hs_dif_hours_total_None";"hs_correct_raven";0;-0,00364869552237323;-0,00386402703744479;0,00482151146838872;-0,013098684351462;0,00580129330671549;-0,013984042614812;0,00445486258679543;-0,756753467516395;0,449197575459187;FALSE;100;"1";"Combined"
"hs_as_c_Log2";"hs_correct_raven";0;0,0172499164892302;0,0183386508402278;0,00569913111046357;0,00607982476954986;0,0284200082089106;0,00867347136459602;0,02965912812595;3,0267625283369;0,00247188067810345;TRUE;100;"1";"Combined"
"hs_cd_c_Log2";"hs_correct_raven";0;-0,00679488589655506;-0,00703156498758528;0,00479215728762907;-0,0161873415885592;0,00259756979544907;-0,0158034743094507;0,0025543455484978;-1,41791796235404;0,156214717519627;FALSE;100;"1";"Combined"
"hs_co_c_Log2";"hs_correct_raven";0;0,00701204491407938;0,00734390867596533;0,00531444796677974;-0,00340408169852104;0,0174281715266798;-0,00329021263878687;0,0168547113245093;1,31943053312615;0,187025219685244;FALSE;100;"1";"Combined"
"hs_cs_c_Log2";"hs_correct_raven";0;0,0042561745347423;0,00497334374375726;0,00599767009357165;-0,0074990428398111;0,0160113919092957;-0,00730858522308933;0,0160565300955161;0,709637987475187;0,477928656441044;FALSE;100;"1";"Combined"
"hs_cu_c_Log2";"hs_correct_raven";0;-0,00194620923696181;-0,00172361375134467;0,00469362065230353;-0,0111455366725701;0,00725311819864649;-0,0102624944272683;0,00641050015982415;-0,414649879300888;0,678398228266418;FALSE;100;"1";"Combined"
"hs_hg_c_Log2";"hs_correct_raven";0;-0,0141263777441937;-0,014403222406212;0,00615236569005845;-0,0261847929164282;-0,00206796257195926;-0,0257480139208188;-0,000994652757735491;-2,29608876582555;0,0216708065081578;TRUE;100;"1";"Combined"
"hs_mn_c_Log2";"hs_correct_raven";0;-0,000807050086409167;-0,000982864364729948;0,00463610187351933;-0,00989364278716572;0,00827954261434738;-0,00977318795116525;0,00747116680991717;-0,174079454771887;0,861803019383829;FALSE;100;"1";"Combined"
"hs_mo_c_Log2";"hs_correct_raven";0;-0,00663316457658869;-0,00573579140094391;0,00408776900790532;-0,0146450446092021;0,00137871545602478;-0,0130004739951271;0,0024538002862194;-1,62268576423003;0,104656596096041;FALSE;100;"1";"Combined"
"hs_pb_c_Log2";"hs_correct_raven";0;0,00107557815923624;0,0011547102842914;0,00446338459411061;-0,00767249489437149;0,00982365121284397;-0,00643456320301809;0,00950108352418461;0,240978149329872;0,809572051860634;FALSE;100;"1";"Combined"
"hs_hum_mt_hs_h_None";"hs_correct_raven";0;0,00116304565511288;0,000891833802097902;0,00730750354315274;-0,0131593981063653;0,0154854894165911;-0,0113043902766744;0,0143512132099705;0,159157727156038;0,873544608097894;FALSE;100;"1";"Combined"
"hs_tm_mt_hs_h_None";"hs_correct_raven";0;0,00333204006049604;0,00400824047722881;0,00854663432246166;-0,0134190554005627;0,0200831355215548;-0,00957339427693297;0,0235351522042468;0,389865757066382;0,696635816184233;FALSE;100;"1";"Combined"
"hs_uvdvf_mt_hs_h_None";"hs_correct_raven";0;0,00604853177159834;0,00575131324998387;0,0089423482448684;-0,0114781487255587;0,0235752122687554;-0,0142157104428658;0,0202180863669184;0,676391883426069;0,498791869134693;FALSE;100;"1";"Combined"
"hs_hum_dy_hs_h_None";"hs_correct_raven";0;0,0031524055202858;0,00248472577388735;0,00545375778854003;-0,00753676332565748;0,0138415743662291;-0,00590194230895214;0,0136058186587046;0,578024481928761;0,563247590589512;FALSE;100;"1";"Combined"
"hs_hum_wk_hs_h_None";"hs_correct_raven";0;-0,00183453155937354;-0,00121277997070179;0,00753550177385632;-0,0166038436415696;0,0129347805228225;-0,0139948172425996;0,0130870481618805;-0,243451811760998;0,807655410856277;FALSE;100;"1";"Combined"
"hs_tm_dy_hs_h_None";"hs_correct_raven";0;-0,000422163397199727;-0,00160823954275968;0,00840141636215045;-0,0168886368861401;0,0160443100917407;-0,0187009541470369;0,0129787797622089;-0,0502490745610028;0,959923905075263;FALSE;100;"1";"Combined"
"hs_tm_wk_hs_h_None";"hs_correct_raven";0;-0,00317311772682417;-0,00304973302932394;0,0100475176670759;-0,0228658904883228;0,0165196550346745;-0,0222233093615657;0,0174657815152529;-0,315811111954744;0,752145883333683;FALSE;100;"1";"Combined"
"hs_uvdvf_dy_hs_h_None";"hs_correct_raven";0;0,00220290827092358;0,00209091539872809;0,00851650643720477;-0,0144891376201013;0,0188949541619485;-0,0131017389785547;0,0192649636454275;0,258663371790582;0,795894983006068;FALSE;100;"1";"Combined"
"hs_uvdvf_wk_hs_h_None";"hs_correct_raven";0;-0,0135062279955344;-0,013213624393268;0,00924383321500048;-0,0316238081760304;0,00461135218496164;-0,0283535474375749;0,00419429512231492;-1,46110684619635;0,143986121705089;FALSE;100;"1";"Combined"
"hs_ndvi100_h_None";"hs_correct_raven";0;-0,0105091155433026;-0,0115693883688499;0,00827364253680222;-0,0267251569363936;0,00570692584978832;-0,0275368060929292;0,00330923134517939;-1,27019211871395;0,204016204337009;FALSE;100;"1";"Combined"
"hs_ndvi100_s_None";"hs_correct_raven";0;-0,00707918539895433;-0,00840096317364756;0,00840601314159366;-0,0235546684100483;0,00939629761213964;-0,0246058999968474;0,00631054075830146;-0,842157308073422;0,39969990682295;FALSE;100;"1";"Combined"
"hs_dde_cadj_Log2";"hs_correct_raven";0;-0,0122771286795039;-0,0125289664778729;0,00620800936386828;-0,0244446034483731;-0,000109653910634628;-0,023151680543912;3,13797435964465e-05;-1,9776272811312;0,0479707692888039;TRUE;100;"1";"Combined"
"hs_ddt_cadj_Log2";"hs_correct_raven";0;-0,00450379992342437;-0,00539970545199758;0,00511047141776488;-0,0145201398462649;0,00551253999941614;-0,015485044714117;0,00487830863037586;-0,881288545664963;0,37816166416507;FALSE;100;"1";"Combined"
"hs_hcb_cadj_Log2";"hs_correct_raven";0;-0,0108158928201808;-0,0107015843646415;0,00719603477205336;-0,0249198618049033;0,00328807616454168;-0,0273748245874553;0,000222553181256689;-1,50303509679881;0,132829993785613;FALSE;100;"1";"Combined"
"hs_pcb118_cadj_Log2";"hs_correct_raven";0;-0,00776003641523898;-0,00910107490660582;0,00741428455106553;-0,0222917671064591;0,00677169427598119;-0,0248171838922417;0,00240546086516076;-1,04663320672306;0,295268780409569;FALSE;100;"1";"Combined"
"hs_pcb138_cadj_Log2";"hs_correct_raven";0;0,0116444893392273;0,0107421060430388;0,00720020290019118;-0,00246764902652827;0,0257566277049828;-0,00545281913301893;0,0224326112372392;1,61724461110924;0,105825490157964;FALSE;100;"1";"Combined"
"hs_pcb153_cadj_Log2";"hs_correct_raven";0;-0,00719797755670272;-0,00588383074543864;0,00838822617254387;-0,023638598749065;0,00924264363565952;-0,0205688030718821;0,00893760352047914;-0,858104849421319;0,390834569823389;FALSE;100;"1";"Combined"
"hs_pcb170_cadj_Log2";"hs_correct_raven";0;0,00258610598273924;0,0037995200276243;0,00702082836175965;-0,011174464747947;0,0163466767134255;-0,00844435015777894;0,0195184975510247;0,368347700511378;0,71261398903422;FALSE;100;"1";"Combined"
"hs_pcb180_cadj_Log2";"hs_correct_raven";0;0,00578435167277937;0,00360693597378914;0,00579471812194452;-0,00557308714679347;0,0171417904923522;-0,0104666145329029;0,013953330414036;0,998211052039633;0,318177028318026;FALSE;100;"1";"Combined"
"hs_sumPCBs5_cadj_Log2";"hs_correct_raven";0;-0,0089242210114914;-0,00750357549457201;0,00788115884410042;-0,0243710085023676;0,00652256647938475;-0,0223960374157829;0,00765069185822936;-1,13234883194516;0,25748780777911;FALSE;100;"1";"Combined"
"hs_pfhxs_c_Log2";"hs_correct_raven";0;0,0300588142974547;0,0315983211228532;0,00683378558631854;0,0166648406702014;0,043452787924708;0,0185812860947442;0,0429253072968414;4,39855976131786;1,08971621426075e-05;TRUE;100;"1";"Combined"
"hs_pfna_c_Log2";"hs_correct_raven";0;-0,00335200164699044;-0,00418724839563327;0,00570516427688295;-0,0145339181555655;0,00782991486158464;-0,0146201070107982;0,00759020419016446;-0,587538146898345;0,556842338392036;FALSE;100;"1";"Combined"
"hs_pfoa_c_Log2";"hs_correct_raven";0;-0,00434969094932299;-0,00420913596420296;0,00564885830469983;-0,0154212497803046;0,00672186788165866;-0,0149025771537042;0,00692765849437852;-0,770012401568661;0,441292536239986;FALSE;100;"1";"Combined"
"hs_pfos_c_Log2";"hs_correct_raven";0;0,00689816481274347;0,007036706146082;0,00683162761813561;-0,00649157927459148;0,0202879089000784;-0,00492651268339415;0,0197350196083364;1,00973958159418;0,312620073480778;FALSE;100;"1";"Combined"
"hs_pfunda_c_Log2";"hs_correct_raven";0;0,00581306329552545;0,00673558971792849;0,00646895989754132;-0,00686586512108946;0,0184919917121403;-0,00353536899944108;0,0206598548193792;0,898608646149567;0,368861151716683;FALSE;100;"1";"Combined"
"hs_hm_pers_None";"hs_correct_raven";0;-0,00636707456912482;-0,00750556596795778;0,00536937180539272;-0,0168908499272994;0,00415670078904971;-0,018917288689177;0,00231509466114735;-1,18581368545387;0,235695885722031;FALSE;100;"1";"Combined"
"hs_trafload_h_pow1over3";"hs_correct_raven";0;-0,00146318200060516;-0,000585559572216343;0,0053469262729715;-0,0119429649236203;0,00901660092240996;-0,0109316535319714;0,00953992691209292;-0,273649181961137;0,784354234326843;FALSE;100;"1";"Combined"
"hs_trafnear_h_pow1over3";"hs_correct_raven";0;-0,0113368124662385;-0,0120380876584422;0,00713551082626657;-0,0253221566970166;0,00264853176453966;-0,0265748729406099;0,000782404090987056;-1,58878778860603;0,112108311114043;FALSE;100;"1";"Combined"
"FAS_cat_None_Low";"hs_correct_raven";0;-0,0303092864341302;-0,027397181222299;0,0216078401243085;-0,0726598748614743;0,0120413019932138;-0,0738051541094211;0,0120224966165758;-1,40269856958229;0,160706744056012;FALSE;100;"1";"Combined"
"FAS_cat_None_Middle";"hs_correct_raven";0;0,0182179678080691;0,0214038531207182;0,0113274265356561;-0,00398338023934006;0,0404193158554784;0,00120929934228982;0,0425966726687849;1,60830597759546;0,10776818213658;FALSE;100;"1";"Combined"
"hs_globalexp2_None_no exposure";"hs_correct_raven";0;0,0299268590388614;0,031749313318907;0,00993831295282644;0,0104481235842337;0,0494055944934891;0,0136332815103683;0,0502816371819625;3,01126148682511;0,00260164704148345;TRUE;100;"1";"Combined"
"h_abs_ratio_preg_Log";"hs_Gen_Tot";0;-0,0134945483446035;-0,00892770240831516;0,00593549648686218;-0,0251279076892174;-0,00186118899998963;-0,02053759002282;0,000734227779454107;-2,27353320391526;0,0229940675441917;TRUE;100;"1";"Combined"
"h_no2_ratio_preg_Log";"hs_Gen_Tot";0;-0,00399262427895783;-0,00301270953608721;0,00475439002548721;-0,0133110574973692;0,00532580893945356;-0,010720147625853;0,00613601428357133;-0,839776345136658;0,401033798813498;FALSE;100;"1";"Combined"
"h_pm10_ratio_preg_None";"hs_Gen_Tot";0;-0,00800108211341189;-0,00821815239184041;0,00418768120565504;-0,016208786455231;0,000206622228407262;-0,0156948121779369;-0,000131080753568126;-1,91062349794135;0,0560529824245963;FALSE;100;"1";"Combined"
"h_pm25_ratio_preg_None";"hs_Gen_Tot";0;-0,00286175357338433;-0,000872437970776639;0,00462195381630159;-0,0119206165915429;0,00619710944477425;-0,0101389699906341;0,00588295314263959;-0,619165332914177;0,535807447119169;FALSE;100;"1";"Combined"
"h_accesslines300_preg_dic0";"hs_Gen_Tot";0;0,0185574009683781;0,0158716909197276;0,0115816396425664;-0,00414219561297344;0,0412569975497297;-0,00515996512453456;0,0352323889840728;1,60231206816118;0,109086618337465;FALSE;100;"1";"Combined"
"h_accesspoints300_preg_Log";"hs_Gen_Tot";0;0,00266559323675902;0,00320591441005534;0,0047991398724676;-0,00674054807004763;0,0120717345435657;-0,00784897329446072;0,0106458768545581;0,555431453884347;0,578599583243263;FALSE;100;"1";"Combined"
"h_builtdens300_preg_Sqrt";"hs_Gen_Tot";0;-0,00378299387719238;-0,00346437906870045;0,00427668174625785;-0,0121651360731976;0,00459914831881288;-0,0117154817017248;0,00382414962342729;-0,884562869449554;0,376392440193812;FALSE;100;"1";"Combined"
"h_connind300_preg_Sqrt";"hs_Gen_Tot";0;-0,00403082063800808;-0,00310351080223162;0,00432051761117217;-0,0124988795504766;0,00443723827446039;-0,0144753233416067;0,00283969902866914;-0,932948549401819;0,350846533768085;FALSE;100;"1";"Combined"
"h_fdensity300_preg_Log";"hs_Gen_Tot";0;-0,00896916358666574;-0,00807079829158719;0,00458903271103256;-0,0179635024241658;2,51752508342844e-05;-0,016414827595557;0,000903787280380491;-1,95447802433459;0,0506447112773509;FALSE;100;"1";"Combined"
"h_frichness300_preg_None";"hs_Gen_Tot";0;0,00086861157264796;0,0019162109839411;0,00441944554916768;-0,00779334253535654;0,00953056568065246;-0,00921308528186755;0,00823525208261717;0,196543109986171;0,844185093716293;FALSE;100;"1";"Combined"
"h_landuseshan300_preg_None";"hs_Gen_Tot";0;0,0070609749500452;0,00609475760888471;0,0040743919731988;-0,000924686576323538;0,0150466364764139;-0,0011995245416161;0,0147442280111872;1,73301317018393;0,0830933279567262;FALSE;100;"1";"Combined"
"h_popdens_preg_Sqrt";"hs_Gen_Tot";0;0,00302917220189863;0,00186867259035125;0,00420198720204208;-0,00520657137760209;0,0112649157813993;-0,00527485277650558;0,00978245027326486;0,720890392152196;0,47097695462665;FALSE;100;"1";"Combined"
"h_walkability_mean_preg_None";"hs_Gen_Tot";0;-0,00160376652522345;-0,00162799523365162;0,00367702768651601;-0,00881060836095147;0,00560307531050457;-0,00902871552222871;0,00613001102647816;-0,436158403458478;0,66272180552652;FALSE;100;"1";"Combined"
"hs_as_m_Log2";"hs_Gen_Tot";0;0,00529650464193726;0,00426505455890018;0,00370873894133037;-0,00197249011113148;0,012565499395006;-0,00219321581999716;0,0110183445213597;1,42811471115229;0,153258843851801;FALSE;100;"1";"Combined"
"hs_cd_m_Log2";"hs_Gen_Tot";0;0,00023716440864649;0,000412748974286098;0,0043838777348601;-0,00835507806430633;0,00882940688159931;-0,00911964865893162;0,00798438597061384;0,0540992297208898;0,956856105944272;FALSE;100;"1";"Combined"
"hs_co_m_Log2";"hs_Gen_Tot";0;-0,000330333092058183;0,000769950213478026;0,00352276510695332;-0,00723482582768108;0,00657415964356472;-0,00637414590117655;0,00755515367888553;-0,0937709674159551;0,925291094685595;FALSE;100;"1";"Combined"
"hs_cs_m_Log2";"hs_Gen_Tot";0;-0,004819597961857;-0,0043190065169342;0,00370857727354522;-0,0120882758518894;0,00244907992817538;-0,0121270266979484;0,00176384336751825;-1,29958137753718;0,193744485699099;FALSE;100;"1";"Combined"
"hs_cu_m_Log2";"hs_Gen_Tot";0;-0,00645650183867225;-0,0049603074911004;0,00426226618749835;-0,0148103900586919;0,00189738638134736;-0,0151819404194174;0,00157141588922278;-1,51480493114433;0,129821811333595;FALSE;100;"1";"Combined"
"hs_hg_m_Log2";"hs_Gen_Tot";0;0,00158711137681417;0,0008214298736488;0,00356794398618841;-0,00540593033497139;0,00858015308859973;-0,00539067401203036;0,00802641939815652;0,444825194273764;0,656446085733035;FALSE;100;"1";"Combined"
"hs_mn_m_Log2";"hs_Gen_Tot";0;-0,00125012290716019;-0,000950962042597286;0,00290239277985008;-0,00693870822465543;0,00443846241033506;-0,00704305640840258;0,0046480465914304;-0,430721477754214;0,666670900094143;FALSE;100;"1";"Combined"
"hs_mo_m_Log2";"hs_Gen_Tot";0;-0,00713206551971197;-0,0053112234381561;0,00363490708981888;-0,0142563525029063;-7,77853651766532e-06;-0,0122645035454259;0,00159165687477705;-1,96210393924191;0,0497503844258658;TRUE;100;"1";"Combined"
"hs_pb_m_Log2";"hs_Gen_Tot";0;-0,00420360935325981;-0,00361212817227331;0,003176205851374;-0,0104288584294382;0,00202163972291862;-0,00992689454381098;0,00217228600823236;-1,32346880207445;0,185679524609628;FALSE;100;"1";"Combined"
"h_humidity_preg_None";"hs_Gen_Tot";0;0,0107857290531758;0,00921564245382208;0,00488061430582753;0,00121990079132289;0,0203515573150287;-0,000595956464854619;0,018557639395537;2,20991219082759;0,0271112570056404;TRUE;100;"1";"Combined"
"h_pressure_preg_None";"hs_Gen_Tot";0;0,00281233727408824;0,00157989042199632;0,00423584804497055;-0,00548977233803845;0,0111144468862149;-0,00675658762871002;0,00855415871643034;0,663937243317185;0,506730478117801;FALSE;100;"1";"Combined"
"h_temperature_preg_None";"hs_Gen_Tot";0;0,000141792485276816;0,000988929512491966;0,00409861557873816;-0,00789134643552476;0,00817493140607839;-0,00794257017955492;0,00770460484884109;0,0345952145432653;0,972402517458676;FALSE;100;"1";"Combined"
"h_ndvi100_preg_None";"hs_Gen_Tot";0;0,00291317942315986;0,00249007825748788;0,00385546683380766;-0,00464339671469183;0,0104697555610115;-0,0058044556258725;0,00978999438058418;0,755597064826206;0,449890816279858;FALSE;100;"1";"Combined"
"hs_dde_madj_Log2";"hs_Gen_Tot";0;-0,00110788140698223;-0,00134982871208085;0,00427144293517494;-0,00947975572194316;0,0072639929079787;-0,00807042498023868;0,00837361762053423;-0,259369356865083;0,795350270585986;FALSE;100;"1";"Combined"
"hs_ddt_madj_Log2";"hs_Gen_Tot";0;-0,00193037525863639;-0,00137613023044174;0,00312271654739456;-0,00805078722545698;0,00419003670818421;-0,00784266139790188;0,00318096579042583;-0,618171783874204;0,536462107534284;FALSE;100;"1";"Combined"
"hs_hcb_madj_Log2";"hs_Gen_Tot";0;-0,00526030483697839;-0,00494670338604352;0,00423257181401597;-0,013555993154429;0,00303538348047226;-0,0146792157991894;0,00211014398919088;-1,24281525940307;0,213935918105395;FALSE;100;"1";"Combined"
"hs_pcb118_madj_Log2";"hs_Gen_Tot";0;0,014225405515614;0,0110293570655554;0,00454169523718129;0,00532384642198163;0,0231269646092465;0,00313531476209289;0,0193339575617234;3,13217967580818;0,00173513652391223;TRUE;100;"1";"Combined"
"hs_pcb138_madj_Log2";"hs_Gen_Tot";0;-0,00892391797875675;-0,00629099603330253;0,00532817385017296;-0,0193669468284639;0,00151911087095036;-0,018579891329967;0,00185715961919113;-1,67485488080819;0,0939627079882162;FALSE;100;"1";"Combined"
"hs_pcb153_madj_Log2";"hs_Gen_Tot";0;0,00228775241290409;0,0011616767628381;0,00438941771558522;-0,00631534822274502;0,0108908530485532;-0,00770060346369832;0,00918256654283465;0,521197243265573;0,602229374364903;FALSE;100;"1";"Combined"
"hs_pcb170_madj_Log2";"hs_Gen_Tot";0;0,00173183538176695;0,00252585278664286;0,00573649002819695;-0,00951147847117223;0,0129751492347061;-0,00647008417960646;0,0141548478950116;0,301898089817004;0,762729751968043;FALSE;100;"1";"Combined"
"hs_pcb180_madj_Log2";"hs_Gen_Tot";0;0,00592821584312198;0,00549274398749923;0,00445030132339486;-0,00279421447108289;0,0146506461573269;-0,00248084313384881;0,0143506842397551;1,33209313534745;0,182829585811251;FALSE;100;"1";"Combined"
"hs_sumPCBs5_madj_Log2";"hs_Gen_Tot";0;0,00507430657102526;0,00576755536819644;0,00465769490996584;-0,00405460770348331;0,0142032208455338;-0,00338799791523072;0,0151563906857076;1,08944588881681;0,275957304604194;FALSE;100;"1";"Combined"
"hs_pfhxs_m_Log2";"hs_Gen_Tot";0;0,00142118167884679;0,00127898633702298;0,00355447298793972;-0,00554545736153553;0,00838782071922911;-0,00703395636238801;0,00711633052067054;0,399829083993278;0,689282407605592;FALSE;100;"1";"Combined"
"hs_pfna_m_Log2";"hs_Gen_Tot";0;-0,00819029876274618;-0,00629954160019867;0,00562901849153749;-0,0192229722744696;0,00284237474897729;-0,0180509545241356;0,00313653594764963;-1,4550136538118;0,145665481570417;FALSE;100;"1";"Combined"
"hs_pfoa_m_Log2";"hs_Gen_Tot";0;-0,00239644522355206;-0,00189915702949058;0,00400069059774187;-0,0102376547084141;0,00544476426131002;-0,00904358608875706;0,00673290551132026;-0,599007887514396;0,549167624801988;FALSE;100;"1";"Combined"
"hs_pfos_m_Log2";"hs_Gen_Tot";0;0,0011022844178114;0,00110614857141775;0,0043333686927226;-0,0073909621516583;0,00959553098728111;-0,0067808109872385;0,00844487898542757;0,254371251553685;0,799208758603621;FALSE;100;"1";"Combined"
"hs_pfunda_m_Log2";"hs_Gen_Tot";0;0,00268493785278053;0,00193730264204145;0,00268864357207719;-0,00258470671575589;0,00795458242131695;-0,00243338443034459;0,00726314732220528;0,998621714185121;0,317977977162169;FALSE;100;"1";"Combined"
"e3_asmokcigd_p_None";"hs_Gen_Tot";0;0,000617783711627843;0,000221248589923363;0,00343914155412909;-0,00612280987220028;0,00735837729545597;-0,00542628298897914;0,0069146758983397;0,179633115387798;0,857440605224427;FALSE;100;"1";"Combined"
"h_distinvnear1_preg_Log";"hs_Gen_Tot";0;-0,00023649526269315;-0,000664106401596753;0,00294805249296519;-0,00601457197343844;0,00554158144805214;-0,00539037037642938;0,00531176990882487;-0,0802208452045845;0,936061611513506;FALSE;100;"1";"Combined"
"h_trafload_preg_pow1over3";"hs_Gen_Tot";0;-0,00272354528605375;-0,00234920235919196;0,0034008207527055;-0,00938903147923293;0,00394194090712544;-0,00982231081659666;0,00380832320013411;-0,800849407863395;0,423218831830833;FALSE;100;"1";"Combined"
"h_trafnear_preg_pow1over3";"hs_Gen_Tot";0;-0,00136989894710904;-0,00120886726998987;0,00395771215961706;-0,00912687224113472;0,00638707434691664;-0,00730136860009776;0,00708909301301465;-0,346134052164517;0,729241973375001;FALSE;100;"1";"Combined"
"h_bro_preg_Log";"hs_Gen_Tot";0;-0,00057936437403582;0,000973998505049365;0,00517199788078919;-0,0107162939485001;0,00955756520042847;-0,00948885483974515;0,0119450547710758;-0,112019453099122;0,910807982305938;FALSE;100;"1";"Combined"
"h_clf_preg_Log";"hs_Gen_Tot";0;-0,00255865961736087;-0,00325803949422029;0,00328969225922547;-0,009006337965663;0,00388901873094126;-0,00916936754329879;0,00221470873207446;-0,777780842626077;0,436698223599188;FALSE;100;"1";"Combined"
"h_thm_preg_Log";"hs_Gen_Tot";0;-0,000741661133647847;-0,000573830593594859;0,00517228220835335;-0,0108791479798977;0,00939582571260201;-0,0107701636578884;0,0119292336157236;-0,143391467010452;0,885981021676187;FALSE;100;"1";"Combined"
"e3_alcpreg_yn_None_1";"hs_Gen_Tot";0;-0,00895553938230349;-0,0062290001441023;0,00587210389191573;-0,0204646515239358;0,00255357275932882;-0,0181580085430883;0,00362709875241788;-1,52509893338788;0,127234423228086;FALSE;100;"1";"Combined"
"h_pamod_t3_None_Often";"hs_Gen_Tot";0;0,0214661108967649;0,0230884826131746;0,00748267228152738;0,00680034271685506;0,0361318790766747;0,00891104415234888;0,0364840961687608;2,86877603202785;0,00412063468557143;TRUE;100;"1";"Combined"
"h_pamod_t3_None_Sometimes";"hs_Gen_Tot";0;0,0118938162657751;0,013136428697514;0,00933227135960011;-0,00639709949299574;0,030184732024546;-0,00586846098458414;0,0305956815213613;1,27448247135891;0,202492480918314;FALSE;100;"1";"Combined"
"h_pamod_t3_None_Very Often";"hs_Gen_Tot";0;0,0224499938203489;0,0231056591074265;0,00673091101871705;0,00925765064051965;0,0356423370001781;0,0103028907510526;0,0349907472211115;3,33535739187769;0,000851898358817043;TRUE;100;"1";"Combined"
"h_pavig_t3_None_Low";"hs_Gen_Tot";0;0,0446275287586133;0,0414824286038129;0,00834733358980225;0,0282670555556595;0,0609880019615672;0,024898928221413;0,0570747039232083;5,34632146643016;8,97597314804218e-08;TRUE;100;"1";"Combined"
"h_pavig_t3_None_Medium";"hs_Gen_Tot";0;0,0540876495484977;0,0477257201057391;0,0101687817807616;0,0341572034915579;0,0740180956054374;0,0244429542019249;0,0666086271195412;5,31899009287687;1,04344816603059e-07;TRUE;100;"1";"Combined"
"hs_no2_dy_hs_h_Log";"hs_Gen_Tot";0;0,00681584203545296;0,00485268893832988;0,00502507170476978;-0,00303311752562709;0,016664801596533;-0,00498172408378752;0,0145865477121151;1,35636711989272;0,174982389407704;FALSE;100;"1";"Combined"
"hs_no2_wk_hs_h_Log";"hs_Gen_Tot";0;-0,000841847089208635;-0,00220468572504347;0,00454706993083427;-0,00975394038882884;0,00807024621041157;-0,0104354006985685;0,00673974092296715;-0,18514056348682;0,853118786468715;FALSE;100;"1";"Combined"
"hs_no2_yr_hs_h_Log";"hs_Gen_Tot";0;-0,0100897498881961;-0,00883526260835953;0,00482969585945222;-0,0195557798290047;-0,000623719947387526;-0,0181817404195361;-0,0007412179612368;-2,08910668121045;0,0366981210708635;TRUE;100;"1";"Combined"
"hs_pm10_dy_hs_h_None";"hs_Gen_Tot";0;7,7884373502967e-05;0,00111092332168451;0,00425003797507089;-0,00825203699056351;0,00840780573756944;-0,00937427655873745;0,00680068019616497;0,0183255711972004;0,985379128024629;FALSE;100;"1";"Combined"
"hs_pm10_wk_hs_h_None";"hs_Gen_Tot";0;-0,0112239051167823;-0,00835181754814836;0,00594041352915566;-0,0228669016872018;0,000419091453637303;-0,02307376125021;0,00157576806359081;-1,88941477923972;0,0588362720785435;FALSE;100;"1";"Combined"
"hs_pm10_yr_hs_h_None";"hs_Gen_Tot";0;-0,00342234858648553;-0,00226727270479584;0,00525220470156804;-0,0137164806409908;0,00687178346801978;-0,0156755918077186;0,00649184522293701;-0,651602285315305;0,514657773091229;FALSE;100;"1";"Combined"
"hs_pm25_dy_hs_h_None";"hs_Gen_Tot";0;0,00650131840091425;0,00510894080105609;0,00444353245523285;-0,00220784517547697;0,0152104819773055;-0,00425283051452217;0,0149150076928199;1,46309686413072;0,143440875825801;FALSE;100;"1";"Combined"
"hs_pm25_wk_hs_h_None";"hs_Gen_Tot";0;-0,00123113560757476;-0,00134953453245967;0,00518865696411879;-0,0114007163853805;0,008938445170231;-0,0118997043038994;0,00787390388620175;-0,237274426906317;0,812443900052978;FALSE;100;"1";"Combined"
"hs_pm25_yr_hs_h_None";"hs_Gen_Tot";0;-0,00314672332353747;-0,00232523439759578;0,00674813646069994;-0,0163728277492709;0,010079381102196;-0,0166835860345758;0,00765341426723649;-0,466309971925357;0,640993641976954;FALSE;100;"1";"Combined"
"hs_pm25abs_dy_hs_h_Log";"hs_Gen_Tot";0;-0,0091392995005671;-0,00658411178990316;0,00467887127353159;-0,0183097186849881;3,1119683853869e-05;-0,0150474906855812;0,00310597716772226;-1,95331287532277;0,0507825327756478;FALSE;100;"1";"Combined"
"hs_pm25abs_wk_hs_h_Log";"hs_Gen_Tot";0;-0,00203740105385355;-0,00199207424235733;0,00396372491011586;-0,00980615912230489;0,00573135701459779;-0,00869119276470621;0,00547061425250025;-0,514011718788527;0,607243797495432;FALSE;100;"1";"Combined"
"hs_pm25abs_yr_hs_h_Log";"hs_Gen_Tot";0;-0,0048078318429212;-0,00274623525918771;0,00498574632475174;-0,0145797150754876;0,00496405138964515;-0,0133540609497489;0,00474173950420213;-0,964315376226166;0,334887834223721;FALSE;100;"1";"Combined"
"hs_accesslines300_h_dic0";"hs_Gen_Tot";0;0,0128704910839584;0,0136984748137001;0,0108157023870956;-0,00832789606225281;0,0340688782301696;-0,00584575719819751;0,033574963331485;1,18998199315418;0,234053469550694;FALSE;100;"1";"Combined"
"hs_accesspoints300_h_Log";"hs_Gen_Tot";0;0,00214259476695689;0,00215038780748778;0,00493246776614443;-0,00752486440959092;0,0118100539435047;-0,00558865674672092;0,0132443278973591;0,434385964296265;0,664008188340935;FALSE;100;"1";"Combined"
"hs_builtdens300_h_Sqrt";"hs_Gen_Tot";0;0,000303750875250055;0,000629100076885788;0,00371059200132576;-0,00696887580867083;0,00757637755917095;-0,00718966122910953;0,0072543120297195;0,0818604888765803;0,934757654254318;FALSE;100;"1";"Combined"
"hs_connind300_h_Log";"hs_Gen_Tot";0;0,00754001612857222;0,00550917730707171;0,00438122223168554;-0,00104702165379765;0,0161270539109421;-0,00232124995659713;0,0140929503294541;1,72098463164956;0,0852536126914675;FALSE;100;"1";"Combined"
"hs_fdensity300_h_Log";"hs_Gen_Tot";0;-0,00623875748691843;-0,00428595703900025;0,00396335852585447;-0,014006797455413;0,00152928248157609;-0,0126170866963657;0,00251230881460241;-1,57410878834723;0,115462301164818;FALSE;100;"1";"Combined"
"hs_landuseshan300_h_None";"hs_Gen_Tot";0;-0,0099584442614992;-0,00750113821633572;0,00430124738544477;-0,018388734225568;-0,00152815429743038;-0,0153619631864685;0,000759801324221024;-2,31524564134538;0,0205994927547082;TRUE;100;"1";"Combined"
"hs_popdens_h_Sqrt";"hs_Gen_Tot";0;0,00433159011481768;0,00322191425839935;0,00492365270690784;-0,00531859186310483;0,0139817720927402;-0,00893902609493112;0,0109990102361499;0,87975134979372;0,378994025055118;FALSE;100;"1";"Combined"
"hs_walkability_mean_h_None";"hs_Gen_Tot";0;-0,00219865624996027;-0,00142655645054761;0,00370376917076947;-0,00945791043171821;0,00506059793179766;-0,00825270568317377;0,00509145849756761;-0,593626694479855;0,552761822581427;FALSE;100;"1";"Combined"
"hs_accesslines300_s_dic0";"hs_Gen_Tot";0;0,0216886342107031;0,0195934584561296;0,0139273099145241;-0,00560839162329181;0,0489856600446981;-0,00347459190392415;0,0518643084497444;1,55727375521995;0,119405503732869;FALSE;100;"1";"Combined"
"hs_accesspoints300_s_Log";"hs_Gen_Tot";0;0,00611528663706046;0,00533514590548046;0,0039431319400974;-0,00161310995181999;0,0138436832259409;-0,00259061296795;0,01281447789399;1,55087040706769;0,120932743528074;FALSE;100;"1";"Combined"
"hs_builtdens300_s_Sqrt";"hs_Gen_Tot";0;0,005012886076854;0,00341655144677245;0,00396496929613379;-0,00275831094337535;0,0127840830970834;-0,00383623815980978;0,010570670425521;1,26429379459307;0,206124596045379;FALSE;100;"1";"Combined"
"hs_connind300_s_Log";"hs_Gen_Tot";0;0,00532555012192001;0,00442182165676976;0,00448412914483438;-0,00346318150398178;0,0141142817478218;-0,00283585887294557;0,0142463752109267;1,18764423367577;0,234973602982371;FALSE;100;"1";"Combined"
"hs_fdensity300_s_Log";"hs_Gen_Tot";0;0,0043017912075904;0,00291422282767317;0,00425028103648883;-0,00402860654810127;0,0126321889632821;-0,00389403592777129;0,0128119968777124;1,01211923885958;0,311481044660265;FALSE;100;"1";"Combined"
"hs_landuseshan300_s_None";"hs_Gen_Tot";0;0,003324132237422;0,00275430248765551;0,00355992910726998;-0,00365320060034299;0,010301465075187;-0,00435580798568125;0,0105765891792822;0,933763605189091;0,350425847048862;FALSE;100;"1";"Combined"
"hs_popdens_s_Sqrt";"hs_Gen_Tot";0;-0,000231875591267414;-0,000160072686225934;0,00330378718937294;-0,00670717949502318;0,00624342831248835;-0,00608667521869612;0,00660377470266638;-0,0701847843024732;0,944046584826369;FALSE;100;"1";"Combined"
"h_Absorbance_Log";"hs_Gen_Tot";0;-0,00390152546179998;-0,00333376511897673;0,00437265571474314;-0,0124717731794898;0,00466872225588982;-0,0126207247142465;0,00361994021574197;-0,892255351512202;0,372256079877943;FALSE;100;"1";"Combined"
"h_Benzene_Log";"hs_Gen_Tot";0;0,0135575835245938;0,00998489500343183;0,00582699176834267;0,00213688952043086;0,0249782775287568;-0,000808238173980587;0,0221342321155106;2,32668657578178;0,0199819528573659;TRUE;100;"1";"Combined"
"h_NO2_Log";"hs_Gen_Tot";0;0,00150942073638067;0,00137947149086061;0,00410740523305299;-0,00654094559031454;0,00955978706307588;-0,00706522958240021;0,00857899985002044;0,367487659662626;0,713255295082709;FALSE;100;"1";"Combined"
"h_PM_Log";"hs_Gen_Tot";0;0,0107872184567706;0,00795685635305133;0,00448296636183702;0,00200076584366551;0,0195736710698758;6,88170924787993e-05;0,0157215422607423;2,40626799000791;0,01611643732488;TRUE;100;"1";"Combined"
"h_TEX_Log";"hs_Gen_Tot";0;0,000914234194516121;0,00132731141211228;0,00373186438181257;-0,00640008558902435;0,00822855397805659;-0,00649575395536138;0,00724823797051602;0,244980551536569;0,806471490220056;FALSE;100;"1";"Combined"
"hs_KIDMED_None";"hs_Gen_Tot";0;-0,0094857094632372;-0,00650285088851548;0,00398765199134567;-0,0173013637491541;-0,00167005517732026;-0,0135061096713217;0,000703092002336352;-2,37877063590902;0,0173704805632452;TRUE;100;"1";"Combined"
"hs_mvpa_prd_alt_None";"hs_Gen_Tot";0;-0,00806976813938815;-0,00782028157053559;0,0039572606177011;-0,015825856427521;-0,000313679851255267;-0,0159334798567602;-0,00102402668763387;-2,03923090212748;0,0414269881320226;TRUE;100;"1";"Combined"
"hs_sd_wk_None";"hs_Gen_Tot";0;0,00991148025755672;0,00677206821443023;0,00520093852153056;-0,000282171930450171;0,0201051324455636;-0,00384037770183177;0,0168107386214652;1,90570994379682;0,0566878484570737;FALSE;100;"1";"Combined"
"hs_dif_hours_total_None";"hs_Gen_Tot";0;-0,0104161854287343;-0,00840803308324714;0,00439680956261653;-0,019033773818344;-0,00179859703912456;-0,0171240721195883;-0,00116843332407625;-2,36903265433576;0,0178346787541745;TRUE;100;"1";"Combined"
"hs_as_c_Log2";"hs_Gen_Tot";0;-0,0026261047268131;-0,00133467533890654;0,00376162762286185;-0,00999875939087335;0,00474654993724714;-0,00803343757930945;0,0051790995282186;-0,698129902825192;0,485095958919621;FALSE;100;"1";"Combined"
"hs_cd_c_Log2";"hs_Gen_Tot";0;0,00410856291906011;0,00297870655546357;0,00298122548534332;-0,00173453166200574;0,00995165750012595;-0,0025281409730735;0,00828109937165914;1,37814564488971;0,168158325243152;FALSE;100;"1";"Combined"
"hs_co_c_Log2";"hs_Gen_Tot";0;-0,00411640402566926;-0,00290762250697959;0,00372103495687458;-0,011409498526358;0,00317669047501947;-0,0110752128138954;0,00348791989157031;-1,10625244679958;0,268617267983139;FALSE;100;"1";"Combined"
"hs_cs_c_Log2";"hs_Gen_Tot";0;0,00565728498707086;0,00459232083636144;0,00342745072108857;-0,00106039498504858;0,0123749649591903;-0,00177748891761636;0,0116478441072073;1,65058098494676;0,0988241642483956;FALSE;100;"1";"Combined"
"hs_cu_c_Log2";"hs_Gen_Tot";0;0,000732789319945248;0,000896982669483773;0,00329459467791705;-0,0057244975924295;0,00719007623232;-0,0055914224521722;0,00709364595016309;0,222421691158847;0,823985627589488;FALSE;100;"1";"Combined"
"hs_hg_c_Log2";"hs_Gen_Tot";0;-0,00164080750136653;-0,00171319303309256;0,00384476087157315;-0,00917640033881873;0,00589478533608567;-0,00949500603762869;0,00483558840223933;-0,426764513106159;0,669550856234969;FALSE;100;"1";"Combined"
"hs_mn_c_Log2";"hs_Gen_Tot";0;0,0024136693265854;0,00190178886861124;0,00285236228227548;-0,00317685801753501;0,00800419667070581;-0,00322964976351591;0,00724593323446088;0,846200127376487;0,397441110900092;FALSE;100;"1";"Combined"
"hs_mo_c_Log2";"hs_Gen_Tot";0;-0,00213835310362568;-0,00255079512074031;0,00344730575286253;-0,00889494822293397;0,0046182420156826;-0,00748931308582627;0,0047796526980314;-0,620296909216732;0,535062329427756;FALSE;100;"1";"Combined"
"hs_pb_c_Log2";"hs_Gen_Tot";0;0,00731174560383135;0,00616277537477898;0,00355927934231412;0,000335686281978273;0,0142878049256844;-1,63386132629041e-05;0,0126377763285521;2,05427697593342;0,039948891846074;TRUE;100;"1";"Combined"
"hs_hum_mt_hs_h_None";"hs_Gen_Tot";0;0,000809670236803904;0,00127703055169209;0,00442644956040982;-0,00786601148098249;0,0094853519545903;-0,00655690215534372;0,00984949822023274;0,182916404164095;0,854863611389207;FALSE;100;"1";"Combined"
"hs_tm_mt_hs_h_None";"hs_Gen_Tot";0;-0,00745933092980893;-0,00600149178632666;0,00449290448154836;-0,0162652618996223;0,00134660004000445;-0,0139614342486136;0,00290717811471233;-1,66024694280575;0,0968647845546404;FALSE;100;"1";"Combined"
"hs_uvdvf_mt_hs_h_None";"hs_Gen_Tot";0;-0,00478192526478102;-0,00338394745160766;0,00420472699167921;-0,0130230387332957;0,00345918820373367;-0,0104046796649138;0,00374580024528445;-1,1372736622958;0,25542390141088;FALSE;100;"1";"Combined"
"hs_hum_dy_hs_h_None";"hs_Gen_Tot";0;-0,00566502236486834;-0,00480670018986735;0,003874555879966;-0,0132590123456896;0,00192896761595292;-0,0120589055368341;0,000635134584573955;-1,46210883011398;0,143711389399359;FALSE;100;"1";"Combined"
"hs_hum_wk_hs_h_None";"hs_Gen_Tot";0;-0,0033619712974251;-0,00257500454969517;0,0038379740526121;-0,010884262214144;0,00416031961929384;-0,0102163457473901;0,00448005294550988;-0,875975515034284;0,381043344776208;FALSE;100;"1";"Combined"
"hs_tm_dy_hs_h_None";"hs_Gen_Tot";0;-0,00505807448446394;-0,00402775167350316;0,00454385225074959;-0,0139638612470044;0,00384771227807653;-0,0122840928705508;0,0040573346120333;-1,11316878396068;0,265635946654089;FALSE;100;"1";"Combined"
"hs_tm_wk_hs_h_None";"hs_Gen_Tot";0;-0,000691807210793012;-0,000487686061058544;0,00374673551144163;-0,00803527387281587;0,00665165945122985;-0,00706729549122511;0,00610656457816171;-0,184642659904975;0,853509323435815;FALSE;100;"1";"Combined"
"hs_uvdvf_dy_hs_h_None";"hs_Gen_Tot";0;0,00724440883724839;0,00631620747105256;0,00358834161138208;0,000211388514713097;0,0142774291597837;-0,00036986605187882;0,0120379511386313;2,0188737923584;0,043500338801432;TRUE;100;"1";"Combined"
"hs_uvdvf_wk_hs_h_None";"hs_Gen_Tot";0;0,00506850545223958;0,00342917962844085;0,00423297407218477;-0,00322797127673443;0,0133649821812136;-0,00364385554087393;0,0134542468918368;1,19738636849801;0,231155994329747;FALSE;100;"1";"Combined"
"hs_ndvi100_h_None";"hs_Gen_Tot";0;-0,00775907893502407;-0,00558411187013778;0,00499730039712602;-0,0175536077333188;0,00203544986327063;-0,0169340850556608;0,00273145370611707;-1,55265409689727;0,120505794247061;FALSE;100;"1";"Combined"
"hs_ndvi100_s_None";"hs_Gen_Tot";0;0,00758324535833629;0,00599892342933421;0,00537241727925455;-0,00294649901892329;0,0181129897355959;-0,00251936933312367;0,0159072960168682;1,41151458722665;0,158092937490244;FALSE;100;"1";"Combined"
"hs_dde_cadj_Log2";"hs_Gen_Tot";0;-0,0054654765196853;-0,0051196815783243;0,00429896957112917;-0,0138913020497321;0,00296034901036148;-0,014409022979128;0,00326444631437959;-1,27134570953703;0,203605687609831;FALSE;100;"1";"Combined"
"hs_ddt_cadj_Log2";"hs_Gen_Tot";0;-0,00644744716737647;-0,004692203617998;0,00386544259583078;-0,0140235754395118;0,00112868110475888;-0,01198822984692;0,00273666430548383;-1,66797126267781;0,0953214316364263;FALSE;100;"1";"Combined"
"hs_hcb_cadj_Log2";"hs_Gen_Tot";0;-0,00189464368037217;-0,00447958089784608;0,0060713770108346;-0,0137943239581724;0,0100050365974281;-0,016632261942243;0,00851933175836866;-0,312061609251264;0,754993701993868;FALSE;100;"1";"Combined"
"hs_pcb118_cadj_Log2";"hs_Gen_Tot";0;0,0125449221734159;0,0097104800679445;0,0040780573347713;0,00455207667037476;0,020537767676457;0,00260659355707251;0,0181072069519595;3,07620053951974;0,00209656783919494;TRUE;100;"1";"Combined"
"hs_pcb138_cadj_Log2";"hs_Gen_Tot";0;0,00443238644946671;0,00430029438967668;0,00377964090254703;-0,00297557359401993;0,0118403464929533;-0,00350134029785858;0,0114445804054477;1,17270041354453;0,240915965537252;FALSE;100;"1";"Combined"
"hs_pcb153_cadj_Log2";"hs_Gen_Tot";0;0,00151382224096724;0,000363783043263849;0,00357251841768055;-0,00548818519179265;0,00851582967372713;-0,00602943733901396;0,00665337950464408;0,42374091998386;0,671754768974441;FALSE;100;"1";"Combined"
"hs_pcb170_cadj_Log2";"hs_Gen_Tot";0;-0,00492528541736254;-0,00464387917214383;0,00363636305158926;-0,0120524260331897;0,00220185519846457;-0,0112543042213251;0,00300138210288789;-1,3544537075884;0,175591672833015;FALSE;100;"1";"Combined"
"hs_pcb180_cadj_Log2";"hs_Gen_Tot";0;-0,00937253003996934;-0,0063904773890683;0,00565677511061451;-0,0204596055254163;0,00171454544547767;-0,017329674309242;0,0030179802675641;-1,65686806646821;0,097546151824778;FALSE;100;"1";"Combined"
"hs_sumPCBs5_cadj_Log2";"hs_Gen_Tot";0;-0,0105327758830602;-0,0081719890287762;0,00419420547574297;-0,0187532675592771;-0,00231228420684326;-0,0156417141234252;-0,00124475203335303;-2,51126844976387;0,0120298176746632;TRUE;100;"1";"Combined"
"hs_pfhxs_c_Log2";"hs_Gen_Tot";0;0,00545323017396093;0,00565315393377279;0,00471242113383377;-0,00378294552833867;0,0146894058762605;-0,00428673966360032;0,0155091503558139;1,15720348820448;0,247189232940457;FALSE;100;"1";"Combined"
"hs_pfna_c_Log2";"hs_Gen_Tot";0;0,00244155882367403;0,00185643995070971;0,0037466189515949;-0,00490167938524718;0,00978479703259525;-0,00583837733864966;0,00902946203078356;0,651669906979648;0,514614139719837;FALSE;100;"1";"Combined"
"hs_pfoa_c_Log2";"hs_Gen_Tot";0;-0,00729481460104802;-0,00567080756370155;0,00330145346368792;-0,0137655444865113;-0,000824084715584691;-0,0114713651206183;0,000891848150028888;-2,20957668532431;0,0271345548720099;TRUE;100;"1";"Combined"
"hs_pfos_c_Log2";"hs_Gen_Tot";0;-0,00841507368969514;-0,00667547448462896;0,00475991726161681;-0,0177443400918546;0,000914192712464316;-0,0164108101446768;0,00177618013607388;-1,7679033536051;0,0770770620748258;FALSE;100;"1";"Combined"
"hs_pfunda_c_Log2";"hs_Gen_Tot";0;-0,00108656009205448;-0,000838449916155245;0,00308261111786046;-0,00712836686140374;0,00495524667729478;-0,00580827243345234;0,00536980078902462;-0,352480429905354;0,72447799260365;FALSE;100;"1";"Combined"
"hs_hm_pers_None";"hs_Gen_Tot";0;0,00259478671937824;0,00250847330056843;0,00332358428172318;-0,00391931877238262;0,0091088922111391;-0,00512162234036537;0,0083771935751434;0,780719397924496;0,434967549134447;FALSE;100;"1";"Combined"
"hs_trafload_h_pow1over3";"hs_Gen_Tot";0;0,00281769634695246;0,0015823917846701;0,0035339611115328;-0,00410874015441696;0,00974413284832188;-0,00451950128071163;0,00797585759518713;0,797319568049895;0,425265458563462;FALSE;100;"1";"Combined"
"hs_trafnear_h_pow1over3";"hs_Gen_Tot";0;0,00336834678854761;0,0022575215638857;0,00381770372380907;-0,00411421501376262;0,0108509085908578;-0,00515936737311235;0,0102530161170439;0,882296540598724;0,377616466718703;FALSE;100;"1";"Combined"
"FAS_cat_None_Low";"hs_Gen_Tot";0;0,0220174621074321;0,0178411555319398;0,0193048330950966;-0,0158193154865142;0,0598542397013784;-0,00990942463259771;0,0566270597521023;1,14051553820605;0,254071582988895;FALSE;100;"1";"Combined"
"FAS_cat_None_Middle";"hs_Gen_Tot";0;0,00596681183840854;0,00501107489778615;0,00763825782000652;-0,00900389839343566;0,0209375220702527;-0,00766392802834338;0,0210823935981701;0,781174448285832;0,434699899793968;FALSE;100;"1";"Combined"
"hs_globalexp2_None_no exposure";"hs_Gen_Tot";0;0,00701698692298075;0,00687843642208855;0,00652051946968281;-0,00576299639808977;0,0197969702440513;-0,00496382648332629;0,0195944882439706;1,07613924866052;0,281864984705978;FALSE;100;"1";"Combined"
"h_abs_ratio_preg_Log";"hs_bmi_c_cat";0;-0,0490370494389052;-0,0467379813327483;0,0812391906579493;-0,208262937261669;0,110188838383858;-0,212220921093194;0,0954569644312245;-0,603613219700471;0,546100821665909;FALSE;100;"1";"Combined"
"h_no2_ratio_preg_Log";"hs_bmi_c_cat";0;-0,0582990245513271;-0,0612304665901961;0,0685616202174722;-0,192677330899286;0,0760792817966317;-0,185592276412151;0,0648256514478883;-0,850315735923495;0,395149570171984;FALSE;100;"1";"Combined"
"h_pm10_ratio_preg_None";"hs_bmi_c_cat";0;0,0139417269795435;0,0147248865450592;0,0764898672604211;-0,135975658033131;0,163859111992218;-0,127419802172135;0,142689254669516;0,182268939388754;0,855371673131254;FALSE;100;"1";"Combined"
"h_pm25_ratio_preg_None";"hs_bmi_c_cat";0;-0,110396838810122;-0,11129216361305;0,0729815109058794;-0,253437971722962;0,0326442941027192;-0,258490357246952;0,0342174650479588;-1,51266858468434;0,130363863255704;FALSE;100;"1";"Combined"
"h_accesslines300_preg_dic0";"hs_bmi_c_cat";0;-0,168344813438646;-0,186487571707355;0,167625696083132;-0,496885140645041;0,16019551376775;-0,500019979232959;0,110148778222651;-1,00429001860882;0,315238843319356;FALSE;100;"1";"Combined"
"h_accesspoints300_preg_Log";"hs_bmi_c_cat";0;-0,125662978799077;-0,123362477867682;0,0739491138095827;-0,270600578554513;0,0192746209563583;-0,253513103238281;0,00197313849967764;-1,69931689949195;0,0892594900868628;FALSE;100;"1";"Combined"
"h_builtdens300_preg_Sqrt";"hs_bmi_c_cat";0;-8,98191997038114e-05;0,000110531997057335;0,0673650726929341;-0,132122935493777;0,13194329709437;-0,122267322129545;0,133179143623254;-0,00133332001456049;0,998936164860977;FALSE;100;"1";"Combined"
"h_connind300_preg_Sqrt";"hs_bmi_c_cat";0;-0,0437123939781555;-0,0450763186260778;0,0711369804878919;-0,183138313703352;0,0957135257470412;-0,18253175752993;0,0698718361505033;-0,614481999072138;0,538896864673614;FALSE;100;"1";"Combined"
"h_fdensity300_preg_Log";"hs_bmi_c_cat";0;-0,0945575267426947;-0,102002878196157;0,0813833026529003;-0,254065868885302;0,0649508153999128;-0,247582100685113;0,0655158258791342;-1,16187871050137;0,245284736015453;FALSE;100;"1";"Combined"
"h_frichness300_preg_None";"hs_bmi_c_cat";0;-0,0684074425397174;-0,0687605748054961;0,0647068564711862;-0,195230550776045;0,0584156656966101;-0,179820462182388;0,0551532380326733;-1,05719001463437;0,290424876080578;FALSE;100;"1";"Combined"
"h_landuseshan300_preg_None";"hs_bmi_c_cat";0;0,0329511883717203;0,0270942174315432;0,0774461847878439;-0,118840544552488;0,184742921295928;-0,136476419330605;0,154442714872624;0,425472067629758;0,670492579645992;FALSE;100;"1";"Combined"
"h_popdens_preg_Sqrt";"hs_bmi_c_cat";0;0,115232654058494;0,119809787800832;0,063849132321575;-0,00990934573592521;0,240374653852913;0,0157756847504408;0,23869000739571;1,80476460475809;0,0711115253621098;FALSE;100;"1";"Combined"
"h_walkability_mean_preg_None";"hs_bmi_c_cat";0;-0,117150460337643;-0,123270957462274;0,0725495039969227;-0,259344875267856;0,0250439545925698;-0,297358348830875;0,00541242167240029;-1,61476583413461;0,106361414598652;FALSE;100;"1";"Combined"
"hs_as_m_Log2";"hs_bmi_c_cat";0;0,109639964049494;0,109334178835791;0,0710259829694283;-0,0295684045371411;0,248848332636128;-0,0223909239249145;0,228728948220481;1,54365993212211;0,122670737810326;FALSE;100;"1";"Combined"
"hs_cd_m_Log2";"hs_bmi_c_cat";0;-0,00858326581237023;-0,0135414576273103;0,0693988523820425;-0,144602517049585;0,127435985424845;-0,160182140262224;0,116077023594306;-0,123680226945528;0,901568468051315;FALSE;100;"1";"Combined"
"hs_co_m_Log2";"hs_bmi_c_cat";0;0,0350589469846493;0,031998822359703;0,0861238944332453;-0,133740784312841;0,20385867828214;-0,134365721290824;0,195654250944951;0,407075727536026;0,683952369989242;FALSE;100;"1";"Combined"
"hs_cs_m_Log2";"hs_bmi_c_cat";0;0,052166938836975;0,0557332024898234;0,068437355427222;-0,081967812997547;0,186301690671497;-0,0899691578291583;0,190289749018805;0,76225825079478;0,445905886023409;FALSE;100;"1";"Combined"
"hs_cu_m_Log2";"hs_bmi_c_cat";0;-0,104808861225264;-0,108008517845963;0,0690487324639418;-0,240141890032732;0,0305241675822031;-0,252151987202789;-0,00767961654215628;-1,5178969618305;0,129040375997959;FALSE;100;"1";"Combined"
"hs_hg_m_Log2";"hs_bmi_c_cat";0;-0,00209986776110702;0,000880006697773152;0,0781287997913321;-0,155229501507458;0,151029765985244;-0,12897722370661;0,16109017427903;-0,0268770001166712;0,978557838137568;FALSE;100;"1";"Combined"
"hs_mn_m_Log2";"hs_bmi_c_cat";0;0,0239056877016132;0,0244583864508322;0,0816007803681838;-0,13602890293039;0,183840278333616;-0,135921110433374;0,168369470502781;0,292959057422619;0,769553446765388;FALSE;100;"1";"Combined"
"hs_mo_m_Log2";"hs_bmi_c_cat";0;0,086626930927962;0,0780767917366541;0,0678897256279196;-0,0464344862230664;0,21968834807899;-0,0783947106333859;0,183303357311836;1,27599471240662;0,201957388251423;FALSE;100;"1";"Combined"
"hs_pb_m_Log2";"hs_bmi_c_cat";0;0,048404256961629;0,0469530037273436;0,0717647486473285;-0,0922520657467043;0,189060579669962;-0,0987030022302314;0,160443368031403;0,674485145896639;0,500002926281537;FALSE;100;"1";"Combined"
"h_humidity_preg_None";"hs_bmi_c_cat";0;-0,0112728325988316;-0,012007677328574;0,0742215096811957;-0,156744318452166;0,134198653254503;-0,167541086993308;0,119603953707357;-0,151880939194741;0,879280842190813;FALSE;100;"1";"Combined"
"h_pressure_preg_None";"hs_bmi_c_cat";0;-0,0862930034623723;-0,0856597822999924;0,0722337927496538;-0,227868635718424;0,0552826287936797;-0,240389935104993;0,063853140984238;-1,19463481256542;0,232229741610846;FALSE;100;"1";"Combined"
"h_temperature_preg_None";"hs_bmi_c_cat";0;0,0247051755688039;0,0252823886823603;0,0754115155582409;-0,12309867894493;0,172509030082538;-0,096943757589627;0,195887127961391;0,327604814542202;0,743210481193667;FALSE;100;"1";"Combined"
"h_ndvi100_preg_None";"hs_bmi_c_cat";0;-0,0669068808052431;-0,062946661260797;0,069784591423618;-0,203682166671377;0,0698684050608908;-0,197982244080226;0,0467435502220645;-0,958762950965692;0,337678177384759;FALSE;100;"1";"Combined"
"hs_dde_madj_Log2";"hs_bmi_c_cat";0;0,200476391816873;0,206402690904519;0,0735665786431812;0,0562885472104045;0,344664236423342;0,0702802149590686;0,359688554982751;2,72510147290172;0,00642817275603399;TRUE;100;"1";"Combined"
"hs_ddt_madj_Log2";"hs_bmi_c_cat";0;-0,0010924369182768;-0,00088574865170324;0,0727338198109352;-0,143648104205736;0,141463230369182;-0,1408233421034;0,121451634281437;-0,0150196555208635;0,988016499312777;FALSE;100;"1";"Combined"
"hs_hcb_madj_Log2";"hs_bmi_c_cat";0;-0,0364336400642016;-0,031503920430224;0,0699669089780615;-0,173566261770794;0,100698981642391;-0,149183473658077;0,115470803266309;-0,520726734914438;0,6025571474817;FALSE;100;"1";"Combined"
"hs_pcb118_madj_Log2";"hs_bmi_c_cat";0;-0,0555803934883149;-0,0639099505369417;0,0665383393448627;-0,18599314219535;0,0748323552187203;-0,183250570552977;0,0666142782171868;-0,835313806078724;0,40354104602388;FALSE;100;"1";"Combined"
"hs_pcb138_madj_Log2";"hs_bmi_c_cat";0;-0,027114442653202;-0,0217381172750004;0,0867964845768846;-0,197232426408582;0,143003541102178;-0,164964778781636;0,131485364993694;-0,312391023500312;0,754743371484717;FALSE;100;"1";"Combined"
"hs_pcb153_madj_Log2";"hs_bmi_c_cat";0;0,000760509484750762;-0,011664463882717;0,0864605101291707;-0,168698976453384;0,170219995422886;-0,180283794560556;0,156469895232555;0,00879603282023866;0,992981871715523;FALSE;100;"1";"Combined"
"hs_pcb170_madj_Log2";"hs_bmi_c_cat";0;-0,200124481190953;-0,201573969648421;0,074764474183812;-0,3466601579143;-0,0535888044676074;-0,36328981717991;-0,0811727645422743;-2,67673227660156;0,00743440140480295;TRUE;100;"1";"Combined"
"hs_pcb180_madj_Log2";"hs_bmi_c_cat";0;-0,0911945202195236;-0,0924048760286163;0,0699891166428947;-0,22837066814937;0,0459816277103228;-0,21147057148493;0,0421119075914656;-1,30298144331247;0,192581096924253;FALSE;100;"1";"Combined"
"hs_sumPCBs5_madj_Log2";"hs_bmi_c_cat";0;-0,0793063324274945;-0,0846782889476582;0,0699654276747405;-0,216436050832928;0,0578233859779388;-0,209101022359369;0,0422444923842759;-1,13350743450292;0,25700122090661;FALSE;100;"1";"Combined"
"hs_pfhxs_m_Log2";"hs_bmi_c_cat";0;-0,122618950435344;-0,119878059837789;0,0683584825774271;-0,25659911432491;0,0113612134542213;-0,231730523893155;0,0286216821844214;-1,79376349228435;0,0728509263132892;FALSE;100;"1";"Combined"
"hs_pfna_m_Log2";"hs_bmi_c_cat";0;0,0842189734575563;0,0855093945743477;0,066316565994338;-0,0457591074697198;0,214197054384832;-0,0436234919939266;0,207611226569415;1,26995377693029;0,204101095645256;FALSE;100;"1";"Combined"
"hs_pfoa_m_Log2";"hs_bmi_c_cat";0;-0,00629779179869919;-0,00999360062461753;0,0866744348616883;-0,176176562507971;0,163580978910573;-0,158575973138138;0,1741821286783;-0,0726603156830381;0,942076428535274;FALSE;100;"1";"Combined"
"hs_pfos_m_Log2";"hs_bmi_c_cat";0;0,0598838259358573;0,0570301895069506;0,0622694147686603;-0,0621619843491035;0,181929636220818;-0,0696108681337517;0,163552830600005;0,961689236334309;0,336205730785549;FALSE;100;"1";"Combined"
"hs_pfunda_m_Log2";"hs_bmi_c_cat";0;0,0183606781637999;0,0209195779420021;0,067561808783688;-0,11405803378261;0,15077939011021;-0,0968865902774247;0,150263508523037;0,271761199031617;0,785805641391799;FALSE;100;"1";"Combined"
"e3_asmokcigd_p_None";"hs_bmi_c_cat";0;-0,0551316791897539;-0,0549273739508611;0,0667305663262228;-0,185921185857112;0,0756578274776041;-0,189822247343519;0,0908465028751334;-0,826183295376725;0,408700122693585;FALSE;100;"1";"Combined"
"h_distinvnear1_preg_Log";"hs_bmi_c_cat";0;0,0271297189784263;0,0274218014929491;0,0763792292190697;-0,12257081945788;0,176830257414732;-0,121182221549612;0,174406202743456;0,355197600915993;0,722441561894043;FALSE;100;"1";"Combined"
"h_trafload_preg_pow1over3";"hs_bmi_c_cat";0;0,157056282393867;0,15982319838967;0,068538567712352;0,0227231581256971;0,291389406662037;0,0402090938240566;0,292432980181227;2,29150225392822;0,0219343816619464;TRUE;100;"1";"Combined"
"h_trafnear_preg_pow1over3";"hs_bmi_c_cat";0;-0,0323991102471606;-0,0297284430068148;0,0736462106174504;-0,176743030655215;0,111944810160893;-0,169344113503526;0,107633842503405;-0,439929087668276;0,659988467780221;FALSE;100;"1";"Combined"
"h_bro_preg_Log";"hs_bmi_c_cat";0;-0,0296524152591163;-0,0340191855222132;0,0759991905459051;-0,178608091583287;0,119303261065055;-0,174693357678106;0,0875211577718584;-0,390167514234321;0,696412681674929;FALSE;100;"1";"Combined"
"h_clf_preg_Log";"hs_bmi_c_cat";0;-0,0407441959431887;-0,0425767370899775;0,0678440019450995;-0,173715996322649;0,0922276044362716;-0,156164876276132;0,0648832483721669;-0,600557083530532;0,548135029684121;FALSE;100;"1";"Combined"
"h_thm_preg_Log";"hs_bmi_c_cat";0;-0,0773685170287903;-0,0745377380505105;0,0723800956911829;-0,219230897781072;0,0644938637234909;-0,200908527563309;0,063463634158618;-1,06891979473046;0,285105811574029;FALSE;100;"1";"Combined"
"e3_alcpreg_yn_None_1";"hs_bmi_c_cat";0;-0,181511542826144;-0,200971767935168;0,168230221478012;-0,511236718034244;0,148213632381956;-0,509261925991515;0,0714304436902666;-1,07894729752744;0,280611222449185;FALSE;100;"1";"Combined"
"h_pamod_t3_None_Often";"hs_bmi_c_cat";0;-0,158057012750123;-0,171433526388858;0,124113914457223;-0,401315815066566;0,0852017895663192;-0,37726500087295;0,0843495057382867;-1,27348342400883;0,202846550896743;FALSE;100;"1";"Combined"
"h_pamod_t3_None_Sometimes";"hs_bmi_c_cat";0;0,125477696936792;0,114095679315716;0,193705259849505;-0,25417763598421;0,505133029857795;-0,236582451353416;0,467898597983961;0,647776405422751;0,517129578084454;FALSE;100;"1";"Combined"
"h_pamod_t3_None_Very Often";"hs_bmi_c_cat";0;0,0688767182953883;0,0548155601926009;0,125542122195733;-0,177181319750975;0,314934756341752;-0,204395953887018;0,290597890965062;0,548634331575201;0,583256420346153;FALSE;100;"1";"Combined"
"h_pavig_t3_None_Low";"hs_bmi_c_cat";0;-0,23072322633464;-0,232553582208114;0,139941800508138;-0,50500411526228;0,0435576625929996;-0,474974375001386;0,0353148056194084;-1,64870843091105;0,0992073821036498;FALSE;100;"1";"Combined"
"h_pavig_t3_None_Medium";"hs_bmi_c_cat";0;-0,11457802417809;-0,112779995325085;0,148875429644347;-0,406368504463938;0,177212456107758;-0,414306366766393;0,153208081901471;-0,769623466087107;0,441523281029355;FALSE;100;"1";"Combined"
"hs_no2_dy_hs_h_Log";"hs_bmi_c_cat";0;-0,117097849101627;-0,102694622682183;0,0712686970114479;-0,256781928469162;0,0225862302659085;-0,235937467481457;0,0262814448379354;-1,64304742491388;0,100373121390672;FALSE;100;"1";"Combined"
"hs_no2_wk_hs_h_Log";"hs_bmi_c_cat";0;0,121395305668424;0,120350309164798;0,0632948435785566;-0,00266030815264331;0,245450919489491;-0,0032824479387125;0,248722364142832;1,9179335757068;0,0551194342084927;FALSE;100;"1";"Combined"
"hs_no2_yr_hs_h_Log";"hs_bmi_c_cat";0;0,107275708078386;0,10433608904579;0,0695936712709466;-0,0291253811645889;0,243676797321361;-0,0271017212022541;0,240853992007481;1,54145780958636;0,123205403650677;FALSE;100;"1";"Combined"
"hs_pm10_dy_hs_h_None";"hs_bmi_c_cat";0;0,1095040099665;0,104162638774099;0,0698934872389939;-0,0274847077758375;0,246492727708838;-0,0330751408363909;0,221967160193592;1,56672694827863;0,11717852902021;FALSE;100;"1";"Combined"
"hs_pm10_wk_hs_h_None";"hs_bmi_c_cat";0;-0,145439566722814;-0,125935252547807;0,0686066352819797;-0,279906100975969;-0,0109730324696589;-0,266158757298064;-0,00339617458281199;-2,11990525588442;0,0340140360787546;TRUE;100;"1";"Combined"
"hs_pm10_yr_hs_h_None";"hs_bmi_c_cat";0;-0,108854057579455;-0,0998504631973805;0,062289222748093;-0,23093869079071;0,0132305756318003;-0,213736421951588;0,0146187642714163;-1,74755845035468;0,0805405153536132;FALSE;100;"1";"Combined"
"hs_pm25_dy_hs_h_None";"hs_bmi_c_cat";0;0,107396051451034;0,101543787566697;0,0886739079402942;-0,0664016144803626;0,281193717382431;-0,068344761986177;0,268247269255004;1,21113475142368;0,225843764608587;FALSE;100;"1";"Combined"
"hs_pm25_wk_hs_h_None";"hs_bmi_c_cat";0;-0,014939223308199;-0,0189027263198606;0,0865343515249795;-0,184543435722688;0,154664989106289;-0,158029979670705;0,125664472457758;-0,172639224133858;0,862935018387122;FALSE;100;"1";"Combined"
"hs_pm25_yr_hs_h_None";"hs_bmi_c_cat";0;0,0744049084689567;0,0677888744978127;0,071399424686558;-0,065535392433577;0,21434520937149;-0,0867945699902473;0,192917770318191;1,04209394957442;0,297368123451387;FALSE;100;"1";"Combined"
"hs_pm25abs_dy_hs_h_Log";"hs_bmi_c_cat";0;-0,0375470321863225;-0,0405802357696809;0,0751415311654388;-0,184821727013777;0,109727662641132;-0,189020405277298;0,102601712114391;-0,499684150748211;0,617297494150429;FALSE;100;"1";"Combined"
"hs_pm25abs_wk_hs_h_Log";"hs_bmi_c_cat";0;0,0249328746119233;0,0313941913282927;0,0771177288845637;-0,126215096571346;0,176080845795192;-0,110825038136203;0,170417057235335;0,323309243834773;0,746461054051679;FALSE;100;"1";"Combined"
"hs_pm25abs_yr_hs_h_Log";"hs_bmi_c_cat";0;0,0964088273956037;0,088590369028489;0,067038293709767;-0,0349838138605577;0,227801468651765;-0,0489812159400124;0,206631794233662;1,43811577026397;0,150401208761852;FALSE;100;"1";"Combined"
"hs_accesslines300_h_dic0";"hs_bmi_c_cat";0;-0,120670768441673;-0,121373892677151;0,164511019121889;-0,443106440980556;0,201764904097209;-0,414415923630626;0,187600053729254;-0,733511767696644;0,4632463532065;FALSE;100;"1";"Combined"
"hs_accesspoints300_h_Log";"hs_bmi_c_cat";0;0,0193443356199997;0,0114478070788204;0,0790170588951723;-0,135526253978818;0,174214925218818;-0,132640772579414;0,173144965608988;0,24481214424423;0,806601890257963;FALSE;100;"1";"Combined"
"hs_builtdens300_h_Sqrt";"hs_bmi_c_cat";0;-0,0776417347777214;-0,0749159825513822;0,0707865359118348;-0,216380795755269;0,0610973261998259;-0,192968815518061;0,0715015905695723;-1,09684325949252;0,272709915941868;FALSE;100;"1";"Combined"
"hs_connind300_h_Log";"hs_bmi_c_cat";0;0,0901314255733046;0,0882014551196192;0,0761185240951067;-0,0590581402094488;0,239320991356058;-0,0485904027018546;0,231194601325243;1,18409318421216;0,236376177861508;FALSE;100;"1";"Combined"
"hs_fdensity300_h_Log";"hs_bmi_c_cat";0;-0,0345089060549656;-0,035697693080857;0,0769068912889394;-0,185243643144224;0,116225831034293;-0,197341960966116;0,106931087010698;-0,448710193281842;0,653640730464526;FALSE;100;"1";"Combined"
"hs_landuseshan300_h_None";"hs_bmi_c_cat";0;-0,0410052598119166;-0,0428005175243072;0,0808354260340282;-0,199439783513563;0,11742926388973;-0,163702304800645;0,132493777088418;-0,507268431970102;0,61196648520732;FALSE;100;"1";"Combined"
"hs_popdens_h_Sqrt";"hs_bmi_c_cat";0;0,0876655361818502;0,0907315495739305;0,0732218330823125;-0,0558466195414858;0,231177691905186;-0,0296856026242116;0,246136228155663;1,19725951251863;0,231205420001389;FALSE;100;"1";"Combined"
"hs_walkability_mean_h_None";"hs_bmi_c_cat";0;0,0119105307135678;0,00829436144636692;0,0693939061080308;-0,124099026004727;0,147920087431862;-0,123597175467324;0,142340433107246;0,171636551126344;0,863723270202045;FALSE;100;"1";"Combined"
"hs_accesslines300_s_dic0";"hs_bmi_c_cat";0;0,167553019592601;0,153267708617182;0,171942710967288;-0,169448501307464;0,504554540492665;-0,209076328880048;0,442115346562831;0,974470035106505;0,329823210311706;FALSE;100;"1";"Combined"
"hs_accesspoints300_s_Log";"hs_bmi_c_cat";0;-0,204127968456881;-0,208064627406988;0,0724015051339377;-0,346032310945891;-0,0622236259678716;-0,346438901118944;-0,0573179841689481;-2,81938846546434;0,0048115249137942;TRUE;100;"1";"Combined"
"hs_builtdens300_s_Sqrt";"hs_bmi_c_cat";0;-0,00637021467834691;-0,0118472826105074;0,0701779195179787;-0,143916409443536;0,131175980086842;-0,155141676795517;0,112754500040832;-0,0907723500796421;0,927673480767584;FALSE;100;"1";"Combined"
"hs_connind300_s_Log";"hs_bmi_c_cat";0;-0,0615738032162777;-0,0580136573814016;0,0795451763556081;-0,217479484017157;0,0943318775846012;-0,21109361027684;0,108569142525243;-0,774073376127937;0,438887400740505;FALSE;100;"1";"Combined"
"hs_fdensity300_s_Log";"hs_bmi_c_cat";0;-0,0469374736325999;-0,0410918648135599;0,0783595604499144;-0,200519389958821;0,106644442693622;-0,189783168336482;0,0984065709935796;-0,599001236902053;0,54917205974314;FALSE;100;"1";"Combined"
"hs_landuseshan300_s_None";"hs_bmi_c_cat";0;-0,084111302428698;-0,0861357596192702;0,0737849326385736;-0,228727113002016;0,0605045081446201;-0,24315989534517;0,0316228754148331;-1,13995228322166;0,254306181219584;FALSE;100;"1";"Combined"
"hs_popdens_s_Sqrt";"hs_bmi_c_cat";0;-0,0822381600895312;-0,0805104969873247;0,0714761711597391;-0,22232888131544;0,0578525611363778;-0,212545628456248;0,0456767259455238;-1,15056750739685;0,249910206832206;FALSE;100;"1";"Combined"
"h_Absorbance_Log";"hs_bmi_c_cat";0;-0,0441566404594649;-0,0462936271885692;0,0824957132902226;-0,205845267387243;0,117531986468314;-0,18554448485465;0,108208739631114;-0,535259817732837;0,592470207917103;FALSE;100;"1";"Combined"
"h_Benzene_Log";"hs_bmi_c_cat";0;0,0197390037224943;0,0203833279467415;0,0598185547807555;-0,0975032092550228;0,136981216700011;-0,0820273820543216;0,140331560981158;0,329981287492499;0,741414101358335;FALSE;100;"1";"Combined"
"h_NO2_Log";"hs_bmi_c_cat";0;0,0115859637742059;0,0129321004860748;0,0802002399793193;-0,145603618136729;0,168775545685141;-0,144199161693988;0,136278865502534;0,144462956434962;0,88513490604984;FALSE;100;"1";"Combined"
"h_PM_Log";"hs_bmi_c_cat";0;0,130607625310106;0,134302553892488;0,0746511707687973;-0,0157059808004858;0,276921231420698;-0,00961488192527615;0,27259766511924;1,7495723639032;0,0801921319350842;FALSE;100;"1";"Combined"
"h_TEX_Log";"hs_bmi_c_cat";0;0,0396322143942163;0,0299830614106823;0,0713466521217586;-0,100204654181939;0,179469082970371;-0,129648943314696;0,158766085235972;0,555488074290869;0,578560865021648;FALSE;100;"1";"Combined"
"hs_KIDMED_None";"hs_bmi_c_cat";0;0,0859437299753427;0,0903548091228091;0,0690039761514532;-0,0493015780715664;0,221189038022252;-0,0458885601240278;0,204803255119739;1,24548953217869;0,212951860948701;FALSE;100;"1";"Combined"
"hs_mvpa_prd_alt_None";"hs_bmi_c_cat";0;-0,0765391733993315;-0,074315535502134;0,067518093098503;-0,20887220417722;0,0557938573785567;-0,193202209483458;0,0678104987680707;-1,13360982052126;0,256958251807582;FALSE;100;"1";"Combined"
"hs_sd_wk_None";"hs_bmi_c_cat";0;0,0538184782493295;0,0505620280242398;0,0599189115140218;-0,0636204303109955;0,171257386809654;-0,0633591277393091;0,149579593842155;0,8981885166044;0,369085054453075;FALSE;100;"1";"Combined"
"hs_dif_hours_total_None";"hs_bmi_c_cat";0;-0,0814298348592201;-0,082064749052505;0,0746870223010108;-0,227813708681741;0,0649540389633008;-0,227386119030232;0,0462038303094413;-1,09028091294139;0,275589420427026;FALSE;100;"1";"Combined"
"hs_as_c_Log2";"hs_bmi_c_cat";0;-0,0245403065918599;-0,0214540389729928;0,0668453263148575;-0,155554738703808;0,106474125520088;-0,143141270712644;0,0991638053804645;-0,36712075390685;0,713528947149754;FALSE;100;"1";"Combined"
"hs_cd_c_Log2";"hs_bmi_c_cat";0;0,0135595807413646;0,0109981146317579;0,0708696886569983;-0,125342456621919;0,152461618104648;-0,117277439040899;0,158109236786706;0,191331174135554;0,848266138792381;FALSE;100;"1";"Combined"
"hs_co_c_Log2";"hs_bmi_c_cat";0;-0,110132966903789;-0,109813114336255;0,0671365828956759;-0,241718251424402;0,0214523176168236;-0,26260371607156;-0,00442372452930375;-1,64043152263089;0,100915475561169;FALSE;100;"1";"Combined"
"hs_cs_c_Log2";"hs_bmi_c_cat";0;0,205130412657727;0,201448970999668;0,0705327421653197;0,0668887782828506;0,343372047032603;0,0498537265834305;0,320812481065818;2,90830054752341;0,00363398903242307;TRUE;100;"1";"Combined"
"hs_cu_c_Log2";"hs_bmi_c_cat";0;0,245137949808082;0,251737045885121;0,0689381694656364;0,110021620495316;0,380254279120848;0,118813932370758;0,391808465743058;3,55591034267708;0,000376672527251613;TRUE;100;"1";"Combined"
"hs_hg_c_Log2";"hs_bmi_c_cat";0;-0,0347319786144287;-0,031398037554844;0,0679960480358782;-0,168001783855805;0,098537826626948;-0,142385105595325;0,140006155896652;-0,510794077269054;0,60949525685023;FALSE;100;"1";"Combined"
"hs_mn_c_Log2";"hs_bmi_c_cat";0;-0,0196403676882556;-0,0261873996960714;0,068098408150341;-0,153110795067433;0,113830059690922;-0,168304611853489;0,107084822228121;-0,288411553540217;0,773031724857617;FALSE;100;"1";"Combined"
"hs_mo_c_Log2";"hs_bmi_c_cat";0;-0,0566086608113758;-0,0607419608733322;0,0530458253219858;-0,160576567972671;0,0473592463499191;-0,149975999164146;0,03394433643882;-1,06716523812692;0,285897226756732;FALSE;100;"1";"Combined"
"hs_pb_c_Log2";"hs_bmi_c_cat";0;-0,126088482567012;-0,129469058011531;0,0741367549197084;-0,271393852140313;0,0192168870062893;-0,268405414077962;0,00764766223433963;-1,7007553500766;0,0889889367580383;FALSE;100;"1";"Combined"
"hs_hum_mt_hs_h_None";"hs_bmi_c_cat";0;0,155579617491634;0,155447111900601;0,0754691834353499;0,00766273601570147;0,303496498967567;0,0108184800054945;0,293015410928177;2,06149861982951;0,0392554950068552;TRUE;100;"1";"Combined"
"hs_tm_mt_hs_h_None";"hs_bmi_c_cat";0;0,0163210851598934;0,0193489024648581;0,0577705853123345;-0,0969071814180809;0,129549351737868;-0,0939058772099016;0,138473942187973;0,282515489009745;0,777548271594276;FALSE;100;"1";"Combined"
"hs_uvdvf_mt_hs_h_None";"hs_bmi_c_cat";0;0,13397296444749;0,124637054851635;0,0634085597799782;0,00969447096717752;0,258251457927802;-0,00512690997431498;0,240693654361522;2,11285297935111;0,0346133534712289;TRUE;100;"1";"Combined"
"hs_hum_dy_hs_h_None";"hs_bmi_c_cat";0;0,00587253584047838;0,0104367880330837;0,0836973298782925;-0,158171216323143;0,1699162880041;-0,149553771084242;0,184414747235994;0,0701639568313333;0,944063161877376;FALSE;100;"1";"Combined"
"hs_hum_wk_hs_h_None";"hs_bmi_c_cat";0;0,0307259668394682;0,0355538964358278;0,0693863771905386;-0,105268833471699;0,166720767150635;-0,0973399915829175;0,161262910104527;0,442824198114467;0,657892899113134;FALSE;100;"1";"Combined"
"hs_tm_dy_hs_h_None";"hs_bmi_c_cat";0;-0,111212838164276;-0,102208169135224;0,083074130923637;-0,274035142821569;0,0516094664930179;-0,274061560728596;0,0357154138225973;-1,33871804529023;0,180662479430262;FALSE;100;"1";"Combined"
"hs_tm_wk_hs_h_None";"hs_bmi_c_cat";0;0,0404162765173888;0,0352946466187232;0,0568449197548558;-0,070997718906198;0,151830271940976;-0,0684109047681422;0,141381983296571;0,71099188268159;0,477089265959763;FALSE;100;"1";"Combined"
"hs_uvdvf_dy_hs_h_None";"hs_bmi_c_cat";0;-0,08599318949107;-0,083820319021879;0,0504872945985521;-0,184946468581096;0,0129600895989558;-0,182145776139037;0,0319008736258415;-1,70326396323752;0,0885186813055658;FALSE;100;"1";"Combined"
"hs_uvdvf_wk_hs_h_None";"hs_bmi_c_cat";0;-0,0841616910244203;-0,0875310926969757;0,0617150048018239;-0,205120877741712;0,036797495692871;-0,196537574012552;0,0176038016052314;-1,36371521471441;0,172657213623442;FALSE;100;"1";"Combined"
"hs_ndvi100_h_None";"hs_bmi_c_cat";0;0,0107838758893621;0,00613982365373756;0,0756959894030349;-0,137577537114712;0,159145288893436;-0,131131842495014;0,160181473923933;0,142462975573838;0,886714322247948;FALSE;100;"1";"Combined"
"hs_ndvi100_s_None";"hs_bmi_c_cat";0;-0,0994723687546565;-0,0944234550295542;0,0816746838729886;-0,259551807594409;0,0606070700850956;-0,259128165115155;0,0550430745371817;-1,2179094431433;0,223258387303984;FALSE;100;"1";"Combined"
"hs_dde_cadj_Log2";"hs_bmi_c_cat";0;-0,240276573661216;-0,237086674876167;0,0821720302205303;-0,401330793429993;-0,0792223538924399;-0,403505476032311;-0,0828058282440954;-2,92406763002412;0,00345489675030051;TRUE;100;"1";"Combined"
"hs_ddt_cadj_Log2";"hs_bmi_c_cat";0;0,00208007275281109;-0,00232523942047876;0,0691366631283965;-0,133425296990124;0,137585442495747;-0,120819087667957;0,123042234767693;0,0300863920630375;0,975998153379797;FALSE;100;"1";"Combined"
"hs_hcb_cadj_Log2";"hs_bmi_c_cat";0;-0,237401329016191;-0,315474041910585;0,183754129066608;-0,597552803997268;0,122750145964886;-0,673641483917781;-0,0970626500624454;-1,29195099028298;0,196374117642897;FALSE;100;"1";"Combined"
"hs_pcb118_cadj_Log2";"hs_bmi_c_cat";0;0,0623409156583377;0,0577016874237162;0,075004657322945;-0,0846655113674027;0,209347342684078;-0,0576265807946941;0,194127628034578;0,831160595666995;0,405882911771077;FALSE;100;"1";"Combined"
"hs_pcb138_cadj_Log2";"hs_bmi_c_cat";0;0,111187479052871;0,0852526491862838;0,0878685166755873;-0,0610316490062368;0,28340660711198;-0,0983492150319489;0,221388631926923;1,26538472776749;0,205733447174652;FALSE;100;"1";"Combined"
"hs_pcb153_cadj_Log2";"hs_bmi_c_cat";0;-0,23286532318154;-0,221198035835728;0,0678386248771879;-0,365826584701551;-0,0999040616615289;-0,338444240703791;-0,0833031327843341;-3,43263625409727;0,000597743449245383;TRUE;100;"1";"Combined"
"hs_pcb170_cadj_Log2";"hs_bmi_c_cat";0;-0,290411232094639;-0,297230986811653;0,0747730761091924;-0,436963768281928;-0,143858695907349;-0,454170320118385;-0,155424595345542;-3,88390109389837;0,000102793736476124;TRUE;100;"1";"Combined"
"hs_pcb180_cadj_Log2";"hs_bmi_c_cat";0;-0,0293304454812129;-0,0440432449391235;0,0636756933795814;-0,154132511195808;0,0954716202333822;-0,183737875411764;0,0607758436515909;-0,460622317944293;0,645069596722948;FALSE;100;"1";"Combined"
"hs_sumPCBs5_cadj_Log2";"hs_bmi_c_cat";0;-0,284878253820781;-0,266941468299236;0,0634714009171477;-0,409279913666693;-0,160476593974869;-0,37747854543012;-0,147365319811624;-4,48829314784854;7,17960895117378e-06;TRUE;100;"1";"Combined"
"hs_pfhxs_c_Log2";"hs_bmi_c_cat";0;-0,013430614232707;-0,01520476237474;0,0849574549499255;-0,179944166152745;0,153082937687331;-0,190210995394075;0,133741660427141;-0,158086353229662;0,87438875393465;FALSE;100;"1";"Combined"
"hs_pfna_c_Log2";"hs_bmi_c_cat";0;-0,00586346991659405;-0,00361980940552837;0,0804746064562424;-0,163590800240864;0,151863860407676;-0,140988749697006;0,14124978990859;-0,0728611194859621;0,941916633828107;FALSE;100;"1";"Combined"
"hs_pfoa_c_Log2";"hs_bmi_c_cat";0;-0,0342672997507873;-0,0352257510071622;0,0758711131671151;-0,182971949025296;0,114437349523721;-0,184538595940667;0,103460539516112;-0,451651469450692;0,651520084955587;FALSE;100;"1";"Combined"
"hs_pfos_c_Log2";"hs_bmi_c_cat";0;0,0025601977294292;0,00587946444651952;0,08329772635478;-0,160700345920013;0,165820741378871;-0,130321501603108;0,164045031888269;0,0307355055349873;0,975480475207824;FALSE;100;"1";"Combined"
"hs_pfunda_c_Log2";"hs_bmi_c_cat";0;-0,00703162314709639;-0,00646149590679375;0,073564968475432;-0,151216311882768;0,137153065588575;-0,130775991135161;0,146724653632163;-0,0955838531956238;0,923851089759206;FALSE;100;"1";"Combined"
"hs_hm_pers_None";"hs_bmi_c_cat";0;0,00335363830276651;0,00241698294740272;0,0562259664913104;-0,106847231016158;0,113554507621691;-0,0967839515204696;0,096741135525815;0,0596457208660843;0,952437803180756;FALSE;100;"1";"Combined"
"hs_trafload_h_pow1over3";"hs_bmi_c_cat";0;-0,0754494115524157;-0,0721296344006378;0,0689147635514212;-0,210519866116295;0,0596210430114634;-0,203134760917902;0,0808686334563979;-1,09482217835832;0,273594548057271;FALSE;100;"1";"Combined"
"hs_trafnear_h_pow1over3";"hs_bmi_c_cat";0;0,0743882886789696;0,0783106855488921;0,0844367995174714;-0,0911047973451034;0,239881374703043;-0,0824066015863483;0,220059429223558;0,880993703030838;0,378321228241778;FALSE;100;"1";"Combined"
"FAS_cat_None_Low";"hs_bmi_c_cat";0;-0,374973403802718;-0,394682950586243;0,24827368753425;-0,861580889678798;0,111634082073362;-0,920050170605979;0,0402182343224618;-1,51032277132062;0,130961084011671;FALSE;100;"1";"Combined"
"FAS_cat_None_Middle";"hs_bmi_c_cat";0;-0,123840876740446;-0,133263430336511;0,149589217986249;-0,417030356469006;0,169348602988114;-0,433338898462292;0,119353345802334;-0,827873013894823;0,407742419355364;FALSE;100;"1";"Combined"
"hs_globalexp2_None_no exposure";"hs_bmi_c_cat";0;-0,0509913612306925;-0,0501030965656438;0,139407672116352;-0,32422537774731;0,222242655285926;-0,332399595887451;0,237882080206322;-0,365771556590762;0,71453554585016;FALSE;100;"1";"Combined"
