"exposure";"outcome";"lambda";"beta_unpenalized";"bootstrap_mean";"bootstrap_standard_error";"ci95_lower";"ci95_upper";"bootstrap_q025";"bootstrap_q975";"z_value";"p_value";"significant";"n_valid_bootstrap";"omitted_cohort";"scenario"
"hs_no2_dy_hs_h_Log";"e3_bw";0;0,0204695016389861;0,0204518250036669;0,00482559789776863;0,0110115035554874;0,0299274997224848;0,0126145497713444;0,0286902957884843;4,24185812258647;2,21676816593567e-05;TRUE;100;"5";"Childhood"
"hs_no2_wk_hs_h_Log";"e3_bw";0;0,0204754497324259;0,0220016055235841;0,00444283836993191;0,0117676465382267;0,0291832529266251;0,0134453160443993;0,03094220406134;4,60864159970323;4,05308298874003e-06;TRUE;100;"5";"Childhood"
"hs_no2_yr_hs_h_Log";"e3_bw";0;0,0482628604473405;0,0493210757791291;0,00663315883710576;0,0352621080228797;0,0612636128718014;0,0385583549526911;0,0634985497832343;7,27599950982012;3,4386483585394e-13;TRUE;100;"5";"Childhood"
"hs_pm10_dy_hs_h_None";"e3_bw";0;-0,00424291444969361;-0,00358255131498097;0,00440850764667829;-0,0128834306627525;0,00439760176336526;-0,0114115806058477;0,00566024184673643;-0,962437811101576;0,335829727973535;FALSE;100;"5";"Childhood"
"hs_pm10_wk_hs_h_None";"e3_bw";0;-0,00569332301930492;-0,00654035665767534;0,00437160623760602;-0,0142615137996034;0,00287486776099354;-0,0170948388645325;9,64878235289206e-05;-1,30234122422304;0,192799765193476;FALSE;100;"5";"Childhood"
"hs_pm10_yr_hs_h_None";"e3_bw";0;-0,0270934827624026;-0,0281277442353687;0,00509297192450114;-0,0370755243086985;-0,0171114412161067;-0,037775805942644;-0,0189800851350639;-5,31977854267405;1,03893637724287e-07;TRUE;100;"5";"Childhood"
"hs_pm25_dy_hs_h_None";"e3_bw";0;-0,005130213323324;-0,00508884252493235;0,0042300756440286;-0,0134210092375001;0,00316058259085212;-0,0127021970380044;0,00329530212477847;-1,21279470038936;0,225208322119085;FALSE;100;"5";"Childhood"
"hs_pm25_wk_hs_h_None";"e3_bw";0;-0,00961338286950384;-0,0103812378118729;0,00620584067869538;-0,0217766070935404;0,00254984135453272;-0,023489881165687;-0,00144363408158633;-1,54908631517186;0,121360972141421;FALSE;100;"5";"Childhood"
"hs_pm25_yr_hs_h_None";"e3_bw";0;0,0142701625230995;0,0147858750877081;0,00665209322825997;0,00123229937390718;0,0273080256722918;0,00361538526797008;0,0261851746277183;2,14521384975121;0,0319357527683556;TRUE;100;"5";"Childhood"
"hs_pm25abs_dy_hs_h_Log";"e3_bw";0;-0,000180593605266682;-0,000228656556629402;0,00395760705671384;-0,00793736090138738;0,00757617369085401;-0,00704844299138486;0,00703136076924521;-0,0456320202280609;0,963603547295206;FALSE;100;"5";"Childhood"
"hs_pm25abs_wk_hs_h_Log";"e3_bw";0;-0,0109416938734318;-0,0112742252369699;0,00440374781412585;-0,0195728809861155;-0,00231050676074819;-0,0193701406625353;-0,00165544958807719;-2,48463225762708;0,0129685324935209;TRUE;100;"5";"Childhood"
"hs_pm25abs_yr_hs_h_Log";"e3_bw";0;-0,0136002872184553;-0,0139387874823626;0,00494052561327936;-0,0232835394851805;-0,00391703495173005;-0,0250617204158737;-0,00555853119972364;-2,75280168205177;0,00590876778437384;TRUE;100;"5";"Childhood"
"hs_accesslines300_h_dic0";"e3_bw";0;-0,0393266288800443;-0,0402375256750816;0,0136041073486437;-0,0659901893252027;-0,012663068434886;-0,0646255360797511;-0,0153839035356974;-2,8907908378101;0,00384273780939022;TRUE;100;"5";"Childhood"
"hs_accesspoints300_h_Log";"e3_bw";0;0,00105386340099096;0,000782330084744796;0,00530481193722319;-0,00934337694072465;0,0114511037427066;-0,00996181682833675;0,01080985297954;0,198661783577309;0,842527320389616;FALSE;100;"5";"Childhood"
"hs_builtdens300_h_Sqrt";"e3_bw";0;-0,00214422723050689;-0,00250371217089713;0,00494355764403682;-0,0118334221683167;0,00754496770730296;-0,0126449312868863;0,00654917699390883;-0,433741727092708;0,664476001933012;FALSE;100;"5";"Childhood"
"hs_connind300_h_Log";"e3_bw";0;0,00776225017320282;0,0080958909495478;0,00407204599810933;-0,000218813326481927;0,0157433136728876;0,000112818759192833;0,0148879379334786;1,90622850940458;0,0566205649000044;FALSE;100;"5";"Childhood"
"hs_fdensity300_h_Log";"e3_bw";0;0,0165133554673165;0,0169429493859196;0,00595284222804539;0,00484599909469834;0,0281807118399346;0,00639754752271314;0,0292211615830934;2,77402874706098;0,0055366785468247;TRUE;100;"5";"Childhood"
"hs_landuseshan300_h_None";"e3_bw";0;0,00159657723302778;0,0019285471370277;0,00339187417381892;-0,00505137398774886;0,00824452845380441;-0,00453885008889519;0,0080442093132039;0,470706503605405;0,637850339442184;FALSE;100;"5";"Childhood"
"hs_popdens_h_Sqrt";"e3_bw";0;-0,00699849919141246;-0,00666941775031219;0,00396568292331981;-0,0147710948952248;0,00077409651239988;-0,0138181996344004;0,000339052598364852;-1,76476519346982;0,0776032366750734;FALSE;100;"5";"Childhood"
"hs_walkability_mean_h_None";"e3_bw";0;-0,00731898261372607;-0,00683596292374847;0,0037689712386357;-0,0147060305002194;6,80652727672194e-05;-0,0145054371875927;-0,0001506209700597;-1,94190460746933;0,052148649534179;FALSE;100;"5";"Childhood"
"hs_accesslines300_s_dic0";"e3_bw";0;0,0120793557187012;0,0112417830224797;0,01279836075225;-0,0130049704168597;0,0371636818542622;-0,0104777124538264;0,0375479734613834;0,943820537061955;0,345261364020855;FALSE;100;"5";"Childhood"
"hs_accesspoints300_s_Log";"e3_bw";0;0,00816448256069869;0,00786467748249846;0,00480396421029029;-0,00125111427448968;0,0175800793958871;-0,000432273053877068;0,0164463846795758;1,69953026361229;0,0892193173496181;FALSE;100;"5";"Childhood"
"hs_builtdens300_s_Sqrt";"e3_bw";0;-0,00910058314272701;-0,00958885927809888;0,00401278269237336;-0,0169654926975645;-0,00123567358788955;-0,0170602233927217;-0,00166853651719746;-2,26789832402922;0,0233354045295191;TRUE;100;"5";"Childhood"
"hs_connind300_s_Log";"e3_bw";0;0,0089637610735116;0,00897050069963384;0,00362159100486931;0,00186557313723354;0,0160619490097897;0,00191591593013214;0,0149618261773289;2,47508928022508;0,0133202872729972;TRUE;100;"5";"Childhood"
"hs_fdensity300_s_Log";"e3_bw";0;0,00988730337748724;0,00969842922049637;0,0043940099562007;0,00127520211562344;0,018499404639351;0,00179950989537708;0,01783319202776;2,25017773651936;0,0244376649753565;TRUE;100;"5";"Childhood"
"hs_landuseshan300_s_None";"e3_bw";0;0,00230501683213785;0,00231222518246855;0,00356704080769485;-0,00468625468232872;0,00929628834660442;-0,003619795098706;0,00941199567659171;0,646198615716829;0,518150735918527;FALSE;100;"5";"Childhood"
"hs_popdens_s_Sqrt";"e3_bw";0;0,00102530454433024;0,000883416091921915;0,00397404997648239;-0,00676369028233749;0,00881429937099796;-0,00707046120277191;0,00852607398920886;0,257999912028731;0,796406975117867;FALSE;100;"5";"Childhood"
"h_Absorbance_Log";"e3_bw";0;0,0047765022537942;0,00483405150412151;0,00395360484039654;-0,00297242084248624;0,0125254253500746;-0,00253581426118603;0,0119379044354125;1,20813850817603;0,22699398973546;FALSE;100;"5";"Childhood"
"h_Benzene_Log";"e3_bw";0;-0,0060301220630214;-0,00642869859700119;0,00377988738125126;-0,0134385651958913;0,0013783210698485;-0,0133485149831243;0,000227926291496774;-1,59531791685953;0,110641161009251;FALSE;100;"5";"Childhood"
"h_NO2_Log";"e3_bw";0;0,00991066204850951;0,0105206695663334;0,00354596143039917;0,002960705354359;0,01686061874266;0,00300862729495527;0,0168145668354766;2,79491535456263;0,00519133056941576;TRUE;100;"5";"Childhood"
"h_PM_Log";"e3_bw";0;0,00436290677812877;0,00464288351826326;0,00382015169087832;-0,00312445295147253;0,0118502665077301;-0,0031924354131799;0,0119251045962669;1,14207684175119;0,253422080584103;FALSE;100;"5";"Childhood"
"h_TEX_Log";"e3_bw";0;0,000744491214813338;0,000881047311608157;0,00311736548919259;-0,00536543287065223;0,00685441530027891;-0,00443747539179827;0,00720091259040597;0,238820637937505;0,811244666458121;FALSE;100;"5";"Childhood"
"hs_KIDMED_None";"e3_bw";0;0,00132580342652431;0,00179443527828586;0,00336541010372557;-0,00527027916998501;0,00792188602303363;-0,00427774687750181;0,00816636366947505;0,393950034516336;0,693617928955284;FALSE;100;"5";"Childhood"
"hs_mvpa_prd_alt_None";"e3_bw";0;0,000506969160373127;0,000780672383397903;0,00408512126321287;-0,00749972138800286;0,00851365970874912;-0,00587873554447888;0,00892509983215879;0,124101373669972;0,901235010537641;FALSE;100;"5";"Childhood"
"hs_sd_wk_None";"e3_bw";0;0,00193561766092207;0,00151507556967802;0,00378949776923099;-0,00549166148626554;0,00936289680810968;-0,00548598442799977;0,0087950749140179;0,510784747424424;0,609501790554797;FALSE;100;"5";"Childhood"
"hs_dif_hours_total_None";"e3_bw";0;0,00212079130207853;0,00175340762732237;0,00370214917345169;-0,00513528774328152;0,00937687034743858;-0,00580982096928704;0,008682592016017;0,572854091695395;0,566743490689722;FALSE;100;"5";"Childhood"
"hs_as_c_Log2";"e3_bw";0;0,0020197684978837;0,00145633786852101;0,00389283414862739;-0,00561004623121363;0,00964958322698102;-0,00599524072844437;0,00834375339633993;0,518842678822026;0,603870453212704;FALSE;100;"5";"Childhood"
"hs_cd_c_Log2";"e3_bw";0;9,34676727860995e-05;0,000176635634018804;0,00300233234805472;-0,00579099559902073;0,00597793094459293;-0,00557219251292879;0,00587849985471804;0,0311316876183475;0,975164518845809;FALSE;100;"5";"Childhood"
"hs_co_c_Log2";"e3_bw";0;-0,00186159605365579;-0,00192636194936573;0,00303695400070116;-0,00781391651773489;0,00409072441042331;-0,00724082133326638;0,00438936927729447;-0,612981313917166;0,539888695315254;FALSE;100;"5";"Childhood"
"hs_cs_c_Log2";"e3_bw";0;-0,00516637349263281;-0,00489626920015315;0,00401289179763718;-0,0130314968898579;0,00269874990459226;-0,0128354024028515;0,00254986958668485;-1,28744400625873;0,197939574322214;FALSE;100;"5";"Childhood"
"hs_cu_c_Log2";"e3_bw";0;-0,00210486014117771;-0,0017883183555303;0,00330699830570692;-0,00858645771729825;0,00437673743494283;-0,00782659128216271;0,00440740040564318;-0,636486610091494;0,524459305585902;FALSE;100;"5";"Childhood"
"hs_hg_c_Log2";"e3_bw";0;-0,00653496447311084;-0,00643010597597347;0,00445132854673572;-0,0152594081080679;0,0021894791618462;-0,013782439281619;0,00152537716783976;-1,46809304334615;0,142078950988706;FALSE;100;"5";"Childhood"
"hs_mn_c_Log2";"e3_bw";0;-0,00509953935956497;-0,0050954570095252;0,00295202451130385;-0,0108854010832;0,000686322364070019;-0,0107847561143475;-8,47367978346896e-05;-1,72747188921972;0,0840829494760817;FALSE;100;"5";"Childhood"
"hs_mo_c_Log2";"e3_bw";0;-0,00323377651995555;-0,00348652908441114;0,00249405995770045;-0,00812204421233191;0,00165449117242082;-0,00772723060949483;0,00155515399354301;-1,29659133092258;0,194771836846792;FALSE;100;"5";"Childhood"
"hs_pb_c_Log2";"e3_bw";0;0,000742204107667589;0,000652305556926667;0,0029196029056963;-0,00498011243665564;0,00646452065199082;-0,00465938889000983;0,00649493620953627;0,25421405980228;0,79933018917563;FALSE;100;"5";"Childhood"
"hs_hum_mt_hs_h_None";"e3_bw";0;-0,0206920755558184;-0,021276226957946;0,00498411019407151;-0,0304607520311775;-0,0109233990804593;-0,0299624973768732;-0,0120018842369554;-4,15160876266965;3,30146301078616e-05;TRUE;100;"5";"Childhood"
"hs_tm_mt_hs_h_None";"e3_bw";0;0,00208751915676149;0,00204162395340678;0,00503667807918625;-0,00778418848016593;0,0119592267936889;-0,00605902452574283;0,0113700694795821;0,414463486437227;0,678534702610421;FALSE;100;"5";"Childhood"
"hs_uvdvf_mt_hs_h_None";"e3_bw";0;-0,00880205185147851;-0,00840606628029122;0,00442649814234025;-0,0174778287880989;-0,000126274914858178;-0,0171058872884881;-0,000570783036955448;-1,98849103025376;0,0467574100559147;TRUE;100;"5";"Childhood"
"hs_hum_dy_hs_h_None";"e3_bw";0;-0,00729116400639693;-0,00755576369611555;0,00373551370484218;-0,0146126363316434;3,03083188495298e-05;-0,0141692451641967;-0,000872980027349459;-1,95185042339577;0,0509559657235777;FALSE;100;"5";"Childhood"
"hs_hum_wk_hs_h_None";"e3_bw";0;-0,018884472092406;-0,0184495250998526;0,00426930794666316;-0,0272521619067765;-0,0105167822780356;-0,0259852821171552;-0,01121549035706;-4,42330989666976;9,72001614039582e-06;TRUE;100;"5";"Childhood"
"hs_tm_dy_hs_h_None";"e3_bw";0;-0,0051683711652926;-0,00517487200813915;0,00397280243543704;-0,0129549208564422;0,002618178525857;-0,0131504309455845;0,00193442357494842;-1,30093838022027;0,193279547514182;FALSE;100;"5";"Childhood"
"hs_tm_wk_hs_h_None";"e3_bw";0;-0,00264062968576029;-0,00207339162432816;0,00482249484421738;-0,0120925458960565;0,00681128652453587;-0,0100778723344238;0,00636972624722666;-0,547565061459143;0,583990585152734;FALSE;100;"5";"Childhood"
"hs_uvdvf_dy_hs_h_None";"e3_bw";0;0,00406084993770792;0,00333045098253636;0,00483833408028608;-0,00542211060482553;0,0135438104802414;-0,0061571845262974;0,0131204491115967;0,839307470365463;0,401296792245274;FALSE;100;"5";"Childhood"
"hs_uvdvf_wk_hs_h_None";"e3_bw";0;-0,0170950952648206;-0,0176827066753909;0,00440814753840616;-0,0257349056786356;-0,00845528485100564;-0,0261728034460721;-0,00936003510439481;-3,87806785409947;0,000105289353934848;TRUE;100;"5";"Childhood"
"hs_ndvi100_h_None";"e3_bw";0;0,0149647125186654;0,014805491393584;0,00412987262326136;0,0068703109163352;0,0230591141209957;0,00739414690737281;0,0213162154691267;3,62352883098069;0,000290610793200853;TRUE;100;"5";"Childhood"
"hs_ndvi100_s_None";"e3_bw";0;0,0140305578255068;0,0136040299426997;0,00479678317053943;0,00462903556960164;0,0234320800814119;0,00579824197099977;0,0234444363916371;2,92499313116314;0,00344463826388372;TRUE;100;"5";"Childhood"
"hs_dde_cadj_Log2";"e3_bw";0;-0,00787599326184684;-0,00842586987856683;0,00385526610486844;-0,015432175978207;-0,000319810545486674;-0,0166692646781661;-0,00136122632305917;-2,04291819231389;0,0410605371054851;TRUE;100;"5";"Childhood"
"hs_ddt_cadj_Log2";"e3_bw";0;-0,0121162854128223;-0,0119277138088805;0,00348969419975122;-0,018955960361393;-0,00527661046425153;-0,0183453079120309;-0,00554538840730109;-3,47201924274225;0,000516559308870809;TRUE;100;"5";"Childhood"
"hs_hcb_cadj_Log2";"e3_bw";0;0,00127988879310677;-0,000638410594852868;0,0054480074534989;-0,00939800960325684;0,0119577871894704;-0,0107858261439883;0,00854589585653717;0,234927871158615;0,814264716810346;FALSE;100;"5";"Childhood"
"hs_pcb118_cadj_Log2";"e3_bw";0;-0,00175135114464987;-0,00179232648368965;0,00423494179963223;-0,0100516845485523;0,00654898225925255;-0,00887815654668222;0,00596475472216008;-0,413547866183653;0,679205260459676;FALSE;100;"5";"Childhood"
"hs_pcb138_cadj_Log2";"e3_bw";0;-0,000118049623065835;0,000129690644404653;0,00644920761104381;-0,0127582642695333;0,0125221650234016;-0,0128491491233781;0,0116597265524752;-0,0183045158700866;0,985395924927636;FALSE;100;"5";"Childhood"
"hs_pcb153_cadj_Log2";"e3_bw";0;-0,000458541590067948;-0,00130184985024761;0,0051471115559298;-0,0105466948641003;0,00962961168396437;-0,0113642013538501;0,00783571169833545;-0,089087167644478;0,929012635579103;FALSE;100;"5";"Childhood"
"hs_pcb170_cadj_Log2";"e3_bw";0;-0,00359385570785129;-0,00422014648697368;0,00399599458595294;-0,0114258611787361;0,00423814976303351;-0,0111809621081078;0,00237247420528328;-0,89936450877204;0,368458537086048;FALSE;100;"5";"Childhood"
"hs_pcb180_cadj_Log2";"e3_bw";0;0,00227505184041413;0,00256218598661805;0,00467494338629938;-0,00688766882649638;0,0114377725073246;-0,0078409904057919;0,0106667239884169;0,486647998151487;0,6265078028433;FALSE;100;"5";"Childhood"
"hs_sumPCBs5_cadj_Log2";"e3_bw";0;-0,00954708127189361;-0,00994418305090278;0,0050056777619335;-0,0193580294034963;0,000263866859709102;-0,0192579071245837;-0,000459537239806738;-1,90725047155372;0,0564881605161303;FALSE;100;"5";"Childhood"
"hs_pfhxs_c_Log2";"e3_bw";0;0,0110248607985274;0,0111308912132684;0,00370871499673956;0,00375591297599427;0,0182938086210605;0,0051062216135848;0,0180807915291581;2,97269021971752;0,00295202226348119;TRUE;100;"5";"Childhood"
"hs_pfna_c_Log2";"e3_bw";0;-0,00927103494849417;-0,00929708585202309;0,00390326820597736;-0,0169213000542101;-0,00162076984277827;-0,0168749614933722;-0,00191867386539949;-2,37519802874339;0,0175395373659251;TRUE;100;"5";"Childhood"
"hs_pfoa_c_Log2";"e3_bw";0;0,0122473516958999;0,0124144061902357;0,00351829524102353;0,00535161973651508;0,0191430836552847;0,00565102694930508;0,019426708487689;3,48104717111146;0,00049945752240263;TRUE;100;"5";"Childhood"
"hs_pfos_c_Log2";"e3_bw";0;-9,53477975320323e-05;-0,000308139203347934;0,0046709702130501;-0,0092502811879696;0,00905958559290554;-0,00826538991907064;0,00722574481420424;-0,020412846407293;0,983714036035013;FALSE;100;"5";"Childhood"
"hs_pfunda_c_Log2";"e3_bw";0;7,83262620261995e-05;0,000358995621483898;0,00348328720903393;-0,00674879121548935;0,00690544373954175;-0,00563147235333748;0,00797063876396627;0,0224863059879357;0,982060035478018;FALSE;100;"5";"Childhood"
"hs_hm_pers_None";"e3_bw";0;-0,000484993427776796;-0,000664799988557306;0,00308310703388388;-0,0065277721746713;0,00555778531911771;-0,00592489562176882;0,00525494162756032;-0,157306711199655;0,875003131338134;FALSE;100;"5";"Childhood"
"hs_trafload_h_pow1over3";"e3_bw";0;0,000624476502040357;0,000376209008725963;0,00317009662046718;-0,00558879870158745;0,00683775170566817;-0,00554784046615634;0,00613601100888304;0,196989737791754;0,843835568494424;FALSE;100;"5";"Childhood"
"hs_trafnear_h_pow1over3";"e3_bw";0;-0,00932419459404616;-0,00926539179646367;0,00442450913259902;-0,0179960731432088;-0,000652316044883526;-0,0176064476781163;-0,00118217955681345;-2,10739639462988;0,0350832338727299;TRUE;100;"5";"Childhood"
"FAS_cat_None_Low";"e3_bw";0;0,0480336874304659;0,046639387028394;0,0125423666304557;0,0234511005538757;0,0726162743070561;0,0193114913057627;0,0683097413007985;3,82971482541654;0,000128291844639401;TRUE;100;"5";"Childhood"
"FAS_cat_None_Middle";"e3_bw";0;0,0363420541442415;0,0356460927283309;0,00722153834623507;0,0221880990726458;0,0504960092158371;0,0205417224728917;0,0506328072708655;5,03245325328616;4,84242709293421e-07;TRUE;100;"5";"Childhood"
"hs_globalexp2_None_no exposure";"e3_bw";0;0,0414584176987337;0,0414841512950396;0,00675201357172188;0,0282247142750332;0,0546921211224343;0,0297779237250596;0,0574879340892092;6,14015615613775;8,24403984078508e-10;TRUE;100;"5";"Childhood"
"hs_no2_dy_hs_h_Log";"hs_asthma";0;-0,100856233979934;-0,0981725653640401;0,0726343148738287;-0,24321687517438;0,0415044072145123;-0,237536448088668;0,037703413867047;-1,38854801831791;0,164970233517066;FALSE;100;"5";"Childhood"
"hs_no2_wk_hs_h_Log";"hs_asthma";0;0,0220549891721708;0,0171023243660735;0,0528423492139008;-0,0815141121455633;0,125624090489905;-0,0768569123537331;0,113467317748317;0,417373366253916;0,676405332811026;FALSE;100;"5";"Childhood"
"hs_no2_yr_hs_h_Log";"hs_asthma";0;-0,143910313223129;-0,139847435703497;0,0426276191971008;-0,227458911596135;-0,0603617148501236;-0,220381399947033;-0,059497104731419;-3,37598758583536;0,000735512378666864;TRUE;100;"5";"Childhood"
"hs_pm10_dy_hs_h_None";"hs_asthma";0;-0,00716390006026818;-0,0112835519706527;0,0660654660053195;-0,13664983405255;0,122322033932013;-0,162280323446338;0,0796331385438065;-0,108436381265991;0,913649543190686;FALSE;100;"5";"Childhood"
"hs_pm10_wk_hs_h_None";"hs_asthma";0;0,019724595882255;0,0206290110589237;0,0735255821710706;-0,124382897115384;0,163832088879894;-0,11307994171974;0,140819067063508;0,268268476084448;0,78849266956871;FALSE;100;"5";"Childhood"
"hs_pm10_yr_hs_h_None";"hs_asthma";0;0,0744096356875959;0,0722341390777537;0,0741867981605236;-0,0709938168353726;0,219813088210564;-0,0749027966704084;0,190536305695523;1,00300373560522;0,315859058861653;FALSE;100;"5";"Childhood"
"hs_pm25_dy_hs_h_None";"hs_asthma";0;-0,0712741815178825;-0,0757622992178688;0,0774759596480523;-0,223124272095744;0,0805759090599785;-0,202297782098322;0,0575829566146512;-0,919952225718243;0,357597725308139;FALSE;100;"5";"Childhood"
"hs_pm25_wk_hs_h_None";"hs_asthma";0;0,0216548498851752;0,0198371027403016;0,0582602880258117;-0,092533216374346;0,135842916144696;-0,0829699733793094;0,150310945515568;0,37169143200221;0,710122604978382;FALSE;100;"5";"Childhood"
"hs_pm25_yr_hs_h_None";"hs_asthma";0;-0,144746230037121;-0,139458140042834;0,0648919297531119;-0,271932075240524;-0,017560384833719;-0,252771354139902;-0,02633455003337;-2,23057367207022;0,0257093823793262;TRUE;100;"5";"Childhood"
"hs_pm25abs_dy_hs_h_Log";"hs_asthma";0;0,12138859442332;0,126448033807022;0,0736481660560493;-0,0229591585739616;0,265736347420602;-0,0390094277496056;0,274117904799886;1,64822290796676;0,0993069376435398;FALSE;100;"5";"Childhood"
"hs_pm25abs_wk_hs_h_Log";"hs_asthma";0;-0,0486590372621194;-0,0449058765705883;0,073738216137877;-0,193183285176589;0,0958652106523497;-0,177532011339349;0,0752759493718547;-0,659888993939532;0,509325067605701;FALSE;100;"5";"Childhood"
"hs_pm25abs_yr_hs_h_Log";"hs_asthma";0;-0,142843891802592;-0,137927820283292;0,072250814947017;-0,284452886952413;-0,0012348966527701;-0,246116450411736;0,0202362486433445;-1,97705578694637;0,0480353246535479;TRUE;100;"5";"Childhood"
"hs_accesslines300_h_dic0";"hs_asthma";0;0,202513566488155;0,194651714659802;0,19789236292131;-0,185348337653143;0,590375470629453;-0,226969343432788;0,557935295093323;1,02335210666357;0,30614139527983;FALSE;100;"5";"Childhood"
"hs_accesspoints300_h_Log";"hs_asthma";0;-0,158543707152819;-0,155286501526387;0,0659105202083329;-0,287725952963451;-0,0293614613421872;-0,269663895253958;-0,0246027302281194;-2,40543856506802;0,0161530676482674;TRUE;100;"5";"Childhood"
"hs_builtdens300_h_Sqrt";"hs_asthma";0;-0,0123368898311736;-0,00902918329352344;0,066017712031818;-0,141729227755273;0,117055448092926;-0,118368046610332;0,127660364248178;-0,186872423346445;0,851760661276824;FALSE;100;"5";"Childhood"
"hs_connind300_h_Log";"hs_asthma";0;-0,0598992916944431;-0,0578880372628243;0,0738145947194627;-0,20457323887801;0,0847746554891241;-0,193788774086832;0,072646589203665;-0,811483039663015;0,417088328859375;FALSE;100;"5";"Childhood"
"hs_fdensity300_h_Log";"hs_asthma";0;0,00647011366659957;-0,00135498053244886;0,0887104107570263;-0,167399096470927;0,180339323804126;-0,165987738760725;0,162670440566828;0,0729352238523719;0,941857663993702;FALSE;100;"5";"Childhood"
"hs_landuseshan300_h_None";"hs_asthma";0;0,112391506597011;0,1136264802217;0,0868835104514393;-0,0578970447382191;0,282680057932242;-0,0478431532119493;0,277109688420133;1,2935884612976;0,195807610206812;FALSE;100;"5";"Childhood"
"hs_popdens_h_Sqrt";"hs_asthma";0;0,00277960824309715;0,00666499731487626;0,0837059989374244;-0,161281134964203;0,166840351450397;-0,133924965635131;0,139454294596035;0,0332067985375228;0,973509676664926;FALSE;100;"5";"Childhood"
"hs_walkability_mean_h_None";"hs_asthma";0;0,14426678937933;0,136769800388189;0,0918069360418752;-0,0356714987937179;0,324205077552377;-0,0414951052681534;0,296300148272749;1,57141492352524;0,116086301773272;FALSE;100;"5";"Childhood"
"hs_accesslines300_s_dic0";"hs_asthma";0;-0,192363887373929;-0,185927703866071;0,163575779550015;-0,512966524035022;0,128238749287163;-0,48779627755989;0,1279882631981;-1,17599248435868;0,23959787935708;FALSE;100;"5";"Childhood"
"hs_accesspoints300_s_Log";"hs_asthma";0;0,000556497092056382;-0,00171418252167004;0,0699001002705462;-0,136445181953953;0,137558176138065;-0,135672417001313;0,133043748186967;0,00796132036867583;0,993647852496926;FALSE;100;"5";"Childhood"
"hs_builtdens300_s_Sqrt";"hs_asthma";0;-0,0110775366813297;-0,00634266810482405;0,0819883651653645;-0,171771779556763;0,149616706194103;-0,130368617202488;0,123825891631667;-0,13511108141975;0,892524048813696;FALSE;100;"5";"Childhood"
"hs_connind300_s_Log";"hs_asthma";0;-0,00171824039417787;-0,00511899172263324;0,0815898457759928;-0,161631399619301;0,158194918830946;-0,155537879951896;0,153839883367638;-0,0210594881977758;0,983198201456427;FALSE;100;"5";"Childhood"
"hs_fdensity300_s_Log";"hs_asthma";0;-0,0811960358507279;-0,0846453635034401;0,0740427138221811;-0,226317088259809;0,063925016558353;-0,234721646246626;0,0643194843279;-1,09661074884054;0,272811586689312;FALSE;100;"5";"Childhood"
"hs_landuseshan300_s_None";"hs_asthma";0;-0,0305671010367703;-0,0317065092265985;0,0774397986521094;-0,182346317364938;0,121212115291397;-0,173892134419423;0,122364166570717;-0,394720822739868;0,693048933714738;FALSE;100;"5";"Childhood"
"hs_popdens_s_Sqrt";"hs_asthma";0;0,0364289879923612;0,0389094534038663;0,0758915972917714;-0,112315809428728;0,185173785413451;-0,103186902758187;0,170843013888888;0,480013457251492;0,631217824082051;FALSE;100;"5";"Childhood"
"h_Absorbance_Log";"hs_asthma";0;0,146240074529835;0,143607833294131;0,0917982584407995;-0,033681205857632;0,326161354917302;-0,0429165108775712;0,298211539379079;1,59305935661236;0,111146875923895;FALSE;100;"5";"Childhood"
"h_Benzene_Log";"hs_asthma";0;0,131692039888332;0,135047827910951;0,0733100955228657;-0,0119931070396761;0,275377186816339;-0,00215210903535962;0,269461934107593;1,79636977620983;0,0724357273362532;FALSE;100;"5";"Childhood"
"h_NO2_Log";"hs_asthma";0;-0,0500177514770008;-0,0491624234447959;0,0712539860959328;-0,189672997979947;0,0896374950259451;-0,174633647861864;0,0826416192655253;-0,701964257966697;0,482701453635863;FALSE;100;"5";"Childhood"
"h_PM_Log";"hs_asthma";0;0,0220144493987179;0,0221646778332627;0,0655789728042517;-0,106517975440747;0,150546874238183;-0,1088988011988;0,152000895947914;0,335693720980189;0,737101841270237;FALSE;100;"5";"Childhood"
"h_TEX_Log";"hs_asthma";0;-0,0975996129165314;-0,0967793424064041;0,0690997224901357;-0,23303258033891;0,037833354505847;-0,222611989654959;0,0366466454671843;-1,41244580150758;0,157818738506317;FALSE;100;"5";"Childhood"
"hs_KIDMED_None";"hs_asthma";0;-0,148549945794391;-0,152053044947483;0,0686850569504685;-0,283170183693392;-0,0139297078953906;-0,26740229087986;-0,0433485475430729;-2,1627694929556;0,0305589131048763;TRUE;100;"5";"Childhood"
"hs_mvpa_prd_alt_None";"hs_asthma";0;0,0657694866201114;0,0673510411650775;0,0789831833149494;-0,0890347080615143;0,220573681301737;-0,0948378714495689;0,216799909708547;0,832702403976961;0,405012588393932;FALSE;100;"5";"Childhood"
"hs_sd_wk_None";"hs_asthma";0;-0,0518533137117669;-0,0525373582195139;0,0729115824542613;-0,194757389377942;0,0910507619544078;-0,188070730052717;0,101212694059934;-0,711180747507371;0,47697223736267;FALSE;100;"5";"Childhood"
"hs_dif_hours_total_None";"hs_asthma";0;-0,254137068562561;-0,259213572294592;0,0817890848302378;-0,414440729158319;-0,093833407966804;-0,410714742879056;-0,113608286569257;-3,1072247487553;0,00188852761829949;TRUE;100;"5";"Childhood"
"hs_as_c_Log2";"hs_asthma";0;-0,126391593324905;-0,124321942398389;0,0689365816214087;-0,261504810520172;0,00872162387036132;-0,243179532191036;0,0221131688763118;-1,83344735628222;0,0667360705847896;FALSE;100;"5";"Childhood"
"hs_cd_c_Log2";"hs_asthma";0;0,0314838313925023;0,0293848001880544;0,0850720707038736;-0,135254363277335;0,198222026062339;-0,141126266782792;0,193408998899795;0,370084225433915;0,711319735289115;FALSE;100;"5";"Childhood"
"hs_co_c_Log2";"hs_asthma";0;-0,107527542075404;-0,108583152686639;0,0602482130918146;-0,225611869868255;0,0105567857174475;-0,256204502325458;0,00644607070466935;-1,78474242732375;0,0743031056639992;FALSE;100;"5";"Childhood"
"hs_cs_c_Log2";"hs_asthma";0;0,00928803546098685;0,0119681941181853;0,0864623345461035;-0,160175026268629;0,178751097190603;-0,136225793923863;0,164487500659983;0,107422908596509;0,914453481229444;FALSE;100;"5";"Childhood"
"hs_cu_c_Log2";"hs_asthma";0;0,000991803732589054;0,00165317219439899;0,0638777994181863;-0,12420638253873;0,126189990003908;-0,12922827711965;0,110875413621688;0,0155265795256354;0,987612079652056;FALSE;100;"5";"Childhood"
"hs_hg_c_Log2";"hs_asthma";0;0,0134696271215394;0,0152645924098894;0,0650193003598418;-0,113965859883743;0,140905114126822;-0,10649452439044;0,136485979350649;0,207163519862461;0,835882156210167;FALSE;100;"5";"Childhood"
"hs_mn_c_Log2";"hs_asthma";0;0,18928973785975;0,185806095782264;0,0680987874888926;0,0558185669906734;0,322760908728826;0,0424768996179106;0,307493851465968;2,77963448160695;0,00544201150563519;TRUE;100;"5";"Childhood"
"hs_mo_c_Log2";"hs_asthma";0;0,00814456051682497;0,0100092397661933;0,0704351199093821;-0,129905737752324;0,146194858785974;-0,111367147009222;0,137351647978807;0,1156320955697;0,907944124932636;FALSE;100;"5";"Childhood"
"hs_pb_c_Log2";"hs_asthma";0;-0,0866056492404836;-0,0943390282678327;0,0760766736523799;-0,235713189662755;0,0625018911817881;-0,222701185708969;0,0365663027307893;-1,13839952619661;0,254953691818238;FALSE;100;"5";"Childhood"
"hs_hum_mt_hs_h_None";"hs_asthma";0;0,0426379116611327;0,0522915838844891;0,0657401180169054;-0,0862103519914146;0,17148617531368;-0,0696128151448386;0,184285892063747;0,648582828071105;0,516608057780969;FALSE;100;"5";"Childhood"
"hs_tm_mt_hs_h_None";"hs_asthma";0;0,0218199139451366;0,0197179670713004;0,0638951929702188;-0,103412363061729;0,147052190952002;-0,09708365225535;0,132993324268164;0,341495391606482;0,732730673560027;FALSE;100;"5";"Childhood"
"hs_uvdvf_mt_hs_h_None";"hs_asthma";0;0,0403054529734869;0,0391352621794739;0,0580734660692412;-0,0735164489796347;0,154127354926608;-0,0773341110591;0,144933384041379;0,694042489653201;0,487655562988415;FALSE;100;"5";"Childhood"
"hs_hum_dy_hs_h_None";"hs_asthma";0;0,137531162636832;0,141872336934284;0,0794136060829063;-0,0181166451681157;0,293178970441779;-0,00666746720453435;0,297579456332312;1,73183374261146;0,0833031684610423;FALSE;100;"5";"Childhood"
"hs_hum_wk_hs_h_None";"hs_asthma";0;0,177972584725414;0,176094687679367;0,0669583661740379;0,0467365985606547;0,309208570890173;0,0476679074301514;0,299974990929075;2,65795889139273;0,00786154817233949;TRUE;100;"5";"Childhood"
"hs_tm_dy_hs_h_None";"hs_asthma";0;0,00211261459045069;0,00877834508812812;0,0697890653792353;-0,134671440067562;0,138896669248463;-0,126909476356227;0,11859343268914;0,0302714268914578;0,975850584163058;FALSE;100;"5";"Childhood"
"hs_tm_wk_hs_h_None";"hs_asthma";0;0,0864710544029882;0,080847043921908;0,0507974209411202;-0,0130900611491282;0,186032169955105;-0,00749634641747856;0,174057017891113;1,70227253275747;0,0887042913061789;FALSE;100;"5";"Childhood"
"hs_uvdvf_dy_hs_h_None";"hs_asthma";0;-0,0708275289217522;-0,0639581280824369;0,0528204287025217;-0,174353666826661;0,032698608983156;-0,165867524509131;0,0261386979220353;-1,34091166356571;0,179949134893657;FALSE;100;"5";"Childhood"
"hs_uvdvf_wk_hs_h_None";"hs_asthma";0;0,0938149474254484;0,0906759870255744;0,0678042638314544;-0,039078967682454;0,226708862533351;-0,034053268842102;0,225559156384871;1,383614276215;0,166476594588122;FALSE;100;"5";"Childhood"
"hs_ndvi100_h_None";"hs_asthma";0;-0,278729797279164;-0,275895894167678;0,0866330362480173;-0,44852742819663;-0,108932166361697;-0,451141310029556;-0,107114636460465;-3,21736152108536;0,00129375464537241;TRUE;100;"5";"Childhood"
"hs_ndvi100_s_None";"hs_asthma";0;-0,119289053295375;-0,117423485480859;0,0720495125977365;-0,260503503090604;0,0219253964998529;-0,263705808310171;0,00320404098262483;-1,65565385516741;0,0977919371711081;FALSE;100;"5";"Childhood"
"hs_dde_cadj_Log2";"hs_asthma";0;0,146538707352709;0,146749599396912;0,0925888211591952;-0,0349320474903332;0,328009462195752;-0,0424640963168962;0,333542510420626;1,58268250441113;0,113493847961219;FALSE;100;"5";"Childhood"
"hs_ddt_cadj_Log2";"hs_asthma";0;0,0376294170511988;0,0435448140693135;0,0692914357040515;-0,0981793013658148;0,173438135468213;-0,106547975378372;0,178167483404827;0,543060143996968;0,587088392969247;FALSE;100;"5";"Childhood"
"hs_hcb_cadj_Log2";"hs_asthma";0;-0,00830035830919425;-0,00628636483066035;0,058130612577688;-0,122234265360714;0,105633548742325;-0,124849584729328;0,106622178969996;-0,14278807569938;0,886457554791583;FALSE;100;"5";"Childhood"
"hs_pcb118_cadj_Log2";"hs_asthma";0;0,0439379640606934;0,0480656892184464;0,0671754293497182;-0,0877234581107692;0,175599386232156;-0,0682039287764825;0,175343094602313;0,654077904466385;0,513061615983088;FALSE;100;"5";"Childhood"
"hs_pcb138_cadj_Log2";"hs_asthma";0;0,0669063935690367;0,0781839361168194;0,124282527530282;-0,176682884297923;0,310495671435996;-0,160468297527141;0,274537230821767;0,538341107946448;0,590341576157158;FALSE;100;"5";"Childhood"
"hs_pcb153_cadj_Log2";"hs_asthma";0;-0,0221871857697964;-0,027181867435046;0,0582588744076476;-0,136372481388628;0,0919981098490352;-0,146531859730562;0,0886972332791614;-0,380837872262151;0,703323555146142;FALSE;100;"5";"Childhood"
"hs_pcb170_cadj_Log2";"hs_asthma";0;0,145800069381828;0,14604008467531;0,0643598835319929;0,0196570156099297;0,271943123153727;0,0328596193707498;0,261089501773258;2,26538740253239;0,0234889167067599;TRUE;100;"5";"Childhood"
"hs_pcb180_cadj_Log2";"hs_asthma";0;-0,159586124608811;-0,150924533884717;0,0841000717067805;-0,324419236251337;0,00524698703371496;-0,273223230542791;0,0412326294375906;-1,8975741800223;0,0577521983894723;FALSE;100;"5";"Childhood"
"hs_sumPCBs5_cadj_Log2";"hs_asthma";0;0,00358578489115555;0,000672682985891562;0,0531942177072133;-0,100672966000765;0,107844535783076;-0,114319440232954;0,0840787132499502;0,0674092983356216;0,946255867026633;FALSE;100;"5";"Childhood"
"hs_pfhxs_c_Log2";"hs_asthma";0;-0,0156828910890132;-0,0128945572669605;0,0762403932918577;-0,165111316108223;0,133745533930197;-0,157197428969364;0,154699522963172;-0,205703176647806;0,837022777021211;FALSE;100;"5";"Childhood"
"hs_pfna_c_Log2";"hs_asthma";0;0,11229137405798;0,114060604109607;0,0719568374589227;-0,0287414358029106;0,253324183918872;-0,00574658100652479;0,267147478449238;1,5605379283391;0,118632814203492;FALSE;100;"5";"Childhood"
"hs_pfoa_c_Log2";"hs_asthma";0;-0,0956965405519594;-0,0995130078085257;0,0802392459898475;-0,25296257283871;0,0615694917347917;-0,269135591661034;0,0433899496079246;-1,19264007745122;0,233010362869715;FALSE;100;"5";"Childhood"
"hs_pfos_c_Log2";"hs_asthma";0;-0,0402537694154462;-0,0392183769813844;0,0644833818511718;-0,166638875445087;0,0861313366141943;-0,14687742692784;0,0870245662040338;-0,624250283714217;0,532463228596081;FALSE;100;"5";"Childhood"
"hs_pfunda_c_Log2";"hs_asthma";0;0,087817347838165;0,0865520360727191;0,0666907068419795;-0,0428940356756337;0,218528731351964;-0,0209689326069329;0,213634862581203;1,31678538130124;0,187910574346815;FALSE;100;"5";"Childhood"
"hs_hm_pers_None";"hs_asthma";0;-0,149329666549917;-0,147810333622749;0,0714099977275639;-0,289290690232029;-0,00936864286780459;-0,275967831872615;-0,00444987662064004;-2,09115909959309;0,0365138043541235;TRUE;100;"5";"Childhood"
"hs_trafload_h_pow1over3";"hs_asthma";0;0,0195120159763346;0,0199565781901233;0,077797858963668;-0,132968985666781;0,17199301761945;-0,130126781003605;0,169124785058365;0,250804022581737;0,801965631392478;FALSE;100;"5";"Childhood"
"hs_trafnear_h_pow1over3";"hs_asthma";0;-0,000997397754256166;0,0015289080168766;0,0747803887427359;-0,147564266439923;0,145569470931411;-0,128112154041114;0,123898355046363;-0,0133376914860322;0,989358377400972;FALSE;100;"5";"Childhood"
"FAS_cat_None_Low";"hs_asthma";0;-0,10501481084746;-0,110584749935125;0,206816987775743;-0,510368658278978;0,300339036584057;-0,552154616563236;0,232068913125238;-0,507766852118213;0,61161685887808;FALSE;100;"5";"Childhood"
"FAS_cat_None_Middle";"hs_asthma";0;-0,205164598712118;-0,203756266834932;0,158420370804522;-0,515662819906463;0,105333622482227;-0,492145659088711;0,0929519446126809;-1,29506450256498;0,195297979096218;FALSE;100;"5";"Childhood"
"hs_globalexp2_None_no exposure";"hs_asthma";0;-0,110672720553216;-0,116205845967994;0,15466181643599;-0,413804310551301;0,192458869444868;-0,427486396762356;0,182485518571299;-0,715578822902426;0,474251453761172;FALSE;100;"5";"Childhood"
"hs_no2_dy_hs_h_Log";"hs_zbmi_who";0;0,0111378111038684;0,0110848239233536;0,00587194187338735;-0,000370983487283497;0,0226466056950202;0,00120373109694819;0,022053260737119;1,89678497233544;0,0578563234890527;FALSE;100;"5";"Childhood"
"hs_no2_wk_hs_h_Log";"hs_zbmi_who";0;0,024960989243856;0,0247252401884601;0,00610137150053873;0,013002520846501;0,036919457641211;0,0118881851891123;0,0358753848632035;4,09104563484653;4,29432611703228e-05;TRUE;100;"5";"Childhood"
"hs_no2_yr_hs_h_Log";"hs_zbmi_who";0;0,0528718978147257;0,0509129214272158;0,00642069899607641;0,0402875590268435;0,065456236602608;0,0399271417215772;0,0639817158825821;8,23460153591298;1,80156258950386e-16;TRUE;100;"5";"Childhood"
"hs_pm10_dy_hs_h_None";"hs_zbmi_who";0;0,00663972956990238;0,00594162705978206;0,00570007356425426;-0,00453220932526482;0,0178116684650696;-0,0041682407123177;0,0166808046160936;1,16484980326233;0,24407979526212;FALSE;100;"5";"Childhood"
"hs_pm10_wk_hs_h_None";"hs_zbmi_who";0;-0,0151360866636016;-0,01373077739829;0,00607047117079247;-0,0270339915275435;-0,00323818179965964;-0,0244628369312077;-0,00252562832448205;-2,49339569166023;0,0126527754373225;TRUE;100;"5";"Childhood"
"hs_pm10_yr_hs_h_None";"hs_zbmi_who";0;-0,0317653022202132;-0,0301594987131187;0,00611870530480053;-0,0437577442496364;-0,01977286019079;-0,0410220046708705;-0,0173701553634137;-5,19150713064923;2,08598597051676e-07;TRUE;100;"5";"Childhood"
"hs_pm25_dy_hs_h_None";"hs_zbmi_who";0;0,00141932257924673;0,000983755346602489;0,00561103464801239;-0,00957810324686394;0,0124167484053574;-0,00815205383880971;0,0114149475396153;0,252952025478848;0,800305285875937;FALSE;100;"5";"Childhood"
"hs_pm25_wk_hs_h_None";"hs_zbmi_who";0;-0,0100218663107571;-0,0105708440859577;0,00863275496709288;-0,0269417551336184;0,00689802251210416;-0,0318868031030391;0,00255896138907168;-1,16091170767147;0,245677807176573;FALSE;100;"5";"Childhood"
"hs_pm25_yr_hs_h_None";"hs_zbmi_who";0;0,0188799676778659;0,0180565504849856;0,00782020227156588;0,00355265287377841;0,0342072824819533;0,00246464707010948;0,0350654641328242;2,41425567040805;0,0157673939941087;TRUE;100;"5";"Childhood"
"hs_pm25abs_dy_hs_h_Log";"hs_zbmi_who";0;-0,00168943952739469;-0,00139840318598262;0,00503187745242712;-0,011551738108771;0,00817285905398162;-0,0111502492559173;0,00732028633670407;-0,335747351434362;0,737061395114983;FALSE;100;"5";"Childhood"
"hs_pm25abs_wk_hs_h_Log";"hs_zbmi_who";0;-0,0076227121780754;-0,00786920789868422;0,00574197088032408;-0,0188767683037883;0,00363134394763753;-0,0176815293491098;0,00410231772285681;-1,32754281360012;0,184329187199808;FALSE;100;"5";"Childhood"
"hs_pm25abs_yr_hs_h_Log";"hs_zbmi_who";0;-0,00818816492272976;-0,00829340883996806;0,00704225142917098;-0,0219907240939806;0,00561439424852107;-0,023094430145743;0,0035986489448128;-1,16271976442251;0,244943219966828;FALSE;100;"5";"Childhood"
"hs_accesslines300_h_dic0";"hs_zbmi_who";0;-0,0465105193254137;-0,0437403262214515;0,0156437616259812;-0,0771717286950665;-0,0158493099557608;-0,0694086124582677;-0,0139330962235801;-2,97310330069009;0,00294805214966677;TRUE;100;"5";"Childhood"
"hs_accesspoints300_h_Log";"hs_zbmi_who";0;-0,00343017307179856;-0,00348110839353304;0,00679070559910577;-0,0167397114756604;0,00987936533206324;-0,0165753152498884;0,0112726097801658;-0,50512763684679;0,613469191373261;FALSE;100;"5";"Childhood"
"hs_builtdens300_h_Sqrt";"hs_zbmi_who";0;-0,00449327047718072;-0,0047364329517839;0,00646304632028446;-0,0171606084953524;0,00817406754099095;-0,0171968733025972;0,00658563036661879;-0,695224860616959;0,486914394752351;FALSE;100;"5";"Childhood"
"hs_connind300_h_Log";"hs_zbmi_who";0;0,0132864350455806;0,012417673525404;0,00483232007277238;0,00381526174117671;0,0227576083499844;0,00322005759258864;0,0217087396062451;2,74949399987859;0,00596873556291784;TRUE;100;"5";"Childhood"
"hs_fdensity300_h_Log";"hs_zbmi_who";0;0,00595028268103324;0,00659827775806427;0,00724845493117301;-0,00825642792762761;0,0201569932896941;-0,00543023869011526;0,0223533656121115;0,820903590838815;0,411701185544917;FALSE;100;"5";"Childhood"
"hs_landuseshan300_h_None";"hs_zbmi_who";0;-0,00181761034535223;-0,00114192849670955;0,0046041347193647;-0,0108415485752775;0,00720632788457301;-0,00939006039750247;0,00728066309244199;-0,394777836909827;0,693006852772353;FALSE;100;"5";"Childhood"
"hs_popdens_h_Sqrt";"hs_zbmi_who";0;5,91749860808071e-06;0,000466279758167652;0,00659188702860013;-0,0129139436676049;0,0129257786648211;-0,0112023405986305;0,0131208054813315;0,000897694178071701;0,999283743771194;FALSE;100;"5";"Childhood"
"hs_walkability_mean_h_None";"hs_zbmi_who";0;-0,0074562517905166;-0,00734923381026185;0,005509543176271;-0,0182547579872762;0,00334225440624297;-0,0173733367688606;0,00376294710897239;-1,35333394293557;0,175948970150278;FALSE;100;"5";"Childhood"
"hs_accesslines300_s_dic0";"hs_zbmi_who";0;0,0209112920345807;0,0192173503860849;0,0154751019672011;-0,00941935047821845;0,0512419345473799;-0,00692278577304224;0,0497296715584952;1,35128621956103;0,176603764633441;FALSE;100;"5";"Childhood"
"hs_accesspoints300_s_Log";"hs_zbmi_who";0;-0,00323072388534889;-0,00289957781902278;0,00674513941150115;-0,0164509542025928;0,00998950643189506;-0,0142635635735769;0,00891978242263221;-0,47897066142772;0,631959500439602;FALSE;100;"5";"Childhood"
"hs_builtdens300_s_Sqrt";"hs_zbmi_who";0;-0,00805434236189734;-0,00828510831633325;0,00643699596076308;-0,0206706226136228;0,0045619378898281;-0,020659885255877;0,00431425730581672;-1,25125794873771;0,210840382180539;FALSE;100;"5";"Childhood"
"hs_connind300_s_Log";"hs_zbmi_who";0;0,00480870065144236;0,00518522800844308;0,00595986552323765;-0,0068724211268054;0,0164898224296901;-0,00571744628484069;0,0176154970894745;0,806847173429186;0,419754537089788;FALSE;100;"5";"Childhood"
"hs_fdensity300_s_Log";"hs_zbmi_who";0;0,0057355416799898;0,00534832644323379;0,00688739216599728;-0,00776349891276818;0,0192345822727478;-0,00814226524219403;0,0197596909717535;0,832759561493519;0,404980345453839;FALSE;100;"5";"Childhood"
"hs_landuseshan300_s_None";"hs_zbmi_who";0;0,000296385687669636;0,000490298754093892;0,00423858347237605;-0,00801108526365414;0,00860385663899341;-0,00776744297991523;0,00877179239565498;0,0699256460563437;0,944252840486133;FALSE;100;"5";"Childhood"
"hs_popdens_s_Sqrt";"hs_zbmi_who";0;-0,00552574573121531;-0,00500385314975421;0,00530901102560043;-0,0159312161349182;0,00487972467248758;-0,0157830585291216;0,004680340595389;-1,04082393209767;0,297957270747632;FALSE;100;"5";"Childhood"
"h_Absorbance_Log";"hs_zbmi_who";0;-0,00106572780514227;-0,000484969569943516;0,00547098890484059;-0,0117886690184481;0,00965721340816352;-0,00981369067951621;0,00997561254012622;-0,194796192000927;0,845552503529347;FALSE;100;"5";"Childhood"
"h_Benzene_Log";"hs_zbmi_who";0;-0,000520983313850959;-0,000900419118200369;0,00526998933478282;-0,0108499726089355;0,00980800598123356;-0,0100956303021284;0,00927489615660604;-0,0988585138896547;0,921250608612455;FALSE;100;"5";"Childhood"
"h_NO2_Log";"hs_zbmi_who";0;0,0134954909709487;0,0127736158205791;0,00476127808517463;0,00416355740362655;0,0228274245382708;0,00341183224952069;0,0210729395354086;2,83442612036673;0,00459080715858836;TRUE;100;"5";"Childhood"
"h_PM_Log";"hs_zbmi_who";0;0,0116703132407252;0,0114162021858058;0,00470962217257114;0,0024396234016945;0,0209010030797559;0,00208787292290046;0,0198124822203339;2,4779722901538;0,013213140650344;TRUE;100;"5";"Childhood"
"h_TEX_Log";"hs_zbmi_who";0;0,00447707515555165;0,00406113326659257;0,00476847861536969;-0,00486897119162237;0,0138231215027257;-0,00390044632997795;0,015654749098744;0,938889636858432;0,347787410440734;FALSE;100;"5";"Childhood"
"hs_KIDMED_None";"hs_zbmi_who";0;0,00989094109983987;0,00939254815496388;0,00471402393909181;0,000651623956960277;0,0191302582427195;0,000769119730497988;0,0179193197917551;2,09819492383516;0,0358879298559605;TRUE;100;"5";"Childhood"
"hs_mvpa_prd_alt_None";"hs_zbmi_who";0;-0,00289704893498253;-0,00227103979498687;0,0061661950291709;-0,0149825691138074;0,00918847124384233;-0,0136874437592952;0,00925266953623321;-0,469827652430265;0,638478156385065;FALSE;100;"5";"Childhood"
"hs_sd_wk_None";"hs_zbmi_who";0;0,00113235618161689;0,00072902885336475;0,0049908263888625;-0,0086494837936457;0,0109141961568795;-0,0101127646473762;0,00981467476736793;0,226887511884574;0,820511212921679;FALSE;100;"5";"Childhood"
"hs_dif_hours_total_None";"hs_zbmi_who";0;-0,00535323909649565;-0,00526835330726644;0,00502214450352731;-0,015196461448565;0,00448998325557366;-0,014702515378297;0,00404538146157615;-1,06592693474586;0,28645667211402;FALSE;100;"5";"Childhood"
"hs_as_c_Log2";"hs_zbmi_who";0;-0,00142112302481815;-0,00151051096415591;0,00507619789782228;-0,0113702880829478;0,00852804203331146;-0,0115109745137268;0,00746269945716384;-0,279958160304944;0,779509605016994;FALSE;100;"5";"Childhood"
"hs_cd_c_Log2";"hs_zbmi_who";0;0,00248157517355387;0,00223309426793003;0,00428272180946986;-0,00591240532881126;0,010875555675919;-0,00632175933241359;0,0100930731385763;0,579438797090829;0,56229313210746;FALSE;100;"5";"Childhood"
"hs_co_c_Log2";"hs_zbmi_who";0;-0,00789746821299981;-0,00738132196211549;0,0041450330606194;-0,0160215837265417;0,000226647300542039;-0,014104728919386;0,00115192205998739;-1,90528473416318;0,0567430687723359;FALSE;100;"5";"Childhood"
"hs_cs_c_Log2";"hs_zbmi_who";0;0,0110403871991324;0,00990159879984812;0,0059646990983159;-0,000650208212185322;0,0227309826104501;-0,00161353002547474;0,0210696886353979;1,85095459421408;0,0641760856043334;FALSE;100;"5";"Childhood"
"hs_cu_c_Log2";"hs_zbmi_who";0;0,0136457079393335;0,0131243859901666;0,00485101697507608;0,004137889379792;0,0231535264988751;0,00542595158499185;0,0224642471096591;2,81295819195099;0,00490880330038043;TRUE;100;"5";"Childhood"
"hs_hg_c_Log2";"hs_zbmi_who";0;-0,00637252304732913;-0,00614178276580055;0,00553659068010519;-0,0172240413774754;0,00447899528281715;-0,0169346217958512;0,00365911326041348;-1,15098323418195;0,2497391330479;FALSE;100;"5";"Childhood"
"hs_mn_c_Log2";"hs_zbmi_who";0;-0,00701181608065286;-0,00652068699933083;0,00491960226158123;-0,0166540593316139;0,00263042717030814;-0,0161331728753876;0,00285157475532295;-1,42528109140253;0,154075963702247;FALSE;100;"5";"Childhood"
"hs_mo_c_Log2";"hs_zbmi_who";0;-0,00868238221458559;-0,0084612261055537;0,00472909815813682;-0,0179512442838884;0,000586479854717275;-0,0168635546870204;-0,000209751177336246;-1,8359488266588;0,0663652253905125;FALSE;100;"5";"Childhood"
"hs_pb_c_Log2";"hs_zbmi_who";0;0,00110587245002951;0,00147509141113696;0,00463252127454867;-0,00797370240570147;0,0101854473057605;-0,00574275890529795;0,0103950806775274;0,238719346224103;0,811323214284913;FALSE;100;"5";"Childhood"
"hs_hum_mt_hs_h_None";"hs_zbmi_who";0;-0,00474145760927428;-0,00612940391975929;0,00742442336144781;-0,0192930600036898;0,00981014478514124;-0,0202415810593187;0,0078297841565997;-0,638629746505951;0,523063825241773;FALSE;100;"5";"Childhood"
"hs_tm_mt_hs_h_None";"hs_zbmi_who";0;9,16549645810861e-05;-6,39475460275357e-06;0,00634210330517255;-0,0123386390997895;0,0125219490289517;-0,0107409567607706;0,0124482536904779;0,0144518246030987;0,988469513642225;FALSE;100;"5";"Childhood"
"hs_uvdvf_mt_hs_h_None";"hs_zbmi_who";0;-0,00292969874551825;-0,00285376398747436;0,00618605023826741;-0,0150541344190778;0,00919473692804128;-0,0148123654047813;0,00757180950515842;-0,473597632200737;0,635786864282025;FALSE;100;"5";"Childhood"
"hs_hum_dy_hs_h_None";"hs_zbmi_who";0;-0,00634691471838026;-0,00583508870558904;0,00559682403830114;-0,0173164882612585;0,00462265882449799;-0,0167478413188991;0,00355625971476726;-1,13402077230693;0,256785834803662;FALSE;100;"5";"Childhood"
"hs_hum_wk_hs_h_None";"hs_zbmi_who";0;-0,0130335916275445;-0,0126828618639139;0,00692617885713226;-0,0266086527380065;0,000541469482917547;-0,0259030394028195;-0,00142203021161239;-1,88178675376295;0,0598649750372388;FALSE;100;"5";"Childhood"
"hs_tm_dy_hs_h_None";"hs_zbmi_who";0;-0,0104714273137376;-0,0096574781789791;0,0064029194566627;-0,0230209188447072;0,0020780642172321;-0,0208024091216237;0,00443314905672907;-1,63541449874733;0,101962185050472;FALSE;100;"5";"Childhood"
"hs_tm_wk_hs_h_None";"hs_zbmi_who";0;-0,0029896571344255;-0,00238555636045573;0,00537863905857696;-0,0135315959750768;0,00755228170622576;-0,0125085656150294;0,00712203519119954;-0,555838958864156;0,578320949950541;FALSE;100;"5";"Childhood"
"hs_uvdvf_dy_hs_h_None";"hs_zbmi_who";0;0,00418285233713117;0,00292112052521052;0,00621867761993347;-0,00800553182940369;0,016371236503666;-0,00835276256640441;0,0142387556529914;0,672627300010435;0,501184429175368;FALSE;100;"5";"Childhood"
"hs_uvdvf_wk_hs_h_None";"hs_zbmi_who";0;-0,0177550565895898;-0,0175607876524474;0,00612641228300957;-0,0297626040187324;-0,00574750916044724;-0,0291888135173331;-0,00609041660536523;-2,89811651083784;0,00375411099841393;TRUE;100;"5";"Childhood"
"hs_ndvi100_h_None";"hs_zbmi_who";0;0,011895765744569;0,0116291536740619;0,00541226155832671;0,00128792801533805;0,0225036034738;0,000107849798530409;0,0204666650862508;2,19792883554704;0,0279541776495489;TRUE;100;"5";"Childhood"
"hs_ndvi100_s_None";"hs_zbmi_who";0;0,0096927314801193;0,00907663865425441;0,00586600447467434;-0,0018044260233932;0,0211898889836318;-0,00133394325629121;0,0224409470290994;1,65235664615776;0,0984618679446359;FALSE;100;"5";"Childhood"
"hs_dde_cadj_Log2";"hs_zbmi_who";0;-0,0214313709091108;-0,0201713053390411;0,00579840359918716;-0,0327960331313451;-0,0100667086868766;-0,0326854372028951;-0,0096219430124065;-3,69608126487007;0,000218952913740029;TRUE;100;"5";"Childhood"
"hs_ddt_cadj_Log2";"hs_zbmi_who";0;-0,0110361204682004;-0,010722782231386;0,00429500952685202;-0,0194541844540868;-0,00261805648231405;-0,0193719522586696;-0,00293922827312459;-2,56952176687935;0,0101838993782733;TRUE;100;"5";"Childhood"
"hs_hcb_cadj_Log2";"hs_zbmi_who";0;-0,0287851504834159;-0,0278211735110853;0,0074036256868903;-0,0432959901847365;-0,0142743107820953;-0,0429843903874315;-0,0153391064725813;-3,88798025464552;0,000101081847357495;TRUE;100;"5";"Childhood"
"hs_pcb118_cadj_Log2";"hs_zbmi_who";0;0,00400074369939809;0,00329008323607138;0,00664227671009286;-0,0090178794277331;0,0170193668265293;-0,00861797022204982;0,0174181645366989;0,602315120855928;0,546964397532508;FALSE;100;"5";"Childhood"
"hs_pcb138_cadj_Log2";"hs_zbmi_who";0;0,00595513604615124;0,00401646468926729;0,00938377465229203;-0,012436724311381;0,0243469964036835;-0,0160441703057621;0,0203310662540456;0,63462053031044;0,525675934984542;FALSE;100;"5";"Childhood"
"hs_pcb153_cadj_Log2";"hs_zbmi_who";0;-0,00372382567660752;-0,00416931457473604;0,00575093450589724;-0,0149954501856148;0,00754779883239973;-0,0148565345297291;0,00650076631965309;-0,647516620609912;0,517297641148167;FALSE;100;"5";"Childhood"
"hs_pcb170_cadj_Log2";"hs_zbmi_who";0;-0,0223914703362609;-0,0210468829023753;0,00533734974080061;-0,0328524836011243;-0,0119304570713976;-0,0304022477105192;-0,0109355249394928;-4,19524135079486;2,72581181349295e-05;TRUE;100;"5";"Childhood"
"hs_pcb180_cadj_Log2";"hs_zbmi_who";0;-0,00354498120259477;-0,00315165924448146;0,00627118596729781;-0,0158362798388515;0,00874631743366193;-0,0144767087893658;0,00797218993805258;-0,565280829029897;0,571882766200221;FALSE;100;"5";"Childhood"
"hs_sumPCBs5_cadj_Log2";"hs_zbmi_who";0;-0,0213796138657529;-0,020223401093394;0,00692567041480082;-0,034953678447557;-0,0078055492839487;-0,0319866862142842;-0,00806723870705125;-3,08701000556749;0,00202180791277361;TRUE;100;"5";"Childhood"
"hs_pfhxs_c_Log2";"hs_zbmi_who";0;0,013774130698689;0,013375176472602;0,00621350975081352;0,00159587536950601;0,0259523860278719;0,00154886050391266;0,0247916277860654;2,21680358623168;0,0266365163528836;TRUE;100;"5";"Childhood"
"hs_pfna_c_Log2";"hs_zbmi_who";0;-0,00355290226168639;-0,00389582234839482;0,00709257045765457;-0,0174540849165021;0,0103482803931293;-0,0162813369985585;0,00843982928362485;-0,500932952714197;0,616418310138023;FALSE;100;"5";"Childhood"
"hs_pfoa_c_Log2";"hs_zbmi_who";0;0,00505685625115067;0,00533376300632795;0,00529430914628784;-0,0053197989985945;0,0154335115008958;-0,00489947327789913;0,015887815167983;0,955149408813109;0,339502145723564;FALSE;100;"5";"Childhood"
"hs_pfos_c_Log2";"hs_zbmi_who";0;-0,00799186238297111;-0,00702719693574294;0,00563468357779526;-0,0190356392597291;0,00305191449378689;-0,0179707813021466;0,00477207498112881;-1,41833383767366;0,156093322042328;FALSE;100;"5";"Childhood"
"hs_pfunda_c_Log2";"hs_zbmi_who";0;0,00172620572812662;0,00170008142498669;0,0051058177957911;-0,00828101326324762;0,0117334247195009;-0,00709538502364743;0,0110806818868274;0,338086041681626;0,735298348992574;FALSE;100;"5";"Childhood"
"hs_hm_pers_None";"hs_zbmi_who";0;-0,000619447603836221;-0,000946366974497308;0,00436442176027864;-0,00917355706732526;0,00793466185965282;-0,00917668404514017;0,00667108659060406;-0,141931196813727;0,887134352261071;FALSE;100;"5";"Childhood"
"hs_trafload_h_pow1over3";"hs_zbmi_who";0;-0,00373434390013824;-0,00358756775230118;0,00485690012012009;-0,0132536932120819;0,00578500541180539;-0,0136815348074985;0,0048051623303813;-0,768873933533949;0,441968153032088;FALSE;100;"5";"Childhood"
"hs_trafnear_h_pow1over3";"hs_zbmi_who";0;-0,00419361581521749;-0,00446289631883781;0,00513070118237026;-0,0142496053481003;0,0058623737176653;-0,0138156872956025;0,00408558728492092;-0,817357251213007;0,413724297973542;FALSE;100;"5";"Childhood"
"FAS_cat_None_Low";"hs_zbmi_who";0;0,0187036348495513;0,0192255543471659;0,0159006233711799;-0,0124610142896972;0,0498682839887998;-0,0093053288382297;0,0445790809564543;1,17628311877708;0,239481759284082;FALSE;100;"5";"Childhood"
"FAS_cat_None_Middle";"hs_zbmi_who";0;0,0237681775099064;0,0230082819539399;0,00948550066043272;0,00517693784012739;0,0423594171796855;0,00596428653788708;0,0450890177657431;2,50573779505932;0,0122196199575812;TRUE;100;"5";"Childhood"
"hs_globalexp2_None_no exposure";"hs_zbmi_who";0;0,0329053948744748;0,0323005945191292;0,00954140338700492;0,0142045878739767;0,0516062018749729;0,0155126873986897;0,0528296678079458;3,44869549476243;0,000563301544523791;TRUE;100;"5";"Childhood"
"hs_no2_dy_hs_h_Log";"hs_correct_raven";0;-0,000125434142210793;0,000586690412705473;0,00874184576277491;-0,0172591369956537;0,0170082687112321;-0,0147271066680177;0,0184493824536472;-0,0143487022780618;0,98855178482258;FALSE;100;"5";"Childhood"
"hs_no2_wk_hs_h_Log";"hs_correct_raven";0;0,0144958715466503;0,0161155474556502;0,00823489379839517;-0,00164422371471645;0,0306359668080171;0,000482085115903124;0,0317740350791596;1,76029854197698;0,0783572012667404;FALSE;100;"5";"Childhood"
"hs_no2_yr_hs_h_Log";"hs_correct_raven";0;0,0559494395701088;0,0551807917596962;0,0098729068594682;0,0365988977028327;0,0752999814373849;0,0358444422081789;0,0736668579964705;5,66696722317935;1,45347132740122e-08;TRUE;100;"5";"Childhood"
"hs_pm10_dy_hs_h_None";"hs_correct_raven";0;-0,0186864946637478;-0,0185931979453906;0,00719013394308423;-0,0327788982362118;-0,00459409109128373;-0,0327617005701221;-0,00480537408710535;-2,59890772712534;0,0093520908329151;TRUE;100;"5";"Childhood"
"hs_pm10_wk_hs_h_None";"hs_correct_raven";0;-0,00114219361904629;-0,00117169924678279;0,00894109638275831;-0,0186664205115539;0,0163820332734613;-0,0162528451583441;0,0161054680815687;-0,127746483221997;0,898349603132127;FALSE;100;"5";"Childhood"
"hs_pm10_yr_hs_h_None";"hs_correct_raven";0;-0,0199193768821654;-0,0206808381853285;0,0100233919280237;-0,0395648640640212;-0,000273889700309542;-0,0407011178701344;-0,00434396672177345;-1,98728903600729;0,0468903759635229;TRUE;100;"5";"Childhood"
"hs_pm25_dy_hs_h_None";"hs_correct_raven";0;-0,00173624589203548;-0,00162585235223874;0,00751693001818575;-0,0164691580019876;0,0129966662179166;-0,0147175992111764;0,0167040164396145;-0,230978057243445;0,817331848919343;FALSE;100;"5";"Childhood"
"hs_pm25_wk_hs_h_None";"hs_correct_raven";0;-0,0018392647315623;-0,0023361907764765;0,00828185696473873;-0,0180714061075624;0,0143928766444378;-0,019532563123113;0,0116044826259756;-0,222083614748872;0,824248792917133;FALSE;100;"5";"Childhood"
"hs_pm25_yr_hs_h_None";"hs_correct_raven";0;0,0122714248265847;0,0113062634721122;0,0114155017025237;-0,0101025473758175;0,0346453970289868;-0,0133665814776479;0,0331142392959415;1,07497901943913;0,282384121696869;FALSE;100;"5";"Childhood"
"hs_pm25abs_dy_hs_h_Log";"hs_correct_raven";0;0,0168809383325987;0,015635386893621;0,00554611453061857;0,00601075359845203;0,0277511230667454;0,00578256576461827;0,0255298697033921;3,04374138676792;0,0023365590604924;TRUE;100;"5";"Childhood"
"hs_pm25abs_wk_hs_h_Log";"hs_correct_raven";0;-0,0145958238974443;-0,0140059578084096;0,00721769957934037;-0,0287422551241813;-0,000449392670707271;-0,0261905363246727;0,000820049515290955;-2,02222657468631;0,0431529500774797;TRUE;100;"5";"Childhood"
"hs_pm25abs_yr_hs_h_Log";"hs_correct_raven";0;-0,0146616995162348;-0,0143665419124429;0,00900769739376007;-0,0323164619916399;0,00299306295917023;-0,0315341283818717;0,00434360568780704;-1,62768561990009;0,103591563786765;FALSE;100;"5";"Childhood"
"hs_accesslines300_h_dic0";"hs_correct_raven";0;-0,0386272013967171;-0,0370375651215046;0,0217711100926947;-0,0812977930818552;0,00404339028842088;-0,0736246081175449;0,00346784615813602;-1,77424124136318;0,0760232551671036;FALSE;100;"5";"Childhood"
"hs_accesspoints300_h_Log";"hs_correct_raven";0;-0,00604483387243045;-0,0049858396501443;0,00857209687141812;-0,0228458350123984;0,0107561672675375;-0,021424267266126;0,0108857010549769;-0,705175637081948;0,480700940789992;FALSE;100;"5";"Childhood"
"hs_builtdens300_h_Sqrt";"hs_correct_raven";0;-0,00266428694557808;-0,00273891385755115;0,00868331283756226;-0,0196832673736944;0,0143546934825382;-0,0180677572693457;0,0136818228202793;-0,306828395500496;0,758973993598167;FALSE;100;"5";"Childhood"
"hs_connind300_h_Log";"hs_correct_raven";0;-0,00422880143368175;-0,00391109367616908;0,00761510706007469;-0,0191541370098448;0,0106965341424813;-0,0183049396234186;0,0121953956275873;-0,555317397420841;0,578677581142256;FALSE;100;"5";"Childhood"
"hs_fdensity300_h_Log";"hs_correct_raven";0;0,0318970338007934;0,0309474923366598;0,00900510693396095;0,014247348533298;0,0495467190682887;0,0138004097711359;0,0454843972627787;3,54210494497296;0,0003969475157224;TRUE;100;"5";"Childhood"
"hs_landuseshan300_h_None";"hs_correct_raven";0;0,0107503599706802;0,0103370952251909;0,00562738025438048;-0,000279102655217377;0,0217798225965778;-0,000886588329498142;0,0214352135961225;1,91036672211939;0,0560860124262033;FALSE;100;"5";"Childhood"
"hs_popdens_h_Sqrt";"hs_correct_raven";0;-0,0101250308326571;-0,0101503395103625;0,00735048353852059;-0,024531713837112;0,00428165217179781;-0,0239880853197576;0,00354635965800853;-1,37746459530129;0,168368653683541;FALSE;100;"5";"Childhood"
"hs_walkability_mean_h_None";"hs_correct_raven";0;-0,00263834303149635;-0,00296809161627038;0,00671844383394267;-0,0158062509781792;0,0105295649151865;-0,0143806740268021;0,0109934050586248;-0,392701508966557;0,694539956026918;FALSE;100;"5";"Childhood"
"hs_accesslines300_s_dic0";"hs_correct_raven";0;0,00649009482550765;0,00762234333575641;0,0189530560789292;-0,0306572124861616;0,0436374021371769;-0,0228012441114131;0,0486406333230652;0,342429991157094;0,732027321527837;FALSE;100;"5";"Childhood"
"hs_accesspoints300_s_Log";"hs_correct_raven";0;0,000892799155637554;0,00178595141382645;0,0078769964565961;-0,0145458302056404;0,0163314285169155;-0,0137760112636124;0,0166955183939766;0,11334258693108;0,909758955264734;FALSE;100;"5";"Childhood"
"hs_builtdens300_s_Sqrt";"hs_correct_raven";0;-0,00935173365080934;-0,00925888171305878;0,00974428360248264;-0,0284501785668195;0,00974671126520084;-0,0281964473760305;0,00912573032732105;-0,959714847423644;0,337198748641136;FALSE;100;"5";"Childhood"
"hs_connind300_s_Log";"hs_correct_raven";0;0,00790095753283013;0,00834898890671516;0,00761351389524122;-0,00702125549763791;0,0228231705632982;-0,00443636254969438;0,0249844623832212;1,03775439850035;0,299384412003535;FALSE;100;"5";"Childhood"
"hs_fdensity300_s_Log";"hs_correct_raven";0;0,0101101715240065;0,0106302895952168;0,00840863220351125;-0,00637044475411922;0,0265907878021322;-0,00217756284389778;0,0290748362320041;1,20235625477646;0,229225530161147;FALSE;100;"5";"Childhood"
"hs_landuseshan300_s_None";"hs_correct_raven";0;-0,00477156932094651;-0,00402160029141864;0,00628223531073785;-0,0170845242723985;0,00754138563050546;-0,0145785504696215;0,00873844748161494;-0,759533682667179;0,447533373029833;FALSE;100;"5";"Childhood"
"hs_popdens_s_Sqrt";"hs_correct_raven";0;-0,000175862007911541;-4,22931693118654e-05;0,00715544593918388;-0,0142002783420353;0,0138485543262122;-0,0110536611042703;0,0137195396905957;-0,0245773651853764;0,980392073811016;FALSE;100;"5";"Childhood"
"h_Absorbance_Log";"hs_correct_raven";0;0,0152089597298231;0,0145859420500692;0,00617811560709015;0,00310007564760157;0,0273178438120446;0,0014858641976235;0,0258790771881689;2,46174735098335;0,0138262023693163;TRUE;100;"5";"Childhood"
"h_Benzene_Log";"hs_correct_raven";0;-0,0199896011550028;-0,0194811985150531;0,00622134537399091;-0,0321832140234099;-0,00779598828659574;-0,0292454069357243;-0,00734749660596817;-3,21306726332406;0,00131325529994726;TRUE;100;"5";"Childhood"
"h_NO2_Log";"hs_correct_raven";0;0,0107296886101171;0,0107535742548337;0,00728292477174356;-0,00354458164461486;0,0250039588648491;-0,00298478384271603;0,0224943026365895;1,47326643435154;0,140679207677013;FALSE;100;"5";"Childhood"
"h_PM_Log";"hs_correct_raven";0;-0,00739980848519212;-0,00668702756377218;0,0068490662324709;-0,0208237316285645;0,00602411465818029;-0,0202227168561002;0,00507212805400009;-1,08041129024424;0,279959070430025;FALSE;100;"5";"Childhood"
"h_TEX_Log";"hs_correct_raven";0;0,00506373836151099;0,0047350406719451;0,00521292954603898;-0,00515341580267015;0,0152808925256921;-0,00564616605977449;0,0136051692405609;0,971380548459291;0,331358811192821;FALSE;100;"5";"Childhood"
"hs_KIDMED_None";"hs_correct_raven";0;0,0156467447926862;0,0154224134312717;0,00545873551072635;0,00494781979053269;0,0263456697948397;0,00515126446701974;0,0255821729856756;2,86636800078343;0,0041521127375204;TRUE;100;"5";"Childhood"
"hs_mvpa_prd_alt_None";"hs_correct_raven";0;-0,0122975788318673;-0,0125640753791183;0,00796992756255367;-0,0279183498138656;0,003323192150131;-0,0291027434710849;0,00150914595073998;-1,54299756620711;0,122831366432121;FALSE;100;"5";"Childhood"
"hs_sd_wk_None";"hs_correct_raven";0;-0,0116183297855871;-0,0110438950345084;0,00599824107287262;-0,0233746662590064;0,000138006687832086;-0,0240478663431208;-0,00123199431552506;-1,93695612504334;0,0527507068320697;FALSE;100;"5";"Childhood"
"hs_dif_hours_total_None";"hs_correct_raven";0;0,00279798981727619;0,00319468538612966;0,00581421423693052;-0,00859766068550766;0,01419364032006;-0,00757414228879712;0,0145532671234177;0,481232665886994;0,630351146869235;FALSE;100;"5";"Childhood"
"hs_as_c_Log2";"hs_correct_raven";0;0,0160072442373522;0,015941533671243;0,00656192146466144;0,00314611449723545;0,0288683739774689;0,00353468696624714;0,028822787470067;2,43941417518597;0,0147110966505535;TRUE;100;"5";"Childhood"
"hs_cd_c_Log2";"hs_correct_raven";0;-0,00515496554715749;-0,00486308657334867;0,00550447912654838;-0,0159435463888448;0,00563361529452982;-0,016172176231682;0,00575111706508648;-0,936503786942316;0,349013863702248;FALSE;100;"5";"Childhood"
"hs_co_c_Log2";"hs_correct_raven";0;0,00549508470755608;0,00491576224283334;0,0046452741624355;-0,00360948534913197;0,0145996547642441;-0,00256961467347553;0,0143284923945123;1,18294088043127;0,236832578442879;FALSE;100;"5";"Childhood"
"hs_cs_c_Log2";"hs_correct_raven";0;-0,00114699230939467;-0,0011433098987546;0,00642159957669925;-0,0137330962028629;0,0114391115840735;-0,0145574105819002;0,010133086742605;-0,178614735424571;0,858240223363454;FALSE;100;"5";"Childhood"
"hs_cu_c_Log2";"hs_correct_raven";0;-0,00187733216270775;-0,00202605956088114;0,00530999114222457;-0,0122847235596946;0,0085300592342791;-0,0114867060123843;0,00811479631191947;-0,35354713641222;0,723678297615695;FALSE;100;"5";"Childhood"
"hs_hg_c_Log2";"hs_correct_raven";0;-0,0143405089593235;-0,0138958325697148;0,00699638194603484;-0,028053165595638;-0,000627852323008935;-0,0266412595559602;-0,00197458781845822;-2,04970355677206;0,0403933677296719;TRUE;100;"5";"Childhood"
"hs_mn_c_Log2";"hs_correct_raven";0;-0,00973493041066722;-0,00992455184567119;0,00488089633506834;-0,0193013114396747;-0,000168549381659739;-0,0183950007809066;-0,0012942492581611;-1,99449644949915;0,0460978275984602;TRUE;100;"5";"Childhood"
"hs_mo_c_Log2";"hs_correct_raven";0;-0,00592828438596628;-0,00574482782405573;0,00473199597144582;-0,0152028260649887;0,00334625729305615;-0,0136985765201712;0,00174560469154596;-1,25280841778801;0,21027543743241;FALSE;100;"5";"Childhood"
"hs_pb_c_Log2";"hs_correct_raven";0;-0,00523665849491569;-0,00517674544099284;0,00579424428361916;-0,0165931686084363;0,00611985161860495;-0,0157562992771795;0,00655556154175375;-0,903769022945785;0,366117890656923;FALSE;100;"5";"Childhood"
"hs_hum_mt_hs_h_None";"hs_correct_raven";0;-0,00792847475684406;-0,00841397376259624;0,0085270345647416;-0,0246411553986658;0,00878420588497764;-0,0270170874135168;0,0066002237151419;-0,929804458589564;0,352472337430677;FALSE;100;"5";"Childhood"
"hs_tm_mt_hs_h_None";"hs_correct_raven";0;0,0112083715545089;0,0103520280811323;0,00842745494980116;-0,00530913662843518;0,027725879737453;-0,0051159682947134;0,0253593111351032;1,32998296891203;0,183523882757285;FALSE;100;"5";"Childhood"
"hs_uvdvf_mt_hs_h_None";"hs_correct_raven";0;0,00388640089058269;0,00304142910512473;0,00940035127100987;-0,014537949042622;0,0223107508237874;-0,014986479029566;0,0188517618245117;0,413431453627496;0,679290533828329;FALSE;100;"5";"Childhood"
"hs_hum_dy_hs_h_None";"hs_correct_raven";0;-0,0048666586512876;-0,005831506032876;0,00535357402664669;-0,0153594709320842;0,00562615362950899;-0,0164853495121703;0,00276300320332397;-0,909048539735225;0,363324504385948;FALSE;100;"5";"Childhood"
"hs_hum_wk_hs_h_None";"hs_correct_raven";0;-0,0111070014290328;-0,0113125570066206;0,00817110263647697;-0,027122068310508;0,00490806545244233;-0,0246625213313591;0,00809608006354323;-1,35930264533082;0,174050706147624;FALSE;100;"5";"Childhood"
"hs_tm_dy_hs_h_None";"hs_correct_raven";0;-0,00556950995934175;-0,00592870629217443;0,00797396562085366;-0,0211981953901755;0,010059175471492;-0,0201613037974321;0,00753018119197622;-0,698461747160818;0,484888472455214;FALSE;100;"5";"Childhood"
"hs_tm_wk_hs_h_None";"hs_correct_raven";0;-0,0106495540392783;-0,010270325592587;0,010875408014637;-0,0319649620651451;0,0106658539865885;-0,0282293429377167;0,0106655553754691;-0,979232597521422;0,327465065524268;FALSE;100;"5";"Childhood"
"hs_uvdvf_dy_hs_h_None";"hs_correct_raven";0;0,000961394541115245;0,00168991727687776;0,00934760872538832;-0,0173595819022182;0,0192823709844487;-0,0139457258767423;0,0221724358713407;0,102849249402585;0,918082617112685;FALSE;100;"5";"Childhood"
"hs_uvdvf_wk_hs_h_None";"hs_correct_raven";0;-0,0215670120924795;-0,020616077409837;0,00942833498844021;-0,0400462091040011;-0,00308781508095779;-0,035849549849537;-0,00371332714830363;-2,28746773623573;0,0221685365463174;TRUE;100;"5";"Childhood"
"hs_ndvi100_h_None";"hs_correct_raven";0;0,0149544165003603;0,0150564121432809;0,00732783571929916;0,000592122405907752;0,0293167105948128;-0,000168511996902938;0,0281272761962422;2,04076852609771;0,0412738403777647;TRUE;100;"5";"Childhood"
"hs_ndvi100_s_None";"hs_correct_raven";0;0,00327543232596707;0,00295419407053783;0,00821060453959297;-0,0128170568629362;0,0193679215148704;-0,0110413710595318;0,019017524614335;0,398927059532872;0,68994695010589;FALSE;100;"5";"Childhood"
"hs_dde_cadj_Log2";"hs_correct_raven";0;-0,0136182894258369;-0,0137308315300689;0,00744552173341928;-0,0282112438694489;0,000974665017775097;-0,026969049835702;-0,00060272052001261;-1,82905777639613;0,0673909534314315;FALSE;100;"5";"Childhood"
"hs_ddt_cadj_Log2";"hs_correct_raven";0;-0,0104502168938372;-0,0109255461090656;0,00587588254653133;-0,0219667350624261;0,00106630127475169;-0,0228893180927752;0,00027915851926872;-1,77849315589302;0,0753228950211547;FALSE;100;"5";"Childhood"
"hs_hcb_cadj_Log2";"hs_correct_raven";0;0,00365953283558641;0,00371360034373844;0,00872218783911511;-0,0134356411954724;0,0207547068666452;-0,0144259379014766;0,0193005647612105;0,419565928077706;0,674802583134524;FALSE;100;"5";"Childhood"
"hs_pcb118_cadj_Log2";"hs_correct_raven";0;-0,0169987837269731;-0,0174082072245797;0,00876652436859047;-0,0341808557590031;0,000183288305056969;-0,0362392612240677;-0,00210635334027519;-1,93905623394808;0,0524944911341582;FALSE;100;"5";"Childhood"
"hs_pcb138_cadj_Log2";"hs_correct_raven";0;0,00621485304102937;0,0041835090128569;0,00750674464525445;-0,00849809610480826;0,020927802186867;-0,0122028581852091;0,0168482680751887;0,82790255093574;0,407725690172735;FALSE;100;"5";"Childhood"
"hs_pcb153_cadj_Log2";"hs_correct_raven";0;-0,00751866762478919;-0,00666779115410885;0,00872353151797685;-0,0246164752180238;0,00957913996844546;-0,0218657494944274;0,00953923254600417;-0,861883471079945;0,388751645528897;FALSE;100;"5";"Childhood"
"hs_pcb170_cadj_Log2";"hs_correct_raven";0;0,00822550561548323;0,00781637948633893;0,00807986865282022;-0,00761074594385856;0,024061757174825;-0,00832678809975596;0,0221432305931533;1,01802466957333;0,308666232467193;FALSE;100;"5";"Childhood"
"hs_pcb180_cadj_Log2";"hs_correct_raven";0;0,00752685371917344;0,00732764019782726;0,00577845311219656;-0,00379870626708521;0,0188524137054321;-0,00206575744321538;0,0176218370449994;1,30257243124229;0,192720774878379;FALSE;100;"5";"Childhood"
"hs_sumPCBs5_cadj_Log2";"hs_correct_raven";0;-0,00355475208921427;-0,0033008956406055;0,00876857038705871;-0,0207408342437538;0,0136313300653252;-0,0180938186297301;0,0122368763190461;-0,405396995439602;0,685185719148321;FALSE;100;"5";"Childhood"
"hs_pfhxs_c_Log2";"hs_correct_raven";0;0,023553806492676;0,0234707146243418;0,00802247506335185;0,0078300443016357;0,0392775686837163;0,00688892642145657;0,0376722429182489;2,93597752647112;0,00332498410191615;TRUE;100;"5";"Childhood"
"hs_pfna_c_Log2";"hs_correct_raven";0;-0,0200801837887484;-0,0201683800049165;0,00739124803928514;-0,0345667637465496;-0,00559360383094722;-0,0338066789681078;-0,00716631056062504;-2,71675144468436;0,00659260967907099;TRUE;100;"5";"Childhood"
"hs_pfoa_c_Log2";"hs_correct_raven";0;0,0228694481638247;0,0225629804632645;0,00668457722095915;0,00976791755886794;0,0359709787687815;0,00907888507020201;0,0336718077426922;3,42122581696247;0,000623395474437852;TRUE;100;"5";"Childhood"
"hs_pfos_c_Log2";"hs_correct_raven";0;0,010286684639442;0,00993565588868991;0,00754913042030074;-0,00450933909894314;0,0250827083778272;-0,00544549584533513;0,0251711101067999;1,36263172931542;0,172998603814027;FALSE;100;"5";"Childhood"
"hs_pfunda_c_Log2";"hs_correct_raven";0;0,00413548908292275;0,00359496616834349;0,00498694456306426;-0,00563874265358104;0,0139097208194265;-0,0058217367012619;0,0130738704932097;0,829263094992511;0,406955549017602;FALSE;100;"5";"Childhood"
"hs_hm_pers_None";"hs_correct_raven";0;-0,0118055454756417;-0,011458819928758;0,00572443408609132;-0,0230252301162541;-0,000585860835029236;-0,0233736331728704;-0,00285376644762408;-2,06230787150221;0,0391784340929635;TRUE;100;"5";"Childhood"
"hs_trafload_h_pow1over3";"hs_correct_raven";0;0,00355609628008652;0,00358740222395578;0,00587603567570741;-0,00796072201617248;0,0150729145763455;-0,00677577617728581;0,0143138635381471;0,605186298440642;0,545055218691851;FALSE;100;"5";"Childhood"
"hs_trafnear_h_pow1over3";"hs_correct_raven";0;-0,0193915343008372;-0,0192750049308779;0,00787266062510867;-0,0348216655885568;-0,00396140301311764;-0,0345891213786634;-0,00537353746032924;-2,46314876561436;0,0137722759076215;TRUE;100;"5";"Childhood"
"FAS_cat_None_Low";"hs_correct_raven";0;0,026821414243197;0,0267454137209272;0,0186091766710455;-0,00965190181399522;0,0632947303003891;-0,0113556874857082;0,0616660285415335;1,44130042490967;0,149499827314333;FALSE;100;"5";"Childhood"
"FAS_cat_None_Middle";"hs_correct_raven";0;0,0431697476301455;0,0433384668745492;0,0117159505368935;0,0202069065331815;0,0661325887271094;0,0198174712737108;0,0667376642875774;3,68469869296597;0,000228973347207825;TRUE;100;"5";"Childhood"
"hs_globalexp2_None_no exposure";"hs_correct_raven";0;0,0363915307412305;0,036412931785115;0,0107327614043692;0,0153557049340053;0,0574273565484558;0,0191490115248802;0,0556142669804265;3,39069596072598;0,000697153946888519;TRUE;100;"5";"Childhood"
"hs_no2_dy_hs_h_Log";"hs_Gen_Tot";0;0,0110908244527244;0,0103279784873785;0,00478608525257045;0,00171026973074805;0,0204713791747008;0,00144122601578254;0,02014479569322;2,31730607948697;0,0204870643723126;TRUE;100;"5";"Childhood"
"hs_no2_wk_hs_h_Log";"hs_Gen_Tot";0;0,00997089349985351;0,00912346494725825;0,00379971083724826;0,00252359710718039;0,0174181898925266;0,00194859877308062;0,0165196236686002;2,62411902561365;0,00868734202229076;TRUE;100;"5";"Childhood"
"hs_no2_yr_hs_h_Log";"hs_Gen_Tot";0;0,0110010153527825;0,0106663038239447;0,00449992745294966;0,00218131961195816;0,0198207110936069;0,00297103806916991;0,0190252445369624;2,44470949094335;0,0144968861159937;TRUE;100;"5";"Childhood"
"hs_pm10_dy_hs_h_None";"hs_Gen_Tot";0;0,00544072027041854;0,00422130549415654;0,0029323741059516;-0,00030662736644444;0,0111880679072815;-0,00117194387059981;0,00960738234033337;1,8553977336575;0,0635394507973027;FALSE;100;"5";"Childhood"
"hs_pm10_wk_hs_h_None";"hs_Gen_Tot";0;-0,0045874023032565;-0,00525704283886449;0,0048138711777531;-0,014022416437868;0,00484761183135499;-0,0174741036769369;0,00166039224976613;-0,952954936654057;0,340612903427452;FALSE;100;"5";"Childhood"
"hs_pm10_yr_hs_h_None";"hs_Gen_Tot";0;-0,0108506625880287;-0,0105619037521024;0,00398759186230452;-0,0186661990231905;-0,00303512615286682;-0,0189030352596164;-0,00411002146507718;-2,72110661339294;0,00650637738104319;TRUE;100;"5";"Childhood"
"hs_pm25_dy_hs_h_None";"hs_Gen_Tot";0;-0,00325532337817533;-0,00188716139889544;0,00285706885541093;-0,00885507543613183;0,00234442867978117;-0,00759441794300748;0,00389973074991677;-1,13939269332279;0,254539402138214;FALSE;100;"5";"Childhood"
"hs_pm25_wk_hs_h_None";"hs_Gen_Tot";0;-0,00568492645087315;-0,00528331472744003;0,00415519578156817;-0,0138289605314595;0,00245910762971323;-0,0133962805814877;0,00209508011134422;-1,36814887907102;0,171265479432656;FALSE;100;"5";"Childhood"
"hs_pm25_yr_hs_h_None";"hs_Gen_Tot";0;0,00345760616663155;0,00305046250738613;0,00414216030816613;-0,0046608788555654;0,0115760911888285;-0,0049000768005436;0,0103406708261969;0,834734995604828;0,403866933077029;FALSE;100;"5";"Childhood"
"hs_pm25abs_dy_hs_h_Log";"hs_Gen_Tot";0;-0,00438807422600892;-0,00448811092591137;0,00364194839366999;-0,0115261619111556;0,00275001345913776;-0,0121137033908657;0,00173960693803764;-1,20486996291209;0,228253505870628;FALSE;100;"5";"Childhood"
"hs_pm25abs_wk_hs_h_Log";"hs_Gen_Tot";0;-0,00261636805501763;-0,0019562460807021;0,00335856834938674;-0,00919904105943178;0,00396630494939652;-0,00779575877120795;0,00477814200153519;-0,779012895627199;0,435972118373667;FALSE;100;"5";"Childhood"
"hs_pm25abs_yr_hs_h_Log";"hs_Gen_Tot";0;-0,00584517683470404;-0,00514660697326585;0,0044457263826801;-0,0145586404298766;0,0028682867604685;-0,0129309171384277;0,00197933185092792;-1,31478555618627;0,188581983073725;FALSE;100;"5";"Childhood"
"hs_accesslines300_h_dic0";"hs_Gen_Tot";0;-0,0104992843969577;-0,00858987857383497;0,00891301942036063;-0,0279684814543706;0,00696991266045519;-0,0215600508593694;0,013869524443147;-1,17797167287367;0,238807899456909;FALSE;100;"5";"Childhood"
"hs_accesspoints300_h_Log";"hs_Gen_Tot";0;-0,000576262290479509;0,000497242315984364;0,00389522735020603;-0,00821076760847871;0,00705824302751969;-0,00659820766984856;0,00969452412505097;-0,147940604917202;0,882389642679714;FALSE;100;"5";"Childhood"
"hs_builtdens300_h_Sqrt";"hs_Gen_Tot";0;-0,00108131718150562;-0,000857689947478228;0,00369172443299017;-0,00831696411101292;0,00615432974800167;-0,00706920905480238;0,00733947106719644;-0,292903005393009;0,76959629158373;FALSE;100;"5";"Childhood"
"hs_connind300_h_Log";"hs_Gen_Tot";0;0,006703985655504;0,0062218111178327;0,0040780686950482;-0,00128888211327072;0,0146968534242787;-0,000527963373319203;0,0135040265123794;1,64391189968044;0,100194401787247;FALSE;100;"5";"Childhood"
"hs_fdensity300_h_Log";"hs_Gen_Tot";0;-0,00174291901349295;-0,00152048628852044;0,00452417046760263;-0,0106101301899138;0,00712429216292794;-0,0117623376273682;0,00648774504507972;-0,385246096709642;0,700055093713471;FALSE;100;"5";"Childhood"
"hs_landuseshan300_h_None";"hs_Gen_Tot";0;-0,00132846780439485;-0,00189290357430858;0,0029327011915873;-0,00707645651732365;0,00441952090853395;-0,00820455675812122;0,00262190047130034;-0,452984370929325;0,650559995708404;FALSE;100;"5";"Childhood"
"hs_popdens_h_Sqrt";"hs_Gen_Tot";0;-4,09525891567117e-05;-9,18395653718645e-05;0,00336469490895708;-0,00663563342967787;0,00655372825136445;-0,00775899947367505;0,00598019526943241;-0,0121712637445055;0,990288976338017;FALSE;100;"5";"Childhood"
"hs_walkability_mean_h_None";"hs_Gen_Tot";0;-0,00152245733068178;-0,00236188605793462;0,00293266174071501;-0,00727036872132175;0,00422545405995819;-0,00849384232809529;0,00332020547310022;-0,519138402341142;0,603664230231818;FALSE;100;"5";"Childhood"
"hs_accesslines300_s_dic0";"hs_Gen_Tot";0;0,00383098971646235;0,00732307827824088;0,00947894773694145;-0,0147474064592803;0,022409385892205;-0,00763835798655169;0,0257487203113061;0,404157700071726;0,686096757038809;FALSE;100;"5";"Childhood"
"hs_accesspoints300_s_Log";"hs_Gen_Tot";0;0,00367720759620343;0,00331481425675263;0,00403769924052807;-0,00423653749563631;0,0115909526880432;-0,00387296005838671;0,0113333697258651;0,910718549636824;0,362443687788;FALSE;100;"5";"Childhood"
"hs_builtdens300_s_Sqrt";"hs_Gen_Tot";0;-0,00292772557684199;-0,00242120672364423;0,00376157621728707;-0,0103002794878271;0,00444482833414307;-0,00871572876565374;0,00530979195765013;-0,778324140658656;0,43637794737151;FALSE;100;"5";"Childhood"
"hs_connind300_s_Log";"hs_Gen_Tot";0;0,0026750976681324;0,00269360738374133;0,00332644848236259;-0,00384462155372619;0,00919481688999099;-0,00183555826639601;0,00985783053634985;0,80419031959047;0,421287068636829;FALSE;100;"5";"Childhood"
"hs_fdensity300_s_Log";"hs_Gen_Tot";0;0,00105768160165709;0,00164891187781118;0,00315510908737715;-0,00512621857689716;0,00724158178021134;-0,00360937303854138;0,00852292422458782;0,33522821948966;0,737452936292938;FALSE;100;"5";"Childhood"
"hs_landuseshan300_s_None";"hs_Gen_Tot";0;0,00251741291747902;0,00256835603180751;0,00278434275290613;-0,00293979859883211;0,00797462443379015;-0,00265388485904365;0,00786943993385783;0,904131833213238;0,365925500480936;FALSE;100;"5";"Childhood"
"hs_popdens_s_Sqrt";"hs_Gen_Tot";0;0,000469090873704802;0,000326440337265064;0,00291555157471393;-0,00524528520780353;0,00618346695521314;-0,00494128313321343;0,00619148501679592;0,16089266873999;0,872177936577149;FALSE;100;"5";"Childhood"
"h_Absorbance_Log";"hs_Gen_Tot";0;-0,000507343444264975;-0,00115554282930822;0,00353162988462898;-0,00742921082486312;0,00641452393633317;-0,00865081851784995;0,00596065945468515;-0,143657025463832;0,88577130781838;FALSE;100;"5";"Childhood"
"h_Benzene_Log";"hs_Gen_Tot";0;0,00640315433250858;0,00576329730077314;0,00487001495741349;-0,00314189958819323;0,0159482082532104;-0,00171959184215685;0,0176482018317994;1,31481204647251;0,188573077843122;FALSE;100;"5";"Childhood"
"h_NO2_Log";"hs_Gen_Tot";0;0,00255961374933257;0,00273613224291241;0,00323960775560268;-0,00378990077568531;0,00890912827435045;-0,003256700464957;0,00885961025300143;0,790099895552445;0,42946943087158;FALSE;100;"5";"Childhood"
"h_PM_Log";"hs_Gen_Tot";0;0,00726156411431713;0,00643034369747213;0,00336427477301423;0,000667706725112583;0,0138554215035217;-0,000210784944712682;0,0137351067471757;2,15843372026689;0,0308941263851973;TRUE;100;"5";"Childhood"
"h_TEX_Log";"hs_Gen_Tot";0;-0,00257383014408299;-0,00189512965878583;0,00285160300563656;-0,00816286933333682;0,00301520904517083;-0,00762641093486651;0,00348548957559134;-0,902590626744146;0,366743203066712;FALSE;100;"5";"Childhood"
"hs_KIDMED_None";"hs_Gen_Tot";0;-0,00629194294885141;-0,00481795013296429;0,00362458836002658;-0,0133960055932866;0,000812119695583781;-0,0118364200387026;0,00264601559799798;-1,73590552191843;0,0825805412742747;FALSE;100;"5";"Childhood"
"hs_mvpa_prd_alt_None";"hs_Gen_Tot";0;0,00559188234261544;0,00369338485766788;0,00295975184234739;-0,000209124671561512;0,0113928893567924;-0,00214845032844079;0,00972123692797454;1,88930783405831;0,0588505924335892;FALSE;100;"5";"Childhood"
"hs_sd_wk_None";"hs_Gen_Tot";0;0,00458468584435059;0,00440191564031217;0,00392589581307737;-0,00310992855633764;0,0122793002450388;-0,00277104977527513;0,013690022235268;1,16780629508271;0,242884908299381;FALSE;100;"5";"Childhood"
"hs_dif_hours_total_None";"hs_Gen_Tot";0;-0,00528458600243164;-0,00377487500325353;0,00366922644286948;-0,0124761376815778;0,00190696567671455;-0,011295755330123;0,00338956600920387;-1,44024526278593;0,149798021591047;FALSE;100;"5";"Childhood"
"hs_as_c_Log2";"hs_Gen_Tot";0;-0,00732104839225;-0,00538915399827122;0,00303704981851301;-0,0132735566557894;-0,00136854012871058;-0,0106213047877898;0,00144295706859317;-2,41057895975987;0,015927223314277;TRUE;100;"5";"Childhood"
"hs_cd_c_Log2";"hs_Gen_Tot";0;0,00289843956272634;0,00256586497269774;0,0022820703591978;-0,00157433615148773;0,00737121527694042;-0,0013596701720175;0,0070693790173962;1,27009211221043;0,204051820992166;FALSE;100;"5";"Childhood"
"hs_co_c_Log2";"hs_Gen_Tot";0;-0,00617940326996893;-0,0050126793013719;0,00327490529834772;-0,0125980997075099;0,000239293167572008;-0,0129166949739017;0,000154237335598852;-1,88689525559307;0,0591744153800077;FALSE;100;"5";"Childhood"
"hs_cs_c_Log2";"hs_Gen_Tot";0;-0,000601236090005914;-0,000477994332556263;0,00321730855126568;-0,00690704497763939;0,00570457279762756;-0,00618298616599989;0,00649382596579145;-0,186875483164146;0,851758262154314;FALSE;100;"5";"Childhood"
"hs_cu_c_Log2";"hs_Gen_Tot";0;0,00158355718631851;0,00196742584184676;0,00299271328651817;-0,0042820530713116;0,00744916744394862;-0,00317352254044323;0,00863965223213663;0,529137620183079;0,596709985871254;FALSE;100;"5";"Childhood"
"hs_hg_c_Log2";"hs_Gen_Tot";0;0,00102004999293085;-4,56983824526405e-05;0,00292289530928952;-0,00470871954385767;0,00674881952971937;-0,00795150507735315;0,00409107838961693;0,348986154135912;0,727099704278037;FALSE;100;"5";"Childhood"
"hs_mn_c_Log2";"hs_Gen_Tot";0;0,00320357940069598;0,00196775383441882;0,00276623429739858;-0,0022181401950047;0,00862529899639666;-0,00357110340731584;0,00766453208269694;1,15810125111553;0,24682271950889;FALSE;100;"5";"Childhood"
"hs_mo_c_Log2";"hs_Gen_Tot";0;-0,000720999425219636;-0,000559790909652483;0,00261440140829899;-0,00584513202661644;0,00440313317617717;-0,0049766877246049;0,00463042809460144;-0,275779925351533;0,782717103264221;FALSE;100;"5";"Childhood"
"hs_pb_c_Log2";"hs_Gen_Tot";0;0,000934355827694817;0,00142419903853482;0,00258245736029261;-0,00412716759008908;0,00599587924547871;-0,00324757830744351;0,00684020417112775;0,361808811274602;0,717494907177923;FALSE;100;"5";"Childhood"
"hs_hum_mt_hs_h_None";"hs_Gen_Tot";0;-0,00834236726523025;-0,00732950977877155;0,00418402773741541;-0,0165429109408811;-0,00014182358957944;-0,0144264322510501;0,00157437605043518;-1,99386041125616;0,0461673113950968;TRUE;100;"5";"Childhood"
"hs_tm_mt_hs_h_None";"hs_Gen_Tot";0;-0,00259111731309506;-0,00260769611621665;0,00340809491713526;-0,00927086060657418;0,00408862598038406;-0,0104907352839803;0,00279743775309884;-0,760283201053882;0,447085321133086;FALSE;100;"5";"Childhood"
"hs_uvdvf_mt_hs_h_None";"hs_Gen_Tot";0;-0,00596639609465775;-0,00540851090915043;0,0044188677863086;-0,0146272178082668;0,00269442561895133;-0,0145111961463941;0,0028688592885104;-1,35020923530322;0,176948876645155;FALSE;100;"5";"Childhood"
"hs_hum_dy_hs_h_None";"hs_Gen_Tot";0;-0,000640719402739665;-0,00199907811433316;0,00331079536897415;-0,00712975908611099;0,00584832028063166;-0,00967213240148078;0,00296378122332345;-0,193524314049706;0,846548366102761;FALSE;100;"5";"Childhood"
"hs_hum_wk_hs_h_None";"hs_Gen_Tot";0;-0,00494699971659077;-0,00559305756539789;0,00368271769789775;-0,0121649937696986;0,00227099433651707;-0,0127283238028789;0,00028726705054069;-1,34330136665505;0,179174409763355;FALSE;100;"5";"Childhood"
"hs_tm_dy_hs_h_None";"hs_Gen_Tot";0;-0,00228964121615817;-0,00266525828842986;0,00372830406870116;-0,00959698291422659;0,00501770048191025;-0,0102640498054724;0,00369587083822615;-0,614124055862165;0,53913335300825;FALSE;100;"5";"Childhood"
"hs_tm_wk_hs_h_None";"hs_Gen_Tot";0;0,00361879951891046;0,00238703315927039;0,00355601215096819;-0,003350856225574;0,0105884552633949;-0,00506683137113861;0,00919569146700746;1,01765667980779;0,308841141137683;FALSE;100;"5";"Childhood"
"hs_uvdvf_dy_hs_h_None";"hs_Gen_Tot";0;0,00120486358861856;0,00143184265471155;0,00378306802718719;-0,00620981349573334;0,00861954067297045;-0,00552599098193794;0,0093056822254107;0,318488480767395;0,750114431131193;FALSE;100;"5";"Childhood"
"hs_uvdvf_wk_hs_h_None";"hs_Gen_Tot";0;-0,00232678577318948;-0,00206281526336707;0,00354062856854606;-0,00926629025017337;0,0046127187037944;-0,00808488552122828;0,0049231397956443;-0,657167428930554;0,511073266152199;FALSE;100;"5";"Childhood"
"hs_ndvi100_h_None";"hs_Gen_Tot";0;-0,000625212936291531;0,0005486553117509;0,00384819950290035;-0,00816754536730115;0,00691711949471809;-0,0081508181426499;0,00786431366650328;-0,162468950952339;0,870936576954822;FALSE;100;"5";"Childhood"
"hs_ndvi100_s_None";"hs_Gen_Tot";0;0,00575278106144255;0,00539189864226118;0,00363344411556845;-0,00136863854491061;0,0128742006677957;-0,000570183241875519;0,0123174563539349;1,58328596187657;0,113356301097338;FALSE;100;"5";"Childhood"
"hs_dde_cadj_Log2";"hs_Gen_Tot";0;0,00020059823050553;-0,000747175591794749;0,00358437403609214;-0,00682464578735553;0,0072258422483666;-0,00735401269069277;0,00564126817290495;0,0559646477978152;0,955369969973105;FALSE;100;"5";"Childhood"
"hs_ddt_cadj_Log2";"hs_Gen_Tot";0;-0,00373249253400058;-0,00405322134772915;0,00305756624514184;-0,00972521225482395;0,00226022718682279;-0,0121224399919566;0,000738315571475338;-1,22073971085046;0,222184587151366;FALSE;100;"5";"Childhood"
"hs_hcb_cadj_Log2";"hs_Gen_Tot";0;-0,0050749249979557;-0,00432571597439194;0,00438843389356514;-0,0136760973778782;0,00352624738196686;-0,0145354518949885;0,00319001667638317;-1,15643191193951;0,247504534836471;FALSE;100;"5";"Childhood"
"hs_pcb118_cadj_Log2";"hs_Gen_Tot";0;0,00671956459078571;0,00547663258355005;0,00396682278124094;-0,00105526519349954;0,014494394375071;-0,00135511853909658;0,0135368478181018;1,69394121223727;0,0902764546376966;FALSE;100;"5";"Childhood"
"hs_pcb138_cadj_Log2";"hs_Gen_Tot";0;-0,000263908927596437;-7,43765885542801e-05;0,00393416240933748;-0,00797472555922921;0,00744690770403634;-0,00695723224119727;0,00914224513795489;-0,0670813505233201;0,946516940575214;FALSE;100;"5";"Childhood"
"hs_pcb153_cadj_Log2";"hs_Gen_Tot";0;0,00157379156705048;0,000751106655769931;0,0032353655296146;-0,0047674083478165;0,00791499148191746;-0,00561713494171468;0,00743375465671217;0,486433929225286;0,62665953936994;FALSE;100;"5";"Childhood"
"hs_pcb170_cadj_Log2";"hs_Gen_Tot";0;-0,00568710224064897;-0,00569155838486745;0,00385853578049655;-0,0132496934034813;0,00187548892218341;-0,0132182132691668;0,0021397181556251;-1,47390164668037;0,140508074336122;FALSE;100;"5";"Childhood"
"hs_pcb180_cadj_Log2";"hs_Gen_Tot";0;-0,00496266479930498;-0,00401847644436081;0,0045159246666498;-0,0138137145028346;0,00388838490422467;-0,0156443159906212;0,0014146081458888;-1,0989255059887;0,271800560301106;FALSE;100;"5";"Childhood"
"hs_sumPCBs5_cadj_Log2";"hs_Gen_Tot";0;-0,00702807731600596;-0,00648279873801213;0,00357650360904728;-0,0140378955803161;-1,82590516957697e-05;-0,0142503286450244;-0,00052516448005443;-1,96506926435847;0,049406221392567;TRUE;100;"5";"Childhood"
"hs_pfhxs_c_Log2";"hs_Gen_Tot";0;-0,000907688427144972;1,56755814542406e-05;0,00372452136181345;-0,00820761615594941;0,00639223930165946;-0,00692905461933483;0,00700809193992242;-0,243706060180314;0,807458479521478;FALSE;100;"5";"Childhood"
"hs_pfna_c_Log2";"hs_Gen_Tot";0;0,00385703734530763;0,00293314585117542;0,00350213372975546;-0,003007018634056;0,0107210933246713;-0,0031370393704134;0,00994120710993755;1,10133925284942;0,270749033371532;FALSE;100;"5";"Childhood"
"hs_pfoa_c_Log2";"hs_Gen_Tot";0;-0,00273198791668526;-0,00203661179414463;0,00359665622065071;-0,00978130457393261;0,00431732874056208;-0,00919662745158123;0,0033963177457493;-0,759591061552997;0,447499063692537;FALSE;100;"5";"Childhood"
"hs_pfos_c_Log2";"hs_Gen_Tot";0;-0,00577483814050183;-0,0051462173386048;0,00405635950432843;-0,0137251566773323;0,00217548039632863;-0,0140364176821948;0,000731272576500493;-1,42365047632974;0,154547676322405;FALSE;100;"5";"Childhood"
"hs_pfunda_c_Log2";"hs_Gen_Tot";0;0,000365231222261927;0,000107815313858818;0,00260313031722161;-0,00473681044655676;0,00546727289108061;-0,00451502271602514;0,0063504936941156;0,140304624722648;0,888419310470173;FALSE;100;"5";"Childhood"
"hs_hm_pers_None";"hs_Gen_Tot";0;0,00129536419718061;0,00143706303478002;0,00257020381934011;-0,0037421427216533;0,00633287111601453;-0,00395493565590395;0,00631970090813572;0,503992791323916;0,614266442660106;FALSE;100;"5";"Childhood"
"hs_trafload_h_pow1over3";"hs_Gen_Tot";0;-0,00117263564930559;-0,00103565463396112;0,00260549154017057;-0,00627930523006371;0,00393403393145253;-0,00690746552739333;0,0040180191409864;-0,45006311907995;0,652664928961884;FALSE;100;"5";"Childhood"
"hs_trafnear_h_pow1over3";"hs_Gen_Tot";0;0,00141946221930733;0,00125039831532493;0,00328870281956741;-0,00502627686290013;0,00786520130151478;-0,00459586827646867;0,00822776780269116;0,43161766118291;0,66601932012655;FALSE;100;"5";"Childhood"
"FAS_cat_None_Low";"hs_Gen_Tot";0;0,0172850786384355;0,0181532948631353;0,0110918377987523;-0,00445452396947893;0,03902468124635;-0,00042116990774408;0,043208837673419;1,55836020613103;0,119147884291438;FALSE;100;"5";"Childhood"
"FAS_cat_None_Middle";"hs_Gen_Tot";0;0,00375893120213413;0,00599387357166318;0,00608984690761158;-0,00817694940814718;0,0156948118124154;-0,0041955952173461;0,0197081025850062;0,617245598971613;0,537072743209483;FALSE;100;"5";"Childhood"
"hs_globalexp2_None_no exposure";"hs_Gen_Tot";0;0,0121447684270429;0,0123458743318977;0,00552691017866792;0,00131222353106597;0,0229773133230199;0,0038132006413024;0,0256665720081451;2,19738842037234;0,0279927175722619;TRUE;100;"5";"Childhood"
"hs_no2_dy_hs_h_Log";"hs_bmi_c_cat";0;-0,206017372063137;-0,204474717218648;0,0743331243531176;-0,351707618653585;-0,0603271254726891;-0,334922892064708;-0,0760537179162007;-2,77154194520947;0,00557914837293181;TRUE;100;"5";"Childhood"
"hs_no2_wk_hs_h_Log";"hs_bmi_c_cat";0;0,0276601599011143;0,0210172339062663;0,0622623189594726;-0,0943717428533973;0,149692062655626;-0,088765570708543;0,144476686002474;0,444252002870608;0,656860398453208;FALSE;100;"5";"Childhood"
"hs_no2_yr_hs_h_Log";"hs_bmi_c_cat";0;-0,0119029822811041;-0,0158601902708256;0,0695252734753896;-0,148170014308166;0,124364049745957;-0,153316840662346;0,10529735533746;-0,171203674377742;0,86406361841677;FALSE;100;"5";"Childhood"
"hs_pm10_dy_hs_h_None";"hs_bmi_c_cat";0;0,156840193672875;0,155248526650972;0,0631611222730023;0,03304666879466;0,28063371855109;0,0335401190413653;0,275241683760298;2,48317616958993;0,0130216670620691;TRUE;100;"5";"Childhood"
"hs_pm10_wk_hs_h_None";"hs_bmi_c_cat";0;-0,128132546465306;-0,112111216379258;0,0766567777568924;-0,278377070039707;0,0221119771090938;-0,229582114525519;0,0446887816817631;-1,67150968531006;0,0946210472711407;FALSE;100;"5";"Childhood"
"hs_pm10_yr_hs_h_None";"hs_bmi_c_cat";0;-0,0126293200445169;-0,00161976571386675;0,0777481351495662;-0,165012864802819;0,139754224713785;-0,129342751875158;0,164986706668813;-0,162438880626802;0,870960255084717;FALSE;100;"5";"Childhood"
"hs_pm25_dy_hs_h_None";"hs_bmi_c_cat";0;0,10876354318228;0,103623128821212;0,0698962402226273;-0,0282305703088293;0,24575765667339;-0,0180512780725139;0,235593958090869;1,55607144012119;0,119691105429505;FALSE;100;"5";"Childhood"
"hs_pm25_wk_hs_h_None";"hs_bmi_c_cat";0;0,0201652325818513;0,0228804471166626;0,0721760380724527;-0,121297202586948;0,16162766775065;-0,118047601089584;0,138231921667405;0,279389574717427;0,779945870843088;FALSE;100;"5";"Childhood"
"hs_pm25_yr_hs_h_None";"hs_bmi_c_cat";0;0,0358092349834199;0,0332802116044849;0,0806101697008155;-0,12218379441784;0,19380226438468;-0,110357601692594;0,192381393226956;0,444227262097646;0,656878283890662;FALSE;100;"5";"Childhood"
"hs_pm25abs_dy_hs_h_Log";"hs_bmi_c_cat";0;0,00280991731338147;0,00353583995339604;0,0699575816975701;-0,134304423259374;0,139924257886137;-0,107546333795622;0,147977184980313;0,0401660155367988;0,967960771427352;FALSE;100;"5";"Childhood"
"hs_pm25abs_wk_hs_h_Log";"hs_bmi_c_cat";0;0,0628174710126586;0,0668215514808842;0,0812195548187185;-0,0963699312724062;0,222004873297723;-0,0771406314349842;0,213902015622313;0,77342791588635;0,439269174135007;FALSE;100;"5";"Childhood"
"hs_pm25abs_yr_hs_h_Log";"hs_bmi_c_cat";0;0,0972137599188114;0,100307184480486;0,0741368085343859;-0,0480917147373267;0,24251923457495;-0,0427662046101684;0,239838724209411;1,31127521997014;0,189764797185871;FALSE;100;"5";"Childhood"
"hs_accesslines300_h_dic0";"hs_bmi_c_cat";0;-0,0302913816736483;-0,0244840278958847;0,171357874721757;-0,366146644595619;0,305563881248323;-0,351661405353251;0,287961386992265;-0,176772627011358;0,859686990896921;FALSE;100;"5";"Childhood"
"hs_accesspoints300_h_Log";"hs_bmi_c_cat";0;-0,086603339112607;-0,0902581914273626;0,0783208431051216;-0,240109370837457;0,0669026926122435;-0,230051631690269;0,0448860292345575;-1,1057508535291;0,268834372394837;FALSE;100;"5";"Childhood"
"hs_builtdens300_h_Sqrt";"hs_bmi_c_cat";0;-0,0333847020427008;-0,033271088325131;0,0818824610888687;-0,193871376742386;0,127101972656984;-0,197057257709693;0,118230091462085;-0,407714931851739;0,683482973735705;FALSE;100;"5";"Childhood"
"hs_connind300_h_Log";"hs_bmi_c_cat";0;0,0543309338213647;0,0490111463706806;0,0718848360022366;-0,0865607557775873;0,195222623420317;-0,126924052568651;0,175984706976665;0,755805213490009;0,449765990488645;FALSE;100;"5";"Childhood"
"hs_fdensity300_h_Log";"hs_bmi_c_cat";0;-0,172090640025308;-0,17223393948608;0,0778365776574031;-0,324647528913673;-0,0195337511369426;-0,303373038549895;-0,0121430678230129;-2,21092248920248;0,0270412050359324;TRUE;100;"5";"Childhood"
"hs_landuseshan300_h_None";"hs_bmi_c_cat";0;-0,0386338538250202;-0,0380888835203408;0,0682166427376517;-0,172336016737053;0,0950683090870128;-0,172078833139366;0,0886550940721348;-0,56634059189337;0,571162271410543;FALSE;100;"5";"Childhood"
"hs_popdens_h_Sqrt";"hs_bmi_c_cat";0;0,11558400722048;0,119391113594451;0,0761775011806792;-0,0337211515259085;0,264889165966869;-0,0138236953407828;0,269165101733164;1,51729848615454;0,12919134025846;FALSE;100;"5";"Childhood"
"hs_walkability_mean_h_None";"hs_bmi_c_cat";0;0,0234255429621762;0,0170651633226906;0,0796253626472379;-0,132637300082351;0,179488386006703;-0,164993443729315;0,156576884275137;0,294197001851756;0,76860737150352;FALSE;100;"5";"Childhood"
"hs_accesslines300_s_dic0";"hs_bmi_c_cat";0;0,0974572265100628;0,0980816058761251;0,176017404114357;-0,247530546206308;0,442444999226434;-0,2368846814555;0,429779686406538;0,553679489823324;0,579798214339259;FALSE;100;"5";"Childhood"
"hs_accesspoints300_s_Log";"hs_bmi_c_cat";0;-0,196021615100569;-0,201758855384546;0,0816264752677984;-0,356006566810403;-0,0360366633907345;-0,33118616653273;-0,0479056949477937;-2,40144652157851;0,0163303958603569;TRUE;100;"5";"Childhood"
"hs_builtdens300_s_Sqrt";"hs_bmi_c_cat";0;0,0307710912340055;0,0310181331513602;0,0747692696404032;-0,115773984411549;0,17731616687956;-0,0988351258265265;0,166014864359608;0,41154730254818;0,680671263552092;FALSE;100;"5";"Childhood"
"hs_connind300_s_Log";"hs_bmi_c_cat";0;-0,0801176417320242;-0,0786068146535034;0,0854523610542408;-0,247601191792249;0,0873659083282008;-0,21599729109236;0,075303136732805;-0,937570837640983;0,348465003952144;FALSE;100;"5";"Childhood"
"hs_fdensity300_s_Log";"hs_bmi_c_cat";0;-0,0844552283342803;-0,0897305875370274;0,0849905143534496;-0,251033575494576;0,0821231188260153;-0,231049037766458;0,087911553309304;-0,993701814570234;0,320368059069106;FALSE;100;"5";"Childhood"
"hs_landuseshan300_s_None";"hs_bmi_c_cat";0;-0,0441495567221137;-0,0455540349716925;0,0632208022580723;-0,168060052221664;0,0797609387774365;-0,157875278217807;0,0806382931021306;-0,698339077411446;0,484965166407708;FALSE;100;"5";"Childhood"
"hs_popdens_s_Sqrt";"hs_bmi_c_cat";0;-0,101121461479146;-0,102086810850122;0,0623026526875984;-0,223232416888147;0,0209894939298541;-0,2181586723339;0,0242448961858209;-1,62306831438134;0,104574802130159;FALSE;100;"5";"Childhood"
"h_Absorbance_Log";"hs_bmi_c_cat";0;-0,0779276295566731;-0,0802162089930624;0,0725597435881491;-0,220142113716906;0,0642868546035603;-0,203463953909867;0,08084082771927;-1,07397884423341;0,282832163543482;FALSE;100;"5";"Childhood"
"h_Benzene_Log";"hs_bmi_c_cat";0;0,085867861418725;0,0877104007896359;0,0729091571420564;-0,0570314607228767;0,228767183560327;-0,0589753198095407;0,224991018009136;1,17773767774355;0,238901201138749;FALSE;100;"5";"Childhood"
"h_NO2_Log";"hs_bmi_c_cat";0;0,0358730385006974;0,0325946328141012;0,0710580494443026;-0,103398179221802;0,175144256223197;-0,113402998319572;0,165454086219703;0,504841306245196;0,613670301183688;FALSE;100;"5";"Childhood"
"h_PM_Log";"hs_bmi_c_cat";0;0,0920125794447442;0,0966859300424147;0,0619398718063385;-0,0293873385027072;0,213412497392195;-0,0190763733733489;0,20027389556314;1,48551452822555;0,13740757777578;FALSE;100;"5";"Childhood"
"h_TEX_Log";"hs_bmi_c_cat";0;0,0552939911755064;0,0542459974878863;0,0629962650773678;-0,0681764195366728;0,178764401887686;-0,0718248402041556;0,161351738170159;0,877734435646272;0,380087852285221;FALSE;100;"5";"Childhood"
"hs_KIDMED_None";"hs_bmi_c_cat";0;0,136482996944081;0,139264024664899;0,0668771818472448;0,00540612913594501;0,267559864752216;0,01089807073141;0,276830517085213;2,04080066136494;0,0412706448193082;TRUE;100;"5";"Childhood"
"hs_mvpa_prd_alt_None";"hs_bmi_c_cat";0;-0,0636089626961102;-0,0630670646076719;0,0878154008880833;-0,2357239857247;0,10850606033248;-0,237176653008986;0,0864670134947228;-0,724348600049972;0,468851747120732;FALSE;100;"5";"Childhood"
"hs_sd_wk_None";"hs_bmi_c_cat";0;-0,0334900274490006;-0,0338300493352068;0,0624422792124112;-0,155874645817921;0,0888945909199193;-0,132323456156642;0,0965876745489894;-0,536335762746214;0,591726518413721;FALSE;100;"5";"Childhood"
"hs_dif_hours_total_None";"hs_bmi_c_cat";0;-0,130468139727006;-0,135921842384439;0,0633976646227147;-0,254725279091476;-0,00621100036253634;-0,253075928196235;-0,0135832428875125;-2,05793289868695;0,0395965751443645;TRUE;100;"5";"Childhood"
"hs_as_c_Log2";"hs_bmi_c_cat";0;-0,0470887202321066;-0,0450331446600583;0,0715265564577366;-0,187278194827441;0,0931007543632278;-0,18838589169403;0,0844750286870287;-0,658338980151104;0,510320335630372;FALSE;100;"5";"Childhood"
"hs_cd_c_Log2";"hs_bmi_c_cat";0;0,0320908451075568;0,0317893942112468;0,0569478126199038;-0,0795248166257902;0,143706506840904;-0,0908537491138049;0,135851404923519;0,563513217298547;0,573085462424423;FALSE;100;"5";"Childhood"
"hs_co_c_Log2";"hs_bmi_c_cat";0;-0,0863963148430569;-0,0857380822935393;0,060143513658032;-0,204275435516492;0,0314828058303785;-0,198042992470346;0,0293228270568902;-1,43650261829222;0,150859371843161;FALSE;100;"5";"Childhood"
"hs_cs_c_Log2";"hs_bmi_c_cat";0;0,261161444722514;0,265941703947963;0,0750475215860613;0,114071005284842;0,408251884160187;0,125678796478211;0,411891890013418;3,47994762789102;0,000501511808216354;TRUE;100;"5";"Childhood"
"hs_cu_c_Log2";"hs_bmi_c_cat";0;0,244249858911101;0,2580619343251;0,0628609649695534;0,121044631537342;0,367455086284859;0,142575827008621;0,38251203693146;3,88555694347681;0,0001020955576566;TRUE;100;"5";"Childhood"
"hs_hg_c_Log2";"hs_bmi_c_cat";0;0,00573645431281862;0,0064670784094077;0,068549885332614;-0,128618852083455;0,140091760709093;-0,108260076197109;0,130711651409287;0,0836829162439078;0,933308540358448;FALSE;100;"5";"Childhood"
"hs_mn_c_Log2";"hs_bmi_c_cat";0;-0,0154874763842423;-0,014678676784346;0,0681336783143435;-0,149027032014593;0,118052079246109;-0,145521375276718;0,12620484525717;-0,227310146280212;0,820182584007548;FALSE;100;"5";"Childhood"
"hs_mo_c_Log2";"hs_bmi_c_cat";0;-0,0801374633419108;-0,0859341464409536;0,061726870866521;-0,201119907118647;0,040844980434825;-0,210844967355785;0,0452435005875176;-1,2982589627004;0,194198362891121;FALSE;100;"5";"Childhood"
"hs_pb_c_Log2";"hs_bmi_c_cat";0;-0,00701989322556134;0,00087646347402291;0,0741443231473733;-0,152340096252512;0,13830030980139;-0,131833312607156;0,142182050168808;-0,0946787687522377;0,924569982290833;FALSE;100;"5";"Childhood"
"hs_hum_mt_hs_h_None";"hs_bmi_c_cat";0;0,295543026782734;0,300483141803143;0,0832259120338941;0,132423236615803;0,458662816949665;0,14518093090272;0,45261431389743;3,55109387881954;0,000383633551036389;TRUE;100;"5";"Childhood"
"hs_tm_mt_hs_h_None";"hs_bmi_c_cat";0;-0,0226997321083212;-0,024263233211812;0,0828854593882738;-0,185152247351395;0,139752783134753;-0,183781925345654;0,139441045780826;-0,273868689102454;0,78418553442047;FALSE;100;"5";"Childhood"
"hs_uvdvf_mt_hs_h_None";"hs_bmi_c_cat";0;0,12108022683699;0,118997731087421;0,0708572910858373;-0,0177975117333224;0,259957965407302;-0,00854684169938054;0,228846430482008;1,70878994922783;0,0874898651457797;FALSE;100;"5";"Childhood"
"hs_hum_dy_hs_h_None";"hs_bmi_c_cat";0;0,0370005335855738;0,0443635725786993;0,0717069451318127;-0,103542496314169;0,177543563485316;-0,0860423724932231;0,180624644519026;0,515996512158745;0,605856845236467;FALSE;100;"5";"Childhood"
"hs_hum_wk_hs_h_None";"hs_bmi_c_cat";0;0,139969351208301;0,142429385836034;0,0792393864239311;-0,0153369923396564;0,295275694756258;-0,0257571707656502;0,291149225868849;1,76641134573486;0,0773268630123336;FALSE;100;"5";"Childhood"
"hs_tm_dy_hs_h_None";"hs_bmi_c_cat";0;-0,0723436861490211;-0,0712634718782789;0,0766471365580368;-0,222569313320897;0,0778819410228544;-0,217762297606875;0,0867579554381505;-0,943853735413101;0,345244396608436;FALSE;100;"5";"Childhood"
"hs_tm_wk_hs_h_None";"hs_bmi_c_cat";0;-0,00511576313304876;-0,00655783124682003;0,0550497482347797;-0,113011287031214;0,102779760765117;-0,112689980169361;0,0870709179160518;-0,0929298188836527;0,925959316201014;FALSE;100;"5";"Childhood"
"hs_uvdvf_dy_hs_h_None";"hs_bmi_c_cat";0;-0,0123682642361698;-0,0128418109775141;0,0665276620660097;-0,1427600858612;0,118023557388861;-0,135268419997745;0,108529678543182;-0,185911602062581;0,852514083688185;FALSE;100;"5";"Childhood"
"hs_uvdvf_wk_hs_h_None";"hs_bmi_c_cat";0;0,0193835653378284;0,0193851011260442;0,0700962657363746;-0,118002590956215;0,156769721631872;-0,110918055253945;0,148239107304898;0,276527788380741;0,782142719360442;FALSE;100;"5";"Childhood"
"hs_ndvi100_h_None";"hs_bmi_c_cat";0;-0,0874618352365752;-0,0854356365288665;0,0707520652824938;-0,22613333502209;0,0512096645489392;-0,224646062551113;0,0472123687995659;-1,23617359984283;0,216394041666022;FALSE;100;"5";"Childhood"
"hs_ndvi100_s_None";"hs_bmi_c_cat";0;-0,108721744357872;-0,109329081475176;0,0790600148865362;-0,263676526152683;0,0462330374369394;-0,279945860742853;0,0419211340214762;-1,37517991255004;0,169075674297558;FALSE;100;"5";"Childhood"
"hs_dde_cadj_Log2";"hs_bmi_c_cat";0;-0,191863688350413;-0,188278852959775;0,0852239661068534;-0,358899592539508;-0,0248277841613186;-0,354056389944685;-0,0218787589206755;-2,25128795472691;0,0243673052129283;TRUE;100;"5";"Childhood"
"hs_ddt_cadj_Log2";"hs_bmi_c_cat";0;0,0412193821659845;0,0401224987030388;0,0573147299730596;-0,0711154243648507;0,15355418869682;-0,0580015938078446;0,149086028903893;0,719176068444523;0,472032442738632;FALSE;100;"5";"Childhood"
"hs_hcb_cadj_Log2";"hs_bmi_c_cat";0;-0,458711210859765;-0,45917330433594;0,0778102455374129;-0,611216489741313;-0,306205931978217;-0,618944949874104;-0,3082072274066;-5,8952546376326;3,74104020316914e-09;TRUE;100;"5";"Childhood"
"hs_pcb118_cadj_Log2";"hs_bmi_c_cat";0;0,0760913748894956;0,0713620856452884;0,0814822127447662;-0,0836108274708766;0,235793577249868;-0,0957860423263945;0,212551935288772;0,933840310987176;0,350386272235143;FALSE;100;"5";"Childhood"
"hs_pcb138_cadj_Log2";"hs_bmi_c_cat";0;0,103502174622434;0,0856832816348702;0,0727906595630693;-0,0391648965320974;0,246169245776966;-0,0905452965084022;0,196496051299283;1,42191560350893;0,155050752886814;FALSE;100;"5";"Childhood"
"hs_pcb153_cadj_Log2";"hs_bmi_c_cat";0;-0,0580974306622718;-0,0640489526538586;0,0632733292282281;-0,182110877131544;0,0659160158070009;-0,184715738626129;0,0512718852499613;-0,918197783661947;0,358515328793385;FALSE;100;"5";"Childhood"
"hs_pcb170_cadj_Log2";"hs_bmi_c_cat";0;-0,259650483886637;-0,26088923551879;0,0621213831149592;-0,381406157461772;-0,137894810311502;-0,364116466249747;-0,141649300552002;-4,17972799166655;2,91857983575904e-05;TRUE;100;"5";"Childhood"
"hs_pcb180_cadj_Log2";"hs_bmi_c_cat";0;-0,0953530450729793;-0,104404335176169;0,0847359143893222;-0,26143238547312;0,0707262953271615;-0,25607879713289;0,0464846528612075;-1,1252967028228;0,260463326458904;FALSE;100;"5";"Childhood"
"hs_sumPCBs5_cadj_Log2";"hs_bmi_c_cat";0;-0,157205487429132;-0,158142504157534;0,0602628913735318;-0,275318584125503;-0,0390923907327597;-0,269189336932595;-0,0475932847192273;-2,6086615468666;0,00908970958369318;TRUE;100;"5";"Childhood"
"hs_pfhxs_c_Log2";"hs_bmi_c_cat";0;0,036111811692841;0,0364102256749424;0,0790084539114821;-0,118741912447857;0,190965535833539;-0,123474359281489;0,176671730730826;0,457062629440885;0,647626030073719;FALSE;100;"5";"Childhood"
"hs_pfna_c_Log2";"hs_bmi_c_cat";0;0,0971252878728226;0,095746445332374;0,0871268753816025;-0,0736402499606278;0,267890825706273;-0,0877013648469829;0,233236978278392;1,11475692715283;0,264954598878138;FALSE;100;"5";"Childhood"
"hs_pfoa_c_Log2";"hs_bmi_c_cat";0;-0,124042765699322;-0,124735444747402;0,0825721908106577;-0,28588128581278;0,0377957544141365;-0,274371518993275;0,0172301170319295;-1,50223415996989;0,133036645605276;FALSE;100;"5";"Childhood"
"hs_pfos_c_Log2";"hs_bmi_c_cat";0;-0,110866496539262;-0,104604607278231;0,0787357464468934;-0,26518572387105;0,043452730792527;-0,239570639583242;0,0684858730521095;-1,40808338705521;0,159106379678803;FALSE;100;"5";"Childhood"
"hs_pfunda_c_Log2";"hs_bmi_c_cat";0;0,0342160448901736;0,0331935968409136;0,076158558161916;-0,115051986221681;0,183484076002028;-0,103226957450336;0,193868107731962;0,449273800817355;0,653234154868274;FALSE;100;"5";"Childhood"
"hs_hm_pers_None";"hs_bmi_c_cat";0;-0,0218123242857798;-0,0242237589836558;0,0653839443220118;-0,149962500324095;0,106337851752535;-0,137943253232986;0,104085814819392;-0,333603677660612;0,73867864272992;FALSE;100;"5";"Childhood"
"hs_trafload_h_pow1over3";"hs_bmi_c_cat";0;-0,0632678291885792;-0,0631012926814581;0,0698713429993085;-0,200213145018669;0,0736774866415104;-0,204393358064455;0,068870462550806;-0,905490383793042;0,365205652017329;FALSE;100;"5";"Childhood"
"hs_trafnear_h_pow1over3";"hs_bmi_c_cat";0;0,083047226360339;0,081189142480439;0,0768234893777538;-0,0675240459867538;0,233618498707432;-0,0773648861253943;0,217336459934928;1,0810134638897;0,279691124587423;FALSE;100;"5";"Childhood"
"FAS_cat_None_Low";"hs_bmi_c_cat";0;-0,559543627910665;-0,578112341612171;0,192682849429672;-0,937195073231375;-0,181892182589955;-0,995298637666754;-0,219486036898947;-2,90396176705336;0,00368473153759786;TRUE;100;"5";"Childhood"
"FAS_cat_None_Middle";"hs_bmi_c_cat";0;-0,257758386763764;-0,268261829338419;0,124533335491558;-0,50183923920186;-0,0136775343256678;-0,480084928640894;0,00576184246253775;-2,06979429039093;0,0384716122889084;TRUE;100;"5";"Childhood"
"hs_globalexp2_None_no exposure";"hs_bmi_c_cat";0;-0,213476256715744;-0,221947325315884;0,135379512269186;-0,478815225007947;0,0518627115764594;-0,461526505263596;0,0187683521364948;-1,57687269762999;0,114824819865717;FALSE;100;"5";"Childhood"
