"exposure";"outcome";"lambda";"beta_unpenalized";"bootstrap_mean";"bootstrap_standard_error";"ci95_lower";"ci95_upper";"bootstrap_q025";"bootstrap_q975";"z_value";"p_value";"significant";"n_valid_bootstrap";"omitted_cohort";"scenario"
"hs_no2_dy_hs_h_Log";"e3_bw";0;0,0083595559931492;0,00976124469904215;0,0055286710318291;-0,00247644011160573;0,0191955520979041;0,000342263089310177;0,0207113163463102;1,51203715052359;0,130524411863417;FALSE;100;"6";"Childhood"
"hs_no2_wk_hs_h_Log";"e3_bw";0;0,00901963217931682;0,0104366944147961;0,00552043016610361;-0,00180021212541472;0,0198394764840484;-5,63932187007531e-05;0,0198792783063005;1,63386401202916;0,102287407770351;FALSE;100;"6";"Childhood"
"hs_no2_yr_hs_h_Log";"e3_bw";0;0,0349590747327527;0,0358996184450305;0,00617671073262346;0,0228529441538887;0,0470652053116167;0,024417532449775;0,0487080905532766;5,65982061424858;1,51531304309264e-08;TRUE;100;"6";"Childhood"
"hs_pm10_dy_hs_h_None";"e3_bw";0;-0,000818376936937796;-7,7576627656639e-05;0,00454916028328396;-0,0097345672520744;0,0080978133781988;-0,0073914608211978;0,00760040360542519;-0,179896263480746;0,857234008657915;FALSE;100;"6";"Childhood"
"hs_pm10_wk_hs_h_None";"e3_bw";0;-0,0101784283067522;-0,0100344238675278;0,00504543691365415;-0,0200673029437833;-0,000289553669721178;-0,0197946070256078;-0,000487682842013757;-2,01735320071231;0,0436586674108867;TRUE;100;"6";"Childhood"
"hs_pm10_yr_hs_h_None";"e3_bw";0;0,0149734276682305;0,0139715790517762;0,00552712801640773;0,00414045581812908;0,025806399518332;0,00356157415365985;0,0269044825895664;2,70907922229785;0,0067470227121711;TRUE;100;"6";"Childhood"
"hs_pm25_dy_hs_h_None";"e3_bw";0;0,00336846638401053;0,00218480409761357;0,00539099994532822;-0,00719769934949018;0,0139346321175112;-0,00703225466442279;0,0128934048134588;0,624831463211125;0,53208167831464;FALSE;100;"6";"Childhood"
"hs_pm25_wk_hs_h_None";"e3_bw";0;-0,00975668812081629;-0,0101853399108411;0,00570935462724002;-0,0209468175651738;0,00143344132354125;-0,0220959293492388;-4,47027766737342e-05;-1,70889509547471;0,0874703831747838;FALSE;100;"6";"Childhood"
"hs_pm25_yr_hs_h_None";"e3_bw";0;0,0377567835090538;0,0397803690784921;0,00787775910527889;0,0223166593838247;0,0531969076342829;0,0268266737492391;0,0565704292635482;4,79283296232719;1,64442535513857e-06;TRUE;100;"6";"Childhood"
"hs_pm25abs_dy_hs_h_Log";"e3_bw";0;0,000816642394042341;8,78648429443588e-05;0,00433878485750944;-0,0076872196633439;0,00932050445142858;-0,00822623165099739;0,00863956686937632;0,188219149107825;0,850704861937094;FALSE;100;"6";"Childhood"
"hs_pm25abs_wk_hs_h_Log";"e3_bw";0;-0,0112389785173407;-0,0112147744854275;0,00485451902432299;-0,0207536609672783;-0,00172429606740313;-0,0198453322593133;-0,00188163973390899;-2,31515799217783;0,0206042872624214;TRUE;100;"6";"Childhood"
"hs_pm25abs_yr_hs_h_Log";"e3_bw";0;-0,0140317332134108;-0,0141951842780725;0,00487309479894402;-0,0235828235125905;-0,00448064291423107;-0,0242281637084757;-0,00528724330739248;-2,87942956013321;0,00398395283935778;TRUE;100;"6";"Childhood"
"hs_accesslines300_h_dic0";"e3_bw";0;-0,0280243098708613;-0,0276367951828441;0,0146591002773219;-0,0567556184601733;0,000706998718450817;-0,0561189025594364;-0,00139904983708244;-1,9117346454213;0,0559102381716929;FALSE;100;"6";"Childhood"
"hs_accesspoints300_h_Log";"e3_bw";0;-0,00525955149259815;-0,00503572133240496;0,00429239203609214;-0,0136724852908653;0,003153382305669;-0,0128831920681224;0,00212779279897186;-1,2253194601923;0,220454879053204;FALSE;100;"6";"Childhood"
"hs_builtdens300_h_Sqrt";"e3_bw";0;-0,000746001278777609;-0,00131163126730547;0,00447321247966163;-0,00951333663410951;0,00802133407655429;-0,00944173378760224;0,00687062328430262;-0,166770812289704;0,867550385440843;FALSE;100;"6";"Childhood"
"hs_connind300_h_Log";"e3_bw";0;0,00351748293062596;0,00377702170126479;0,00411326020058028;-0,00454435892155338;0,0115793247828053;-0,00348461482886073;0,0110516420281538;0,855156921541149;0,392464281027996;FALSE;100;"6";"Childhood"
"hs_fdensity300_h_Log";"e3_bw";0;0,013893014486238;0,0135629718151378;0,004512170437004;0,00504932293760379;0,0227367060348722;0,00511055247768974;0,0226171356728911;3,07900924404414;0,00207690237266038;TRUE;100;"6";"Childhood"
"hs_landuseshan300_h_None";"e3_bw";0;0,0036977754858966;0,00371058989562495;0,00366250612708256;-0,00348060461634249;0,0108761555881357;-0,00389744758936445;0,0105360512141113;1,00962984295186;0,312672666247631;FALSE;100;"6";"Childhood"
"hs_popdens_h_Sqrt";"e3_bw";0;-0,0128846396329282;-0,0128201130213082;0,00453372999173569;-0,0217705871323592;-0,00399869213349716;-0,0209231541970675;-0,0046498749707446;-2,8419512534745;0,0044838346832999;TRUE;100;"6";"Childhood"
"hs_walkability_mean_h_None";"e3_bw";0;-0,00825838780873064;-0,00800921284328791;0,00383811645152516;-0,0157809578221906;-0,000735817795270661;-0,0147435062959773;0,000559920845723708;-2,1516772388313;0,0314227840336122;TRUE;100;"6";"Childhood"
"hs_accesslines300_s_dic0";"e3_bw";0;0,0209625754162162;0,0199766587340948;0,0128186220905369;-0,00416146221266556;0,046086613045098;-0,00676682351794694;0,0435536853633143;1,63532205475435;0,101981552560621;FALSE;100;"6";"Childhood"
"hs_accesspoints300_s_Log";"e3_bw";0;0,00365963881574553;0,00379002490893446;0,00415462188789334;-0,00448327045390723;0,0118025480853983;-0,00366657826539084;0,0124943529868507;0,880859658109874;0,378393784897416;FALSE;100;"6";"Childhood"
"hs_builtdens300_s_Sqrt";"e3_bw";0;-0,0134886435381314;-0,0139659957826564;0,00495890468499342;-0,0232079181234854;-0,00376936895277732;-0,0246517658481864;-0,00573489974533602;-2,72008525974507;0,00652650860283276;TRUE;100;"6";"Childhood"
"hs_connind300_s_Log";"e3_bw";0;0,00172748968140561;0,00117279434986814;0,00473403412966954;-0,00755104671433011;0,0110060260771413;-0,00769330174507615;0,00901401249319545;0,364908582001752;0,71517964790452;FALSE;100;"6";"Childhood"
"hs_fdensity300_s_Log";"e3_bw";0;0,00875127219515567;0,00885763749235359;0,00473171412763584;-0,000522717080149932;0,0180252614704613;0,000620717253588189;0,0173202534209379;1,84949300805038;0,0643866564897783;FALSE;100;"6";"Childhood"
"hs_landuseshan300_s_None";"e3_bw";0;0,00735231883960775;0,00793366898440645;0,00388583000314158;-0,000263768016594903;0,0149684056958104;0,000301847720491752;0,0151284506006616;1,89208453114614;0,0584797190020669;FALSE;100;"6";"Childhood"
"hs_popdens_s_Sqrt";"e3_bw";0;-0,00338549686618725;-0,00389131550937076;0,00426216497882242;-0,0117391867208471;0,00496819298847263;-0,0121477204485863;0,00464786425523563;-0,794313895170386;0,427012716799479;FALSE;100;"6";"Childhood"
"h_Absorbance_Log";"e3_bw";0;0,00188029900586559;0,0011391727711688;0,00390281676659533;-0,00576908129492032;0,00952967930665149;-0,00736439079045396;0,00903508801187461;0,481779985665556;0,629962248634194;FALSE;100;"6";"Childhood"
"h_Benzene_Log";"e3_bw";0;-0,0024248952350697;-0,00252404876886159;0,00417351876910256;-0,0106048417113127;0,00575505124117325;-0,0114125621145409;0,0054473723310407;-0,581019367403284;0,561227400601408;FALSE;100;"6";"Childhood"
"h_NO2_Log";"e3_bw";0;0,00762879599289082;0,00800787705563574;0,00438849574117867;-0,000972497606126783;0,0162300895919084;-0,000411574509571836;0,0162377577497876;1,73836240088087;0,0821469774290531;FALSE;100;"6";"Childhood"
"h_PM_Log";"e3_bw";0;0,00673552952455654;0,00799527214006003;0,00408121488948652;-0,00126350467200567;0,0147345637211187;0,000351787922140904;0,0143414825584199;1,65037365268555;0,0988665364952888;FALSE;100;"6";"Childhood"
"h_TEX_Log";"e3_bw";0;-0,00710655844425426;-0,0069905678515358;0,00382684397081819;-0,0146070348015122;0,000393917913003644;-0,0151587717922686;0,0012653256516272;-1,85702853276635;0,0633070947818318;FALSE;100;"6";"Childhood"
"hs_KIDMED_None";"e3_bw";0;0,0014066391550688;0,00162853135303294;0,00329400068851389;-0,00504948355946857;0,00786276186960617;-0,00516669664294192;0,00834892165624465;0,427030619627287;0,669357025638629;FALSE;100;"6";"Childhood"
"hs_mvpa_prd_alt_None";"e3_bw";0;-0,00405560562014212;-0,0033401476321101;0,00388620240601239;-0,0116724223725593;0,00356121113227507;-0,00989957307541644;0,00432267409172963;-1,04359093954232;0,296674686614837;FALSE;100;"6";"Childhood"
"hs_sd_wk_None";"e3_bw";0;-0,000251811543404544;1,2550379615033e-05;0,00432221342754565;-0,00872319419488944;0,00821957110808035;-0,00715238314737986;0,00819033556740239;-0,0582598586640211;0,953541641322549;FALSE;100;"6";"Childhood"
"hs_dif_hours_total_None";"e3_bw";0;-0,00155974478395995;-0,000685978648463852;0,00398901922694267;-0,00937807880240539;0,00625858923448549;-0,00816246644950744;0,00796821085837972;-0,391009592890682;0,695790145126336;FALSE;100;"6";"Childhood"
"hs_as_c_Log2";"e3_bw";0;0,000185958925317518;-0,00101922473753974;0,00361373367475705;-0,00689682892692588;0,00726874677756092;-0,00781738296128976;0,00563420347470775;0,0514589458034756;0,958959814986715;FALSE;100;"6";"Childhood"
"hs_cd_c_Log2";"e3_bw";0;-0,00284821252189347;-0,00265513894885425;0,0030735990193429;-0,00887235590272319;0,00317593085893625;-0,00943986295027682;0,00281623310679133;-0,926670168739962;0,354097810609961;FALSE;100;"6";"Childhood"
"hs_co_c_Log2";"e3_bw";0;0,00356781736387448;0,00335806842807101;0,00319529221865965;-0,00269484030477952;0,00983047503252848;-0,00222683803692125;0,00931011774521823;1,11658562651622;0,264171540112374;FALSE;100;"6";"Childhood"
"hs_cs_c_Log2";"e3_bw";0;-0,00475378395198529;-0,00516866960962823;0,00444323369799425;-0,0134623619749487;0,00395479407097817;-0,0126253839773457;0,00349507331267346;-1,06989284721423;0,284667543074914;FALSE;100;"6";"Childhood"
"hs_cu_c_Log2";"e3_bw";0;-0,00187108792845114;-0,00184221327626074;0,00318542326293617;-0,0081144027993221;0,00437222694241983;-0,00784788837851648;0,00339735553130558;-0,587390677471996;0,556941353486147;FALSE;100;"6";"Childhood"
"hs_hg_c_Log2";"e3_bw";0;-0,00859511572293466;-0,00787521443326229;0,00332890861547617;-0,015119656717093;-0,00207057472877628;-0,0138823266204262;-0,00153714343616556;-2,58196205296108;0,00982403862886026;TRUE;100;"6";"Childhood"
"hs_mn_c_Log2";"e3_bw";0;-0,00612057079721892;-0,00576786111099444;0,00315623776723543;-0,0123066831476455;6,55415532076408e-05;-0,0121460646517606;-0,000210413176201506;-1,93919826343754;0,0524772009990371;FALSE;100;"6";"Childhood"
"hs_mo_c_Log2";"e3_bw";0;-0,00638832760549299;-0,00644509125651069;0,00341930785126395;-0,0130900478460254;0,000313392635039391;-0,0147122562359957;0,000745933650416485;-1,86831016199128;0,0617188510014414;FALSE;100;"6";"Childhood"
"hs_pb_c_Log2";"e3_bw";0;6,27410628616755e-05;-7,23134852261404e-05;0,00322216243904462;-0,00625258127000351;0,00637806339572687;-0,00791519464915481;0,00554548713374891;0,0194717256030948;0,984464792466035;FALSE;100;"6";"Childhood"
"hs_hum_mt_hs_h_None";"e3_bw";0;-0,0277961938975586;-0,028747062661527;0,00465196495803688;-0,0369138776726533;-0,0186785101224639;-0,037063454985954;-0,0196714192146234;-5,97515117768397;2,2987690846816e-09;TRUE;100;"6";"Childhood"
"hs_tm_mt_hs_h_None";"e3_bw";0;0,00920792469641166;0,00882030581814586;0,00509455472268221;-0,000777219077313915;0,0191930684701372;0,000668223678050286;0,0173979619455258;1,80740519979415;0,0706991238038731;FALSE;100;"6";"Childhood"
"hs_uvdvf_mt_hs_h_None";"e3_bw";0;-0,0149695146062542;-0,0150486337661794;0,00653572138360185;-0,0277792931311021;-0,00215973608140625;-0,0291716959436996;-0,00282697757117328;-2,29041504795672;0,0219972680316163;TRUE;100;"6";"Childhood"
"hs_hum_dy_hs_h_None";"e3_bw";0;-0,0103682328914734;-0,0111728941190769;0,00432717773399103;-0,0188493454047995;-0,00188712037814738;-0,0183698899419753;-0,00332705217604198;-2,3960728051516;0,0165717983027676;TRUE;100;"6";"Childhood"
"hs_hum_wk_hs_h_None";"e3_bw";0;-0,0228490976134151;-0,0240875189171502;0,00462221015988873;-0,0319084630557721;-0,0137897321710581;-0,0335327293080102;-0,0161557167721778;-4,94332728781963;7,6800389878775e-07;TRUE;100;"6";"Childhood"
"hs_tm_dy_hs_h_None";"e3_bw";0;-0,0035126147776132;-0,00278956836963471;0,00457148609748798;-0,0124725628845152;0,0054473333292888;-0,0115912530528017;0,00514005260709428;-0,768374813508319;0,442264539289836;FALSE;100;"6";"Childhood"
"hs_tm_wk_hs_h_None";"e3_bw";0;0,00664771502077755;0,00744933947036622;0,00522282553880413;-0,00358883493281454;0,0168842649743696;-0,00257315435564638;0,0164705202486163;1,27281965889668;0,203082043516682;FALSE;100;"6";"Childhood"
"hs_uvdvf_dy_hs_h_None";"e3_bw";0;-0,000273434914933752;-0,000676343542160511;0,00470348732103695;-0,00949210066590696;0,00894523083603945;-0,00915153714326707;0,00792945130125929;-0,058134506648031;0,953641488530599;FALSE;100;"6";"Childhood"
"hs_uvdvf_wk_hs_h_None";"e3_bw";0;-0,0201767521064002;-0,0210738800560062;0,00472739368304377;-0,0294422734659081;-0,0109112307468923;-0,0306665163162378;-0,0116727508286611;-4,26804989370152;1,97189229395354e-05;TRUE;100;"6";"Childhood"
"hs_ndvi100_h_None";"e3_bw";0;0,0056286662165794;0,00579481355858114;0,00509718244202556;-0,00436162779242061;0,0156189602255794;-0,00511819329593615;0,0155804659229464;1,10427011012434;0,269475984630065;FALSE;100;"6";"Childhood"
"hs_ndvi100_s_None";"e3_bw";0;0,00463195157485771;0,00469661749283275;0,00517768486518733;-0,00551612428420757;0,014780027433923;-0,00413430103262739;0,013727645006227;0,894598975306723;0,371001499803403;FALSE;100;"6";"Childhood"
"hs_dde_cadj_Log2";"e3_bw";0;-0,00281809280884034;-0,00291122522842092;0,00381390219471424;-0,0102932037510385;0,00465701813335784;-0,0112610242566562;0,00475423416195719;-0,738900125112277;0,459967646370429;FALSE;100;"6";"Childhood"
"hs_ddt_cadj_Log2";"e3_bw";0;-0,00578823620347885;-0,0056273874683759;0,00362355477484915;-0,0128902730581913;0,00131380065123362;-0,0110445137072703;0,00201440670779906;-1,59739166733579;0,11017842871679;FALSE;100;"6";"Childhood"
"hs_hcb_cadj_Log2";"e3_bw";0;0,00236753908351265;-8,78896892257346e-05;0,00523534814845273;-0,00789355473398315;0,0126286329010084;-0,013301343338768;0,0077701986192065;0,452221899361623;0,651109133308964;FALSE;100;"6";"Childhood"
"hs_pcb118_cadj_Log2";"e3_bw";0;-0,000495935993517496;-3,98808199995635e-05;0,00469203443070819;-0,00969215449192743;0,00870028250489244;-0,00879870478336678;0,00853457271586529;-0,105697432711005;0,915822417341773;FALSE;100;"6";"Childhood"
"hs_pcb138_cadj_Log2";"e3_bw";0;-0,0121149592201252;-0,0122265414240036;0,00514368101627099;-0,0221963887599787;-0,0020335296802717;-0,0238126527340909;-0,00260182976347933;-2,3553092001238;0,0185072987146079;TRUE;100;"6";"Childhood"
"hs_pcb153_cadj_Log2";"e3_bw";0;0,00279354633205389;0,00222892656797097;0,00500505354251254;-0,0070161783519653;0,0126032710160731;-0,00864927551189638;0,00991765229495796;0,558145144367733;0,576745275687466;FALSE;100;"6";"Childhood"
"hs_pcb170_cadj_Log2";"e3_bw";0;-0,0029654820710772;-0,00485780697313137;0,00473260776707137;-0,0122412228474916;0,0063102587053372;-0,0133692684080238;0,00485553370941863;-0,626606348345724;0,530917305947847;FALSE;100;"6";"Childhood"
"hs_pcb180_cadj_Log2";"e3_bw";0;-0,000523865676729773;-0,000236931057336213;0,00375529250012184;-0,00788410372838196;0,00683637237492242;-0,00730148441352192;0,00723203432408115;-0,139500631898254;0,889054556639818;FALSE;100;"6";"Childhood"
"hs_sumPCBs5_cadj_Log2";"e3_bw";0;-0,00950704407739443;-0,00994986420223814;0,00538926075338242;-0,0200698010573192;0,00105571290253031;-0,0198285012930473;0,000376369581519153;-1,76407201515117;0,077719855354758;FALSE;100;"6";"Childhood"
"hs_pfhxs_c_Log2";"e3_bw";0;0,00619908052361142;0,00569384390371896;0,00384098462123594;-0,00132911099918325;0,0137272720464061;-0,00204840738722184;0,0127629562736544;1,61393005567846;0,106542598514287;FALSE;100;"6";"Childhood"
"hs_pfna_c_Log2";"e3_bw";0;-0,0161494175736107;-0,0163002699173955;0,00493820056498989;-0,0258281128294262;-0,00647072231779514;-0,0255736861529008;-0,00700559739269857;-3,27030410390869;0,00107431923069167;TRUE;100;"6";"Childhood"
"hs_pfoa_c_Log2";"e3_bw";0;0,0143880153174193;0,0145619679455697;0,00383096185643961;0,006879468052651;0,0218965625821877;0,0063378907345658;0,0211502661276766;3,75571876113409;0,000172844706233403;TRUE;100;"6";"Childhood"
"hs_pfos_c_Log2";"e3_bw";0;0,0025012876300264;0,00212385596558689;0,00431016310592405;-0,00594647682507804;0,0109490520851308;-0,0060547373204893;0,00988860247022147;0,580323196258753;0,561696687634743;FALSE;100;"6";"Childhood"
"hs_pfunda_c_Log2";"e3_bw";0;0,00158308855635357;0,000868735912352848;0,00324720610968677;-0,00478131846901092;0,00794749558171806;-0,00369231542113915;0,00738827260642091;0,487523274741028;0,62588755301042;FALSE;100;"6";"Childhood"
"hs_hm_pers_None";"e3_bw";0;-0,00260444942866286;-0,0013702212938647;0,00327284103285478;-0,00901909998018309;0,00381020112285738;-0,00664860617410143;0,00469189100683806;-0,795776330875164;0,426162051401582;FALSE;100;"6";"Childhood"
"hs_trafload_h_pow1over3";"e3_bw";0;-0,00154580347926699;-0,00194118347365017;0,00315429739546921;-0,00772811277091513;0,00463650581238116;-0,00808334139557411;0,00373584452291537;-0,490062693989272;0,624089535698312;FALSE;100;"6";"Childhood"
"hs_trafnear_h_pow1over3";"e3_bw";0;-0,012328381087398;-0,0123801106215838;0,00426662575030143;-0,0206908138935;-0,00396594828129602;-0,0197350230306566;-0,00456077569099668;-2,88949202693183;0,00385864792057132;TRUE;100;"6";"Childhood"
"FAS_cat_None_Low";"e3_bw";0;0,061670232413949;0,0624687350822444;0,0134414421821211;0,0353254898367141;0,0880149749911839;0,0346679435314419;0,0838634270555432;4,58806663588364;4,47369852191693e-06;TRUE;100;"6";"Childhood"
"FAS_cat_None_Middle";"e3_bw";0;0,0398115754667339;0,0384847669333809;0,0067652261268535;0,0265519759108316;0,0530711750226361;0,0262800615978727;0,051001697846416;5,88473684696334;3,98687826331326e-09;TRUE;100;"6";"Childhood"
"hs_globalexp2_None_no exposure";"e3_bw";0;0,0522041214686596;0,0533491600031295;0,00684318138885623;0,0387917324068266;0,0656165105304926;0,0404127957269285;0,0679296397898178;7,62863330696909;2,37255428294268e-14;TRUE;100;"6";"Childhood"
"hs_no2_dy_hs_h_Log";"hs_asthma";0;-0,0696937389850349;-0,0698579415810512;0,0591522663753443;-0,185630050684629;0,0462425727145594;-0,180275641294338;0,0446591837937035;-1,17820910770859;0,238713252533618;FALSE;100;"6";"Childhood"
"hs_no2_wk_hs_h_Log";"hs_asthma";0;-0,0243192957126922;-0,0248529238228217;0,0636787500626551;-0,149127352416024;0,100488760990639;-0,138430325550407;0,0875134358390586;-0,381905984158983;0,70253110141608;FALSE;100;"6";"Childhood"
"hs_no2_yr_hs_h_Log";"hs_asthma";0;-0,102333229375489;-0,0991903400248161;0,049669258918045;-0,199683187993652;-0,0049832707573261;-0,201068966213456;-0,0136904266738912;-2,06029305861681;0,0393705331195419;TRUE;100;"6";"Childhood"
"hs_pm10_dy_hs_h_None";"hs_asthma";0;0,0849108168295687;0,0801809724800052;0,07249442995253;-0,0571756549571519;0,226997288616289;-0,0775775609442143;0,214063679529772;1,17127366730339;0,241488792474825;FALSE;100;"6";"Childhood"
"hs_pm10_wk_hs_h_None";"hs_asthma";0;-0,0105103847047505;-0,00903258885513067;0,07649950995634;-0,16044666905414;0,139425899644639;-0,138906350062727;0,124515950128862;-0,137391529837891;0,890721325770039;FALSE;100;"6";"Childhood"
"hs_pm10_yr_hs_h_None";"hs_asthma";0;0,0123748972100658;0,00573942846721383;0,0404788588029247;-0,0669622081789488;0,0917120025990803;-0,0892436213004132;0,0810857311661413;0,305712600997824;0,75982347817035;FALSE;100;"6";"Childhood"
"hs_pm25_dy_hs_h_None";"hs_asthma";0;-0,107527632312892;-0,110768025623847;0,079737190665046;-0,263809654244786;0,0487543896190012;-0,277557889719486;0,0208742576755128;-1,34852546742694;0,177489434658717;FALSE;100;"6";"Childhood"
"hs_pm25_wk_hs_h_None";"hs_asthma";0;-0,0390702911757164;-0,0390961172936492;0,059914338177868;-0,156500236161891;0,078359653810458;-0,168115048762006;0,0685615486636739;-0,652102524436274;0,514335035659257;FALSE;100;"6";"Childhood"
"hs_pm25_yr_hs_h_None";"hs_asthma";0;-0,181954783911139;-0,174622952509612;0,0633809723499986;-0,306179207022265;-0,0577303608000129;-0,299897216349784;-0,0575282368457032;-2,87081086270433;0,00409420413475009;TRUE;100;"6";"Childhood"
"hs_pm25abs_dy_hs_h_Log";"hs_asthma";0;0,0483172083345071;0,0519436949001823;0,0765060215809043;-0,101631838564509;0,198266255233524;-0,12777222682971;0,171414649340353;0,63154778324752;0,527682416316919;FALSE;100;"6";"Childhood"
"hs_pm25abs_wk_hs_h_Log";"hs_asthma";0;-0,0551725184846624;-0,0544074943723304;0,0723656043938048;-0,197006496815993;0,0866614598466686;-0,170753125093845;0,109193937550582;-0,762413565765584;0,445813212227793;FALSE;100;"6";"Childhood"
"hs_pm25abs_yr_hs_h_Log";"hs_asthma";0;-0,144472686440825;-0,138525131085685;0,068897639919012;-0,279509579301898;-0,00943579357975285;-0,275013774453243;-0,0102935115445553;-2,09691778427607;0,0360008539304745;TRUE;100;"6";"Childhood"
"hs_accesslines300_h_dic0";"hs_asthma";0;0,162693965139511;0,161929316054494;0,205052759457152;-0,239202058327062;0,564589988606083;-0,255784505324151;0,581381346022413;0,793424899865869;0,427530308277563;FALSE;100;"6";"Childhood"
"hs_accesspoints300_h_Log";"hs_asthma";0;-0,204734203804842;-0,207983116198553;0,0640106189943465;-0,330192711661877;-0,0792756959478078;-0,313379131233021;-0,0930512529276312;-3,19844124336502;0,00138172686682499;TRUE;100;"6";"Childhood"
"hs_builtdens300_h_Sqrt";"hs_asthma";0;-0,0467098144304888;-0,0447359754080025;0,0771468630316664;-0,1979148874928;0,104495258631822;-0,169133618085603;0,0906638492643105;-0,605466153708879;0,544869307091153;FALSE;100;"6";"Childhood"
"hs_connind300_h_Log";"hs_asthma";0;0,0527328354236513;0,0561955744794541;0,0762423349300616;-0,0966993951365097;0,202165065983812;-0,0893604944122531;0,192038568440675;0,691647697726256;0,489158599961761;FALSE;100;"6";"Childhood"
"hs_fdensity300_h_Log";"hs_asthma";0;0,00663066612196955;0,00590980337688592;0,069957854374213;-0,130484208887186;0,143745541131125;-0,106566411864265;0,152444881195788;0,0947808674420075;0,924488884017526;FALSE;100;"6";"Childhood"
"hs_landuseshan300_h_None";"hs_asthma";0;0,0579887651402891;0,059195245827765;0,0766706939811781;-0,0922830337325118;0,20826056401309;-0,0969812160891681;0,190976863156472;0,75633546703679;0,449448088620337;FALSE;100;"6";"Childhood"
"hs_popdens_h_Sqrt";"hs_asthma";0;0,00537517707094188;0,00766465040162915;0,0816268751890741;-0,154610558470189;0,165360912612073;-0,161995441570796;0,170652806282154;0,06585057995288;0,947496786612481;FALSE;100;"6";"Childhood"
"hs_walkability_mean_h_None";"hs_asthma";0;0,17305089544039;0,166966738694392;0,0828538847052116;0,010660265438941;0,335441525441839;0,00368594561627989;0,327196072455728;2,08862741989821;0,0367412749316786;TRUE;100;"6";"Childhood"
"hs_accesslines300_s_dic0";"hs_asthma";0;-0,142546389729582;-0,140278235373846;0,1857730398404;-0,50665485711529;0,221562077656126;-0,461927558823141;0,209940516032628;-0,767314729048122;0,442894413224158;FALSE;100;"6";"Childhood"
"hs_accesspoints300_s_Log";"hs_asthma";0;-0,0232187614313782;-0,0239548088754348;0,0674053938719095;-0,155330905784058;0,108893382921301;-0,164487132562817;0,102047182379562;-0,344464442645359;0,730497032318171;FALSE;100;"6";"Childhood"
"hs_builtdens300_s_Sqrt";"hs_asthma";0;-0,0527688621661553;-0,0523787146231017;0,080331448720219;-0,210215608483711;0,1046778841514;-0,244200373723773;0,0733699225267425;-0,656889213462842;0,511252154421175;FALSE;100;"6";"Childhood"
"hs_connind300_s_Log";"hs_asthma";0;0,0120543072382839;0,0116218663078948;0,0747573525326573;-0,134467411305288;0,158576025781856;-0,157255993472031;0,148875445644649;0,161245774895761;0,87189982963284;FALSE;100;"6";"Childhood"
"hs_fdensity300_s_Log";"hs_asthma";0;-0,0634044733343092;-0,0645491518366482;0,0706494289050761;-0,201874809516581;0,0750658628479631;-0,18756650554101;0,0712043379085403;-0,897452029223036;0,369477760014795;FALSE;100;"6";"Childhood"
"hs_landuseshan300_s_None";"hs_asthma";0;-0,165002807354811;-0,167485034373161;0,0774078841539003;-0,316719472415904;-0,0132861422937177;-0,310825252898994;-0,0287132211044844;-2,13160208625205;0,033039572107185;TRUE;100;"6";"Childhood"
"hs_popdens_s_Sqrt";"hs_asthma";0;0,0571097312547423;0,059295654204336;0,067873420000431;-0,075919727453663;0,190139189963148;-0,0902213348918879;0,17848229353307;0,841415258791728;0,400115340186758;FALSE;100;"6";"Childhood"
"h_Absorbance_Log";"hs_asthma";0;0,128320596603839;0,122897272105809;0,0792248743029206;-0,026957303709598;0,283598496917277;-0,0216855849906053;0,275346707192476;1,61970085447152;0,105296552574992;FALSE;100;"6";"Childhood"
"h_Benzene_Log";"hs_asthma";0;0,156026877909144;0,159682383262597;0,0717049885994797;0,0154876827423089;0,29656607307598;0,014555386256865;0,30874043107605;2,175955689508;0,0295585740095558;TRUE;100;"6";"Childhood"
"h_NO2_Log";"hs_asthma";0;-0,0209911069669654;-0,0208244434972378;0,0715675240528932;-0,16126087657334;0,119278662639409;-0,150534793945748;0,120282276981615;-0,293304920699108;0,769289092794577;FALSE;100;"6";"Childhood"
"h_PM_Log";"hs_asthma";0;0,0459780005669918;0,0433759700684114;0,0779227788654684;-0,106747839584605;0,198703840718589;-0,0988114619974217;0,187225485171224;0,590045699555602;0,555160011731485;FALSE;100;"6";"Childhood"
"h_TEX_Log";"hs_asthma";0;-0,04275159975552;-0,0383435060394889;0,0688290985075178;-0,177654153918614;0,0921509544075744;-0,154234168983227;0,0873884470258281;-0,621126829822571;0,534516177573823;FALSE;100;"6";"Childhood"
"hs_KIDMED_None";"hs_asthma";0;-0,131748838045418;-0,136244529233619;0,0730882424684841;-0,274999160976978;0,0115014848861412;-0,293549016746955;-0,00777285619734601;-1,80259961925106;0,0714511168717392;FALSE;100;"6";"Childhood"
"hs_mvpa_prd_alt_None";"hs_asthma";0;0,0305300349580955;0,0325709818676975;0,0719551822420939;-0,110499530737425;0,171559600653616;-0,1065376303003;0,158672960704427;0,424292372095965;0,671352601509334;FALSE;100;"6";"Childhood"
"hs_sd_wk_None";"hs_asthma";0;-0,0532545467674692;-0,0558364478022948;0,0623352194248529;-0,175429331808582;0,0689202382736441;-0,170642286225941;0,0561619014155184;-0,854325167358546;0,392924846239838;FALSE;100;"6";"Childhood"
"hs_dif_hours_total_None";"hs_asthma";0;-0,171186886197502;-0,171800233626712;0,0744504903153868;-0,317107165847008;-0,0252666065479956;-0,310438724885263;-0,0305013906239243;-2,29933860035469;0,021485719541295;TRUE;100;"6";"Childhood"
"hs_as_c_Log2";"hs_asthma";0;-0,083512781009509;-0,0777503656329069;0,0686736207957501;-0,21811060445714;0,0510850424381222;-0,229275893288816;0,0368223396209851;-1,21608239148906;0,223953537555597;FALSE;100;"6";"Childhood"
"hs_cd_c_Log2";"hs_asthma";0;0,0487871615671096;0,0480001579331221;0,0709720928302569;-0,0903155842876273;0,187889907421846;-0,096935187869873;0,169863799831017;0,687413314467043;0,491822309685255;FALSE;100;"6";"Childhood"
"hs_co_c_Log2";"hs_asthma";0;-0,150201575509173;-0,153825417825387;0,0680520949532802;-0,283581230690102;-0,0168219203282436;-0,272338560358434;-0,020407640735959;-2,20715579163714;0,0273031771067713;TRUE;100;"6";"Childhood"
"hs_cs_c_Log2";"hs_asthma";0;-0,0136449794207346;-0,0146027634773016;0,0876689236221393;-0,18547291228352;0,158182953442051;-0,173431130137645;0,154446547690042;-0,155642146121762;0,87631510194393;FALSE;100;"6";"Childhood"
"hs_cu_c_Log2";"hs_asthma";0;-0,10214349885983;-0,107367777821867;0,0715763680486066;-0,242430602379282;0,0381436046596225;-0,260484667318812;0,0336288488205156;-1,42705618690327;0,153563699868222;FALSE;100;"6";"Childhood"
"hs_hg_c_Log2";"hs_asthma";0;0,0681999990508327;0,0716390014655956;0,0654414887941202;-0,0600629620803243;0,19646296018199;-0,0487907263387354;0,197685439020526;1,04215231510687;0,297341067043878;FALSE;100;"6";"Childhood"
"hs_mn_c_Log2";"hs_asthma";0;0,141020800828931;0,14070363717339;0,0627944372992391;0,0179459652929641;0,264095636364899;0,0231731833793656;0,264877605563447;2,24575307772748;0,0247198283266902;TRUE;100;"6";"Childhood"
"hs_mo_c_Log2";"hs_asthma";0;0,018243240960385;0,0185375494775151;0,0629352929383632;-0,105107666555285;0,141594148476055;-0,0989809174746815;0,128088417361921;0,289872980781258;0,771913412795571;FALSE;100;"6";"Childhood"
"hs_pb_c_Log2";"hs_asthma";0;-0,0842776798096829;-0,0863773558217847;0,0794335219073578;-0,239964521913277;0,0714091622939116;-0,238408570808313;0,0662119721228713;-1,060983798603;0,288697264073798;FALSE;100;"6";"Childhood"
"hs_hum_mt_hs_h_None";"hs_asthma";0;0,0166612687931898;0,0217709793977105;0,0720534317188037;-0,124560862338181;0,157883399924561;-0,132599182306074;0,156181229013998;0,231234909923683;0,817132310612277;FALSE;100;"6";"Childhood"
"hs_tm_mt_hs_h_None";"hs_asthma";0;-0,0678557757835331;-0,0676607643584713;0,0602498745189205;-0,185943359913675;0,0502318083466086;-0,193801781187452;0,0551885475679346;-1,12623928805402;0,260064247929245;FALSE;100;"6";"Childhood"
"hs_uvdvf_mt_hs_h_None";"hs_asthma";0;0,022209313053715;0,022392264105637;0,0558012162359407;-0,0871590610622605;0,13157768716969;-0,0862640414420213;0,139476431858557;0,398007687857712;0,690624518818688;FALSE;100;"6";"Childhood"
"hs_hum_dy_hs_h_None";"hs_asthma";0;0,152912046554435;0,15274420903784;0,0923384620043689;-0,0280680133619478;0,333892106470819;-0,00252756497138043;0,319339272468546;1,65599516425994;0,0977227981173332;FALSE;100;"6";"Childhood"
"hs_hum_wk_hs_h_None";"hs_asthma";0;0,207913441933731;0,209622624961208;0,0698654200645825;0,070979734842387;0,344847149025074;0,0790544254780089;0,332887979771755;2,9759134310155;0,00292117309461661;TRUE;100;"6";"Childhood"
"hs_tm_dy_hs_h_None";"hs_asthma";0;0,0344906484782348;0,0371438588020364;0,0656363716486504;-0,0941542760290058;0,163135572985475;-0,0681725905658422;0,164295613316011;0,525480729843848;0,599249045821603;FALSE;100;"6";"Childhood"
"hs_tm_wk_hs_h_None";"hs_asthma";0;0,0426626995690915;0,0370049285661641;0,05281978215127;-0,0608621711186493;0,146187570256832;-0,059579763896486;0,138116048634239;0,807703058049544;0,41926154276705;FALSE;100;"6";"Childhood"
"hs_uvdvf_dy_hs_h_None";"hs_asthma";0;-0,0836300113810739;-0,0798636657436236;0,0514065946510296;-0,184385085464941;0,0171250627027934;-0,166173379040371;0,0203324722121207;-1,62683429915541;0,103772294864853;FALSE;100;"6";"Childhood"
"hs_uvdvf_wk_hs_h_None";"hs_asthma";0;0,0468891391819477;0,0427461767627359;0,0530783412147397;-0,0571424979580699;0,150920776321965;-0,0695270189597871;0,138369796590361;0,883394961275218;0,377022912238414;FALSE;100;"6";"Childhood"
"hs_ndvi100_h_None";"hs_asthma";0;-0,205994991915667;-0,196642102969746;0,0858758696278462;-0,374308603527302;-0,0376813803040312;-0,330880339526498;-0,0363607518313182;-2,39875290705494;0,0164510116289462;TRUE;100;"6";"Childhood"
"hs_ndvi100_s_None";"hs_asthma";0;-0,0563586916057987;-0,0504077492836263;0,0616985812083774;-0,177285688671438;0,0645683054598407;-0,17136532012088;0,0584702912603191;-0,91345198709604;0,361004874330108;FALSE;100;"6";"Childhood"
"hs_dde_cadj_Log2";"hs_asthma";0;0,128598963892659;0,125214551658942;0,103620254600537;-0,074493003193265;0,331690930978582;-0,0789786975152755;0,320213508957559;1,24106010343649;0,214583546532231;FALSE;100;"6";"Childhood"
"hs_ddt_cadj_Log2";"hs_asthma";0;0,0362810863840402;0,0414217323111675;0,0667801823293137;-0,0946056658624327;0,167167838630513;-0,0713205778769814;0,165582458701688;0,543291214826683;0,586929312046301;FALSE;100;"6";"Childhood"
"hs_hcb_cadj_Log2";"hs_asthma";0;0,033425476643031;0,0374016476814855;0,0481220905038795;-0,0608920876053497;0,127743040891412;-0,0434047076519215;0,11815237668169;0,694597352131582;0,487307672110714;FALSE;100;"6";"Childhood"
"hs_pcb118_cadj_Log2";"hs_asthma";0;-0,0018965309136865;0,00296522630272929;0,0751450201971728;-0,14917806411768;0,145385002290307;-0,141608034799247;0,135903335454421;-0,0252382780483683;0,979864905204146;FALSE;100;"6";"Childhood"
"hs_pcb138_cadj_Log2";"hs_asthma";0;0,192893813648087;0,192160136878326;0,0448194749546559;0,105049256930966;0,280738370365207;0,118610504285891;0,295078385691664;4,30379458579643;1,67897344048579e-05;TRUE;100;"6";"Childhood"
"hs_pcb153_cadj_Log2";"hs_asthma";0;-0,0275749522867224;-0,0248511329046732;0,0430242615888097;-0,11190095546222;0,0567510508887746;-0,104269992822757;0,0619754572469767;-0,640916340418832;0,52157703873933;FALSE;100;"6";"Childhood"
"hs_pcb170_cadj_Log2";"hs_asthma";0;0,119226694327406;0,119672153638412;0,0584793582306453;0,00460925835632522;0,233844130298487;0,00522988711114452;0,236044043018149;2,03878253685976;0,0414717359508686;TRUE;100;"6";"Childhood"
"hs_pcb180_cadj_Log2";"hs_asthma";0;-0,136804198321798;-0,12795117233578;0,0862849229168408;-0,305919539647621;0,032311143004025;-0,272484437689733;0,054888003480879;-1,5854936609684;0,112854216044135;FALSE;100;"6";"Childhood"
"hs_sumPCBs5_cadj_Log2";"hs_asthma";0;0,00344312156872073;0,00432995464675366;0,0577176715361814;-0,109681435913707;0,116567679051149;-0,118181730962939;0,128663821793732;0,0596545473349933;0,95243077319545;FALSE;100;"6";"Childhood"
"hs_pfhxs_c_Log2";"hs_asthma";0;-0,0272542640864224;-0,0226625070646465;0,0705541267860948;-0,165537811547841;0,111029283374996;-0,148009191672288;0,107538517852751;-0,386288730764843;0,699282845594841;FALSE;100;"6";"Childhood"
"hs_pfna_c_Log2";"hs_asthma";0;0,0738339367530026;0,0740055289207314;0,071128073366719;-0,0655745253354893;0,213242398841494;-0,0534050925550546;0,210415910341151;1,03804212961502;0,299250441633178;FALSE;100;"6";"Childhood"
"hs_pfoa_c_Log2";"hs_asthma";0;-0,0939401714226597;-0,0968078638910859;0,0825013408077609;-0,255639828082136;0,0677594852368163;-0,246342485023874;0,047520073941919;-1,13865023892827;0,254849065306027;FALSE;100;"6";"Childhood"
"hs_pfos_c_Log2";"hs_asthma";0;-0,0385642391256031;-0,0414268187281909;0,0707153502742633;-0,177163778817294;0,100035300566088;-0,176529206515163;0,118090505362984;-0,545344666695916;0,585516489189463;FALSE;100;"6";"Childhood"
"hs_pfunda_c_Log2";"hs_asthma";0;0,04898751787276;0,0503323190911144;0,0569041891805896;-0,0625426434906494;0,160517679236169;-0,0712955712009856;0,140313074146372;0,860877179310903;0,389305691654022;FALSE;100;"6";"Childhood"
"hs_hm_pers_None";"hs_asthma";0;-0,0684988757371171;-0,0675467666083233;0,0719406564040924;-0,209499971313309;0,0725022198390747;-0,189804291178614;0,0485888870237146;-0,952158058613717;0,341016828076367;FALSE;100;"6";"Childhood"
"hs_trafload_h_pow1over3";"hs_asthma";0;0,00128364573640072;0,00177472996437938;0,0775507415722168;-0,150713014719517;0,153280306192319;-0,138177801275974;0,148200159111761;0,0165523334835601;0,986793751711714;FALSE;100;"6";"Childhood"
"hs_trafnear_h_pow1over3";"hs_asthma";0;0,00759716266988511;0,00960664935806556;0,0691533277347552;-0,12794086910133;0,1431351944411;-0,126401741377651;0,134557539823388;0,109859683094714;0,912520657172992;FALSE;100;"6";"Childhood"
"FAS_cat_None_Low";"hs_asthma";0;-0,112824609310822;-0,120231767646475;0,216252927945755;-0,536672559635838;0,311023341014194;-0,511976921182657;0,312253168912103;-0,521725233422611;0,601861653044818;FALSE;100;"6";"Childhood"
"FAS_cat_None_Middle";"hs_asthma";0;-0,196984563414193;-0,198506723860552;0,131088148564666;-0,453912613400974;0,0599434865725879;-0,451027688593255;0,0501133671024358;-1,50268781404766;0,132919566582661;FALSE;100;"6";"Childhood"
"hs_globalexp2_None_no exposure";"hs_asthma";0;-0,0997212854314821;-0,105326410876721;0,160757913089996;-0,414801005317695;0,215358434454731;-0,353072241488883;0,239592354976613;-0,62031960675961;0,535047388950034;FALSE;100;"6";"Childhood"
"hs_no2_dy_hs_h_Log";"hs_zbmi_who";0;0,000765433035568501;0,00203911426804808;0,00661925293506376;-0,0122080643217175;0,0137389303928545;-0,0120364730891429;0,0150952763367393;0,115637375256325;0,907939940422286;FALSE;100;"6";"Childhood"
"hs_no2_wk_hs_h_Log";"hs_zbmi_who";0;0,0136244917108775;0,0137510100769976;0,00676673645766428;0,000361931960981408;0,0268870514607737;-2,6131785354555e-05;0,0240651082217163;2,01345091479747;0,044067213876724;TRUE;100;"6";"Childhood"
"hs_no2_yr_hs_h_Log";"hs_zbmi_who";0;0,0387926762232258;0,0368383581605622;0,00721055724436221;0,0246602437158115;0,0529251087306401;0,0227939851791632;0,04943939864572;5,37998311483582;7,44928253594877e-08;TRUE;100;"6";"Childhood"
"hs_pm10_dy_hs_h_None";"hs_zbmi_who";0;0,00599195429123418;0,00600088161031166;0,0051879548699838;-0,00417625040735325;0,0161601589898216;-0,00370110957806912;0,014780870652986;1,15497425120294;0,248100970909224;FALSE;100;"6";"Childhood"
"hs_pm10_wk_hs_h_None";"hs_zbmi_who";0;-0,0136055590227321;-0,0123308652000929;0,00579681049207483;-0,0249670988124026;-0,00224401923306149;-0,0220148149137656;-0,00147325718753899;-2,34707673147726;0,0189213577075567;TRUE;100;"6";"Childhood"
"hs_pm10_yr_hs_h_None";"hs_zbmi_who";0;0,0146511693227134;0,0137841436104027;0,00612326255529612;0,00264979524645032;0,0266525433989765;0,00327647867587948;0,026687353307743;2,39270637024071;0,0167246196703187;TRUE;100;"6";"Childhood"
"hs_pm25_dy_hs_h_None";"hs_zbmi_who";0;0,00419706324912659;0,00312340316640078;0,00654456738158795;-0,0086300531131814;0,0170241796114346;-0,00866048239887265;0,0135740563942672;0,641304918172946;0,521324594468891;FALSE;100;"6";"Childhood"
"hs_pm25_wk_hs_h_None";"hs_zbmi_who";0;-0,0096167305278665;-0,0102187856048941;0,00704029755173935;-0,0234154601697211;0,00418199911398814;-0,0237431050563201;0,00181816492167097;-1,36595512578735;0,171953048589977;FALSE;100;"6";"Childhood"
"hs_pm25_yr_hs_h_None";"hs_zbmi_who";0;0,0399177455007862;0,0390019391511658;0,00843023946289216;0,0233947797724693;0,0564407112291031;0,0232401110673546;0,0545863848378393;4,73506662254309;2,1898315368342e-06;TRUE;100;"6";"Childhood"
"hs_pm25abs_dy_hs_h_Log";"hs_zbmi_who";0;-0,00356595348086171;-0,00353570991616311;0,00513654107131709;-0,013633388985754;0,00650148202403057;-0,0126301236720261;0,00697244486796755;-0,694232447740819;0,487536446883359;FALSE;100;"6";"Childhood"
"hs_pm25abs_wk_hs_h_Log";"hs_zbmi_who";0;-0,00802266343719599;-0,00788043220196757;0,0057895096831192;-0,0193698939042555;0,00332456702986355;-0,0188889308403119;0,00253625196879175;-1,38572415909211;0,165831148225324;FALSE;100;"6";"Childhood"
"hs_pm25abs_yr_hs_h_Log";"hs_zbmi_who";0;-0,00902935808365603;-0,00908732185622554;0,00634966790801762;-0,0214744784971604;0,00341576232984828;-0,0203551093813202;0,00269599784816604;-1,42202052366468;0,155020292967443;FALSE;100;"6";"Childhood"
"hs_accesslines300_h_dic0";"hs_zbmi_who";0;-0,0307862218150876;-0,0280251962882797;0,0195134307677026;-0,0690318433346004;0,0074593997044252;-0,0595152313946207;0,00866573811521815;-1,57769395764291;0,114635935103881;FALSE;100;"6";"Childhood"
"hs_accesspoints300_h_Log";"hs_zbmi_who";0;-0,00404954899548173;-0,00420367823321031;0,00574958360713345;-0,0153185257915652;0,00721942780060173;-0,0131716855997188;0,00678048856633535;-0,704320394690407;0,481233268170359;FALSE;100;"6";"Childhood"
"hs_builtdens300_h_Sqrt";"hs_zbmi_who";0;-0,00226783671580671;-0,00287950521254598;0,005029090670577;-0,012124673305124;0,0075889998735106;-0,013468828021052;0,00692242429788667;-0,450943692281156;0,652030132114217;FALSE;100;"6";"Childhood"
"hs_connind300_h_Log";"hs_zbmi_who";0;0,00645140049673925;0,00614795352121533;0,00493833537076848;-0,00322755897354722;0,0161303599670257;-0,00379874997398313;0,0153252221584549;1,30639173170115;0,19141937618602;FALSE;100;"6";"Childhood"
"hs_fdensity300_h_Log";"hs_zbmi_who";0;0,00340935829168787;0,003622142842692;0,00595208066988984;-0,00825650545437325;0,015075222037749;-0,00651002019548626;0,0158015075508982;0,572801089362751;0,566779381412647;FALSE;100;"6";"Childhood"
"hs_landuseshan300_h_None";"hs_zbmi_who";0;-7,32497775515331e-05;0,000510171583147488;0,00441187367672159;-0,00872036328826615;0,00857386373316309;-0,00802149547287053;0,00808515799782426;-0,0166028728197776;0,986753432696192;FALSE;100;"6";"Childhood"
"hs_popdens_h_Sqrt";"hs_zbmi_who";0;-0,0104869345869549;-0,00936996562731272;0,00598582941408635;-0,0222189446561647;0,00124507548225481;-0,0202082092372919;0,00253672891353069;-1,7519601481252;0,0797806607442665;FALSE;100;"6";"Childhood"
"hs_walkability_mean_h_None";"hs_zbmi_who";0;-0,00560002035928581;-0,00504520820188106;0,00516365899926396;-0,0157206060262893;0,00452056530771769;-0,0144510281196477;0,00545370361885756;-1,08450623096607;0,278140405777145;FALSE;100;"6";"Childhood"
"hs_accesslines300_s_dic0";"hs_zbmi_who";0;0,0329393170465074;0,03022655628624;0,0146169834131205;0,00429055599417192;0,0615880780988428;0,00276291893546223;0,0530513265536043;2,25349623212546;0,0242278780358792;TRUE;100;"6";"Childhood"
"hs_accesspoints300_s_Log";"hs_zbmi_who";0;-0,00842608352209875;-0,00769838084450402;0,00443750522603651;-0,0171234339463386;0,000271266902141071;-0,0162598704211673;0,000557886838903675;-1,89883348703676;0,0575863727647646;FALSE;100;"6";"Childhood"
"hs_builtdens300_s_Sqrt";"hs_zbmi_who";0;-0,00854024257018956;-0,00897203428025521;0,00632906120442533;-0,0209449745868129;0,00386448944643378;-0,0209569178514657;0,00199077438645757;-1,3493695659347;0,177218291166195;FALSE;100;"6";"Childhood"
"hs_connind300_s_Log";"hs_zbmi_who";0;-0,0031432116764315;-0,0028018004770376;0,00563413442353648;-0,0141859122306203;0,00789948887775734;-0,0132043142603847;0,00714454330606878;-0,557887235224776;0,576921388536142;FALSE;100;"6";"Childhood"
"hs_fdensity300_s_Log";"hs_zbmi_who";0;0,00451234378934767;0,00421460324353568;0,00602485622215433;-0,00729615741810687;0,0163208449968022;-0,00727303778027622;0,016243907156409;0,748954601232654;0,453884568929732;FALSE;100;"6";"Childhood"
"hs_landuseshan300_s_None";"hs_zbmi_who";0;0,00367235936316124;0,00356268602676454;0,0051384231472234;-0,00639876494272357;0,013743483669046;-0,00564282078043419;0,0125672622412566;0,714686054056416;0,474803057059332;FALSE;100;"6";"Childhood"
"hs_popdens_s_Sqrt";"hs_zbmi_who";0;-0,00665832738991268;-0,00652395551826074;0,00547965634682446;-0,017398256477345;0,00408160169751959;-0,0169428492567823;0,0051328143800376;-1,21509944574741;0,224328164961509;FALSE;100;"6";"Childhood"
"h_Absorbance_Log";"hs_zbmi_who";0;-0,00241418516964961;-0,00225384977934031;0,00508045976544472;-0,0123717033348261;0,00754333299552685;-0,0131898776249495;0,00626151322533149;-0,475190294010386;0,634651344549829;FALSE;100;"6";"Childhood"
"h_Benzene_Log";"hs_zbmi_who";0;0,0014552098543628;0,00122032919353816;0,00511333752606868;-0,00856674753752895;0,0114771672462546;-0,00830928130193623;0,0094591296740097;0,284591002832082;0,775957505041193;FALSE;100;"6";"Childhood"
"h_NO2_Log";"hs_zbmi_who";0;0,00991667236218128;0,00935111988963479;0,00552911299386189;-0,000920189972240467;0,020753534696603;-0,000688934587697103;0,0199188945823288;1,79353765661693;0,0728869949991031;FALSE;100;"6";"Childhood"
"h_PM_Log";"hs_zbmi_who";0;0,0145927106095057;0,0145187311336047;0,00463781240456905;0,00550276532949731;0,0236826558895142;0,00670626053728475;0,0241998509756053;3,14646418107153;0,00165257501907435;TRUE;100;"6";"Childhood"
"h_TEX_Log";"hs_zbmi_who";0;-0,00204657894889694;-0,00238093288088977;0,00498289379084155;-0,0118128713177346;0,00771971341994077;-0,0138732685786166;0,00545182349420278;-0,410720965527803;0,681277151879521;FALSE;100;"6";"Childhood"
"hs_KIDMED_None";"hs_zbmi_who";0;0,0108193510992896;0,00997270460390134;0,0045248621802381;0,00195078419101557;0,0196879180075637;0,00256499929758152;0,020079415993348;2,3910896439105;0,0167984507460442;TRUE;100;"6";"Childhood"
"hs_mvpa_prd_alt_None";"hs_zbmi_who";0;-0,0078817347911257;-0,00628764168833312;0,0049606747523431;-0,0176044786447353;0,00184100906248393;-0,0145856474472651;0,00420211637827147;-1,58884328939382;0,112095777195484;FALSE;100;"6";"Childhood"
"hs_sd_wk_None";"hs_zbmi_who";0;3,86044311965194e-05;-0,000222770823935877;0,00506378864795009;-0,00988623894410843;0,00996344780650146;-0,00956227639527145;0,00986028340324992;0,0076236260792889;0,993917285374957;FALSE;100;"6";"Childhood"
"hs_dif_hours_total_None";"hs_zbmi_who";0;-0,00574149770205071;-0,00485707821483511;0,00596125882720304;-0,0174253503058902;0,00594235490178873;-0,0159130805607071;0,00574695944628759;-0,963135114323589;0,335479722037514;FALSE;100;"6";"Childhood"
"hs_as_c_Log2";"hs_zbmi_who";0;-0,000299796059125561;-0,00109099867367309;0,0048520631212422;-0,00980966502747528;0,00921007290922416;-0,0104526903749991;0,00820908700816346;-0,0617873369810589;0,950732187844862;FALSE;100;"6";"Childhood"
"hs_cd_c_Log2";"hs_zbmi_who";0;-4,83894364482447e-05;-0,000189289234722961;0,00462883800528088;-0,00912074521706898;0,00902396634417249;-0,00967317798952732;0,00816570616201351;-0,0104539057951561;0,991659141886827;FALSE;100;"6";"Childhood"
"hs_co_c_Log2";"hs_zbmi_who";0;-0,000501961977941815;-0,000776126602092687;0,00355360073565725;-0,00746689143526507;0,00646296747938144;-0,00857474899434417;0,00591705277122047;-0,141254467026942;0,887668918913713;FALSE;100;"6";"Childhood"
"hs_cs_c_Log2";"hs_zbmi_who";0;0,0112430943814584;0,00967655955847864;0,005537124309807;0,000390530156315495;0,0220956586066013;-0,000160742725368736;0,0192477607009527;2,03049340278407;0,0423064110869746;TRUE;100;"6";"Childhood"
"hs_cu_c_Log2";"hs_zbmi_who";0;0,0108099286899334;0,0101027445531391;0,00509860284079691;0,00081685075049789;0,020803006629369;0,00217068941668663;0,0195460128189246;2,1201746885317;0,0339913161522765;TRUE;100;"6";"Childhood"
"hs_hg_c_Log2";"hs_zbmi_who";0;-0,00675775715970916;-0,005812111125588;0,00437090466592267;-0,0153245728847757;0,00180905856535735;-0,0144326452726107;0,00230845003679959;-1,54607745449022;0,122085862999872;FALSE;100;"6";"Childhood"
"hs_mn_c_Log2";"hs_zbmi_who";0;-0,00548337813391933;-0,0051069696592692;0,0040877744306246;-0,0134952687948673;0,00252851252702861;-0,0144211187592167;0,00162582392741713;-1,34140917679782;0,17978763973373;FALSE;100;"6";"Childhood"
"hs_mo_c_Log2";"hs_zbmi_who";0;-0,0121936974435266;-0,01147842366787;0,00415250101256049;-0,0203324498739112;-0,00405494501314189;-0,0179020760631173;-0,00316796581356288;-2,93647067313001;0,00331970207793091;TRUE;100;"6";"Childhood"
"hs_pb_c_Log2";"hs_zbmi_who";0;-0,00267771278241168;-0,0026436305229019;0,00457604049631836;-0,0116465873469925;0,00629116178216911;-0,0116138010975693;0,00640702184694983;-0,585159328149744;0,55844058972071;FALSE;100;"6";"Childhood"
"hs_hum_mt_hs_h_None";"hs_zbmi_who";0;-0,0100948267974045;-0,0114176802943326;0,00580517071578444;-0,0214727523244486;0,00128309872963961;-0,0227404408475818;0,00102122265654264;-1,73893711169533;0,0820458254457882;FALSE;100;"6";"Childhood"
"hs_tm_mt_hs_h_None";"hs_zbmi_who";0;0,00889042118190083;0,00846283646592554;0,00665570469256312;-0,00415452030725711;0,0219353626710588;-0,00423137381994043;0,0209575203652363;1,33575956154346;0,181627874382452;FALSE;100;"6";"Childhood"
"hs_uvdvf_mt_hs_h_None";"hs_zbmi_who";0;-0,0114094274303695;-0,0110781662583153;0,00730555058658952;-0,0257280434673205;0,0029091886065814;-0,0249224337376809;0,00306436421440137;-1,56174778274937;0,11834741739096;FALSE;100;"6";"Childhood"
"hs_hum_dy_hs_h_None";"hs_zbmi_who";0;-0,0115603298207942;-0,0108945432757157;0,00559249966531672;-0,0225214277483673;-0,000599231893221109;-0,0230716196825176;-0,00133418703856345;-2,06711318956145;0,0387234895572625;TRUE;100;"6";"Childhood"
"hs_hum_wk_hs_h_None";"hs_zbmi_who";0;-0,0224266987624055;-0,0217323408878326;0,0055971552431764;-0,0333969214549108;-0,0114564760699002;-0,0325308548814747;-0,0110647936024293;-4,00680306120619;6,15461393123906e-05;TRUE;100;"6";"Childhood"
"hs_tm_dy_hs_h_None";"hs_zbmi_who";0;-0,00956631560667313;-0,00792235706001861;0,00616238636649332;-0,0216443709438207;0,00251173973047443;-0,019654925560719;0,00392018711818322;-1,55237192829842;0,120573256288149;FALSE;100;"6";"Childhood"
"hs_tm_wk_hs_h_None";"hs_zbmi_who";0;0,00733842836713211;0,00730002024159996;0,00589312211866208;-0,00421187874194193;0,0188887354762062;-0,00219931229226535;0,0174070663037747;1,24525306270052;0,213038743129542;FALSE;100;"6";"Childhood"
"hs_uvdvf_dy_hs_h_None";"hs_zbmi_who";0;-0,00188419093403805;-0,00251818765270555;0,00518747180439228;-0,0120514488414639;0,00828306697338782;-0,0109772728263929;0,00765509161400048;-0,363219503659315;0,716440919293707;FALSE;100;"6";"Childhood"
"hs_uvdvf_wk_hs_h_None";"hs_zbmi_who";0;-0,0225843935466482;-0,0220388051089946;0,00515232797920085;-0,0326827708224199;-0,0124860162708766;-0,0314056855704834;-0,0115718293602041;-4,38333771410088;1,16874720296433e-05;TRUE;100;"6";"Childhood"
"hs_ndvi100_h_None";"hs_zbmi_who";0;0,00782486705519342;0,00698975474290294;0,00617749057011391;-0,00428279197706564;0,0199325260874525;-0,00379241162988558;0,0187930324179206;1,26667405905067;0,205271859296458;FALSE;100;"6";"Childhood"
"hs_ndvi100_s_None";"hs_zbmi_who";0;-0,00209228564548043;-0,00157652231268629;0,00543411046964035;-0,0127429464539876;0,0085583751630267;-0,0123041311213455;0,00830230147915997;-0,385028176583776;0,700216539910076;FALSE;100;"6";"Childhood"
"hs_dde_cadj_Log2";"hs_zbmi_who";0;-0,0158127287772878;-0,014104486024869;0,00584923307551307;-0,0272770149424739;-0,00434844261210175;-0,0253656143186281;-0,00408420681232774;-2,70338496913132;0,00686372006338805;TRUE;100;"6";"Childhood"
"hs_ddt_cadj_Log2";"hs_zbmi_who";0;-0,00378310256396793;-0,00368607101354455;0,00499961302587592;-0,0135821640313221;0,0060159589033862;-0,012562671603891;0,00620970308210164;-0,756679075838102;0,44924215357109;FALSE;100;"6";"Childhood"
"hs_hcb_cadj_Log2";"hs_zbmi_who";0;-0,0127321189936832;-0,017080015345165;0,0110624282446316;-0,0344140799347199;0,00894984194735345;-0,0396465271985978;-0,00366147702013125;-1,15093347609842;0,249759604452469;FALSE;100;"6";"Childhood"
"hs_pcb118_cadj_Log2";"hs_zbmi_who";0;0,00516345750866326;0,0048104630548383;0,00595605201573024;-0,0065101899322152;0,0168371049495417;-0,00689134241889191;0,0141088800324622;0,866926194570884;0,385982450060719;FALSE;100;"6";"Childhood"
"hs_pcb138_cadj_Log2";"hs_zbmi_who";0;-0,0153191750538024;-0,0147164276365908;0,00493031768301233;-0,0249824201448476;-0,00565592996275732;-0,0236548169420727;-0,00619990545884591;-3,10713751906606;0,00188908498388692;TRUE;100;"6";"Childhood"
"hs_pcb153_cadj_Log2";"hs_zbmi_who";0;-0,00267609902042658;-0,00274743242892551;0,00614826654698863;-0,0147264800198767;0,00937428197902356;-0,0157802263968943;0,00803982573424971;-0,435260735684486;0,663373181653477;FALSE;100;"6";"Childhood"
"hs_pcb170_cadj_Log2";"hs_zbmi_who";0;-0,0182136739404351;-0,0180074881668118;0,00565355275385701;-0,0292944337226921;-0,00713291415817816;-0,0280984781611234;-0,00681273483840344;-3,22163332216353;0,00127462145085143;TRUE;100;"6";"Childhood"
"hs_pcb180_cadj_Log2";"hs_zbmi_who";0;-0,00538598021875708;-0,00513707382830293;0,00529488318321488;-0,015763760560205;0,00499180012269087;-0,0135163973104063;0,00442520555634462;-1,01720472999876;0,309056046371865;FALSE;100;"6";"Childhood"
"hs_sumPCBs5_cadj_Log2";"hs_zbmi_who";0;-0,020362536753938;-0,0186054682089086;0,00617159067489703;-0,0324586322040595;-0,00826644130381662;-0,0302901623219392;-0,00656301319910815;-3,29939845763957;0,000968922739321764;TRUE;100;"6";"Childhood"
"hs_pfhxs_c_Log2";"hs_zbmi_who";0;0,0105460861174695;0,00965814778190463;0,00475459448724409;0,00122725216137836;0,0198649200735606;0,00150401212093116;0,0185382317599939;2,21808319211305;0,0265491606146529;TRUE;100;"6";"Childhood"
"hs_pfna_c_Log2";"hs_zbmi_who";0;-0,00910939799941338;-0,00957734369207757;0,00661105884502462;-0,0220668352353366;0,00384803923650984;-0,0218800393096292;0,00403121634040204;-1,37790302778336;0,168233230016671;FALSE;100;"6";"Childhood"
"hs_pfoa_c_Log2";"hs_zbmi_who";0;0,00655220702050651;0,0066918810351705;0,00456718984132544;-0,00239932057904856;0,0155037346200616;-0,0027604632712975;0,0152661450194414;1,43462550236471;0,151393843399854;FALSE;100;"6";"Childhood"
"hs_pfos_c_Log2";"hs_zbmi_who";0;0,000286685528292759;0,000893305643660556;0,00568883502203991;-0,0108632262288956;0,0114365972854811;-0,0109938528146893;0,0118863372996095;0,050394417693969;0,95980808477104;FALSE;100;"6";"Childhood"
"hs_pfunda_c_Log2";"hs_zbmi_who";0;0,00226656408566015;0,00152538712736157;0,00451015134646996;-0,0065731701182458;0,0111062982895661;-0,00740616004990779;0,0100601663140206;0,502547234348169;0,615282635289526;FALSE;100;"6";"Childhood"
"hs_hm_pers_None";"hs_zbmi_who";0;0,00189123205190955;0,00223051690883421;0,00418100996658731;-0,00630339690160459;0,0100858610054237;-0,0050417700883449;0,0111298949734618;0,452338565806682;0,651025097003882;FALSE;100;"6";"Childhood"
"hs_trafload_h_pow1over3";"hs_zbmi_who";0;-0,00485055376881986;-0,004555006480244;0,00408814572150466;-0,0128631721465205;0,00316206460888077;-0,0132723497535182;0,002859639740669;-1,18649238536306;0,23542790683079;FALSE;100;"6";"Childhood"
"hs_trafnear_h_pow1over3";"hs_zbmi_who";0;-0,010524175174077;-0,00999264618083252;0,00526301828218868;-0,0208395014571427;-0,000208848891011309;-0,020475842767213;-0,000682636823128032;-1,99964632646125;0,0455384677580388;TRUE;100;"6";"Childhood"
"FAS_cat_None_Low";"hs_zbmi_who";0;0,0342120574542829;0,0343333343213392;0,0148254244369777;0,00515475950228659;0,0632693554062792;0,00290426341089869;0,0629034544832437;2,30766124772461;0,0210179850531809;TRUE;100;"6";"Childhood"
"FAS_cat_None_Middle";"hs_zbmi_who";0;0,019608889462942;0,0184692173321367;0,00794509080303984;0,00403679763508347;0,0351809812908005;0,00300494145598601;0,0339829398821547;2,46805102031552;0,0135850955112008;TRUE;100;"6";"Childhood"
"hs_globalexp2_None_no exposure";"hs_zbmi_who";0;0,037284989688142;0,0367389304750621;0,00781279497113588;0,02197219292612;0,052597786450164;0,0222334173553478;0,0517516124276604;4,77229849572275;1,82135298118806e-06;TRUE;100;"6";"Childhood"
"hs_no2_dy_hs_h_Log";"hs_correct_raven";0;-0,00846405834104277;-0,0081057100391807;0,00824633486939437;-0,0246265776895125;0,00769846100742699;-0,0251846169555782;0,00338194855183205;-1,02640245334403;0,304701922102988;FALSE;100;"6";"Childhood"
"hs_no2_wk_hs_h_Log";"hs_correct_raven";0;0,00867913440162156;0,0101568370661211;0,00834055543721499;-0,00766805386637954;0,0250263226696227;-0,00577458677826374;0,0248731676615944;1,04059429458329;0,298063880283189;FALSE;100;"6";"Childhood"
"hs_no2_yr_hs_h_Log";"hs_correct_raven";0;0,0376197128360952;0,0358452016944201;0,00952091390531209;0,018959064481777;0,0562803611904135;0,0162627724301024;0,0510397198173191;3,95127119205497;7,77371731181901e-05;TRUE;100;"6";"Childhood"
"hs_pm10_dy_hs_h_None";"hs_correct_raven";0;-0,00874021583178617;-0,010516282512309;0,00662677022768604;-0,0217284468118731;0,00424801514830076;-0,0241649086559452;0,00097401102068355;-1,31892543901256;0,18719404054499;FALSE;100;"6";"Childhood"
"hs_pm10_wk_hs_h_None";"hs_correct_raven";0;-0,00270467406483594;-0,00396323150368995;0,00833260076324798;-0,0190362714583529;0,0136269233286811;-0,0211256877177519;0,0109033198541212;-0,324589421920375;0,745491834193759;FALSE;100;"6";"Childhood"
"hs_pm10_yr_hs_h_None";"hs_correct_raven";0;0,027578776695818;0,026512479474396;0,0105330434344355;0,0069343909167283;0,0482231624749077;0,00806795747910554;0,0440548475841233;2,61831035516811;0,00883663947740134;TRUE;100;"6";"Childhood"
"hs_pm25_dy_hs_h_None";"hs_correct_raven";0;0,00512945370431666;0,0069804821732061;0,00672554734124741;-0,00805237686084738;0,0183112842694807;-0,00414967183548422;0,0210758528178158;0,762681971303362;0,44565308508632;FALSE;100;"6";"Childhood"
"hs_pm25_wk_hs_h_None";"hs_correct_raven";0;-0,0102881420468689;-0,0109130082581748;0,00735363985780419;-0,0247010113234434;0,00412472722970553;-0,0252061569517907;0,000989804979677538;-1,39905437930176;0,161796676729748;FALSE;100;"6";"Childhood"
"hs_pm25_yr_hs_h_None";"hs_correct_raven";0;0,0351637015680222;0,0322296463243245;0,0126047230053053;0,0104588984425204;0,059868504693524;0,00920547208646893;0,0556323005682128;2,78972426075702;0,0052752948125706;TRUE;100;"6";"Childhood"
"hs_pm25abs_dy_hs_h_Log";"hs_correct_raven";0;0,0155050498863569;0,0149360580159591;0,00684459299367363;0,00208989412992143;0,0289202056427924;0,00113468093710861;0,0261968552509773;2,26529903249003;0,0234943353839616;TRUE;100;"6";"Childhood"
"hs_pm25abs_wk_hs_h_Log";"hs_correct_raven";0;-0,0133463804073115;-0,0128100900616024;0,00616655831225473;-0,0254326126078969;-0,00126014820672611;-0,0243189722115156;0,000711527878327543;-2,1643159330527;0,030440110737336;TRUE;100;"6";"Childhood"
"hs_pm25abs_yr_hs_h_Log";"hs_correct_raven";0;-0,00976272157333799;-0,00931398290483294;0,00779319264248911;-0,0250370984771992;0,00551165533052319;-0,022465471613346;0,00586393750566984;-1,25272427119418;0,210306069803638;FALSE;100;"6";"Childhood"
"hs_accesslines300_h_dic0";"hs_correct_raven";0;-0,0333540972310989;-0,0300222729434516;0,0207851821673348;-0,0740923056911793;0,00738411122898143;-0,0646409053891262;0,0150064308090827;-1,60470555237745;0,108558619445845;FALSE;100;"6";"Childhood"
"hs_accesspoints300_h_Log";"hs_correct_raven";0;-0,0112029254986385;-0,00932613732930555;0,00559841894043896;-0,0221756249922657;-0,000230226005011203;-0,0212301349757519;0,00156905065251958;-2,00108738160279;0,0453829739372501;TRUE;100;"6";"Childhood"
"hs_builtdens300_h_Sqrt";"hs_correct_raven";0;-0,00398068456020977;-0,00397969797635954;0,00708535820496346;-0,0178677314595035;0,00990636233908398;-0,0177762745908733;0,0142886035553253;-0,561818392953119;0,574239759153419;FALSE;100;"6";"Childhood"
"hs_connind300_h_Log";"hs_correct_raven";0;0,00261034262996804;0,00290376188476308;0,00637322528892683;-0,00988094940168842;0,0151016346616245;-0,00947563314725734;0,0147747218712527;0,409579531811528;0,682114414165714;FALSE;100;"6";"Childhood"
"hs_fdensity300_h_Log";"hs_correct_raven";0;0,0274476094531767;0,0281078865264313;0,00812131190780927;0,0115301306066543;0,0433650882996992;0,0106646537095268;0,043715275279365;3,37970142813795;0,000725646125590386;TRUE;100;"6";"Childhood"
"hs_landuseshan300_h_None";"hs_correct_raven";0;0,0113750187815387;0,01094117911556;0,00550839101714355;0,000578770775173383;0,022171266787904;0,000382508862764996;0,0217583023208751;2,0650347344872;0,0389197138923308;TRUE;100;"6";"Childhood"
"hs_popdens_h_Sqrt";"hs_correct_raven";0;-0,0129754076416902;-0,0134454911389539;0,00681894511007084;-0,0263402944699846;0,000389479186604143;-0,023419654495094;0,000602149502390265;-1,90284676474767;0,0570605430733887;FALSE;100;"6";"Childhood"
"hs_walkability_mean_h_None";"hs_correct_raven";0;-0,00872163690884491;-0,0091441828077372;0,00502906312497223;-0,0185784195097689;0,00113514569207912;-0,0188387584469572;-0,000844400405615132;-1,73424685515218;0,0828742926044189;FALSE;100;"6";"Childhood"
"hs_accesslines300_s_dic0";"hs_correct_raven";0;0,00551929530734812;0,00921668957185679;0,0216768899763359;-0,0369666283431076;0,0480052189578038;-0,0328736033340825;0,0512058573865628;0,254616566923271;0,799019262270192;FALSE;100;"6";"Childhood"
"hs_accesspoints300_s_Log";"hs_correct_raven";0;-0,00389687582302572;-0,00355356651162676;0,00638309377723838;-0,0164075097363547;0,00861375809030324;-0,0151362787625321;0,00812509492604077;-0,610499541291666;0,541530947173931;FALSE;100;"6";"Childhood"
"hs_builtdens300_s_Sqrt";"hs_correct_raven";0;-0,0134492367341585;-0,0122792030379448;0,00711612361012019;-0,0273965827195293;0,000498109251212174;-0,0243299893455437;0,00296332873164303;-1,88996671095366;0,0587624123705475;FALSE;100;"6";"Childhood"
"hs_connind300_s_Log";"hs_correct_raven";0;0,00439345249892457;0,00606541081018924;0,00716072599753822;-0,00964131255940999;0,0184282175572591;-0,00566446422489595;0,0192260054408041;0,613548472659754;0,539513742212751;FALSE;100;"6";"Childhood"
"hs_fdensity300_s_Log";"hs_correct_raven";0;0,00526318469129809;0,00596651915799532;0,00706265789473833;-0,00857937041751652;0,0191057398001127;-0,0074840954108093;0,0207113049654454;0,745213030241654;0,45614294691515;FALSE;100;"6";"Childhood"
"hs_landuseshan300_s_None";"hs_correct_raven";0;-0,000723521031587688;-0,00025151084774016;0,00632317276528962;-0,0131167119195799;0,0116696698564045;-0,0103792838567926;0,0124131550767841;-0,11442373290184;0,908901901413247;FALSE;100;"6";"Childhood"
"hs_popdens_s_Sqrt";"hs_correct_raven";0;-0,00219427483527956;-0,00246242535070216;0,00584078707467967;-0,0136420071430188;0,00925345747245965;-0,0127469423125927;0,00673217306976577;-0,375681360615239;0,707153796595129;FALSE;100;"6";"Childhood"
"h_Absorbance_Log";"hs_correct_raven";0;0,0101628773854208;0,0100842020117253;0,00598736513425354;-0,00157214264000693;0,0218978974108486;-0,00109313246759756;0,0220101787427663;1,69738727429188;0,0896234668763177;FALSE;100;"6";"Childhood"
"h_Benzene_Log";"hs_correct_raven";0;-0,0171965339181347;-0,0162939608564873;0,00590294110243149;-0,0287660858817616;-0,00562698195450778;-0,0275581951406901;-0,00369180958300624;-2,91321455181913;0,00357728723921235;TRUE;100;"6";"Childhood"
"h_NO2_Log";"hs_correct_raven";0;0,00928119532874329;0,00958134083132287;0,00709792504656432;-0,00463048212748756;0,0231928727849741;-0,00170909766479253;0,0236800262953375;1,30759274969179;0,191011477374366;FALSE;100;"6";"Childhood"
"h_PM_Log";"hs_correct_raven";0;-0,0067341162049199;-0,00618086441081875;0,00642647843785356;-0,0193297824905361;0,0058615500806963;-0,0175791746347373;0,00465990691165822;-1,04787034921868;0,29469834492875;FALSE;100;"6";"Childhood"
"h_TEX_Log";"hs_correct_raven";0;-0,00605736386519112;-0,00692666726376495;0,00471314081253205;-0,0152949501118198;0,00318022238143755;-0,0170743592280034;0,000836803981118424;-1,28520748819658;0,198719787602617;FALSE;100;"6";"Childhood"
"hs_KIDMED_None";"hs_correct_raven";0;0,00891818659288349;0,00906628146246149;0,00524852784195757;-0,00136873894920908;0,0192051121349761;-0,000952266978653859;0,0195145145735407;1,69917867665483;0,0892855228084881;FALSE;100;"6";"Childhood"
"hs_mvpa_prd_alt_None";"hs_correct_raven";0;-0,00888500344280311;-0,0108454939804137;0,00634337421037761;-0,0213177884356034;0,00354778154999721;-0,0224900581188682;0,000421954687105452;-1,40067464855967;0,161311387022739;FALSE;100;"6";"Childhood"
"hs_sd_wk_None";"hs_correct_raven";0;-0,0102299794174272;-0,00986592410573678;0,00586543499490553;-0,0217260207611029;0,00126606192624853;-0,0210946207661843;0,00159361116418841;-1,74411265768225;0,0811394473243445;FALSE;100;"6";"Childhood"
"hs_dif_hours_total_None";"hs_correct_raven";0;0,00223838184529542;0,00113783137114985;0,00570821807817393;-0,00894952000382594;0,0134262836944168;-0,0109833746246017;0,0136136799709543;0,392133204205029;0,694959794803337;FALSE;100;"6";"Childhood"
"hs_as_c_Log2";"hs_correct_raven";0;0,0130456513868182;0,014323794011708;0,00532935903243004;0,00260029962257209;0,0234910031510643;0,00476231814711865;0,0242945855062471;2,44788375251756;0,01436980094894;TRUE;100;"6";"Childhood"
"hs_cd_c_Log2";"hs_correct_raven";0;-0,00803919797104443;-0,00774813739128408;0,00508952419963475;-0,0180144821007736;0,00193608615868473;-0,0165742969683606;0,00265719735329127;-1,57955786350743;0,114208155348599;FALSE;100;"6";"Childhood"
"hs_co_c_Log2";"hs_correct_raven";0;0,0108125016099848;0,0106261015084068;0,00471703354819191;0,00156728574166148;0,0200577174783081;0,00118310536680241;0,0188049900856791;2,29222486961734;0,0218926705745822;TRUE;100;"6";"Childhood"
"hs_cs_c_Log2";"hs_correct_raven";0;-0,00471462439686551;-0,00411189496451409;0,00783650780162011;-0,0200738974526081;0,010644648658877;-0,0179805141511103;0,0113126451124717;-0,601623135740491;0,547425025020755;FALSE;100;"6";"Childhood"
"hs_cu_c_Log2";"hs_correct_raven";0;-0,00525241789317496;-0,00424478307148534;0,00516919717857032;-0,0153838581921588;0,00487902240580892;-0,0133710634971484;0,00403108935198218;-1,01609935000151;0,309582078561345;FALSE;100;"6";"Childhood"
"hs_hg_c_Log2";"hs_correct_raven";0;-0,0118382061018839;-0,0124112412574483;0,00594496500404733;-0,0234901233991676;-0,000186288804600084;-0,0242640825803782;-4,57370199803634e-05;-1,99129954403843;0,0464479655686737;TRUE;100;"6";"Childhood"
"hs_mn_c_Log2";"hs_correct_raven";0;-0,00980543315286776;-0,00971802374240424;0,00450294014726392;-0,0186310336660445;-0,000979832639690981;-0,0190315997483969;-0,0010611523916617;-2,17756239971916;0,0294386314328631;TRUE;100;"6";"Childhood"
"hs_mo_c_Log2";"hs_correct_raven";0;-0,00812219584186063;-0,00777438572480692;0,00436767530792425;-0,0166826821415571;0,000438290457835793;-0,0165334033280946;3,29417411278231e-06;-1,85961530316243;0,0629399726484276;FALSE;100;"6";"Childhood"
"hs_pb_c_Log2";"hs_correct_raven";0;-0,00420491721731635;-0,00309134829116795;0,00581009641363521;-0,0155924969347467;0,00718266250011399;-0,0154510228885495;0,00721387689676412;-0,723725893334265;0,469234033235201;FALSE;100;"6";"Childhood"
"hs_hum_mt_hs_h_None";"hs_correct_raven";0;-0,0259254921674802;-0,0253376142127577;0,00836146609469983;-0,0423136645710447;-0,00953731976391578;-0,0392429234330721;-0,0060102388827203;-3,1005916754137;0,001931344176769;TRUE;100;"6";"Childhood"
"hs_tm_mt_hs_h_None";"hs_correct_raven";0;0,0169709249400603;0,0173486942870329;0,00789804842045543;0,00149103448781417;0,0324508153923064;0,00419236911699867;0,0316199533771431;2,14874916392089;0,0316542891547875;TRUE;100;"6";"Childhood"
"hs_uvdvf_mt_hs_h_None";"hs_correct_raven";0;-0,00259629159710026;-0,00297836465443986;0,00931878919482789;-0,0208607827984839;0,0156681996042834;-0,0233148237993323;0,0142706927192167;-0,278608255087608;0,78054547682932;FALSE;100;"6";"Childhood"
"hs_hum_dy_hs_h_None";"hs_correct_raven";0;-0,00209124897518487;-0,00404927093329004;0,00601691214408972;-0,0138841800757424;0,00970168212537265;-0,0145892068230953;0,00793276209282141;-0,347561826582271;0,728169278875613;FALSE;100;"6";"Childhood"
"hs_hum_wk_hs_h_None";"hs_correct_raven";0;-0,0157428249642423;-0,0154126465947417;0,0073391750403921;-0,0301273437196461;-0,00135830620883851;-0,0289994260070928;0,000431541822961938;-2,14504012748022;0,0319496387752315;TRUE;100;"6";"Childhood"
"hs_tm_dy_hs_h_None";"hs_correct_raven";0;-0,00347723465612349;-0,00413538263332471;0,00767198783314761;-0,0185140544989223;0,0115595851866753;-0,0186462009297948;0,00939161194117836;-0,453237769890581;0,650377537893915;FALSE;100;"6";"Childhood"
"hs_tm_wk_hs_h_None";"hs_correct_raven";0;0,0035829899794472;0,00297517945015386;0,00931427976700733;-0,0146726629058173;0,0218386428647117;-0,0157598217982455;0,0205368357533487;0,384677083904944;0,700476675527459;FALSE;100;"6";"Childhood"
"hs_uvdvf_dy_hs_h_None";"hs_correct_raven";0;-0,00950494175415909;-0,00919619280425528;0,00686604308960315;-0,0229621389260814;0,0039522554177632;-0,0228925543343903;0,0027317459060522;-1,38434053356756;0,166254208196673;FALSE;100;"6";"Childhood"
"hs_uvdvf_wk_hs_h_None";"hs_correct_raven";0;-0,0221690231017353;-0,0210925736448702;0,00697452019684721;-0,035838831497003;-0,00849921470646753;-0,0321606500060426;-0,00625582317627976;-3,17857321737439;0,00148001833323757;TRUE;100;"6";"Childhood"
"hs_ndvi100_h_None";"hs_correct_raven";0;0,00741497228312966;0,00684349775392517;0,0087433958812774;-0,00972176874674989;0,0245517133130092;-0,0099258302491997;0,0214030123211237;0,848065486661498;0,396401501266148;FALSE;100;"6";"Childhood"
"hs_ndvi100_s_None";"hs_correct_raven";0;-0,00224301590125492;-0,00258564418672318;0,00720366324966863;-0,0163619364273602;0,0118759046248504;-0,015450296473988;0,0109377891002381;-0,311371565204425;0,755518167911802;FALSE;100;"6";"Childhood"
"hs_dde_cadj_Log2";"hs_correct_raven";0;-0,000300088387431856;-0,00113693465475942;0,00663874763371984;-0,0133117946519732;0,0127116178771095;-0,0127672631044128;0,0102546698825669;-0,045202559878558;0,963945853849763;FALSE;100;"6";"Childhood"
"hs_ddt_cadj_Log2";"hs_correct_raven";0;-0,00718506163467434;-0,00814666031876258;0,00517962237993687;-0,0173369349528682;0,00296681168351958;-0,0189221629721215;0,0014483920439008;-1,38717866045708;0,165387290803343;FALSE;100;"6";"Childhood"
"hs_hcb_cadj_Log2";"hs_correct_raven";0;0,00213140171748839;0,00198257234571224;0,00707870811205821;-0,0117426112392172;0,016005414674194;-0,013923466725178;0,0166234175742115;0,301100382124481;0,76333794964692;FALSE;100;"6";"Childhood"
"hs_pcb118_cadj_Log2";"hs_correct_raven";0;-0,0132245336205043;-0,0145386945543711;0,00741145929134631;-0,0277507269044278;0,00130165966341921;-0,031728739396932;-0,00100708313028601;-1,78433599924719;0,0743690839402684;FALSE;100;"6";"Childhood"
"hs_pcb138_cadj_Log2";"hs_correct_raven";0;-0,0098673156217351;-0,0141988226881144;0,0120349924465613;-0,0334554673712068;0,0137208361277366;-0,0457221936461882;0,00174926919858391;-0,819885485225582;0,412281391985213;FALSE;100;"6";"Childhood"
"hs_pcb153_cadj_Log2";"hs_correct_raven";0;-0,00255407074088484;-0,0018084475637224;0,00955591101967762;-0,0212833121789224;0,0161751706971527;-0,0211457711694792;0,0152458756836684;-0,267276530267546;0,789256255783144;FALSE;100;"6";"Childhood"
"hs_pcb170_cadj_Log2";"hs_correct_raven";0;0,00972959257423238;0,0107259051880274;0,00812706507381216;-0,00619916227045281;0,0256583474189176;-0,00287080765266299;0,0257274116995669;1,19718403702513;0,231234830351961;FALSE;100;"6";"Childhood"
"hs_pcb180_cadj_Log2";"hs_correct_raven";0;0,00701806514167832;0,00505049260575968;0,00540122965239926;-0,00356815044925402;0,0176042807326107;-0,00447191686162141;0,0135834220961344;1,29934581444076;0,193825278238993;FALSE;100;"6";"Childhood"
"hs_sumPCBs5_cadj_Log2";"hs_correct_raven";0;-0,00618970530281461;-0,00449941962766838;0,00728455111126091;-0,0204671631244272;0,00808775251879801;-0,0176978941324943;0,00962561972508627;-0,849703050781835;0,395490201869434;FALSE;100;"6";"Childhood"
"hs_pfhxs_c_Log2";"hs_correct_raven";0;0,013196913085808;0,0140479904085036;0,00713750781815515;-0,000792345177149155;0,0271861713487651;0,0017465323186711;0,0268867646270909;1,84895252264943;0,0644646685852877;FALSE;100;"6";"Childhood"
"hs_pfna_c_Log2";"hs_correct_raven";0;-0,0275430373509634;-0,0278938731199356;0,00669156248312033;-0,0406582588181787;-0,0144278158837482;-0,0415729312842208;-0,0158782310779432;-4,11608460960226;3,85362889108802e-05;TRUE;100;"6";"Childhood"
"hs_pfoa_c_Log2";"hs_correct_raven";0;0,0242821132623374;0,02446842503267;0,0054551476994947;0,0135902202409813;0,0349740062836936;0,0149093017876602;0,0355396048472471;4,45122929752876;8,53801141406879e-06;TRUE;100;"6";"Childhood"
"hs_pfos_c_Log2";"hs_correct_raven";0;0,0156037378146209;0,0153986183149328;0,00630817747681881;0,0032399371519693;0,0279675384772725;0,00507485823153104;0,0269173334925278;2,47357305211549;0,0133769452506466;TRUE;100;"6";"Childhood"
"hs_pfunda_c_Log2";"hs_correct_raven";0;0,00572161298846453;0,00717340801430202;0,00616818901848446;-0,00636781533760047;0,0178110413145295;-0,00624794231200973;0,01830048383811;0,927600138601191;0,353615025801108;FALSE;100;"6";"Childhood"
"hs_hm_pers_None";"hs_correct_raven";0;-0,00985581878595669;-0,0110485078219197;0,00550103266697103;-0,0206376446909982;0,000926007119084844;-0,0210740094011713;-0,00185270830863612;-1,79163065966367;0,0731921485235077;FALSE;100;"6";"Childhood"
"hs_trafload_h_pow1over3";"hs_correct_raven";0;-0,00126694852692375;-0,00127189833928383;0,00522877260546975;-0,0115151545169941;0,00898125746314661;-0,0113312567693158;0,00836499286390571;-0,242303236824339;0,808545205872319;FALSE;100;"6";"Childhood"
"hs_trafnear_h_pow1over3";"hs_correct_raven";0;-0,0168593447768293;-0,0174072546335781;0,00641969836205601;-0,0294417223580699;-0,00427696719558878;-0,0304193408322808;-0,00598593023228314;-2,62618955377677;0,00863467175109927;TRUE;100;"6";"Childhood"
"FAS_cat_None_Low";"hs_correct_raven";0;0,0412797671934762;0,040504220595901;0,0193103361865789;0,00343220373842102;0,0791273306485314;0,00411772999999595;0,0737787445117604;2,13770318624315;0,0325408407515332;TRUE;100;"6";"Childhood"
"FAS_cat_None_Middle";"hs_correct_raven";0;0,045049315092586;0,047540448028994;0,0120272047457094;0,0214764269563064;0,0686222032288656;0,0268981921540379;0,0712927818538867;3,74561804218532;0,000179950207785366;TRUE;100;"6";"Childhood"
"hs_globalexp2_None_no exposure";"hs_correct_raven";0;0,0483923218569578;0,0479851553668967;0,0110210840854784;0,0267913939788326;0,0699932497350831;0,0300728227134084;0,0666057029446395;4,39088582226865;1,12889811362259e-05;TRUE;100;"6";"Childhood"
"hs_no2_dy_hs_h_Log";"hs_Gen_Tot";0;0,0127100201165886;0,0097044378445835;0,00511728009965504;0,00268033542246114;0,022739704810716;-0,000286691793632923;0,0183035262435128;2,48374524533948;0,0130008778598654;TRUE;100;"6";"Childhood"
"hs_no2_wk_hs_h_Log";"hs_Gen_Tot";0;0,00239094404192078;0,00255873713258979;0,00379041513388386;-0,00503813310694716;0,00982002119078871;-0,00394232985475282;0,0113865903594101;0,630786855124991;0,528179899345442;FALSE;100;"6";"Childhood"
"hs_no2_yr_hs_h_Log";"hs_Gen_Tot";0;0,00648336558134059;0,00728068907017152;0,00427648631109135;-0,001898393568777;0,0148651247314582;-0,00239011604701596;0,0155158042782395;1,51604965144529;0,129506798014981;FALSE;100;"6";"Childhood"
"hs_pm10_dy_hs_h_None";"hs_Gen_Tot";0;0,00601200564413244;0,00423945474375959;0,0039843761970413;-0,00179722820292718;0,0138212394911921;-0,00229470093331645;0,0118868321672633;1,5088950808904;0,131325597127882;FALSE;100;"6";"Childhood"
"hs_pm10_wk_hs_h_None";"hs_Gen_Tot";0;-0,00784301475525622;-0,00639180503473104;0,00436535481216529;-0,0163989529668388;0,000712923456326361;-0,0156508755856468;-0,000217876538548726;-1,79665000732574;0,0723912001719956;FALSE;100;"6";"Childhood"
"hs_pm10_yr_hs_h_None";"hs_Gen_Tot";0;-0,00428408492909876;-0,00169228388545831;0,00414912583260283;-0,0124162221283251;0,00384805227012755;-0,00909395928119291;0,00646258983394952;-1,03252711581689;0,30182525169238;FALSE;100;"6";"Childhood"
"hs_pm25_dy_hs_h_None";"hs_Gen_Tot";0;-0,00143642479613204;-0,00075573699861451;0,00389853960490651;-0,00907742201405181;0,00620457242178774;-0,00664851464884807;0,00794005816692994;-0,368452020937333;0,712536214302014;FALSE;100;"6";"Childhood"
"hs_pm25_wk_hs_h_None";"hs_Gen_Tot";0;-0,00267908236137438;-0,00308658021499128;0,00335420319210419;-0,00925319981472787;0,00389503509197911;-0,0106740527272799;0,00224979066553832;-0,798723931716764;0,424450506874692;FALSE;100;"6";"Childhood"
"hs_pm25_yr_hs_h_None";"hs_Gen_Tot";0;0,00987846826399175;0,00924300772020674;0,00531758446297429;-0,000543805768187616;0,0203007422961711;-0,00380761138886993;0,0199601533574611;1,85769842167517;0,0632118527799427;FALSE;100;"6";"Childhood"
"hs_pm25abs_dy_hs_h_Log";"hs_Gen_Tot";0;-0,00908797040858437;-0,00654453557901009;0,00439644170738718;-0,017704837815193;-0,000471103001975712;-0,0135972355580027;0,000951814124669529;-2,06711950560249;0,0387228945512422;TRUE;100;"6";"Childhood"
"hs_pm25abs_wk_hs_h_Log";"hs_Gen_Tot";0;-0,00218885958299078;-0,00223695052652478;0,00264581968582934;-0,00737457087680337;0,00299685171082181;-0,00659488777178259;0,00327354536700344;-0,827289778934678;0,408072835625214;FALSE;100;"6";"Childhood"
"hs_pm25abs_yr_hs_h_Log";"hs_Gen_Tot";0;-0,00816018398518825;-0,00655267950278513;0,00379848031822056;-0,0156050686048848;-0,000715299365491705;-0,0147691560026834;0,000147312229654131;-2,14827596869344;0,0316918387877546;TRUE;100;"6";"Childhood"
"hs_accesslines300_h_dic0";"hs_Gen_Tot";0;-0,00218697728610756;-0,00265853389110429;0,00997842005848546;-0,0217443212233511;0,017370366651136;-0,0206287704347708;0,0174752634484911;-0,219170697694551;0,826517080421093;FALSE;100;"6";"Childhood"
"hs_accesspoints300_h_Log";"hs_Gen_Tot";0;0,000352912492565702;0,000267720199331815;0,00366204987582965;-0,0068245733736498;0,0075303983587812;-0,00555412215482498;0,00818079865038742;0,0963702037197808;0,923226555941757;FALSE;100;"6";"Childhood"
"hs_builtdens300_h_Sqrt";"hs_Gen_Tot";0;0,00145324434887935;0,0010223576115149;0,00314252266960508;-0,00470598690414727;0,00761247560190596;-0,00476062836739364;0,00726121322626247;0,462445144130647;0,643762131926506;FALSE;100;"6";"Childhood"
"hs_connind300_h_Log";"hs_Gen_Tot";0;0,00212598548705063;0,00192262396916532;0,00336673547056303;-0,00447269478072642;0,00872466575482768;-0,00325173871093038;0,00945956602505636;0,631467932553398;0,527734610242887;FALSE;100;"6";"Childhood"
"hs_fdensity300_h_Log";"hs_Gen_Tot";0;-0,00529587730856867;-0,00311386052192239;0,00437001066654162;-0,0138609408270461;0,00326918620990878;-0,0109234790470412;0,00511693700308514;-1,21186827966252;0,225562806158942;FALSE;100;"6";"Childhood"
"hs_landuseshan300_h_None";"hs_Gen_Tot";0;-0,00352401286450462;-0,00230524111080915;0,0031475771066676;-0,0096931506321359;0,00264512490312666;-0,00818520697291978;0,00238240306103582;-1,11959540468115;0,262886214709735;FALSE;100;"6";"Childhood"
"hs_popdens_h_Sqrt";"hs_Gen_Tot";0;-0,00332448036789346;-0,00280821170016049;0,00332830894537932;-0,00984784603025941;0,00319888529447249;-0,00913648259260755;0,00385046484904176;-0,998849692877467;0,317867509335791;FALSE;100;"6";"Childhood"
"hs_walkability_mean_h_None";"hs_Gen_Tot";0;-2,24018178271602e-05;-0,000885064214573108;0,00308393932668394;-0,00606681182863439;0,00602200819298006;-0,00547460677899653;0,00575031593684545;-0,00726402677034771;0,994204196161039;FALSE;100;"6";"Childhood"
"hs_accesslines300_s_dic0";"hs_Gen_Tot";0;0,0144231632593332;0,0145887431190023;0,0112158548269498;-0,00755950825731812;0,0364058347759846;-0,00104213491482144;0,0438345984480234;1,28596201376259;0,198456319120281;FALSE;100;"6";"Childhood"
"hs_accesspoints300_s_Log";"hs_Gen_Tot";0;0,00574872149550689;0,00418873035745812;0,00398937887059466;-0,00207031741154371;0,0135677604025575;-0,00127136923541086;0,0117703396514705;1,44100665341168;0,149582803125775;FALSE;100;"6";"Childhood"
"hs_builtdens300_s_Sqrt";"hs_Gen_Tot";0;-0,00419569412915267;-0,00398378178256007;0,00355347603627949;-0,0111603791801866;0,00276899092188127;-0,0109826957973654;0,00290046779451223;-1,18072954096676;0,237710182207839;FALSE;100;"6";"Childhood"
"hs_connind300_s_Log";"hs_Gen_Tot";0;-0,00120153928769652;-0,000956395904096365;0,00356343764113575;-0,00818574872547695;0,00578267015008391;-0,00775741181702308;0,00768963573205307;-0,337185439651348;0,735977112745345;FALSE;100;"6";"Childhood"
"hs_fdensity300_s_Log";"hs_Gen_Tot";0;0,0039776604210696;0,00338623077985139;0,00322274305093371;-0,00233879989018721;0,0102941207323264;-0,00207834519019055;0,0107065209261789;1,23424683823837;0,217110938922212;FALSE;100;"6";"Childhood"
"hs_landuseshan300_s_None";"hs_Gen_Tot";0;0,00557204666483386;0,00469851810066484;0,00368136099753149;-0,00164328830441831;0,012787381634086;-0,000688164252483227;0,0134870270757867;1,51358333740433;0,130131549841636;FALSE;100;"6";"Childhood"
"hs_popdens_s_Sqrt";"hs_Gen_Tot";0;-0,00109312323336437;-0,000933781037459438;0,00267817767921873;-0,00634225502883214;0,00415600856210341;-0,00569970065987202;0,00406338134255077;-0,408159339780343;0,683156697234248;FALSE;100;"6";"Childhood"
"h_Absorbance_Log";"hs_Gen_Tot";0;-0,00365568418940827;-0,0027911665947141;0,00382561187010512;-0,0111537456736432;0,00384237729482669;-0,0112952329094667;0,00346784593031078;-0,955581568003609;0,33928367739485;FALSE;100;"6";"Childhood"
"h_Benzene_Log";"hs_Gen_Tot";0;0,0109223685024883;0,00764280339229007;0,00531801010163877;0,000499260233856075;0,0213454767711205;-0,000632115957517054;0,0196735804525767;2,05384500851596;0,0399906951574265;TRUE;100;"6";"Childhood"
"h_NO2_Log";"hs_Gen_Tot";0;0,000716587937017843;0,0013208520907411;0,00363237478689087;-0,00640273582363962;0,0078359116976753;-0,00559441834586034;0,00908980282440321;0,197278083639383;0,843609929043794;FALSE;100;"6";"Childhood"
"h_PM_Log";"hs_Gen_Tot";0;0,0113240953540758;0,00866370520848633;0,0037974206170067;0,00388128771059285;0,0187669029975588;0,00143575524846126;0,0159674188275503;2,98204926348191;0,00286325921312296;TRUE;100;"6";"Childhood"
"h_TEX_Log";"hs_Gen_Tot";0;-0,00305343037267185;-0,00259311765427331;0,00280545506770481;-0,00855202126561865;0,00244516052027495;-0,00818490666176255;0,0029825412087683;-1,088390403333;0,276422795903671;FALSE;100;"6";"Childhood"
"hs_KIDMED_None";"hs_Gen_Tot";0;-0,00604560259295696;-0,00386223728499245;0,00309882281061499;-0,0121191836962335;2,79785103195927e-05;-0,0103529835947689;0,00142573759816051;-1,95093523006472;0,0510647511195226;FALSE;100;"6";"Childhood"
"hs_mvpa_prd_alt_None";"hs_Gen_Tot";0;0,002462869983777;0,00161436692157452;0,00308103240762966;-0,00357584257037786;0,00850158253793187;-0,00469796819467068;0,00688845070620213;0,799365166584459;0,424078702313355;FALSE;100;"6";"Childhood"
"hs_sd_wk_None";"hs_Gen_Tot";0;0,00602688971723472;0,00467805786126993;0,00399111752934168;-0,00179555689834146;0,0138493363328109;-0,00146118659845651;0,0125996480073837;1,5100757301499;0,131024101530725;FALSE;100;"6";"Childhood"
"hs_dif_hours_total_None";"hs_Gen_Tot";0;-0,00481890119187788;-0,00338953939204526;0,00397047306535063;-0,0126008854015515;0,0029630830177957;-0,0107243524684257;0,00274878697944218;-1,21368439290806;0,224868266400434;FALSE;100;"6";"Childhood"
"hs_as_c_Log2";"hs_Gen_Tot";0;-0,00945065702616949;-0,00669182099133567;0,0038175350774777;-0,0169328882877441;-0,00196842576459487;-0,0133097594901613;0,000600624885922958;-2,47559140502087;0,0133015708292674;TRUE;100;"6";"Childhood"
"hs_cd_c_Log2";"hs_Gen_Tot";0;0,00324220142630052;0,00208205052438455;0,00275594769038773;-0,00215935679013577;0,00864375964273681;-0,00324219666724083;0,00759657438120011;1,17643794096991;0,23941991783016;FALSE;100;"6";"Childhood"
"hs_co_c_Log2";"hs_Gen_Tot";0;-0,00552264027294318;-0,00367647462701714;0,00355621138569535;-0,0124926865103173;0,001447405964431;-0,0122248003200773;0,00155814708438986;-1,55295613054884;0,120433615529464;FALSE;100;"6";"Childhood"
"hs_cs_c_Log2";"hs_Gen_Tot";0;-0,00140566244559491;-0,00125782935166538;0,00301090848391809;-0,00730693463482047;0,00449560974363065;-0,00649052858145935;0,00495018874934331;-0,466856582690194;0,640602490213008;FALSE;100;"6";"Childhood"
"hs_cu_c_Log2";"hs_Gen_Tot";0;0,000686592041775099;0,0012001869147768;0,00325134759302496;-0,00568593214177481;0,00705911622532501;-0,00468723211012248;0,0077093326272376;0,211171528767957;0,832753426538738;FALSE;100;"6";"Childhood"
"hs_hg_c_Log2";"hs_Gen_Tot";0;0,000609198008142488;-0,000233491127132207;0,00248100246153096;-0,00425347746201341;0,00547187347829838;-0,0046052020679044;0,00526696121813401;0,245545104282794;0,806034388679848;FALSE;100;"6";"Childhood"
"hs_mn_c_Log2";"hs_Gen_Tot";0;0,00235168064634424;0,0013379200521422;0,00261028056763418;-0,00276437525576351;0,00746773654845199;-0,00329889064459998;0,00627531111432403;0,900930220108746;0,367625422228331;FALSE;100;"6";"Childhood"
"hs_mo_c_Log2";"hs_Gen_Tot";0;-0,000368734205755449;-0,000511598897943077;0,00310697287908717;-0,00645828914970902;0,00572082073819812;-0,00720387819503367;0,00569841111381114;-0,118679570149252;0,90552922279867;FALSE;100;"6";"Childhood"
"hs_pb_c_Log2";"hs_Gen_Tot";0;0,0019507078939716;0,0017484105122071;0,00348935752774411;-0,00488830718959059;0,00878972297753378;-0,00328183097945217;0,0089690317337346;0,559045004262644;0,576131006360951;FALSE;100;"6";"Childhood"
"hs_hum_mt_hs_h_None";"hs_Gen_Tot";0;-0,00846651797597072;-0,00793241320663128;0,00395340467381855;-0,0162150487529674;-0,000717987198974041;-0,0161009335327136;-0,00136550094538689;-2,14157635620767;0,0322275880332047;TRUE;100;"6";"Childhood"
"hs_tm_mt_hs_h_None";"hs_Gen_Tot";0;-0,00345876856942603;-0,00171956806143398;0,00405839184269506;-0,0114130704162595;0,00449553327740743;-0,00909012382309404;0,00579092922774841;-0,852251015547372;0,394074787220074;FALSE;100;"6";"Childhood"
"hs_uvdvf_mt_hs_h_None";"hs_Gen_Tot";0;-0,0120288195646139;-0,00945044707308094;0,00438224103284018;-0,0206178541605542;-0,00343978496867349;-0,0188672348135768;-0,00177197264819158;-2,74490140420638;0,00605290799378227;TRUE;100;"6";"Childhood"
"hs_hum_dy_hs_h_None";"hs_Gen_Tot";0;-0,00665712239717649;-0,00587572751100133;0,00403098093702003;-0,0145576998561033;0,00124345506175029;-0,0148505020054316;0,00103796034377115;-1,65148942681378;0,0986386779568869;FALSE;100;"6";"Childhood"
"hs_hum_wk_hs_h_None";"hs_Gen_Tot";0;-0,0086167826304493;-0,00840824285636422;0,0040172457563395;-0,0164904396299211;-0,000743125630977502;-0,0166373412998184;-0,000952062466177798;-2,14494784563563;0,0319570171726982;TRUE;100;"6";"Childhood"
"hs_tm_dy_hs_h_None";"hs_Gen_Tot";0;-0,000606342969147963;-0,000900014996946545;0,00419877367120852;-0,00883578814395167;0,00762310220565575;-0,010660092350732;0,00653200233304255;-0,144409538743593;0,885177084934089;FALSE;100;"6";"Childhood"
"hs_tm_wk_hs_h_None";"hs_Gen_Tot";0;0,00429152495138736;0,00379295105957202;0,00404225140063044;-0,00363114221030489;0,0122141921130796;-0,00463209962442205;0,0110634057763131;1,06166700832067;0,288386881790421;FALSE;100;"6";"Childhood"
"hs_uvdvf_dy_hs_h_None";"hs_Gen_Tot";0;0,00518856317614744;0,0028042183379658;0,00387577153928795;-0,00240780945316232;0,0127849358054572;-0,00338200116922828;0,0110705395755142;1,33871749754906;0,180662657812537;FALSE;100;"6";"Childhood"
"hs_uvdvf_wk_hs_h_None";"hs_Gen_Tot";0;-0,00356882721130221;-0,00416220494931158;0,00357899222591838;-0,0105835230750511;0,00344586865244665;-0,0102099679116382;0,00271930450957316;-0,99715981092595;0,318686944975273;FALSE;100;"6";"Childhood"
"hs_ndvi100_h_None";"hs_Gen_Tot";0;-0,00190999404228569;-0,000846639130902636;0,00387825034519779;-0,00951122504190339;0,00569123695733202;-0,00989035900599486;0,00590450931236389;-0,492488589513237;0,622373986386626;FALSE;100;"6";"Childhood"
"hs_ndvi100_s_None";"hs_Gen_Tot";0;0,00520862104369828;0,00431556846533548;0,00366406588911127;-0,00197281613594155;0,0123900582233381;-0,00181266962293727;0,0122360471065147;1,42154131539421;0,155159451453509;FALSE;100;"6";"Childhood"
"hs_dde_cadj_Log2";"hs_Gen_Tot";0;-0,00107949110592329;-0,0015404146120743;0,00348291751669636;-0,00790588399977183;0,00574690178792525;-0,00877561308722759;0,00446672771747518;-0,309938751276319;0,756607533555991;FALSE;100;"6";"Childhood"
"hs_ddt_cadj_Log2";"hs_Gen_Tot";0;-0,000218321886996043;-0,000410876591286508;0,00224388849283163;-0,0046162625182699;0,00417961874427781;-0,00525362858718052;0,00404013652488458;-0,0972962282633468;0,922491151201016;FALSE;100;"6";"Childhood"
"hs_hcb_cadj_Log2";"hs_Gen_Tot";0;0,00111476697822189;0,00055077938367405;0,00371382458272787;-0,00616419544882424;0,00839372940526801;-0,00575219820666893;0,0090754613243414;0,300166837013898;0,764049899598827;FALSE;100;"6";"Childhood"
"hs_pcb118_cadj_Log2";"hs_Gen_Tot";0;0,00836927472194793;0,0060637489096083;0,00413556966384672;0,000263707125251951;0,0164748423186439;-0,00116299259450156;0,0133086105614615;2,02372959525078;0,0429979817365093;TRUE;100;"6";"Childhood"
"hs_pcb138_cadj_Log2";"hs_Gen_Tot";0;-0,0026671829760498;-0,00187749220207624;0,00568435550354877;-0,0138083150383274;0,00847394908622783;-0,0121737662532641;0,0125904077091541;-0,469214667236183;0,638916202573479;FALSE;100;"6";"Childhood"
"hs_pcb153_cadj_Log2";"hs_Gen_Tot";0;0,00401011229172443;0,00236487935753711;0,00409738883526602;-0,00402062225605348;0,0120408468395023;-0,00590944734476199;0,0100876334236907;0,978699472505417;0,327728492802585;FALSE;100;"6";"Childhood"
"hs_pcb170_cadj_Log2";"hs_Gen_Tot";0;-0,00802870801100753;-0,00705743022584717;0,00470526088202092;-0,0172508498776337;0,00119343385561863;-0,0187329797585457;0,000130949313238932;-1,70632579410967;0,0879474381600277;FALSE;100;"6";"Childhood"
"hs_pcb180_cadj_Log2";"hs_Gen_Tot";0;-0,00667382049571017;-0,00479882091774966;0,00469289672228203;-0,015871729054549;0,00252408806312869;-0,0165431472533296;0,00226836315137045;-1,42211109484311;0,154994002429291;FALSE;100;"6";"Childhood"
"hs_sumPCBs5_cadj_Log2";"hs_Gen_Tot";0;-0,00475300628785056;-0,0045812098610308;0,00377072632612111;-0,012143494082605;0,00263748150690384;-0,0112775708925844;0,00146407971525309;-1,26050152590626;0,207488497780176;FALSE;100;"6";"Childhood"
"hs_pfhxs_c_Log2";"hs_Gen_Tot";0;-0,00330170306953424;-0,00174334182262911;0,00347528224289464;-0,0101131311017193;0,00350972496265083;-0,00792968850501376;0,00410688944190187;-0,95005321547184;0,342085213555328;FALSE;100;"6";"Childhood"
"hs_pfna_c_Log2";"hs_Gen_Tot";0;0,00410903898537921;0,00204552750332302;0,00446784161797966;-0,00464776967449008;0,0128658476452485;-0,00613982457219152;0,0105588092700509;0,919692177279396;0,357733641726054;FALSE;100;"6";"Childhood"
"hs_pfoa_c_Log2";"hs_Gen_Tot";0;-0,00379781161158397;-0,00189798275409186;0,00374097489877651;-0,0111299876802543;0,00353436445708636;-0,00919293965314636;0,00391633695074022;-1,01519302169765;0,310013826381314;FALSE;100;"6";"Childhood"
"hs_pfos_c_Log2";"hs_Gen_Tot";0;-0,00851122743942606;-0,00618831038544128;0,00466660969111913;-0,0176576143639251;0,000635159485073021;-0,0149404920455411;0,00118798580151033;-1,82385671885598;0,0681737364159128;FALSE;100;"6";"Childhood"
"hs_pfunda_c_Log2";"hs_Gen_Tot";0;-0,00181079193569331;-0,00132161380977026;0,00251397059206073;-0,00673808375432518;0,00311649988293857;-0,00613890590491418;0,00340272828680624;-0,720291614154872;0,471345466838532;FALSE;100;"6";"Childhood"
"hs_hm_pers_None";"hs_Gen_Tot";0;0,00342019637038415;0,00262621449011518;0,00254117888213228;-0,00156042271686887;0,00840081545763717;-0,00280747324821355;0,00726846083875595;1,3459093314652;0,178331759050504;FALSE;100;"6";"Childhood"
"hs_trafload_h_pow1over3";"hs_Gen_Tot";0;-0,000594768249237137;-0,000539325578664813;0,0025092531850579;-0,00551281412004305;0,00432327762156877;-0,00510477501822224;0,00391174210321246;-0,237029986762142;0,812633526966792;FALSE;100;"6";"Childhood"
"hs_trafnear_h_pow1over3";"hs_Gen_Tot";0;-0,000185092633813993;-0,0010247248810213;0,00287218382057024;-0,00581446947911031;0,00544428421148232;-0,00574331736462664;0,00500712457976666;-0,0644431712512207;0,948617355756786;FALSE;100;"6";"Childhood"
"FAS_cat_None_Low";"hs_Gen_Tot";0;0,0288490414997987;0,0262924747346606;0,0114033020453215;0,0064989801861367;0,0511991028134607;0,00757650903045863;0,0502930588117562;2,52988488642506;0,0114099954266851;TRUE;100;"6";"Childhood"
"FAS_cat_None_Middle";"hs_Gen_Tot";0;0,00497462887425238;0,00670459770796551;0,00512740370435365;-0,00507489772047803;0,0150241554689828;-0,00110354873448337;0,0170563975739947;0,970204251720701;0,331944691858915;FALSE;100;"6";"Childhood"
"hs_globalexp2_None_no exposure";"hs_Gen_Tot";0;0,0154069209129625;0,0152901528142455;0,00529506039746512;0,00502879323796651;0,0257850485879585;0,00478848527417769;0,0256976291619134;2,90967803130974;0,00361801261594184;TRUE;100;"6";"Childhood"
"hs_no2_dy_hs_h_Log";"hs_bmi_c_cat";0;-0,164053557986702;-0,159493890591707;0,0746057707259595;-0,310278181648436;-0,0178289343249689;-0,297274938539155;-0,040196949723116;-2,19893925617766;0,0278822418050976;TRUE;100;"6";"Childhood"
"hs_no2_wk_hs_h_Log";"hs_bmi_c_cat";0;0,0626464888941116;0,0553477030279807;0,0600888192449431;-0,0551254326995142;0,180418410487737;-0,0554585740402465;0,156316977130198;1,04256481790302;0,297149890762476;FALSE;100;"6";"Childhood"
"hs_no2_yr_hs_h_Log";"hs_bmi_c_cat";0;0,0126303874851369;0,00317150888557188;0,0684947243048729;-0,121616805283414;0,146877580253688;-0,128573058210078;0,127639895135017;0,184399420733756;0,853700124214622;FALSE;100;"6";"Childhood"
"hs_pm10_dy_hs_h_None";"hs_bmi_c_cat";0;0,112049573268452;0,114288262634102;0,0691906529099619;-0,0235616145018844;0,247660761038789;-0,0358357425003929;0,236001945755915;1,61943222900733;0,105354297117542;FALSE;100;"6";"Childhood"
"hs_pm10_wk_hs_h_None";"hs_bmi_c_cat";0;-0,0354853732506041;-0,0359539266136803;0,0725390455651796;-0,177659290031266;0,106688543530058;-0,164049452327632;0,10434204540017;-0,489189966232998;0,624707212477972;FALSE;100;"6";"Childhood"
"hs_pm10_yr_hs_h_None";"hs_bmi_c_cat";0;-0,00911122260478176;-0,00312225402776944;0,0652105014242635;-0,136921456810136;0,118699011600573;-0,120999788474152;0,113268498539779;-0,139720173987064;0,888881086223142;FALSE;100;"6";"Childhood"
"hs_pm25_dy_hs_h_None";"hs_bmi_c_cat";0;0,00304694706144629;0,00289285184712111;0,0807515408915376;-0,155223164782081;0,161317058904973;-0,138816771886947;0,18928343653417;0,0377323705257691;0,969901066419149;FALSE;100;"6";"Childhood"
"hs_pm25_wk_hs_h_None";"hs_bmi_c_cat";0;0,0116500846525406;0,00272022908256574;0,066811709235742;-0,119298459195076;0,142598628500157;-0,134111952804025;0,131589692261531;0,174371899563799;0,861573196887962;FALSE;100;"6";"Childhood"
"hs_pm25_yr_hs_h_None";"hs_bmi_c_cat";0;-0,0317095123802744;-0,0342585183941038;0,0615432803320836;-0,15233212532161;0,0889131005610616;-0,145978374663884;0,0654197731888962;-0,515239230167321;0,606385858461253;FALSE;100;"6";"Childhood"
"hs_pm25abs_dy_hs_h_Log";"hs_bmi_c_cat";0;-0,0527655103058742;-0,0531863593652284;0,0680540508844299;-0,186148999041413;0,0806179784296646;-0,171049150676577;0,0968539483564209;-0,775347089851875;0,438134590830653;FALSE;100;"6";"Childhood"
"hs_pm25abs_wk_hs_h_Log";"hs_bmi_c_cat";0;0,0619002551289673;0,0682045300679876;0,0658045035693811;-0,0670742018875571;0,190874712145492;-0,0589448102397395;0,187634359045963;0,940668978130086;0,34687452119859;FALSE;100;"6";"Childhood"
"hs_pm25abs_yr_hs_h_Log";"hs_bmi_c_cat";0;0,0962173051265501;0,0960530065792692;0,065330287178695;-0,0318277048433508;0,224262315096451;-0,0212812469314949;0,232961616419437;1,47278252219176;0,14080968657392;FALSE;100;"6";"Childhood"
"hs_accesslines300_h_dic0";"hs_bmi_c_cat";0;-0,00245998390803263;0,00809816147304473;0,173813268591388;-0,34312773038234;0,338207762566275;-0,292020648367227;0,327691133563152;-0,0141530271421092;0,988707895139436;FALSE;100;"6";"Childhood"
"hs_accesspoints300_h_Log";"hs_bmi_c_cat";0;0,00395628252440767;0,0017130804022987;0,0754732284793995;-0,143968527092178;0,151881092140993;-0,132593159755856;0,156169799481142;0,0524196805160858;0,958194292890114;FALSE;100;"6";"Childhood"
"hs_builtdens300_h_Sqrt";"hs_bmi_c_cat";0;-0,0320509042853996;-0,0337182235642477;0,0771600977750992;-0,183281916968183;0,119180108397384;-0,174494497156359;0,123893996868372;-0,415381851625166;0,677862390066612;FALSE;100;"6";"Childhood"
"hs_connind300_h_Log";"hs_bmi_c_cat";0;0,0474146610277228;0,0440605496589792;0,0696328394049932;-0,0890631963473252;0,183892518402771;-0,0919948926641059;0,175708481403628;0,680923849047047;0,49591967658322;FALSE;100;"6";"Childhood"
"hs_fdensity300_h_Log";"hs_bmi_c_cat";0;-0,17690775532411;-0,179322299684343;0,078459235803154;-0,330685031752828;-0,023130478895393;-0,304990902698746;-0,010692311198495;-2,25477285769076;0,0241475897886131;TRUE;100;"6";"Childhood"
"hs_landuseshan300_h_None";"hs_bmi_c_cat";0;-0,0541306319396482;-0,0524107294802441;0,0663440736258254;-0,18416262683394;0,0759013629546432;-0,171604845445908;0,0605832764500785;-0,815907570658686;0,414553001840941;FALSE;100;"6";"Childhood"
"hs_popdens_h_Sqrt";"hs_bmi_c_cat";0;0,05761191474119;0,0624504056672551;0,0736653031750702;-0,0867694263921717;0,201993255874552;-0,0817507388933335;0,198263262600468;0,782076666463608;0,434169518722351;FALSE;100;"6";"Childhood"
"hs_walkability_mean_h_None";"hs_bmi_c_cat";0;0,0685208143210163;0,0660477181989522;0,0736010010694527;-0,075734497001205;0,212776125643238;-0,072096941651097;0,202843524359582;0,930976662346717;0,351865636389299;FALSE;100;"6";"Childhood"
"hs_accesslines300_s_dic0";"hs_bmi_c_cat";0;0,1423744498145;0,147170280920436;0,175719316356035;-0,20202908163133;0,486777981260329;-0,225635908509387;0,490285226376355;0,810237899662814;0,417803458990092;FALSE;100;"6";"Childhood"
"hs_accesspoints300_s_Log";"hs_bmi_c_cat";0;-0,218000341999024;-0,224430859855576;0,0760120391134926;-0,366981201052919;-0,0690194829451284;-0,339443737710466;-0,0698260516596563;-2,86797123904978;0,00413113085380184;TRUE;100;"6";"Childhood"
"hs_builtdens300_s_Sqrt";"hs_bmi_c_cat";0;0,0966645564915508;0,0973490796897893;0,0704512962719468;-0,0414174468656259;0,234746559848727;-0,0479273100446814;0,226358078131071;1,37207633651507;0,170039675147541;FALSE;100;"6";"Childhood"
"hs_connind300_s_Log";"hs_bmi_c_cat";0;-0,0795816603661952;-0,0817009456496776;0,080973051732027;-0,238285925479267;0,0791226047468763;-0,21390459300041;0,0675731933305073;-0,982816611995353;0,325697704436414;FALSE;100;"6";"Childhood"
"hs_fdensity300_s_Log";"hs_bmi_c_cat";0;-0,0917894567963165;-0,0950660044042856;0,0691272008982169;-0,227276280908886;0,0436973673162535;-0,226120761006049;0,021507719290142;-1,32783413191383;0,184232908525801;FALSE;100;"6";"Childhood"
"hs_landuseshan300_s_None";"hs_bmi_c_cat";0;-0,0941246701421646;-0,0995532024888048;0,0693803171093734;-0,230107592912505;0,0418582526281753;-0,232041482714008;0,0390627264129778;-1,35664802445027;0,174893074607292;FALSE;100;"6";"Childhood"
"hs_popdens_s_Sqrt";"hs_bmi_c_cat";0;-0,0442817959786763;-0,0449920294457779;0,0774005261667696;-0,195984039649995;0,107420447692642;-0,182492417526351;0,126472057134811;-0,572112337883406;0,567245871046026;FALSE;100;"6";"Childhood"
"h_Absorbance_Log";"hs_bmi_c_cat";0;-0,0541969641241583;-0,053686875366535;0,0741996460801524;-0,199625598106876;0,091231669858559;-0,202402801265769;0,102754462451997;-0,730420790223356;0,465133014057567;FALSE;100;"6";"Childhood"
"h_Benzene_Log";"hs_bmi_c_cat";0;0,0624668898085629;0,0672533168122164;0,0646816626463922;-0,0643068394385355;0,189240619055661;-0,0570194394166712;0,181344189437017;0,965758875897528;0,334164850951341;FALSE;100;"6";"Childhood"
"h_NO2_Log";"hs_bmi_c_cat";0;0,0284335943625003;0,0279834813186079;0,0666757831166008;-0,102248539187041;0,159115727912042;-0,0905735986372106;0,158857423588985;0,42644560038802;0,669783179587261;FALSE;100;"6";"Childhood"
"h_PM_Log";"hs_bmi_c_cat";0;0,109681924713359;0,10892793677155;0,0643460513824446;-0,016434018543596;0,235797867970314;-0,0291883618962967;0,230653780129782;1,7045634092053;0,0882758805599221;FALSE;100;"6";"Childhood"
"h_TEX_Log";"hs_bmi_c_cat";0;0,092023253507434;0,09077406173699;0,0695057655810877;-0,0442055437493815;0,22825205076425;-0,0491083831606188;0,209006794803576;1,32396575648213;0,185514417696206;FALSE;100;"6";"Childhood"
"hs_KIDMED_None";"hs_bmi_c_cat";0;0,154300461206741;0,156769675005301;0,0694492765473075;0,0181823804216562;0,290418541991826;0,0168072561407289;0,283751905334536;2,22177204540978;0,0262987148253112;TRUE;100;"6";"Childhood"
"hs_mvpa_prd_alt_None";"hs_bmi_c_cat";0;-0,0620344992232117;-0,0572581704900901;0,0743912251137804;-0,207838621212033;0,0837696227656094;-0,197110067599751;0,0908305809064914;-0,833895383875326;0,404339938701135;FALSE;100;"6";"Childhood"
"hs_sd_wk_None";"hs_bmi_c_cat";0;-0,0110990110569533;-0,0168502612334432;0,0665667951235326;-0,141567532065334;0,119369509951427;-0,141472997432977;0,116024447921646;-0,16673494700107;0,867578606693184;FALSE;100;"6";"Childhood"
"hs_dif_hours_total_None";"hs_bmi_c_cat";0;-0,0766983149525302;-0,0794971522930724;0,0782393159797204;-0,230044556447831;0,0766479265427709;-0,241401993728382;0,0657984675285087;-0,980304006906328;0,326936077430095;FALSE;100;"6";"Childhood"
"hs_as_c_Log2";"hs_bmi_c_cat";0;0,000668011416679171;0,00441646220480088;0,0668393254312893;-0,1303346591796;0,131670682012958;-0,118193457225028;0,128396766257888;0,00999428723088903;0,992025845273239;FALSE;100;"6";"Childhood"
"hs_cd_c_Log2";"hs_bmi_c_cat";0;0,0481621450040266;0,0473244475891833;0,064161153831812;-0,0775914057128589;0,173915695720912;-0,0568559792948061;0,181971765316091;0,750643374186752;0,452867310151838;FALSE;100;"6";"Childhood"
"hs_co_c_Log2";"hs_bmi_c_cat";0;-0,0758396917887648;-0,0818960811268593;0,0517375322941009;-0,17724339173418;0,0255640081566509;-0,167323465618075;0,00797692984174297;-1,46585444697392;0,142687944268182;FALSE;100;"6";"Childhood"
"hs_cs_c_Log2";"hs_bmi_c_cat";0;0,272852970520602;0,279248791016276;0,0735906064843721;0,128618032210773;0,417087908830432;0,125396609869721;0,411228691722224;3,70771466027456;0,000209138116430872;TRUE;100;"6";"Childhood"
"hs_cu_c_Log2";"hs_bmi_c_cat";0;0,202445079506585;0,212664138922836;0,0679860741002507;0,0691948228198222;0,335695336193348;0,105767225814409;0,348499247750225;2,97774334208597;0,00290379033702292;TRUE;100;"6";"Childhood"
"hs_hg_c_Log2";"hs_bmi_c_cat";0;0,0436268304794796;0,046070203633256;0,0664077252120731;-0,0865299192314162;0,173783580190375;-0,0873921189091738;0,16699545080664;0,656954147129077;0,511210400146663;FALSE;100;"6";"Childhood"
"hs_mn_c_Log2";"hs_bmi_c_cat";0;0,025438707856335;0,022136549099178;0,0669435446024799;-0,105768228561976;0,156645644274646;-0,105748303628056;0,131347408018554;0,380002403628215;0,703943630920616;FALSE;100;"6";"Childhood"
"hs_mo_c_Log2";"hs_bmi_c_cat";0;-0,0892309052082916;-0,0945053227436269;0,0546403995800134;-0,196324120485995;0,0178623100694121;-0,204829063795692;0,0137926657101526;-1,63305733292864;0,102456939101207;FALSE;100;"6";"Childhood"
"hs_pb_c_Log2";"hs_bmi_c_cat";0;-0,0577164532032271;-0,0558784711875085;0,0677756318186842;-0,190554250597295;0,0751213441908408;-0,171151867670549;0,0723391170290017;-0,851581190089563;0,394446583208944;FALSE;100;"6";"Childhood"
"hs_hum_mt_hs_h_None";"hs_bmi_c_cat";0;0,336723412112245;0,341013813368652;0,0634169427173704;0,212428488376559;0,461018335847931;0,217063041079592;0,451812395571776;5,30967589549242;1,09820351268878e-07;TRUE;100;"6";"Childhood"
"hs_tm_mt_hs_h_None";"hs_bmi_c_cat";0;-0,0135156234595596;-0,0129351988881875;0,0660141318668873;-0,142900944389337;0,115869697470217;-0,146721820546939;0,108611382743707;-0,204738335222113;0,837776567607938;FALSE;100;"6";"Childhood"
"hs_uvdvf_mt_hs_h_None";"hs_bmi_c_cat";0;0,096280807440741;0,0904720219053433;0,0535750121936617;-0,00872428693013011;0,201285901811612;-0,0118867931241409;0,173240247798211;1,79712152174053;0,0723163297347399;FALSE;100;"6";"Childhood"
"hs_hum_dy_hs_h_None";"hs_bmi_c_cat";0;0,0159643971732312;0,0199162255648217;0,0828848379860592;-0,146486900143882;0,178415694490345;-0,15990012868072;0,174902276244651;0,192609379002663;0,847264899090329;FALSE;100;"6";"Childhood"
"hs_hum_wk_hs_h_None";"hs_bmi_c_cat";0;0,0625286116798887;0,0703569928990713;0,0732702751968705;-0,0810784888433158;0,206135712203093;-0,0881445442596045;0,206329754816162;0,853396708445275;0,393439346219709;FALSE;100;"6";"Childhood"
"hs_tm_dy_hs_h_None";"hs_bmi_c_cat";0;-0,0937993839779294;-0,0942049869322299;0,0808477136029829;-0,252257990872185;0,0646592229163261;-0,221405107816124;0,0559086919344954;-1,16019835067381;0,245968058348996;FALSE;100;"6";"Childhood"
"hs_tm_wk_hs_h_None";"hs_bmi_c_cat";0;0,00231133067595121;-0,00229463628627917;0,0555136665110904;-0,106493456335553;0,111116117687456;-0,114737347481649;0,0948752232973693;0,0416353453340982;0,966789396159246;FALSE;100;"6";"Childhood"
"hs_uvdvf_dy_hs_h_None";"hs_bmi_c_cat";0;-0,0443465416383184;-0,0421459733643295;0,0523004951260693;-0,146853628459027;0,0581605451823899;-0,139934727181079;0,0510222239441482;-0,847918199080563;0,396483528439348;FALSE;100;"6";"Childhood"
"hs_uvdvf_wk_hs_h_None";"hs_bmi_c_cat";0;-0,0120626821302692;-0,0104164264194035;0,0586087242471781;-0,126933670834578;0,102808306574039;-0,102556011481526;0,102968936447994;-0,205817176285832;0,836933723700904;FALSE;100;"6";"Childhood"
"hs_ndvi100_h_None";"hs_bmi_c_cat";0;0,0151938111870443;0,0122686727280115;0,0725630290313358;-0,127027112323508;0,157414734697597;-0,137549323289348;0,130378676582748;0,209387774874764;0,834145535488078;FALSE;100;"6";"Childhood"
"hs_ndvi100_s_None";"hs_bmi_c_cat";0;-0,131410354729191;-0,12651905882997;0,0665123499498841;-0,261772165158088;-0,00104854430029352;-0,24634584937578;-0,00198935493643451;-1,97572864029321;0,0481855193325542;TRUE;100;"6";"Childhood"
"hs_dde_cadj_Log2";"hs_bmi_c_cat";0;-0,200398615725394;-0,194456111237558;0,0857791021631824;-0,368522566591413;-0,0322746648593742;-0,357447719273033;-0,0235049206397783;-2,33621722158113;0,0194799231900092;TRUE;100;"6";"Childhood"
"hs_ddt_cadj_Log2";"hs_bmi_c_cat";0;0,0424173297644196;0,0401740723107235;0,0746216643756443;-0,103838444878279;0,188673104407118;-0,100692572083849;0,174775488966935;0,568431837045223;0,569741777521074;FALSE;100;"6";"Childhood"
"hs_hcb_cadj_Log2";"hs_bmi_c_cat";0;-0,253346817355025;-0,32097502013915;0,15788124595297;-0,562788373257157;0,0560947385471067;-0,642337212712584;-0,125514242751985;-1,60466694967997;0,108567119068954;FALSE;100;"6";"Childhood"
"hs_pcb118_cadj_Log2";"hs_bmi_c_cat";0;0,0797165775208628;0,0777763133097713;0,0773749843472268;-0,0719356051040522;0,231368760145778;-0,0700967598773393;0,207682287099587;1,03026292274423;0,302886599114918;FALSE;100;"6";"Childhood"
"hs_pcb138_cadj_Log2";"hs_bmi_c_cat";0;-0,0195279939462751;-0,0326776604212034;0,0739706321666691;-0,164507768906607;0,125451781014056;-0,181615846407322;0,0975182903552968;-0,263996580457431;0,791782553710879;FALSE;100;"6";"Childhood"
"hs_pcb153_cadj_Log2";"hs_bmi_c_cat";0;-0,103859118003297;-0,100045336515954;0,0625681944476318;-0,226490525698354;0,01877228969176;-0,211800626461361;0,0275436313588024;-1,65993471475711;0,0969275868561176;FALSE;100;"6";"Childhood"
"hs_pcb170_cadj_Log2";"hs_bmi_c_cat";0;-0,226278636510334;-0,229199282728132;0,072175489910956;-0,367739997302342;-0,0848172757183261;-0,378934067406364;-0,0696789584487158;-3,1351174309935;0,0017178533016915;TRUE;100;"6";"Childhood"
"hs_pcb180_cadj_Log2";"hs_bmi_c_cat";0;-0,0822149494325704;-0,090194739806256;0,0714296488884779;-0,222214488682328;0,0577845898171877;-0,206523240817142;0,0435823193719169;-1,15099192998878;0,249735555550963;FALSE;100;"6";"Childhood"
"hs_sumPCBs5_cadj_Log2";"hs_bmi_c_cat";0;-0,164560080443587;-0,153256435684822;0,0545590958075936;-0,271493943255541;-0,0576262176316336;-0,267840739600227;-0,0446902736014458;-3,01618049213865;0,00255980835975394;TRUE;100;"6";"Childhood"
"hs_pfhxs_c_Log2";"hs_bmi_c_cat";0;0,0707726737001855;0,0723441702850487;0,069681755177302;-0,0658010568268639;0,207346404227235;-0,061089348954467;0,191072887389481;1,01565572681267;0,309793357784138;FALSE;100;"6";"Childhood"
"hs_pfna_c_Log2";"hs_bmi_c_cat";0;0,131274170418161;0,128440219765422;0,0668520674094617;0,000246526003571695;0,262301814832749;-0,00433825059235921;0,256185011328181;1,96365161924044;0,0495705068190543;TRUE;100;"6";"Childhood"
"hs_pfoa_c_Log2";"hs_bmi_c_cat";0;-0,145631088066289;-0,144085814471712;0,065445191685549;-0,273901306731285;-0,0173608694012924;-0,260130657704691;-0,0113503611724215;-2,22523739812723;0,026065305494295;TRUE;100;"6";"Childhood"
"hs_pfos_c_Log2";"hs_bmi_c_cat";0;-0,0275090967298441;-0,019577789534722;0,0753426390041451;-0,175177955678171;0,120159762218483;-0,151466551657706;0,0988746674277354;-0,365119898817595;0,71502190769249;FALSE;100;"6";"Childhood"
"hs_pfunda_c_Log2";"hs_bmi_c_cat";0;0,0181883700849634;0,0151978994301005;0,0686321998145054;-0,116328269731224;0,15270500990115;-0,121535200622128;0,133034522626376;0,265012197395999;0,791000065505283;FALSE;100;"6";"Childhood"
"hs_hm_pers_None";"hs_bmi_c_cat";0;0,0644809938468704;0,0623887955613716;0,0673547423674809;-0,0675318753813661;0,196493863075107;-0,0604339428205178;0,172853257042807;0,95733413239217;0,338398632664889;FALSE;100;"6";"Childhood"
"hs_trafload_h_pow1over3";"hs_bmi_c_cat";0;-0,0527658226556753;-0,0521572930828238;0,0556920838170775;-0,161920301161133;0,0563886558497826;-0,153861957630673;0,0644271127043742;-0,947456425386889;0,343406250330766;FALSE;100;"6";"Childhood"
"hs_trafnear_h_pow1over3";"hs_bmi_c_cat";0;0,0417308209907697;0,0457146821714735;0,0701034087183072;-0,0956693352906036;0,179130977272143;-0,088941209894754;0,200178051742896;0,595275204925547;0,551659527186452;FALSE;100;"6";"Childhood"
"FAS_cat_None_Low";"hs_bmi_c_cat";0;-0,57514459358547;-0,598490895727084;0,197064293970343;-0,961383512406156;-0,188905674764784;-0,983308929005139;-0,183725514736197;-2,9185631856374;0,00351648600495918;TRUE;100;"6";"Childhood"
"FAS_cat_None_Middle";"hs_bmi_c_cat";0;-0,40014182478321;-0,400920625367769;0,122091789159634;-0,63943733434415;-0,160846315222269;-0,650836612027255;-0,180929263441265;-3,27738521597081;0,00104773320395003;TRUE;100;"6";"Childhood"
"hs_globalexp2_None_no exposure";"hs_bmi_c_cat";0;-0,33165957159595;-0,344622340237832;0,131661425773481;-0,589711224265167;-0,0736079189267332;-0,594327931893859;-0,0876955490610348;-2,51903372341234;0,0117677385368835;TRUE;100;"6";"Childhood"
