"exposure";"outcome";"lambda";"beta_unpenalized";"bootstrap_mean";"bootstrap_standard_error";"ci95_lower";"ci95_upper";"bootstrap_q025";"bootstrap_q975";"z_value";"p_value";"significant";"n_valid_bootstrap";"omitted_cohort";"scenario"
"h_abs_ratio_preg_Log";"e3_bw";0;-0,00546913555579194;-0,00531630603118634;0,00494557153344214;-0,0151622776443051;0,00422400653272118;-0,0152187840416277;0,00363086275215812;-1,10586522079591;0,268784860256986;FALSE;100;"5";"Combined"
"h_no2_ratio_preg_Log";"e3_bw";0;-0,00358920816909299;-0,00435594745299944;0,0053134619455749;-0,0140034022156439;0,00682498587745794;-0,0150610289586216;0,00528936016946307;-0,675493342355094;0,499362379784659;FALSE;100;"5";"Combined"
"h_pm10_ratio_preg_None";"e3_bw";0;-0,0114176973289136;-0,0113818189159624;0,00495081786411779;-0,021121122036602;-0,0017142726212252;-0,0212011866305791;-0,00184675324819309;-2,30622447488242;0,0210980926853236;TRUE;100;"5";"Combined"
"h_pm25_ratio_preg_None";"e3_bw";0;-0,00431172735334966;-0,00403871120298315;0,00358872196342609;-0,0113454931521927;0,00272203844549334;-0,0101210104198755;0,00386092631569929;-1,20146598072851;0,22957049511503;FALSE;100;"5";"Combined"
"h_accesslines300_preg_dic0";"e3_bw";0;0,0137634108300199;0,0154894002312422;0,013389014089745;-0,0124785745743797;0,0400053962344194;-0,0120053445606406;0,0419695070279875;1,02796298052757;0,303967241781915;FALSE;100;"5";"Combined"
"h_accesspoints300_preg_Log";"e3_bw";0;0,0039104106998424;0,00393769901080443;0,00522208402947254;-0,00632468592216557;0,0141455073218504;-0,00622825351097445;0,0139516543693208;0,748821864560724;0,453964579528433;FALSE;100;"5";"Combined"
"h_builtdens300_preg_Sqrt";"e3_bw";0;0,000299815819157695;-0,000624237940276028;0,00402711922090019;-0,00759319281525569;0,00819282445357108;-0,00946647202480709;0,00694594691288229;0,0744492036892508;0,940652958518283;FALSE;100;"5";"Combined"
"h_connind300_preg_Sqrt";"e3_bw";0;0,00104751634922617;0,00123675279355846;0,00391144868266032;-0,0066187821961647;0,00871381489461705;-0,00577175376365143;0,00816640315332652;0,267807770013672;0,788847289525076;FALSE;100;"5";"Combined"
"h_fdensity300_preg_Log";"e3_bw";0;0,00776638862155103;0,0075943791157492;0,00529754301602452;-0,00261660489640871;0,0181493821395108;-0,00193671300422569;0,016835042520359;1,46603597140382;0,142638487386373;FALSE;100;"5";"Combined"
"h_frichness300_preg_None";"e3_bw";0;0,00952554604750861;0,00942055516044537;0,00464848802273039;0,000414676940391242;0,018636415154626;0,00166305990764203;0,0180645464750868;2,04917082735938;0,0404454136238577;TRUE;100;"5";"Combined"
"h_landuseshan300_preg_None";"e3_bw";0;0,010387977461041;0,00950210006953539;0,00356911543535824;0,0033926397510729;0,0173833151710092;0,00108632282198779;0,0163879320645742;2,9105187683565;0,00360829294793032;TRUE;100;"5";"Combined"
"h_popdens_preg_Sqrt";"e3_bw";0;0,00605428982203515;0,00689293262125113;0,00350986133545344;-0,000824911986183246;0,0129334916302535;-0,000146794235721183;0,0123038355667078;1,72493703978565;0,0845388195166682;FALSE;100;"5";"Combined"
"h_walkability_mean_preg_None";"e3_bw";0;-0,00663664211867122;-0,00718669590811441;0,00353596704882367;-0,013567010184886;0,000293725947543551;-0,0145615095161082;-0,00102593783785372;-1,87689591759037;0,060532360515335;FALSE;100;"5";"Combined"
"hs_as_m_Log2";"e3_bw";0;0,00292756406996037;0,00319508449779184;0,00337631615778177;-0,00368989399971254;0,00954502213963329;-0,00283271780053856;0,00889290295263014;0,867088250373975;0,385893657877028;FALSE;100;"5";"Combined"
"hs_cd_m_Log2";"e3_bw";0;0,00239601935154713;0,00337363689148609;0,00380460413967493;-0,00506086773764772;0,00985290644074199;-0,00294719706980042;0,0107031823435527;0,629768371053671;0,528846142221426;FALSE;100;"5";"Combined"
"hs_co_m_Log2";"e3_bw";0;-0,0020465078192575;-0,0017546432919636;0,00301707095957298;-0,00795985823882224;0,00386684260030725;-0,00713524876526054;0,00447917355376933;-0,678309475209409;0,497575492202903;FALSE;100;"5";"Combined"
"hs_cs_m_Log2";"e3_bw";0;-0,00474563287284449;-0,00486379580934839;0,00300434605774741;-0,0106340429431243;0,00114277719743533;-0,0108721870761367;0,00042576794441899;-1,57958929551633;0,11420095226605;FALSE;100;"5";"Combined"
"hs_cu_m_Log2";"e3_bw";0;-0,00338393546040491;-0,0032484733215511;0,00322947686210552;-0,00971359379903714;0,00294572287822733;-0,0100489359616348;0,00362174962969915;-1,04782774576025;0,294717976720258;FALSE;100;"5";"Combined"
"hs_hg_m_Log2";"e3_bw";0;-0,000625933498258633;-0,000507515876128901;0,00349604989405319;-0,00747806537875796;0,0062261983822407;-0,00700328647686872;0,00585972590277318;-0,179040207441933;0,857906130766981;FALSE;100;"5";"Combined"
"hs_mn_m_Log2";"e3_bw";0;-0,00145582601231533;-0,000952460512173267;0,00301980261157357;-0,00737453037141952;0,00446287834678886;-0,0069307382843267;0,00475485735045172;-0,482093103282907;0,629739808918987;FALSE;100;"5";"Combined"
"hs_mo_m_Log2";"e3_bw";0;-0,00192148371805363;-0,00157859143132657;0,00300740499776324;-0,00781588920059535;0,00397292176448809;-0,00728900157245238;0,00360097904937095;-0,638917511769359;0,522876595231804;FALSE;100;"5";"Combined"
"hs_pb_m_Log2";"e3_bw";0;-0,00375342826878102;-0,00398965683346992;0,00293273917191036;-0,00950149142177514;0,00199463488421311;-0,0105540678873586;0,00263587415327095;-1,27983705633668;0,200602448334146;FALSE;100;"5";"Combined"
"h_humidity_preg_None";"e3_bw";0;0,02247588676936;0,0226197796822021;0,00410767334239022;0,0144249949580199;0,0305267785807001;0,0150975520646758;0,0290135998915328;5,47168309062314;4,45781467725044e-08;TRUE;100;"5";"Combined"
"h_pressure_preg_None";"e3_bw";0;-0,0175712281739549;-0,0169808351491541;0,00612723975781558;-0,0295803974239153;-0,00556205892399439;-0,0267820498830495;-0,00474946286497547;-2,86772329278317;0,00413436947198238;TRUE;100;"5";"Combined"
"h_temperature_preg_None";"e3_bw";0;-0,000392395295534931;-0,00101315977245851;0,00429144135372417;-0,00880346579060011;0,00801867519953025;-0,00915887815307433;0,00643141901075715;-0,0914367139596131;0,927145590401255;FALSE;100;"5";"Combined"
"h_ndvi100_preg_None";"e3_bw";0;0,00891184179731785;0,00799909648332334;0,00467830306713026;-0,000257463723020724;0,0180811473176564;-0,000557577583199314;0,0174317830730195;1,90493041375032;0,0567891171647147;FALSE;100;"5";"Combined"
"hs_dde_madj_Log2";"e3_bw";0;-0,00703138227617337;-0,00608442170862941;0,0030340880395177;-0,0129780855595518;-0,00108467899279493;-0,0120030206402551;-0,000623484530072255;-2,31746151878014;0,0204786045338996;TRUE;100;"5";"Combined"
"hs_ddt_madj_Log2";"e3_bw";0;-0,000583235347961101;-0,000585024719605785;0,003441244750777;-0,00732795112147154;0,00616148042554934;-0,00671689543865168;0,00566061293786601;-0,169483832217808;0,865416088415866;FALSE;100;"5";"Combined"
"hs_hcb_madj_Log2";"e3_bw";0;0,000397073705120141;-0,000148505933020999;0,00336999932453204;-0,00620800359888697;0,00700215100912725;-0,00697646830936879;0,00588891011605726;0,117826048874736;0,906205489293904;FALSE;100;"5";"Combined"
"hs_pcb118_madj_Log2";"e3_bw";0;0,00232653867035029;0,00208014304352991;0,00496919182120077;-0,00741289833147422;0,0120659756721748;-0,00654514462909773;0,011724486162629;0,468192566128006;0,639646887807641;FALSE;100;"5";"Combined"
"hs_pcb138_madj_Log2";"e3_bw";0;-0,00495966127655422;-0,00494676626599639;0,00361913270377779;-0,0120530310312298;0,0021337084781213;-0,0103533750744562;0,00240434362330118;-1,37040050268871;0,170561915264268;FALSE;100;"5";"Combined"
"hs_pcb153_madj_Log2";"e3_bw";0;-0,00651767289299973;-0,00637895628784269;0,00473264913796047;-0,0157934947548668;0,00275814896886733;-0,0136840484527565;0,00367045004271937;-1,37717221433586;0,16845901021314;FALSE;100;"5";"Combined"
"hs_pcb170_madj_Log2";"e3_bw";0;0,00120005299526059;0,00144904858511653;0,00454974508291341;-0,0077172835060879;0,0101173894966091;-0,00754195409313983;0,00930454869030133;0,26376268854433;0,791962786901032;FALSE;100;"5";"Combined"
"hs_pcb180_madj_Log2";"e3_bw";0;0,00608974508431365;0,00423933453469383;0,00736127687355584;-0,00833809246808341;0,0205175826367107;-0,0133752814110151;0,0138532189754112;0,827267495696303;0,408085462764749;FALSE;100;"5";"Combined"
"hs_sumPCBs5_madj_Log2";"e3_bw";0;-0,000411985279040735;-0,000989517135943941;0,00511347623446389;-0,0104342145343914;0,00961024397630997;-0,0107708798216934;0,00955130783901365;-0,0805685330585934;0,935785091805437;FALSE;100;"5";"Combined"
"hs_pfhxs_m_Log2";"e3_bw";0;0,0105407344645967;0,00963330194070192;0,00345110320049153;0,00377669648470235;0,017304772444491;0,00427130917618813;0,016922897916041;3,05430868108939;0,00225579843896551;TRUE;100;"5";"Combined"
"hs_pfna_m_Log2";"e3_bw";0;-0,00792821595241143;-0,00804325094116905;0,00435421962186425;-0,016462329592043;0,00060589768722012;-0,0167719903412328;-0,000890854636019288;-1,82081214107821;0,0686354181036903;FALSE;100;"5";"Combined"
"hs_pfoa_m_Log2";"e3_bw";0;-0,00207617638564048;-0,00229781871919833;0,00403211662302026;-0,00997897974822546;0,0058266269769445;-0,0104102153631551;0,00474723230162445;-0,51490980538289;0,606616048637532;FALSE;100;"5";"Combined"
"hs_pfos_m_Log2";"e3_bw";0;-0,0028436039435566;-0,00300742995356164;0,00408252048341754;-0,010845197057202;0,00515798917008883;-0,0109306570130444;0,00623713807745151;-0,696531457737152;0,486096063815703;FALSE;100;"5";"Combined"
"hs_pfunda_m_Log2";"e3_bw";0;-0,0023077919525733;-0,00268468315861664;0,00366828268952665;-0,00949749390915725;0,00488191000401065;-0,00946694002675428;0,00378016980631726;-0,629120530749252;0,529270150381538;FALSE;100;"5";"Combined"
"e3_asmokcigd_p_None";"e3_bw";0;-0,00651389404917493;-0,00673446064109607;0,00302904067797142;-0,0124507046857057;-0,000577083412644157;-0,0132455235201363;-0,000720805982438962;-2,15048087552834;0,0315171971456254;TRUE;100;"5";"Combined"
"h_distinvnear1_preg_Log";"e3_bw";0;-0,00126736859202375;-0,00149076819352378;0,00296074927542138;-0,00707033053910273;0,00453559335505522;-0,00615216566492805;0,00491362916775657;-0,428056709342056;0,668609833562439;FALSE;100;"5";"Combined"
"h_trafload_preg_pow1over3";"e3_bw";0;-0,00188373728598496;-0,00122625889662828;0,00318596976479088;-0,00812812328080863;0,00436064870883872;-0,00748676455539656;0,00517606619191815;-0,591260251996961;0,554346057558942;FALSE;100;"5";"Combined"
"h_trafnear_preg_pow1over3";"e3_bw";0;-0,00575353997221962;-0,00546137799784435;0,00434307292545048;-0,0142658064883336;0,00275872654389432;-0,0144918082624252;0,00161219454400125;-1,32476245989419;0,185249949500527;FALSE;100;"5";"Combined"
"h_bro_preg_Log";"e3_bw";0;0,00908785592747755;0,00931101142599505;0,00536176339932444;-0,0014210072288234;0,0195967190837785;0,000490199439698519;0,0204406294085415;1,69493788715529;0,0900872042979305;FALSE;100;"5";"Combined"
"h_clf_preg_Log";"e3_bw";0;0,00241495059227836;0,00260858703458103;0,00330743657413288;-0,00406750597417263;0,00889740715872935;-0,00407338265288269;0,00799887608745373;0,730157793853234;0,465293737903761;FALSE;100;"5";"Combined"
"h_thm_preg_Log";"e3_bw";0;0,00154122815678169;0,00167965535941921;0,00434394147349875;-0,00697274068222572;0,0100551969957891;-0,00696065112809151;0,0101308820542219;0,354799475587854;0,722739821274171;FALSE;100;"5";"Combined"
"e3_alcpreg_yn_None_1";"e3_bw";0;0,0154263216445079;0,0164096423319654;0,00611260460084445;0,00344583677511896;0,0274068065138969;0,00329813037789136;0,0265406555297424;2,52369041543711;0,0116130148664709;TRUE;100;"5";"Combined"
"h_pamod_t3_None_Often";"e3_bw";0;0,0937990033715931;0,0901435883618115;0,0114004223664232;0,0714545861248587;0,116143420618327;0,0690660259477983;0,109741860385087;8,22767791900869;1,90877490856308e-16;TRUE;100;"5";"Combined"
"h_pamod_t3_None_Sometimes";"e3_bw";0;0,0869523267757277;0,0821651475643861;0,0131028330849471;0,0612712458337914;0,112633407717664;0,057290829288655;0,104952772430876;6,63614702347241;3,21988687985246e-11;TRUE;100;"5";"Combined"
"h_pamod_t3_None_Very Often";"e3_bw";0;0,0873281846545294;0,0828258862209977;0,0112197570062179;0,0653378650070514;0,109318504302007;0,0644319595346196;0,0994238949321838;7,78342923167881;7,05846435343359e-15;TRUE;100;"5";"Combined"
"h_pavig_t3_None_Low";"e3_bw";0;0,106433931408064;0,103337613505739;0,0108851514082128;0,0850994266817013;0,127768436134427;0,0826623439605663;0,121597619993841;9,777900868495;1,4008568358684e-22;TRUE;100;"5";"Combined"
"h_pavig_t3_None_Medium";"e3_bw";0;0,100639672281489;0,0963675474638636;0,0106780685592272;0,0797110424809538;0,121568302082024;0,0754733691426095;0,115028824786661;9,42489474789174;4,30537148235085e-21;TRUE;100;"5";"Combined"
"hs_no2_dy_hs_h_Log";"e3_bw";0;0,0142892339668537;0,0144670394930415;0,00490444425524182;0,00467669986239538;0,0239017680713121;0,00524311379147189;0,0245372100123099;2,91352765434769;0,00357370182578083;TRUE;100;"5";"Combined"
"hs_no2_wk_hs_h_Log";"e3_bw";0;0,00973953837785255;0,0102366253532921;0,00482740582772232;0,000277996816758037;0,0192010799389471;-0,000898853584277238;0,0186622594372851;2,01755119114315;0,0436380245266421;TRUE;100;"5";"Combined"
"hs_no2_yr_hs_h_Log";"e3_bw";0;0,0283827339499328;0,0280326460449431;0,00477477999165691;0,0190243371321828;0,0377411307676828;0,0193068603229983;0,0378193503750914;5,94430193632516;2,77637437861967e-09;TRUE;100;"5";"Combined"
"hs_pm10_dy_hs_h_None";"e3_bw";0;-0,00315218089660501;-0,0024368461516129;0,00490986329940126;-0,0127753361324465;0,00647097433923646;-0,0111464457821335;0,00828272793787678;-0,642009910334857;0,520866748323112;FALSE;100;"5";"Combined"
"hs_pm10_wk_hs_h_None";"e3_bw";0;-0,00589028725133793;-0,00603792817646521;0,00381167489642393;-0,0133610327691043;0,00158045826642842;-0,0121741636659049;0,00239095696960557;-1,54532781818935;0,122266990013265;FALSE;100;"5";"Combined"
"hs_pm10_yr_hs_h_None";"e3_bw";0;-0,0108419602515651;-0,011222360503583;0,00431526961778649;-0,0192997332860065;-0,00238418721712364;-0,0194332277817252;-0,00302276762040377;-2,51246415910542;0,0119891282721721;TRUE;100;"5";"Combined"
"hs_pm25_dy_hs_h_None";"e3_bw";0;-0,00282334420603115;-0,00241972537421204;0,004398359752574;-0,0114439709121267;0,0057972825000644;-0,00971065323226712;0,00619708943475323;-0,641908430609587;0,520932639983652;FALSE;100;"5";"Combined"
"hs_pm25_wk_hs_h_None";"e3_bw";0;-0,00287861588989743;-0,00377517958903551;0,0045868446976352;-0,0118686662999409;0,00611143452014606;-0,0126652023897236;0,0047571484972433;-0,627580849070722;0,530278557510244;FALSE;100;"5";"Combined"
"hs_pm25_yr_hs_h_None";"e3_bw";0;0,0106768278610499;0,01170031612793;0,00530623634760157;0,00027679572629351;0,0210768599958064;0,00279737040433323;0,0219628150609236;2,01212821322516;0,0442064233116211;TRUE;100;"5";"Combined"
"hs_pm25abs_dy_hs_h_Log";"e3_bw";0;0,00198447708347252;0,00117938166754179;0,00345469887326772;-0,00478660828556331;0,00875556245250835;-0,00569944122634419;0,007958268357123;0,574428381827517;0,565677951550875;FALSE;100;"5";"Combined"
"hs_pm25abs_wk_hs_h_Log";"e3_bw";0;-0,0101923117290109;-0,00973070604254756;0,00353894602965562;-0,0171285184903669;-0,00325610496765486;-0,0156095695840352;-0,00277403755318352;-2,88004158402006;0,00397622722312221;TRUE;100;"5";"Combined"
"hs_pm25abs_yr_hs_h_Log";"e3_bw";0;-0,00912449890985065;-0,00824810281063275;0,00430326471592075;-0,0175587427689973;-0,000690255050703989;-0,017184745833791;-0,000535977836818007;-2,12036663143051;0,0339751384685844;TRUE;100;"5";"Combined"
"hs_accesslines300_h_dic0";"e3_bw";0;-0,016773586285186;-0,0160649979063372;0,014578944008198;-0,0453477914738802;0,0118006189035081;-0,0403226853331514;0,0128170388605112;-1,15053506452552;0,249923560689164;FALSE;100;"5";"Combined"
"hs_accesspoints300_h_Log";"e3_bw";0;-0,00633153064511826;-0,00497133445804846;0,00521433910299634;-0,01655144749017;0,00388838619993345;-0,0145005547981044;0,00475352646332718;-1,21425371845877;0,22465085299495;FALSE;100;"5";"Combined"
"hs_builtdens300_h_Sqrt";"e3_bw";0;0,000549804118405451;0,000488775127841726;0,00437768306430816;-0,00803029702336948;0,00912990526018038;-0,00779575774231775;0,00803390061288435;0,125592490440452;0,900054507645418;FALSE;100;"5";"Combined"
"hs_connind300_h_Log";"e3_bw";0;0,00764601177259036;0,00766525778028143;0,00310290356125205;0,00156443254503527;0,0137275910001455;0,0015644362273267;0,0136475225456842;2,46414740956536;0,0137339614917844;TRUE;100;"5";"Combined"
"hs_fdensity300_h_Log";"e3_bw";0;0,00694807697027882;0,00663060375538107;0,0048949782286657;-0,00264590406301362;0,0165420580035713;-0,000943493137045734;0,0165708994029706;1,41942959615017;0,155773808994958;FALSE;100;"5";"Combined"
"hs_landuseshan300_h_None";"e3_bw";0;-0,00101431384699328;-0,00117701228848266;0,00327937314932623;-0,00744176711154038;0,00541313941755382;-0,00673314698312285;0,00581200917247724;-0,309301137993911;0,757092465391697;FALSE;100;"5";"Combined"
"hs_popdens_h_Sqrt";"e3_bw";0;-0,00443764966745993;-0,00413058853298555;0,00328485790543891;-0,0108758528564519;0,00200055352153201;-0,0094120221341057;0,00254325967613516;-1,35094113511342;0,176714289853381;FALSE;100;"5";"Combined"
"hs_walkability_mean_h_None";"e3_bw";0;-0,0046947146809631;-0,00456123879602095;0,00388043628808234;-0,0123002300499068;0,00291080068798057;-0,0107100760613376;0,00371831885956781;-1,20984196941504;0,226339538230689;FALSE;100;"5";"Combined"
"hs_accesslines300_s_dic0";"e3_bw";0;0,00346837440275152;0,00259380628363848;0,0122355049976642;-0,0205127747253301;0,0274495235308331;-0,0208642692453593;0,0303754289005406;0,283468022236406;0,776818091333866;FALSE;100;"5";"Combined"
"hs_accesspoints300_s_Log";"e3_bw";0;0,00371589630784303;0,00349608661763941;0,00371225864459092;-0,00355999693685264;0,0109917895525387;-0,00306090005729415;0,0109399986652435;1,00097990565863;0,316836523242464;FALSE;100;"5";"Combined"
"hs_builtdens300_s_Sqrt";"e3_bw";0;-0,00348394309536982;-0,00343979155255303;0,003833405643933;-0,0109972800956111;0,00402939390487143;-0,0118206748290197;0,00415314504645628;-0,908837576551217;0,363435868321908;FALSE;100;"5";"Combined"
"hs_connind300_s_Log";"e3_bw";0;0,00567167011367061;0,005109111824276;0,00341461083521588;-0,00102084414457275;0,012364184371914;-0,00203469169263811;0,0117413510205008;1,66100044408488;0,0967133575215803;FALSE;100;"5";"Combined"
"hs_fdensity300_s_Log";"e3_bw";0;0,00541408262963006;0,00554697257805283;0,00444065104712322;-0,00328943349064153;0,0141175987499016;-0,00142751217351194;0,0145036461754621;1,2192092042759;0,222764799358234;FALSE;100;"5";"Combined"
"hs_landuseshan300_s_None";"e3_bw";0;-0,00195667222460793;-0,00144789125002704;0,00307830692347581;-0,00799004292798082;0,00407669847876495;-0,00723987374793431;0,00468675621432555;-0,635632597154605;0,525015917949652;FALSE;100;"5";"Combined"
"hs_popdens_s_Sqrt";"e3_bw";0;0,00336078016395333;0,00297565546551516;0,00346050305588188;-0,00342168119396596;0,0101432415218726;-0,00416301357170859;0,00854007502526588;0,971182544757747;0,331457384494515;FALSE;100;"5";"Combined"
"h_Absorbance_Log";"e3_bw";0;0,00765272447436848;0,00677974075412793;0,0032710055308285;0,00124167144071331;0,0140637775080237;0,000645834817331654;0,0121715600533331;2,33956329399118;0,0193062999222664;TRUE;100;"5";"Combined"
"h_Benzene_Log";"e3_bw";0;-0,00561263754349067;-0,00654147027616171;0,00339059486571686;-0,0122580813664621;0,00103280627948079;-0,013777458265961;-0,00119647363235725;-1,65535481700908;0,0978525455128138;FALSE;100;"5";"Combined"
"h_NO2_Log";"e3_bw";0;0,009894781130482;0,00991642186537916;0,00389209388061478;0,0022664173000283;0,0175231449609357;0,00284559789577939;0,0185650113625243;2,54227709659436;0,0110132823278269;TRUE;100;"5";"Combined"
"h_PM_Log";"e3_bw";0;0,00438344392163978;0,00433555445182703;0,00314885529773521;-0,00178819905444939;0,0105550868977289;-0,00062233322995324;0,0112147790802939;1,39207537570638;0,163899574032815;FALSE;100;"5";"Combined"
"h_TEX_Log";"e3_bw";0;0,000979601976707456;0,00158909948173129;0,00279323230350447;-0,00449503273861515;0,00645423669203006;-0,00348644625485193;0,00671550477800899;0,350705516142864;0,725809286814847;FALSE;100;"5";"Combined"
"hs_KIDMED_None";"e3_bw";0;0,00218855963611192;0,00270926003378799;0,00333097620679034;-0,00434003376255699;0,00871715303478083;-0,00355925606139067;0,00879169265925866;0,65703250345963;0,511160017072107;FALSE;100;"5";"Combined"
"hs_mvpa_prd_alt_None";"e3_bw";0;0,00243864505135762;0,00263709338159598;0,00450350312295398;-0,00638805887389583;0,0112653489766111;-0,00594882699873248;0,0126563529244066;0,541499580388442;0,588163286800183;FALSE;100;"5";"Combined"
"hs_sd_wk_None";"e3_bw";0;-0,00315902161476499;-0,0028076225701511;0,00332913516501045;-0,00968400663785127;0,00336596340832129;-0,00900295917467905;0,00294723966763611;-0,948901578994639;0,342670671417482;FALSE;100;"5";"Combined"
"hs_dif_hours_total_None";"e3_bw";0;-0,00457629157807036;-0,00317330160000209;0,00338459655200917;-0,0112099789222068;0,00205739576606605;-0,00916749820112668;0,00358407032856633;-1,3520936713576;0,17634535160917;FALSE;100;"5";"Combined"
"hs_as_c_Log2";"e3_bw";0;0,00321697326837039;0,00307076876642378;0,00300260665032129;-0,00266802762599979;0,00910197416274057;-0,00373607454214619;0,00858307255520593;1,07139350671396;0,283992531248154;FALSE;100;"5";"Combined"
"hs_cd_c_Log2";"e3_bw";0;0,00116483661504919;0,0011188854874347;0,00275329852443239;-0,00423152933152556;0,00656120256162395;-0,00398341357245784;0,00702144499466772;0,423069494539947;0,672244558435666;FALSE;100;"5";"Combined"
"hs_co_c_Log2";"e3_bw";0;-0,00335221416566528;-0,0027586782233521;0,00275096022065494;-0,00874399712105133;0,00203956878972076;-0,00773451994878319;0,00168362887585377;-1,21856148282188;0,223010675682967;FALSE;100;"5";"Combined"
"hs_cs_c_Log2";"e3_bw";0;-0,0024388162504594;-0,00210147476279929;0,00352509869208107;-0,00934788272888755;0,00447025022796875;-0,00936779893946405;0,00597518717657026;-0,691843396026913;0,489035680803833;FALSE;100;"5";"Combined"
"hs_cu_c_Log2";"e3_bw";0;-0,00163011311819483;-0,00150675268443846;0,00320333967068466;-0,00790854350298516;0,00464831726659549;-0,0076421050055621;0,00433417320272619;-0,508879259078519;0,610836858952676;FALSE;100;"5";"Combined"
"hs_hg_c_Log2";"e3_bw";0;-0,00934288399921113;-0,00851719153727244;0,00345635501930946;-0,0161172153548419;-0,00256855264358035;-0,0147767251177337;-0,00191432650896817;-2,70310310920483;0,00686954329130876;TRUE;100;"5";"Combined"
"hs_mn_c_Log2";"e3_bw";0;-0,00265826509421661;-0,00349176995438261;0,00333374288041528;-0,00919228107354738;0,00387575088511416;-0,00996681068474159;0,00187145025441783;-0,797381558677816;0,42522946616012;FALSE;100;"5";"Combined"
"hs_mo_c_Log2";"e3_bw";0;-0,00295530798417441;-0,00280325822150198;0,0029283783612642;-0,00869482410535867;0,00278420813700985;-0,00734617749531792;0,00233419388241395;-1,00919608724966;0,312880602771185;FALSE;100;"5";"Combined"
"hs_pb_c_Log2";"e3_bw";0;0,000888841252791589;0,0014439586935667;0,00293101429018795;-0,00485584119414902;0,0066335236997322;-0,00421521113662823;0,00693110097404006;0,303253810725908;0,761696443433315;FALSE;100;"5";"Combined"
"hs_hum_mt_hs_h_None";"e3_bw";0;-0,00921750126317087;-0,00955813076435025;0,00555574514601413;-0,0201065616566418;0,00167155913030004;-0,0198181970918372;-0,000272833035813607;-1,6590936086735;0,0970969309772671;FALSE;100;"5";"Combined"
"hs_tm_mt_hs_h_None";"e3_bw";0;0,00631931880061591;0,00526242633129539;0,00396955117985145;-0,00146085854668142;0,0140994961479132;-0,00221702386195148;0,0129408350753285;1,59194793423784;0,111396403812905;FALSE;100;"5";"Combined"
"hs_uvdvf_mt_hs_h_None";"e3_bw";0;-0,0050190937632006;-0,00452010877363016;0,00440390609683886;-0,0136505911043011;0,00361240357789993;-0,0134796246217092;0,00357954793106519;-1,13969136780717;0,254414904726272;FALSE;100;"5";"Combined"
"hs_hum_dy_hs_h_None";"e3_bw";0;-0,00523511543979593;-0,0058511836620873;0,00344464826163429;-0,0119865019720076;0,00151627109241578;-0,011895158257753;0,000345827890947628;-1,51978229478564;0,128565700384855;FALSE;100;"5";"Combined"
"hs_hum_wk_hs_h_None";"e3_bw";0;-0,0130802954126623;-0,0130155386746087;0,00406114538816044;-0,0210399941094377;-0,0051205967158869;-0,0210095407018861;-0,00602695967181386;-3,22083899059502;0,00127815933437248;TRUE;100;"5";"Combined"
"hs_tm_dy_hs_h_None";"e3_bw";0;-0,00189573481557741;-0,00189574616232908;0,00415485397327197;-0,0100390989642136;0,0062476293330588;-0,0101797252391527;0,00548431622300244;-0,456269902088642;0,648195904443076;FALSE;100;"5";"Combined"
"hs_tm_wk_hs_h_None";"e3_bw";0;-0,00243218422186702;-0,00187800328971802;0,00438666836241916;-0,0110298962243299;0,00616552778059583;-0,00973540598239988;0,00563605116854715;-0,554449076365946;0,579271547361332;FALSE;100;"5";"Combined"
"hs_uvdvf_dy_hs_h_None";"e3_bw";0;0,00349057891105504;0,00295274529486783;0,00411763043478201;-0,00457982844276371;0,0115609862648738;-0,0038892760590974;0,00991505205756919;0,84771544371;0,396596463407142;FALSE;100;"5";"Combined"
"hs_uvdvf_wk_hs_h_None";"e3_bw";0;-0,0132868309595194;-0,0132845300461679;0,00465165632803608;-0,0224039098309279;-0,00416975208811081;-0,0225166347656955;-0,00491485759181118;-2,856365565839;0,00428521430627863;TRUE;100;"5";"Combined"
"hs_ndvi100_h_None";"e3_bw";0;0,00811651204373538;0,00954462687092424;0,00423416899757343;-0,000182306695964593;0,0164153307834354;0,00123644135751044;0,0171504514204219;1,91690791000239;0,0552496319991239;FALSE;100;"5";"Combined"
"hs_ndvi100_s_None";"e3_bw";0;0,0123783299346226;0,0120493962035581;0,00462135313497372;0,00332064423023286;0,0214360156390124;0,00428757403647444;0,0219205304723547;2,67850769527765;0,00739510328753479;TRUE;100;"5";"Combined"
"hs_dde_cadj_Log2";"e3_bw";0;-0,00385317619657102;-0,00427288605703324;0,00359405096063612;-0,0108973866380194;0,00319103424487735;-0,0117228307064535;0,00201204127484305;-1,0720983755581;0,283675848424058;FALSE;100;"5";"Combined"
"hs_ddt_cadj_Log2";"e3_bw";0;-0,00874857145026952;-0,00823858109076381;0,0029080512858777;-0,0144482472357852;-0,00304889566475384;-0,0135974513575915;-0,00277177641303557;-3,00839654814721;0,00262630200577395;TRUE;100;"5";"Combined"
"hs_hcb_cadj_Log2";"e3_bw";0;-0,0052595351734772;-0,00650231333130503;0,0052927833723939;-0,0156331999613417;0,00511412961438729;-0,0167831210904918;0,00228883157214017;-0,993718201449522;0,320360078898196;FALSE;100;"5";"Combined"
"hs_pcb118_cadj_Log2";"e3_bw";0;-0,000137232729331899;-0,000472154017073087;0,0043408839376233;-0,00864520890814197;0,00837074344947817;-0,0104700742404546;0,00694523854314108;-0,0316140056504334;0,974779874079288;FALSE;100;"5";"Combined"
"hs_pcb138_cadj_Log2";"e3_bw";0;0,00110165638753127;0,000272772022376657;0,00481566872583656;-0,00833688087658427;0,0105401936516468;-0,00933585564607487;0,00846819166648825;0,228764985768388;0,819051582449038;FALSE;100;"5";"Combined"
"hs_pcb153_cadj_Log2";"e3_bw";0;0,00102925119415162;0,000779201590648409;0,0048430245205399;-0,00846290244235095;0,0105214048306542;-0,00783120575076034;0,00904152154815972;0,21252239995615;0,83169950425218;FALSE;100;"5";"Combined"
"hs_pcb170_cadj_Log2";"e3_bw";0;-0,00786545759255202;-0,00869687104589591;0,00370392946307556;-0,0151250259414569;-0,000605889243647142;-0,0157766031219831;-0,00242678434366194;-2,1235441092933;0,0337082833563918;TRUE;100;"5";"Combined"
"hs_pcb180_cadj_Log2";"e3_bw";0;-0,000947459986301254;0,000359968262292492;0,0039991186975256;-0,00878558860335216;0,00689066863074965;-0,00736886042622799;0,00817351904966366;-0,23691719550297;0,812721029631951;FALSE;100;"5";"Combined"
"hs_sumPCBs5_cadj_Log2";"e3_bw";0;-0,00867613434169674;-0,00775924927265294;0,00400641378606311;-0,0165285610695452;-0,000823707613848283;-0,015412054376966;-0,000863144927028712;-2,16556122382514;0,0303447321887892;TRUE;100;"5";"Combined"
"hs_pfhxs_c_Log2";"e3_bw";0;0,0100033039726691;0,00942007329793639;0,00398921849156645;0,00218457940273762;0,0178220285426005;0,00116517944302237;0,0162313792966757;2,50758488005029;0,0121559382177495;TRUE;100;"5";"Combined"
"hs_pfna_c_Log2";"e3_bw";0;-0,00375612013596272;-0,0042076536191533;0,00368359083276034;-0,0109758255019549;0,00346358523002945;-0,0115715463819373;0,00221996769773185;-1,01968983703546;0,307875583112607;FALSE;100;"5";"Combined"
"hs_pfoa_c_Log2";"e3_bw";0;0,0051209733158864;0,00557749576615268;0,00321556330057437;-0,00118141494324811;0,0114233615750209;-0,00072072557883345;0,012077883568567;1,59255870191443;0,111259224351084;FALSE;100;"5";"Combined"
"hs_pfos_c_Log2";"e3_bw";0;-0,00291375673280544;-0,00264467412289862;0,00338562043022729;-0,00954945084137394;0,00372193737576306;-0,0097009983309933;0,00385723345151212;-0,860627111885022;0,389443448769764;FALSE;100;"5";"Combined"
"hs_pfunda_c_Log2";"e3_bw";0;0,00102232660229299;0,000783311619421995;0,00319650198119064;-0,0052427021573516;0,00728735536193758;-0,00557042435174166;0,00667435447571254;0,319826675631275;0,749099724649822;FALSE;100;"5";"Combined"
"hs_hm_pers_None";"e3_bw";0;-0,000718226273115443;0,000221673699919941;0,0028053956207249;-0,00621670065212263;0,00478024810589175;-0,00454087663887002;0,0065974511686871;-0,256016038454447;0,797938453035988;FALSE;100;"5";"Combined"
"hs_trafload_h_pow1over3";"e3_bw";0;0,00141854483417796;0,000828950804150846;0,0032750816300513;-0,00500049720715131;0,00783758687550723;-0,00547928028647254;0,00664336509019587;0,433132664896582;0,664918393383245;FALSE;100;"5";"Combined"
"hs_trafnear_h_pow1over3";"e3_bw";0;-0,00727194842506121;-0,00674854451372725;0,00453152431374017;-0,0161535728750595;0,00160967602493711;-0,0147624241548634;0,00348896050289271;-1,60474664187759;0,108549572851767;FALSE;100;"5";"Combined"
"FAS_cat_None_Low";"e3_bw";0;0,0175050362116439;0,0152554440784827;0,00942535134974237;-0,000968312975487148;0,0359783853987749;-0,00267846648773598;0,0299321528901736;1,85722903710347;0,0632785754870653;FALSE;100;"5";"Combined"
"FAS_cat_None_Middle";"e3_bw";0;0,0202653086200091;0,0190619999591585;0,00663055008632912;0,00726966925311503;0,0332609479869031;0,0070981317600437;0,0297812189906361;3,05635405149749;0,00224046525445292;TRUE;100;"5";"Combined"
"hs_globalexp2_None_no exposure";"e3_bw";0;0,0241747722909637;0,0233591728670052;0,00646092864003286;0,0115115848498159;0,0368379597321114;0,0127860519576124;0,0364937013796859;3,74168693663837;0,000182789134382195;TRUE;100;"5";"Combined"
"h_abs_ratio_preg_Log";"hs_asthma";0;-0,0424148088403512;-0,0390717953714868;0,0725400703126419;-0,184590734089133;0,0997611164084301;-0,17234709517137;0,0983546090158871;-0,584708681113029;0,55874361588613;FALSE;100;"5";"Combined"
"h_no2_ratio_preg_Log";"hs_asthma";0;0,0130913226125126;0,00789107936787259;0,0761472807870173;-0,1361546052507;0,162337250475725;-0,130215775453517;0,16579540182365;0,171921078168619;0,863499575325614;FALSE;100;"5";"Combined"
"h_pm10_ratio_preg_None";"hs_asthma";0;0,0549730304050348;0,0529122002009752;0,0656986757731657;-0,0737940079423441;0,183740068752414;-0,0599008789781402;0,179286646220219;0,836744877398096;0,402735987714594;FALSE;100;"5";"Combined"
"h_pm25_ratio_preg_None";"hs_asthma";0;-0,0843051749676009;-0,0780757560317018;0,0714607249778503;-0,224365622233309;0,0557552722981075;-0,202959466069164;0,0492819659364713;-1,17974138932584;0,238103086855429;FALSE;100;"5";"Combined"
"h_accesslines300_preg_dic0";"hs_asthma";0;-0,303994133648619;-0,283883540036612;0,189252464280074;-0,674922147623017;0,0669338803257777;-0,667567421440024;0,0337449863652522;-1,60628890516712;0,108210446950637;FALSE;100;"5";"Combined"
"h_accesspoints300_preg_Log";"hs_asthma";0;0,033383424430979;0,0259155268698583;0,0722729000929771;-0,108268856809518;0,175035705671476;-0,101290319567428;0,14936882905853;0,461907912758893;0,644147359372154;FALSE;100;"5";"Combined"
"h_builtdens300_preg_Sqrt";"hs_asthma";0;-0,0199757726810251;-0,0175748694368782;0,0726246452743072;-0,162317461808664;0,122365916446614;-0,177192163644883;0,0989260937944302;-0,275055012049636;0,783273974088774;FALSE;100;"5";"Combined"
"h_connind300_preg_Sqrt";"hs_asthma";0;0,0719932633832481;0,0629007017232752;0,0582316199682711;-0,0421386145159866;0,186125141282483;-0,0472171868925893;0,165105340180246;1,23632595868835;0,216337425732661;FALSE;100;"5";"Combined"
"h_fdensity300_preg_Log";"hs_asthma";0;-0,0432726912586331;-0,0455456067483208;0,0670091019039491;-0,174608117626748;0,0880627351094814;-0,178514126950056;0,0797887937695937;-0,645773335697891;0,518426158760136;FALSE;100;"5";"Combined"
"h_frichness300_preg_None";"hs_asthma";0;0,0826907413349477;0,0743224807239597;0,0697939341162829;-0,054102855872328;0,219484338542223;-0,0605281091146503;0,180025410567397;1,18478407016257;0,236102832519535;FALSE;100;"5";"Combined"
"h_landuseshan300_preg_None";"hs_asthma";0;-0,0640938525683158;-0,0553842857778305;0,0773718717748472;-0,215739934663467;0,0875522295268358;-0,192181595425341;0,0792587686211643;-0,828386997729995;0,40745136768683;FALSE;100;"5";"Combined"
"h_popdens_preg_Sqrt";"hs_asthma";0;-0,203970803612005;-0,194910070609849;0,0670355263576396;-0,335358020957664;-0,0725835862663455;-0,32997603707349;-0,07008920021646;-3,04272696426377;0,00234444945903689;TRUE;100;"5";"Combined"
"h_walkability_mean_preg_None";"hs_asthma";0;0,149121177408517;0,139352471662437;0,0801228994115178;-0,00791681977498301;0,306159174592018;-0,00610998242879588;0,279007624610546;1,86115553111251;0,0627222161095758;FALSE;100;"5";"Combined"
"hs_as_m_Log2";"hs_asthma";0;0,019620317322396;0,0162107490994337;0,0778211451337246;-0,132906324375369;0,172146959020161;-0,108922953441081;0,153065684909103;0,252120645213859;0,800947812728334;FALSE;100;"5";"Combined"
"hs_cd_m_Log2";"hs_asthma";0;-0,293982489861618;-0,287531332074312;0,068145524536272;-0,427545263660302;-0,160419716062934;-0,409449452649083;-0,162015757541404;-4,3140395772453;1,60298230651048e-05;TRUE;100;"5";"Combined"
"hs_co_m_Log2";"hs_asthma";0;0,0167193371220433;0,0199224821428598;0,0781552525384721;-0,136462143055995;0,169900817300081;-0,13875999730618;0,172388776614203;0,213924676576449;0,830605796530227;FALSE;100;"5";"Combined"
"hs_cs_m_Log2";"hs_asthma";0;0,00958390251455877;0,0132937979405977;0,0691483502473665;-0,125944373560641;0,145112178589758;-0,13990601285099;0,116127488256467;0,138599149224443;0,889766915642286;FALSE;100;"5";"Combined"
"hs_cu_m_Log2";"hs_asthma";0;0,0228368947732375;0,0212523291903876;0,0674758745984648;-0,109413389265095;0,15508717881157;-0,116284413925179;0,134865152766906;0,338445331892847;0,73502761757378;FALSE;100;"5";"Combined"
"hs_hg_m_Log2";"hs_asthma";0;-0,0667547376116611;-0,0617666172488591;0,0754827709316321;-0,214698250090947;0,0811887748676247;-0,195897170733411;0,0703870865404975;-0,884370523071068;0,376496229794526;FALSE;100;"5";"Combined"
"hs_mn_m_Log2";"hs_asthma";0;-0,00806308164271623;-0,00734724637609737;0,0804248645155925;-0,165692919554791;0,149566756269358;-0,13801627923895;0,150975121452472;-0,100256079898686;0,920141024914952;FALSE;100;"5";"Combined"
"hs_mo_m_Log2";"hs_asthma";0;0,0525523352191387;0,0443786020616256;0,0631217334761567;-0,0711639890358647;0,176268659474142;-0,0920909881686717;0,160818740366982;0,832555323262621;0,405095564670964;FALSE;100;"5";"Combined"
"hs_pb_m_Log2";"hs_asthma";0;0,0429134324293378;0,0410618810729661;0,0792834827967149;-0,112479338421124;0,1983062032798;-0,117434293680229;0,176670682894148;0,541265732982102;0,588324435871959;FALSE;100;"5";"Combined"
"h_humidity_preg_None";"hs_asthma";0;-0,0914644842655302;-0,093910321437144;0,0525725155665572;-0,194504721352654;0,0115757528215932;-0,196791656684629;0,00609556994431926;-1,73977758682168;0,0818980795214136;FALSE;100;"5";"Combined"
"h_pressure_preg_None";"hs_asthma";0;0,0747707103862245;0,0703805245226769;0,0546021923474646;-0,0322476200917347;0,181789040864184;-0,0352609459916125;0,168161982251137;1,36937194591778;0,170883038980464;FALSE;100;"5";"Combined"
"h_temperature_preg_None";"hs_asthma";0;-0,0221672397317566;-0,0154446099637587;0,0699533967614297;-0,1592733779804;0,114938898516886;-0,126790337954192;0,112318548577787;-0,316885823391195;0,751330239402519;FALSE;100;"5";"Combined"
"h_ndvi100_preg_None";"hs_asthma";0;0,123193137093908;0,119710203599394;0,0776443095930357;-0,02898691331292;0,275373187500735;-0,0346171321632756;0,279366558537293;1,58663445833457;0,112595458404376;FALSE;100;"5";"Combined"
"hs_dde_madj_Log2";"hs_asthma";0;-0,0636655219916907;-0,0649762254454125;0,0623637793802959;-0,185896283516872;0,0585652395334909;-0,177048887031578;0,0612531652446407;-1,02087337592959;0,307314434563694;FALSE;100;"5";"Combined"
"hs_ddt_madj_Log2";"hs_asthma";0;-0,019571397494802;-0,0122515105322583;0,0761541056923984;-0,16883070192676;0,129687906937156;-0,144053669271321;0,126348482335344;-0,256997273053863;0,797180878180396;FALSE;100;"5";"Combined"
"hs_hcb_madj_Log2";"hs_asthma";0;0,114456972834762;0,113609235408696;0,0603504728739236;-0,0038277804480899;0,232741726117614;-0,00403759865546101;0,220261464643123;1,8965381277769;0,057888923250054;FALSE;100;"5";"Combined"
"hs_pcb118_madj_Log2";"hs_asthma";0;0,0797154530252117;0,0764431175985621;0,0717606231890739;-0,0609327839335229;0,220363689983946;-0,0681528313547005;0,210234349794761;1,11085229590577;0,266631931983637;FALSE;100;"5";"Combined"
"hs_pcb138_madj_Log2";"hs_asthma";0;0,0212154197754268;0,022232738204593;0,0599939514138532;-0,0963705642859712;0,138801403836825;-0,089701689834965;0,137595696457526;0,353625978543697;0,723619202726838;FALSE;100;"5";"Combined"
"hs_pcb153_madj_Log2";"hs_asthma";0;0,135191388630283;0,124695281262291;0,0518759569798464;0,0335163812862353;0,236866395974331;0,0294926026821649;0,222043551609421;2,60605098201475;0,00915928274254113;TRUE;100;"5";"Combined"
"hs_pcb170_madj_Log2";"hs_asthma";0;-0,140999215572887;-0,1330884276391;0,0583270058143786;-0,255318046295127;-0,0266803848506464;-0,252421809573992;-0,0224791444691098;-2,41739162852978;0,0156321881073589;TRUE;100;"5";"Combined"
"hs_pcb180_madj_Log2";"hs_asthma";0;0,00878905076515284;0,00541832040910094;0,0705006873929824;-0,12938975741041;0,146967858940715;-0,122309203037852;0,129686199571491;0,124666171212789;0,900787839878974;FALSE;100;"5";"Combined"
"hs_sumPCBs5_madj_Log2";"hs_asthma";0;0,0414207141409654;0,034430216810617;0,0655697275199426;-0,0870935902742268;0,169935018556158;-0,0996969602344688;0,150557440801468;0,631704838614246;0,527579765700768;FALSE;100;"5";"Combined"
"hs_pfhxs_m_Log2";"hs_asthma";0;-0,0252942526619195;-0,0279100087408488;0,065156453306664;-0,152998554503347;0,102410049179508;-0,19343327628531;0,0812538080558416;-0,38820794224127;0,697862156130342;FALSE;100;"5";"Combined"
"hs_pfna_m_Log2";"hs_asthma";0;0,122882517091744;0,125985575834486;0,0688950249279429;-0,0121492504810133;0,257914284664501;-0,0043337202834316;0,26667055724204;1,78361960417703;0,0744854978566029;FALSE;100;"5";"Combined"
"hs_pfoa_m_Log2";"hs_asthma";0;0,110135132236917;0,110221428031314;0,0651180937063479;-0,0174939861694292;0,237764250643263;-0,0179347743470999;0,229924607942988;1,69131382643931;0,0907768807008302;FALSE;100;"5";"Combined"
"hs_pfos_m_Log2";"hs_asthma";0;-0,0106309470589342;-0,00392742548128982;0,0752347640381098;-0,158088374958999;0,13682648084113;-0,117546661643257;0,138033807439606;-0,141303653900598;0,887630063183838;FALSE;100;"5";"Combined"
"hs_pfunda_m_Log2";"hs_asthma";0;-0,0404991594774835;-0,0345868902949654;0,0745428427724743;-0,186600446616765;0,105602127661798;-0,168539445500901;0,0821277636710232;-0,543300442687681;0,58692295953163;FALSE;100;"5";"Combined"
"e3_asmokcigd_p_None";"hs_asthma";0;0,0966488498366247;0,0879831874881157;0,0878179641212533;-0,0754711970366625;0,268768896709912;-0,0776340983966044;0,268663709865932;1,10055898931087;0,271088642692746;FALSE;100;"5";"Combined"
"h_distinvnear1_preg_Log";"hs_asthma";0;0,0467537759691491;0,051352033240505;0,0730505720729652;-0,0964227143439101;0,189930266282208;-0,0809781885850399;0,215237214310714;0,640019299540187;0,522160052358755;FALSE;100;"5";"Combined"
"h_trafload_preg_pow1over3";"hs_asthma";0;-0,000819548320202147;0,00193272153092236;0,0766249635940815;-0,151001717281295;0,14936262064089;-0,157477222593616;0,13976884226345;-0,0106955785916412;0,991466325675369;FALSE;100;"5";"Combined"
"h_trafnear_preg_pow1over3";"hs_asthma";0;-0,0370588638873061;-0,034470169352243;0,0675826647260422;-0,169518452729594;0,0954007249549821;-0,14873316027442;0,108214455372589;-0,548348663633351;0,583452518884058;FALSE;100;"5";"Combined"
"h_bro_preg_Log";"hs_asthma";0;0,0427801285789426;0,0379085678385683;0,0621803502674189;-0,0790911184912839;0,164651375649169;-0,0688244405180653;0,176473163857052;0,688000765434067;0,491452299351051;FALSE;100;"5";"Combined"
"h_clf_preg_Log";"hs_asthma";0;-0,119291076585157;-0,116487905800261;0,070652198465268;-0,257766841005658;0,0191846878353444;-0,256544623448708;0,0255481789766091;-1,68842695877042;0,0913292990629204;FALSE;100;"5";"Combined"
"h_thm_preg_Log";"hs_asthma";0;0,0843355700584036;0,0721903737963386;0,0696581503610864;-0,0521918958790014;0,220863035995809;-0,0810879544565353;0,185171796286596;1,2107064230278;0,226007939865688;FALSE;100;"5";"Combined"
"e3_alcpreg_yn_None_1";"hs_asthma";0;-0,255984607699421;-0,273317657631851;0,168530284578495;-0,586297895777558;0,0743286803787158;-0,549320112218556;0,0362115017200918;-1,51892348808201;0,12878175602224;FALSE;100;"5";"Combined"
"h_pamod_t3_None_Often";"hs_asthma";0;-0,267409683504099;-0,266374532778191;0,12596362670429;-0,514293855206555;-0,0205255118016432;-0,506432381670665;-0,0436346945284925;-2,12291191116516;0,033761234144343;TRUE;100;"5";"Combined"
"h_pamod_t3_None_Sometimes";"hs_asthma";0;-0,0179819266699255;-0,0381555017928745;0,178193625498575;-0,36723501492175;0,331271161581899;-0,339522697817957;0,311857046621542;-0,100912289200095;0,919620087538601;FALSE;100;"5";"Combined"
"h_pamod_t3_None_Very Often";"hs_asthma";0;-0,18327162556932;-0,172839429919307;0,122169989204369;-0,422720404401531;0,0561771532628913;-0,377880979779987;0,0577564188922569;-1,50013621809148;0,13357912086306;FALSE;100;"5";"Combined"
"h_pavig_t3_None_Low";"hs_asthma";0;-0,560954984423883;-0,554966780411221;0,129237438531476;-0,814255709399785;-0,307654259447982;-0,854808361719027;-0,35405396088091;-4,3404990906506;1,42159457019915e-05;TRUE;100;"5";"Combined"
"h_pavig_t3_None_Medium";"hs_asthma";0;-0,316897257053907;-0,28666281034041;0,166812694591874;-0,643844130618059;0,0100496165102455;-0,589569102154224;0,0398454039810068;-1,89971907011772;0,0574699963586689;FALSE;100;"5";"Combined"
"hs_no2_dy_hs_h_Log";"hs_asthma";0;-0,08140997253742;-0,0825121385479701;0,0570511361446961;-0,193228144658116;0,0304081995832755;-0,182198702362996;0,02824935496093;-1,42696496579742;0,153589993199655;FALSE;100;"5";"Combined"
"hs_no2_wk_hs_h_Log";"hs_asthma";0;0,0563842122879988;0,0444788947015109;0,0580958229831317;-0,0574815084111536;0,170249932987151;-0,0684625466556064;0,166154036301789;0,9705381453047;0,331778320756978;FALSE;100;"5";"Combined"
"hs_no2_yr_hs_h_Log";"hs_asthma";0;-0,0798253989906371;-0,0788173180792532;0,0371653891835158;-0,152668223261743;-0,00698257471953179;-0,143675422843872;-0,00442382809270698;-2,14784240779706;0,0317262768288784;TRUE;100;"5";"Combined"
"hs_pm10_dy_hs_h_None";"hs_asthma";0;-0,0373574094722116;-0,035283657229491;0,0657993025962175;-0,166321672768651;0,0916068538242276;-0,160738660421999;0,0803808353343184;-0,567747802761045;0,570206227401252;FALSE;100;"5";"Combined"
"hs_pm10_wk_hs_h_None";"hs_asthma";0;0,0126350023958843;0,00862615608796783;0,066183468325057;-0,117082211893175;0,142352216684943;-0,133015866397432;0,107820568401454;0,190908737720242;0,848597094370265;FALSE;100;"5";"Combined"
"hs_pm10_yr_hs_h_None";"hs_asthma";0;0,0388954289679282;0,038887650229604;0,0592707174172308;-0,077273042507695;0,155063900443551;-0,079580748376756;0,140531318554192;0,656233476880791;0,511673912296291;FALSE;100;"5";"Combined"
"hs_pm25_dy_hs_h_None";"hs_asthma";0;-0,071252800453556;-0,0753393180254346;0,078030195028591;-0,224189172416231;0,0816835715091188;-0,213278986773796;0,0827283617441478;-0,913143949306397;0,361166838401067;FALSE;100;"5";"Combined"
"hs_pm25_wk_hs_h_None";"hs_asthma";0;0,0153033109598147;0,0135102736780866;0,0589612930785187;-0,100258699955993;0,130865321875622;-0,0897276427522306;0,125126287125155;0,259548428482315;0,79521212128249;FALSE;100;"5";"Combined"
"hs_pm25_yr_hs_h_None";"hs_asthma";0;-0,124020596295401;-0,115883378926323;0,0660376682168147;-0,253452047623363;0,00541085503256156;-0,275597736077369;0,0238798321096738;-1,878028095847;0,0603773216691979;FALSE;100;"5";"Combined"
"hs_pm25abs_dy_hs_h_Log";"hs_asthma";0;0,11508461432364;0,118027539811254;0,0796688482132543;-0,0410634588641271;0,271232687511406;-0,0169140577125176;0,257536698150183;1,44453719244925;0,148587925601478;FALSE;100;"5";"Combined"
"hs_pm25abs_wk_hs_h_Log";"hs_asthma";0;-0,0527592352161676;-0,0472082582343461;0,0836607977482891;-0,216731385720704;0,111212915288369;-0,192036834875729;0,109973634609664;-0,630632705355079;0,528280709177892;FALSE;100;"5";"Combined"
"hs_pm25abs_yr_hs_h_Log";"hs_asthma";0;-0,141020823055442;-0,134504878180319;0,0754433577423775;-0,288887087103273;0,0068454409923891;-0,284164854014754;0,00202192150627705;-1,86922781906125;0,0615911254639329;FALSE;100;"5";"Combined"
"hs_accesslines300_h_dic0";"hs_asthma";0;0,179921490511894;0,162842801405283;0,188321607554149;-0,189182077804924;0,549025058828712;-0,196774021133945;0,516993239819334;0,955394831472861;0,339378066767997;FALSE;100;"5";"Combined"
"hs_accesspoints300_h_Log";"hs_asthma";0;-0,170208168270692;-0,156884969506328;0,0699155547148553;-0,307240137470947;-0,0331761990704356;-0,290424129528262;-0,0260555709088387;-2,43448212582838;0,0149131163835408;TRUE;100;"5";"Combined"
"hs_builtdens300_h_Sqrt";"hs_asthma";0;-0,00640345308522988;-0,00614850365218933;0,0687637321384717;-0,141177891519194;0,128370985348734;-0,145857654517758;0,111814839547572;-0,0931225354716791;0,925806214507384;FALSE;100;"5";"Combined"
"hs_connind300_h_Log";"hs_asthma";0;-0,0592849249763447;-0,0558912717564525;0,0722089091597633;-0,200811786292405;0,0822419363397159;-0,171924477040645;0,0817566564349926;-0,821019534378727;0,411635141421767;FALSE;100;"5";"Combined"
"hs_fdensity300_h_Log";"hs_asthma";0;0,0231822009514256;0,0224878032693085;0,0786116888169432;-0,130893877893653;0,177258279796504;-0,105531041650208;0,189421872702618;0,294895088762285;0,76807402380652;FALSE;100;"5";"Combined"
"hs_landuseshan300_h_None";"hs_asthma";0;0,144804833267357;0,141287463930175;0,085653771190257;-0,0230734734055815;0,312683139940295;-0,00486515481819267;0,311195001118236;1,69058327794711;0,0909164206308229;FALSE;100;"5";"Combined"
"hs_popdens_h_Sqrt";"hs_asthma";0;0,0513301815997808;0,0495433902693091;0,0810766783909523;-0,107577188032623;0,210237551232184;-0,101563072847124;0,197212840878481;0,633106617321769;0,526664021278812;FALSE;100;"5";"Combined"
"hs_walkability_mean_h_None";"hs_asthma";0;0,104258216530171;0,104143121808227;0,0795124997734101;-0,0515834193464618;0,260099852406804;-0,0241787105682084;0,252698188897957;1,31121794469146;0,189784141411186;FALSE;100;"5";"Combined"
"hs_accesslines300_s_dic0";"hs_asthma";0;-0,189003912320353;-0,170043949858627;0,178991157890363;-0,539820135336586;0,16181231069588;-0,560412963908868;0,215633464486781;-1,05593993886627;0,290995655781702;FALSE;100;"5";"Combined"
"hs_accesspoints300_s_Log";"hs_asthma";0;0,00276317251375256;0,00336918092792431;0,069846302532239;-0,134133064902725;0,13965940993023;-0,121482348353846;0,117533040744612;0,0395607557390338;0,968443315312833;FALSE;100;"5";"Combined"
"hs_builtdens300_s_Sqrt";"hs_asthma";0;-0,0422626225839734;-0,0416123406641475;0,0727737846489342;-0,184896619514558;0,100371374346611;-0,166232815293058;0,0909286748953227;-0,580739654916276;0,561415931212252;FALSE;100;"5";"Combined"
"hs_connind300_s_Log";"hs_asthma";0;-0,00178302841179558;-0,00320743652369839;0,0738875363702545;-0,146599938603888;0,143033881780297;-0,159868134248962;0,113614844996826;-0,0241316533124169;0,980747594977149;FALSE;100;"5";"Combined"
"hs_fdensity300_s_Log";"hs_asthma";0;-0,0688033182079676;-0,0724260777427362;0,0764426090850069;-0,218628078898855;0,0810214424829202;-0,212800797233906;0,0703758028231248;-0,900065016507428;0,368085651838574;FALSE;100;"5";"Combined"
"hs_landuseshan300_s_None";"hs_asthma";0;-0,0408766913694772;-0,0450146488729477;0,0884216296996485;-0,214179901035125;0,132426518296171;-0,229466849824011;0,12072295864569;-0,462292897205441;0,643871292483858;FALSE;100;"5";"Combined"
"hs_popdens_s_Sqrt";"hs_asthma";0;0,0205556335208641;0,0276543807567738;0,0707824156738956;-0,118175351938715;0,159286618980443;-0,0761979392001537;0,185294093439813;0,290405933806593;0,771505704697731;FALSE;100;"5";"Combined"
"h_Absorbance_Log";"hs_asthma";0;0,137356599692764;0,133113832876319;0,0789265768497;-0,0173366483556804;0,292049847741209;0,00369302445671001;0,301182601005839;1,74030859027793;0,0818048464757232;FALSE;100;"5";"Combined"
"h_Benzene_Log";"hs_asthma";0;0,154526409621268;0,155773694945805;0,0768503603147784;0,00390247120537657;0,30515034803716;0,00224430403521139;0,308634944473403;2,01074411347363;0,0443524919123338;TRUE;100;"5";"Combined"
"h_NO2_Log";"hs_asthma";0;-0,0285617106058609;-0,0316556087358672;0,0693801722119257;-0,164544349382422;0,1074209281707;-0,146027785230738;0,118837811844295;-0,411669641271825;0,680581579631026;FALSE;100;"5";"Combined"
"h_PM_Log";"hs_asthma";0;0,041464292414703;0,0452399572896808;0,0708556528532839;-0,0974102352788061;0,180338820108212;-0,0741634644226195;0,176104588464542;0,58519385179557;0,558417378465436;FALSE;100;"5";"Combined"
"h_TEX_Log";"hs_asthma";0;-0,106387484137079;-0,0990575840357134;0,0751040646086764;-0,253588745862654;0,0408137775884962;-0,221459139584268;0,0493430787952837;-1,41653430731615;0,156619126876362;FALSE;100;"5";"Combined"
"hs_KIDMED_None";"hs_asthma";0;-0,157674849901936;-0,161731729959139;0,0682714736489945;-0,291484479425441;-0,0238652203784315;-0,303201912987727;-0,0381398846132134;-2,30952755923496;0,0209143242020563;TRUE;100;"5";"Combined"
"hs_mvpa_prd_alt_None";"hs_asthma";0;0,0505822812137679;0,0478889395912509;0,084014676274864;-0,114083458457757;0,215248020885293;-0,121166525375285;0,178678903452515;0,602064823154016;0,547130988794871;FALSE;100;"5";"Combined"
"hs_sd_wk_None";"hs_asthma";0;-0,0333097467372314;-0,0374835731950577;0,0709449955152666;-0,17235938283051;0,105739889356047;-0,181096678703509;0,0790352835120295;-0,469515101034343;0,638701493412811;FALSE;100;"5";"Combined"
"hs_dif_hours_total_None";"hs_asthma";0;-0,2591876355502;-0,257232449531396;0,0832771262135804;-0,422407803664814;-0,095967467435586;-0,400080435898142;-0,0923159137495503;-3,11235086193372;0,00185603766118924;TRUE;100;"5";"Combined"
"hs_as_c_Log2";"hs_asthma";0;-0,123189515176734;-0,117804671692517;0,0762764894843026;-0,272688687433115;0,0263096570796471;-0,247925648895701;0,0464128627946161;-1,61503912948283;0,106302221396223;FALSE;100;"5";"Combined"
"hs_cd_c_Log2";"hs_asthma";0;0,0431643909729645;0,0357426136600114;0,0893586307943466;-0,131975307091767;0,218304089037695;-0,160628959584962;0,213518427633549;0,483046691620698;0,629062583739114;FALSE;100;"5";"Combined"
"hs_co_c_Log2";"hs_asthma";0;-0,117814899535124;-0,116735340426381;0,0769494419033365;-0,26863303429612;0,033003235225873;-0,266880055346107;0,031911160616949;-1,53106892812975;0,125752358166886;FALSE;100;"5";"Combined"
"hs_cs_c_Log2";"hs_asthma";0;-0,0388325198912706;-0,0368314041560308;0,0791789568051256;-0,194020423562769;0,116355383780228;-0,190428375473922;0,0974675080913045;-0,490439902951042;0,623822646179866;FALSE;100;"5";"Combined"
"hs_cu_c_Log2";"hs_asthma";0;-0,00639501492011455;-0,00608543712511855;0,0673617230831973;-0,138421566099742;0,125631536259513;-0,117426865059396;0,118193204647362;-0,0949354414853103;0,924366105404705;FALSE;100;"5";"Combined"
"hs_hg_c_Log2";"hs_asthma";0;0,0162151786694205;0,0110320819274402;0,0719049155192954;-0,124715866059794;0,157146223398635;-0,122220484840225;0,15108071586092;0,225508625555219;0,821583615953691;FALSE;100;"5";"Combined"
"hs_mn_c_Log2";"hs_asthma";0;0,195706400346278;0,1903298411036;0,0613038160911505;0,0755531286927564;0,3158596719998;0,06976285932864;0,318008991515548;3,19240159626098;0,00141095011270078;TRUE;100;"5";"Combined"
"hs_mo_c_Log2";"hs_asthma";0;-0,0123163926735869;-0,00710843087257803;0,0668322555923432;-0,143305206640155;0,118672421292981;-0,142249468323158;0,106324820104636;-0,184288148954798;0,853787410469124;FALSE;100;"5";"Combined"
"hs_pb_c_Log2";"hs_asthma";0;-0,0607106030610584;-0,0619724486175368;0,0607935422067737;-0,17986375627895;0,0584425501568338;-0,177984489968189;0,0354928154739617;-0,998635724409128;0,317971187736609;FALSE;100;"5";"Combined"
"hs_hum_mt_hs_h_None";"hs_asthma";0;0,00813718089638104;0,0176189321748246;0,0642453020254334;-0,117781297249367;0,134055659042129;-0,0953972979542463;0,146981899574128;0,126657991165793;0,899211096172065;FALSE;100;"5";"Combined"
"hs_tm_mt_hs_h_None";"hs_asthma";0;0,0314975465616821;0,0320382787372116;0,0625895495728545;-0,091175716409697;0,154170809533061;-0,0850355128389653;0,139588760018391;0,503239706574639;0,614795751318498;FALSE;100;"5";"Combined"
"hs_uvdvf_mt_hs_h_None";"hs_asthma";0;0,0266475650470682;0,0245211551732266;0,0619869600844601;-0,0948446442295955;0,148139774323732;-0,090148991106724;0,130098707837619;0,429889851200312;0,667275768321332;FALSE;100;"5";"Combined"
"hs_hum_dy_hs_h_None";"hs_asthma";0;0,10284638068326;0,103154312514596;0,0856108825202718;-0,0649478657411619;0,270640627107683;-0,0581807227544388;0,271229950890911;1,201323682873;0,229625667155491;FALSE;100;"5";"Combined"
"hs_hum_wk_hs_h_None";"hs_asthma";0;0,157578650920101;0,154145294265907;0,0581280907104058;0,0436496866376284;0,271507615202573;0,0409269207734375;0,250235470532395;2,71088640611229;0,00671036106791315;TRUE;100;"5";"Combined"
"hs_tm_dy_hs_h_None";"hs_asthma";0;0,0200064836171129;0,0233164473028459;0,0782674697224874;-0,133394938200041;0,173407905434267;-0,11109493660252;0,195144262532951;0,255616844240012;0,798246710595822;FALSE;100;"5";"Combined"
"hs_tm_wk_hs_h_None";"hs_asthma";0;0,0891713574878713;0,0824186017866806;0,047286079656649;-0,00350765560925274;0,181850370584995;-0,0145143240656828;0,163258930383479;1,8857845297254;0,0593239964767633;FALSE;100;"5";"Combined"
"hs_uvdvf_dy_hs_h_None";"hs_asthma";0;-0,0928284307279225;-0,0888496626913707;0,053349114667202;-0,197390774082736;0,0117339126268909;-0,19533360559123;0,0040856867286975;-1,7400182047443;0,0818558213982109;FALSE;100;"5";"Combined"
"hs_uvdvf_wk_hs_h_None";"hs_asthma";0;0,0596264158805785;0,0553366540858919;0,062765668876086;-0,0633920345821166;0,182644866343274;-0,0637699793284282;0,179603385402939;0,949984552834048;0,342120101659369;FALSE;100;"5";"Combined"
"hs_ndvi100_h_None";"hs_asthma";0;-0,297148809543285;-0,279633955149968;0,0730634550583611;-0,440350550043733;-0,153947069042836;-0,396123753510034;-0,124304657708067;-4,06699641162508;4,76229760890091e-05;TRUE;100;"5";"Combined"
"hs_ndvi100_s_None";"hs_asthma";0;-0,135384661040123;-0,131050524063184;0,0594320590590029;-0,251869356322826;-0,0188999657574199;-0,233741146215153;-0,00314959769253549;-2,27797359175653;0,0227281510520988;TRUE;100;"5";"Combined"
"hs_dde_cadj_Log2";"hs_asthma";0;0,15240547308718;0,143244055596922;0,0976102174646259;-0,0389070376666095;0,343717983840969;-0,0510305756050798;0,317506486565515;1,56136803139909;0,118436940232423;FALSE;100;"5";"Combined"
"hs_ddt_cadj_Log2";"hs_asthma";0;-0,00555204479558439;0,00995659760137545;0,0686441923648395;-0,140092189578509;0,12898809998734;-0,110689653397526;0,153482434101692;-0,080881493456513;0,935536197821685;FALSE;100;"5";"Combined"
"hs_hcb_cadj_Log2";"hs_asthma";0;-0,0267881539870745;-0,0294181973716798;0,0677251927152122;-0,159527092554925;0,105950784580776;-0,152181476681111;0,0887466140089148;-0,395541938134012;0,692442977413997;FALSE;100;"5";"Combined"
"hs_pcb118_cadj_Log2";"hs_asthma";0;0,0241104951727745;0,0315998624130008;0,075855986471153;-0,124564506322443;0,172785496667992;-0,108853765541936;0,180091117874542;0,317845647975897;0,750602022715261;FALSE;100;"5";"Combined"
"hs_pcb138_cadj_Log2";"hs_asthma";0;0,0567213805995318;0,0752558894181849;0,103451577710144;-0,146039985856197;0,259482747055261;-0,0756432771853943;0,261573823964602;0,548289178908965;0,583493356408446;FALSE;100;"5";"Combined"
"hs_pcb153_cadj_Log2";"hs_asthma";0;-0,0425696608733716;-0,0422086448342492;0,064794320985004;-0,169564196406707;0,084424874659964;-0,158462839042705;0,0968902439519158;-0,65699678962951;0,511182980722235;FALSE;100;"5";"Combined"
"hs_pcb170_cadj_Log2";"hs_asthma";0;0,155501520640628;0,147777730417188;0,0627528904317591;0,0325081154685925;0,278494925812664;0,0217178082401436;0,277004536211278;2,47799773955798;0,0132121982300087;TRUE;100;"5";"Combined"
"hs_pcb180_cadj_Log2";"hs_asthma";0;-0,153241843442946;-0,145799171765902;0,0848653416581263;-0,31957485662856;0,0130911697426685;-0,300183823012752;0,0143930068637009;-1,8057058446812;0,0709642992333567;FALSE;100;"5";"Combined"
"hs_sumPCBs5_cadj_Log2";"hs_asthma";0;-0,0205767594018947;-0,0186188737728768;0,0575020436351134;-0,133278693964168;0,0921251751603781;-0,140154237680548;0,0726048086944512;-0,357843966946065;0,720460085446421;FALSE;100;"5";"Combined"
"hs_pfhxs_c_Log2";"hs_asthma";0;-0,0175135910782555;-0,00968779190819068;0,0749971693285241;-0,164505341904615;0,129478159748104;-0,15238588667775;0,14414444138486;-0,233523361415648;0,815355031166182;FALSE;100;"5";"Combined"
"hs_pfna_c_Log2";"hs_asthma";0;0,0935055737448534;0,0915665501327257;0,0669199516759652;-0,0376551213871993;0,224666268876906;-0,0157325472315401;0,231773827919313;1,39727497410068;0,162330898457071;FALSE;100;"5";"Combined"
"hs_pfoa_c_Log2";"hs_asthma";0;-0,0811027481394553;-0,0845157273846158;0,091391635502756;-0,260227062213069;0,0980215659341586;-0,25952017788317;0,0701140953202514;-0,887419813567179;0,374852919994698;FALSE;100;"5";"Combined"
"hs_pfos_c_Log2";"hs_asthma";0;-0,0230015713074864;-0,0208815121169365;0,0746563694759719;-0,169325366696907;0,123322224081934;-0,155759097512428;0,117023911487227;-0,308099248181221;0,758006813287682;FALSE;100;"5";"Combined"
"hs_pfunda_c_Log2";"hs_asthma";0;0,100247697462606;0,0955298944765362;0,0613344904194951;-0,0199656947697217;0,220461089694933;-0,0346725719615373;0,23134988285335;1,63444249356219;0,102165971831946;FALSE;100;"5";"Combined"
"hs_hm_pers_None";"hs_asthma";0;-0,144826851005389;-0,14357557193383;0,0673251450722819;-0,276781710600995;-0,0128719914097817;-0,275887884928971;-0,0286545616852702;-2,15115542417174;0,0314639340793791;TRUE;100;"5";"Combined"
"hs_trafload_h_pow1over3";"hs_asthma";0;0,0223052945310359;0,0270644571992935;0,0737405103977375;-0,122223450050131;0,166834039112203;-0,118854001828155;0,15708863153823;0,302483592949477;0,762283438961092;FALSE;100;"5";"Combined"
"hs_trafnear_h_pow1over3";"hs_asthma";0;-0,0106252182272717;-0,00688856522922137;0,0723742570218466;-0,152476155397936;0,131225718943393;-0,135850933353232;0,127021511296838;-0,14680935825102;0,883282497909097;FALSE;100;"5";"Combined"
"FAS_cat_None_Low";"hs_asthma";0;0,0496445279408075;0,0550295789176121;0,209298473213494;-0,360572941576861;0,459861997458476;-0,31689416853677;0,460227150094862;0,237194888135509;0,812505601852221;FALSE;100;"5";"Combined"
"FAS_cat_None_Middle";"hs_asthma";0;-0,166723223399383;-0,159818788994702;0,156461245287447;-0,473381629139066;0,1399351823403;-0,435260841504641;0,154886212721734;-1,06558798693621;0,286609932034554;FALSE;100;"5";"Combined"
"hs_globalexp2_None_no exposure";"hs_asthma";0;-0,0485168355168887;-0,0542621761477602;0,156917538498848;-0,356069559517309;0,259035888483532;-0,362310741041646;0,259563905770698;-0,309186825010289;0,757179415360643;FALSE;100;"5";"Combined"
"h_abs_ratio_preg_Log";"hs_zbmi_who";0;-0,00419707337208721;-0,00414464078420402;0,00779962236964047;-0,0194840523095955;0,0110899055654211;-0,0188141208881779;0,00832546153300057;-0,538112382007627;0,590499464666117;FALSE;100;"5";"Combined"
"h_no2_ratio_preg_Log";"hs_zbmi_who";0;-0,0110106386077058;-0,00925578391390364;0,00518358454982963;-0,0211702776361902;-0,000850999579221476;-0,0182186874275021;0,000402901456311793;-2,1241360108745;0,0336587720640693;TRUE;100;"5";"Combined"
"h_pm10_ratio_preg_None";"hs_zbmi_who";0;-0,00618843867092295;-0,00669239887340373;0,0061443239100497;-0,0182310922439687;0,00585421490212278;-0,0176961123925717;0,00609751142105503;-1,00717975834593;0,31384839843015;FALSE;100;"5";"Combined"
"h_pm25_ratio_preg_None";"hs_zbmi_who";0;-0,00670220875985723;-0,00656106726400587;0,00509455323784292;-0,0166873496233513;0,00328293210363681;-0,0153311268549497;0,00284440001333354;-1,31556359251925;0,188320560067516;FALSE;100;"5";"Combined"
"h_accesslines300_preg_dic0";"hs_zbmi_who";0;0,0122875189040759;0,00886431391735921;0,0157321951398098;-0,0185470169677073;0,043122054775859;-0,020608664256438;0,0421792725716662;0,781042873856982;0,434777278835852;FALSE;100;"5";"Combined"
"h_accesspoints300_preg_Log";"hs_zbmi_who";0;-0,0045705596635603;-0,0043827797197419;0,00634909176441018;-0,0170145508563441;0,00787343152922351;-0,0169901241348965;0,00656710243615552;-0,719876138691295;0,471601260678941;FALSE;100;"5";"Combined"
"h_builtdens300_preg_Sqrt";"hs_zbmi_who";0;-0,00420791771321427;-0,00349289143356897;0,00513052782528525;-0,014263567472454;0,00584773204602542;-0,0135805181211208;0,00578924777858851;-0,820172476694505;0,412117789866978;FALSE;100;"5";"Combined"
"h_connind300_preg_Sqrt";"hs_zbmi_who";0;-0,0032429986856019;-0,0026092790786824;0,00492289502383651;-0,0128916956319929;0,00640569826078911;-0,0116709248289241;0,00621327593780749;-0,658758448006589;0,510050893850733;FALSE;100;"5";"Combined"
"h_fdensity300_preg_Log";"hs_zbmi_who";0;-0,00102507393168118;-0,000234323080478354;0,00571858379008911;-0,0122332922028304;0,010183144339468;-0,00916307540304832;0,0101177010757299;-0,17925311043929;0,85773896289427;FALSE;100;"5";"Combined"
"h_frichness300_preg_None";"hs_zbmi_who";0;0,00365956980747956;0,00362879305207425;0,00575182175998501;-0,00761379368758483;0,014932933302544;-0,00844594255495328;0,0141977486106636;0,636245342812762;0,524616523554459;FALSE;100;"5";"Combined"
"h_landuseshan300_preg_None";"hs_zbmi_who";0;0,010528346058523;0,00953201978654344;0,00447011965750038;0,00176707252323779;0,0192896195938083;0,0010147236500984;0,017859179143593;2,35527164040399;0,0185091696609352;TRUE;100;"5";"Combined"
"h_popdens_preg_Sqrt";"hs_zbmi_who";0;0,014841106336036;0,0132816334926894;0,00518740867055057;0,00467397216866608;0,0250082405034059;0,00410913847404218;0,0224478298032288;2,86098653076832;0,0042232499404384;TRUE;100;"5";"Combined"
"h_walkability_mean_preg_None";"hs_zbmi_who";0;-0,0116450803009714;-0,0106955332049385;0,00476644500126275;-0,0209871408377374;-0,00230301976420548;-0,0186835506829615;-0,00109723285024393;-2,44313745315143;0,0145601906025404;TRUE;100;"5";"Combined"
"hs_as_m_Log2";"hs_zbmi_who";0;0,00786342528186682;0,00740353336897452;0,00437116530578561;-0,000703901287943991;0,0164307518516776;-0,000157051753634873;0,0157097371195042;1,79893111602503;0,0720295777787441;FALSE;100;"5";"Combined"
"hs_cd_m_Log2";"hs_zbmi_who";0;0,00651760272575003;0,00502825551306079;0,0044631154286517;-0,00222994277325234;0,0152651482247524;-0,00325718000491399;0,013742987305696;1,46032582619513;0,144200547412937;FALSE;100;"5";"Combined"
"hs_co_m_Log2";"hs_zbmi_who";0;0,00328666019766212;0,00355409110924503;0,00411957987632009;-0,00478756799136122;0,0113608883866855;-0,00471822318515607;0,0114350409079085;0,797814412230309;0,424978196469694;FALSE;100;"5";"Combined"
"hs_cs_m_Log2";"hs_zbmi_who";0;-0,00395119110298637;-0,00342723921094337;0,00346644957294987;-0,0107453074201924;0,00284292521421962;-0,00954750063619422;0,00409849250778048;-1,13983804461462;0,254353780491267;FALSE;100;"5";"Combined"
"hs_cu_m_Log2";"hs_zbmi_who";0;-0,0100148610445332;-0,00967558796388733;0,00490286071174427;-0,0196242914607683;-0,000405430628297964;-0,0191948478767259;-0,00160607858963955;-2,04265665156337;0,0410864388037302;TRUE;100;"5";"Combined"
"hs_hg_m_Log2";"hs_zbmi_who";0;-0,000313586441928759;-0,000301769055668934;0,00542466142030947;-0,0109457274540592;0,0103185545702017;-0,0122958816597996;0,0100494640280153;-0,057807560257073;0,953901916037493;FALSE;100;"5";"Combined"
"hs_mn_m_Log2";"hs_zbmi_who";0;0,00169124945120998;0,00149810670697972;0,00425207724940008;-0,00664266881709631;0,0100251677195163;-0,00683696311908141;0,00899738158848411;0,397746642878747;0,690816951859115;FALSE;100;"5";"Combined"
"hs_mo_m_Log2";"hs_zbmi_who";0;-0,00242106188606778;-0,00197522699729046;0,00411933102306674;-0,0104948023316771;0,00565267855954156;-0,00977618881745641;0,00764381310130662;-0,587731811915752;0,556712319317876;FALSE;100;"5";"Combined"
"hs_pb_m_Log2";"hs_zbmi_who";0;-0,00321916938360178;-0,00279855286004535;0,00457195554618964;-0,0121800375930516;0,00574169882584807;-0,0115314838230975;0,0053638507034307;-0,704112135623169;0,481362943153813;FALSE;100;"5";"Combined"
"h_humidity_preg_None";"hs_zbmi_who";0;0,0217379353425737;0,0199072708365824;0,00587907855765376;0,0102151531072906;0,0332607175778567;0,00897100215338166;0,0313107184887475;3,69750720787254;0,000217727039153573;TRUE;100;"5";"Combined"
"h_pressure_preg_None";"hs_zbmi_who";0;-0,0181218619341452;-0,0172458299896694;0,00687665657621716;-0,0315998611575814;-0,00464386271070906;-0,0289501241617136;-0,00239291587511354;-2,63527220434702;0,0084069833889312;TRUE;100;"5";"Combined"
"h_temperature_preg_None";"hs_zbmi_who";0;0,00107126750127781;0,000924641822763514;0,00511050868562012;-0,00894514546521674;0,0110876804677724;-0,00884523820073389;0,0112739826524079;0,209620522569922;0,833963860799109;FALSE;100;"5";"Combined"
"h_ndvi100_preg_None";"hs_zbmi_who";0;0,000368451575682452;0,00148921226319706;0,00621244286488766;-0,0118077126955102;0,0125446158468751;-0,0112960992070469;0,0123252549502679;0,059308646163157;0,952706274597017;FALSE;100;"5";"Combined"
"hs_dde_madj_Log2";"hs_zbmi_who";0;0,00565247034999791;0,00503781934416174;0,00480122999019917;-0,00375776751228606;0,0150627082122819;-0,00385648653209375;0,013817072249042;1,17729630980736;0,239077259293503;FALSE;100;"5";"Combined"
"hs_ddt_madj_Log2";"hs_zbmi_who";0;-0,00162427389526895;-0,00134967496713343;0,00445989135341893;-0,0103655003229316;0,00711695253239375;-0,0102052892054437;0,00814992879649425;-0,364195843924267;0,715711770268928;FALSE;100;"5";"Combined"
"hs_hcb_madj_Log2";"hs_zbmi_who";0;-0,00271576066320445;-0,00267778922869692;0,00436673461965329;-0,0112744032477691;0,00584288192136022;-0,0111628980664539;0,00555452660789368;-0,621920244702223;0,533994312466309;FALSE;100;"5";"Combined"
"hs_pcb118_madj_Log2";"hs_zbmi_who";0;0,00270569153810332;0,0022100941929987;0,00651345326573068;-0,0100604422777136;0,0154718253539202;-0,00888468257058855;0,0151902884044941;0,41540046849477;0,677848763764865;FALSE;100;"5";"Combined"
"hs_pcb138_madj_Log2";"hs_zbmi_who";0;-0,0068175232761447;-0,00556788480008442;0,00675667286556859;-0,0200603587479782;0,00642531219568876;-0,0170914802705003;0,0108952933290321;-1,00900597258248;0,31297176982727;FALSE;100;"5";"Combined"
"hs_pcb153_madj_Log2";"hs_zbmi_who";0;-0,00274504624702005;-0,00314568717161759;0,00585486675237225;-0,0142203742159507;0,00873028172191056;-0,013608552515886;0,00826631721080399;-0,468848628520507;0,639177838098138;FALSE;100;"5";"Combined"
"hs_pcb170_madj_Log2";"hs_zbmi_who";0;-0,00597391105154306;-0,00603372164963392;0,00658549787783876;-0,018881249712372;0,00693342760928586;-0,0213924678673556;0,00553184770084442;-0,907131269701903;0,364337383921375;FALSE;100;"5";"Combined"
"hs_pcb180_madj_Log2";"hs_zbmi_who";0;-0,0004701924932141;-0,000198577104022927;0,0061508449250279;-0,0125256270207597;0,0115852420343316;-0,0139394982178935;0,010281479173565;-0,0764435616480718;0,939066213788775;FALSE;100;"5";"Combined"
"hs_sumPCBs5_madj_Log2";"hs_zbmi_who";0;-0,00639242145392175;-0,00603785340540055;0,00630523383501577;-0,018750452684656;0,00596560977681252;-0,0171833659817276;0,0064709687309186;-1,0138278168879;0,310664919514908;FALSE;100;"5";"Combined"
"hs_pfhxs_m_Log2";"hs_zbmi_who";0;6,26314148809513e-05;0,000871793148920619;0,00469194078486103;-0,00913340354104127;0,00925866637080317;-0,00669788930716595;0,0107327182673265;0,0133487223630437;0,98934957681798;FALSE;100;"5";"Combined"
"hs_pfna_m_Log2";"hs_zbmi_who";0;0,000179677275845296;0,000299545038034691;0,00462632097820278;-0,00888774522235426;0,00924709977404485;-0,00956110639769595;0,00807653250235826;0,03883804792012;0,969019509852607;FALSE;100;"5";"Combined"
"hs_pfoa_m_Log2";"hs_zbmi_who";0;-0,00182400914731246;-0,000981451312437891;0,00521834393805349;-0,0120517753248402;0,00840375703021529;-0,00997132379648939;0,0119925611395244;-0,349537931758641;0,726685498973068;FALSE;100;"5";"Combined"
"hs_pfos_m_Log2";"hs_zbmi_who";0;-0,00545170193667375;-0,00537754491617483;0,00611998979506441;-0,0174466615207527;0,00654325764740516;-0,0168270447437828;0,00607379884983283;-0,890802455433894;0,373035157648952;FALSE;100;"5";"Combined"
"hs_pfunda_m_Log2";"hs_zbmi_who";0;-0,000438801361215585;-0,000954701769336622;0,00585967331258272;-0,0119235500150482;0,0110459472926171;-0,0128775692838729;0,00841399722179688;-0,0748849531036702;0,940306248622959;FALSE;100;"5";"Combined"
"e3_asmokcigd_p_None";"hs_zbmi_who";0;-0,0103471559697394;-0,00966821842999432;0,00422313153494973;-0,0186243416802163;-0,0020699702592626;-0,0181775128474925;-0,0022753401584357;-2,45011453801725;0,0142810778456154;TRUE;100;"5";"Combined"
"h_distinvnear1_preg_Log";"hs_zbmi_who";0;-0,000122090086504963;-6,49030139272519e-05;0,00469816478847959;-0,0093303238653592;0,00908614369234928;-0,00836595627135736;0,00863312330724755;-0,0259867612145791;0,979267897906595;FALSE;100;"5";"Combined"
"h_trafload_preg_pow1over3";"hs_zbmi_who";0;0,0100330569158;0,00932018878308854;0,00409960808130806;0,00199797272570687;0,0180681411058932;0,00183615932308658;0,0168378966738121;2,44732099186388;0,0143922597920281;TRUE;100;"5";"Combined"
"h_trafnear_preg_pow1over3";"hs_zbmi_who";0;-0,00277923711864298;-0,00324417448159559;0,00563952061681394;-0,0138324944176694;0,00827402018038346;-0,0150085644967444;0,00683461027527215;-0,492814426523564;0,622143716238245;FALSE;100;"5";"Combined"
"h_bro_preg_Log";"hs_zbmi_who";0;0,00840209966515141;0,00879502019802936;0,0068412512441063;-0,00500650638248677;0,0218107057127896;-0,00356006143988701;0,0222923812683331;1,22815247757342;0,219389734411671;FALSE;100;"5";"Combined"
"h_clf_preg_Log";"hs_zbmi_who";0;0,00103698696885802;0,000383996672423822;0,00425742724174131;-0,00730741709175464;0,00938139102947068;-0,00748683563598645;0,00800266289215706;0,243571272032799;0,807562879870127;FALSE;100;"5";"Combined"
"h_thm_preg_Log";"hs_zbmi_who";0;-0,00362267772322851;-0,0028619238370193;0,00633161959097722;-0,0160324240853521;0,00878706863889506;-0,0149829699727119;0,0078736380995445;-0,572156566132141;0,567215909839523;FALSE;100;"5";"Combined"
"e3_alcpreg_yn_None_1";"hs_zbmi_who";0;0,00736061924142365;0,00793092099467398;0,0108812817532085;-0,013966301100498;0,0286875395833452;-0,014654319590071;0,0268196243392273;0,676447812708575;0,49875636941423;FALSE;100;"5";"Combined"
"h_pamod_t3_None_Often";"hs_zbmi_who";0;0,073005833125688;0,0695976044906449;0,0116492999492937;0,050173624779968;0,0958380414714079;0,0457496866909373;0,0924554720997006;6,2669717016012;3,68137022352906e-10;TRUE;100;"5";"Combined"
"h_pamod_t3_None_Sometimes";"hs_zbmi_who";0;0,0671422686290799;0,0646318631343612;0,0144631601650177;0,0387949956030109;0,0954895416551489;0,0401702747919908;0,0903001624379494;4,64229586501284;3,44558992903048e-06;TRUE;100;"5";"Combined"
"h_pamod_t3_None_Very Often";"hs_zbmi_who";0;0,0719572571583839;0,0678366074912213;0,0133105489126669;0,0458690606750981;0,0980454536416697;0,0404546357179461;0,0903344273388801;5,40603228540834;6,44361865404199e-08;TRUE;100;"5";"Combined"
"h_pavig_t3_None_Low";"hs_zbmi_who";0;0,0834938867740735;0,0816591323492616;0,0117719714615383;0,0604212466824251;0,106566526865722;0,0627771758088084;0,104977122596612;7,092600168703;1,31615308880954e-12;TRUE;100;"5";"Combined"
"h_pavig_t3_None_Medium";"hs_zbmi_who";0;0,0855905306928361;0,0833170028325887;0,0126561033837116;0,0607850238761459;0,110396037509526;0,0572627584645513;0,108347244631437;6,7627869414366;1,35362229170389e-11;TRUE;100;"5";"Combined"
"hs_no2_dy_hs_h_Log";"hs_zbmi_who";0;0,00489839699567673;0,00475813214073231;0,0056846086702628;-0,00624323126424249;0,0160400252555959;-0,0058383549138809;0,0145426990365472;0,861694670611385;0,388855559066187;FALSE;100;"5";"Combined"
"hs_no2_wk_hs_h_Log";"hs_zbmi_who";0;0,012082551757021;0,0122444070760082;0,00527682913474956;0,00174015670034022;0,0224249468137018;0,000691440792699865;0,0210260430905247;2,28973716004061;0,0220365578891037;TRUE;100;"5";"Combined"
"hs_no2_yr_hs_h_Log";"hs_zbmi_who";0;0,0286890981111494;0,0280171057043777;0,00555507319285312;0,0178013547216734;0,0395768415006255;0,0181969030113997;0,0386970756440462;5,16448606798905;2,41100432871436e-07;TRUE;100;"5";"Combined"
"hs_pm10_dy_hs_h_None";"hs_zbmi_who";0;0,00680667576333803;0,0054645792344658;0,00570307786876789;-0,00437115146047448;0,0179845029871505;-0,00717654231506005;0,018592391205854;1,19350917521464;0,232670020953346;FALSE;100;"5";"Combined"
"hs_pm10_wk_hs_h_None";"hs_zbmi_who";0;-0,0137079625824995;-0,0121012452113726;0,005271627793992;-0,0240401631986242;-0,00337576196637488;-0,0219905386373383;-0,00160899960654143;-2,60032823222503;0,00931346311487563;TRUE;100;"5";"Combined"
"hs_pm10_yr_hs_h_None";"hs_zbmi_who";0;-0,012457542132568;-0,0122005931709575;0,00571861897097882;-0,023665829356994;-0,00124925490814202;-0,0233887316547941;-0,00180008047578245;-2,17841793548202;0,0293749357955399;TRUE;100;"5";"Combined"
"hs_pm25_dy_hs_h_None";"hs_zbmi_who";0;0,00394570383181748;0,00333127121306606;0,00547447982485272;-0,00678407945898499;0,01467548712262;-0,00669739529505869;0,0142241172448809;0,720744976336383;0,47106643478566;FALSE;100;"5";"Combined"
"hs_pm25_wk_hs_h_None";"hs_zbmi_who";0;-0,00255149130417692;-0,00334847014155325;0,00719755056155307;-0,016658431181727;0,0115554485733731;-0,0167768576452113;0,00861193521368433;-0,354494391162202;0,722968406692848;FALSE;100;"5";"Combined"
"hs_pm25_yr_hs_h_None";"hs_zbmi_who";0;0,0152584735132479;0,014148614415555;0,00625013525413321;0,0030084335166427;0,0275085135098531;0,00474482232453362;0,0272439037466327;2,44130293070978;0,0146343731629331;TRUE;100;"5";"Combined"
"hs_pm25abs_dy_hs_h_Log";"hs_zbmi_who";0;-0,00226211100271592;-0,00102196388204854;0,00440630851100599;-0,01089831698906;0,00637409498362813;-0,00803337397419365;0,0100688353978012;-0,513380077011326;0,607685479122853;FALSE;100;"5";"Combined"
"hs_pm25abs_wk_hs_h_Log";"hs_zbmi_who";0;-0,00453139201992667;-0,00529302407626904;0,00447578284681993;-0,0133037652023159;0,00424098116246255;-0,0136095920586706;0,00205781975520251;-1,01242445735415;0,311335149337681;FALSE;100;"5";"Combined"
"hs_pm25abs_yr_hs_h_Log";"hs_zbmi_who";0;-0,0034717075863967;-0,00411824851848009;0,00605262894584488;-0,0153346423320373;0,0083912271592439;-0,0154559003791681;0,00720007335272091;-0,573586720325887;0,566247500203445;FALSE;100;"5";"Combined"
"hs_accesslines300_h_dic0";"hs_zbmi_who";0;-0,0198663350144383;-0,0167487586891092;0,018069836296876;-0,0552825633628499;0,0155498933339734;-0,0497060585916809;0,0153398486742654;-1,09941975610885;0,271585017367365;FALSE;100;"5";"Combined"
"hs_accesspoints300_h_Log";"hs_zbmi_who";0;-0,00389611752345617;-0,00423582573767213;0,0058058392673722;-0,0152753533875341;0,00748311834062175;-0,0146013283203537;0,00781640868427963;-0,671068788512915;0,50217670902206;FALSE;100;"5";"Combined"
"hs_builtdens300_h_Sqrt";"hs_zbmi_who";0;-0,00178526128083258;-0,0018145570052702;0,00563314837169328;-0,0128260292089219;0,0092555066472567;-0,0128182389965745;0,00789787792030571;-0,31692069213081;0,751303780689342;FALSE;100;"5";"Combined"
"hs_connind300_h_Log";"hs_zbmi_who";0;0,0135587237653088;0,0120838652969909;0,00511799414251412;0,00352763957289416;0,0235898079577234;0,00294583590524338;0,022020023735593;2,64922612018628;0,0080676332917582;TRUE;100;"5";"Combined"
"hs_fdensity300_h_Log";"hs_zbmi_who";0;-0,000819005556957115;0,000334125198170709;0,00609256498692059;-0,0127602135047912;0,011122202390877;-0,0107970677903591;0,0107096342924168;-0,134427053090996;0,89306489050331;FALSE;100;"5";"Combined"
"hs_landuseshan300_h_None";"hs_zbmi_who";0;-0,00620605757304154;-0,00449440814776641;0,00454797189677307;-0,0151199186934171;0,00270780354733399;-0,0130154827055731;0,00398193697785214;-1,36457693976626;0,172386056710361;FALSE;100;"5";"Combined"
"hs_popdens_h_Sqrt";"hs_zbmi_who";0;0,000658098191151117;0,000863275937159266;0,00583699566308101;-0,0107822030864042;0,0120983994687064;-0,00932122184853165;0,0117408613087076;0,112746047648037;0,910231893225703;FALSE;100;"5";"Combined"
"hs_walkability_mean_h_None";"hs_zbmi_who";0;-0,00326292777510464;-0,00307175234026591;0,00517589933754018;-0,0134075040642881;0,00688164851407883;-0,0114864242994356;0,00700277338795407;-0,630407889009552;0,528427750632374;FALSE;100;"5";"Combined"
"hs_accesslines300_s_dic0";"hs_zbmi_who";0;0,0155201766242277;0,012570001130918;0,0151377193606212;-0,0141492081306644;0,0451895613791199;-0,0144740488911232;0,038066291966339;1,02526518390884;0,305238078859445;FALSE;100;"5";"Combined"
"hs_accesspoints300_s_Log";"hs_zbmi_who";0;-0,00671993555045099;-0,0062944828820854;0,00544161189670059;-0,0173852988858288;0,00394542778492687;-0,0170775490639095;0,00472997169179888;-1,23491635897912;0,216861634447503;FALSE;100;"5";"Combined"
"hs_builtdens300_s_Sqrt";"hs_zbmi_who";0;-0,00144719709030969;-0,00191091621922051;0,00597711572455333;-0,0131621286418623;0,0102677344612429;-0,0140376228653891;0,00957265093271848;-0,242122983224963;0,808684869908285;FALSE;100;"5";"Combined"
"hs_connind300_s_Log";"hs_zbmi_who";0;0,00052728243572613;0,00109269652549359;0,00475803802042761;-0,00879830072138424;0,0098528655928365;-0,00692406522395206;0,0105982291446177;0,110819298513874;0,911759641611043;FALSE;100;"5";"Combined"
"hs_fdensity300_s_Log";"hs_zbmi_who";0;0,00242129294711827;0,00221605795085218;0,00565691018219663;-0,00866604727376504;0,0135086331680016;-0,00943709921989136;0,0121093504002055;0,42802393340777;0,668633695722048;FALSE;100;"5";"Combined"
"hs_landuseshan300_s_None";"hs_zbmi_who";0;-0,00178184154058021;-0,0018743954001238;0,00472550312286142;-0,0110436574702201;0,00747997438905971;-0,0118611306043371;0,00704998591523824;-0,377069170044535;0,706122201787002;FALSE;100;"5";"Combined"
"hs_popdens_s_Sqrt";"hs_zbmi_who";0;-0,0039640957276841;-0,00369388691606272;0,0046670555479373;-0,0131113565154891;0,00518316506012085;-0,0113862649923575;0,0049337319904942;-0,849378304364969;0,395670821546099;FALSE;100;"5";"Combined"
"h_Absorbance_Log";"hs_zbmi_who";0;0,000463714530656788;0,00158029751814211;0,00431916555627889;-0,00800169440291573;0,00892912346422931;-0,00672467787387215;0,00922790959655243;0,107362064411417;0,914501748723232;FALSE;100;"5";"Combined"
"h_Benzene_Log";"hs_zbmi_who";0;-0,000684688054889052;-0,00126133939767699;0,00483326578945392;-0,0101577149299283;0,00878833882015018;-0,0117968659387542;0,00757059581714283;-0,141661577226526;0,88734732572297;FALSE;100;"5";"Combined"
"h_NO2_Log";"hs_zbmi_who";0;0,0113405193416337;0,0110285999937667;0,00495964407416588;0,00161979558013105;0,0210612431031363;-5,1406881656352e-07;0,0217003170459254;2,28655911030086;0,0222215702213875;TRUE;100;"5";"Combined"
"h_PM_Log";"hs_zbmi_who";0;0,0111062882375623;0,0105284032019868;0,00472536786290767;0,00184473741256022;0,0203678390625643;0,000517909279796591;0,0196999816106564;2,35035420728667;0,0187555535487654;TRUE;100;"5";"Combined"
"h_TEX_Log";"hs_zbmi_who";0;0,0052131319252545;0,00454872373246563;0,00440716154229707;-0,00342474597169775;0,0138510098222067;-0,00422410738769011;0,0124601694841668;1,18287743147653;0,236857727171214;FALSE;100;"5";"Combined"
"hs_KIDMED_None";"hs_zbmi_who";0;0,00966600202676444;0,00964949100921121;0,0043382795052193;0,00116313044166637;0,0181688736118625;0,000169520662449971;0,0187614836371389;2,22807267607711;0,0258756690288546;TRUE;100;"5";"Combined"
"hs_mvpa_prd_alt_None";"hs_zbmi_who";0;-0,000916807374817423;-0,000790148252143027;0,00536693884031613;-0,0114358142090662;0,00960219945943136;-0,00951002676090062;0,00969648216161326;-0,170825008835655;0,864361363897427;FALSE;100;"5";"Combined"
"hs_sd_wk_None";"hs_zbmi_who";0;-0,000561129209899382;-0,00149933097142057;0,00435656428626477;-0,00909983830731178;0,00797757988751301;-0,0110279412366424;0,00707728639835513;-0,128800856139893;0,897515228072377;FALSE;100;"5";"Combined"
"hs_dif_hours_total_None";"hs_zbmi_who";0;-0,00618414547880563;-0,00650088593016125;0,0045838183322466;-0,0151682643216834;0,00279997336407216;-0,0142128857657586;0,00171533512210166;-1,34912534279575;0,177296709410961;FALSE;100;"5";"Combined"
"hs_as_c_Log2";"hs_zbmi_who";0;-7,05814846397635e-05;0,000237145934254926;0,00433420926321072;-0,00856547554199266;0,00842431257271313;-0,0085317359221175;0,00853249547890248;-0,0162847431569277;0,987007229125996;FALSE;100;"5";"Combined"
"hs_cd_c_Log2";"hs_zbmi_who";0;0,00323244400747026;0,00310486962421297;0,00343561143973996;-0,00350123067929385;0,00996611869423438;-0,00338364909745695;0,0100156973214553;0,94086425783788;0,346774426105789;FALSE;100;"5";"Combined"
"hs_co_c_Log2";"hs_zbmi_who";0;-0,0082044998347359;-0,00809599805895901;0,00420707730467347;-0,0164502198320717;4,12201625999403e-05;-0,0163355355660054;0,000176971183826177;-1,95016617013951;0,0511563165306206;FALSE;100;"5";"Combined"
"hs_cs_c_Log2";"hs_zbmi_who";0;0,0114210674867689;0,0106906329692495;0,00547291280064405;0,000694355506978352;0,0221477794665595;0,000315131597487099;0,0222216211226795;2,08683527452235;0,0369030273239045;TRUE;100;"5";"Combined"
"hs_cu_c_Log2";"hs_zbmi_who";0;0,0128689888735821;0,0125173906532918;0,00515283918140206;0,0027696096599072;0,022968368087257;0,00384249377149705;0,0227095703436418;2,49745595011574;0,0125088005150269;TRUE;100;"5";"Combined"
"hs_hg_c_Log2";"hs_zbmi_who";0;-0,00614694399842362;-0,00651499787766313;0,00470805107955342;-0,0153745545517232;0,003080666554876;-0,0142437915314896;0,00297235789808208;-1,30562389714062;0,191680489574862;FALSE;100;"5";"Combined"
"hs_mn_c_Log2";"hs_zbmi_who";0;-0,00613137066168562;-0,0054782357382919;0,00385372161782871;-0,0136845262390733;0,00142178491570208;-0,0132239348681707;0,000597607212228686;-1,59102583677027;0,111603761317611;FALSE;100;"5";"Combined"
"hs_mo_c_Log2";"hs_zbmi_who";0;-0,00659883595459396;-0,00681488782120159;0,00409183702399424;-0,0146186891522302;0,0014210172430423;-0,0148342745051807;0,000724399688911679;-1,61268298710307;0,106813398563208;FALSE;100;"5";"Combined"
"hs_pb_c_Log2";"hs_zbmi_who";0;0,0029692134421652;0,00273998254371586;0,00409824138984324;-0,00506319208187893;0,0110016189662093;-0,0045749031947274;0,010562735102538;0,724509163741273;0,46875320335824;FALSE;100;"5";"Combined"
"hs_hum_mt_hs_h_None";"hs_zbmi_who";0;0,00416764986919032;0,00386937002106244;0,00649756796789372;-0,00856734933498248;0,0169026490733631;-0,00817215267915793;0,0156793534930977;0,641416894718736;0,521251859215887;FALSE;100;"5";"Combined"
"hs_tm_mt_hs_h_None";"hs_zbmi_who";0;0,00183989819394459;0,00167756577133785;0,00531875017235569;-0,00858466058663877;0,012264456974528;-0,0095657928958956;0,0122580123088826;0,345926793762095;0,72939773183198;FALSE;100;"5";"Combined"
"hs_uvdvf_mt_hs_h_None";"hs_zbmi_who";0;-0,000606591425272051;-9,13908877249986e-05;0,00587113537011751;-0,0121138052990616;0,0109006224485175;-0,0134222712933969;0,0100981672141146;-0,10331756756273;0,917710933333034;FALSE;100;"5";"Combined"
"hs_hum_dy_hs_h_None";"hs_zbmi_who";0;-0,00492235730963858;-0,0047460951753878;0,00463166810197632;-0,0140002599778552;0,004155545358578;-0,0137956115097115;0,00404829842069354;-1,06276123445422;0,28789024353789;FALSE;100;"5";"Combined"
"hs_hum_wk_hs_h_None";"hs_zbmi_who";0;-0,00696491670929331;-0,00659884733366581;0,00531276911221158;-0,0173777528274048;0,00344791940881823;-0,0174134349265184;0,00465052807532605;-1,31097673589545;0,189865623519246;FALSE;100;"5";"Combined"
"hs_tm_dy_hs_h_None";"hs_zbmi_who";0;-0,00685553922269035;-0,00647082053286259;0,00550135676123367;-0,0176380003408143;0,00392692189543356;-0,0165968267822894;0,00242075099171423;-1,24615427070631;0,212707763793218;FALSE;100;"5";"Combined"
"hs_tm_wk_hs_h_None";"hs_zbmi_who";0;-0,00260932938629361;-0,00227637910556265;0,00606664501895258;-0,01449973513043;0,00928107635784275;-0,0141562168023324;0,0112280049594815;-0,430110774265167;0,667115062896561;FALSE;100;"5";"Combined"
"hs_uvdvf_dy_hs_h_None";"hs_zbmi_who";0;0,00304158159241757;0,00178989021754555;0,00493331211231315;-0,00662753247221143;0,0127106956570466;-0,00849454205757934;0,0103519025848398;0,616539461354172;0,537538535861174;FALSE;100;"5";"Combined"
"hs_uvdvf_wk_hs_h_None";"hs_zbmi_who";0;-0,0109015373547494;-0,0111650846446247;0,00586530209770708;-0,0223973182247025;0,000594243515203739;-0,0215067356598685;0,000490737405957372;-1,85864891068631;0,0630769194703231;FALSE;100;"5";"Combined"
"hs_ndvi100_h_None";"hs_zbmi_who";0;0,00770197010693847;0,00694288282778685;0,00524494648758456;-0,00257793610956713;0,0179818763234441;-0,00325042375591638;0,0156087940213186;1,468455421837;0,141980556650576;FALSE;100;"5";"Combined"
"hs_ndvi100_s_None";"hs_zbmi_who";0;0,00945715806636392;0,00818709899690234;0,00614174214211709;-0,00258043533451746;0,0214947514672453;-0,00245322639211587;0,0200735139130585;1,53981685449008;0,123605002366898;FALSE;100;"5";"Combined"
"hs_dde_cadj_Log2";"hs_zbmi_who";0;-0,0183088126430427;-0,0170392712328959;0,00614831699193745;-0,0303592925127757;-0,00625833277330966;-0,0284623273605122;-0,00708566829186286;-2,97785762624989;0,00290270786341202;TRUE;100;"5";"Combined"
"hs_ddt_cadj_Log2";"hs_zbmi_who";0;-0,00522509930938723;-0,0055651618324649;0,00402420101690859;-0,0131123883690775;0,00266218975030306;-0,0127116470722008;0,00190116888266328;-1,29841906192876;0,194143372396075;FALSE;100;"5";"Combined"
"hs_hcb_cadj_Log2";"hs_zbmi_who";0;-0,032702539341324;-0,0311259807029762;0,00707844420819293;-0,0465760350559583;-0,0188290436266898;-0,0442105882868304;-0,017662781770142;-4,62001795584862;3,83706835405918e-06;TRUE;100;"5";"Combined"
"hs_pcb118_cadj_Log2";"hs_zbmi_who";0;0,00517368855420588;0,00331336712736375;0,00576482743376048;-0,00612516559305312;0,0164725427014649;-0,0067839666241404;0,0124615571557351;0,897457662636574;0,369474755212969;FALSE;100;"5";"Combined"
"hs_pcb138_cadj_Log2";"hs_zbmi_who";0;0,00278091719700224;0,00150489655388727;0,00632890707497278;-0,00962351273144515;0,0151853471254496;-0,0107545459824369;0,0115597654978582;0,439399277641345;0,660372249841878;FALSE;100;"5";"Combined"
"hs_pcb153_cadj_Log2";"hs_zbmi_who";0;-0,00199762338247266;-0,00299680967379439;0,00537926179716961;-0,0125407827683373;0,00854553600339198;-0,0130211014720262;0,00762067681553188;-0,371356416139431;0,71037208317237;FALSE;100;"5";"Combined"
"hs_pcb170_cadj_Log2";"hs_zbmi_who";0;-0,0239455037901173;-0,022170267277243;0,00544940602532811;-0,034626143336896;-0,0132648642433387;-0,0323152580244819;-0,0106849247081842;-4,3941493217466;1,11207359945281e-05;TRUE;100;"5";"Combined"
"hs_pcb180_cadj_Log2";"hs_zbmi_who";0;-0,004768421306648;-0,00494605062678674;0,00607663403878578;-0,0166784051698983;0,0071415625566023;-0,0171168527318966;0,00746673303754113;-0,784714247429127;0,432621127438524;FALSE;100;"5";"Combined"
"hs_sumPCBs5_cadj_Log2";"hs_zbmi_who";0;-0,0170144678375001;-0,0153549855660991;0,00481022369308943;-0,0264423330335366;-0,00758660264146355;-0,0238008473046684;-0,00647236999771702;-3,53714690274046;0,0004044746232845;TRUE;100;"5";"Combined"
"hs_pfhxs_c_Log2";"hs_zbmi_who";0;0,00899302933160308;0,00938206996531958;0,00587801278092671;-0,0025276640196794;0,0205137226828856;-0,00268583193162921;0,0205020291008851;1,5299438206028;0,126030635363424;FALSE;100;"5";"Combined"
"hs_pfna_c_Log2";"hs_zbmi_who";0;0,000575474346934642;-0,000489547585572806;0,00520268161326646;-0,00962159423809636;0,0107725429319656;-0,009207068662521;0,00910721607246755;0,110611102064601;0,911924743339399;FALSE;100;"5";"Combined"
"hs_pfoa_c_Log2";"hs_zbmi_who";0;-0,000864206113712799;-0,000329175860266955;0,00530964581968265;-0,0112709206909544;0,00954250846352884;-0,00985599633195417;0,0106642000393095;-0,16276153684474;0,870706193513285;FALSE;100;"5";"Combined"
"hs_pfos_c_Log2";"hs_zbmi_who";0;-0,00823809679113379;-0,0072832756214531;0,00455179246336621;-0,0171594460844324;0,000683252502164824;-0,0164580467402229;0,000811408222117931;-1,80985773350515;0,0703178520969896;FALSE;100;"5";"Combined"
"hs_pfunda_c_Log2";"hs_zbmi_who";0;0,000131530302987831;0,000927579383993012;0,00425039173095974;-0,00819908440988012;0,00846214501585578;-0,00692551109187718;0,00994909436217627;0,0309454542812532;0,975313039990628;FALSE;100;"5";"Combined"
"hs_hm_pers_None";"hs_zbmi_who";0;-0,000479394805922184;-0,00123289168144785;0,00443864154954907;-0,00917897238332143;0,00822018277147706;-0,00984467399585691;0,00662243372276367;-0,108004848008258;0,913991846554036;FALSE;100;"5";"Combined"
"hs_trafload_h_pow1over3";"hs_zbmi_who";0;-0,00579181954002769;-0,00525804228953759;0,00496938540591501;-0,0155316359609201;0,00394799688086469;-0,0165801338571686;0,00323956057748725;-1,16550017093336;0,243816591069406;FALSE;100;"5";"Combined"
"hs_trafnear_h_pow1over3";"hs_zbmi_who";0;-0,00227492065146253;-0,00262082055493412;0,00568839719969693;-0,013423974292627;0,00887413298970195;-0,0143770928350902;0,00896236957731771;-0,399922961002746;0,689213259978234;FALSE;100;"5";"Combined"
"FAS_cat_None_Low";"hs_zbmi_who";0;-0,00996495248872259;-0,00895630786982724;0,0138284302194332;-0,0370681776815369;0,0171382727040917;-0,0354197302602976;0,0190139581841181;-0,720613426874642;0,471147390503107;FALSE;100;"5";"Combined"
"FAS_cat_None_Middle";"hs_zbmi_who";0;0,00741225070294671;0,00752750309121869;0,00972250357727417;-0,0116435061480725;0,0264680075539659;-0,00886069426361656;0,0268722472765442;0,762380866618805;0,445832722339396;FALSE;100;"5";"Combined"
"hs_globalexp2_None_no exposure";"hs_zbmi_who";0;0,0127893133998546;0,0131161483815445;0,00715110632089548;-0,00122659743871723;0,0268052242384265;-0,000777651116044877;0,0266439998900052;1,78843843539067;0,073705299939579;FALSE;100;"5";"Combined"
"h_abs_ratio_preg_Log";"hs_correct_raven";0;0,00547317864666464;0,00425477303831216;0,00870073218254996;-0,0115799430702619;0,0225263003635911;-0,0103582141636641;0,0196321988899189;0,629048053868564;0,529317596880934;FALSE;100;"5";"Combined"
"h_no2_ratio_preg_Log";"hs_correct_raven";0;0,0175411549635444;0,0166626347606545;0,00979468031068861;-0,00165606568548885;0,0367383756125777;0,00110509983319854;0,0378359039662858;1,79088591022234;0,0733116051584684;FALSE;100;"5";"Combined"
"h_pm10_ratio_preg_None";"hs_correct_raven";0;-0,0126052419495161;-0,0119887458695786;0,00935895572014971;-0,0309484580939147;0,00573797419488242;-0,0292158343822692;0,00539597182400671;-1,34686415091987;0,178023989183172;FALSE;100;"5";"Combined"
"h_pm25_ratio_preg_None";"hs_correct_raven";0;0,00663697213276552;0,00578069113622684;0,00648166247845366;-0,00606685288494827;0,0193407971504793;-0,00826155159173393;0,0171387735463673;1,02396139182319;0,305853511033043;FALSE;100;"5";"Combined"
"h_accesslines300_preg_dic0";"hs_correct_raven";0;-0,0117214036524817;-0,0108499821072063;0,0205070736015505;-0,0519145293398328;0,0284717220348695;-0,0556628346744233;0,024308762015424;-0,571578562608534;0,567607522150289;FALSE;100;"5";"Combined"
"h_accesspoints300_preg_Log";"hs_correct_raven";0;-0,00340650654910921;-0,00417730378540447;0,00962781686064912;-0,022276680845729;0,0154636677475106;-0,0224176983475215;0,0147184322457163;-0,353819209319644;0,723474376583127;FALSE;100;"5";"Combined"
"h_builtdens300_preg_Sqrt";"hs_correct_raven";0;0,00988767346239612;0,00984250835988143;0,00919324343304836;-0,00813075256748804;0,0279060994922803;-0,00668554368378052;0,0289031704002073;1,07553700001584;0,282134376069675;FALSE;100;"5";"Combined"
"h_connind300_preg_Sqrt";"hs_correct_raven";0;-0,0040140696973135;-0,00337703492398027;0,00743901036883433;-0,0185942621008488;0,0105661227062218;-0,0163167386848671;0,0114988910966949;-0,5395972714503;0,589474798733447;FALSE;100;"5";"Combined"
"h_fdensity300_preg_Log";"hs_correct_raven";0;0,0102555260646344;0,0103777015578955;0,0110334435305373;-0,0113696258806751;0,0318806780099439;-0,00823665979797603;0,0294778122857586;0,929494589449808;0,352632827907536;FALSE;100;"5";"Combined"
"h_frichness300_preg_None";"hs_correct_raven";0;0,00630240493081265;0,00616144430875107;0,00878625581928625;-0,0109183400339439;0,0235231498955692;-0,010240883367849;0,0236239964846408;0,717302689614223;0,473187348022549;FALSE;100;"5";"Combined"
"h_landuseshan300_preg_None";"hs_correct_raven";0;0,00788030672130632;0,00805780147161356;0,00531880785155219;-0,00254436510842484;0,0183049785510375;-0,00274699663852215;0,018287091689496;1,48159266911787;0,138448710814545;FALSE;100;"5";"Combined"
"h_popdens_preg_Sqrt";"hs_correct_raven";0;-0,00333481020550611;-0,00326806736241409;0,00705374726248589;-0,0171599007960265;0,0104902803850142;-0,0181166716608598;0,00799589704217148;-0,472771433595545;0,636376256584883;FALSE;100;"5";"Combined"
"h_walkability_mean_preg_None";"hs_correct_raven";0;-0,00446170513956203;-0,0046672232853722;0,00662218793516183;-0,0174409549913349;0,00851754471221083;-0,0185699283847022;0,00666032191669463;-0,673750908800354;0,500469689953403;FALSE;100;"5";"Combined"
"hs_as_m_Log2";"hs_correct_raven";0;0,00141485694072983;0,0020629423308913;0,00642343025506851;-0,0111748350164094;0,014004548897869;-0,0100448533225392;0,0140757642915253;0,220265011768971;0,825664767564552;FALSE;100;"5";"Combined"
"hs_cd_m_Log2";"hs_correct_raven";0;0,00198250498575198;0,00177780007698754;0,00566306934434442;-0,00911690697111594;0,0130819169426199;-0,0093739468346738;0,0126212975228669;0,350076056852785;0,726281619208882;FALSE;100;"5";"Combined"
"hs_co_m_Log2";"hs_correct_raven";0;-0,00175101453782134;-0,00181018939108537;0,00535904150624757;-0,0122545428817219;0,00875251380607917;-0,0117950579024986;0,00730488227327638;-0,326740245579365;0,743864357867273;FALSE;100;"5";"Combined"
"hs_cs_m_Log2";"hs_correct_raven";0;0,00248356141707214;0,0024316212941182;0,00470029191911686;-0,00672884146122156;0,0116959642953658;-0,00598060742612917;0,0125575976496424;0,528384504581744;0,59723249018346;FALSE;100;"5";"Combined"
"hs_cu_m_Log2";"hs_correct_raven";0;0,000642142893478341;-0,000214551056718837;0,00725318211236066;-0,0135738328200587;0,0148581186070154;-0,0121317191496535;0,0120789888951206;0,0885325755690072;0,929453394421106;FALSE;100;"5";"Combined"
"hs_hg_m_Log2";"hs_correct_raven";0;0,000325694433535368;0,000504418660114964;0,00622109878272625;-0,0118674351248741;0,0125188239919448;-0,0110313461158679;0,0113836718322778;0,052353200762493;0,958247263324793;FALSE;100;"5";"Combined"
"hs_mn_m_Log2";"hs_correct_raven";0;0,000972087177114357;0,000638482702639879;0,0056545800277195;-0,0101106860249154;0,0120548603791441;-0,00829793445897871;0,0132564886635584;0,171911472178138;0,863507127367361;FALSE;100;"5";"Combined"
"hs_mo_m_Log2";"hs_correct_raven";0;0,00273592823571727;0,00316137586640492;0,00517240490541952;-0,00740179909236329;0,0128736555637978;-0,00720876701718893;0,0130553275356376;0,528947034454057;0,596842192738066;FALSE;100;"5";"Combined"
"hs_pb_m_Log2";"hs_correct_raven";0;0,00153721925046757;0,00123309095196236;0,00517689330049117;-0,00860930517030182;0,011683743671237;-0,00934238765510451;0,0116476631206453;0,296938561650811;0,766513415224854;FALSE;100;"5";"Combined"
"h_humidity_preg_None";"hs_correct_raven";0;0,00177287796784794;0,00354348644315052;0,00998519244284743;-0,0177977395988345;0,0213434955345304;-0,0155853772110608;0,0194454758003561;0,177550706007462;0,859075840210544;FALSE;100;"5";"Combined"
"h_pressure_preg_None";"hs_correct_raven";0;-0,0170286878045006;-0,0164834888738293;0,00999505843677953;-0,0366186423639617;0,00256126675496049;-0,0370841794052107;0,000595780896518129;-1,70371067985345;0,0884351519143465;FALSE;100;"5";"Combined"
"h_temperature_preg_None";"hs_correct_raven";0;0,00631094468759615;0,00446472464431585;0,00905121674362705;-0,0114291141461788;0,0240510035213711;-0,0132185007729637;0,0232628036955082;0,697248211632947;0,48564747196511;FALSE;100;"5";"Combined"
"h_ndvi100_preg_None";"hs_correct_raven";0;0,00677916269655639;0,00617229443454429;0,00882289474213954;-0,0105133932374249;0,0240717186305377;-0,00986136645965731;0,0233012149572593;0,768360373175262;0,442273115906145;FALSE;100;"5";"Combined"
"hs_dde_madj_Log2";"hs_correct_raven";0;-0,010716389897657;-0,010441014260706;0,0059377904761494;-0,0223542453786547;0,000921465583340801;-0,0205989009340721;0,00133527862814888;-1,8047773731158;0,0711095264970623;FALSE;100;"5";"Combined"
"hs_ddt_madj_Log2";"hs_correct_raven";0;0,00789165445241177;0,00766983955629321;0,00523692792097974;-0,00237253566234073;0,0181558445671643;-0,00104417675680667;0,0176649369186214;1,50692439756463;0,131830036970005;FALSE;100;"5";"Combined"
"hs_hcb_madj_Log2";"hs_correct_raven";0;0,00398455760258611;0,00395651170628012;0,00600230914636673;-0,00777975214836805;0,0157488673535403;-0,00672092899180528;0,0154034075820303;0,663837450791418;0,506794353161377;FALSE;100;"5";"Combined"
"hs_pcb118_madj_Log2";"hs_correct_raven";0;-0,0181910669613302;-0,0170649758062467;0,00826512915710377;-0,0343904224368255;-0,00199171148583497;-0,0318956707660903;0,00283223397579056;-2,20094164477699;0,0277401552602626;TRUE;100;"5";"Combined"
"hs_pcb138_madj_Log2";"hs_correct_raven";0;0,0111071982429165;0,00971876835654256;0,00766813400060628;-0,0039220682268988;0,0261364647127319;-0,00355620442144402;0,0247026495707899;1,44848776013022;0,147480686665987;FALSE;100;"5";"Combined"
"hs_pcb153_madj_Log2";"hs_correct_raven";0;-0,01649433164316;-0,0153362062397751;0,0091857949318771;-0,0344981588790096;0,00150949559268971;-0,0345830607097436;0,000391052401941788;-1,7956346473532;0,072552641792489;FALSE;100;"5";"Combined"
"hs_pcb170_madj_Log2";"hs_correct_raven";0;0,00373395035277217;0,00305608877530073;0,00877546775451707;-0,0134656503935739;0,0209335510991182;-0,0137553335796717;0,0190707580485;0,425498726361357;0,670473149875087;FALSE;100;"5";"Combined"
"hs_pcb180_madj_Log2";"hs_correct_raven";0;0,0195446115160348;0,01783756365986;0,00860554042107598;0,0026780622232222;0,0364111608088473;-0,000517747108537023;0,0332880972948809;2,27116608135007;0,0231369258912391;TRUE;100;"5";"Combined"
"hs_sumPCBs5_madj_Log2";"hs_correct_raven";0;-0,00215396689158021;-0,00206350485541385;0,0101517441335727;-0,0220510197736485;0,0177430859904881;-0,0224409880470673;0,023402695574257;-0,212177027241737;0,831968928322455;FALSE;100;"5";"Combined"
"hs_pfhxs_m_Log2";"hs_correct_raven";0;0,0185099556997318;0,0192004156536543;0,00890019747252781;0,00106588919828291;0,0359540222011807;0,00365347197554053;0,0333233797580447;2,0797241585781;0,0375508408980798;TRUE;100;"5";"Combined"
"hs_pfna_m_Log2";"hs_correct_raven";0;-0,00496625764162053;-0,00628997692669569;0,00787112309539054;-0,0203933754264674;0,0104608601432263;-0,0193192667311066;0,00794832428151851;-0,630946509339799;0,528075500086158;FALSE;100;"5";"Combined"
"hs_pfoa_m_Log2";"hs_correct_raven";0;0,00616095919445515;0,00675086638525245;0,00685036637488741;-0,00726551218122837;0,0195874305701387;-0,00581524666119042;0,0196697989435621;0,899361998657541;0,368459873660398;FALSE;100;"5";"Combined"
"hs_pfos_m_Log2";"hs_correct_raven";0;0,00246320353720855;0,00228624417231659;0,00845292886419426;-0,0141042326004913;0,0190306396749084;-0,013596256398353;0,0206609493436924;0,291402373873325;0,770743599203332;FALSE;100;"5";"Combined"
"hs_pfunda_m_Log2";"hs_correct_raven";0;0,00124968875179539;0,00140987525176312;0,0055126994524452;-0,00955500363259087;0,0120543811361817;-0,00803401809044808;0,0122722599541178;0,226692705193838;0,820662699875296;FALSE;100;"5";"Combined"
"e3_asmokcigd_p_None";"hs_correct_raven";0;-0,00668547393498407;-0,00662474999207548;0,00554148034480084;-0,0175465758318303;0,00417562796186219;-0,0174173111759273;0,00372240368918391;-1,20644187455371;0,227647158305997;FALSE;100;"5";"Combined"
"h_distinvnear1_preg_Log";"hs_correct_raven";0;0,00119474302126717;0,00122288175633956;0,00505351248318482;-0,00870995944119865;0,011099445483733;-0,00785001453769321;0,0114007278424285;0,236418337788338;0,813108067963384;FALSE;100;"5";"Combined"
"h_trafload_preg_pow1over3";"hs_correct_raven";0;-0,00456522357352342;-0,00443310275958971;0,00578246240124747;-0,0158986416219255;0,00676819447487863;-0,0140713824092812;0,00679522213138566;-0,789494726768745;0,4298229106026;FALSE;100;"5";"Combined"
"h_trafnear_preg_pow1over3";"hs_correct_raven";0;-0,0114581743516207;-0,0118647480448252;0,00818059109881229;-0,0274918382775417;0,00457548957430034;-0,0284414909634732;0,00123539267114737;-1,40065359742577;0,161317685028768;FALSE;100;"5";"Combined"
"h_bro_preg_Log";"hs_correct_raven";0;0,0124019973086905;0,0111877074223572;0,011318614645995;-0,0097820797523473;0,0345860743697283;-0,00866665967812093;0,0329958588682983;1,09571689615556;0,27320268621574;FALSE;100;"5";"Combined"
"h_clf_preg_Log";"hs_correct_raven";0;0,000108274757753076;0,000650077649042533;0,0067708013561144;-0,0131622520467061;0,0133788015622123;-0,0120892058205794;0,0114890948795068;0,0159914243615046;0,987241233189689;FALSE;100;"5";"Combined"
"h_thm_preg_Log";"hs_correct_raven";0;-0,00496804293591857;-0,00376391368122965;0,00977625913956193;-0,0241291587529905;0,0141930728811534;-0,0238051804135868;0,0125128347877889;-0,508174227482802;0,611331163354831;FALSE;100;"5";"Combined"
"e3_alcpreg_yn_None_1";"hs_correct_raven";0;0,0302827274271683;0,0300946499902019;0,0112471297558324;0,00823875817628801;0,0523266966780486;0,00674039825920565;0,0506810898518514;2,69248493478655;0,00709217396504943;TRUE;100;"5";"Combined"
"h_pamod_t3_None_Often";"hs_correct_raven";0;0,0902983360326195;0,0857403123064353;0,0178641298206309;0,055285284969035;0,125311387096204;0,0522525807871286;0,119363918999982;5,05472905421544;4,31002204721625e-07;TRUE;100;"5";"Combined"
"h_pamod_t3_None_Sometimes";"hs_correct_raven";0;0,080934618521432;0,0754735646393133;0,0213434239510583;0,039102276270588;0,122766960772276;0,0352452892593934;0,118995588972217;3,79201662802649;0,000149428906110998;TRUE;100;"5";"Combined"
"h_pamod_t3_None_Very Often";"hs_correct_raven";0;0,0863294378753558;0,0815195696483386;0,0162874969575864;0,0544065304401807;0,118252345310531;0,0475095547873727;0,113996745093371;5,30035020728861;1,15580760898069e-07;TRUE;100;"5";"Combined"
"h_pavig_t3_None_Low";"hs_correct_raven";0;0,0921687931738534;0,0928752701838455;0,0179323888876157;0,0570219567973604;0,127315629550346;0,061908284798333;0,129986412019049;5,1397944663974;2,75039151850793e-07;TRUE;100;"5";"Combined"
"h_pavig_t3_None_Medium";"hs_correct_raven";0;0,069936685331504;0,0708294366595389;0,0199884668196488;0,0307600102588185;0,109113360404189;0,0385979980509754;0,113803199347862;3,49885191108084;0,000467266023707436;TRUE;100;"5";"Combined"
"hs_no2_dy_hs_h_Log";"hs_correct_raven";0;-0,00692687958096639;-0,00658532993425012;0,0090102466531347;-0,024586638512933;0,0107328793510002;-0,0226110175463721;0,0113018721116043;-0,768778019917635;0,442025099400068;FALSE;100;"5";"Combined"
"hs_no2_wk_hs_h_Log";"hs_correct_raven";0;0,00159678308622241;0,00259472174809624;0,0090081948339046;-0,0160589543539504;0,0192525205263952;-0,0149265878176612;0,0192684175939577;0,177258942070449;0,859304999522838;FALSE;100;"5";"Combined"
"hs_no2_yr_hs_h_Log";"hs_correct_raven";0;0,0303838038274906;0,029122049440316;0,00815229662551927;0,0144055960501854;0,0463620116047958;0,0144622698590109;0,0446530828630907;3,72702383428734;0,000193754142442059;TRUE;100;"5";"Combined"
"hs_pm10_dy_hs_h_None";"hs_correct_raven";0;-0,0161865986051092;-0,0165228417107467;0,00772743786518461;-0,0313320985136421;-0,00104109869657629;-0,0295415433345246;-0,00178142696345663;-2,0946915248632;0,0361984231172105;TRUE;100;"5";"Combined"
"hs_pm10_wk_hs_h_None";"hs_correct_raven";0;0,0011432862144796;0,00220997521530925;0,00860885052979138;-0,0157297507722001;0,0180163232011593;-0,0120641695845986;0,0191071901890858;0,132803585161944;0,894348718928256;FALSE;100;"5";"Combined"
"hs_pm10_yr_hs_h_None";"hs_correct_raven";0;-0,00834001840548144;-0,00844258489775463;0,00852034652804196;-0,0250395907362446;0,00835955392528169;-0,0229303388778908;0,0073780235034976;-0,97883558820442;0,327661222359403;FALSE;100;"5";"Combined"
"hs_pm25_dy_hs_h_None";"hs_correct_raven";0;-0,00105784442694031;-0,000347159489588176;0,00738540214995472;-0,0155329666521962;0,0134172777983156;-0,0149933998208366;0,0145141065714428;-0,143234505780676;0,886104979102574;FALSE;100;"5";"Combined"
"hs_pm25_wk_hs_h_None";"hs_correct_raven";0;0,00358931103062895;0,0031498516718276;0,00777093955982809;-0,0116414506326716;0,0188200726939295;-0,0129230313035582;0,0173531519975132;0,461888939296853;0,644160966242496;FALSE;100;"5";"Combined"
"hs_pm25_yr_hs_h_None";"hs_correct_raven";0;0,00123537078648482;0,000881746487896292;0,0116329807766985;-0,021564852568691;0,0240355941416606;-0,020915346932562;0,0229842808265436;0,106195549549892;0,915427201925703;FALSE;100;"5";"Combined"
"hs_pm25abs_dy_hs_h_Log";"hs_correct_raven";0;0,0179670496393519;0,0166210934203839;0,00595297259008184;0,00629943776183737;0,0296346615168664;0,00517352106437106;0,0277890326897998;3,01816434856202;0,00254310945410778;TRUE;100;"5";"Combined"
"hs_pm25abs_wk_hs_h_Log";"hs_correct_raven";0;-0,0114057866326726;-0,0109799838348432;0,00668311279378385;-0,0245044470131078;0,00169287374776265;-0,0238964826579653;0,00241341546906357;-1,70665780821198;0,0878856736475827;FALSE;100;"5";"Combined"
"hs_pm25abs_yr_hs_h_Log";"hs_correct_raven";0;-0,00905932049005853;-0,00892356493580906;0,00803934451131944;-0,0248161461915544;0,00669750521143733;-0,0244050028214167;0,00465651099364222;-1,12687302768316;0,259796168730666;FALSE;100;"5";"Combined"
"hs_accesslines300_h_dic0";"hs_correct_raven";0;0,00143154662270663;0,00245963775323749;0,0222605745619541;-0,0421983777938918;0,0450614710393051;-0,0421133482820111;0,0493508737424704;0,0643086106660208;0,948724497328936;FALSE;100;"5";"Combined"
"hs_accesspoints300_h_Log";"hs_correct_raven";0;-0,0071721984900626;-0,00526532620675217;0,0087259311363947;-0,0242747092489729;0,00993031226884768;-0,0222175469210868;0,00886176821723115;-0,821940762304244;0,411110612115701;FALSE;100;"5";"Combined"
"hs_builtdens300_h_Sqrt";"hs_correct_raven";0;-0,00296442726871803;-0,00285182741326235;0,00805180422134408;-0,01874567355312;0,0128168190156839;-0,0162374634532885;0,0130521127821654;-0,368169317984632;0,712746986723269;FALSE;100;"5";"Combined"
"hs_connind300_h_Log";"hs_correct_raven";0;-0,00656495067025605;-0,0061490102971848;0,00755866626280026;-0,0213796643165025;0,00824976297599043;-0,0205805725322469;0,00863385667738208;-0,868532945099752;0,38510264493843;FALSE;100;"5";"Combined"
"hs_fdensity300_h_Log";"hs_correct_raven";0;0,0195448378470294;0,0185776553029976;0,00775564606927892;0,00434405087440309;0,0347456248196557;0,00312445672974782;0,0337982792862785;2,52007862045806;0,011732862468386;TRUE;100;"5";"Combined"
"hs_landuseshan300_h_None";"hs_correct_raven";0;0,00839485359927087;0,00824653629292263;0,00556970692584917;-0,00252157137983681;0,0193112785783786;-0,00370370535197845;0,0162280957904406;1,50723435021511;0,131750598395262;FALSE;100;"5";"Combined"
"hs_popdens_h_Sqrt";"hs_correct_raven";0;-0,0111879665758602;-0,0109288865705026;0,00749040231942718;-0,0258688853516527;0,00349295219993238;-0,0255940411242451;0,00316907311823387;-1,49364027441396;0,135269666857399;FALSE;100;"5";"Combined"
"hs_walkability_mean_h_None";"hs_correct_raven";0;0,00084555508183344;0,000606634818431751;0,00632738103223879;-0,0115558838578165;0,0132469940214833;-0,0122546113209282;0,0113731260966808;0,133634291585291;0,893691766618731;FALSE;100;"5";"Combined"
"hs_accesslines300_s_dic0";"hs_correct_raven";0;0,00737276345547463;0,00846632050539317;0,0182437656007107;-0,028384360064309;0,0431298869752583;-0,0262517284797068;0,0489432954607297;0,404125092200671;0,686120734091041;FALSE;100;"5";"Combined"
"hs_accesspoints300_s_Log";"hs_correct_raven";0;-0,00118025014552436;-0,000743233867002092;0,00734190394704654;-0,0155701174596881;0,0132096171686393;-0,016583132024213;0,0136291380772297;-0,16075532369218;0,872286114015249;FALSE;100;"5";"Combined"
"hs_builtdens300_s_Sqrt";"hs_correct_raven";0;-0,00468066277981897;-0,00421542950795375;0,00884892256099857;-0,0220242323013601;0,0126629067417222;-0,0181646875951931;0,012672321711758;-0,528952846807462;0,596838160586272;FALSE;100;"5";"Combined"
"hs_connind300_s_Log";"hs_correct_raven";0;0,00562268570792173;0,00639908463306643;0,00695383396076425;-0,0080065784096477;0,0192519498254912;-0,00496043328816016;0,0200035922757852;0,808573477544434;0,418760525693254;FALSE;100;"5";"Combined"
"hs_fdensity300_s_Log";"hs_correct_raven";0;0,00665451012751784;0,00681859844792633;0,00731211741115709;-0,00767697664907831;0,020985996904114;-0,00761767585292049;0,0199036154036627;0,910066093490806;0,362787654705437;FALSE;100;"5";"Combined"
"hs_landuseshan300_s_None";"hs_correct_raven";0;-0,00486966827657829;-0,00385487282203558;0,00593343225634334;-0,0164989818037195;0,00675964525056289;-0,0157204766843349;0,00754977696985564;-0,820716925076916;0,411807527889433;FALSE;100;"5";"Combined"
"hs_popdens_s_Sqrt";"hs_correct_raven";0;0,00346098321367266;0,00327854838442869;0,00614863027920746;-0,0085901106878264;0,0155120771151717;-0,00874038689817424;0,0144034458936849;0,562886863660759;0,5735119258556;FALSE;100;"5";"Combined"
"h_Absorbance_Log";"hs_correct_raven";0;0,0131536410131123;0,013426122859552;0,00694377260713455;-0,000455903213707184;0,0267631852399318;-0,000857335375875144;0,0267783999679417;1,89430756986444;0,0581841968296479;FALSE;100;"5";"Combined"
"h_Benzene_Log";"hs_correct_raven";0;-0,0169436104396636;-0,0164232274619177;0,00657581380900175;-0,0298319686743482;-0,00405525220497905;-0,0282317647453638;-0,00327983494188106;-2,57665605076427;0,00997611633802534;TRUE;100;"5";"Combined"
"h_NO2_Log";"hs_correct_raven";0;0,0100123457291393;0,00988999012025421;0,00601477398943982;-0,00177639466531102;0,0218010861235897;-0,00143290928213404;0,0215675428729777;1,66462542843972;0,0959875089350519;FALSE;100;"5";"Combined"
"h_PM_Log";"hs_correct_raven";0;-0,00760492522835275;-0,00632545445454624;0,00659399494194116;-0,0205289178287967;0,00531906737209121;-0,0188049696006;0,00558352167059899;-1,15331074641589;0,248782860807283;FALSE;100;"5";"Combined"
"h_TEX_Log";"hs_correct_raven";0;0,00386532195651221;0,00370242051208591;0,00514874257907927;-0,00622602806415102;0,0139566719771754;-0,00554204505063368;0,0134342957329163;0,750731250814142;0,452814411555938;FALSE;100;"5";"Combined"
"hs_KIDMED_None";"hs_correct_raven";0;0,0168207692093343;0,0158988584816922;0,00613004869414693;0,00480609454532951;0,028835443873339;0,00495820985681052;0,0266717952354399;2,74398623054904;0,00606980838513545;TRUE;100;"5";"Combined"
"hs_mvpa_prd_alt_None";"hs_correct_raven";0;-0,013054339989707;-0,0126640724931862;0,00693005042860702;-0,0266369892408231;0,000528309261409145;-0,0249020244375206;0,00329374737580692;-1,88372943663138;0,0596015825560755;FALSE;100;"5";"Combined"
"hs_sd_wk_None";"hs_correct_raven";0;-0,0159878169500876;-0,0152395710266826;0,0057280166769421;-0,0272145233397389;-0,0047611105604363;-0,0268647175303761;-0,00516277601289061;-2,79116103387861;0,00525193355157815;TRUE;100;"5";"Combined"
"hs_dif_hours_total_None";"hs_correct_raven";0;-0,000748510730509286;-0,00154619666547283;0,00580141407799845;-0,0121190733827899;0,0106220519217713;-0,0125359441433442;0,0087276045420393;-0,129022117788139;0,897340147638661;FALSE;100;"5";"Combined"
"hs_as_c_Log2";"hs_correct_raven";0;0,0179705171954687;0,017123618757246;0,00619959816600406;0,00581952807148013;0,0301215063194572;0,00700067582917362;0,0288110741510988;2,89865838305638;0,0037476297441163;TRUE;100;"5";"Combined"
"hs_cd_c_Log2";"hs_correct_raven";0;-0,00485410669469702;-0,00454668245416609;0,00513240807696005;-0,0149134416795012;0,00520522829010715;-0,015529343727329;0,00516875622815356;-0,945775671363243;0,344263016864619;FALSE;100;"5";"Combined"
"hs_co_c_Log2";"hs_correct_raven";0;0,00511666483705064;0,00479566229555996;0,00560236221989191;-0,00586376334228537;0,0160970930163867;-0,00464525822139735;0,0160448971679108;0,91330489465377;0,36108220880212;FALSE;100;"5";"Combined"
"hs_cs_c_Log2";"hs_correct_raven";0;0,00107542666515022;0,00196439992282278;0,00666326971169445;-0,0119843419890475;0,0141351953193479;-0,00932959179702102;0,0158672567034365;0,161396238135578;0,871781329365867;FALSE;100;"5";"Combined"
"hs_cu_c_Log2";"hs_correct_raven";0;-0,00165031848977524;-0,0025170696463475;0,00547476238598944;-0,0123806555902291;0,00908001861067863;-0,0117447193834405;0,00806701146514051;-0,301441117152152;0,763078144545255;FALSE;100;"5";"Combined"
"hs_hg_c_Log2";"hs_correct_raven";0;-0,0187478377762955;-0,0179512295285691;0,00625202841714651;-0,0310015883042236;-0,00649408724836736;-0,0281184532333643;-0,00452432476008174;-2,9986808321086;0,0027115119316198;TRUE;100;"5";"Combined"
"hs_mn_c_Log2";"hs_correct_raven";0;-0,00693275956280464;-0,00670299170290203;0,00543446929453235;-0,0175841236551768;0,00371860452956756;-0,0165065814713617;0,00374233216052199;-1,27570130348877;0,202061127636361;FALSE;100;"5";"Combined"
"hs_mo_c_Log2";"hs_correct_raven";0;-0,00450261554511735;-0,00401884379933084;0,00478394923211677;-0,0138789837439343;0,00487375265369957;-0,0126406913362964;0,00429473247316636;-0,941192167109403;0,346606390052815;FALSE;100;"5";"Combined"
"hs_pb_c_Log2";"hs_correct_raven";0;-0,00730361590857188;-0,00715962657340207;0,00534652607909345;-0,0177826144659992;0,00317538264885543;-0,0184675118063545;0,00401965275880779;-1,36604886996273;0,171923624978831;FALSE;100;"5";"Combined"
"hs_hum_mt_hs_h_None";"hs_correct_raven";0;0,00427746944411212;0,00364907030599288;0,0102262441717341;-0,0157656008295994;0,0243205397178237;-0,0114790049015531;0,0226081979230292;0,418283523479252;0,675739834783537;FALSE;100;"5";"Combined"
"hs_tm_mt_hs_h_None";"hs_correct_raven";0;0,0136595414760096;0,0127522045827406;0,00730608387794407;-0,000660119792789479;0,0279792027448087;-0,000512095452761255;0,0251759735565073;1,86961191579605;0,0615377293603482;FALSE;100;"5";"Combined"
"hs_uvdvf_mt_hs_h_None";"hs_correct_raven";0;0,00742946212944898;0,00706312475442667;0,00868861996675577;-0,00959992008074793;0,0244588443396459;-0,00649625972318212;0,0248053161914653;0,855079651069496;0,392507054020681;FALSE;100;"5";"Combined"
"hs_hum_dy_hs_h_None";"hs_correct_raven";0;-0,00488035125266713;-0,0046707537635249;0,00599128851246719;-0,0166230609580914;0,00686235845275712;-0,016472512305633;0,00537491282979332;-0,814574568143676;0,415315872750375;FALSE;100;"5";"Combined"
"hs_hum_wk_hs_h_None";"hs_correct_raven";0;-0,00779344320126949;-0,00781301574999481;0,00809209974924729;-0,0236536672690998;0,0080667808665608;-0,0209970296117257;0,00904505992240899;-0,963092824207267;0,335500942539529;FALSE;100;"5";"Combined"
"hs_tm_dy_hs_h_None";"hs_correct_raven";0;-0,00352356295827693;-0,0041319066187739;0,00761708017097754;-0,0184527657607471;0,0114056398441933;-0,0177653705706904;0,0098350022380059;-0,462587091009274;0,643660363392449;FALSE;100;"5";"Combined"
"hs_tm_wk_hs_h_None";"hs_correct_raven";0;-0,00928083754651404;-0,00800965778258633;0,00751567757196204;-0,0240112949069751;0,00544961981394699;-0,0251257052765581;0,0044762306937922;-1,23486371756249;0,216881228677649;FALSE;100;"5";"Combined"
"hs_uvdvf_dy_hs_h_None";"hs_correct_raven";0;0,00042826041227332;-0,000340043041901439;0,00896265294815112;-0,0171382165720346;0,0179947373965812;-0,0157993365557708;0,016166117305866;0,047782773108677;0,961889365940501;FALSE;100;"5";"Combined"
"hs_uvdvf_wk_hs_h_None";"hs_correct_raven";0;-0,0162866575630033;-0,015210324252875;0,00923520329524383;-0,0343873234115868;0,00181400828558023;-0,0332793889244006;0,00328760537687419;-1,76354077353024;0,0778093267637436;FALSE;100;"5";"Combined"
"hs_ndvi100_h_None";"hs_correct_raven";0;0,00768285874563894;0,00711898549535712;0,00795397497592292;-0,00790664574110283;0,0232723632323807;-0,00845839373558837;0,0199785148106862;0,965914372234679;0,334087030004765;FALSE;100;"5";"Combined"
"hs_ndvi100_s_None";"hs_correct_raven";0;0,00172934225645424;0,00099399820594275;0,00811581688400233;-0,0141773665413124;0,0176360510542209;-0,0138237562369189;0,0162744538956416;0,21308295654909;0,831262258083738;FALSE;100;"5";"Combined"
"hs_dde_cadj_Log2";"hs_correct_raven";0;-0,00858165395895973;-0,00811705932504603;0,00677574494940655;-0,0218618700282257;0,00469856211030627;-0,0231829703717467;0,00486198800436227;-1,26652552937539;0,205324995362122;FALSE;100;"5";"Combined"
"hs_ddt_cadj_Log2";"hs_correct_raven";0;-0,00772713474379416;-0,00814127663179713;0,00563414233421677;-0,0187698508026314;0,00331558131504313;-0,0178567168272032;0,00342692355998755;-1,37148376548218;0,170224200923102;FALSE;100;"5";"Combined"
"hs_hcb_cadj_Log2";"hs_correct_raven";0;0,00405333406568665;0,00342455561497632;0,00825651151199122;-0,0121291311357565;0,0202357992671298;-0,0102007336282449;0,0180983790415069;0,49092574506798;0,623478967369007;FALSE;100;"5";"Combined"
"hs_pcb118_cadj_Log2";"hs_correct_raven";0;-0,014961134605711;-0,0149836010340544;0,0080318451552942;-0,0307032618394901;0,000780992628068185;-0,0331251431269024;-0,000498532141491653;-1,86272697200211;0,0625006890979764;FALSE;100;"5";"Combined"
"hs_pcb138_cadj_Log2";"hs_correct_raven";0;0,00905301211850259;0,00687744174641662;0,00724730361128523;-0,00515144194464352;0,0232574661816487;-0,00943211594298132;0,0168735500037163;1,24915590736472;0,21160805552003;FALSE;100;"5";"Combined"
"hs_pcb153_cadj_Log2";"hs_correct_raven";0;-0,00653904429503033;-0,00525796342945562;0,00765604433971149;-0,0215446154649066;0,00846652687484593;-0,0190440456271443;0,0101958777575193;-0,85410219754249;0,393048366420321;FALSE;100;"5";"Combined"
"hs_pcb170_cadj_Log2";"hs_correct_raven";0;0,00322893506296999;0,00322822521879996;0,00700653074250318;-0,0105036128489089;0,0169614829748489;-0,010569096250133;0,0152253614208985;0,460846484749228;0,644908748534536;FALSE;100;"5";"Combined"
"hs_pcb180_cadj_Log2";"hs_correct_raven";0;0,00411478500234387;0,00342074887642424;0,00626752117890698;-0,00816933078065584;0,0163989007853436;-0,00789149337935162;0,0171343393603891;0,656525105362541;0,511486319726743;FALSE;100;"5";"Combined"
"hs_sumPCBs5_cadj_Log2";"hs_correct_raven";0;0,000114814191867726;3,81297489816887e-05;0,00830578793686004;-0,0161642310276052;0,0163938594113406;-0,0175424722227818;0,0149702223849759;0,0138233955333961;0,988970877379457;FALSE;100;"5";"Combined"
"hs_pfhxs_c_Log2";"hs_correct_raven";0;0,0215820650994627;0,0212020354080823;0,00724687144887114;0,00737845805908368;0,0357856721398417;0,00848735955887114;0,036591808997192;2,97812169730492;0,00290020805105418;TRUE;100;"5";"Combined"
"hs_pfna_c_Log2";"hs_correct_raven";0;-0,0154308954518163;-0,0152190467395074;0,00723167435727658;-0,0296047167400002;-0,00125707416363233;-0,0262446211944287;-0,000892030755528198;-2,13379290734926;0,0328597367529987;TRUE;100;"5";"Combined"
"hs_pfoa_c_Log2";"hs_correct_raven";0;0,0126054116984832;0,0123804901630145;0,00635961463318048;0,000140796061895529;0,0250700273350708;-5,8877483596678e-05;0,024479837049592;1,98210307157859;0,047467705852692;TRUE;100;"5";"Combined"
"hs_pfos_c_Log2";"hs_correct_raven";0;0,00517229712003392;0,00509466506700626;0,00721201172204603;-0,00896298611125699;0,0193075803513248;-0,00724724811304846;0,018323916148951;0,717178135501775;0,473264188534617;FALSE;100;"5";"Combined"
"hs_pfunda_c_Log2";"hs_correct_raven";0;0,0064545662364568;0,0068468889660589;0,0053339476764421;-0,00399977910479081;0,0169089115777044;-0,00422858353294508;0,0165454276354187;1,21009177967081;0,226243677119773;FALSE;100;"5";"Combined"
"hs_hm_pers_None";"hs_correct_raven";0;-0,00777677569125216;-0,00789353828074393;0,00516492605050115;-0,0178998447330471;0,00234629335054279;-0,0165887383018434;0,000582345597852527;-1,50568964883778;0,132146862445638;FALSE;100;"5";"Combined"
"hs_trafload_h_pow1over3";"hs_correct_raven";0;0,00508023642434191;0,00496355812077791;0,00515958797494156;-0,00503237018160949;0,0151928430302933;-0,00627254579382014;0,0158043172794073;0,984620564474328;0,324810484532069;FALSE;100;"5";"Combined"
"hs_trafnear_h_pow1over3";"hs_correct_raven";0;-0,0153594737853728;-0,0160280224817289;0,00685586780964465;-0,0287967277750438;-0,00192221979570179;-0,0301394593674725;-0,00426349180082624;-2,24033983907413;0,0250688687343786;TRUE;100;"5";"Combined"
"FAS_cat_None_Low";"hs_correct_raven";0;0,000188291243031351;0,00130629830739694;0,0176775506864046;-0,0344590714372029;0,0348356539232656;-0,0298396167077588;0,0348548521166508;0,0106514327901864;0,991501546922447;FALSE;100;"5";"Combined"
"FAS_cat_None_Middle";"hs_correct_raven";0;0,034514892653453;0,0346047764220495;0,0120589576103711;0,0108797700460304;0,0581500152608756;0,013663246396498;0,0572774688901558;2,86217878598138;0,00420739496518169;TRUE;100;"5";"Combined"
"hs_globalexp2_None_no exposure";"hs_correct_raven";0;0,0188414388904347;0,0202686514109966;0,0111855216283606;-0,00308178064944594;0,0407646584303154;0,00308454799386879;0,0426004299103566;1,68444883631199;0,0920949594519355;FALSE;100;"5";"Combined"
"h_abs_ratio_preg_Log";"hs_Gen_Tot";0;-0,00353631213775531;-0,0035826637686412;0,0032544312667292;-0,00991488021070561;0,00284225593519499;-0,0109531858823722;0,00142675187658117;-1,08661447974269;0,277207223119696;FALSE;100;"5";"Combined"
"h_no2_ratio_preg_Log";"hs_Gen_Tot";0;-0,00628108768653193;-0,00468481498121662;0,00374805170468887;-0,0136271340399161;0,00106495866685221;-0,0113791199042926;0,00299968107180637;-1,67582738484482;0,0937720084694396;FALSE;100;"5";"Combined"
"h_pm10_ratio_preg_None";"hs_Gen_Tot";0;-0,00116905890945964;-0,00151521632397024;0,00275056339332505;-0,00656006409757102;0,00422194627865173;-0,00679116030284851;0,00311447357121268;-0,425025255660955;0,670818263872986;FALSE;100;"5";"Combined"
"h_pm25_ratio_preg_None";"hs_Gen_Tot";0;-0,00360464357659139;-0,00378218150534545;0,00335659735818762;-0,0101834535092414;0,00297416635605864;-0,0109021829149177;0,00135938619460048;-1,07389811524421;0,282868348173763;FALSE;100;"5";"Combined"
"h_accesslines300_preg_dic0";"hs_Gen_Tot";0;0,00827184942367932;0,00588690338829497;0,0063425669346536;-0,00415935333777634;0,020703052185135;-0,00725004699197941;0,0175719796746681;1,30418007549669;0,192172191607343;FALSE;100;"5";"Combined"
"h_accesspoints300_preg_Log";"hs_Gen_Tot";0;0,00193207534022489;0,00109937671165797;0,00302686695904184;-0,00400047488549139;0,00786462556594117;-0,00372694591564813;0,00871947717423318;0,638308642688575;0,523272787087307;FALSE;100;"5";"Combined"
"h_builtdens300_preg_Sqrt";"hs_Gen_Tot";0;-0,00262784736015419;-0,00211487803565734;0,00278405083847479;-0,00808448673469331;0,00282879201438494;-0,00749249177480947;0,0026000282736351;-0,943893453322794;0,345224097800174;FALSE;100;"5";"Combined"
"h_connind300_preg_Sqrt";"hs_Gen_Tot";0;0,00119731035620406;0,000499153502215174;0,00247296890359003;-0,00364961962971991;0,00604424034212804;-0,00467028230652475;0,0049847430919993;0,484159082819811;0,628272973115622;FALSE;100;"5";"Combined"
"h_fdensity300_preg_Log";"hs_Gen_Tot";0;4,7621760348709e-05;4,69461656116593e-05;0,00290154639165945;-0,00563930466677595;0,00573454818747337;-0,00606873034326909;0,00542606607002974;0,0164125448711069;0,98690527173788;FALSE;100;"5";"Combined"
"h_frichness300_preg_None";"hs_Gen_Tot";0;0,00199960336952387;0,00143822281210837;0,00308166218084121;-0,00404034351744405;0,00803955025649179;-0,00516803594739166;0,00629304744638126;0,648871697214402;0,516421310006102;FALSE;100;"5";"Combined"
"h_landuseshan300_preg_None";"hs_Gen_Tot";0;0,00225334617275044;0,00216585837942275;0,0019491415928179;-0,00156690114994167;0,00607359349544256;-0,00151146841377521;0,00633553177360528;1,15607105253588;0,247652095345587;FALSE;100;"5";"Combined"
"h_popdens_preg_Sqrt";"hs_Gen_Tot";0;0,003735704088298;0,00343439135314392;0,00290825298299401;-0,00196436701630144;0,00943577519289743;-0,000872849532969066;0,00997479000015732;1,28451826926423;0,198960675417328;FALSE;100;"5";"Combined"
"h_walkability_mean_preg_None";"hs_Gen_Tot";0;-0,00182947369611689;-0,00173185155213458;0,00210132219868313;-0,00594798952545035;0,00228904213321658;-0,00597487629241928;0,00252167225468706;-0,870629785981126;0,383956327476976;FALSE;100;"5";"Combined"
"hs_as_m_Log2";"hs_Gen_Tot";0;0,00116131966922089;0,00141362855096304;0,00197028350124678;-0,00270036503255627;0,00502300437099806;-0,00238882424141074;0,00563366050815701;0,589417547518426;0,55558120810794;FALSE;100;"5";"Combined"
"hs_cd_m_Log2";"hs_Gen_Tot";0;0,000580843520020876;0,000491265755048453;0,00294488951408832;-0,0051910338660419;0,00635272090608365;-0,00525564529063338;0,00702331332473912;0,197237796950319;0,843641453840022;FALSE;100;"5";"Combined"
"hs_co_m_Log2";"hs_Gen_Tot";0;-5,80993748445157e-05;-0,000243089927472022;0,0021369393870452;-0,00424642361059821;0,00413022486090918;-0,00527707440992797;0,00302338619257464;-0,0271881248465597;0,97830968720599;FALSE;100;"5";"Combined"
"hs_cs_m_Log2";"hs_Gen_Tot";0;-0,00249913584025574;-0,00220931004747618;0,00205177491798167;-0,00652054078388244;0,00152226910337096;-0,00780090560078005;0,000587052607166456;-1,21803606153551;0,223210269242164;FALSE;100;"5";"Combined"
"hs_cu_m_Log2";"hs_Gen_Tot";0;-0,00194137857960966;-0,00231593713511982;0,00226383457310172;-0,00637841280984564;0,00249565565062632;-0,00761766157055321;0,000857917242884503;-0,857562033320193;0,391134347202081;FALSE;100;"5";"Combined"
"hs_hg_m_Log2";"hs_Gen_Tot";0;-0,000353457693550421;-0,000277332305534752;0,00193948229559871;-0,00415477314157696;0,00344785775447612;-0,00474271500315555;0,00314993275116264;-0,182243320473988;0,855391777375224;FALSE;100;"5";"Combined"
"hs_mn_m_Log2";"hs_Gen_Tot";0;-0,00064393305316809;-0,00115466926927311;0,00223960433723802;-0,0050334768937743;0,00374561078743812;-0,00668029008346799;0,00167604919130842;-0,287520899321984;0,773713501849242;FALSE;100;"5";"Combined"
"hs_mo_m_Log2";"hs_Gen_Tot";0;-0,00146663127604242;-0,0015407909722884;0,00218981479390258;-0,00575858940490448;0,00282532685281964;-0,00558696206364905;0,00170785983389583;-0,669751286787439;0,503016351675137;FALSE;100;"5";"Combined"
"hs_pb_m_Log2";"hs_Gen_Tot";0;-0,00185696570251425;-0,00192719824021162;0,00189011904497307;-0,00556153095715471;0,0018475995521262;-0,00563675413596986;0,00155253396431271;-0,982459653773136;0,325873450221402;FALSE;100;"5";"Combined"
"h_humidity_preg_None";"hs_Gen_Tot";0;0,00863448974939116;0,00760441358144012;0,00446537713007778;-0,000117488602950126;0,0173864681017324;-0,0011931739048996;0,0140499142113483;1,93365296992076;0,0531558098654446;FALSE;100;"5";"Combined"
"h_pressure_preg_None";"hs_Gen_Tot";0;-0,00292980690237493;-0,00283272232723671;0,0031279748995073;-0,00906052504995452;0,00320091124520466;-0,00830991640215071;0,00374913905014916;-0,936646551363446;0,348940398049266;FALSE;100;"5";"Combined"
"h_temperature_preg_None";"hs_Gen_Tot";0;-0,00164998723845279;-0,00158417952237508;0,00254659330539007;-0,00664121840028815;0,00334124392338256;-0,00747146678199095;0,00215136671590652;-0,647919412558126;0,51703707428517;FALSE;100;"5";"Combined"
"h_ndvi100_preg_None";"hs_Gen_Tot";0;0,00148589836223309;0,00177166835232422;0,0029011435713333;-0,00420023855156008;0,00717203527602626;-0,00407765502279556;0,00781448237378419;0,512176776397939;0,608527294999606;FALSE;100;"5";"Combined"
"hs_dde_madj_Log2";"hs_Gen_Tot";0;0,000551007421602502;0,000643444473886367;0,00199795125033229;-0,00336490507191556;0,00446691991512057;-0,00410543966640472;0,00389674199173117;0,275786219263788;0,782712268833631;FALSE;100;"5";"Combined"
"hs_ddt_madj_Log2";"hs_Gen_Tot";0;-0,00227558370633495;-0,00217251999340861;0,002299657909029;-0,00678283038479448;0,00223166297212458;-0,00696176358675993;0,00164944597687219;-0,989531398300796;0,322403215617329;FALSE;100;"5";"Combined"
"hs_hcb_madj_Log2";"hs_Gen_Tot";0;-0,00096000162021649;-0,00127410215582066;0,00199345126566969;-0,00486709430586487;0,00294709106543189;-0,00558482666189268;0,00222952253835863;-0,481577672225652;0,630105990569574;FALSE;100;"5";"Combined"
"hs_pcb118_madj_Log2";"hs_Gen_Tot";0;0,00553917848511861;0,00494550307648556;0,00440792387260429;-0,00310019355178012;0,0141785505220173;-0,0023368417594283;0,0137084275813614;1,25664114109256;0,208883610173065;FALSE;100;"5";"Combined"
"hs_pcb138_madj_Log2";"hs_Gen_Tot";0;-0,00488941864411024;-0,00431350011265229;0,00375876047445097;-0,0122564538005468;0,00247761651232634;-0,0117436317032684;0,00196250362528994;-1,30080612407856;0,193324825223778;FALSE;100;"5";"Combined"
"hs_pcb153_madj_Log2";"hs_Gen_Tot";0;0,00175038873217964;0,000746510715722099;0,00327333393480147;-0,00466522788940401;0,0081660053537633;-0,00436771776463226;0,00899291636925455;0,534741876949932;0,592828359603992;FALSE;100;"5";"Combined"
"hs_pcb170_madj_Log2";"hs_Gen_Tot";0;-0,000963088779997713;-0,00120053062028938;0,00257237671571558;-0,00600485449746967;0,00407867693747424;-0,00670788323068444;0,00326764004563045;-0,374396477045472;0,70810936359263;FALSE;100;"5";"Combined"
"hs_pcb180_madj_Log2";"hs_Gen_Tot";0;-0,00277830151948174;-0,00207032401222524;0,00305045947968241;-0,00875709223595805;0,00320048919699457;-0,00791113258577868;0,00332064767572582;-0,910781322612748;0,362410605415573;FALSE;100;"5";"Combined"
"hs_sumPCBs5_madj_Log2";"hs_Gen_Tot";0;1,72128951824801e-05;-2,72006870104926e-05;0,00293861026359316;-0,00574235738605988;0,00577678317642484;-0,00618711038479428;0,00616144103630424;0,00585749508729788;0,995326421830153;FALSE;100;"5";"Combined"
"hs_pfhxs_m_Log2";"hs_Gen_Tot";0;-0,000967778394956483;-0,000554080742350243;0,00242849820506883;-0,00572754741341156;0,00379199062349859;-0,00542955137983366;0,00323319531486325;-0,398509001545279;0,690255024334678;FALSE;100;"5";"Combined"
"hs_pfna_m_Log2";"hs_Gen_Tot";0;-0,00142767516385643;-0,00180985455802236;0,00263628653167201;-0,00659470181886158;0,00373935149114872;-0,00876182115901247;0,00182164387767675;-0,541547797139849;0,588130062179272;FALSE;100;"5";"Combined"
"hs_pfoa_m_Log2";"hs_Gen_Tot";0;-0,00230287079520893;-0,00168327853511644;0,00248767838434347;-0,00717863083364092;0,00257288924322307;-0,00698117043474124;0,00243988097378786;-0,925710819253141;0,354596283728474;FALSE;100;"5";"Combined"
"hs_pfos_m_Log2";"hs_Gen_Tot";0;-0,00194115008611822;-0,00180130972663537;0,00269825157086192;-0,00722962598623621;0,00334732581399976;-0,00771080678438185;0,00363513331915407;-0,719410342267733;0,471888126368495;FALSE;100;"5";"Combined"
"hs_pfunda_m_Log2";"hs_Gen_Tot";0;-0,00115803648191581;-0,00108404478835665;0,00196653514701841;-0,00501237454440407;0,00269630158057244;-0,00543328509082894;0,00187882626422135;-0,588871489874761;0,555947484256049;FALSE;100;"5";"Combined"
"e3_asmokcigd_p_None";"hs_Gen_Tot";0;-0,00118198541134834;-0,00126707086059417;0,00206990299608388;-0,0052389207351643;0,00287494991246763;-0,00552433204472126;0,00241492541503281;-0,571034204783786;0,56797645695363;FALSE;100;"5";"Combined"
"h_distinvnear1_preg_Log";"hs_Gen_Tot";0;-0,000717182227705482;-0,00042730283466473;0,00147182760722008;-0,0036019113293086;0,00216754687389763;-0,00315542738107301;0,00249024666107259;-0,487273254141539;0,626064698863811;FALSE;100;"5";"Combined"
"h_trafload_preg_pow1over3";"hs_Gen_Tot";0;0,00110883302639538;0,000961203321373622;0,00229932438855694;-0,0033977599639508;0,00561542601674157;-0,00397838426266904;0,00531454107371329;0,482242971854567;0,629633353706199;FALSE;100;"5";"Combined"
"h_trafnear_preg_pow1over3";"hs_Gen_Tot";0;0,000666063718813655;0,000118761795255179;0,00248135356466846;-0,0041972999008466;0,00552942733847391;-0,00432914525188415;0,00529099217392966;0,268427574489027;0,788370216698552;FALSE;100;"5";"Combined"
"h_bro_preg_Log";"hs_Gen_Tot";0;0,000605678111740613;0,000319550449551927;0,00440145198607959;-0,00802100926065767;0,00923236548413889;-0,010573668676787;0,0077065898753283;0,137608705867105;0,890549674705195;FALSE;100;"5";"Combined"
"h_clf_preg_Log";"hs_Gen_Tot";0;0,000807288842620567;0,000820028109510676;0,00192856580072237;-0,00297263066861092;0,00458720835385206;-0,00284782661706146;0,00544040176458201;0,418595436213889;0,675511825511063;FALSE;100;"5";"Combined"
"h_thm_preg_Log";"hs_Gen_Tot";0;0,00158824569505157;0,00112776316972708;0,00322398492164662;-0,004730648638076;0,00790714002817913;-0,00462056820536029;0,00841378715094576;0,49263434341386;0,622270977028998;FALSE;100;"5";"Combined"
"e3_alcpreg_yn_None_1";"hs_Gen_Tot";0;-0,00187696738487826;-0,00195479428676964;0,00536166496454142;-0,0123856376125497;0,00863170284279315;-0,015348318398878;0,00532000688764542;-0,350071740269357;0,726284858637612;FALSE;100;"5";"Combined"
"h_pamod_t3_None_Often";"hs_Gen_Tot";0;0,0143827022245427;0,0130318487681699;0,00652737659112846;0,0015892791924011;0,0271761252566843;-0,00150125717282622;0,0243553051831617;2,20344299486116;0,0275635406451596;TRUE;100;"5";"Combined"
"h_pamod_t3_None_Sometimes";"hs_Gen_Tot";0;0,0141146959886699;0,0121164024675602;0,008032751383436;-0,00162920741962898;0,0298585993969687;-0,00533733384481991;0,0257467401237704;1,7571433889732;0,0788933716918387;FALSE;100;"5";"Combined"
"h_pamod_t3_None_Very Often";"hs_Gen_Tot";0;0,0131131124511931;0,0121397034320531;0,00625135080015883;0,000860690028156159;0,0253655348742301;-0,00213445503069129;0,0234858559630609;2,09764463239848;0,0359365492747817;TRUE;100;"5";"Combined"
"h_pavig_t3_None_Low";"hs_Gen_Tot";0;0,0187788354455045;0,019976980828216;0,00656448527085912;0,00591268073757692;0,031644990153432;0,00739825989878996;0,0338214322850937;2,8606714267251;0,00422744933488074;TRUE;100;"5";"Combined"
"h_pavig_t3_None_Medium";"hs_Gen_Tot";0;0,0225672641258485;0,0231334836673315;0,00796823664103602;0,00694980728912547;0,0381847209625715;0,00846348739603825;0,0359039602821717;2,83215285168969;0,00462357408040405;TRUE;100;"5";"Combined"
"hs_no2_dy_hs_h_Log";"hs_Gen_Tot";0;0,00692281754902066;0,00632138844995652;0,00422159166359046;-0,00135135006905117;0,0151969851670925;-0,00158161684852489;0,0137159413847742;1,63985958394015;0,101034365924754;FALSE;100;"5";"Combined"
"hs_no2_wk_hs_h_Log";"hs_Gen_Tot";0;0,00375420351332963;0,00369528218553381;0,0027991071593176;-0,00173194570780108;0,00924035273446035;-0,00120778163839146;0,00946545479282043;1,34121464440285;0,17985077304434;FALSE;100;"5";"Combined"
"hs_no2_yr_hs_h_Log";"hs_Gen_Tot";0;0,00400320283436616;0,0042156002202401;0,00381194766696851;-0,0034680773038436;0,0114744829725759;-0,00306223002995446;0,0120046999397299;1,05017255852039;0,293638783694955;FALSE;100;"5";"Combined"
"hs_pm10_dy_hs_h_None";"hs_Gen_Tot";0;0,0033384023787349;0,00229813246416743;0,00262542534733377;-0,00180733674613785;0,00848414150360765;-0,00302858993943392;0,00649451351880725;1,27156629386746;0,203527259019049;FALSE;100;"5";"Combined"
"hs_pm10_wk_hs_h_None";"hs_Gen_Tot";0;-0,00316826643885223;-0,00385067880938634;0,00322884399940864;-0,00949668438939143;0,00316015151168698;-0,0113959032733379;0,00121296400813277;-0,981238622687404;0,326475082071184;FALSE;100;"5";"Combined"
"hs_pm10_yr_hs_h_None";"hs_Gen_Tot";0;-0,00243007338168846;-0,00289071233786934;0,00237110282338345;-0,00707734951916125;0,00221720275578433;-0,00776000829574698;0,00151879687069509;-1,02487051920459;0,305424286640371;FALSE;100;"5";"Combined"
"hs_pm25_dy_hs_h_None";"hs_Gen_Tot";0;-0,000506060501214906;1,94732543946355e-05;0,00224782360960291;-0,00491171381963543;0,00389959281720561;-0,00383894762119586;0,00476505067323008;-0,225133546534955;0,821875384421815;FALSE;100;"5";"Combined"
"hs_pm25_wk_hs_h_None";"hs_Gen_Tot";0;-0,00203820444711983;-0,00198186947721172;0,00299666346146032;-0,00791155690536919;0,00383514801112952;-0,00806529428642891;0,00279315463231494;-0,680157940100015;0,496404460846604;FALSE;100;"5";"Combined"
"hs_pm25_yr_hs_h_None";"hs_Gen_Tot";0;0,00426732391623292;0,00312024286330436;0,0034123383305822;-0,00242073631477372;0,0109553841472396;-0,00565343803669303;0,0101134772001843;1,25055709687053;0,211096111718044;FALSE;100;"5";"Combined"
"hs_pm25abs_dy_hs_h_Log";"hs_Gen_Tot";0;-0,00385883976766008;-0,00317685477786136;0,00354205898697211;-0,0108011478132418;0,00308346827792169;-0,0103746185035379;0,00289613137790286;-1,08943407827286;0,275962510342802;FALSE;100;"5";"Combined"
"hs_pm25abs_wk_hs_h_Log";"hs_Gen_Tot";0;-0,000999305769049065;-0,00104610879008857;0,00249782723596959;-0,0058949571911527;0,00389634565305457;-0,00551573821346528;0,00482619420225574;-0,400070010711193;0,68910495179255;FALSE;100;"5";"Combined"
"hs_pm25abs_yr_hs_h_Log";"hs_Gen_Tot";0;-0,00119577294703647;-0,00153344933830158;0,00253867421745987;-0,00617148298173822;0,00377993708766527;-0,00707538404577233;0,003120863316617;-0,471022606529219;0,637624591337113;FALSE;100;"5";"Combined"
"hs_accesslines300_h_dic0";"hs_Gen_Tot";0;-0,00729472073184436;-0,00518727690631949;0,00621700179455137;-0,0194798203409859;0,00489037887729721;-0,0165762321711516;0,00570401929153081;-1,1733502696167;0,240655371094688;FALSE;100;"5";"Combined"
"hs_accesspoints300_h_Log";"hs_Gen_Tot";0;-0,000741831208456501;-0,000486515532121353;0,00301550455865665;-0,00665211153863988;0,00516844912172687;-0,00504418356327022;0,00367081949009263;-0,246005666390693;0,805677846130335;FALSE;100;"5";"Combined"
"hs_builtdens300_h_Sqrt";"hs_Gen_Tot";0;0,000812257918412976;0,000405037810212306;0,00243496761011036;-0,0039601909009249;0,00558470673775086;-0,00507555200826999;0,0050785405493935;0,333580584415314;0,738696071232682;FALSE;100;"5";"Combined"
"hs_connind300_h_Log";"hs_Gen_Tot";0;0,00508828750125149;0,00460528333202514;0,00370958166994813;-0,00218235896955679;0,0123589339720598;-0,0018818391578263;0,0122622912098501;1,37166072996113;0,170169078727353;FALSE;100;"5";"Combined"
"hs_fdensity300_h_Log";"hs_Gen_Tot";0;-0,00249549486918;-0,00170144412818605;0,00306799311071341;-0,00850865087099528;0,00351766113263529;-0,00809373404144778;0,00488250714108981;-0,813396503553333;0,415990763344379;FALSE;100;"5";"Combined"
"hs_landuseshan300_h_None";"hs_Gen_Tot";0;-0,00274537941365933;-0,00255372491005158;0,00288083749632898;-0,00839171715177666;0,00290095832445801;-0,00903303048475507;0,00209699571899127;-0,952979616919641;0,3406003982933;FALSE;100;"5";"Combined"
"hs_popdens_h_Sqrt";"hs_Gen_Tot";0;0,00131649204874515;0,000985795010283475;0,00257776943752807;-0,00373584320925794;0,00636882730674824;-0,00379435453898324;0,0072093606163156;0,510709774729732;0,609554295178765;FALSE;100;"5";"Combined"
"hs_walkability_mean_h_None";"hs_Gen_Tot";0;-0,00197956090834081;-0,00167594155251263;0,00220707163774929;-0,00630534182962926;0,00234622001294764;-0,00553389004541004;0,00273169591680847;-0,896917378884679;0,36976300585581;FALSE;100;"5";"Combined"
"hs_accesslines300_s_dic0";"hs_Gen_Tot";0;0,0002302191409018;0,00276096486380125;0,00653869831386962;-0,0125853940600554;0,013045832341859;-0,0102899337661235;0,0157240993200614;0,0352087112527379;0,97191331596418;FALSE;100;"5";"Combined"
"hs_accesspoints300_s_Log";"hs_Gen_Tot";0;0,0011605836465312;0,00131658726074032;0,00272581741901823;-0,00418192032317647;0,00650308761623886;-0,00239520144697647;0,00731371585074438;0,42577453590021;0,670272143640632;FALSE;100;"5";"Combined"
"hs_builtdens300_s_Sqrt";"hs_Gen_Tot";0;-0,000154107029965125;0,000602617856431977;0,00347684031113027;-0,00696858881977748;0,00666037475984723;-0,00425361082174462;0,00707810281250103;-0,0443238734525103;0,964646242108825;FALSE;100;"5";"Combined"
"hs_connind300_s_Log";"hs_Gen_Tot";0;0,000594750702212222;0,000553613465537497;0,00217144138126812;-0,00366119619961319;0,00485069760403764;-0,00410177684213754;0,00464276722071822;0,273896733912701;0,784163981606764;FALSE;100;"5";"Combined"
"hs_fdensity300_s_Log";"hs_Gen_Tot";0;0,000330568766853814;0,000301602474696264;0,0023048562100173;-0,00418686639432358;0,0048480039280312;-0,00532632626118365;0,00397906287223099;0,143422728679171;0,885956333645097;FALSE;100;"5";"Combined"
"hs_landuseshan300_s_None";"hs_Gen_Tot";0;0,000400763790186795;0,000493407198498597;0,00190860162001345;-0,00334002664587438;0,00414155422624796;-0,00354190154626287;0,0039337937095478;0,209977706182587;0,833685073038176;FALSE;100;"5";"Combined"
"hs_popdens_s_Sqrt";"hs_Gen_Tot";0;6,55004401134127e-05;-0,000151020426552942;0,00183229784497019;-0,00352573734497852;0,00365673822520535;-0,00370768446861054;0,00374150377256169;0,0357477035151336;0,971483532934591;FALSE;100;"5";"Combined"
"h_Absorbance_Log";"hs_Gen_Tot";0;-0,000520475621897823;-0,000585707951135699;0,00230984922070381;-0,0050476969041952;0,00400674566039955;-0,00571308489570761;0,0026475238716951;-0,22532882979229;0,821723473363326;FALSE;100;"5";"Combined"
"h_Benzene_Log";"hs_Gen_Tot";0;0,00231400247004943;0,00274072329735055;0,00360915539386395;-0,00475981211653238;0,00938781705663124;-0,00195789432702697;0,0110204323807195;0,641147918979479;0,521426583335353;FALSE;100;"5";"Combined"
"h_NO2_Log";"hs_Gen_Tot";0;0,00162287956519145;0,00170914665653251;0,00216943504458084;-0,00262913498898604;0,00587489411936893;-0,00276498063085493;0,0060454107851755;0,748065524821927;0,45442063539663;FALSE;100;"5";"Combined"
"h_PM_Log";"hs_Gen_Tot";0;0,00412120688273711;0,00389180795818629;0,00297567557034981;-0,00171101006482421;0,00995342383029843;-0,000724438189178833;0,0101940831019719;1,38496512314769;0,166063132112159;FALSE;100;"5";"Combined"
"h_TEX_Log";"hs_Gen_Tot";0;-0,000355542035898939;-0,000272687980801428;0,00207339993271957;-0,00441933122957707;0,00370824715777919;-0,00436534900810514;0,00295303675394076;-0,171477788866614;0,863848093681698;FALSE;100;"5";"Combined"
"hs_KIDMED_None";"hs_Gen_Tot";0;-0,00290895881140366;-0,00251913429588752;0,00365455053002021;-0,010071746229925;0,00425382860711771;-0,010326895873287;0,00378113666456315;-0,795982648894329;0,426042120551637;FALSE;100;"5";"Combined"
"hs_mvpa_prd_alt_None";"hs_Gen_Tot";0;0,00405907482497054;0,00290726709977171;0,00283375631972792;-0,00149498550265896;0,00961313515260003;-0,00308518558871411;0,00786333869525237;1,43240080197166;0,152029149173894;FALSE;100;"5";"Combined"
"hs_sd_wk_None";"hs_Gen_Tot";0;0,00282947863138763;0,00272105218654848;0,0028947100129731;-0,00284404873972712;0,00850300600250238;-0,00141809634145632;0,00819024349469987;0,977465313868011;0,328338841733982;FALSE;100;"5";"Combined"
"hs_dif_hours_total_None";"hs_Gen_Tot";0;-0,00192341475227829;-0,00202029022925315;0,00282079143639741;-0,00745206437551621;0,00360523487095964;-0,00698527279342429;0,00294076050593816;-0,681870601087327;0,495320776510916;FALSE;100;"5";"Combined"
"hs_as_c_Log2";"hs_Gen_Tot";0;-0,00342743328725307;-0,0026197989546097;0,00304506279942748;-0,00939564670479365;0,00254078013028751;-0,00881129344121282;0,00432428306468017;-1,12557064107101;0,260347300855854;FALSE;100;"5";"Combined"
"hs_cd_c_Log2";"hs_Gen_Tot";0;0,00183465019994883;0,00180402805791478;0,00184828729009054;-0,00178792632171177;0,00545722672160942;-0,0008662008657592;0,00632298045710055;0,992621769237483;0,320894311902051;FALSE;100;"5";"Combined"
"hs_co_c_Log2";"hs_Gen_Tot";0;-0,00300697245512317;-0,00290741815420148;0,00258778596094826;-0,00807893973828014;0,00206499482803379;-0,00815834646141258;0,00227779814424467;-1,16198654003877;0,245240932391288;FALSE;100;"5";"Combined"
"hs_cs_c_Log2";"hs_Gen_Tot";0;-0,000419677707157362;-0,000288187821785311;0,0027945375700887;-0,00589687069797529;0,00505751528366057;-0,00623185797357632;0,00448922503704356;-0,150177872593082;0,880624283009346;FALSE;100;"5";"Combined"
"hs_cu_c_Log2";"hs_Gen_Tot";0;0,000645584248603007;0,00111872592067627;0,00251701706558405;-0,00428767854841442;0,00557884704562043;-0,0037891303224036;0,00612272878081427;0,256487831342218;0,797574175439823;FALSE;100;"5";"Combined"
"hs_hg_c_Log2";"hs_Gen_Tot";0;0,00105671861883651;0,000220778566184;0,00231394615211156;-0,00347853250146719;0,00559196973914022;-0,00439568878736174;0,00577918848163749;0,456673815798271;0,647905513925893;FALSE;100;"5";"Combined"
"hs_mn_c_Log2";"hs_Gen_Tot";0;0,000529475545468961;0,000514503260155592;0,00229036504960367;-0,00395955746320353;0,00501850855414146;-0,00366652812262625;0,00506007512803209;0,231175176883083;0,817178713703229;FALSE;100;"5";"Combined"
"hs_mo_c_Log2";"hs_Gen_Tot";0;-0,000320410630069242;-0,000268469983866566;0,00196920498168487;-0,00417998147234844;0,00353916021220996;-0,00344505336551571;0,0031245374907248;-0,162710653816799;0,870746258249753;FALSE;100;"5";"Combined"
"hs_pb_c_Log2";"hs_Gen_Tot";0;0,00227493950585748;0,00216349647546685;0,00215362940916155;-0,00194609657214543;0,00649597558386038;-0,00083236446262092;0,00698836674705839;1,05632821328492;0,290818290488555;FALSE;100;"5";"Combined"
"hs_hum_mt_hs_h_None";"hs_Gen_Tot";0;-0,00398569006906676;-0,0031377139362579;0,00341887935796274;-0,0106865704781611;0,00271519034002762;-0,00958737079248947;0,00305071941019319;-1,16578845047103;0,243699987959474;FALSE;100;"5";"Combined"
"hs_tm_mt_hs_h_None";"hs_Gen_Tot";0;-0,00107936965490259;-0,00109991681485149;0,00267967286418102;-0,00633143195904668;0,00417269264924149;-0,00653887861232772;0,00287335060863211;-0,402799039140353;0,687096068067268;FALSE;100;"5";"Combined"
"hs_uvdvf_mt_hs_h_None";"hs_Gen_Tot";0;-0,00360542686332189;-0,00305175905093819;0,00316434185272804;-0,0098074229294416;0,00259656920279782;-0,00919325238727632;0,00155893647148752;-1,13939233847746;0,254539550074698;FALSE;100;"5";"Combined"
"hs_hum_dy_hs_h_None";"hs_Gen_Tot";0;-0,000847073702011137;-0,00128654861070887;0,00174298679675541;-0,00426326504918058;0,00256911764515831;-0,00573584078983332;0,00144114010560162;-0,485989741051379;0,626974439630176;FALSE;100;"5";"Combined"
"hs_hum_wk_hs_h_None";"hs_Gen_Tot";0;-0,00293234590925208;-0,00261880763694417;0,00290713902836199;-0,00863023370289234;0,00276554188438818;-0,00830086807934696;0,00305036911536881;-1,00867068297876;0,313132596289409;FALSE;100;"5";"Combined"
"hs_tm_dy_hs_h_None";"hs_Gen_Tot";0;-0,000195824790685044;-0,000538631603355518;0,00258195525159196;-0,00525636409349934;0,00486471451212925;-0,0051668110230602;0,00527898809287598;-0,0758436036272525;0,939543525326836;FALSE;100;"5";"Combined"
"hs_tm_wk_hs_h_None";"hs_Gen_Tot";0;0,00135265956514429;0,00105319840614516;0,00255786559254313;-0,00366066487353444;0,00636598400382302;-0,00316615543805019;0,00562086389851316;0,528823550810356;0,596927858867769;FALSE;100;"5";"Combined"
"hs_uvdvf_dy_hs_h_None";"hs_Gen_Tot";0;0,00123905331468287;0,00115850071236968;0,00252085427200899;-0,00370173026872869;0,00617983689809444;-0,00315258123796891;0,00701021429620803;0,491521199158971;0,623057862170996;FALSE;100;"5";"Combined"
"hs_uvdvf_wk_hs_h_None";"hs_Gen_Tot";0;-0,00119127530589593;-0,000953008251737761;0,00254944225652979;-0,00618809030935885;0,00380553969756699;-0,00580154878462172;0,00493504280852831;-0,467268989068006;0,640307440448319;FALSE;100;"5";"Combined"
"hs_ndvi100_h_None";"hs_Gen_Tot";0;0,0012133726066139;0,000971438005346056;0,0027515739434497;-0,00417961322334636;0,00660635843657415;-0,00477601826416232;0,00607309856540982;0,440974013982946;0,659231809698493;FALSE;100;"5";"Combined"
"hs_ndvi100_s_None";"hs_Gen_Tot";0;0,00436482347129317;0,00379591286549968;0,00301716102143004;-0,00154870346626779;0,0102783504088541;-0,00129534810121728;0,00931046727354693;1,44666573652883;0,147990565240933;FALSE;100;"5";"Combined"
"hs_dde_cadj_Log2";"hs_Gen_Tot";0;-0,000256597853211509;-0,000551305276745705;0,0030925404462746;-0,00631786574864316;0,00580467004222014;-0,00575382703666241;0,00645412196885472;-0,0829731599858675;0,933872881233943;FALSE;100;"5";"Combined"
"hs_ddt_cadj_Log2";"hs_Gen_Tot";0;-0,00143216555706738;-0,00161311313170468;0,0018646742282257;-0,00508685988728977;0,00222252877315501;-0,00508466701589147;0,00187882306217817;-0,768051349339521;0,442456678723043;FALSE;100;"5";"Combined"
"hs_hcb_cadj_Log2";"hs_Gen_Tot";0;-0,00487951287181299;-0,00438839453544329;0,00436039897663759;-0,013425737824248;0,003666712080622;-0,0133755789814625;0,00449829285490972;-1,11905192574274;0,263117987345003;FALSE;100;"5";"Combined"
"hs_pcb118_cadj_Log2";"hs_Gen_Tot";0;0,00400786129257872;0,00364989547812025;0,00346500634375508;-0,00278342634738405;0,0107991489325415;-0,00215065458460666;0,0110209689060005;1,15666780806968;0,247408106853379;FALSE;100;"5";"Combined"
"hs_pcb138_cadj_Log2";"hs_Gen_Tot";0;-0,00166542161267193;-0,000994591650274523;0,00256151443969245;-0,00668589766034843;0,00335505443500456;-0,00573516747231965;0,00427993905259231;-0,650170690769908;0,515581970927018;FALSE;100;"5";"Combined"
"hs_pcb153_cadj_Log2";"hs_Gen_Tot";0;0,00183366490752403;0,00117395496626184;0,002497139638649;-0,00306063884859537;0,00672796866364343;-0,00219134271644329;0,00715662942080704;0,734306115342464;0,462762191635926;FALSE;100;"5";"Combined"
"hs_pcb170_cadj_Log2";"hs_Gen_Tot";0;-0,00492967355236659;-0,00463805011320339;0,0027306373549131;-0,010281624422836;0,000422277318102811;-0,00997684130379102;0,000478414071313463;-1,80531975199741;0,0710246605159661;FALSE;100;"5";"Combined"
"hs_pcb180_cadj_Log2";"hs_Gen_Tot";0;-0,00173172202174992;-0,00204318806179385;0,0030616484962277;-0,00773244280767742;0,00426899876417758;-0,00859587315285062;0,00284107121553848;-0,565617517452968;0,571653816987043;FALSE;100;"5";"Combined"
"hs_sumPCBs5_cadj_Log2";"hs_Gen_Tot";0;-0,00409998828449966;-0,00368182577812253;0,00290884877358474;-0,00980122711719925;0,00160125054819993;-0,0110389215309925;0,000650600903879374;-1,40948829025822;0,158690833543619;FALSE;100;"5";"Combined"
"hs_pfhxs_c_Log2";"hs_Gen_Tot";0;-0,0013563035370352;-0,000367797222348576;0,00270871659861037;-0,00666529051463736;0,00395268344056696;-0,00528121725456906;0,00491930753389522;-0,500718139997005;0,6165695038836;FALSE;100;"5";"Combined"
"hs_pfna_c_Log2";"hs_Gen_Tot";0;0,00262488946574052;0,00219611623270577;0,00317009268839277;-0,00358837803116306;0,00883815696264411;-0,00282140477134619;0,00853010083302217;0,828016630350117;0,407661081740739;FALSE;100;"5";"Combined"
"hs_pfoa_c_Log2";"hs_Gen_Tot";0;-0,00146180882182595;-0,0015911787594958;0,00260681679141533;-0,00657107584729426;0,00364745820364236;-0,00754669223715163;0,00318127229526963;-0,560763927346149;0,574958480780734;FALSE;100;"5";"Combined"
"hs_pfos_c_Log2";"hs_Gen_Tot";0;-0,00281941394873547;-0,00291508558050347;0,00275597317550088;-0,00822102211507569;0,00258219421760474;-0,0095001854631659;0,000911759054281121;-1,02301937253909;0,306298686322595;FALSE;100;"5";"Combined"
"hs_pfunda_c_Log2";"hs_Gen_Tot";0;-0,00118818728141785;-0,00073118409948604;0,00181310481545796;-0,00474180741991159;0,0023654328570759;-0,00443417001525817;0,00215670460922748;-0,655332924653741;0,512253426971086;FALSE;100;"5";"Combined"
"hs_hm_pers_None";"hs_Gen_Tot";0;0,00157594252895464;0,00117201918802262;0,00208838125307758;-0,00251720951306603;0,00566909457097532;-0,00261211712945452;0,00519583146145795;0,754623958930981;0,45047464380049;FALSE;100;"5";"Combined"
"hs_trafload_h_pow1over3";"hs_Gen_Tot";0;-0,00112150420480916;-0,000981159548910279;0,00205872299878578;-0,00515652713657358;0,00291351872695527;-0,0057142611857473;0,00226451137497216;-0,544757213802252;0,585920509211133;FALSE;100;"5";"Combined"
"hs_trafnear_h_pow1over3";"hs_Gen_Tot";0;0,00115697134417254;0,00109126292711911;0,00264994875148305;-0,00403683276961112;0,00635077545795621;-0,00354090616845893;0,00621900045209304;0,436601403527158;0,662400444605604;FALSE;100;"5";"Combined"
"FAS_cat_None_Low";"hs_Gen_Tot";0;0,00541068348428266;0,00648628097081217;0,00768524686778302;-0,00965212358887132;0,0204734905574366;-0,00548565672896847;0,0266152566999025;0,704035091828285;0,481410920207353;FALSE;100;"5";"Combined"
"FAS_cat_None_Middle";"hs_Gen_Tot";0;-0,00120418924096535;0,000517292667751948;0,00461528211523836;-0,0102499759653244;0,00784159748339367;-0,00675820010385773;0,0114409636864181;-0,26091346333726;0,794159242125957;FALSE;100;"5";"Combined"
"hs_globalexp2_None_no exposure";"hs_Gen_Tot";0;0,00444392479230903;0,00458552018164528;0,00351864978441744;-0,00245250205935878;0,0113403516439768;-0,000969438213108499;0,0110682381742234;1,26296308657634;0,206602445959712;FALSE;100;"5";"Combined"
"h_abs_ratio_preg_Log";"hs_bmi_c_cat";0;0,0236316002336001;0,0302192478958264;0,0886485865980305;-0,15011643677892;0,19737963724612;-0,143409689995984;0,169091918293388;0,266576164837863;0,789795509421382;FALSE;100;"5";"Combined"
"h_no2_ratio_preg_Log";"hs_bmi_c_cat";0;-0,0885824164152066;-0,0843212684835716;0,0690124182540698;-0,223844270679198;0,0466794378487848;-0,22715014528775;0,0370921689300399;-1,28357212594826;0,199291707961459;FALSE;100;"5";"Combined"
"h_pm10_ratio_preg_None";"hs_bmi_c_cat";0;0,0743271419690853;0,0710116602761334;0,0751164930093293;-0,0728984789741548;0,221552762912325;-0,0548012758563971;0,237164978870965;0,989491641467528;0,322422657387554;FALSE;100;"5";"Combined"
"h_pm25_ratio_preg_None";"hs_bmi_c_cat";0;-0,0488684781723367;-0,0465198841358856;0,0715805233762138;-0,189163725984243;0,0914267696395697;-0,181434733500727;0,0775999207915576;-0,682706354569289;0,494792413514938;FALSE;100;"5";"Combined"
"h_accesslines300_preg_dic0";"hs_bmi_c_cat";0;-0,1254990841171;-0,142431510549057;0,179461000730918;-0,477236182179215;0,226238013945014;-0,469434975966595;0,177618733808613;-0,699311179620984;0,484357581883604;FALSE;100;"5";"Combined"
"h_accesspoints300_preg_Log";"hs_bmi_c_cat";0;-0,149639131448463;-0,148187883884693;0,0849919574893368;-0,316220307103122;0,0169420442061964;-0,337956873845972;-0,00873883669373532;-1,76062695658277;0,0783015630140253;FALSE;100;"5";"Combined"
"h_builtdens300_preg_Sqrt";"hs_bmi_c_cat";0;-0,061901053567851;-0,0538224582986218;0,0737722286186437;-0,206491964719648;0,0826898575839456;-0,205113786774284;0,0703143312137742;-0,839083415628404;0,40142250185154;FALSE;100;"5";"Combined"
"h_connind300_preg_Sqrt";"hs_bmi_c_cat";0;-0,0676705743426914;-0,0663900957297717;0,0760515629741127;-0,216728898739932;0,0813877500545493;-0,208836066357242;0,0733608320534836;-0,889798601058678;0,373574037895146;FALSE;100;"5";"Combined"
"h_fdensity300_preg_Log";"hs_bmi_c_cat";0;-0,141188329775338;-0,140796488040259;0,0710522865094573;-0,280448252353095;-0,00192840719758053;-0,277020025292126;-0,00823112979488823;-1,98710466209339;0,0469107997214901;TRUE;100;"5";"Combined"
"h_frichness300_preg_None";"hs_bmi_c_cat";0;-0,0668414513652032;-0,0782839850950178;0,076904752450381;-0,217571996407918;0,083889093677512;-0,232756209552806;0,0410109850872366;-0,869145914075067;0,384767326048348;FALSE;100;"5";"Combined"
"h_landuseshan300_preg_None";"hs_bmi_c_cat";0;0,00762394309725436;0,00910711777785739;0,0794677418668913;-0,148129968894578;0,163377855089087;-0,136730810172204;0,156157580127943;0,0959375832023072;0,92357014515446;FALSE;100;"5";"Combined"
"h_popdens_preg_Sqrt";"hs_bmi_c_cat";0;0,0995480374364245;0,0995871371444859;0,0718675574787349;-0,0413097868787581;0,240405861751607;-0,0288964468097739;0,238960292057226;1,38515960370408;0,166003669843905;FALSE;100;"5";"Combined"
"h_walkability_mean_preg_None";"hs_bmi_c_cat";0;-0,0642889264572857;-0,0646276139524327;0,0737913749644944;-0,208917363757385;0,0803395108428139;-0,206769008828664;0,0820646062574353;-0,871225485203644;0,383631047249227;FALSE;100;"5";"Combined"
"hs_as_m_Log2";"hs_bmi_c_cat";0;0,0966739834275982;0,0889583608413304;0,0718813924166971;-0,0442109568677187;0,237558923722915;-0,0448210744971502;0,234322856923736;1,34490972110248;0,17865439056505;FALSE;100;"5";"Combined"
"hs_cd_m_Log2";"hs_bmi_c_cat";0;0,00587344027361007;2,3854740055992e-05;0,0653515716806249;-0,122213286553502;0,133960167100723;-0,117662528922526;0,114499676189988;0,0898745068031991;0,928386939774057;FALSE;100;"5";"Combined"
"hs_co_m_Log2";"hs_bmi_c_cat";0;0,0944057537585469;0,101314299685816;0,0667284953036032;-0,0363796937790654;0,225191201296159;-0,0290977705656848;0,234153567379026;1,41477420297006;0,157134710065328;FALSE;100;"5";"Combined"
"hs_cs_m_Log2";"hs_bmi_c_cat";0;0,0211644198542043;0,0275583872845926;0,0619101000648111;-0,100177146552096;0,142505986260505;-0,0910876528463977;0,147860271591678;0,341857303284087;0,732458282848001;FALSE;100;"5";"Combined"
"hs_cu_m_Log2";"hs_bmi_c_cat";0;-0,111626861043215;-0,120457523569061;0,0744809331505097;-0,257606807553149;0,0343530854667196;-0,291820407802648;0,00938979100973022;-1,49873069954214;0,133943509138296;FALSE;100;"5";"Combined"
"hs_hg_m_Log2";"hs_bmi_c_cat";0;-0,0103334335323873;-0,00548579916879245;0,0865187501463783;-0,179907067806708;0,159240200741934;-0,137494669775283;0,150044468272375;-0,119435769875368;0,904930123841311;FALSE;100;"5";"Combined"
"hs_mn_m_Log2";"hs_bmi_c_cat";0;0,0559115310758916;0,0570182652350853;0,073539554517463;-0,0882233472174556;0,200046409369239;-0,0662246673102651;0,199503220393433;0,760291946868058;0,447080094510691;FALSE;100;"5";"Combined"
"hs_mo_m_Log2";"hs_bmi_c_cat";0;0,0100424990424085;0,00482943340448959;0,0814973403888252;-0,14968935295549;0,169774351040307;-0,135715946880416;0,150779009438417;0,123224868376017;0,901929033520386;FALSE;100;"5";"Combined"
"hs_pb_m_Log2";"hs_bmi_c_cat";0;0,0227995312748444;0,0300207704637505;0,0723106346394211;-0,118926708317656;0,164525770867344;-0,0948992407432843;0,168351207085587;0,315299836442244;0,75253400917379;FALSE;100;"5";"Combined"
"h_humidity_preg_None";"hs_bmi_c_cat";0;-0,026132501124395;-0,035988147912494;0,0681819168262113;-0,159766602500675;0,107501600251885;-0,156949943126067;0,0926400148681157;-0,383276128639857;0,701515036930565;FALSE;100;"5";"Combined"
"h_pressure_preg_None";"hs_bmi_c_cat";0;-0,0354440163986182;-0,0287969249830887;0,0670825913837563;-0,166923479500398;0,0960354467031611;-0,167705997504253;0,0851459560988086;-0,528363852193115;0,597246821541351;FALSE;100;"5";"Combined"
"h_temperature_preg_None";"hs_bmi_c_cat";0;0,0352375111669582;0,04427200047585;0,068255701064585;-0,0985412046591606;0,169016226993077;-0,0820163337334149;0,175065606251021;0,516257405862929;0,605674641008969;FALSE;100;"5";"Combined"
"h_ndvi100_preg_None";"hs_bmi_c_cat";0;-0,10348997399105;-0,0991720070795299;0,0760053526289774;-0,252457727776113;0,045477779794012;-0,257669385698365;0,0461341394398764;-1,36161428651269;0,173319644172356;FALSE;100;"5";"Combined"
"hs_dde_madj_Log2";"hs_bmi_c_cat";0;0,183094597849425;0,187060399241404;0,0714516232228995;0,043051989695616;0,323137206003234;0,059247087629741;0,3288461316136;2,56249738761351;0,0103922369453125;TRUE;100;"5";"Combined"
"hs_ddt_madj_Log2";"hs_bmi_c_cat";0;-0,00502117953394115;-0,00356578309204342;0,0740043314992041;-0,150067003972344;0,140024644904462;-0,120588999433021;0,168704389431557;-0,0678498059805479;0,945905195641066;FALSE;100;"5";"Combined"
"hs_hcb_madj_Log2";"hs_bmi_c_cat";0;-0,0176561677349378;-0,0268507489583368;0,0694541601718677;-0,153783820248275;0,118471484778399;-0,166404666053851;0,122670120018618;-0,254213249303523;0,799330815298209;FALSE;100;"5";"Combined"
"hs_pcb118_madj_Log2";"hs_bmi_c_cat";0;-0,0155772382414828;-0,0166372012672061;0,0744386930206744;-0,161474395618238;0,130319919135272;-0,15754615087468;0,115651142721127;-0,209262651040318;0,834243206425457;FALSE;100;"5";"Combined"
"hs_pcb138_madj_Log2";"hs_bmi_c_cat";0;-0,00300275418011732;0,00439476470995958;0,103367624978802;-0,205599576306012;0,199594067945777;-0,171813697486432;0,186650466164109;-0,0290492712852125;0,976825294353263;FALSE;100;"5";"Combined"
"hs_pcb153_madj_Log2";"hs_bmi_c_cat";0;0,0603272642932543;0,0580826608046351;0,0762186282737192;-0,0890585020742816;0,20971303066079;-0,0737241851700905;0,197212981253548;0,791502886625101;0,4286505923381;FALSE;100;"5";"Combined"
"hs_pcb170_madj_Log2";"hs_bmi_c_cat";0;-0,153432808916101;-0,151816695604046;0,0798601508529427;-0,309955828387804;0,00309021055560241;-0,307290542361641;-0,0182868960505176;-1,92126870882873;0,0546978399017662;FALSE;100;"5";"Combined"
"hs_pcb180_madj_Log2";"hs_bmi_c_cat";0;-0,0672827984602286;-0,0623073566942484;0,0790500029139799;-0,222217957149416;0,0876523602289584;-0,190754491143016;0,0943609057535083;-0,851142264136839;0,394690330251375;FALSE;100;"5";"Combined"
"hs_sumPCBs5_madj_Log2";"hs_bmi_c_cat";0;-0,101287650703322;-0,102575136367295;0,0809823021084864;-0,260010046221098;0,0574347448144534;-0,280749665394992;0,0358811024757075;-1,25073810037697;0,211030044984613;FALSE;100;"5";"Combined"
"hs_pfhxs_m_Log2";"hs_bmi_c_cat";0;-0,146748517279462;-0,147096984734391;0,0623533892401516;-0,268958914504166;-0,0245381200547573;-0,252854527192978;-0,0300324626013256;-2,35349704431087;0,0185977557246272;TRUE;100;"5";"Combined"
"hs_pfna_m_Log2";"hs_bmi_c_cat";0;0,161050796790339;0,168245997162294;0,0652024204434874;0,0332564010162652;0,288845192564412;0,0695534126832434;0,300423616582925;2,47001255006975;0,0135108312060673;TRUE;100;"5";"Combined"
"hs_pfoa_m_Log2";"hs_bmi_c_cat";0;0,0456295247600937;0,0402379412955133;0,0718228502899545;-0,0951406750752292;0,186399724595417;-0,0783521600047271;0,174274671053612;0,635306515626764;0,525228524930649;FALSE;100;"5";"Combined"
"hs_pfos_m_Log2";"hs_bmi_c_cat";0;-0,0439446519081318;-0,0452976971505632;0,0802073208173089;-0,201148112006507;0,113258808190243;-0,227227753444255;0,089289252056995;-0,547888290748748;0,583768609359871;FALSE;100;"5";"Combined"
"hs_pfunda_m_Log2";"hs_bmi_c_cat";0;0,0256020966458994;0,0276229913812736;0,0804017322012918;-0,131982402763267;0,183186596055065;-0,129493687712301;0,184412043231707;0,318427177436957;0,75016092568226;FALSE;100;"5";"Combined"
"e3_asmokcigd_p_None";"hs_bmi_c_cat";0;-0,0615309761382901;-0,0600447128332463;0,0651568194848946;-0,189235995675861;0,066174043399281;-0,18126638467728;0,0581874757165626;-0,944352051323728;0,344989775206353;FALSE;100;"5";"Combined"
"h_distinvnear1_preg_Log";"hs_bmi_c_cat";0;0,034419106617881;0,0331061908707084;0,0763695616272719;-0,115262483686684;0,184100696922446;-0,0988560252208797;0,183320093190214;0,450691425804778;0,652211962877831;FALSE;100;"5";"Combined"
"h_trafload_preg_pow1over3";"hs_bmi_c_cat";0;0,200634068632875;0,20221204719981;0,0621878920793645;0,0787480398828565;0,322520097382893;0,083935647581707;0,315258439152421;3,22625613964893;0,0012542105963761;TRUE;100;"5";"Combined"
"h_trafnear_preg_pow1over3";"hs_bmi_c_cat";0;0,0155260557838233;0,0219959195170751;0,0832436802488462;-0,147628559444484;0,17868067101213;-0,134329692300933;0,188386425646975;0,186513327347014;0,852042228518416;FALSE;100;"5";"Combined"
"h_bro_preg_Log";"hs_bmi_c_cat";0;0,0296164604865995;0,0249690724809752;0,0661429956396679;-0,100021428796739;0,159254349769938;-0,0776754937788679;0,157093870790158;0,447764123777267;0,654323437876235;FALSE;100;"5";"Combined"
"h_clf_preg_Log";"hs_bmi_c_cat";0;-0,0531588120316009;-0,063697274437077;0,0714240037684035;-0,193147287049325;0,086829662986123;-0,189661073010009;0,0756993646038664;-0,744270962518027;0,456712564638895;FALSE;100;"5";"Combined"
"h_thm_preg_Log";"hs_bmi_c_cat";0;-0,0822698864437219;-0,0780728203322378;0,0855562460111383;-0,249957047278002;0,0854172743905577;-0,248796269100519;0,0894845718668879;-0,961588315048459;0,336256443413157;FALSE;100;"5";"Combined"
"e3_alcpreg_yn_None_1";"hs_bmi_c_cat";0;-0,132108968671432;-0,13726008225512;0,158887105876193;-0,443521973796573;0,179304036453709;-0,445176477786696;0,162207152174931;-0,831464378074661;0,405711343700366;FALSE;100;"5";"Combined"
"h_pamod_t3_None_Often";"hs_bmi_c_cat";0;-0,201812982832941;-0,212328031329197;0,126430779069089;-0,449612756345695;0,0459867906798126;-0,436767919751777;0,0249325633363973;-1,59623300844061;0,110436780563619;FALSE;100;"5";"Combined"
"h_pamod_t3_None_Sometimes";"hs_bmi_c_cat";0;-0,146255412634263;-0,133574056923033;0,175909109299854;-0,491030931414497;0,19852010614597;-0,409549810956811;0,235418950684429;-0,831426031411238;0,405732998467125;FALSE;100;"5";"Combined"
"h_pamod_t3_None_Very Often";"hs_bmi_c_cat";0;-0,0954240953500536;-0,105995419128695;0,130389267466776;-0,350982363555495;0,160134172855388;-0,394843991446778;0,0874321167552997;-0,73184010619868;0,464266166556065;FALSE;100;"5";"Combined"
"h_pavig_t3_None_Low";"hs_bmi_c_cat";0;-0,305116724610324;-0,316319745646509;0,137810334301083;-0,575220016537871;-0,0350134326827769;-0,563173137595449;-0,0269438292849296;-2,21403370188274;0,0268264606506426;TRUE;100;"5";"Combined"
"h_pavig_t3_None_Medium";"hs_bmi_c_cat";0;-0,157880241308205;-0,155602575280854;0,163128284609333;-0,477605804002298;0,161845321385888;-0,482159586148024;0,151168208916162;-0,967828734828563;0,333129910427323;FALSE;100;"5";"Combined"
"hs_no2_dy_hs_h_Log";"hs_bmi_c_cat";0;-0,199923344408811;-0,189796011617527;0,0726436434272042;-0,342302269231901;-0,0575444195857208;-0,337818230558295;-0,0710237389764831;-2,7521106455674;0,00592125111161291;TRUE;100;"5";"Combined"
"hs_no2_wk_hs_h_Log";"hs_bmi_c_cat";0;0,0617166073863264;0,0549981213350218;0,0603566316766139;-0,0565802169279862;0,180013431700639;-0,056906219541944;0,168499859807778;1,02253233276832;0,306529017738386;FALSE;100;"5";"Combined"
"hs_no2_yr_hs_h_Log";"hs_bmi_c_cat";0;0,0637397270722632;0,0551375575872026;0,0652590884520707;-0,0641657359577091;0,191645190102235;-0,0537663690752934;0,183182870355671;0,976718010995152;0,328708775930714;FALSE;100;"5";"Combined"
"hs_pm10_dy_hs_h_None";"hs_bmi_c_cat";0;0,129257543884413;0,135358055030716;0,0798277944808254;-0,0272020582632702;0,285717146032096;-0,0271391949135859;0,271780140370724;1,6192047484847;0,105403216666305;FALSE;100;"5";"Combined"
"hs_pm10_wk_hs_h_None";"hs_bmi_c_cat";0;-0,134693692972807;-0,117118111177652;0,0671637314263046;-0,266332187635685;-0,00305519830992868;-0,247928791643401;0,0174381535111093;-2,00545279591262;0,0449146623328585;TRUE;100;"5";"Combined"
"hs_pm10_yr_hs_h_None";"hs_bmi_c_cat";0;-0,0412807137528895;-0,0332739261518482;0,0770209960156844;-0,192239091997034;0,109677664491255;-0,165008280370583;0,0887245819605586;-0,53596702053143;0,591981343476374;FALSE;100;"5";"Combined"
"hs_pm25_dy_hs_h_None";"hs_bmi_c_cat";0;0,099637563273803;0,0915526037866542;0,0776879699327562;-0,0526280598264297;0,251903186374036;-0,0521604179592781;0,241845991220795;1,28253529291659;0,199654932588439;FALSE;100;"5";"Combined"
"hs_pm25_wk_hs_h_None";"hs_bmi_c_cat";0;0,0173069799796097;0,010162823055901;0,0795572903754486;-0,138622443863865;0,173236403823084;-0,155488370972924;0,143845418810201;0,217541093945435;0,827786685359458;FALSE;100;"5";"Combined"
"hs_pm25_yr_hs_h_None";"hs_bmi_c_cat";0;0,0563275497126809;0,0525373600965304;0,0657726451831279;-0,0725844660141816;0,185239565439543;-0,0663997718521571;0,176866185575552;0,856397816384768;0,391777772104277;FALSE;100;"5";"Combined"
"hs_pm25abs_dy_hs_h_Log";"hs_bmi_c_cat";0;-0,00454707618476779;-0,00356778960771778;0,0701331815354684;-0,142005586115495;0,13291143374596;-0,148408435569818;0,126404487715194;-0,0648348768046149;0,948305472182909;FALSE;100;"5";"Combined"
"hs_pm25abs_wk_hs_h_Log";"hs_bmi_c_cat";0;0,0584821324064531;0,0583294360012522;0,0646258362243923;-0,0681821790641398;0,185146443877046;-0,070492285652635;0,194541312950171;0,904934246473698;0,365500222769202;FALSE;100;"5";"Combined"
"hs_pm25abs_yr_hs_h_Log";"hs_bmi_c_cat";0;0,0422738895246798;0,0417188874961204;0,0757544592128924;-0,106202122200898;0,190749901250257;-0,118742785551693;0,166644353157821;0,558038298522833;0,576818232127854;FALSE;100;"5";"Combined"
"hs_accesslines300_h_dic0";"hs_bmi_c_cat";0;-0,0112596998265407;-0,0152102116857034;0,182061054056815;-0,368092808765297;0,345573409112216;-0,37237478688414;0,317654909298476;-0,061845735678466;0,950685681368009;FALSE;100;"5";"Combined"
"hs_accesspoints300_h_Log";"hs_bmi_c_cat";0;-0,0170772208116002;-0,0254547359921142;0,0714966360943214;-0,157208052572237;0,123053610949036;-0,166378628841686;0,102171532116374;-0,238853486604197;0,81121919398885;FALSE;100;"5";"Combined"
"hs_builtdens300_h_Sqrt";"hs_bmi_c_cat";0;-0,0499272600923237;-0,0464580105616445;0,0783314824763297;-0,20345414460156;0,103599624416913;-0,202807675210354;0,0959437443816311;-0,637384337867099;0,523874527692623;FALSE;100;"5";"Combined"
"hs_connind300_h_Log";"hs_bmi_c_cat";0;0,0770087215556936;0,0795079668232593;0,0782980117950194;-0,0764525616236368;0,230470004735024;-0,0560558180459138;0,225838313240754;0,98353355072794;0,325344911107982;FALSE;100;"5";"Combined"
"hs_fdensity300_h_Log";"hs_bmi_c_cat";0;-0,0849896975266909;-0,0886412758403271;0,0756426436890105;-0,233246554852547;0,0632671597991655;-0,235012574444767;0,0649960754918051;-1,12356857695388;0,261196092951354;FALSE;100;"5";"Combined"
"hs_landuseshan300_h_None";"hs_bmi_c_cat";0;-0,037152210628359;-0,0348445583355043;0,0731292034400135;-0,180482815588888;0,10617839433217;-0,172861837020433;0,101207776755252;-0,508035215491363;0,611428646904411;FALSE;100;"5";"Combined"
"hs_popdens_h_Sqrt";"hs_bmi_c_cat";0;0,0760630677313296;0,0820938700310552;0,0876799285022258;-0,0957864343000798;0,247912569762739;-0,0613385295698323;0,258727795765511;0,867508322949861;0,385663553508412;FALSE;100;"5";"Combined"
"hs_walkability_mean_h_None";"hs_bmi_c_cat";0;0,052080629256522;0,041435082074166;0,0732798129133708;-0,091545164847518;0,195706423360562;-0,112209112545661;0,176877391892426;0,71070909143955;0,477264524700946;FALSE;100;"5";"Combined"
"hs_accesslines300_s_dic0";"hs_bmi_c_cat";0;0,185768742967569;0,162496512867487;0,184342777958825;-0,175536462641792;0,54707394857693;-0,180244835594764;0,498464122557051;1,0077353993714;0,313581505995955;FALSE;100;"5";"Combined"
"hs_accesspoints300_s_Log";"hs_bmi_c_cat";0;-0,186816790625726;-0,190538286997301;0,0712898014312063;-0,326542233895902;-0,0470913473555497;-0,333370618376723;-0,0339894624012867;-2,6205261745048;0,00877941902802041;TRUE;100;"5";"Combined"
"hs_builtdens300_s_Sqrt";"hs_bmi_c_cat";0;0,0139805214460945;0,0106875618133588;0,0858352829269208;-0,154253541693476;0,182214584585665;-0,14911808712363;0,184153592467276;0,162876161985711;0,870615940154013;FALSE;100;"5";"Combined"
"hs_connind300_s_Log";"hs_bmi_c_cat";0;-0,0774117697660212;-0,0735997891744882;0,0817011536345935;-0,237543088385198;0,0827195488531557;-0,205876999282315;0,0971444881682958;-0,947499102794112;0,343384513213641;FALSE;100;"5";"Combined"
"hs_fdensity300_s_Log";"hs_bmi_c_cat";0;-0,0533507337381811;-0,0593242653683631;0,0890163576881354;-0,227819588841862;0,121118121365499;-0,226095904925695;0,0973707218131482;-0,599336291932915;0,548948651266478;FALSE;100;"5";"Combined"
"hs_landuseshan300_s_None";"hs_bmi_c_cat";0;-0,0188696488489016;-0,0207550222496091;0,0748400665331263;-0,16555348385441;0,127814186156607;-0,15480464189592;0,139063485095835;-0,252132978002489;0,800938280427295;FALSE;100;"5";"Combined"
"hs_popdens_s_Sqrt";"hs_bmi_c_cat";0;-0,116299412245667;-0,11926375157615;0,075021844047631;-0,263339524632805;0,03074070014147;-0,240145471227221;0,0115954129131929;-1,5502073259067;0,121091762049485;FALSE;100;"5";"Combined"
"h_Absorbance_Log";"hs_bmi_c_cat";0;-0,0612777568226435;-0,0607917228534976;0,0716128310171079;-0,201636326447128;0,0790808128018408;-0,190608844799107;0,0599576448543432;-0,855681250864172;0,392174113713332;FALSE;100;"5";"Combined"
"h_Benzene_Log";"hs_bmi_c_cat";0;0,0848255787030989;0,0853331264137444;0,0617836738716691;-0,0362681969179409;0,205919354324139;-0,0291317064581958;0,201157079589646;1,37294487989319;0,169769482957492;FALSE;100;"5";"Combined"
"h_NO2_Log";"hs_bmi_c_cat";0;0,0444993278487491;0,0446121571906258;0,0775782933730565;-0,107551333144524;0,196549988842022;-0,0853050671898559;0,191177055306944;0,573605398030115;0,566234858097896;FALSE;100;"5";"Combined"
"h_PM_Log";"hs_bmi_c_cat";0;0,113096561564694;0,1185595295753;0,0754098354600064;-0,0347040000170104;0,260897123146398;-0,00908747165724672;0,255552210093262;1,49975876322757;0,133676902657927;FALSE;100;"5";"Combined"
"h_TEX_Log";"hs_bmi_c_cat";0;0,0582988333257625;0,0537639151471513;0,0722132942612361;-0,0832366226312531;0,199834289282778;-0,102816695796502;0,181430585521377;0,807314413809498;0,419485361800962;FALSE;100;"5";"Combined"
"hs_KIDMED_None";"hs_bmi_c_cat";0;0,133951415855583;0,139820661928683;0,0661577822883041;0,00428454527346492;0,263618286437701;0,0361824323381557;0,266227241339762;2,02472651322933;0,0428954545839872;TRUE;100;"5";"Combined"
"hs_mvpa_prd_alt_None";"hs_bmi_c_cat";0;-0,0771577536097824;-0,0741093040572402;0,0804652644594605;-0,234866773956816;0,0805512667372509;-0,218308107728033;0,0785758405277456;-0,958895172073356;0,337611557197608;FALSE;100;"5";"Combined"
"hs_sd_wk_None";"hs_bmi_c_cat";0;-0,000218772550033295;-0,00651420992359516;0,0722831024286774;-0,141891050001061;0,141453504900994;-0,151528610259087;0,113457224685851;-0,00302660708634028;0,99758512062105;FALSE;100;"5";"Combined"
"hs_dif_hours_total_None";"hs_bmi_c_cat";0;-0,0955294009813266;-0,0994441505496216;0,066781799628132;-0,226419323075236;0,0353605211125825;-0,244484686204651;0,0233257104619611;-1,43047059997294;0,152581998040097;FALSE;100;"5";"Combined"
"hs_as_c_Log2";"hs_bmi_c_cat";0;-0,0460764461779823;-0,0450874190199962;0,0668822248764994;-0,17716319814183;0,0850103057858655;-0,175774606974077;0,0694497382365458;-0,688919159957136;0,490874141383993;FALSE;100;"5";"Combined"
"hs_cd_c_Log2";"hs_bmi_c_cat";0;0,0363667562040385;0,0364534153840432;0,0681699600477683;-0,0972439103171216;0,169977422725199;-0,105522841651869;0,165072093616984;0,533471872046801;0,593706977027915;FALSE;100;"5";"Combined"
"hs_co_c_Log2";"hs_bmi_c_cat";0;-0,104269872888536;-0,11227439972996;0,0647494592906102;-0,231176481116575;0,022636735339502;-0,22287635040238;0,0163792580591489;-1,61035897489969;0,107319511297556;FALSE;100;"5";"Combined"
"hs_cs_c_Log2";"hs_bmi_c_cat";0;0,238874345757358;0,240124643297554;0,0751135979059196;0,091654399112532;0,386094292402183;0,103552513329287;0,40259037633048;3,18017446130792;0,00147186410430662;TRUE;100;"5";"Combined"
"hs_cu_c_Log2";"hs_bmi_c_cat";0;0,252077408866109;0,263965909424768;0,0759832003099026;0,103153072828607;0,40100174490361;0,123440247453982;0,402917804269018;3,31754134911393;0,000908134726617581;TRUE;100;"5";"Combined"
"hs_hg_c_Log2";"hs_bmi_c_cat";0;0,0146991799426334;0,0102974438720155;0,0700169977313513;-0,122531613916438;0,151929973801705;-0,133939624107537;0,154190174325681;0,209937306924139;0,833716604284455;FALSE;100;"5";"Combined"
"hs_mn_c_Log2";"hs_bmi_c_cat";0;-0,0302831739448365;-0,0283525370439037;0,0674584799257066;-0,16249936505104;0,101933017161367;-0,162509323713199;0,0938030585627276;-0,448915747555949;0,653492435660535;FALSE;100;"5";"Combined"
"hs_mo_c_Log2";"hs_bmi_c_cat";0;-0,0791159187815752;-0,0876369125716162;0,0627005280595922;-0,202006695590019;0,0437748580268686;-0,210796028351631;0,00541402044864896;-1,26180625953232;0,207018509245717;FALSE;100;"5";"Combined"
"hs_pb_c_Log2";"hs_bmi_c_cat";0;0,00511627736624134;0,0109700904564231;0,0689465070477459;-0,130016393307178;0,14024894803966;-0,114950001081167;0,163313780222033;0,0742064766631076;0,940846092430445;FALSE;100;"5";"Combined"
"hs_hum_mt_hs_h_None";"hs_bmi_c_cat";0;0,247892022180793;0,255271531212641;0,0798985223053167;0,091293796044402;0,404490248317184;0,111806184504056;0,402134613207095;3,10258581796446;0,00191837918042999;TRUE;100;"5";"Combined"
"hs_tm_mt_hs_h_None";"hs_bmi_c_cat";0;-0,0383832720547106;-0,0410885136497779;0,0630631092825175;-0,161984695001559;0,0852181508921373;-0,186466597089081;0,0693237884912956;-0,60864858221241;0,542757395208872;FALSE;100;"5";"Combined"
"hs_uvdvf_mt_hs_h_None";"hs_bmi_c_cat";0;0,101255400858196;0,0957916151544849;0,0701900047572508;-0,0363144805407109;0,238825282257103;-0,0646784126590011;0,208811859675859;1,44259002700432;0,149135994412687;FALSE;100;"5";"Combined"
"hs_hum_dy_hs_h_None";"hs_bmi_c_cat";0;0,0182888708790809;0,020501884522615;0,0705159141536177;-0,119919781198928;0,15649752295709;-0,102510466110448;0,154321372315267;0,259358062624544;0,795358984027102;FALSE;100;"5";"Combined"
"hs_hum_wk_hs_h_None";"hs_bmi_c_cat";0;0,126314186520955;0,12590659785179;0,0778199684369891;-0,0262101488935877;0,278838521935497;-0,0104168703966432;0,272441817366679;1,62315905619046;0,104555407856667;FALSE;100;"5";"Combined"
"hs_tm_dy_hs_h_None";"hs_bmi_c_cat";0;-0,0919917596427861;-0,0900728047723836;0,0759852352817489;-0,240920084151816;0,0569365648662438;-0,212414457143058;0,0832136213182613;-1,2106530867699;0,226028389239748;FALSE;100;"5";"Combined"
"hs_tm_wk_hs_h_None";"hs_bmi_c_cat";0;-0,00342875438929137;-0,00763043727161249;0,0707901901628625;-0,142174977567243;0,135317468788661;-0,15522579893996;0,111129042644424;-0,0484354453830827;0,961369211112779;FALSE;100;"5";"Combined"
"hs_uvdvf_dy_hs_h_None";"hs_bmi_c_cat";0;-0,0290828173186011;-0,0293884173242663;0,06556638860214;-0,157590577575153;0,0994249429379509;-0,17737529079134;0,0932207913933156;-0,443562897677299;0,657358635346849;FALSE;100;"5";"Combined"
"hs_uvdvf_wk_hs_h_None";"hs_bmi_c_cat";0;0,0158149257701991;0,00775459782424666;0,0740114631928259;-0,129244876530851;0,16087472807125;-0,138796720857237;0,139570134931506;0,213682112039802;0,830794961691907;FALSE;100;"5";"Combined"
"hs_ndvi100_h_None";"hs_bmi_c_cat";0;-0,0608664869444556;-0,0653696998127779;0,0716927119943782;-0,201381620407439;0,0796486465185283;-0,198413589692153;0,0690086668358544;-0,848991274722994;0,395886147409961;FALSE;100;"5";"Combined"
"hs_ndvi100_s_None";"hs_bmi_c_cat";0;-0,0783760722825105;-0,0779374358577813;0,0792422359968542;-0,233688000890768;0,0769358563257471;-0,208037606195979;0,104129865824858;-0,98906941855631;0,322629178792692;FALSE;100;"5";"Combined"
"hs_dde_cadj_Log2";"hs_bmi_c_cat";0;-0,240499373594854;-0,238423148223006;0,0964189222557176;-0,429476988644228;-0,0515217585454802;-0,406608923939648;-0,0805296142757218;-2,49431717310647;0,0126199720585333;TRUE;100;"5";"Combined"
"hs_ddt_cadj_Log2";"hs_bmi_c_cat";0;0,0410916219448302;0,0388814065014011;0,0640758196018799;-0,08449467675474;0,1666779206444;-0,0837641488754005;0,158783439032394;0,641296860502813;0,521329828593866;FALSE;100;"5";"Combined"
"hs_hcb_cadj_Log2";"hs_bmi_c_cat";0;-0,486577327898847;-0,480900327232376;0,0805259002153842;-0,644405192143666;-0,328749463654028;-0,622348954413727;-0,32487783094759;-6,04249473271816;1,51749305004943e-09;TRUE;100;"5";"Combined"
"hs_pcb118_cadj_Log2";"hs_bmi_c_cat";0;0,0653717072800643;0,0565242693471023;0,0747587919211936;-0,0811528324131991;0,211896246973328;-0,0711364103280802;0,18517229633766;0,87443504101799;0,381881381510933;FALSE;100;"5";"Combined"
"hs_pcb138_cadj_Log2";"hs_bmi_c_cat";0;0,0653545427101854;0,0460575826638437;0,0746401798604562;-0,0809375216159006;0,211646607036271;-0,103171372435391;0,15476571331227;0,875594657359738;0,381250430873359;FALSE;100;"5";"Combined"
"hs_pcb153_cadj_Log2";"hs_bmi_c_cat";0;-0,0794258386484336;-0,0897037260967859;0,0620659716943121;-0,201072907834768;0,0422212305379006;-0,203580165628359;0,0378109259490834;-1,27970023638109;0,200650581459767;FALSE;100;"5";"Combined"
"hs_pcb170_cadj_Log2";"hs_bmi_c_cat";0;-0,241951456252711;-0,250873897236787;0,0836906729026089;-0,405982160983747;-0,0779207515216757;-0,405718242654474;-0,0896851600663529;-2,8910205625216;0,00383992994984498;TRUE;100;"5";"Combined"
"hs_pcb180_cadj_Log2";"hs_bmi_c_cat";0;-0,0964432885641416;-0,109816389528604;0,0747156881163949;-0,242883346352403;0,0499967692241196;-0,264722878445058;0,01035965635555;-1,29080372536888;0,196771745683472;FALSE;100;"5";"Combined"
"hs_sumPCBs5_cadj_Log2";"hs_bmi_c_cat";0;-0,15524832075766;-0,156760025975733;0,0622139386393538;-0,277185399827178;-0,0333112416881419;-0,269747827529748;-0,0362459427082792;-2,49539450729224;0,0125817160363515;TRUE;100;"5";"Combined"
"hs_pfhxs_c_Log2";"hs_bmi_c_cat";0;0,0306554655060516;0,0296345843238386;0,0848598255858641;-0,135666736376593;0,196977667388696;-0,130065221136781;0,204072553557121;0,361248273778661;0,717913857910654;FALSE;100;"5";"Combined"
"hs_pfna_c_Log2";"hs_bmi_c_cat";0;0,0631262687115162;0,0595241758870332;0,072929159997158;-0,0798122583056727;0,206064795728705;-0,0862366067386558;0,194614579370004;0,865583378637244;0,386718673811662;FALSE;100;"5";"Combined"
"hs_pfoa_c_Log2";"hs_bmi_c_cat";0;-0,0957595002080608;-0,097700185243895;0,0768078178922471;-0,246300057007976;0,0547810565918546;-0,238732562883542;0,0403206944859315;-1,24674157964494;0,212492267561641;FALSE;100;"5";"Combined"
"hs_pfos_c_Log2";"hs_bmi_c_cat";0;-0,0889946054628672;-0,0879886146166567;0,0754077167454346;-0,236791014440317;0,0588018035145825;-0,234681382622337;0,0566159424928612;-1,18017902283529;0,237929020351929;FALSE;100;"5";"Combined"
"hs_pfunda_c_Log2";"hs_bmi_c_cat";0;0,0242929455373222;0,0227833981775678;0,0704348836191199;-0,113756889611423;0,162342780686067;-0,106571011241806;0,158566308838245;0,344899349428721;0,730170039714242;FALSE;100;"5";"Combined"
"hs_hm_pers_None";"hs_bmi_c_cat";0;-0,0499313054082979;-0,0544982054756401;0,0690826205230736;-0,18533075359117;0,0854681427745739;-0,178431757960332;0,079610269935426;-0,72277665540526;0,469817111783909;FALSE;100;"5";"Combined"
"hs_trafload_h_pow1over3";"hs_bmi_c_cat";0;-0,11050996232083;-0,10859855296031;0,0702842626646191;-0,248264585823437;0,0272446611817762;-0,236840599372924;0,0289096291849482;-1,5723286854151;0,115874343753139;FALSE;100;"5";"Combined"
"hs_trafnear_h_pow1over3";"hs_bmi_c_cat";0;0,0485388570645183;0,0534970115424566;0,0799756307881347;-0,108210498921098;0,205288213050135;-0,0955317530987818;0,210422158379029;0,606920590512173;0,543903612701531;FALSE;100;"5";"Combined"
"FAS_cat_None_Low";"hs_bmi_c_cat";0;-0,471692069865999;-0,489266834761761;0,201323836135622;-0,866279537921261;-0,077104601810737;-0,853288506131362;-0,0848106786153359;-2,34295192720371;0,0191318480100685;TRUE;100;"5";"Combined"
"FAS_cat_None_Middle";"hs_bmi_c_cat";0;-0,184123010687519;-0,202810250222899;0,142498021021186;-0,463413999757275;0,0951679783822384;-0,465916538108442;0,0457913916806737;-1,29210924732873;0,196319313909625;FALSE;100;"5";"Combined"
"hs_globalexp2_None_no exposure";"hs_bmi_c_cat";0;-0,164545937407557;-0,169180774881166;0,143727064965794;-0,446245808344162;0,117153933529047;-0,417868326590854;0,0933459595745281;-1,14485004927025;0,252271278665714;FALSE;100;"5";"Combined"
