"exposure";"outcome";"lambda";"beta_unpenalized";"bootstrap_mean";"bootstrap_standard_error";"ci95_lower";"ci95_upper";"bootstrap_q025";"bootstrap_q975";"z_value";"p_value";"significant";"n_valid_bootstrap";"omitted_cohort";"scenario"
"h_abs_ratio_preg_Log";"e3_bw";0;-0,00315766334701988;-0,00313707412512408;0,00393121935612015;-0,0108627117003421;0,00454738500630236;-0,00986355750453641;0,00339570358124343;-0,803227462264094;0,421843275281596;FALSE;100;"4";"Combined"
"h_no2_ratio_preg_Log";"e3_bw";0;-0,000798671273470443;-0,00219979095081626;0,00516769999111252;-0,0109271771389589;0,00932983459201805;-0,0118295802912561;0,0069218955702224;-0,154550626941194;0,877175596167587;FALSE;100;"4";"Combined"
"h_pm10_ratio_preg_None";"e3_bw";0;-0,0105280870174482;-0,0097194532511952;0,00485740930905771;-0,0200484343213709;-0,00100773971352555;-0,0179010022139686;-0,00112791807416722;-2,16742842688104;0,0302022016665474;TRUE;100;"4";"Combined"
"h_pm25_ratio_preg_None";"e3_bw";0;-0,00233962264336857;-0,00201004733979293;0,00380004410287248;-0,00978757222466244;0,0051083269379253;-0,00874611759244414;0,00517209732057536;-0,615683023678603;0,538103743771041;FALSE;100;"4";"Combined"
"h_accesslines300_preg_dic0";"e3_bw";0;0,0150270193719976;0,0165920678220862;0,0103254460402244;-0,00521048299115399;0,0352645217351491;-0,00330091958395431;0,0404413465411603;1,45533852130527;0,145575567241492;FALSE;100;"4";"Combined"
"h_accesspoints300_preg_Log";"e3_bw";0;0,00369199752344336;0,00473656556038516;0,00468467067358607;-0,00548978827621633;0,0128737833231031;-0,00514895890558491;0,0119593047064182;0,788101828429526;0,430637145785551;FALSE;100;"4";"Combined"
"h_builtdens300_preg_Sqrt";"e3_bw";0;-0,00142562114329412;-0,00191964745953119;0,00359240954868807;-0,00846661447644052;0,00561537218985229;-0,00803892964360016;0,00616971085567453;-0,396842599367533;0,69148353481832;FALSE;100;"4";"Combined"
"h_connind300_preg_Sqrt";"e3_bw";0;0,00281110882220576;0,00302871556933438;0,00308136976639558;-0,00322826494298017;0,00885048258739169;-0,00315015121898092;0,00852311949942212;0,912291946543645;0,3616150526649;FALSE;100;"4";"Combined"
"h_fdensity300_preg_Log";"e3_bw";0;0,00183206806896308;0,00130325436327809;0,00393566036310693;-0,00588168449810834;0,0095458206360345;-0,00663500711505976;0,00957953414195207;0,46550461674411;0,641570131532068;FALSE;100;"4";"Combined"
"h_frichness300_preg_None";"e3_bw";0;0,0083006492650208;0,00871049946009519;0,00381917103101541;0,000815211593431884;0,0157860869366097;0,00227867640370874;0,0167645893698479;2,17341648164258;0,0297489854698532;TRUE;100;"4";"Combined"
"h_landuseshan300_preg_None";"e3_bw";0;0,00487013991353734;0,00492320335732104;0,00301133649987106;-0,00103197117154085;0,0107722509986155;-0,000692053064612327;0,00960389488432486;1,61726858281891;0,105820317826388;FALSE;100;"4";"Combined"
"h_popdens_preg_Sqrt";"e3_bw";0;0,00327382208973406;0,00427972758550516;0,00409123925749688;-0,0047448595070962;0,0112925036865643;-0,00260872452931844;0,0143446166649167;0,800203039637694;0,423593168985302;FALSE;100;"4";"Combined"
"h_walkability_mean_preg_None";"e3_bw";0;-0,00565973545064174;-0,00656184843555741;0,00335456473360132;-0,0122345615123085;0,000915090611025042;-0,0126961327221989;-0,000409047106418033;-1,68717431324263;0,0915698390376527;FALSE;100;"4";"Combined"
"hs_as_m_Log2";"e3_bw";0;0,000455450758437767;0,00053481917346919;0,00285109786383829;-0,00513259837108437;0,0060434998879599;-0,0044837963143188;0,00622485100190268;0,159745747143388;0,873081362600976;FALSE;100;"4";"Combined"
"hs_cd_m_Log2";"e3_bw";0;-0,00171080778596891;-0,000693083366439886;0,00236134631906801;-0,00633896152636844;0,00291734595443062;-0,00538622278014026;0,00336674646727173;-0,724505241841924;0,468755610233584;FALSE;100;"4";"Combined"
"hs_co_m_Log2";"e3_bw";0;0,00275173442814267;0,00289133479914007;0,00305817520259797;-0,00324217882736284;0,00874564768364818;-0,00386105892868521;0,00905653495887718;0,899796200624811;0,3682287166552;FALSE;100;"4";"Combined"
"hs_cs_m_Log2";"e3_bw";0;-0,00812039472659445;-0,00836307267765038;0,0033850999383896;-0,0147550686899068;-0,00148572076328208;-0,0139694424896458;-0,00135757471334501;-2,39886410280034;0,0164460170173606;TRUE;100;"4";"Combined"
"hs_cu_m_Log2";"e3_bw";0;-0,00559130953230028;-0,00476239127784385;0,003082912560008;-0,0116337071174021;0,000451088052801572;-0,0108094471632099;0,000725943495453726;-1,81364518891375;0,0697323685924129;FALSE;100;"4";"Combined"
"hs_hg_m_Log2";"e3_bw";0;-0,0025042789173414;-0,00240158982587336;0,0036724696070066;-0,00970218708139229;0,0046936292467095;-0,0107673274136402;0,00258486711530281;-0,681905961199394;0,495298415759783;FALSE;100;"4";"Combined"
"hs_mn_m_Log2";"e3_bw";0;0,000373235340103866;0,00010147502551923;0,00259531417510249;-0,00471348697166329;0,00545995765187103;-0,00419070633608498;0,00481099477020744;0,143811236298252;0,885649529830315;FALSE;100;"4";"Combined"
"hs_mo_m_Log2";"e3_bw";0;-0,00191073469254257;-0,00237970014401527;0,00252045476063722;-0,00685073524805403;0,0030292658629689;-0,00698583488463901;0,00220219021506809;-0,758091247017463;0,448396359332608;FALSE;100;"4";"Combined"
"hs_pb_m_Log2";"e3_bw";0;-0,00163715536129642;-0,0019056681558397;0,00250434552463531;-0,00654558239442569;0,00327127167183286;-0,00631155169609113;0,00263534672806222;-0,653725831835775;0,513288457658521;FALSE;100;"4";"Combined"
"h_humidity_preg_None";"e3_bw";0;0,0347512933730932;0,0347532828326601;0,00466716898794329;0,0256038102469621;0,0438987764992243;0,0246770554061851;0,0427534368420884;7,44590424363598;9,62826266614546e-14;TRUE;100;"4";"Combined"
"h_pressure_preg_None";"e3_bw";0;-0,0269115362150687;-0,0259659978344805;0,00579617834537276;-0,0382718370199702;-0,0155512354101671;-0,0367457476963515;-0,0154518853257898;-4,64297932387689;3,43420729481222e-06;TRUE;100;"4";"Combined"
"h_temperature_preg_None";"e3_bw";0;0,00744028761559204;0,00566424881030734;0,00406582159732729;-0,000528576282734561;0,0154091515139186;-0,00242255612862105;0,0130860611340064;1,82995919459009;0,0672560408030501;FALSE;100;"4";"Combined"
"h_ndvi100_preg_None";"e3_bw";0;0,00967041706867307;0,00884186573558241;0,00351214742982235;0,00278673459782634;0,0165540995395198;0,00204904793209015;0,0145158059093466;2,75342002632339;0,00589761772926244;TRUE;100;"4";"Combined"
"hs_dde_madj_Log2";"e3_bw";0;-0,00481389842631257;-0,00425091765792671;0,00297174456821087;-0,0106384107512584;0,00101061389863326;-0,00936146661660877;0,00210233807433805;-1,61988970310822;0,105255972137823;FALSE;100;"4";"Combined"
"hs_ddt_madj_Log2";"e3_bw";0;-0,00348572021822548;-0,00348562179077249;0,00235452231531146;-0,0081004991570318;0,00112905872058085;-0,00756585573863132;0,00111554612406936;-1,48043626325299;0,13875685840905;FALSE;100;"4";"Combined"
"hs_hcb_madj_Log2";"e3_bw";0;0,000830505404621758;0,000490133759609254;0,00323962387972158;-0,00551904072308846;0,00718005153233197;-0,00605309997704034;0,00585302764938123;0,256358588359688;0,797673961294201;FALSE;100;"4";"Combined"
"hs_pcb118_madj_Log2";"e3_bw";0;0,00100216156451375;0,00139626391242154;0,00472074864523394;-0,00825033576021102;0,0102546588892385;-0,00747469658645749;0,0101164563176533;0,212288693981944;0,831881815319965;FALSE;100;"4";"Combined"
"hs_pcb138_madj_Log2";"e3_bw";0;-0,0044345320863833;-0,00435295966989186;0,00400075162478538;-0,0122758611820527;0,00340679700928614;-0,0116707679723201;0,00433741473417368;-1,10842474171867;0,267678424514945;FALSE;100;"4";"Combined"
"hs_pcb153_madj_Log2";"e3_bw";0;-0,00956774587826845;-0,0090977809030652;0,00418386063033429;-0,0177679620300587;-0,00136752972647819;-0,0170352133418961;-0,00136725493674108;-2,28682232120719;0,0222061960782566;TRUE;100;"4";"Combined"
"hs_pcb170_madj_Log2";"e3_bw";0;0,00166975447531008;0,00188034603313139;0,00466522198749715;-0,0074739126000687;0,0108134215506889;-0,00602143289197422;0,0100321751563624;0,357915331743065;0,720406676704764;FALSE;100;"4";"Combined"
"hs_pcb180_madj_Log2";"e3_bw";0;0,00744207597367891;0,00507827597580158;0,00620518566254442;-0,00471986444229247;0,0196040163896503;-0,00580887985293381;0,0146176807179441;1,19933171679303;0,230398987079816;FALSE;100;"4";"Combined"
"hs_sumPCBs5_madj_Log2";"e3_bw";0;-0,00322747475178243;-0,00295625698370298;0,00462979478982343;-0,0123017057956475;0,00584675629208269;-0,0104320853921011;0,00567636495029216;-0,697109677274814;0,485734158431506;FALSE;100;"4";"Combined"
"hs_pfhxs_m_Log2";"e3_bw";0;0,0115764519988336;0,00985510256146564;0,00369343515314323;0,00433745211943868;0,0188154518782285;0,00192372071146966;0,0168342888610945;3,13433200227752;0,00172245851529341;TRUE;100;"4";"Combined"
"hs_pfna_m_Log2";"e3_bw";0;-0,00470503775201291;-0,00459939427463282;0,00369647452409438;-0,0119499946890077;0,00253991918498192;-0,0121569529033118;0,00230912062245677;-1,2728446311058;0,203073180196932;FALSE;100;"4";"Combined"
"hs_pfoa_m_Log2";"e3_bw";0;-0,000441331502902265;-0,000687346515547232;0,00348547602108886;-0,0072727389732144;0,00639007596740987;-0,00740161152636887;0,00592638744392998;-0,126620151804801;0,899241046485118;FALSE;100;"4";"Combined"
"hs_pfos_m_Log2";"e3_bw";0;-0,00744986556629278;-0,00784424451428994;0,00413438371440022;-0,0155531087447861;0,00065337761220058;-0,0173962270107119;-0,00103388809048143;-1,80192891635689;0,0715565900517011;FALSE;100;"4";"Combined"
"hs_pfunda_m_Log2";"e3_bw";0;-0,000548603508895842;-0,00131328028033038;0,00328870125859003;-0,00699433953164384;0,00589713251385216;-0,00646833564357884;0,00544842521340221;-0,166814637681942;0,867515900865878;FALSE;100;"4";"Combined"
"e3_asmokcigd_p_None";"e3_bw";0;-0,00475618896890601;-0,00474858695555547;0,00300340355159978;-0,0106427517610813;0,00113037382326923;-0,0100891938119603;0,000888943402716911;-1,5835997018691;0,113284841826678;FALSE;100;"4";"Combined"
"h_distinvnear1_preg_Log";"e3_bw";0;-0,000268325118800161;-0,000461649165369131;0,00282823208497924;-0,0058115581452801;0,00527490790767978;-0,00568999227250258;0,00483152988409647;-0,0948737977428504;0,924415068993065;FALSE;100;"4";"Combined"
"h_trafload_preg_pow1over3";"e3_bw";0;-0,00209269557722851;-0,0014258306426206;0,00315386768139151;-0,00827416264476072;0,0040887714903037;-0,0068809163301383;0,0044323287830266;-0,66353309289919;0,506989192216844;FALSE;100;"4";"Combined"
"h_trafnear_preg_pow1over3";"e3_bw";0;-0,00322477331227732;-0,0028165190086585;0,00417928955304203;-0,0114160303172042;0,00496648369264955;-0,0105720358294407;0,00535870914508829;-0,771608014077432;0,440346626288705;FALSE;100;"4";"Combined"
"h_bro_preg_Log";"e3_bw";0;0,00758630541570776;0,00692415169128288;0,00449383276247633;-0,00122144495129198;0,0163940557827075;-0,00124313394161641;0,0155848996691628;1,68815926552801;0,0913806602896326;FALSE;100;"4";"Combined"
"h_clf_preg_Log";"e3_bw";0;0,00329540780503689;0,00353603920921178;0,00343009977211867;-0,00342746421169476;0,0100182798217685;-0,00343231633968059;0,0100423955924153;0,9607323471531;0,336686762469054;FALSE;100;"4";"Combined"
"h_thm_preg_Log";"e3_bw";0;0,00687128991174997;0,0071110293636701;0,00425654912780668;-0,0014713930771765;0,0152139729006764;4,59955145948083e-05;0,0151845487375791;1,61428652775602;0,106465290952079;FALSE;100;"4";"Combined"
"e3_alcpreg_yn_None_1";"e3_bw";0;0,013775001621315;0,0139102858865759;0,00563071565260776;0,00273900173501785;0,0248110015076122;0,00257321512754064;0,0252341142702467;2,44640334749196;0,0144289478572836;TRUE;100;"4";"Combined"
"h_pamod_t3_None_Often";"e3_bw";0;0,0956159804735751;0,0917791046231099;0,00829933256234585;0,0793495875556567;0,111882373391494;0,0780002424152285;0,105210533702538;11,5209240930272;1,03495038556773e-30;TRUE;100;"4";"Combined"
"h_pamod_t3_None_Sometimes";"e3_bw";0;0,0820787750271784;0,0780582728722868;0,00915944968335369;0,0641265835295984;0,100030966524758;0,0621974598980879;0,0942698205925119;8,96110332658387;3,21445665793142e-19;TRUE;100;"4";"Combined"
"h_pamod_t3_None_Very Often";"e3_bw";0;0,0842393655095825;0,0802892896666237;0,00814877592507719;0,0682680581783441;0,100210672840821;0,0663578059804593;0,0947834242014799;10,3376711157737;4,75963670812625e-25;TRUE;100;"4";"Combined"
"h_pavig_t3_None_Low";"e3_bw";0;0,0953871647337626;0,093864603526468;0,00984888266223347;0,076083709427824;0,114690620039701;0,0771166390773678;0,108589081271538;9,68507474452247;3,48953190919249e-22;TRUE;100;"4";"Combined"
"h_pavig_t3_None_Medium";"e3_bw";0;0,0937488936110782;0,0928646115908855;0,00958128447555535;0,0749699211133569;0,112527866108799;0,071045987014998;0,10974676596591;9,78458513054893;1,31131952305042e-22;TRUE;100;"4";"Combined"
"hs_no2_dy_hs_h_Log";"e3_bw";0;0,00780961780989922;0,00878324168647085;0,00478622165236815;-0,00157120425076813;0,0171904398705666;-0,00251065526201526;0,0164099397085736;1,63168745142322;0,102745344892746;FALSE;100;"4";"Combined"
"hs_no2_wk_hs_h_Log";"e3_bw";0;0,00454418979766608;0,00522579988355794;0,00443685455676291;-0,00415188533823164;0,0132402649335638;-0,00294518134048048;0,0138995680358576;1,02419174203932;0,305744718459996;FALSE;100;"4";"Combined"
"hs_no2_yr_hs_h_Log";"e3_bw";0;0,0199363041372;0,0195130645608902;0,00439176729860819;0,0113285984034472;0,0285440098709528;0,011168437784886;0,0275766832922124;4,53947187582503;5,63953015170887e-06;TRUE;100;"4";"Combined"
"hs_pm10_dy_hs_h_None";"e3_bw";0;-0,00571044994998612;-0,00476406132433076;0,00387648858404609;-0,0133082279611971;0,00188732806122488;-0,0121209873123053;0,00230507215844121;-1,47309861132774;0,140724447840739;FALSE;100;"4";"Combined"
"hs_pm10_wk_hs_h_None";"e3_bw";0;-0,00435603593181145;-0,00405827564153402;0,00434996071403724;-0,0128818022654886;0,00416973040186569;-0,0116003047526706;0,00464277355467172;-1,00139661440035;0,316635100237694;FALSE;100;"4";"Combined"
"hs_pm10_yr_hs_h_None";"e3_bw";0;0,00764866926831317;0,00684875178138728;0,00378630095643416;0,000227655759072646;0,0150696827775537;0,000355158217946941;0,0134701017972327;2,02009015033936;0,0433740373486067;TRUE;100;"4";"Combined"
"hs_pm25_dy_hs_h_None";"e3_bw";0;0,00216314728850848;0,00293939558077262;0,00428275292700093;-0,00623089420309684;0,0105571887801138;-0,00460551509456079;0,0100728461041307;0,505083371695518;0,613500279954112;FALSE;100;"4";"Combined"
"hs_pm25_wk_hs_h_None";"e3_bw";0;-0,00285002857341977;-0,0038282614080228;0,00451750841667477;-0,0117041823699589;0,00600412522311935;-0,0130359181379766;0,00307081785984498;-0,630885061088077;0,528115680379836;FALSE;100;"4";"Combined"
"hs_pm25_yr_hs_h_None";"e3_bw";0;0,0183762141809226;0,0198426610440081;0,00412981183752818;0,0102819317164402;0,026470496645405;0,0124757507514218;0,026817915476063;4,44964925857768;8,60106379202412e-06;TRUE;100;"4";"Combined"
"hs_pm25abs_dy_hs_h_Log";"e3_bw";0;0,000844707355623549;-0,000621486797025289;0,00364580386372558;-0,00630093691197555;0,00799035162322265;-0,00746348455457787;0,00617036885689687;0,231693033195801;0,816776442868704;FALSE;100;"4";"Combined"
"hs_pm25abs_wk_hs_h_Log";"e3_bw";0;-0,0085987326104346;-0,00802416893760043;0,00327555555595645;-0,0150187035294693;-0,00217876169139988;-0,0137950005449804;-0,00225356857776825;-2,62512189567299;0,00866179517691209;TRUE;100;"4";"Combined"
"hs_pm25abs_yr_hs_h_Log";"e3_bw";0;-0,00808110322235695;-0,0078653065168426;0,00410214274145337;-0,016121155255048;-4,10511896659482e-05;-0,0160859103456062;-0,00101950083602483;-1,969971239834;0,0488416667867848;TRUE;100;"4";"Combined"
"hs_accesslines300_h_dic0";"e3_bw";0;-0,0030463379362772;-0,00363745760536458;0,0122660123627987;-0,0270872804012856;0,0209946045287312;-0,0268900676390827;0,0152987320838062;-0,248356013851443;0,803858963414375;FALSE;100;"4";"Combined"
"hs_accesspoints300_h_Log";"e3_bw";0;-0,0051573144545913;-0,00463164904783814;0,00428765336732247;-0,0135609606327352;0,00324633172355262;-0,0139138513203209;0,00280984460191482;-1,20282914983212;0,229042442045737;FALSE;100;"4";"Combined"
"hs_builtdens300_h_Sqrt";"e3_bw";0;-0,00458323790266128;-0,00451643449850728;0,00369915384119709;-0,0118334462046806;0,00266697039935801;-0,011773113207005;0,00215890336338464;-1,23899629467102;0,21534687027632;FALSE;100;"4";"Combined"
"hs_connind300_h_Log";"e3_bw";0;0,00395814870280647;0,00417373178431938;0,00325839681109776;-0,00242819169428531;0,0103444890998982;-0,00247865997309182;0,00970534882132195;1,21475343006887;0,22446014749776;FALSE;100;"4";"Combined"
"hs_fdensity300_h_Log";"e3_bw";0;0,010526450592048;0,00977712405245879;0,00364148479638711;0,00338927154087909;0,0176636296432169;0,00371255358897371;0,0174506278294833;2,89070288100387;0,00384381337406541;TRUE;100;"4";"Combined"
"hs_landuseshan300_h_None";"e3_bw";0;0,00366089710431411;0,00305038797737279;0,00316144809137901;-0,00253542729378164;0,00985722150240986;-0,00263764955457117;0,00943832445242198;1,15798108920309;0,246871753760937;FALSE;100;"4";"Combined"
"hs_popdens_h_Sqrt";"e3_bw";0;-0,00173302738938435;-0,000817213381349653;0,00361482166986852;-0,00881794767286159;0,00535189289409289;-0,00721594491601609;0,00577700802139139;-0,479422651421524;0,63163798229963;FALSE;100;"4";"Combined"
"hs_walkability_mean_h_None";"e3_bw";0;-0,00772677200642754;-0,00794747312781188;0,00299233499432258;-0,0135916408249787;-0,00186190318787641;-0,0133614797424838;-0,0014587507521709;-2,58218816445608;0,00981760408506483;TRUE;100;"4";"Combined"
"hs_accesslines300_s_dic0";"e3_bw";0;0,00870407980029693;0,00715772812750315;0,0116234639696012;-0,0140774909557204;0,0314856505563142;-0,0145421245847543;0,0277635742687521;0,748836992402668;0,453955460413302;FALSE;100;"4";"Combined"
"hs_accesspoints300_s_Log";"e3_bw";0;0,00658854799091501;0,00644223550298666;0,00373239741759362;-0,000726816523558782;0,0139039125053888;-0,00144919893683822;0,0134113150286668;1,76523216950537;0,0775247541150856;FALSE;100;"4";"Combined"
"hs_builtdens300_s_Sqrt";"e3_bw";0;-0,00211420646463128;-0,00213660854741413;0,00358249730483979;-0,00913577215682908;0,00490735922756653;-0,00883610672137518;0,00485358081241378;-0,59014879418753;0,555090898334535;FALSE;100;"4";"Combined"
"hs_connind300_s_Log";"e3_bw";0;0,00064655167333072;5,85009726753061e-05;0,00296272349802972;-0,00516027967895806;0,0064533830256195;-0,0056788620523155;0,00573841546604639;0,218228826875235;0,827250825709474;FALSE;100;"4";"Combined"
"hs_fdensity300_s_Log";"e3_bw";0;0,00394677931990344;0,00348191267458064;0,00374650976806816;-0,00339624489323767;0,0112898035330445;-0,00336788223627756;0,00967483432516965;1,05345496588377;0,292132523773136;FALSE;100;"4";"Combined"
"hs_landuseshan300_s_None";"e3_bw";0;7,44414885140729e-05;0,000235506612360958;0,00305964521836375;-0,00592235294494906;0,00607123592197721;-0,00485189923440563;0,00603817244904711;0,0243301047021011;0,980589300154586;FALSE;100;"4";"Combined"
"hs_popdens_s_Sqrt";"e3_bw";0;0,00119439930892676;0,000534345777565019;0,00332304156270821;-0,00531864247311103;0,00770744109096455;-0,00577971643422945;0,0067665306334467;0,359429542600529;0,719273777491324;FALSE;100;"4";"Combined"
"h_Absorbance_Log";"e3_bw";0;0,000644922030662615;-0,000455118028285578;0,00322007480474579;-0,00566630861416398;0,00695615267548921;-0,00634272235181104;0,00591109017738251;0,200281692124705;0,841260280035841;FALSE;100;"4";"Combined"
"h_Benzene_Log";"e3_bw";0;0,000701797391902487;-0,000444570722192161;0,00300866366777579;-0,00519507503853225;0,00659866982233722;-0,00679417032542868;0,00534486766075209;0,233258838273971;0,815560419332195;FALSE;100;"4";"Combined"
"h_NO2_Log";"e3_bw";0;0,013424552710635;0,0130984795943432;0,00339623374130695;0,00676805689459362;0,0200810485266763;0,00688684064835803;0,0197033028407731;3,95277643801656;7,72496046234608e-05;TRUE;100;"4";"Combined"
"h_PM_Log";"e3_bw";0;0,0024953489553879;0,00296567102855153;0,00314377354884298;-0,00366633397589401;0,00865703188666981;-0,00321560005349333;0,00841620116607611;0,793743225018951;0,427344930799526;FALSE;100;"4";"Combined"
"h_TEX_Log";"e3_bw";0;-0,00469638816222068;-0,00429676554666377;0,00336882493697319;-0,0112991637089085;0,00190638738446718;-0,00975304236625106;0,00198047065658055;-1,39407308188602;0,163295536829181;FALSE;100;"4";"Combined"
"hs_KIDMED_None";"e3_bw";0;0,00163601396744245;0,00224029080383824;0,00290332499862281;-0,00405439846527306;0,00732642640015796;-0,00259075139729605;0,00748404883542958;0,563496669583492;0,573096727280141;FALSE;100;"4";"Combined"
"hs_mvpa_prd_alt_None";"e3_bw";0;-0,00398261999460205;-0,00304467700823725;0,00327926276888718;-0,010409856917464;0,00244461692825992;-0,00915798075360077;0,00284202106640771;-1,21448638772963;0,224562044763489;FALSE;100;"4";"Combined"
"hs_sd_wk_None";"e3_bw";0;0,00206373521885318;0,00211820194920981;0,00238487341483867;-0,00261053078191766;0,00673800121962403;-0,00246702350693761;0,00612085318602494;0,865343714267028;0,386850164305499;FALSE;100;"4";"Combined"
"hs_dif_hours_total_None";"e3_bw";0;-0,00334185639906158;-0,00249555493045576;0,00293653287113933;-0,00909735506591267;0,0024136422677895;-0,00922364664795088;0,00217741853252194;-1,13802792126246;0,255108823558576;FALSE;100;"4";"Combined"
"hs_as_c_Log2";"e3_bw";0;0,00233475343531478;0,00140994337772606;0,00313755233449092;-0,00381473613989699;0,00848424301052655;-0,00498920576133967;0,00763837695962005;0,744132108857271;0,4567965557743;FALSE;100;"4";"Combined"
"hs_cd_c_Log2";"e3_bw";0;0,00111752339502249;0,00145920306778595;0,002522109039407;-0,00382571948729814;0,00606076627734312;-0,00352024266406418;0,00609382375845537;0,443090832934505;0,6577000355578;FALSE;100;"4";"Combined"
"hs_co_c_Log2";"e3_bw";0;-0,0034767924675346;-0,00342586846873798;0,0027867061378113;-0,00893863613314146;0,00198505119807226;-0,00866937258633867;0,00200372663739884;-1,24763512749331;0,212164708245722;FALSE;100;"4";"Combined"
"hs_cs_c_Log2";"e3_bw";0;-0,00203737506628454;-0,00198395803247496;0,0037792611077308;-0,00944459072560986;0,00536984059304078;-0,00905944795267137;0,005554233506151;-0,539093491613192;0,589822346203819;FALSE;100;"4";"Combined"
"hs_cu_c_Log2";"e3_bw";0;-0,00463225794497463;-0,00446865225251382;0,00313139527034941;-0,0107696798962185;0,00150516400626928;-0,0102673478619618;0,0012413685027445;-1,4792951847493;0,139061439262782;FALSE;100;"4";"Combined"
"hs_hg_c_Log2";"e3_bw";0;-0,0085389422672113;-0,00747308709321733;0,00320247739513436;-0,0148156826229783;-0,0022622019114443;-0,0134467843504169;-0,0021391245505156;-2,6663552036885;0,00766786293941417;TRUE;100;"4";"Combined"
"hs_mn_c_Log2";"e3_bw";0;-0,000630427319440242;-0,000929435717909612;0,00280369557832819;-0,00612556967657769;0,00486471503769721;-0,00597239712870572;0,00486126892148012;-0,224855838241953;0,822091425506298;FALSE;100;"4";"Combined"
"hs_mo_c_Log2";"e3_bw";0;-0,00538789413663373;-0,00547982848206521;0,00301425994683791;-0,0112957350724776;0,000519946799210186;-0,0107280793156756;0,000500566643050317;-1,78746831118062;0,073861829396574;FALSE;100;"4";"Combined"
"hs_pb_c_Log2";"e3_bw";0;0,00295930628977687;0,00323746478763561;0,00272982012003372;-0,00239104282976202;0,00830965540931576;-0,00132179075814515;0,00807813657982685;1,08406640718156;0,278335356026573;FALSE;100;"4";"Combined"
"hs_hum_mt_hs_h_None";"e3_bw";0;-0,0210624816203465;-0,0202776359974701;0,00446613130086782;-0,0298159381202744;-0,0123090251204185;-0,0295401968667248;-0,0121120169080304;-4,71604621571556;2,40471834836019e-06;TRUE;100;"4";"Combined"
"hs_tm_mt_hs_h_None";"e3_bw";0;0,0119266642839327;0,0111722103637141;0,00403374029147726;0,00402067858964915;0,0198326499782162;0,00402817569700648;0,0189042802795738;2,95672587279158;0,00310924408134646;TRUE;100;"4";"Combined"
"hs_uvdvf_mt_hs_h_None";"e3_bw";0;-0,0114134860314764;-0,0114145162979201;0,0044391539830638;-0,0201140679601089;-0,00271290410284379;-0,0193572374489045;-0,00267591155406655;-2,57109486965781;0,0101377551430139;TRUE;100;"4";"Combined"
"hs_hum_dy_hs_h_None";"e3_bw";0;-0,0112553341486193;-0,0108471226059654;0,00350234532579407;-0,0181198048485979;-0,00439086344864074;-0,0171812063372252;-0,00419085452403397;-3,21365630788205;0,00131056443245188;TRUE;100;"4";"Combined"
"hs_hum_wk_hs_h_None";"e3_bw";0;-0,0179037145766433;-0,0182228295064056;0,00387124591338426;-0,0254912171421743;-0,0103162120111123;-0,0247502608077592;-0,0115281111770363;-4,6247939235128;3,74971016065481e-06;TRUE;100;"4";"Combined"
"hs_tm_dy_hs_h_None";"e3_bw";0;0,000415482355887781;0,00041972242652193;0,00414776497843783;-0,00771398761818692;0,00854495232996248;-0,00626061808325321;0,00832409167886336;0,100170177926586;0,920209221473218;FALSE;100;"4";"Combined"
"hs_tm_wk_hs_h_None";"e3_bw";0;0,00418915817753009;0,00508835019839166;0,00401951326136587;-0,00368894305012814;0,0120672594051883;-0,00240670851161496;0,0143229953507229;1,04220533809275;0,297316488697929;FALSE;100;"4";"Combined"
"hs_uvdvf_dy_hs_h_None";"e3_bw";0;-0,00136709143320522;-0,00118968791872735;0,004286300609934;-0,00976808625558793;0,00703390338917748;-0,0094711805698747;0,00794213253859978;-0,318944366626277;0,749768700126738;FALSE;100;"4";"Combined"
"hs_uvdvf_wk_hs_h_None";"e3_bw";0;-0,0177352041793487;-0,0173811963910494;0,00473917120732917;-0,027023809062283;-0,00844659929641428;-0,0259501570197605;-0,00940660215420533;-3,74225859405987;0,000182373700317117;TRUE;100;"4";"Combined"
"hs_ndvi100_h_None";"e3_bw";0;0,00622249942614611;0,00692992090637319;0,00396004980132652;-0,00153905556143886;0,0139840544137311;-0,000912215333759459;0,0138877453439664;1,57131847787917;0,116108691261884;FALSE;100;"4";"Combined"
"hs_ndvi100_s_None";"e3_bw";0;0,00901923499917579;0,00937152099139953;0,0038914912480121;0,00139205230691924;0,0166464176914323;0,00339857150075556;0,017224850890278;2,31768091571145;0,0204666689635859;TRUE;100;"4";"Combined"
"hs_dde_cadj_Log2";"e3_bw";0;-0,00148914616094658;-0,00139936538610755;0,00374705283300432;-0,00883323476180382;0,00585494243991067;-0,00863260814569914;0,00525592438400771;-0,397417978158746;0,691059260173037;FALSE;100;"4";"Combined"
"hs_ddt_cadj_Log2";"e3_bw";0;-0,00445872902668881;-0,00394797225191607;0,00277508100152019;-0,00989778784384972;0,000980329790472097;-0,00903792704513215;0,00138490080519448;-1,60670229958921;0,108119688938908;FALSE;100;"4";"Combined"
"hs_hcb_cadj_Log2";"e3_bw";0;-0,000499610682106498;-0,00315925193576765;0,00406784873423386;-0,00847244769576171;0,00747322633154871;-0,0129020003023895;0,00222733187769044;-0,122819385564148;0,90225012302149;FALSE;100;"4";"Combined"
"hs_pcb118_cadj_Log2";"e3_bw";0;0,000649859065187708;0,00101120916335102;0,0032174305935641;-0,00565618902095526;0,00695590715133067;-0,00526505302969056;0,00650677341831341;0,20198075647308;0,839931768242346;FALSE;100;"4";"Combined"
"hs_pcb138_cadj_Log2";"e3_bw";0;-0,000191713735230425;-0,000837763972962085;0,00475531883581072;-0,00951196738842437;0,00912853991796352;-0,0107895056195132;0,00721619256824083;-0,0403156427255082;0,967841482826293;FALSE;100;"4";"Combined"
"hs_pcb153_cadj_Log2";"e3_bw";0;0,000909772290665285;0,00134965228278633;0,00445954518403592;-0,00783077565747417;0,00965032023880474;-0,00819633474836245;0,00794348318831741;0,204005622349572;0,83834910530675;FALSE;100;"4";"Combined"
"hs_pcb170_cadj_Log2";"e3_bw";0;-0,00790686466389443;-0,00905999279984776;0,00345612410267033;-0,0146807434312291;-0,00113298589655977;-0,0160664823814649;-0,00292820968510189;-2,28778378003998;0,0221501158711285;TRUE;100;"4";"Combined"
"hs_pcb180_cadj_Log2";"e3_bw";0;0,00123757675944883;0,00172550710136337;0,00330956620808833;-0,00524905381285508;0,00772420733175274;-0,00476640536588541;0,00714299408549143;0,373939266247125;0,708449501924005;FALSE;100;"4";"Combined"
"hs_sumPCBs5_cadj_Log2";"e3_bw";0;-0,00964444748009168;-0,00949222070909028;0,00478811275146187;-0,0190289760268739;-0,000259918933309428;-0,0181426457880611;-0,000597816741741041;-2,01424819771571;0,0439834817022929;TRUE;100;"4";"Combined"
"hs_pfhxs_c_Log2";"e3_bw";0;0,00879560118184249;0,0079238807175355;0,00403017292662529;0,000896607394188526;0,0166945949694964;0,000883682635018948;0,0152705515808457;2,18243766259617;0,029077247253564;TRUE;100;"4";"Combined"
"hs_pfna_c_Log2";"e3_bw";0;-0,00249426995800453;-0,00272985222985044;0,00314961664599987;-0,00866740514927211;0,00367886523326305;-0,0088764328578262;0,00341503121155281;-0,791928110099478;0,428402595305155;FALSE;100;"4";"Combined"
"hs_pfoa_c_Log2";"e3_bw";0;0,00641315053636964;0,00652985321332309;0,00277617613611019;0,000971945294854107;0,0118543557778852;0,0012850524509266;0,0117191093486215;2,31006615644905;0,0208844917753811;TRUE;100;"4";"Combined"
"hs_pfos_c_Log2";"e3_bw";0;-0,00637186967685505;-0,00676045520100261;0,0040774799752657;-0,0143635835760591;0,00161984422234899;-0,0140060797684572;0,000768547685649134;-1,56269796921316;0,118123652302924;FALSE;100;"4";"Combined"
"hs_pfunda_c_Log2";"e3_bw";0;0,00252756571890347;0,0020280513719839;0,00276933834704285;-0,00290023770230619;0,00795536914011313;-0,00222623280862181;0,00725588974971128;0,912696609138591;0,361402127798483;FALSE;100;"4";"Combined"
"hs_hm_pers_None";"e3_bw";0;-0,00114914783788455;6,22304874024723e-05;0,00326652687573296;-0,0075514228688533;0,00525312719308419;-0,00582516532832304;0,0057808658888493;-0,351795004786759;0,724992005009505;FALSE;100;"4";"Combined"
"hs_trafload_h_pow1over3";"e3_bw";0;-0,000430762042071978;-0,000965872351334735;0,0030450543534044;-0,0063989589057115;0,00553743482156754;-0,00611926928040337;0,00440174736982832;-0,141462841735611;0,887504312796123;FALSE;100;"4";"Combined"
"hs_trafnear_h_pow1over3";"e3_bw";0;-0,00602213113737321;-0,00515456188163871;0,00366999965068345;-0,0132151982759874;0,00117093600124093;-0,012342769331587;0,0014805427494107;-1,64090782304345;0,100816550861666;FALSE;100;"4";"Combined"
"FAS_cat_None_Low";"e3_bw";0;0,0214171949087381;0,0214364899682614;0,0109593814659063;-6,27980572740355e-05;0,0428971878747503;0,00219378198777769;0,0404862428821053;1,9542339114087;0,0506735605839808;FALSE;100;"4";"Combined"
"FAS_cat_None_Middle";"e3_bw";0;0,00680000198710294;0,00538077841710143;0,00552466507410982;-0,00402814258479861;0,0176281465590045;-0,00327140772492917;0,0173150611580445;1,23084420428846;0,218381139076264;FALSE;100;"4";"Combined"
"hs_globalexp2_None_no exposure";"e3_bw";0;0,0248254897552526;0,0236538674488451;0,00553266348505932;0,0139816685859564;0,0356693109245487;0,0128958528607649;0,0340775906656266;4,48707748488455;7,22068191997981e-06;TRUE;100;"4";"Combined"
"h_abs_ratio_preg_Log";"hs_asthma";0;-0,0937015356135627;-0,0977927859930084;0,0745712628969325;-0,239858525173218;0,052455453946093;-0,247774484636042;0,0369627564139934;-1,25653679411425;0,208921414456202;FALSE;100;"4";"Combined"
"h_no2_ratio_preg_Log";"hs_asthma";0;-0,0482707495248916;-0,0539543854168141;0,064233536586391;-0,174166167833854;0,0776246687840707;-0,16874877893191;0,0565105652533539;-0,751488273730184;0,452358855294607;FALSE;100;"4";"Combined"
"h_pm10_ratio_preg_None";"hs_asthma";0;0,0170242467485889;0,017114860945549;0,0653318616125533;-0,11102384905497;0,145072342552148;-0,131674820010079;0,127690584541806;0,260581075273044;0,794415585340475;FALSE;100;"4";"Combined"
"h_pm25_ratio_preg_None";"hs_asthma";0;-0,0847049042492869;-0,0854281973827449;0,0784077816632246;-0,238381332416887;0,0689715239183133;-0,229792763248653;0,0773313624190333;-1,08031246966162;0,280003058728763;FALSE;100;"4";"Combined"
"h_accesslines300_preg_dic0";"hs_asthma";0;-0,322591828990579;-0,297997131625068;0,168073870138776;-0,652010561204842;0,0068269032236839;-0,595788177423469;0,00497943712437468;-1,91934551589857;0,0549406212961591;FALSE;100;"4";"Combined"
"h_accesspoints300_preg_Log";"hs_asthma";0;0,111336679944147;0,102060627152413;0,0750044369748671;-0,0356693152072965;0,258342675095591;-0,0293210512458422;0,254382641640329;1,48440124924149;0,137702503553382;FALSE;100;"4";"Combined"
"h_builtdens300_preg_Sqrt";"hs_asthma";0;-0,0217833111483973;-0,0221385968840593;0,0669024049675225;-0,152909615363855;0,10934299306706;-0,14179645956953;0,108808131554847;-0,325598327279444;0,744728277929134;FALSE;100;"4";"Combined"
"h_connind300_preg_Sqrt";"hs_asthma";0;0,0514792644680161;0,0503905207488839;0,0660770970665539;-0,0780294659853868;0,180987994921419;-0,0757920062215927;0,166315428886942;0,779078784532035;0,435933306644444;FALSE;100;"4";"Combined"
"h_fdensity300_preg_Log";"hs_asthma";0;-0,0341021317910516;-0,0306627908702522;0,0629866779830448;-0,157553752143641;0,0893494885615381;-0,145705620923251;0,115990173081984;-0,541418167826401;0,58821938756115;FALSE;100;"4";"Combined"
"h_frichness300_preg_None";"hs_asthma";0;0,0404133426319452;0,0340136886602502;0,0721053961888715;-0,100910636989235;0,181737322253125;-0,107182219904034;0,157817437073297;0,560475980550571;0,575154818651209;FALSE;100;"4";"Combined"
"h_landuseshan300_preg_None";"hs_asthma";0;-0,0430067213116024;-0,0416711370949384;0,0703674596050424;-0,180924407821063;0,0949109651978578;-0,175314094015265;0,0641182854781448;-0,611173425230781;0,541084774548451;FALSE;100;"4";"Combined"
"h_popdens_preg_Sqrt";"hs_asthma";0;-0,191812425847607;-0,184082838591647;0,0730430941775598;-0,334974259754991;-0,0486505919402223;-0,338594628853802;-0,0592309108958142;-2,62601725744711;0,00863904372651601;TRUE;100;"4";"Combined"
"h_walkability_mean_preg_None";"hs_asthma";0;0,122257252645775;0,119011909625487;0,0698710950752295;-0,0146875772620485;0,259202082553599;-0,00141385795351873;0,235978492205518;1,74975435141158;0,0801607106426186;FALSE;100;"4";"Combined"
"hs_as_m_Log2";"hs_asthma";0;0,0993689490635992;0,103616891046503;0,0778502741884396;-0,0532147845323107;0,251952682659509;-0,0350006029712555;0,253797091668592;1,27641103515028;0,201810257368609;FALSE;100;"4";"Combined"
"hs_cd_m_Log2";"hs_asthma";0;-0,170123118494746;-0,164853449384896;0,0742425607878055;-0,315635863758871;-0,0246103732306221;-0,333096381757359;-0,0439707566738072;-2,29145003471768;0,0219373985553664;TRUE;100;"4";"Combined"
"hs_co_m_Log2";"hs_asthma";0;0,120421210452515;0,119337666998786;0,0752257506022804;-0,0270185514379472;0,267860972342976;-0,0129991593979219;0,254671313967358;1,60079772535848;0,10942172758257;FALSE;100;"4";"Combined"
"hs_cs_m_Log2";"hs_asthma";0;-0,0134074603817115;-0,0166005108167606;0,0783099494919863;-0,166892141017155;0,140077220253732;-0,155123331469752;0,133244176345071;-0,171210177872525;0,864058504874166;FALSE;100;"4";"Combined"
"hs_cu_m_Log2";"hs_asthma";0;-0,037814619777676;-0,0437169302088199;0,0700279743353468;-0,175066927385251;0,0994376878298988;-0,174126703607315;0,0838153020242535;-0,539993054726831;0,589201822150805;FALSE;100;"4";"Combined"
"hs_hg_m_Log2";"hs_asthma";0;-0,0574912937719846;-0,0547784226925159;0,0661474242356029;-0,187137862943858;0,0721552753998888;-0,18336347090442;0,0547703690270628;-0,869138812831367;0,384771209694185;FALSE;100;"4";"Combined"
"hs_mn_m_Log2";"hs_asthma";0;0,0699271318431132;0,070187384895169;0,0678371793849055;-0,0630312965640845;0,202885560250311;-0,0711675098297303;0,208110559815837;1,03080836315952;0,302630695629782;FALSE;100;"4";"Combined"
"hs_mo_m_Log2";"hs_asthma";0;0,0789447502249919;0,0726560286315806;0,0794487308895266;-0,0767719009358952;0,234661401385879;-0,0654325432116559;0,248675295658351;0,993656529702966;0,320390112813903;FALSE;100;"4";"Combined"
"hs_pb_m_Log2";"hs_asthma";0;0,0160228715093106;0,0122123568289959;0,0835228918497974;-0,147678988400926;0,179724731419548;-0,142636851962882;0,162029979438705;0,191838083601382;0,847869038560811;FALSE;100;"4";"Combined"
"h_humidity_preg_None";"hs_asthma";0;-0,102730696085951;-0,105052316799519;0,0576896932167288;-0,215800417069904;0,0103390248980019;-0,217474151890123;0,020364169347183;-1,78074609792103;0,0749539386851208;FALSE;100;"4";"Combined"
"h_pressure_preg_None";"hs_asthma";0;0,101970762138783;0,0982157453865211;0,0610539813342333;-0,0176928423890954;0,22163436666666;-0,028230110968792;0,215517040407765;1,67017383486516;0,0948849752061247;FALSE;100;"4";"Combined"
"h_temperature_preg_None";"hs_asthma";0;0,0455021651299924;0,0520816985601978;0,0683569604428895;-0,0884750154307002;0,179479345690685;-0,094752656421852;0,1794882415297;0,665655184712438;0,505631524702311;FALSE;100;"4";"Combined"
"h_ndvi100_preg_None";"hs_asthma";0;0,152712216551852;0,14537032658477;0,0699912478349145;0,0155318915624023;0,289892541541301;-0,0110078868460744;0,282959837024379;2,1818758955698;0,0291186932717003;TRUE;100;"4";"Combined"
"hs_dde_madj_Log2";"hs_asthma";0;-0,00151452032996901;-0,00429056374175313;0,059245478724292;-0,117633524876415;0,114604484216477;-0,115411509819524;0,102490140957717;-0,0255634752656327;0,979605519058475;FALSE;100;"4";"Combined"
"hs_ddt_madj_Log2";"hs_asthma";0;-0,0643125507393624;-0,056785214812935;0,0834328116445911;-0,227837856691675;0,0992127552129501;-0,208841645581441;0,112785765806046;-0,770830437949549;0,44080744312361;FALSE;100;"4";"Combined"
"hs_hcb_madj_Log2";"hs_asthma";0;0,0968458534289545;0,100660344498617;0,0629521130334662;-0,0265380208673339;0,220229727725243;-0,0248502854245763;0,191603140494095;1,53840512672656;0,123949589518262;FALSE;100;"4";"Combined"
"hs_pcb118_madj_Log2";"hs_asthma";0;0,173041887072594;0,164892325886405;0,0717199966644572;0,0324732766389247;0,313610497506263;0,029902311002734;0,308196267448638;2,41274254211377;0,015832999173339;TRUE;100;"4";"Combined"
"hs_pcb138_madj_Log2";"hs_asthma";0;0,00399386603787178;0,00532985029670523;0,0527389671330146;-0,0993726101246785;0,107360342200422;-0,112787196999099;0,110731373981898;0,0757289392452212;0,939634751907722;FALSE;100;"4";"Combined"
"hs_pcb153_madj_Log2";"hs_asthma";0;0,0846746574126257;0,075898222948153;0,0474975882439192;-0,00841890489796897;0,17776821972322;-0,026056651439769;0,172766031467077;1,78271488181226;0,0746327275828945;FALSE;100;"4";"Combined"
"hs_pcb170_madj_Log2";"hs_asthma";0;-0,109471868061491;-0,0983559134927585;0,054995956722692;-0,217261962533291;-0,00168177358969097;-0,198150446076081;0,0110962270235531;-1,99054393422928;0,0465310493198743;TRUE;100;"4";"Combined"
"hs_pcb180_madj_Log2";"hs_asthma";0;-0,00424839069349394;-0,00136546823466941;0,0656931333545964;-0,13300456610009;0,124507784713102;-0,116955207971337;0,13671136491986;-0,064670239894969;0,948436558327694;FALSE;100;"4";"Combined"
"hs_sumPCBs5_madj_Log2";"hs_asthma";0;-0,0902120339781274;-0,0808825026782872;0,0609421038348831;-0,209656362636599;0,0292322946803437;-0,210482208477764;0,0419428368237795;-1,48029077273979;0,138795664664587;FALSE;100;"4";"Combined"
"hs_pfhxs_m_Log2";"hs_asthma";0;0,0170765421501326;0,0243559045329897;0,0805491720624591;-0,140796934076807;0,174950018377072;-0,124752596898675;0,180260374660993;0,212001460882691;0,83210589460847;FALSE;100;"4";"Combined"
"hs_pfna_m_Log2";"hs_asthma";0;0,0968582788044425;0,0999788708311969;0,0605323552912886;-0,0217829574658656;0,215499515074751;-0,0134454644835584;0,214411305220889;1,60010755138057;0,109574726074124;FALSE;100;"4";"Combined"
"hs_pfoa_m_Log2";"hs_asthma";0;0,0578174721112271;0,0561842183672319;0,0688707694074402;-0,0771667555149186;0,192801699737373;-0,0800964480186734;0,18833123067952;0,839506696508331;0,401185032984912;FALSE;100;"4";"Combined"
"hs_pfos_m_Log2";"hs_asthma";0;0,0015498371463683;0,00417415373550122;0,0746917097099205;-0,144843223828797;0,147942898121533;-0,141909469384298;0,127772538309389;0,0207497880606481;0,983445252426317;FALSE;100;"4";"Combined"
"hs_pfunda_m_Log2";"hs_asthma";0;-0,0471304246093944;-0,0461907481689902;0,0777377119409979;-0,199493540254299;0,105232691035511;-0,193024896461564;0,0812336218483801;-0,606274913843179;0,5443322139886;FALSE;100;"4";"Combined"
"e3_asmokcigd_p_None";"hs_asthma";0;0,110556265067534;0,104338539361447;0,0759844262200482;-0,0383704737097014;0,259483003844769;-0,0666785431120821;0,216783902044616;1,45498585127651;0,145673178517147;FALSE;100;"4";"Combined"
"h_distinvnear1_preg_Log";"hs_asthma";0;0,055802109554948;0,0563396614961306;0,0621703155702108;-0,0660494698701549;0,177653688980051;-0,0597942041668862;0,16001419509976;0,897568382002645;0,369415701784525;FALSE;100;"4";"Combined"
"h_trafload_preg_pow1over3";"hs_asthma";0;-0,0689891432736996;-0,0718999573437113;0,0671614156156644;-0,200623099031128;0,0626448124837285;-0,197246725800571;0,0447972223285252;-1,02721395374533;0,304319728999695;FALSE;100;"4";"Combined"
"h_trafnear_preg_pow1over3";"hs_asthma";0;-0,0948450892006475;-0,0923923726797348;0,0654631086147836;-0,223150424401657;0,0334602460003621;-0,205213065987719;0,0319018319738515;-1,44883265105483;0,147384323053775;FALSE;100;"4";"Combined"
"h_bro_preg_Log";"hs_asthma";0;0,0525611348509564;0,0397537703794538;0,0633884285495143;-0,0716779021426821;0,176800171844595;-0,0801583619921388;0,160086865982155;0,829191321723642;0,406996154856545;FALSE;100;"4";"Combined"
"h_clf_preg_Log";"hs_asthma";0;-0,0909136946172096;-0,0908756971060691;0,0758449129969684;-0,239566992501842;0,0577396032674223;-0,239331572956333;0,044769901987899;-1,1986788701418;0,230652837214668;FALSE;100;"4";"Combined"
"h_thm_preg_Log";"hs_asthma";0;0,0700536383214166;0,059570460060179;0,0624984471829092;-0,0524410672467642;0,192548343889597;-0,0475492701674747;0,172653066808295;1,1208860616392;0,262336364633466;FALSE;100;"4";"Combined"
"e3_alcpreg_yn_None_1";"hs_asthma";0;-0,184459667739124;-0,193916961130805;0,144525332629569;-0,467724114546751;0,0988047790685033;-0,47768534215653;0,0618139674242811;-1,27631373948752;0,201844635222949;FALSE;100;"4";"Combined"
"h_pamod_t3_None_Often";"hs_asthma";0;-0,222053964005435;-0,219912846611558;0,128245138002719;-0,473409815683134;0,0293018876722635;-0,48347054584099;0,040572699135697;-1,73148056498428;0,0833660883008428;FALSE;100;"4";"Combined"
"h_pamod_t3_None_Sometimes";"hs_asthma";0;-0,0645813006530892;-0,0725792910493314;0,181395191023257;-0,420109342027437;0,290946740721258;-0,485656301058278;0,240297738850229;-0,356025428727099;0,721821521874979;FALSE;100;"4";"Combined"
"h_pamod_t3_None_Very Often";"hs_asthma";0;-0,171271835185864;-0,165108761547099;0,127306029726617;-0,420787068464818;0,0782433980930903;-0,433313853548979;0,0701836674102342;-1,34535524793022;0,178510539942455;FALSE;100;"4";"Combined"
"h_pavig_t3_None_Low";"hs_asthma";0;-0,484523754523645;-0,476598329834512;0,161793901145297;-0,801633973686661;-0,167413535360629;-0,761599410114517;-0,149313401004484;-2,99469727285038;0,00274717345281393;TRUE;100;"4";"Combined"
"h_pavig_t3_None_Medium";"hs_asthma";0;-0,308924896460854;-0,286033455031784;0,15389067283689;-0,610545072777793;-0,00730472014391392;-0,594966901089975;-0,00406672853722465;-2,00743092980227;0,0447037982296247;TRUE;100;"4";"Combined"
"hs_no2_dy_hs_h_Log";"hs_asthma";0;-0,0704011729907394;-0,075462411517787;0,058163169266683;-0,184398889980145;0,0435965439986662;-0,18684213308281;0,0250135536791065;-1,21040813075271;0,22612232349674;FALSE;100;"4";"Combined"
"hs_no2_wk_hs_h_Log";"hs_asthma";0;0,0633109283205112;0,0571724331036386;0,0519651417653668;-0,0385388779911259;0,165160734632148;-0,0470462819264726;0,151222391936986;1,21833456370374;0,223096860541047;FALSE;100;"4";"Combined"
"hs_no2_yr_hs_h_Log";"hs_asthma";0;-0,0710003423707464;-0,0666363167998195;0,0416511484493769;-0,152635093246256;0,0106344085047636;-0,160460897998602;0,00314458131101536;-1,70464308942263;0,0882610098445177;FALSE;100;"4";"Combined"
"hs_pm10_dy_hs_h_None";"hs_asthma";0;-0,0687941978085972;-0,0687527257943595;0,0678546524446989;-0,20178687278369;0,0641984771664953;-0,195877256702313;0,0589017465850109;-1,01384643985413;0,3106560317878;FALSE;100;"4";"Combined"
"hs_pm10_wk_hs_h_None";"hs_asthma";0;0,00899863899686143;0,0107455136904395;0,0583486939219245;-0,105362699635062;0,123359977628785;-0,10759447026419;0,135635462192766;0,154221772451366;0,877434875625062;FALSE;100;"4";"Combined"
"hs_pm10_yr_hs_h_None";"hs_asthma";0;-0,0571678201577974;-0,0541365496567355;0,0418117040060911;-0,139117254141985;0,0247816138263902;-0,13782038604206;0,0222876486206175;-1,36726836460598;0,171541203771518;FALSE;100;"4";"Combined"
"hs_pm25_dy_hs_h_None";"hs_asthma";0;-0,124055774421163;-0,122426662700991;0,0670586171415728;-0,255488248871707;0,00737670002937955;-0,243293948526539;-0,00249040408520852;-1,84996022448926;0,0643192826365216;FALSE;100;"4";"Combined"
"hs_pm25_wk_hs_h_None";"hs_asthma";0;0,0496577455658207;0,0433158657278349;0,0609397742097698;-0,0697820171113309;0,169097508242972;-0,0818983424708289;0,149663581704518;0,814865926396223;0,415149059033185;FALSE;100;"4";"Combined"
"hs_pm25_yr_hs_h_None";"hs_asthma";0;-0,101239161684831;-0,102126639899964;0,0554031017726843;-0,209827245791099;0,00734892242143721;-0,202569003078792;-0,0177021828754551;-1,827319381868;0,0676517627299237;FALSE;100;"4";"Combined"
"hs_pm25abs_dy_hs_h_Log";"hs_asthma";0;0,11425040331645;0,113511738219815;0,0798845198714378;-0,0423203785538419;0,270821185186743;-0,052627914393402;0,235240603181383;1,43019452955741;0,152661195085267;FALSE;100;"4";"Combined"
"hs_pm25abs_wk_hs_h_Log";"hs_asthma";0;-0,0485903075174035;-0,0409802918892101;0,0875563076616665;-0,220197517153578;0,123016902118771;-0,191173950352475;0,144195834984327;-0,554960674051781;0,578921559512303;FALSE;100;"4";"Combined"
"hs_pm25abs_yr_hs_h_Log";"hs_asthma";0;-0,13527663553273;-0,126165137633332;0,0710913164551818;-0,274613055398426;0,00405978433296611;-0,252526304281227;0,0150648357182338;-1,90285737102664;0,057059158721842;FALSE;100;"4";"Combined"
"hs_accesslines300_h_dic0";"hs_asthma";0;0,133523283449247;0,124408722518402;0,191287970336354;-0,241394249085773;0,508440815984268;-0,207254669657671;0,513832803098733;0,698022375450294;0,485163200980957;FALSE;100;"4";"Combined"
"hs_accesspoints300_h_Log";"hs_asthma";0;-0,295880347908202;-0,28068118762338;0,0649756165315078;-0,423230216183243;-0,168530479633162;-0,404132804746247;-0,158224009557955;-4,55371358830778;5,27071046686939e-06;TRUE;100;"4";"Combined"
"hs_builtdens300_h_Sqrt";"hs_asthma";0;-0,0364189661618892;-0,0341363332412202;0,0691649798035633;-0,171979835568313;0,0991419032445351;-0,163410063452043;0,0978338221640187;-0,5265521115646;0,598504654849048;FALSE;100;"4";"Combined"
"hs_connind300_h_Log";"hs_asthma";0;0,0870824475246703;0,0911432696491303;0,0657151905369705;-0,0417169591649793;0,21588185421432;-0,0538549061588518;0,205180039496799;1,32514943368655;0,185121593007775;FALSE;100;"4";"Combined"
"hs_fdensity300_h_Log";"hs_asthma";0;0,047977439305207;0,0409380880701467;0,0803496957218513;-0,109505070478374;0,205459949088788;-0,129247039557657;0,188189498503931;0,597107915271911;0,550435333632711;FALSE;100;"4";"Combined"
"hs_landuseshan300_h_None";"hs_asthma";0;0,123491605446561;0,11904610233336;0,0819477317014568;-0,0371229973030451;0,284106208196168;-0,0494997303653203;0,271424441606032;1,50695574950693;0,131822000011829;FALSE;100;"4";"Combined"
"hs_popdens_h_Sqrt";"hs_asthma";0;0,0351963577277868;0,0298846585561228;0,0813151584462208;-0,124178424223974;0,194571139679547;-0,125262734468647;0,195362878609092;0,432838826122002;0,66513186450185;FALSE;100;"4";"Combined"
"hs_walkability_mean_h_None";"hs_asthma";0;0,149645505644168;0,149894933813983;0,084876775192968;-0,0167099168579517;0,316000928146288;-0,0315404251575667;0,287826483437011;1,76309132037531;0,0778850888932382;FALSE;100;"4";"Combined"
"hs_accesslines300_s_dic0";"hs_asthma";0;-0,184629341515442;-0,169034725085823;0,168958468607032;-0,515781854868265;0,146523171837381;-0,503462324520193;0,146224729844989;-1,09274985170976;0,274503645238972;FALSE;100;"4";"Combined"
"hs_accesspoints300_s_Log";"hs_asthma";0;-0,0238578996289296;-0,0244667939418755;0,0693805580553456;-0,159841294644697;0,112125495386838;-0,14076891617496;0,129994300632614;-0,343870102772853;0,730943976811205;FALSE;100;"4";"Combined"
"hs_builtdens300_s_Sqrt";"hs_asthma";0;-0,0046071464980717;-0,00370693607639377;0,0726695675323383;-0,147036881633556;0,137822588637413;-0,135793503955677;0,119234333671688;-0,0633985677157292;0,949449127755979;FALSE;100;"4";"Combined"
"hs_connind300_s_Log";"hs_asthma";0;0,075921761179333;0,0747992860974721;0,0738765522620352;-0,0688736205562469;0,220717142914913;-0,0522979606996648;0,201370731984031;1,02768414137741;0,30409843000431;FALSE;100;"4";"Combined"
"hs_fdensity300_s_Log";"hs_asthma";0;-0,0988315566677727;-0,0981293026224185;0,0713625659159467;-0,238699615707394;0,0410365023718485;-0,229444333903178;0,0180407551570492;-1,38492156776117;0,166076451330682;FALSE;100;"4";"Combined"
"hs_landuseshan300_s_None";"hs_asthma";0;-0,079135738251535;-0,0858197282438097;0,0740167575586779;-0,224205917318976;0,0659344408159064;-0,21762482301342;0,0537923873247192;-1,06915975330045;0,284997690472231;FALSE;100;"4";"Combined"
"hs_popdens_s_Sqrt";"hs_asthma";0;0,0404346151944686;0,0435496652631785;0,0707570739840963;-0,0982467014657961;0,179115931854733;-0,0879230697471847;0,191052392532629;0,5714568582013;0,567689996523187;FALSE;100;"4";"Combined"
"h_Absorbance_Log";"hs_asthma";0;0,14782903767678;0,139532267769656;0,07804915706551;-0,00514449919532936;0,30080257454889;-0,0153320957546455;0,289447878293787;1,89405040662644;0,0582183195239612;FALSE;100;"4";"Combined"
"h_Benzene_Log";"hs_asthma";0;0,192889711615396;0,190821314763862;0,0675578757944135;0,0604787081863158;0,325300715044477;0,0553151587745346;0,305357459928629;2,85517727351852;0,00430128128891378;TRUE;100;"4";"Combined"
"h_NO2_Log";"hs_asthma";0;-0,0202730273055455;-0,0176544566259425;0,070358599360885;-0,158173348055563;0,117627293444472;-0,138149302989499;0,121670319882515;-0,288138585612834;0,773240657453625;FALSE;100;"4";"Combined"
"h_PM_Log";"hs_asthma";0;0,00843708229163213;0,0154538677328729;0,0789668104910372;-0,1463350222448;0,163209186828065;-0,126951716992728;0,166120251773537;0,106843397107824;0,914913218587215;FALSE;100;"4";"Combined"
"h_TEX_Log";"hs_asthma";0;-0,074714488432881;-0,0652313485952373;0,0830826256733297;-0,23755344249363;0,088124465627868;-0,214561322367036;0,0973941169998647;-0,89927933581022;0,368503891283145;FALSE;100;"4";"Combined"
"hs_KIDMED_None";"hs_asthma";0;-0,1862600073226;-0,187233222856786;0,0729633884556901;-0,329265620885758;-0,0432543937594418;-0,297513184945715;-0,0393080364498613;-2,55278724391636;0,0106864751531727;TRUE;100;"4";"Combined"
"hs_mvpa_prd_alt_None";"hs_asthma";0;-0,037924872680523;-0,0343876919664174;0,0766979653613782;-0,188250122476325;0,112400377115279;-0,179730682307083;0,10446135498141;-0,494470387862732;0,620974014422925;FALSE;100;"4";"Combined"
"hs_sd_wk_None";"hs_asthma";0;-0,100196776780133;-0,102545130652901;0,0650196220119763;-0,227632894212015;0,0272393406517479;-0,222255668302556;0,0115736290256379;-1,54102367377155;0,123311024371161;FALSE;100;"4";"Combined"
"hs_dif_hours_total_None";"hs_asthma";0;-0,217805156561036;-0,220859166228599;0,0805959299243573;-0,37577027651329;-0,0598400366087818;-0,376465844485604;-0,0741004676572512;-2,70243369318346;0,00688339122420683;TRUE;100;"4";"Combined"
"hs_as_c_Log2";"hs_asthma";0;-0,0798885604193062;-0,0736713169447864;0,0683277678428918;-0,213808524535388;0,0540314036967758;-0,220249241045987;0,0469658094396433;-1,1691961107671;0,242324627793141;FALSE;100;"4";"Combined"
"hs_cd_c_Log2";"hs_asthma";0;0,0493686100111482;0,0459313516780794;0,0877284905808196;-0,122576071945319;0,221313291967616;-0,102931709888847;0,225387485192532;0,562743182793821;0,573609774604702;FALSE;100;"4";"Combined"
"hs_co_c_Log2";"hs_asthma";0;-0,148343991687425;-0,144748823585327;0,0844362031903043;-0,313835908931727;0,0171479255568777;-0,320097206993341;0,022460451960409;-1,75687662498376;0,0789388406977029;FALSE;100;"4";"Combined"
"hs_cs_c_Log2";"hs_asthma";0;-0,100745643532304;-0,0928242221632094;0,0685019175678321;-0,235006934837187;0,0335156477725785;-0,221052014057508;0,0606755983769136;-1,4706981513699;0,141372766382256;FALSE;100;"4";"Combined"
"hs_cu_c_Log2";"hs_asthma";0;-0,0397913348415572;-0,0395228083895829;0,0778974712821633;-0,19246757304134;0,112884903358226;-0,183165290389177;0,126149736769527;-0,510816772182802;0,609479363697162;FALSE;100;"4";"Combined"
"hs_hg_c_Log2";"hs_asthma";0;0,0450847024532594;0,0488739641108812;0,071525373745481;-0,0951024540686502;0,185271858975169;-0,07715347352439;0,203944219277196;0,630331588530956;0,528477659807407;FALSE;100;"4";"Combined"
"hs_mn_c_Log2";"hs_asthma";0;0,198905880229671;0,195864094510483;0,0627180175406533;0,075980824668239;0,321830935791102;0,0888543275070246;0,325850875809354;3,17143124144097;0,00151689773312769;TRUE;100;"4";"Combined"
"hs_mo_c_Log2";"hs_asthma";0;0,0511328142160919;0,0585256685543702;0,0730294017894672;-0,0920021831037688;0,194267811535953;-0,0735116884308593;0,20328486860813;0,700167507376003;0,483822700905358;FALSE;100;"4";"Combined"
"hs_pb_c_Log2";"hs_asthma";0;0,00282627022871276;0,00311492794072664;0,0684179448941948;-0,131270437660155;0,136922978117581;-0,133972435351739;0,128407847190241;0,0413089027021122;0,967049635799981;FALSE;100;"4";"Combined"
"hs_hum_mt_hs_h_None";"hs_asthma";0;-0,00939024434797236;-0,00284467061713134;0,0613068240101652;-0,129549411414432;0,110768922718487;-0,100625773583221;0,104952660799746;-0,153168011874426;0,878265782802627;FALSE;100;"4";"Combined"
"hs_tm_mt_hs_h_None";"hs_asthma";0;-0,0413668486324603;-0,0410057587888379;0,0581766972006975;-0,15539107988532;0,0726573826203989;-0,148471970770245;0,0827856503489541;-0,71105529572697;0,477049970814603;FALSE;100;"4";"Combined"
"hs_uvdvf_mt_hs_h_None";"hs_asthma";0;0,0539821107919441;0,0494351964839287;0,064410901596481;-0,0722609365489121;0,1802251581328;-0,0694268294614989;0,200637256841168;0,838089662680539;0,401980348206922;FALSE;100;"4";"Combined"
"hs_hum_dy_hs_h_None";"hs_asthma";0;0,0552121772969507;0,0663157792992169;0,086030788800558;-0,113405070313715;0,223829424907616;-0,0977073394419771;0,222743773663849;0,641772301134505;0,521021036766405;FALSE;100;"4";"Combined"
"hs_hum_wk_hs_h_None";"hs_asthma";0;0,228412025943171;0,223296819915203;0,061359261728843;0,108150082836672;0,34867396904967;0,0944252848609322;0,337512174651795;3,72253543324172;0,00019723221958699;TRUE;100;"4";"Combined"
"hs_tm_dy_hs_h_None";"hs_asthma";0;0,00691615717824781;0,00862263726026368;0,0657019092689211;-0,121857218704356;0,135689533060852;-0,140717921810525;0,139396263518182;0,105265695551398;0,916164982689481;FALSE;100;"4";"Combined"
"hs_tm_wk_hs_h_None";"hs_asthma";0;0,0652319280857415;0,0556887282879188;0,0541697392156554;-0,0409388098288701;0,171402666000353;-0,0502279785584921;0,155849309871847;1,20421344149445;0,2285070920229;FALSE;100;"4";"Combined"
"hs_uvdvf_dy_hs_h_None";"hs_asthma";0;-0,114141986905072;-0,104472311331973;0,052580821551058;-0,217198503422673;-0,0110854703874707;-0,206213130860721;-0,00269643786661711;-2,17079124171226;0,0299469562995255;TRUE;100;"4";"Combined"
"hs_uvdvf_wk_hs_h_None";"hs_asthma";0;0,0678207569889626;0,0627667733367056;0,0621076008828652;-0,0539079039076412;0,189549417885566;-0,0358845218028129;0,186918198537766;1,09198803407126;0,274838360735139;FALSE;100;"4";"Combined"
"hs_ndvi100_h_None";"hs_asthma";0;-0,148181065148983;-0,133688467109614;0,0649569691444749;-0,275494385217034;-0,0208677450809329;-0,257030332084868;-0,017221952839735;-2,28121889153117;0,0225354974089078;TRUE;100;"4";"Combined"
"hs_ndvi100_s_None";"hs_asthma";0;-0,0694439450712663;-0,063688446471223;0,074219470840599;-0,214911434870461;0,0760235447279285;-0,207254596126645;0,087504475892337;-0,935656698771282;0,349449971877255;FALSE;100;"4";"Combined"
"hs_dde_cadj_Log2";"hs_asthma";0;0,0560982563801977;0,0529038578401347;0,104112870573035;-0,147959220270031;0,260155733030426;-0,106547624972349;0,245894835564537;0,538821531588113;0,590010005137825;FALSE;100;"4";"Combined"
"hs_ddt_cadj_Log2";"hs_asthma";0;0,0515537415290914;0,0607063154075664;0,0721914180012344;-0,0899388377462046;0,193046320804387;-0,0733450239212186;0,234981893815584;0,714125625406193;0,475149501591945;FALSE;100;"4";"Combined"
"hs_hcb_cadj_Log2";"hs_asthma";0;0,00556271381438267;-0,00614962548667023;0,0620253523441312;-0,116004742908522;0,127130170537287;-0,146074643075207;0,0866965832394921;0,0896845177681447;0,928537919388756;FALSE;100;"4";"Combined"
"hs_pcb118_cadj_Log2";"hs_asthma";0;0,0255680054917031;0,0371006361542487;0,0696748016096456;-0,110992096293176;0,162128107276582;-0,12640311165498;0,158208512575957;0,366962013540395;0,713647353092103;FALSE;100;"4";"Combined"
"hs_pcb138_cadj_Log2";"hs_asthma";0;0,0487410611612644;0,0607478610671255;0,0967407998177868;-0,140867422317197;0,238349544639726;-0,0947822600515173;0,223590482722577;0,503831488400646;0,61437979817533;FALSE;100;"4";"Combined"
"hs_pcb153_cadj_Log2";"hs_asthma";0;-0,0477285949063205;-0,0450935398035877;0,0600739263256402;-0,165471326914488;0,0700141371018469;-0,14478273648695;0,0799062821895405;-0,794497676872327;0,426905760854428;FALSE;100;"4";"Combined"
"hs_pcb170_cadj_Log2";"hs_asthma";0;0,105512107516847;0,0988515388554632;0,071473584919607;-0,0345735447715479;0,245597759805242;-0,0337803404734526;0,253832090694666;1,47623919571862;0,139879690752981;FALSE;100;"4";"Combined"
"hs_pcb180_cadj_Log2";"hs_asthma";0;-0,0396123813937963;-0,0305979335581497;0,0645491704528322;-0,166126430713284;0,0869016679256918;-0,148872509379293;0,0915292189784469;-0,61367762150781;0,53942837912657;FALSE;100;"4";"Combined"
"hs_sumPCBs5_cadj_Log2";"hs_asthma";0;0,00381744633815589;0,00405052605695607;0,0695312489139001;-0,132461297333178;0,14009619000949;-0,11576402101811;0,149578493598301;0,0549025998782648;0,956216060601767;FALSE;100;"4";"Combined"
"hs_pfhxs_c_Log2";"hs_asthma";0;-0,0637815782784216;-0,0568585030449828;0,0742144199749652;-0,209239168562883;0,0816760120060401;-0,178952323790506;0,0845144079134071;-0,859422984103859;0,390107193637837;FALSE;100;"4";"Combined"
"hs_pfna_c_Log2";"hs_asthma";0;0,0268808227911965;0,0240719481194962;0,0702904983729814;-0,110886022475218;0,164647668057611;-0,102081211230031;0,155833979231796;0,382424700541447;0,702146371824537;FALSE;100;"4";"Combined"
"hs_pfoa_c_Log2";"hs_asthma";0;-0,0507926226981186;-0,0559132867040662;0,0707093872806335;-0,189380475137055;0,0877952297408177;-0,197911503884707;0,0660230043972954;-0,718329272130888;0,472554285395255;FALSE;100;"4";"Combined"
"hs_pfos_c_Log2";"hs_asthma";0;0,0270438172931057;0,0317065222000728;0,0700097461399122;-0,110172763707914;0,164260398294126;-0,0815186759537152;0,15737357047501;0,386286464159712;0,699284524065016;FALSE;100;"4";"Combined"
"hs_pfunda_c_Log2";"hs_asthma";0;0,0757172518486601;0,0738774841484997;0,0749798934106704;-0,071240638800906;0,222675142498226;-0,067144825868347;0,216217064584237;1,0098340822379;0,312574788267079;FALSE;100;"4";"Combined"
"hs_hm_pers_None";"hs_asthma";0;-0,13478981091037;-0,13276839933072;0,0769982953781782;-0,285703696722576;0,0161240749018366;-0,258279581674218;0,049244727976798;-1,75055577851883;0,0800224581943351;FALSE;100;"4";"Combined"
"hs_trafload_h_pow1over3";"hs_asthma";0;-0,00492276541601899;-0,00383247386681523;0,0659041823129651;-0,134092589179992;0,124247058347954;-0,141793611835826;0,119408490162369;-0,0746957968864831;0,940456751931167;FALSE;100;"4";"Combined"
"hs_trafnear_h_pow1over3";"hs_asthma";0;-0,034111377300111;-0,0331800635808291;0,0752081744409313;-0,181516690547342;0,11329393594712;-0,179809706323311;0,0983460185077528;-0,453559437570209;0,650145953940212;FALSE;100;"4";"Combined"
"FAS_cat_None_Low";"hs_asthma";0;-0,168584568354497;-0,175264065227165;0,248206611042631;-0,655060586722795;0,317891450013802;-0,754626799711332;0,259262837448662;-0,679210628783539;0,497004413681021;FALSE;100;"4";"Combined"
"FAS_cat_None_Middle";"hs_asthma";0;-0,11087793605163;-0,113193447978698;0,151251277242079;-0,407324992061788;0,185569119958528;-0,381992400997708;0,177976225165679;-0,733071072677086;0,46351508223979;FALSE;100;"4";"Combined"
"hs_globalexp2_None_no exposure";"hs_asthma";0;0,0340402322258629;0,0209322424795609;0,141020234419702;-0,242354348328148;0,310434812779874;-0,261715398485339;0,290936338414021;0,241385446322214;0,809256391464065;FALSE;100;"4";"Combined"
"h_abs_ratio_preg_Log";"hs_zbmi_who";0;-0,00482226016234093;-0,00413960989941729;0,00539998636561152;-0,0154060389559468;0,00576151863126498;-0,0141198134681476;0,00569728670117023;-0,893013395931943;0,371849998911246;FALSE;100;"4";"Combined"
"h_no2_ratio_preg_Log";"hs_zbmi_who";0;-0,00628235979805004;-0,00630344985420711;0,00641567870764546;-0,0188568590014156;0,00629213940531554;-0,0178545593003711;0,0072781391555431;-0,979219827601942;0,327471373778834;FALSE;100;"4";"Combined"
"h_pm10_ratio_preg_None";"hs_zbmi_who";0;-0,00418631684370288;-0,00442399912566936;0,00553320402504471;-0,0150311974519026;0,00665856376449682;-0,0143893486564422;0,00551950885578974;-0,756580965522784;0,449300948562147;FALSE;100;"4";"Combined"
"h_pm25_ratio_preg_None";"hs_zbmi_who";0;-0,00186170384830794;-0,00138897190551365;0,00476404159465763;-0,0111990537946877;0,00747564609807178;-0,0110444917800612;0,00725620793168738;-0,39078245042941;0,695958048087262;FALSE;100;"4";"Combined"
"h_accesslines300_preg_dic0";"hs_zbmi_who";0;0,0108309855591636;0,00926260796996134;0,0122746850519322;-0,0132269550641957;0,0348889261825228;-0,0113426597263407;0,0322764470392412;0,882383988944681;0,377569191097106;FALSE;100;"4";"Combined"
"h_accesspoints300_preg_Log";"hs_zbmi_who";0;0,00425378709424389;0,00428091839133378;0,00480702403736376;-0,0051678068918074;0,0136753810802952;-0,00513336438566569;0,0119921621415461;0,884910718394645;0,376204786657866;FALSE;100;"4";"Combined"
"h_builtdens300_preg_Sqrt";"hs_zbmi_who";0;-0,00210630960657604;-0,00210014470201797;0,00489411304772076;-0,0116985949163763;0,00748597570322421;-0,0115877650494496;0,00738560474510678;-0,43037616541305;0,666922030372961;FALSE;100;"4";"Combined"
"h_connind300_preg_Sqrt";"hs_zbmi_who";0;-0,00145177371007684;-0,000963417200723572;0,0041171189326037;-0,00952117853804807;0,00661763111789439;-0,00911745933758664;0,0073225351701362;-0,352618841923696;0,724374210047832;FALSE;100;"4";"Combined"
"h_fdensity300_preg_Log";"hs_zbmi_who";0;-0,00233780806885609;-0,00227625957805131;0,00522491507569938;-0,0125784534395072;0,00790283730179506;-0,0108953987270396;0,00737522246993743;-0,447434653958116;0,65456125947109;FALSE;100;"4";"Combined"
"h_frichness300_preg_None";"hs_zbmi_who";0;0,0019571114237906;0,00259519742202175;0,0043860758288336;-0,00663943923418492;0,0105536620817661;-0,00564754318449356;0,0114590562738998;0,446210120428095;0,655445473133632;FALSE;100;"4";"Combined"
"h_landuseshan300_preg_None";"hs_zbmi_who";0;0,0101140781358093;0,00927958312782705;0,00441826191737383;0,00145444390349173;0,0187737123681269;0,0019856974177446;0,0171848379448895;2,2891531387123;0,022070456250095;TRUE;100;"4";"Combined"
"h_popdens_preg_Sqrt";"hs_zbmi_who";0;0,0114064369591094;0,0105919929031482;0,00471782178629944;0,00215967617248413;0,0206531977457348;0,00233082700043025;0,0186005561433666;2,41773374997626;0,0156174995354035;TRUE;100;"4";"Combined"
"h_walkability_mean_preg_None";"hs_zbmi_who";0;-0,0135686578324367;-0,0127611744264639;0,00454507584835233;-0,0224768428022101;-0,00466047286266326;-0,021222137777639;-0,00359365077036334;-2,98535344296961;0,00283250832680775;TRUE;100;"4";"Combined"
"hs_as_m_Log2";"hs_zbmi_who";0;0,00498671933081132;0,0050059786634614;0,00405294107107223;-0,00295689919995343;0,0129303378615761;-0,00249840506998562;0,0120963056641638;1,23039522247286;0,21854914153243;FALSE;100;"4";"Combined"
"hs_cd_m_Log2";"hs_zbmi_who";0;0,00181848070425022;0,00110742106750111;0,00340305061124327;-0,00485137593135361;0,00848833733985404;-0,00590550489994135;0,00750904422606806;0,534367810529228;0,593087085084773;FALSE;100;"4";"Combined"
"hs_co_m_Log2";"hs_zbmi_who";0;0,00469831491797116;0,00547445233327507;0,00430669991639445;-0,00374266181038363;0,0131392916463259;-0,00162860334980084;0,0124762037053086;1,09093157386841;0,275302992678212;FALSE;100;"4";"Combined"
"hs_cs_m_Log2";"hs_zbmi_who";0;-0,00616172833888354;-0,00598981647118308;0,00350614501193713;-0,0130336462868551;0,000710189609087997;-0,0119221579122499;0,00083597544738578;-1,75740829826066;0,07884823990013;FALSE;100;"4";"Combined"
"hs_cu_m_Log2";"hs_zbmi_who";0;-0,00879528977860488;-0,00839014936248293;0,00381227748049007;-0,0162672163394385;-0,00132336321777126;-0,0156743501412019;-0,00138108446248679;-2,30709590884089;0,021049473984542;TRUE;100;"4";"Combined"
"hs_hg_m_Log2";"hs_zbmi_who";0;0,000400096253449381;0,000162852549485077;0,00384947784790337;-0,00714474168772597;0,00794493419462474;-0,00725655960175494;0,00693374459580454;0,103935200891543;0,917220772101868;FALSE;100;"4";"Combined"
"hs_mn_m_Log2";"hs_zbmi_who";0;-0,00529668272429929;-0,00462308222674037;0,00407243882839348;-0,013278516157193;0,00268515070859443;-0,0116934839515258;0,00387889524539293;-1,30061689014706;0,193389622749445;FALSE;100;"4";"Combined"
"hs_mo_m_Log2";"hs_zbmi_who";0;-0,00315636170451661;-0,00291677656121629;0,00371728152450828;-0,010442099612949;0,00412937620391577;-0,00996184833603839;0,00457649975745251;-0,849104832040971;0,395822961896191;FALSE;100;"4";"Combined"
"hs_pb_m_Log2";"hs_zbmi_who";0;-0,00154946866682529;-0,0013573749038304;0,00440511062441757;-0,0101833268385985;0,0070843895049479;-0,0106658302634996;0,00721344608115989;-0,351743417801262;0,725030696019759;FALSE;100;"4";"Combined"
"h_humidity_preg_None";"hs_zbmi_who";0;0,0269061501962666;0,0265347753797749;0,00530240386328867;0,0165136295927348;0,0372986707997984;0,0173533395207905;0,0357888390139459;5,07433060362528;3,88862466123504e-07;TRUE;100;"4";"Combined"
"h_pressure_preg_None";"hs_zbmi_who";0;-0,0203204987448755;-0,0198338289118127;0,00588197530570499;-0,0318489585020112;-0,00879203898773974;-0,0312115454989102;-0,0081026668674669;-3,45470657198551;0,000550892019595069;TRUE;100;"4";"Combined"
"h_temperature_preg_None";"hs_zbmi_who";0;0,00164966449776184;0,00178379375674082;0,0052782505565625;-0,00869551649447915;0,0119948454900028;-0,0078974594702208;0,0113012619683677;0,312540013037235;0,754630158894797;FALSE;100;"4";"Combined"
"h_ndvi100_preg_None";"hs_zbmi_who";0;0,000585880073322145;0,0014267680471962;0,00541125225902321;-0,0100199794656244;0,0111917396122686;-0,00871870617254424;0,00938760004081713;0,108270700621135;0,913780963481005;FALSE;100;"4";"Combined"
"hs_dde_madj_Log2";"hs_zbmi_who";0;0,00908189461982118;0,00827861360704284;0,0040426038416226;0,00115853668647762;0,0170052525531647;0,00129730207281474;0,0161968617319464;2,24654578475242;0,0246690703479874;TRUE;100;"4";"Combined"
"hs_ddt_madj_Log2";"hs_zbmi_who";0;-0,00403970261452749;-0,0038711515237844;0,00394030714321117;-0,0117625627032473;0,00368315747419231;-0,0116198552452826;0,00405825146842927;-1,02522531054148;0,305256888195688;FALSE;100;"4";"Combined"
"hs_hcb_madj_Log2";"hs_zbmi_who";0;-0,00404987110799735;-0,00309195758236522;0,00402409242716815;-0,0119369473357073;0,0038372051197126;-0,011204537728196;0,00426682248566206;-1,00640608566919;0,314220267392196;FALSE;100;"4";"Combined"
"hs_pcb118_madj_Log2";"hs_zbmi_who";0;0,000453747703559945;2,6293668943252e-05;0,00601737533921306;-0,0113400912427571;0,012247586649877;-0,00991003231345446;0,0101043127697879;0,0754062490672695;0,939891487331179;FALSE;100;"4";"Combined"
"hs_pcb138_madj_Log2";"hs_zbmi_who";0;-0,00687422409748775;-0,00502199285133195;0,00647642382000052;-0,0195677815333061;0,00581933333833058;-0,0161671619473456;0,00814137041927879;-1,0614228297195;0,288497786323583;FALSE;100;"4";"Combined"
"hs_pcb153_madj_Log2";"hs_zbmi_who";0;-0,00371674210188478;-0,00398003568246996;0,00501901580253246;-0,0135538323126858;0,00612034810891623;-0,0133460487003265;0,00542843232383479;-0,7405320580998;0,45897721643989;FALSE;100;"4";"Combined"
"hs_pcb170_madj_Log2";"hs_zbmi_who";0;-0,00638569784889066;-0,00597806690166154;0,00550397841057753;-0,0171732973053086;0,0044019016075273;-0,0158720385412493;0,00595370178903353;-1,1601967472508;0,245968711021499;FALSE;100;"4";"Combined"
"hs_pcb180_madj_Log2";"hs_zbmi_who";0;0,00400982151518968;0,00282869929689775;0,0048489263135648;-0,0054938994230859;0,0135135424534653;-0,00708825899903301;0,0128968154215703;0,826950391877942;0,408265179742308;FALSE;100;"4";"Combined"
"hs_sumPCBs5_madj_Log2";"hs_zbmi_who";0;0,000389536187443274;-0,000312443482073586;0,00559613603416567;-0,0105786888921082;0,0113577612669948;-0,0113304518555492;0,012176114487805;0,0696080626105347;0,94450561947406;FALSE;100;"4";"Combined"
"hs_pfhxs_m_Log2";"hs_zbmi_who";0;-0,000292142899604574;0,000500435505012881;0,00415046380705127;-0,00842690248056205;0,00784261668135291;-0,00806685628099349;0,00786494479755169;-0,0703880128067252;0,943884831978566;FALSE;100;"4";"Combined"
"hs_pfna_m_Log2";"hs_zbmi_who";0;0,00159500554285954;0,00205988950946952;0,0049904789828721;-0,00818615352917385;0,0113761646148929;-0,00757894858153511;0,0107337896206397;0,319609710477449;0,749264212308361;FALSE;100;"4";"Combined"
"hs_pfoa_m_Log2";"hs_zbmi_who";0;-0,00199324800115189;-0,00205535508763636;0,0047263535827068;-0,0112567308014591;0,00727023479915528;-0,0110867388898316;0,00717245619321858;-0,42173061457885;0,673221655871264;FALSE;100;"4";"Combined"
"hs_pfos_m_Log2";"hs_zbmi_who";0;-0,00764703267471428;-0,00810688536812096;0,00547680325385567;-0,0183813698026832;0,00308730445325462;-0,0211440885564516;0,0013255019355775;-1,39625842307385;0,162636689167016;FALSE;100;"4";"Combined"
"hs_pfunda_m_Log2";"hs_zbmi_who";0;-0,00174360078624488;-0,00215955995163313;0,00395481386758636;-0,00949489353227371;0,00600769195978395;-0,00888907007524165;0,00549774024692384;-0,440880619069186;0,659299425187562;FALSE;100;"4";"Combined"
"e3_asmokcigd_p_None";"hs_zbmi_who";0;-0,00847713928884572;-0,00807333266596962;0,00436446035025008;-0,0170313243872889;7,70458095975118e-05;-0,0170313340624855;-0,00106122963547491;-1,94231098659425;0,0520994637890746;FALSE;100;"4";"Combined"
"h_distinvnear1_preg_Log";"hs_zbmi_who";0;0,00212325461988206;0,00160625997130521;0,00381599114952617;-0,00535595059851284;0,00960245983827696;-0,00461208897325416;0,00977379970469322;0,556409733850065;0,5779307861878;FALSE;100;"4";"Combined"
"h_trafload_preg_pow1over3";"hs_zbmi_who";0;0,00544869947186004;0,00560032622239693;0,00401583403352408;-0,00242219060173737;0,0133195895454575;-0,00173337100652382;0,013202785099168;1,3568039481648;0,174843512685878;FALSE;100;"4";"Combined"
"h_trafnear_preg_pow1over3";"hs_zbmi_who";0;-0,00113346944487371;-0,00104743188387847;0,00542774300506607;-0,0117716502521424;0,00950471136239498;-0,0119678411964238;0,00857316553831329;-0,208828871193011;0,834581832243393;FALSE;100;"4";"Combined"
"h_bro_preg_Log";"hs_zbmi_who";0;-0,00133556972696671;-0,00026887449989829;0,00542634234714034;-0,0119710052951463;0,0092998658412129;-0,00945348392345727;0,0104037190119747;-0,246127067097149;0,805583870921075;FALSE;100;"4";"Combined"
"h_clf_preg_Log";"hs_zbmi_who";0;0,000832261123585627;0,000332486810267842;0,0048526050844281;-0,00867867007308938;0,0103431923202606;-0,00889977926148728;0,0103783576916079;0,171508109377443;0,863824254556661;FALSE;100;"4";"Combined"
"h_thm_preg_Log";"hs_zbmi_who";0;-1,28354108637532e-05;0,00100889899414851;0,00612847225208023;-0,0120244203051941;0,0119987494834666;-0,00925373200128346;0,0140570147811516;-0,00209438997776262;0,998328919794133;FALSE;100;"4";"Combined"
"e3_alcpreg_yn_None_1";"hs_zbmi_who";0;0,00709283346305856;0,00726119902394784;0,00790628059445109;-0,00840319175373349;0,0225888586798506;-0,0106218648043268;0,0215918712610759;0,897113804440051;0,369658193289981;FALSE;100;"4";"Combined"
"h_pamod_t3_None_Often";"hs_zbmi_who";0;0,0631289985185709;0,0613463155600946;0,00973888140491773;0,0440411417152253;0,0822168553219165;0,0417489308021187;0,0774575787842789;6,48216113266287;9,04179977469998e-11;TRUE;100;"4";"Combined"
"h_pamod_t3_None_Sometimes";"hs_zbmi_who";0;0,055657097272205;0,0540571470090659;0,0119213682619939;0,0322916448322581;0,0790225497121519;0,0319217546659452;0,0758755076596168;4,66868366525036;3,03135708841355e-06;TRUE;100;"4";"Combined"
"h_pamod_t3_None_Very Often";"hs_zbmi_who";0;0,0682702159535193;0,0657428818087981;0,0101924994927765;0,0482932840352346;0,0882471478718039;0,0469887437998731;0,0854777454410107;6,69808382153005;2,11170136407948e-11;TRUE;100;"4";"Combined"
"h_pavig_t3_None_Low";"hs_zbmi_who";0;0,0697923776863264;0,0693193328821655;0,0117261200753457;0,0468096046602567;0,0927751507123961;0,0474548901406852;0,0935478004075358;5,95187301834522;2,6509102025298e-09;TRUE;100;"4";"Combined"
"h_pavig_t3_None_Medium";"hs_zbmi_who";0;0,071196883718632;0,0697159859979712;0,011109965141667;0,0494217521714693;0,0929720152657947;0,0526448439181207;0,0908934270264107;6,40838047741609;1,47073509431195e-10;TRUE;100;"4";"Combined"
"hs_no2_dy_hs_h_Log";"hs_zbmi_who";0;0,00365382296509375;0,00401893912330521;0,00426190694699661;-0,00469936115648066;0,0120070070866682;-0,00367599876264898;0,0119912341867308;0,857321150023845;0,391267422906685;FALSE;100;"4";"Combined"
"hs_no2_wk_hs_h_Log";"hs_zbmi_who";0;0,00554251004938274;0,00618299471604988;0,00551464789712271;-0,00526600121639732;0,0163510213151628;-0,00444950028328894;0,0187263033102437;1,00505239006729;0,314871623567271;FALSE;100;"4";"Combined"
"hs_no2_yr_hs_h_Log";"hs_zbmi_who";0;0,0185012161601262;0,0179708735649216;0,00490406468729896;0,00888942599516553;0,0281130063250868;0,00665630227443779;0,0263907352387906;3,77262889864452;0,000161536464602245;TRUE;100;"4";"Combined"
"hs_pm10_dy_hs_h_None";"hs_zbmi_who";0;0,00437949098715555;0,00355131858370491;0,00475455313728406;-0,00493926192450313;0,0136982438988142;-0,00629824760900902;0,0122891851260396;0,921115162813648;0,356990304651423;FALSE;100;"4";"Combined"
"hs_pm10_wk_hs_h_None";"hs_zbmi_who";0;-0,00984803042192598;-0,00815828261644715;0,00549063642491958;-0,0206094800669721;0,000913419223120144;-0,0173889356544608;0,00266467024434534;-1,7936045404919;0,0728763113130367;FALSE;100;"4";"Combined"
"hs_pm10_yr_hs_h_None";"hs_zbmi_who";0;0,00412417741987242;0,00433538689070154;0,00496086593472709;-0,0055989411443243;0,0138472959840691;-0,00414670570588621;0,0126127128873334;0,831342244305036;0,405780316335289;FALSE;100;"4";"Combined"
"hs_pm25_dy_hs_h_None";"hs_zbmi_who";0;0,0110384690662457;0,0100195265616379;0,00497799544737469;0,00128177727418695;0,0207951608583044;0,00142451855846378;0,0219187031126333;2,21745262384022;0,0265921770774689;TRUE;100;"4";"Combined"
"hs_pm25_wk_hs_h_None";"hs_zbmi_who";0;-0,00578037170812018;-0,00624935207830471;0,00615322838549925;-0,0178404777323483;0,0062797343161079;-0,0189673038118406;0,00383188213782002;-0,93940470692462;0,347522997279871;FALSE;100;"4";"Combined"
"hs_pm25_yr_hs_h_None";"hs_zbmi_who";0;0,0117797156187466;0,0121818174895341;0,00525505663219225;0,00147999388293148;0,0220794373545618;0,00384898262938817;0,0223988674248405;2,24159632202336;0,0249874739066357;TRUE;100;"4";"Combined"
"hs_pm25abs_dy_hs_h_Log";"hs_zbmi_who";0;-0,00381453392204344;-0,00328347371676243;0,00467112572145084;-0,0129697721033457;0,00534070425925888;-0,0123199588145816;0,00431516281304873;-0,816619836311889;0,414145715542653;FALSE;100;"4";"Combined"
"hs_pm25abs_wk_hs_h_Log";"hs_zbmi_who";0;-0,00161907974944266;-0,00209842804159972;0,00443904192258568;-0,010319442043574;0,00708128254468872;-0,011165092579689;0,00633390888702991;-0,364736305193435;0,71530825519129;FALSE;100;"4";"Combined"
"hs_pm25abs_yr_hs_h_Log";"hs_zbmi_who";0;-0,0015935316775105;-0,00231814871812845;0,00524044180111323;-0,0118646088707706;0,00867754551574964;-0,0119540388358085;0,00808297152412105;-0,304083460515101;0,761064307173294;FALSE;100;"4";"Combined"
"hs_accesslines300_h_dic0";"hs_zbmi_who";0;-0,00890640177909464;-0,00701262906363552;0,0153780517069856;-0,0390468292771812;0,0212340257189919;-0,0361388662444442;0,0230198870313915;-0,579163209280198;0,562479052787022;FALSE;100;"4";"Combined"
"hs_accesspoints300_h_Log";"hs_zbmi_who";0;0,00392652301412708;0,00245740171180425;0,00508055209464309;-0,00603117611295291;0,0138842221412071;-0,00763882029647623;0,0116702294716818;0,772853607439078;0,439609023317987;FALSE;100;"4";"Combined"
"hs_builtdens300_h_Sqrt";"hs_zbmi_who";0;-0,00419308225336359;-0,00431804097711277;0,00484984858131024;-0,0136986108032043;0,00531244629647716;-0,0135366579986161;0,00526727460712448;-0,864580034420535;0,387269334810972;FALSE;100;"4";"Combined"
"hs_connind300_h_Log";"hs_zbmi_who";0;0,00725332848691118;0,00686001735738641;0,00464410516159937;-0,00184895037024015;0,0163556073440625;-0,00285703396004875;0,0160074112076352;1,56183553871403;0,118326737290954;FALSE;100;"4";"Combined"
"hs_fdensity300_h_Log";"hs_zbmi_who";0;0,00462002622595458;0,00472537778502011;0,00457019362410255;-0,004337388679661;0,0135774411315702;-0,0020195690569553;0,0142407956135401;1,01090382726658;0,312062462060653;FALSE;100;"4";"Combined"
"hs_landuseshan300_h_None";"hs_zbmi_who";0;-0,00402102346635006;-0,00311691710922152;0,00489499059157707;-0,0136150287305035;0,00557298179780341;-0,0128961184066211;0,0046011805666943;-0,821456832474639;0,41138610287967;FALSE;100;"4";"Combined"
"hs_popdens_h_Sqrt";"hs_zbmi_who";0;0,0028523427686995;0,00337112215698993;0,00530745677506092;-0,00755008135992299;0,013254766897322;-0,00611955061311665;0,0136658071179172;0,537421761417316;0,590976314926053;FALSE;100;"4";"Combined"
"hs_walkability_mean_h_None";"hs_zbmi_who";0;-0,00625993350791942;-0,00591143965695659;0,0040035942467771;-0,0141068340403143;0,00158696702447545;-0,0148127226784303;0,000422636692560166;-1,56357840531884;0,11791660949839;FALSE;100;"4";"Combined"
"hs_accesslines300_s_dic0";"hs_zbmi_who";0;0,0187552598270029;0,016620180294347;0,0145334584065418;-0,00972979522062992;0,0472403148746357;-0,00812258177557956;0,0448186941708584;1,290488423496;0,196881128686429;FALSE;100;"4";"Combined"
"hs_accesspoints300_s_Log";"hs_zbmi_who";0;-0,00280865023859586;-0,00265699322729615;0,00450192403534537;-0,011632259209008;0,00601495873181628;-0,0116281951171125;0,00476339952768516;-0,623877750167411;0,532707873500019;FALSE;100;"4";"Combined"
"hs_builtdens300_s_Sqrt";"hs_zbmi_who";0;-0,000445251281586157;-0,00112891941070228;0,00464650718439006;-0,00955223801689728;0,00866173545372497;-0,00940291679027088;0,00843186216404874;-0,0958249420300002;0,923659607636157;FALSE;100;"4";"Combined"
"hs_connind300_s_Log";"hs_zbmi_who";0;-0,000742974232281556;-0,000617672202455;0,003550754120785;-0,00770232442697733;0,00621637596241422;-0,00733806015785655;0,00596302055409592;-0,209244066755402;0,834257713428333;FALSE;100;"4";"Combined"
"hs_fdensity300_s_Log";"hs_zbmi_who";0;-0,00129272238865434;-0,00167722652651384;0,0051814394406467;-0,0114481570803972;0,00886271230308856;-0,0113985295106203;0,0072223115311143;-0,249490977065823;0,802981019543797;FALSE;100;"4";"Combined"
"hs_landuseshan300_s_None";"hs_zbmi_who";0;-0,00305935032776763;-0,00294183577254042;0,00453447612051091;-0,0119467602127259;0,00582805955719065;-0,0120418235017865;0,00592173223807631;-0,674686611299859;0,499874892613215;FALSE;100;"4";"Combined"
"hs_popdens_s_Sqrt";"hs_zbmi_who";0;-0,00504437938525248;-0,00474016710893932;0,00437124803524301;-0,0136118681018202;0,00352310933131528;-0,012894309961624;0,00246858806873514;-1,1539906554335;0,248504000023216;FALSE;100;"4";"Combined"
"h_Absorbance_Log";"hs_zbmi_who";0;-0,00401159231111567;-0,00361780283819339;0,00472869387241624;-0,0132796619949667;0,0052564773727354;-0,0115403848027323;0,00632504635106185;-0,848351028709298;0,39624250681261;FALSE;100;"4";"Combined"
"h_Benzene_Log";"hs_zbmi_who";0;0,00303819172805324;0,00220980343201067;0,00439011427586901;-0,00556627414066516;0,0116426575967716;-0,00691697127125928;0,00966568968719457;0,692052993871517;0,488904049723576;FALSE;100;"4";"Combined"
"h_NO2_Log";"hs_zbmi_who";0;0,0139675119018927;0,013324339199369;0,00506706317297169;0,00403625057547896;0,0238987732283065;0,00409238120588285;0,0227856978107366;2,75653005006866;0,00584182446148913;TRUE;100;"4";"Combined"
"h_PM_Log";"hs_zbmi_who";0;0,00968342114877958;0,0092409191090318;0,00409670934638918;0,00165401837472816;0,017712823922831;0,00194870910293176;0,016746285973001;2,36370714395799;0,0180931087025927;TRUE;100;"4";"Combined"
"h_TEX_Log";"hs_zbmi_who";0;-0,00241594459442483;-0,00267476474450644;0,00449708609481024;-0,0112300713756288;0,00639818218677912;-0,0100003955035078;0,00695252163619771;-0,537224447895915;0,591112585786997;FALSE;100;"4";"Combined"
"hs_KIDMED_None";"hs_zbmi_who";0;0,00971980768814548;0,0098037474036116;0,00399703003700768;0,00188577277048562;0,0175538426058053;0,0023726679819084;0,0176072601272258;2,43175747946645;0,015025764405264;TRUE;100;"4";"Combined"
"hs_mvpa_prd_alt_None";"hs_zbmi_who";0;-0,00787785245280437;-0,0070797798768425;0,00433878883394921;-0,0163817223038694;0,000626017398260606;-0,0165119563345729;-0,000147815339571789;-1,81568007900349;0,0694194616330583;FALSE;100;"4";"Combined"
"hs_sd_wk_None";"hs_zbmi_who";0;0,00449316619262199;0,00335556200143742;0,00359836352196805;-0,00255949671371809;0,0115458290989621;-0,00387335188869885;0,00931859722030412;1,24866933682246;0,211786040501804;FALSE;100;"4";"Combined"
"hs_dif_hours_total_None";"hs_zbmi_who";0;-0,00704818971578284;-0,00659476921406045;0,00390706764415747;-0,0147059015834932;0,000609522151927559;-0,0140924218416284;-0,000405347214614191;-1,80395896813369;0,0712377396023985;FALSE;100;"4";"Combined"
"hs_as_c_Log2";"hs_zbmi_who";0;0,0047970331208647;0,00450247357781122;0,00338498762092514;-0,0018374207042625;0,0114314869459919;-0,00195101446130507;0,0103763064407534;1,41714938371138;0,156439256810194;FALSE;100;"4";"Combined"
"hs_cd_c_Log2";"hs_zbmi_who";0;0,00486144860078457;0,00458863495484534;0,00329690277750597;-0,0016003621036572;0,0113232593052263;-0,00183141464308598;0,00992051325796287;1,47455018508679;0,140333516021355;FALSE;100;"4";"Combined"
"hs_co_c_Log2";"hs_zbmi_who";0;-0,00823803153257224;-0,00808195947330531;0,00352635260884685;-0,0151495556427009;-0,00132650742244355;-0,015478507590881;-0,00163456187809419;-2,33613380349566;0,0194842690157038;TRUE;100;"4";"Combined"
"hs_cs_c_Log2";"hs_zbmi_who";0;0,0132455213751383;0,0123047577524214;0,00435185891075127;0,00471603464426611;0,0217750081060105;0,00415394596432158;0,0213403524667103;3,04364678331258;0,00233729387719871;TRUE;100;"4";"Combined"
"hs_cu_c_Log2";"hs_zbmi_who";0;0,00925442461909154;0,00882403661147069;0,00401526181364757;0,00138465607584333;0,0171241931623398;0,000829734765768126;0,0165167128381688;2,30481225100601;0,0211770906827576;TRUE;100;"4";"Combined"
"hs_hg_c_Log2";"hs_zbmi_who";0;-0,00751189772800795;-0,00687881278376401;0,00385963640557534;-0,0150766460763553;5,2850620339346e-05;-0,0134964633077103;0,00189151187193437;-1,94627082415246;0,0516222163081754;FALSE;100;"4";"Combined"
"hs_mn_c_Log2";"hs_zbmi_who";0;-0,00179598327019658;-0,00199741949432536;0,00423648671518205;-0,0100993446529358;0,00650737811254263;-0,0101031144709094;0,00567630941411244;-0,423932232281155;0,67161523653966;FALSE;100;"4";"Combined"
"hs_mo_c_Log2";"hs_zbmi_who";0;-0,00715440692643667;-0,00715186303888558;0,0039384359758951;-0,0148735995946079;0,000564785741734577;-0,0136764527995801;0,000285097093323332;-1,81656042404261;0,069284447932608;FALSE;100;"4";"Combined"
"hs_pb_c_Log2";"hs_zbmi_who";0;-0,000415827896590484;-0,000342853719960045;0,00387802037018619;-0,0080166081534681;0,00718495236028713;-0,0075743263618249;0,00632173416266369;-0,107226846921003;0,914609017446523;FALSE;100;"4";"Combined"
"hs_hum_mt_hs_h_None";"hs_zbmi_who";0;-0,00143260620149078;-0,00249144520817725;0,00557648849524007;-0,0123623228123633;0,00949711040938173;-0,0136499049740442;0,00935608281681865;-0,256901131009883;0,797255097458078;FALSE;100;"4";"Combined"
"hs_tm_mt_hs_h_None";"hs_zbmi_who";0;0,0124340677316473;0,0120056922594611;0,00514706147393972;0,00234601261651185;0,0225221228467828;0,00175420157042245;0,0217152131709451;2,41576048675594;0,0157023864559243;TRUE;100;"4";"Combined"
"hs_uvdvf_mt_hs_h_None";"hs_zbmi_who";0;-0,00689723199298645;-0,00671021185575195;0,00513268338504437;-0,0169571065717205;0,00316264258574765;-0,0168708670106138;0,00166061808371927;-1,34378676329103;0,179017351052353;FALSE;100;"4";"Combined"
"hs_hum_dy_hs_h_None";"hs_zbmi_who";0;-0,00529880167785374;-0,00467391910103957;0,00439588971348273;-0,01391458719629;0,00331698384058251;-0,0134673557750794;0,0029792380365496;-1,20539913947378;0,228049253538727;FALSE;100;"4";"Combined"
"hs_hum_wk_hs_h_None";"hs_zbmi_who";0;-0,0113199707485274;-0,0107893639146536;0,0049498643639377;-0,0210215266302036;-0,00161841486685125;-0,0200403354482135;-0,00126071603215494;-2,28692544203821;0,0222001753152814;TRUE;100;"4";"Combined"
"hs_tm_dy_hs_h_None";"hs_zbmi_who";0;-0,00570557593961465;-0,00444755753930334;0,00536499413937979;-0,0162207712300675;0,0048096193508382;-0,0135860796791735;0,004699419500702;-1,06348223155268;0,287563318842997;FALSE;100;"4";"Combined"
"hs_tm_wk_hs_h_None";"hs_zbmi_who";0;0,00750676050718691;0,00736241035573737;0,00473200513989634;-0,00176779914166833;0,0167813201560422;-0,000396874143326816;0,0163157718331304;1,58638046351559;0,112653029438345;FALSE;100;"4";"Combined"
"hs_uvdvf_dy_hs_h_None";"hs_zbmi_who";0;-0,00140367036355438;-0,00208407193542649;0,00445350958908852;-0,0101323887629717;0,0073250480358629;-0,01090899555648;0,00582737352203718;-0,315182966484116;0,752622737742859;FALSE;100;"4";"Combined"
"hs_uvdvf_wk_hs_h_None";"hs_zbmi_who";0;-0,0163000800916563;-0,0162792639711864;0,00492877696841085;-0,0259603054375721;-0,00663985474574051;-0,0253807707556724;-0,00912231346795728;-3,30712470783838;0,000942589192136597;TRUE;100;"4";"Combined"
"hs_ndvi100_h_None";"hs_zbmi_who";0;0,00680359372407818;0,0067755968760664;0,0055265839624797;-0,00402831179991869;0,017635499248075;-0,00364362020605669;0,0165846188534722;1,23106674399017;0,218297902366045;FALSE;100;"4";"Combined"
"hs_ndvi100_s_None";"hs_zbmi_who";0;0,00538861643034287;0,00560412968789763;0,00493367582877654;-0,00428121050545495;0,0150584433661407;-0,00521859389801167;0,0141422856251977;1,0922112877609;0,274740242173543;FALSE;100;"4";"Combined"
"hs_dde_cadj_Log2";"hs_zbmi_who";0;-0,0158591073824428;-0,0144911517261926;0,00598760200443555;-0,0275945916648963;-0,00412362309998927;-0,0267465389183445;-0,00166919811470255;-2,6486575712104;0,00808121670910766;TRUE;100;"4";"Combined"
"hs_ddt_cadj_Log2";"hs_zbmi_who";0;-0,00143326727134065;-0,00143222567651668;0,00423760917155198;-0,00973882862813914;0,00687229408545783;-0,00900918713891586;0,00686049717508372;-0,338225450558891;0,735193298074089;FALSE;100;"4";"Combined"
"hs_hcb_cadj_Log2";"hs_zbmi_who";0;-0,0170495172031923;-0,0234304397735698;0,0149712177539863;-0,0463925648057121;0,0122935303993276;-0,0525436054222252;-0,00576811025931719;-1,13881966606575;0,254778377508092;FALSE;100;"4";"Combined"
"hs_pcb118_cadj_Log2";"hs_zbmi_who";0;0,00231199942288657;0,00199814072057792;0,00379516303356877;-0,005126383438366;0,00975038228413914;-0,0055460503951459;0,00832826684083958;0,609196338190639;0,542394307201005;FALSE;100;"4";"Combined"
"hs_pcb138_cadj_Log2";"hs_zbmi_who";0;-0,000401493639854343;-0,00114820622199092;0,00692068859165799;-0,0139657940277212;0,0131628067480125;-0,0146209319408713;0,01139647123311;-0,0580135393374429;0,953737843859333;FALSE;100;"4";"Combined"
"hs_pcb153_cadj_Log2";"hs_zbmi_who";0;-0,00469193314067304;-0,00398517446244254;0,00559765404371176;-0,0156631334642631;0,00627926718291701;-0,0155241074851468;0,00596283856471228;-0,838196341544869;0,401920441416885;FALSE;100;"4";"Combined"
"hs_pcb170_cadj_Log2";"hs_zbmi_who";0;-0,0218979362559455;-0,0207189855943451;0,00453137111574697;-0,0307792604433946;-0,0130166120684964;-0,0290469664964221;-0,0117436380121978;-4,83251883295278;1,34816353807317e-06;TRUE;100;"4";"Combined"
"hs_pcb180_cadj_Log2";"hs_zbmi_who";0;-0,00458016173418183;-0,00444203545851972;0,00514784389220384;-0,0146697503609358;0,00550942689257218;-0,0140182355445616;0,00544015537235769;-0,889724286534459;0,373613949907785;FALSE;100;"4";"Combined"
"hs_sumPCBs5_cadj_Log2";"hs_zbmi_who";0;-0,0225322959110361;-0,0200312294573176;0,00590329969530884;-0,0341025507037878;-0,0109620411182845;-0,0315631809044571;-0,00950850570723504;-3,81689852692754;0,000135139715867716;TRUE;100;"4";"Combined"
"hs_pfhxs_c_Log2";"hs_zbmi_who";0;0,00585266201996451;0,00582772883426982;0,004591808378453;-0,00314711702571263;0,0148524410656417;-0,00301666301155952;0,0136308357839572;1,27458759982844;0,202455248792314;FALSE;100;"4";"Combined"
"hs_pfna_c_Log2";"hs_zbmi_who";0;0,000348223488069571;-0,000577503613911595;0,0048976597413135;-0,00925101321343665;0,00994746018957579;-0,00965679588610099;0,00880486454713786;0,0710999755928699;0,943318187597326;FALSE;100;"4";"Combined"
"hs_pfoa_c_Log2";"hs_zbmi_who";0;0,00519802610168539;0,00513660988612519;0,00367936942379207;-0,00201340545476496;0,0124094576581357;-0,000752248939736186;0,0133975632555169;1,41274917057068;0,157729488372791;FALSE;100;"4";"Combined"
"hs_pfos_c_Log2";"hs_zbmi_who";0;-0,011153009856436;-0,00991972941991251;0,00480808283114348;-0,0205766790401626;-0,00172934067270941;-0,0180249617016343;-0,000807031599563065;-2,31963762857712;0,0203604884960606;TRUE;100;"4";"Combined"
"hs_pfunda_c_Log2";"hs_zbmi_who";0;-0,00368739574406042;-0,00315445640037663;0,00404802868780507;-0,0116213861805433;0,00424659469242246;-0,010271874514667;0,00504047638893231;-0,910911465417456;0,362342024080393;FALSE;100;"4";"Combined"
"hs_hm_pers_None";"hs_zbmi_who";0;0,00224178497667361;0,00196631134381046;0,00332778536550658;-0,00428055448799874;0,00876412444134596;-0,00404420771752141;0,00911837303650045;0,673656720745977;0,500529583190433;FALSE;100;"4";"Combined"
"hs_trafload_h_pow1over3";"hs_zbmi_who";0;-0,002382152251064;-0,00252495166204375;0,00429725037992624;-0,0108046082282705;0,00604030372614249;-0,00997684583227853;0,00543807993342296;-0,554343368539045;0,579343875265154;FALSE;100;"4";"Combined"
"hs_trafnear_h_pow1over3";"hs_zbmi_who";0;-0,00188880528661864;-0,00228243987437293;0,00534849368608435;-0,0123716602828838;0,00859404970964658;-0,0107134489161623;0,00893729405871723;-0,353147147117871;0,723978128717714;FALSE;100;"4";"Combined"
"FAS_cat_None_Low";"hs_zbmi_who";0;-0,0068827579452487;-0,00638846819183141;0,0141734228992517;-0,0346621563654373;0,0208966404749399;-0,0351649780851355;0,018197272813452;-0,485610144717553;0,627243602392012;FALSE;100;"4";"Combined"
"FAS_cat_None_Middle";"hs_zbmi_who";0;-0,00475942294591153;-0,00514591230245971;0,00671970765698105;-0,0179298079402324;0,00841096204840936;-0,0175992132530115;0,00665902746246484;-0,70827827472033;0,478772465756887;FALSE;100;"4";"Combined"
"hs_globalexp2_None_no exposure";"hs_zbmi_who";0;0,00953678844254449;0,010545187211084;0,00804298166871994;-0,00622716595646245;0,0253007428415514;-0,00525203001835096;0,0240315640858817;1,18572798439093;0,2357297393997;FALSE;100;"4";"Combined"
"h_abs_ratio_preg_Log";"hs_correct_raven";0;0,0053296679947489;0,0043029623510416;0,00763753923835122;-0,00963963384293096;0,0202989698324288;-0,00988556540890318;0,0194004653552509;0,697825284875324;0,485286464340963;FALSE;100;"4";"Combined"
"h_no2_ratio_preg_Log";"hs_correct_raven";0;0,0167078103562081;0,0182871025635321;0,00868042636151977;-0,000305512682822758;0,0337211333952389;0,000352266752334585;0,0341663023186583;1,9247683996576;0,0542583390069104;FALSE;100;"4";"Combined"
"h_pm10_ratio_preg_None";"hs_correct_raven";0;-0,0119595762233619;-0,0117787654499515;0,00959832210207603;-0,0307719418554457;0,0068527894087219;-0,0283680001366772;0,00747238374697932;-1,24600696831951;0,212761836941063;FALSE;100;"4";"Combined"
"h_pm25_ratio_preg_None";"hs_correct_raven";0;0,00572513463133186;0,00472696567587632;0,00626033606812195;-0,00654489859330426;0,017995167855968;-0,00703739371219683;0,0165795784973802;0,914509152389537;0,360449370917569;FALSE;100;"4";"Combined"
"h_accesslines300_preg_dic0";"hs_correct_raven";0;-0,00429669440629403;-0,00369744577121023;0,0176146440678901;-0,0388207623798508;0,0302273735672627;-0,0423577379443159;0,0239942123484283;-0,243927404365014;0,807287044513452;FALSE;100;"4";"Combined"
"h_accesspoints300_preg_Log";"hs_correct_raven";0;-0,00823465243579821;-0,00880065552838154;0,00946487651719108;-0,0267854695276116;0,0103161646560152;-0,0253983812299987;0,0110286049210348;-0,870022173119912;0,384288286961206;FALSE;100;"4";"Combined"
"h_builtdens300_preg_Sqrt";"hs_correct_raven";0;0,00451484092783779;0,00420401070058933;0,00793610393661873;-0,0110396369655015;0,020069318821177;-0,00992012029597337;0,0183704492301969;0,568898916130047;0,569424740968261;FALSE;100;"4";"Combined"
"h_connind300_preg_Sqrt";"hs_correct_raven";0;0,00217129951317335;0,00178996623619491;0,00525039286773892;-0,0081192814122809;0,0124618804386276;-0,00839169761030963;0,0117784571715629;0,41354991290555;0,679203761252012;FALSE;100;"4";"Combined"
"h_fdensity300_preg_Log";"hs_correct_raven";0;0,0123411569646631;0,0120110927335134;0,00781302617370558;-0,00297209294606861;0,0276544068753948;-0,00233275415093619;0,0278828512977307;1,57956170762576;0,114207274396158;FALSE;100;"4";"Combined"
"h_frichness300_preg_None";"hs_correct_raven";0;0,0039170405089439;0,00401563467349252;0,00635957901758692;-0,00854750532236309;0,0163815863402509;-0,00856455045923368;0,0176789459794724;0,615927642083167;0,537942276897255;FALSE;100;"4";"Combined"
"h_landuseshan300_preg_None";"hs_correct_raven";0;0,000601361325401335;0,000860006809408459;0,00552904400715038;-0,0102353657975504;0,0114380884483531;-0,00884006991523244;0,0109634725169388;0,108764069271945;0,913389623268284;FALSE;100;"4";"Combined"
"h_popdens_preg_Sqrt";"hs_correct_raven";0;-0,00984343459560052;-0,010338113465071;0,00758505022436924;-0,0247098598562917;0,00502299066509065;-0,0256345407388005;0,00381062750018082;-1,29774151843788;0,194376171573967;FALSE;100;"4";"Combined"
"h_walkability_mean_preg_None";"hs_correct_raven";0;0,00045844873683055;0,000469178453663652;0,0057923900220019;-0,0108944270907023;0,0118113245643634;-0,010578873447252;0,0098385757268402;0,0791467313301023;0,936915913840798;FALSE;100;"4";"Combined"
"hs_as_m_Log2";"hs_correct_raven";0;0,00201437031146697;0,00182059320735687;0,00521345543758724;-0,00820381458120853;0,0122325552041425;-0,00762174184053964;0,0113610889757702;0,386379117570286;0,699215913406279;FALSE;100;"4";"Combined"
"hs_cd_m_Log2";"hs_correct_raven";0;-0,00935973955876561;-0,00939004722766724;0,00524216606466313;-0,0196341962464834;0,000914717128952183;-0,0203077792065579;0,000216890900749096;-1,78547177699284;0,0741848252393059;FALSE;100;"4";"Combined"
"hs_co_m_Log2";"hs_correct_raven";0;-0,00237543586722677;-0,00303131818685796;0,00550448708865369;-0,0131640323143537;0,00841316057990019;-0,0116470909773881;0,00709372903236121;-0,431545360897152;0,666071877501465;FALSE;100;"4";"Combined"
"hs_cs_m_Log2";"hs_correct_raven";0;-0,00431174930929915;-0,00399194827202804;0,00626444897220746;-0,0165898436778147;0,00796634505921643;-0,0164236050728555;0,0068385265623479;-0,688288679248316;0,491271009299144;FALSE;100;"4";"Combined"
"hs_cu_m_Log2";"hs_correct_raven";0;-0,0080437112863035;-0,00931453482879267;0,00574979498478151;-0,0193131023749643;0,00322567980235728;-0,0203492296721558;0,000503604358203213;-1,39895619019348;0,161826120903343;FALSE;100;"4";"Combined"
"hs_hg_m_Log2";"hs_correct_raven";0;-0,00507356245356738;-0,00460432673092172;0,00574822929244798;-0,0163398848416436;0,00619275993450882;-0,0165446827027067;0,00461683551004359;-0,882630492877698;0,377435947757118;FALSE;100;"4";"Combined"
"hs_mn_m_Log2";"hs_correct_raven";0;0,00689495426152778;0,00619499778312285;0,00506423612699939;-0,00303076615659763;0,0168206746796532;-0,00363772513193828;0,0158802906233117;1,36149936310594;0,173355934673567;FALSE;100;"4";"Combined"
"hs_mo_m_Log2";"hs_correct_raven";0;0,00401020199917449;0,00407121650590192;0,00389035426409347;-0,00361475224555053;0,0116351562438995;-0,00302338832947874;0,0117536665730987;1,03080638084484;0,302631625409037;FALSE;100;"4";"Combined"
"hs_pb_m_Log2";"hs_correct_raven";0;0,0074994452157481;0,00687672724297447;0,00459386419395035;-0,00150436315426271;0,0165032535857589;-0,00179003314505257;0,0157578644133545;1,6324917104916;0,102575943342481;FALSE;100;"4";"Combined"
"h_humidity_preg_None";"hs_correct_raven";0;0,0239683201363979;0,023397692012017;0,00912290903424299;0,00608774699504654;0,0418488932777492;0,00501537838127129;0,0396753956521017;2,62726725065792;0,00860737031216643;TRUE;100;"4";"Combined"
"h_pressure_preg_None";"hs_correct_raven";0;-0,029688231801403;-0,0301210809249982;0,00956405391352412;-0,0484334330181097;-0,0109430305846964;-0,0479257207835174;-0,0128854934036625;-3,10414726535807;0,00190828321315204;TRUE;100;"4";"Combined"
"h_temperature_preg_None";"hs_correct_raven";0;0,0226757025895384;0,0222926431554914;0,00683619456831602;0,00927700744433069;0,0360743977347462;0,00911844291458546;0,0358235148338541;3,31700661280684;0,000909874629288877;TRUE;100;"4";"Combined"
"h_ndvi100_preg_None";"hs_correct_raven";0;0,00610376288651312;0,00597798245427908;0,00760319759939966;-0,00879823057565162;0,0210057563486779;-0,00676183602665336;0,019137391987055;0,802788932776791;0,42209673999539;FALSE;100;"4";"Combined"
"hs_dde_madj_Log2";"hs_correct_raven";0;-0,00936252453795775;-0,00884841105653385;0,00643094817491017;-0,0219669513472253;0,00324190227130977;-0,0190398028240205;0,00526983990449183;-1,45585445307815;0,145432858950075;FALSE;100;"4";"Combined"
"hs_ddt_madj_Log2";"hs_correct_raven";0;0,000191129191860736;0,000125955102611893;0,00487655380101269;-0,00936674062679605;0,00974899901051752;-0,00812182661661511;0,011179587169169;0,0391934959932248;0,968736119099523;FALSE;100;"4";"Combined"
"hs_hcb_madj_Log2";"hs_correct_raven";0;0,00476412645916182;0,00425645310807442;0,00498462384740673;-0,00500555675823486;0,0145338096765585;-0,00446798514694825;0,0154979655628364;0,955764487954366;0,339191233510143;FALSE;100;"4";"Combined"
"hs_pcb118_madj_Log2";"hs_correct_raven";0;-0,0219475698006958;-0,021247064489757;0,00836883833517896;-0,0383501915300847;-0,00554494807130686;-0,0391824794517893;-0,00645204622040541;-2,62253480371794;0,0087278352952307;TRUE;100;"4";"Combined"
"hs_pcb138_madj_Log2";"hs_correct_raven";0;0,00898621843789217;0,00854224292046701;0,0086346060393156;-0,00793729841985845;0,0259097352956428;-0,00842001785301675;0,0246049753105265;1,04072130181453;0,29800491385049;FALSE;100;"4";"Combined"
"hs_pcb153_madj_Log2";"hs_correct_raven";0;-0,0111642559753951;-0,0111398299226955;0,00938874305309926;-0,0295658542195703;0,00723734226878002;-0,0274812810051492;0,006161353548745;-1,18911082263667;0,234396060121144;FALSE;100;"4";"Combined"
"hs_pcb170_madj_Log2";"hs_correct_raven";0;0,00867749483971312;0,00824505812298383;0,0100182654873385;-0,010957944703031;0,0283129343824573;-0,00837682405370545;0,0281952245758099;0,866167387027232;0,386398375141856;FALSE;100;"4";"Combined"
"hs_pcb180_madj_Log2";"hs_correct_raven";0;0,0121868521571223;0,0112747656831069;0,0112942909326709;-0,00994955130182994;0,0343232556160745;-0,0113707836830375;0,0284603886834245;1,07902764589404;0,280575403630076;FALSE;100;"4";"Combined"
"hs_sumPCBs5_madj_Log2";"hs_correct_raven";0;-0,00176157595197703;-0,001797378206602;0,00987377699769731;-0,0211138232588438;0,0175906713548897;-0,0216172187514942;0,0155831680986081;-0,178409533898512;0,858401362453402;FALSE;100;"4";"Combined"
"hs_pfhxs_m_Log2";"hs_correct_raven";0;0,0281819328341224;0,0286049333873143;0,00534785873443411;0,0177003223202236;0,0386635433480212;0,0183068810756415;0,038803986550957;5,26976014767609;1,36602140354917e-07;TRUE;100;"4";"Combined"
"hs_pfna_m_Log2";"hs_correct_raven";0;-0,00362779883892876;-0,00505067060667146;0,0069467941950631;-0,0172432652692643;0,00998766759140682;-0,0180982784210157;0,00633222649757196;-0,522226330169237;0,60151275544432;FALSE;100;"4";"Combined"
"hs_pfoa_m_Log2";"hs_correct_raven";0;0,00226871380903885;0,00277389360093824;0,00591764741762756;-0,00932966200271761;0,0138670896207953;-0,00812747293760214;0,012920227986135;0,383381037924088;0,701437260824611;FALSE;100;"4";"Combined"
"hs_pfos_m_Log2";"hs_correct_raven";0;-0,00438775855976939;-0,00341533631595762;0,00798467422669571;-0,0200374324723782;0,0112619153528394;-0,0183748401956704;0,012792283124561;-0,549522552228805;0,582646892123391;FALSE;100;"4";"Combined"
"hs_pfunda_m_Log2";"hs_correct_raven";0;0,00731330196511015;0,00725003578097939;0,0069270159369376;-0,00626339979162252;0,0208900037218428;-0,00840752448935149;0,0203124061581724;1,05576514211736;0,291075527371536;FALSE;100;"4";"Combined"
"e3_asmokcigd_p_None";"hs_correct_raven";0;-0,00431210479112335;-0,00417318576690875;0,00559561857797943;-0,0152793156751863;0,00665510609293956;-0,0154185991222296;0,0065763147167344;-0,770621644601166;0,440931227893447;FALSE;100;"4";"Combined"
"h_distinvnear1_preg_Log";"hs_correct_raven";0;-0,000400167582985161;-0,000139251307107098;0,00465230882763613;-0,00951852533010974;0,00871819016413942;-0,00895332969276705;0,00823967407046178;-0,0860148364631435;0,931454623145201;FALSE;100;"4";"Combined"
"h_trafload_preg_pow1over3";"hs_correct_raven";0;-0,00263206772325763;-0,00295941813574281;0,00537328310591279;-0,0131635090895842;0,00789937364306896;-0,0124652112845336;0,00584135968058061;-0,489843485142498;0,624244656866919;FALSE;100;"4";"Combined"
"h_trafnear_preg_pow1over3";"hs_correct_raven";0;-0,00597683313092001;-0,00659478005153433;0,00593190404175876;-0,0176031514125147;0,00564948515067474;-0,0195494492267838;0,00454210154416807;-1,00757414294718;0,31365894730706;FALSE;100;"4";"Combined"
"h_bro_preg_Log";"hs_correct_raven";0;0,019560720129424;0,0177293126100615;0,00886087569334592;0,0021937228989796;0,0369277173598684;-0,00162985713106194;0,0327850648468272;2,20753803646214;0,0272764926893483;TRUE;100;"4";"Combined"
"h_clf_preg_Log";"hs_correct_raven";0;-0,0030806363839903;-0,00225769726042179;0,00670170861776772;-0,0162157439096967;0,0100544711417161;-0,0140586219325783;0,0121088261799984;-0,459679248934047;0,645746466369018;FALSE;100;"4";"Combined"
"h_thm_preg_Log";"hs_correct_raven";0;0,00134252081276742;0,00151098182492034;0,00802398908335824;-0,0143842088029573;0,0170692504284921;-0,0134565606733198;0,0153078608718396;0,167313389739252;0,867123469154604;FALSE;100;"4";"Combined"
"e3_alcpreg_yn_None_1";"hs_correct_raven";0;0,0257186525147332;0,0262805843099502;0,0101298367825801;0,00586453725160706;0,0455727677778594;0,00934154469825058;0,044581445435678;2,53890097804542;0,0111201292183377;TRUE;100;"4";"Combined"
"h_pamod_t3_None_Often";"hs_correct_raven";0;0,0965132487552736;0,0928672231297888;0,0175365053477727;0,0621423298589451;0,130884167651602;0,0567040106456993;0,121323445848774;5,50356224580011;3,72193035462649e-08;TRUE;100;"4";"Combined"
"h_pamod_t3_None_Sometimes";"hs_correct_raven";0;0,0890416949475897;0,0850249980469862;0,0180925221199223;0,0535810032030477;0,124502386692132;0,0538999198330489;0,118697074718405;4,92146392622302;8,5899237113336e-07;TRUE;100;"4";"Combined"
"h_pamod_t3_None_Very Often";"hs_correct_raven";0;0,0902259922767358;0,0860573559911793;0,0160838998218396;0,0587021278949799;0,121749856658492;0,053459040594263;0,114277145494315;5,60970866992232;2,02667494421932e-08;TRUE;100;"4";"Combined"
"h_pavig_t3_None_Low";"hs_correct_raven";0;0,0841521606389078;0,085203207084127;0,0169257032921818;0,0509783917732204;0,117325929504595;0,0558318607912061;0,115546704317819;4,97185606921153;6,63149318485767e-07;TRUE;100;"4";"Combined"
"h_pavig_t3_None_Medium";"hs_correct_raven";0;0,0561879897886369;0,0566975581383204;0,0183554722473954;0,0202119252645173;0,0921640543127564;0,0249124835757508;0,0904382358089341;3,06110292512957;0,00220523274377477;TRUE;100;"4";"Combined"
"hs_no2_dy_hs_h_Log";"hs_correct_raven";0;-0,00871597571979425;-0,00945282747058886;0,00850034344520496;-0,0253763427286171;0,00794439128902859;-0,0279469308687419;0,00666542556197912;-1,02536747791184;0,305189827552823;FALSE;100;"4";"Combined"
"hs_no2_wk_hs_h_Log";"hs_correct_raven";0;0,002430143115782;0,00267993328687581;0,00857892520682363;-0,0143842413156551;0,0192445275472191;-0,0149879492273282;0,0184809990705749;0,283268947705603;0,776970678967525;FALSE;100;"4";"Combined"
"hs_no2_yr_hs_h_Log";"hs_correct_raven";0;0,0232696219284832;0,0221521040558968;0,00781116371829976;0,00796002236326968;0,0385792214936967;0,00728928628551694;0,0356271055149236;2,97902115071123;0,00289170816888243;TRUE;100;"4";"Combined"
"hs_pm10_dy_hs_h_None";"hs_correct_raven";0;-0,00975117626278964;-0,0112565962861618;0,00749293605499834;-0,024437061069048;0,00493470854346873;-0,024202531647022;0,00317115913312255;-1,30138255434395;0,19312754211696;FALSE;100;"4";"Combined"
"hs_pm10_wk_hs_h_None";"hs_correct_raven";0;-0,00155866236973353;-0,00180512618418523;0,0073126197356497;-0,0158911336842438;0,0127738089447767;-0,0170596794685279;0,0135806674091571;-0,213146919445969;0,831212368968983;FALSE;100;"4";"Combined"
"hs_pm10_yr_hs_h_None";"hs_correct_raven";0;0,0125701961951913;0,0115844746131884;0,010392392557778;-0,00779851893125564;0,0329389113216383;-0,008069590921515;0,0326587401067668;1,2095574840255;0,226448740717042;FALSE;100;"4";"Combined"
"hs_pm25_dy_hs_h_None";"hs_correct_raven";0;-0,00177141456142501;-0,000937243772928064;0,00654984047494333;-0,0146088659967967;0,0110660368739466;-0,0131433585389319;0,0111689794204631;-0,270451558049639;0,786812879749974;FALSE;100;"4";"Combined"
"hs_pm25_wk_hs_h_None";"hs_correct_raven";0;0,000805483922917621;0,00123925441226901;0,00715026857749928;-0,0132087849687694;0,0148197528146046;-0,0132988887675748;0,0159493634650812;0,112650862577715;0,91030735915458;FALSE;100;"4";"Combined"
"hs_pm25_yr_hs_h_None";"hs_correct_raven";0;0,00189750986202108;0,00131502902721852;0,00987272816193053;-0,0174526817645171;0,0212477014885592;-0,0185606502902389;0,0225674060373673;0,192197114201718;0,847587806298103;FALSE;100;"4";"Combined"
"hs_pm25abs_dy_hs_h_Log";"hs_correct_raven";0;0,0159476378116465;0,0152463652689337;0,00507106770839194;0,00600852774003429;0,0258867478832588;0,00590223604164738;0,0239815236925421;3,14482841261523;0,00166184269189044;TRUE;100;"4";"Combined"
"hs_pm25abs_wk_hs_h_Log";"hs_correct_raven";0;-0,0118360694361031;-0,01146354574893;0,00673050401903428;-0,0250276149112124;0,00135547603900614;-0,0239314086311841;0,00315670469526635;-1,75857103756717;0,0786503958884879;FALSE;100;"4";"Combined"
"hs_pm25abs_yr_hs_h_Log";"hs_correct_raven";0;-0,00287770332280979;-0,0033345986346133;0,00711202194466959;-0,0168170101916207;0,0110616035460011;-0,0162523501478371;0,00970948517356644;-0,404625202958858;0,685753029968878;FALSE;100;"4";"Combined"
"hs_accesslines300_h_dic0";"hs_correct_raven";0;0,0121552684675508;0,013568906995633;0,0194156715104616;-0,0258987484286143;0,050209285363716;-0,0240614400938334;0,0530036486295366;0,626054497316834;0,531279196518465;FALSE;100;"4";"Combined"
"hs_accesspoints300_h_Log";"hs_correct_raven";0;-0,00619663394847088;-0,00568271544434217;0,00737068569248965;-0,0206429124471153;0,00824964455017349;-0,0183418420155736;0,0134162973136941;-0,840713361958296;0,400508533147866;FALSE;100;"4";"Combined"
"hs_builtdens300_h_Sqrt";"hs_correct_raven";0;-0,00435965132301239;-0,00470500285079164;0,00730455156038008;-0,0186763093045732;0,0099570066585484;-0,0164175012526412;0,00871798063609259;-0,596840379176617;0,550613956031213;FALSE;100;"4";"Combined"
"hs_connind300_h_Log";"hs_correct_raven";0;-0,0106360169117759;-0,0110189461288323;0,00553829870001749;-0,0214908828994352;0,000218849075883373;-0,0225227040179173;-0,0018612943153831;-1,92044840624835;0,0548012841906768;FALSE;100;"4";"Combined"
"hs_fdensity300_h_Log";"hs_correct_raven";0;0,0155852337825485;0,0159170163935651;0,00676025190494771;0,00233538352243268;0,0288350840426643;0,00352977237771142;0,0279619732179335;2,30542204664621;0,021142947939605;TRUE;100;"4";"Combined"
"hs_landuseshan300_h_None";"hs_correct_raven";0;0,0127906587500352;0,0133621207326405;0,00620763252335396;0,000623922575001989;0,0249573949250685;0,000362375678893561;0,0252473153055915;2,06047292617838;0,0393533514958083;TRUE;100;"4";"Combined"
"hs_popdens_h_Sqrt";"hs_correct_raven";0;-0,0144749351244545;-0,0144178853672688;0,00743643162620975;-0,0290500732853202;0,000100203036411232;-0,0286191917171018;0,00133636361394736;-1,94648937178922;0,0515959833932276;FALSE;100;"4";"Combined"
"hs_walkability_mean_h_None";"hs_correct_raven";0;-0,00168525260749562;-0,00188137735085146;0,00627707748910819;-0,0139880984143148;0,0106175931993235;-0,0126067060874656;0,00952857948622679;-0,268477266756676;0,788331971247109;FALSE;100;"4";"Combined"
"hs_accesslines300_s_dic0";"hs_correct_raven";0;0,00474215215272207;0,00641817483693917;0,0171140044730314;-0,0288006802456768;0,0382849845511209;-0,0291440658681881;0,0348216235472883;0,277091907986518;0,78170953514165;FALSE;100;"4";"Combined"
"hs_accesspoints300_s_Log";"hs_correct_raven";0;0,00463401520878723;0,00514644930077052;0,00648525329807853;-0,00807684768606628;0,0173448781036407;-0,0057508592927071;0,0185042215564292;0,714546525138843;0,474889297765928;FALSE;100;"4";"Combined"
"hs_builtdens300_s_Sqrt";"hs_correct_raven";0;-0,00586087215009402;-0,00501401214772678;0,007188209543747;-0,0199495039691652;0,0082277596689772;-0,0165967709363255;0,00823633403797092;-0,815345200279028;0,414874742596389;FALSE;100;"4";"Combined"
"hs_connind300_s_Log";"hs_correct_raven";0;0,00202788524027103;0,00334245747870565;0,00526518861195581;-0,00829169481097279;0,0123474652915148;-0,00747640647010694;0,0133273830059114;0,385149590969306;0,700126588351157;FALSE;100;"4";"Combined"
"hs_fdensity300_s_Log";"hs_correct_raven";0;0,00499349465004671;0,00559556020450021;0,00669249834596152;-0,00812356107463176;0,0181105503747252;-0,00564187274717013;0,0177178000864706;0,746133116799342;0,455587005891825;FALSE;100;"4";"Combined"
"hs_landuseshan300_s_None";"hs_correct_raven";0;0,00116657212564141;0,00145831687552232;0,00537545766876179;-0,00936913130555133;0,0117022755568341;-0,00816933133807266;0,0120684338756432;0,217018195942769;0,828194164538055;FALSE;100;"4";"Combined"
"hs_popdens_s_Sqrt";"hs_correct_raven";0;0,00500623328112632;0,00504539013883398;0,00618896453458531;-0,00712391430825658;0,0171363808705092;-0,0060145225961609;0,016615369805485;0,808896747291147;0,4185745400454;FALSE;100;"4";"Combined"
"h_Absorbance_Log";"hs_correct_raven";0;0,0055235687833696;0,00572420879635303;0,00631648081713699;-0,00685650612725702;0,0179036436939962;-0,00556072275208188;0,0179836987417225;0,874469335580634;0,381862712552818;FALSE;100;"4";"Combined"
"h_Benzene_Log";"hs_correct_raven";0;-0,00491780377399076;-0,00377417142616776;0,0054147159961145;-0,0155304521128881;0,00569484456490658;-0,0141974206130856;0,00714418562573113;-0,908229310183523;0,363757081505678;FALSE;100;"4";"Combined"
"h_NO2_Log";"hs_correct_raven";0;0,0160992261199921;0,0155958518994639;0,00617794096859323;0,00399068432293492;0,0282077679170493;0,00253185456490697;0,0260251122362221;2,60592100213254;0,0091627591757987;TRUE;100;"4";"Combined"
"h_PM_Log";"hs_correct_raven";0;-0,00557410830554771;-0,00401691710326257;0,00624851381915633;-0,0178209703479949;0,00667275373689952;-0,0166917440271776;0,00797319997054272;-0,892069453132828;0,372355706751992;FALSE;100;"4";"Combined"
"h_TEX_Log";"hs_correct_raven";0;-0,00596372291953501;-0,00674524852920549;0,00588685083429538;-0,0175017385371135;0,0055742926980435;-0,0191361226864664;0,00454822644515647;-1,01305826959158;0,31103232924724;FALSE;100;"4";"Combined"
"hs_KIDMED_None";"hs_correct_raven";0;0,010522292464191;0,0100321568857166;0,00560842882347294;-0,000470026039672363;0,0215146109680543;-0,000330547733723093;0,0208304798619352;1,8761569051482;0,0606337376709268;FALSE;100;"4";"Combined"
"hs_mvpa_prd_alt_None";"hs_correct_raven";0;-0,00917119389218483;-0,0106076218572906;0,00685395266106173;-0,0226046942596083;0,00426230647523862;-0,0240726673668173;0,000667632683859;-1,33808830403625;0,180867652970445;FALSE;100;"4";"Combined"
"hs_sd_wk_None";"hs_correct_raven";0;-0,00425141224978057;-0,0033389208193806;0,00500041411475444;-0,014052043822485;0,00554921932292387;-0,0135022056812225;0,00598246196872575;-0,85021203288667;0,395207212992901;FALSE;100;"4";"Combined"
"hs_dif_hours_total_None";"hs_correct_raven";0;0,00138437673397133;0,000220274394681009;0,00630471294324508;-0,0109726335676526;0,0137413870355952;-0,0121583257804533;0,0123715930072879;0,219578075391134;0,826199768002363;FALSE;100;"4";"Combined"
"hs_as_c_Log2";"hs_correct_raven";0;0,016338758198593;0,0169620408996686;0,00558927553957981;0,00538397944134588;0,0272935369558401;0,0068124200631247;0,0264909430151492;2,92323362534052;0,00346416487802669;TRUE;100;"4";"Combined"
"hs_cd_c_Log2";"hs_correct_raven";0;-0,00620656576986282;-0,00582840009523034;0,00449425748658608;-0,015015148580821;0,0026020170410954;-0,0144123336589258;0,00349831611636064;-1,38099915022391;0,16727922194106;FALSE;100;"4";"Combined"
"hs_co_c_Log2";"hs_correct_raven";0;0,0058778494703211;0,00574604218704241;0,00351538395513047;-0,00101217647356458;0,0127678754142068;-0,00158767062215024;0,0114436257137218;1,67203626839759;0,0945171704946509;FALSE;100;"4";"Combined"
"hs_cs_c_Log2";"hs_correct_raven";0;0,00276530564650155;0,00311494784788798;0,00582534837764053;-0,00865216737107273;0,0141827786640758;-0,00827078047084253;0,0152001465823572;0,474702192424342;0,634999255036683;FALSE;100;"4";"Combined"
"hs_cu_c_Log2";"hs_correct_raven";0;-1,34705518548395e-05;-0,000173307442949601;0,00484819788961002;-0,00951576380541357;0,0094888227017039;-0,00890698938832109;0,0086894297390006;-0,00277846576430134;0,997783107916299;FALSE;100;"4";"Combined"
"hs_hg_c_Log2";"hs_correct_raven";0;-0,0158477390452789;-0,0166705329122456;0,00604964642477758;-0,0277048281570444;-0,00399064993351334;-0,0280293808408564;-0,00490599190998565;-2,61961409519261;0,00880293199478748;TRUE;100;"4";"Combined"
"hs_mn_c_Log2";"hs_correct_raven";0;-0,00892102694018592;-0,0084003890681669;0,00465482796124538;-0,0180443220984569;0,000202268218085035;-0,0169662478838781;0,000647660336952502;-1,91651055945774;0,0553001404362829;FALSE;100;"4";"Combined"
"hs_mo_c_Log2";"hs_correct_raven";0;-0,00547340336443089;-0,00534405880912966;0,00467219479389781;-0,0146307368892261;0,00368393016036435;-0,0154204796087573;0,00222458626156998;-1,17148441061993;0,241404120463248;FALSE;100;"4";"Combined"
"hs_pb_c_Log2";"hs_correct_raven";0;-0,00810144692683529;-0,00757166207254032;0,00482262122874511;-0,017553610846254;0,00135071699258344;-0,0168565536475928;0,000946197037791844;-1,67988455708419;0,0929797790032866;FALSE;100;"4";"Combined"
"hs_hum_mt_hs_h_None";"hs_correct_raven";0;-0,0138891814233619;-0,0139750817259927;0,00699438041443411;-0,0275979151298251;-0,000180447716898686;-0,0282830495913028;-0,00103379548546617;-1,98576294116047;0,0470596524758366;TRUE;100;"4";"Combined"
"hs_tm_mt_hs_h_None";"hs_correct_raven";0;0,0198763202177969;0,0193679822085489;0,00767568239690892;0,00483225916308731;0,0349203812725064;0,00517376451602907;0,0360573743790512;2,58951832423411;0,00961103075257884;TRUE;100;"4";"Combined"
"hs_uvdvf_mt_hs_h_None";"hs_correct_raven";0;-0,0029271055698652;-0,00330696394810258;0,00771196205485792;-0,0180422734475262;0,0121880623077958;-0,0179871742595138;0,0132264207699367;-0,379553938290108;0,704276558272972;FALSE;100;"4";"Combined"
"hs_hum_dy_hs_h_None";"hs_correct_raven";0;-0,00765316749786983;-0,00865182303071117;0,00620025325395199;-0,019805440570643;0,00449910557490334;-0,0198302682649896;0,00224045997795179;-1,23433143525093;0,217079426785486;FALSE;100;"4";"Combined"
"hs_hum_wk_hs_h_None";"hs_correct_raven";0;-0,0147843369804393;-0,0144574503249304;0,00777744628517696;-0,030027851591081;0,000459177630202342;-0,0272116542273623;0,000536969068290307;-1,90092434435925;0,0573119228900406;FALSE;100;"4";"Combined"
"hs_tm_dy_hs_h_None";"hs_correct_raven";0;0,00423683596318532;0,00247534842412221;0,00691435838447355;-0,00931505744658539;0,017788729372956;-0,00810658739182658;0,0171268958099711;0,612759091674984;0,540035643740325;FALSE;100;"4";"Combined"
"hs_tm_wk_hs_h_None";"hs_correct_raven";0;-0,00637505425925596;-0,00555568946933663;0,0095205562955808;-0,0250350017113804;0,0122848931928685;-0,0254764107580694;0,0117831517837175;-0,669609428412823;0,50310680210409;FALSE;100;"4";"Combined"
"hs_uvdvf_dy_hs_h_None";"hs_correct_raven";0;-0,00246842169869242;-0,00311630865554145;0,00820323045789397;-0,0185464579530466;0,0136096145556618;-0,0194013137942698;0,0132404708729156;-0,300908491034414;0,763484275321072;FALSE;100;"4";"Combined"
"hs_uvdvf_wk_hs_h_None";"hs_correct_raven";0;-0,0165002091731118;-0,0148043541118532;0,00713383273648324;-0,0304822644083517;-0,00251815393787182;-0,0282279139507287;-0,00122618589125317;-2,31295150623981;0,0207253055045119;TRUE;100;"4";"Combined"
"hs_ndvi100_h_None";"hs_correct_raven";0;0,0022809661173162;0,00172250108663138;0,00898492672941757;-0,0153291666760735;0,0198910989107059;-0,0139692880637786;0,0181006459240955;0,253865856228753;0,799599193588082;FALSE;100;"4";"Combined"
"hs_ndvi100_s_None";"hs_correct_raven";0;-0,00326962430266087;-0,0041244039207343;0,00756744229886026;-0,018101538663512;0,0115622900581902;-0,0182182617823745;0,0107028526150206;-0,432064649261127;0,665694426712259;FALSE;100;"4";"Combined"
"hs_dde_cadj_Log2";"hs_correct_raven";0;0,00306228093746619;0,00277374456328625;0,00680115121668274;-0,0102677305006428;0,0163922923755751;-0,00999978189247134;0,017845713785898;0,450259204640918;0,65252355095405;FALSE;100;"4";"Combined"
"hs_ddt_cadj_Log2";"hs_correct_raven";0;-0,00976364237742558;-0,0108462958841818;0,00453119373316655;-0,0186446189014056;-0,000882665853445555;-0,0194500482389413;-0,00213718482857987;-2,15476162627071;0,0311804925492767;TRUE;100;"4";"Combined"
"hs_hcb_cadj_Log2";"hs_correct_raven";0;-8,13826957885108e-05;0,00134635130367666;0,00572386444262779;-0,0112999508557284;0,0111371854641514;-0,0113335869562819;0,0178320733831988;-0,0142181382183727;0,988655949243776;FALSE;100;"4";"Combined"
"hs_pcb118_cadj_Log2";"hs_correct_raven";0;-0,0101971879400579;-0,0106965685756881;0,00776664823225791;-0,0254195387558751;0,00502516287575929;-0,0244128603531561;0,00524641458461464;-1,31294576954123;0,189201222597022;FALSE;100;"4";"Combined"
"hs_pcb138_cadj_Log2";"hs_correct_raven";0;0,00921652030449015;0,00779855690255146;0,00679735384343479;-0,00410604841881696;0,0225390890277973;-0,00540166289689119;0,0189336904496291;1,35589826817562;0,175131538625023;FALSE;100;"4";"Combined"
"hs_pcb153_cadj_Log2";"hs_correct_raven";0;-0,00837934250368121;-0,00770775706833374;0,00781313558026541;-0,0236928068473299;0,00693412183996745;-0,0227255078524707;0,00637019259060135;-1,07246859056765;0,283509614386883;FALSE;100;"4";"Combined"
"hs_pcb170_cadj_Log2";"hs_correct_raven";0;0,00652424073438593;0,00678818428667797;0,00780492781753725;-0,00877313668992188;0,0218216181586937;-0,00936659642970394;0,0207782212805163;0,835913013791917;0,403203840683976;FALSE;100;"4";"Combined"
"hs_pcb180_cadj_Log2";"hs_correct_raven";0;0,00200988646626816;0,000743481606600692;0,00613808514481796;-0,0100205393516154;0,0140403122841517;-0,0110885880320669;0,0116168100661842;0,327445191594482;0,743331190688529;FALSE;100;"4";"Combined"
"hs_sumPCBs5_cadj_Log2";"hs_correct_raven";0;0,00196137893795418;0,00237718465550941;0,00830575222842867;-0,0143175962942793;0,0182403541701877;-0,0141660174848025;0,0178764922595497;0,236147056161974;0,813318560749218;FALSE;100;"4";"Combined"
"hs_pfhxs_c_Log2";"hs_correct_raven";0;0,0186250707825951;0,0196087322596487;0,0070619272965731;0,00478394761987153;0,0324661939453187;0,00605837794398838;0,0348959706258272;2,63739203200707;0,00835462164145602;TRUE;100;"4";"Combined"
"hs_pfna_c_Log2";"hs_correct_raven";0;-0,00881563096581117;-0,00875848529213106;0,00651344554091824;-0,0215817496412739;0,00395048770965159;-0,0212759509226757;0,00305864991912916;-1,3534512433443;0,175911516239455;FALSE;100;"4";"Combined"
"hs_pfoa_c_Log2";"hs_correct_raven";0;0,00830431313437172;0,00841511920372167;0,0056659996026688;-0,00280084202327737;0,0194094682920208;-0,00132821482645176;0,0178322998446003;1,4656395546622;0,142746509343892;FALSE;100;"4";"Combined"
"hs_pfos_c_Log2";"hs_correct_raven";0;0,00518300820386599;0,00510356948123345;0,00690158231853288;-0,00834384457679689;0,0187098609845289;-0,00696749876342518;0,0179027730748404;0,750988391451626;0,452659642108541;FALSE;100;"4";"Combined"
"hs_pfunda_c_Log2";"hs_correct_raven";0;0,0085129773065256;0,00947054074761453;0,0048223047642463;-0,000938566353873059;0,0179645209669243;0,000871063171908483;0,0180725038974032;1,76533374033985;0,0775076921260722;FALSE;100;"4";"Combined"
"hs_hm_pers_None";"hs_correct_raven";0;-0,00924175298651665;-0,01010472278616;0,00521015662643744;-0,0194534723281467;0,000969966355113438;-0,0187345382976341;-0,000932578503056739;-1,77379561674251;0,0760969634302635;FALSE;100;"4";"Combined"
"hs_trafload_h_pow1over3";"hs_correct_raven";0;0,0011368142216402;0,00189641030520195;0,00602075085657035;-0,0106636406171264;0,0129372690604068;-0,0100047796777799;0,0124454387281828;0,188816021244195;0,850237014568801;FALSE;100;"4";"Combined"
"hs_trafnear_h_pow1over3";"hs_correct_raven";0;-0,0102626081858301;-0,0104854195086527;0,00648472013594022;-0,0229724261020946;0,00244720973043444;-0,0241745813277752;0,00109558876327065;-1,58258305226646;0,113516528834051;FALSE;100;"4";"Combined"
"FAS_cat_None_Low";"hs_correct_raven";0;-0,00200350950322909;-0,000140090265244566;0,0195546621470686;-0,0403299430413323;0,0363229240348741;-0,0363190017592639;0,0404051349254872;-0,10245687131595;0,918394044342032;FALSE;100;"4";"Combined"
"FAS_cat_None_Middle";"hs_correct_raven";0;0,00995245417343303;0,0123619910208523;0,0102644416868754;-0,0101654818542543;0,0300703902011203;-0,00561377035782498;0,0327371713423734;0,969605018669328;0,332243410381998;FALSE;100;"4";"Combined"
"hs_globalexp2_None_no exposure";"hs_correct_raven";0;0,0387509058775142;0,0391815811032341;0,0112584301930708;0,0166847881766371;0,0608170235783914;0,0181022421906333;0,0578531586450343;3,44194574314313;0,00057754607753149;TRUE;100;"4";"Combined"
"h_abs_ratio_preg_Log";"hs_Gen_Tot";0;-0,00384541661614012;-0,00238327152537574;0,00243313182993262;-0,0086142673724461;0,000923434140165855;-0,00801772407392118;0,00155616122753991;-1,58043907396773;0,114006349195094;FALSE;100;"4";"Combined"
"h_no2_ratio_preg_Log";"hs_Gen_Tot";0;-0,00722323084873875;-0,00503628919842175;0,00270991394779792;-0,0125345645876254;-0,00191189710985207;-0,00980311993873611;-0,000136788556825021;-2,66548347581603;0,00768777096965522;TRUE;100;"4";"Combined"
"h_pm10_ratio_preg_None";"hs_Gen_Tot";0;-0,000735124132718022;-0,00112743876743322;0,0020438616603038;-0,0047410193762957;0,00327077111085966;-0,00527813480929535;0,00325473584393325;-0,359674114445081;0,719090851986045;FALSE;100;"4";"Combined"
"h_pm25_ratio_preg_None";"hs_Gen_Tot";0;-0,00329406118490917;-0,00223477695052068;0,00257656827762654;-0,00834404221276559;0,00175591984294725;-0,00794534176166914;0,00200908226812306;-1,27846842387719;0,201084311481113;FALSE;100;"4";"Combined"
"h_accesslines300_preg_dic0";"hs_Gen_Tot";0;0,00979160267457622;0,0070904370472626;0,00479686601836853;0,000389918039909853;0,0191932873092426;-0,00247654996872871;0,0171587074465787;2,04124998219284;0,0412259859171786;TRUE;100;"4";"Combined"
"h_accesspoints300_preg_Log";"hs_Gen_Tot";0;0,00507514523420327;0,00365698518025857;0,00246279618748694;0,000248153405466325;0,00990213706294022;-0,000340798094753966;0,0096135489468522;2,06072482164349;0,0393293001975489;TRUE;100;"4";"Combined"
"h_builtdens300_preg_Sqrt";"hs_Gen_Tot";0;-0,00252692468882194;-0,00188482611868734;0,00235575500806668;-0,0071441196610325;0,00209027028338861;-0,00801881040460617;0,001710251331296;-1,07266022152946;0,283423594123125;FALSE;100;"4";"Combined"
"h_connind300_preg_Sqrt";"hs_Gen_Tot";0;0,00022544532387016;0,000404440672778783;0,00177572296788814;-0,00325490773971117;0,00370579838745149;-0,00305726896244922;0,00403931874265714;0,126959738623126;0,898972264540544;FALSE;100;"4";"Combined"
"h_fdensity300_preg_Log";"hs_Gen_Tot";0;-0,00399737430541158;-0,00243740230228533;0,00242154793264693;-0,00874352104023698;0,000748772429413813;-0,0076971966307359;0,00206073514270787;-1,6507516747943;0,0987892914490924;FALSE;100;"4";"Combined"
"h_frichness300_preg_None";"hs_Gen_Tot";0;0,00241502641935735;0,00207748984612395;0,00171111478704256;-0,000938696936659982;0,00576874977537468;-0,000397226127033424;0,00547097542065886;1,4113760442287;0,158133762727096;FALSE;100;"4";"Combined"
"h_landuseshan300_preg_None";"hs_Gen_Tot";0;0,00314650972722062;0,00225520193384914;0,0018877046687321;-0,000553323436942402;0,00684634289138364;-0,00129730232500411;0,00587488247200369;1,66684427884263;0,0955453730733301;FALSE;100;"4";"Combined"
"h_popdens_preg_Sqrt";"hs_Gen_Tot";0;0,00659059746887552;0,00503139983405452;0,00302412376575158;0,000663423803210794;0,0125177711345403;0,000273530505374677;0,0124471206825774;2,17934118421823;0,0293063318946662;TRUE;100;"4";"Combined"
"h_walkability_mean_preg_None";"hs_Gen_Tot";0;-0,00436118751193243;-0,00332618123768197;0,0020787037756388;-0,00843537204671192;-0,000287002977152946;-0,00694275504270604;0,00179492769051208;-2,09803222712298;0,035902298612569;TRUE;100;"4";"Combined"
"hs_as_m_Log2";"hs_Gen_Tot";0;-5,48931080697544e-05;-7,58855824826369e-06;0,0016133509257222;-0,00321700281690963;0,00310721660077012;-0,00310506977219625;0,00272476365173349;-0,0340242827487652;0,972857787075396;FALSE;100;"4";"Combined"
"hs_cd_m_Log2";"hs_Gen_Tot";0;0,00307220716332173;0,0018912397492855;0,00175999956329646;-0,00037732859354556;0,00652174292018902;-0,00167829495810754;0,00592052302771282;1,74557268501108;0,080885232089882;FALSE;100;"4";"Combined"
"hs_co_m_Log2";"hs_Gen_Tot";0;0,0025337244290802;0,00212520671840389;0,00188214260722193;-0,0011552072948431;0,00622265615300351;-0,0011444604611517;0,00609098557611043;1,34619152627336;0,178240757147994;FALSE;100;"4";"Combined"
"hs_cs_m_Log2";"hs_Gen_Tot";0;-0,00270184896247502;-0,00229184875003744;0,00185428036803562;-0,00633617170106451;0,000932473776114482;-0,0062481701900062;0,000980035923471154;-1,45708761687278;0,14509219615501;FALSE;100;"4";"Combined"
"hs_cu_m_Log2";"hs_Gen_Tot";0;-0,000484819970622821;-0,000506521156336353;0,00183140328515007;-0,00407430445068529;0,00310466450943965;-0,00469613073186797;0,00278596270129583;-0,264725947885964;0,791220586890337;FALSE;100;"4";"Combined"
"hs_hg_m_Log2";"hs_Gen_Tot";0;0,000867880316198336;0,000374086766838464;0,00172152704249401;-0,00250625068550168;0,00424201131789835;-0,00341463696664957;0,00352272102685694;0,504134001253341;0,614167215046622;FALSE;100;"4";"Combined"
"hs_mn_m_Log2";"hs_Gen_Tot";0;-0,0030651435780438;-0,00217275863593901;0,00210054875123441;-0,00718214347823383;0,00105185632214624;-0,00697733167768959;0,0010372376153863;-1,45921087346463;0,144507076967645;FALSE;100;"4";"Combined"
"hs_mo_m_Log2";"hs_Gen_Tot";0;-0,00276802806969529;-0,00198288653750882;0,00159323127418465;-0,00589070398614006;0,000354647846749479;-0,00531233659582856;0,000216109697173015;-1,73736739577363;0,0823223424083931;FALSE;100;"4";"Combined"
"hs_pb_m_Log2";"hs_Gen_Tot";0;-0,00369479952680632;-0,00257300381723022;0,00156081371172244;-0,00675393818835858;-0,000635660865254065;-0,00561949357602734;-0,000103812275976564;-2,36722646594956;0,017921962521716;TRUE;100;"4";"Combined"
"h_humidity_preg_None";"hs_Gen_Tot";0;0,0097282890481978;0,00849225142657608;0,00275527387494926;0,00432805148575313;0,0151285266106425;0,00338795889049862;0,0142447432147791;3,53078840424782;0,00041432305135763;TRUE;100;"4";"Combined"
"h_pressure_preg_None";"hs_Gen_Tot";0;-0,00337567214496376;-0,00379367620730064;0,00242043057566167;-0,00811962890034019;0,00136828461041267;-0,0077005779184158;0,00102895999158152;-1,39465770219043;0,163119085722547;FALSE;100;"4";"Combined"
"h_temperature_preg_None";"hs_Gen_Tot";0;-0,00494908763833236;-0,0030355062218551;0,00281573722334138;-0,0104678311860103;0,000569655909345548;-0,00929613227249828;0,00107602904595291;-1,75765252428612;0,0788066504634261;FALSE;100;"4";"Combined"
"h_ndvi100_preg_None";"hs_Gen_Tot";0;0,00195105118111014;0,00173688800618664;0,00246806412202711;-0,00288626560959846;0,00678836797181874;-0,00230029710991927;0,00792409188580833;0,79051883769846;0,429224825292699;FALSE;100;"4";"Combined"
"hs_dde_madj_Log2";"hs_Gen_Tot";0;0,00239044338174999;0,00123154698849784;0,00194881768947872;-0,00142916910206286;0,00621005586556285;-0,00223937089738692;0,00501289229806886;1,22661211187456;0,219968414721251;FALSE;100;"4";"Combined"
"hs_ddt_madj_Log2";"hs_Gen_Tot";0;-0,00202448714990778;-0,0013682060409339;0,00140888518165076;-0,00478585136429543;0,000736877064479883;-0,00405298074867711;0,00117127296169551;-1,43694260985535;0,150734301256267;FALSE;100;"4";"Combined"
"hs_hcb_madj_Log2";"hs_Gen_Tot";0;-0,00195367345953783;-0,00129692783695438;0,00174056680631524;-0,00536512171260162;0,00145777479352595;-0,00530428930435968;0,00145043000027279;-1,12243520469848;0,261677443021657;FALSE;100;"4";"Combined"
"hs_pcb118_madj_Log2";"hs_Gen_Tot";0;0,00846283258115574;0,00510201104481761;0,00342632754272264;0,00174735399818174;0,0151783111641297;-0,000293325291419421;0,0120758066769821;2,46994266474331;0,0135134709176521;TRUE;100;"4";"Combined"
"hs_pcb138_madj_Log2";"hs_Gen_Tot";0;-0,00609071810110041;-0,0039667664924291;0,00358965387536919;-0,0131263104137887;0,000944874211587832;-0,0115690079768417;0,00129804790767633;-1,69674244720154;0,0897453638625612;FALSE;100;"4";"Combined"
"hs_pcb153_madj_Log2";"hs_Gen_Tot";0;-0,000611148013198367;-0,00106730681515231;0,00270531167124472;-0,00591346145579388;0,00469116542939714;-0,00716984152266188;0,00350630699314294;-0,225906693004868;0,821273992117273;FALSE;100;"4";"Combined"
"hs_pcb170_madj_Log2";"hs_Gen_Tot";0;-0,00311500758455451;-0,0017038676745839;0,00296362546310307;-0,00892360675590237;0,00269359158679334;-0,00805526823378818;0,00275434613968674;-1,05108004480868;0,293221828281154;FALSE;100;"4";"Combined"
"hs_pcb180_madj_Log2";"hs_Gen_Tot";0;-0,000747031810777197;-0,000287288709613504;0,00195155012899777;-0,00457199977763732;0,00307793615608292;-0,00394276234642762;0,00369681410217057;-0,382788942839424;0,701876260563345;FALSE;100;"4";"Combined"
"hs_sumPCBs5_madj_Log2";"hs_Gen_Tot";0;-0,000649660787734128;-0,000712238305524622;0,00205596792810963;-0,00467928388019844;0,00337996230473018;-0,0046127029455714;0,00314331385081032;-0,315987802558507;0,752011766325501;FALSE;100;"4";"Combined"
"hs_pfhxs_m_Log2";"hs_Gen_Tot";0;-0,00535599713685384;-0,00293693715963641;0,00235970385445216;-0,00998093170576042;-0,00073106256794727;-0,0078142495941567;0,000899921847583558;-2,26977513587074;0,0232212299142046;TRUE;100;"4";"Combined"
"hs_pfna_m_Log2";"hs_Gen_Tot";0;-0,000642384771504387;-0,000624479078628426;0,0022784315578685;-0,00510802856616614;0,00382325902315736;-0,00496142744314683;0,00351579570832437;-0,28194165819286;0,777988246089406;FALSE;100;"4";"Combined"
"hs_pfoa_m_Log2";"hs_Gen_Tot";0;-0,00131886474246527;-0,00105347638091425;0,00182835307711292;-0,00490237092462958;0,00226464143969903;-0,00484747606898365;0,00292934726244503;-0,721340291968026;0,470700172707251;FALSE;100;"4";"Combined"
"hs_pfos_m_Log2";"hs_Gen_Tot";0;-0,00256293763185645;-0,00233615258434423;0,00201622565155712;-0,00651466729361421;0,00138879202990131;-0,00641231957196326;0,00164814519591492;-1,27115614756568;0,203673103798917;FALSE;100;"4";"Combined"
"hs_pfunda_m_Log2";"hs_Gen_Tot";0;-0,00310942466524759;-0,0021203676651854;0,00159833575408666;-0,00624210517846012;2,32558479649364e-05;-0,00550470435642846;0,000436542836182708;-1,94541394528486;0,0517251776919813;FALSE;100;"4";"Combined"
"e3_asmokcigd_p_None";"hs_Gen_Tot";0;-0,00159373784553812;-0,0011976712145256;0,00227818910250688;-0,00605890643642323;0,00287143074534699;-0,00604014473978583;0,00283754988705705;-0,69956345756566;0,484199970280345;FALSE;100;"4";"Combined"
"h_distinvnear1_preg_Log";"hs_Gen_Tot";0;0,000225359090370609;-3,21684454622583e-05;0,00131807886269634;-0,00235802800929774;0,00280874619003896;-0,00263638135466959;0,00262842909605566;0,170975422449003;0,864243091061276;FALSE;100;"4";"Combined"
"h_trafload_preg_pow1over3";"hs_Gen_Tot";0;0,000743070888507307;0,000555850866802248;0,00182733627525313;-0,00283844239863239;0,004324584175647;-0,00387155739362623;0,0038215141180638;0,406641568150545;0,68427126227242;FALSE;100;"4";"Combined"
"h_trafnear_preg_pow1over3";"hs_Gen_Tot";0;0,00073903482994675;0,0005598556914239;0,00204611039473197;-0,00327126785212095;0,00474933751201445;-0,00304901248123819;0,00495513828512994;0,36119010579757;0,717957338040386;FALSE;100;"4";"Combined"
"h_bro_preg_Log";"hs_Gen_Tot";0;-0,00408457374756041;-0,00198180485110853;0,00325366029022807;-0,0104616307343356;0,00229248323921474;-0,00854040678979412;0,00269179278181074;-1,25537806138763;0,209341549570127;FALSE;100;"4";"Combined"
"h_clf_preg_Log";"hs_Gen_Tot";0;0,00277784206518939;0,00191641981356867;0,00232933174757682;-0,00178756426810692;0,00734324839848569;-0,00182652897127575;0,00697856942396724;1,19254892227316;0,233046080025752;FALSE;100;"4";"Combined"
"h_thm_preg_Log";"hs_Gen_Tot";0;0,00247963473117931;0,00190573868903653;0,00279115933173303;-0,00299093703413031;0,00795020649648893;-0,00330171090594754;0,0078099292996993;0,888388814994559;0,374331639805507;FALSE;100;"4";"Combined"
"e3_alcpreg_yn_None_1";"hs_Gen_Tot";0;-0,00243107141739988;-0,000863461711879249;0,00390700061817365;-0,010088651916596;0,00522650908179621;-0,00960829652582576;0,00477831760697816;-0,622234715318855;0,533787542047022;FALSE;100;"4";"Combined"
"h_pamod_t3_None_Often";"hs_Gen_Tot";0;0,0141328886361635;0,0149601838375809;0,0046627223464651;0,00499412076718177;0,0232716565051452;0,00681161659277244;0,0235345907007107;3,03103800441342;0,00243714569979851;TRUE;100;"4";"Combined"
"h_pamod_t3_None_Sometimes";"hs_Gen_Tot";0;0,00989599952270216;0,0105032575361487;0,0044463620005067;0,00118129013948156;0,0186107089059228;0,00245565721910487;0,0182648562731671;2,22563964013151;0,0260383287740487;TRUE;100;"4";"Combined"
"h_pamod_t3_None_Very Often";"hs_Gen_Tot";0;0,0119752781778305;0,012756351156922;0,00507105694196635;0,00203618920802463;0,0219143671476364;0,00348438872777569;0,0229464749221096;2,361495505745;0,0182013925356733;TRUE;100;"4";"Combined"
"h_pavig_t3_None_Low";"hs_Gen_Tot";0;0,0196181607328769;0,0189595334047139;0,00598624019118443;0,00788534555534926;0,0313509759104045;0,00973131521734424;0,0328096579643825;3,27720908388664;0,00104838704208859;TRUE;100;"4";"Combined"
"h_pavig_t3_None_Medium";"hs_Gen_Tot";0;0,0292472085993121;0,0250201423328581;0,00703427686913757;0,0154602792785193;0,0430341379201049;0,0138220264041815;0,0402873229114471;4,15781311191095;3,21308711637274e-05;TRUE;100;"4";"Combined"
"hs_no2_dy_hs_h_Log";"hs_Gen_Tot";0;0,00717080593839663;0,005407682003732;0,00298855500702161;0,00131334575881744;0,0130282661179758;0,000734764761156298;0,0120245276784993;2,39942243711387;0,0164209582839628;TRUE;100;"4";"Combined"
"hs_no2_wk_hs_h_Log";"hs_Gen_Tot";0;0,0016982263926701;0,00168598409154913;0,00225960543821791;-0,00273051888550785;0,00612697167084806;-0,00173807588217754;0,00720474973318739;0,751558818166701;0,452316416723541;FALSE;100;"4";"Combined"
"hs_no2_yr_hs_h_Log";"hs_Gen_Tot";0;0,00242456217078647;0,00312455904349444;0,00232858944348526;-0,0021393892732248;0,00698851361479775;-0,00185092367619783;0,00687173747049274;1,04121496280494;0,29777579282734;FALSE;100;"4";"Combined"
"hs_pm10_dy_hs_h_None";"hs_Gen_Tot";0;0,00165233187969986;0,00102725365339639;0,00198061389839701;-0,00222960002843775;0,00553426378783747;-0,00322762272840361;0,00482960936919443;0,834252390653807;0,404138774038459;FALSE;100;"4";"Combined"
"hs_pm10_wk_hs_h_None";"hs_Gen_Tot";0;-0,00250294080304827;-0,00210792744564117;0,00281282718775717;-0,00801598078578741;0,00301009917969088;-0,0108683459251953;0,00202390696086419;-0,889830990663882;0,373556643274395;FALSE;100;"4";"Combined"
"hs_pm10_yr_hs_h_None";"hs_Gen_Tot";0;-0,000736266769759707;0,000183806939213368;0,00272100316919627;-0,00606933498320375;0,00459680144368433;-0,00498038819206637;0,00611543439433709;-0,270586516801884;0,786709067127755;FALSE;100;"4";"Combined"
"hs_pm25_dy_hs_h_None";"hs_Gen_Tot";0;0,00300725928920991;0,00221208413617126;0,00207011709125578;-0,00105009565343223;0,00706461423185206;-0,00161739442907869;0,0062768912092472;1,45270009214099;0,146307041407873;FALSE;100;"4";"Combined"
"hs_pm25_wk_hs_h_None";"hs_Gen_Tot";0;-0,0022758352750029;-0,00196899029502785;0,00235105030591983;-0,00688380920044763;0,00233213865044184;-0,007104729798268;0,00183501192027674;-0,968007902371319;0,333040423095387;FALSE;100;"4";"Combined"
"hs_pm25_yr_hs_h_None";"hs_Gen_Tot";0;0,00889116799365273;0,00716092423509717;0,00305368155647094;0,00290606212271547;0,01487627386459;0,000867225686153879;0,0127225897226452;2,91162252161224;0,00359556863485937;TRUE;100;"4";"Combined"
"hs_pm25abs_dy_hs_h_Log";"hs_Gen_Tot";0;-0,006075076982582;-0,00402734004975884;0,00208637354383837;-0,0101642939868024;-0,00198585997836161;-0,00810785285773748;-0,000448839427823261;-2,91178777670153;0,00359366705414774;TRUE;100;"4";"Combined"
"hs_pm25abs_wk_hs_h_Log";"hs_Gen_Tot";0;0,000430690593822844;-0,000213673685905426;0,00196002864285539;-0,00341089495484063;0,00427227614248632;-0,00401755529379387;0,00319744426661636;0,219736887719871;0,826076074453764;FALSE;100;"4";"Combined"
"hs_pm25abs_yr_hs_h_Log";"hs_Gen_Tot";0;-0,00257440005071521;-0,00216213590670298;0,0021469505176014;-0,00678234574180357;0,00163354564037316;-0,00645113081977944;0,00195274847865915;-1,19909612709256;0,230490569869431;FALSE;100;"4";"Combined"
"hs_accesslines300_h_dic0";"hs_Gen_Tot";0;-0,00700247127741706;-0,00467861971542404;0,00684146304031179;-0,0204114924379901;0,00640654988315595;-0,0187109150434881;0,010436806983213;-1,0235341821123;0,306055346713024;FALSE;100;"4";"Combined"
"hs_accesspoints300_h_Log";"hs_Gen_Tot";0;0,000734610285716307;0,000518878689934753;0,00271284301420161;-0,00458246431782993;0,00605168488926254;-0,00389214585830297;0,00575943732822623;0,270789825238931;0,786552685895422;FALSE;100;"4";"Combined"
"hs_builtdens300_h_Sqrt";"hs_Gen_Tot";0;-0,000869015853522035;-0,000605310186095802;0,00183091274866563;-0,0044575388997419;0,00271950719269783;-0,00422796493595729;0,00285117899413945;-0,474635317360358;0,635046928722983;FALSE;100;"4";"Combined"
"hs_connind300_h_Log";"hs_Gen_Tot";0;0,00645202208823137;0,0042561865569793;0,00234391500275743;0,00185803310000371;0,011046011076459;0,000243697470727003;0,00886945934952294;2,75266896651162;0,00591116340135837;TRUE;100;"4";"Combined"
"hs_fdensity300_h_Log";"hs_Gen_Tot";0;-0,000616037160752734;-0,000115330604931736;0,00234401469410702;-0,00521022154043515;0,00397814721892969;-0,00492788779177205;0,00379308177274247;-0,262812840850139;0,7926948377949;FALSE;100;"4";"Combined"
"hs_landuseshan300_h_None";"hs_Gen_Tot";0;-0,0036924189137736;-0,00248204828371405;0,00216782255707361;-0,0079412730505114;0,000556435222964199;-0,00712645189297353;0,00123199203098878;-1,70328466309442;0,088514809334326;FALSE;100;"4";"Combined"
"hs_popdens_h_Sqrt";"hs_Gen_Tot";0;0,00488972680077637;0,00315900417735227;0,00249418689586306;1,21031417302329e-06;0,00977824328737971;-0,000559685533649562;0,00819677302062746;1,96044923854208;0,0499433055589407;TRUE;100;"4";"Combined"
"hs_walkability_mean_h_None";"hs_Gen_Tot";0;-0,00365880765187768;-0,00303274524557458;0,00177621175797182;-0,00714011872641902;-0,000177496577336342;-0,00667148753737936;6,96629229066353e-05;-2,05989383611305;0,0394086911059437;TRUE;100;"4";"Combined"
"hs_accesslines300_s_dic0";"hs_Gen_Tot";0;0,00444261914430493;0,00444687223668907;0,00611450467828121;-0,00754158980842791;0,0164268280970378;-0,00438491785822158;0,0195689266713606;0,726570569172212;0,467489062772043;FALSE;100;"4";"Combined"
"hs_accesspoints300_s_Log";"hs_Gen_Tot";0;0,000896627852775216;0,00097860058359855;0,00204289442087616;-0,00310737163635987;0,0049006273419103;-0,00311473871711624;0,00482236640884776;0,438900730068404;0,66073346771144;FALSE;100;"4";"Combined"
"hs_builtdens300_s_Sqrt";"hs_Gen_Tot";0;0,00118588454982371;0,000290053361287803;0,00224422294156298;-0,00321271158891827;0,00558448068856569;-0,00441774792484977;0,00451158122676372;0,52841655250071;0,597210251409539;FALSE;100;"4";"Combined"
"hs_connind300_s_Log";"hs_Gen_Tot";0;-0,000619408605406414;-0,000650848178936663;0,00140196016000159;-0,00336720002676954;0,00212838281595671;-0,00304702222884937;0,00249065574380323;-0,441816125078555;0,658622268970947;FALSE;100;"4";"Combined"
"hs_fdensity300_s_Log";"hs_Gen_Tot";0;-0,000161830484481752;0,000169623261224874;0,00208181513079111;-0,00424211316330286;0,00391845219433936;-0,0037556288839672;0,00425231792141744;-0,0777352811439387;0,938038628713659;FALSE;100;"4";"Combined"
"hs_landuseshan300_s_None";"hs_Gen_Tot";0;-0,000682409724167362;-0,000239499758959684;0,00193038744606529;-0,00446589959466359;0,00310108014632887;-0,0036813250402214;0,00388661036379183;-0,353509201253001;0,723706731909077;FALSE;100;"4";"Combined"
"hs_popdens_s_Sqrt";"hs_Gen_Tot";0;-0,00194660669113109;-0,00143512356252128;0,00184406888955308;-0,00556091529966589;0,00166770191740371;-0,00496569159529703;0,00211835900225653;-1,0556041057679;0,291149124333513;FALSE;100;"4";"Combined"
"h_Absorbance_Log";"hs_Gen_Tot";0;-0,00235863083014363;-0,00183153175546824;0,0022023191683195;-0,00667509708251205;0,00195783542222479;-0,00588718264340118;0,00304081156725101;-1,07097593485662;0,284180250393534;FALSE;100;"4";"Combined"
"h_Benzene_Log";"hs_Gen_Tot";0;0,00230893527142297;0,00125382847741231;0,00268021284355544;-0,00294418537284738;0,00756205591569332;-0,00230298881913403;0,00919727699963251;0,861474594069943;0,388976707922744;FALSE;100;"4";"Combined"
"h_NO2_Log";"hs_Gen_Tot";0;0,00162376390646852;0,00173396333584621;0,00191002260395944;-0,00211981160694938;0,00536733941988642;-0,00195388668493239;0,00587111893039754;0,850128110056128;0,395253864804698;FALSE;100;"4";"Combined"
"h_PM_Log";"hs_Gen_Tot";0;0,00428442417834236;0,00284928920495138;0,00203977464536445;0,000286539336850068;0,00828230901983465;-0,000115110882605268;0,00724300753089782;2,10043996187473;0,0356901567895579;TRUE;100;"4";"Combined"
"h_TEX_Log";"hs_Gen_Tot";0;-8,43557079003228e-05;-0,000107282371766323;0,00182008072630397;-0,00365164838041161;0,00348293696461097;-0,00336402993033441;0,00372157749953656;-0,0463472343183499;0,963033492192237;FALSE;100;"4";"Combined"
"hs_KIDMED_None";"hs_Gen_Tot";0;-0,00187302053143383;-0,000907542987607782;0,00219606327606165;-0,00617722546028571;0,00243118439741805;-0,00524478674910786;0,00249977722327437;-0,852899163631042;0,393715225554012;FALSE;100;"4";"Combined"
"hs_mvpa_prd_alt_None";"hs_Gen_Tot";0;0,000751178197710377;0,000526364856386689;0,00209075822917901;-0,00334663263186123;0,00484898902728199;-0,00432371407172302;0,00475733653354785;0,359285060906036;0,719381848946382;FALSE;100;"4";"Combined"
"hs_sd_wk_None";"hs_Gen_Tot";0;0,00309950488519244;0,00215121491130671;0,00167078518469542;-0,000175173902713673;0,00637418367309856;-0,000698235058197958;0,00582105586490201;1,8551187271615;0,0635792740973471;FALSE;100;"4";"Combined"
"hs_dif_hours_total_None";"hs_Gen_Tot";0;-0,00261279636385598;-0,00160025613118128;0,00231409884195646;-0,00714834675075649;0,00192275402304453;-0,00643235762063723;0,00205525928505318;-1,12907725309044;0,258865246090298;FALSE;100;"4";"Combined"
"hs_as_c_Log2";"hs_Gen_Tot";0;-0,00438449969314081;-0,00277752778798759;0,00194118592583541;-0,00818915419507424;-0,000579845191207368;-0,00698758857348578;0,000131146976767682;-2,25867065837802;0,0239038789491518;TRUE;100;"4";"Combined"
"hs_cd_c_Log2";"hs_Gen_Tot";0;0,00331164023978599;0,00207898302222264;0,00153404729997082;0,000304962781262272;0,00631831769830971;-0,000946106691603958;0,00511955612443406;2,15876018936899;0,0308687765160677;TRUE;100;"4";"Combined"
"hs_co_c_Log2";"hs_Gen_Tot";0;-0,00453672360512427;-0,00316646580650032;0,00193349935214495;-0,0083263126994599;-0,000747134510788633;-0,00734699558182238;-0,000231944476085823;-2,34637968721913;0,0189567853013116;TRUE;100;"4";"Combined"
"hs_cs_c_Log2";"hs_Gen_Tot";0;-0,000295994727549898;-0,000375360165661382;0,00262862117042081;-0,00544799755057422;0,00485600809547442;-0,00579835113648588;0,00471123063503293;-0,112604558953055;0,910344070519981;FALSE;100;"4";"Combined"
"hs_cu_c_Log2";"hs_Gen_Tot";0;-0,000934741855722789;-0,000599740357293018;0,00196462202246373;-0,00478533026298594;0,00291584655154036;-0,00405048960959703;0,0040600552320688;-0,475787120899001;0,634226046174184;FALSE;100;"4";"Combined"
"hs_hg_c_Log2";"hs_Gen_Tot";0;0,00117284927813531;0,000256439404912035;0,00186961241975965;-0,00249152372964239;0,004837222285913;-0,00307582899360763;0,00415273180111112;0,627322147488773;0,530448088570856;FALSE;100;"4";"Combined"
"hs_mn_c_Log2";"hs_Gen_Tot";0;0,00263413081540798;0,00145373302819851;0,002117738502172;-0,00151656037752295;0,0067848220083389;-0,001702906044145;0,00602447296996131;1,24384139623771;0,213557941467254;FALSE;100;"4";"Combined"
"hs_mo_c_Log2";"hs_Gen_Tot";0;-0,00123611913875541;-0,00126214252355652;0,00178447999461034;-0,0047336356593239;0,00226139738181309;-0,00487519128637893;0,002361725233822;-0,692705517847695;0,488494375607516;FALSE;100;"4";"Combined"
"hs_pb_c_Log2";"hs_Gen_Tot";0;0,00425755993662215;0,0030448386900036;0,00224753218484601;-0,00014752219977065;0,00866264207301495;-0,000183176275209794;0,00861079915589468;1,89432657086237;0,0581816762684707;FALSE;100;"4";"Combined"
"hs_hum_mt_hs_h_None";"hs_Gen_Tot";0;-0,00434012727880505;-0,00396455967971959;0,00232445907613458;-0,00889598335156608;0,000215728793955974;-0,00801260474850918;0,00012037996610471;-1,86715581417006;0,0618798319996796;FALSE;100;"4";"Combined"
"hs_tm_mt_hs_h_None";"hs_Gen_Tot";0;-0,000596195869092568;0,00021667420983713;0,00246511643299277;-0,00542773529545625;0,00423534355727111;-0,00506610808359455;0,00404566001872118;-0,241853026134249;0,808894049373842;FALSE;100;"4";"Combined"
"hs_uvdvf_mt_hs_h_None";"hs_Gen_Tot";0;-0,00481840337122675;-0,00367900721469004;0,00238356743759423;-0,00949010970363386;-0,000146697038819635;-0,00778305721849618;0,000214919958917251;-2,02150914433117;0,0432270867095329;TRUE;100;"4";"Combined"
"hs_hum_dy_hs_h_None";"hs_Gen_Tot";0;-0,00281468739499104;-0,00250105894194774;0,00223439679296956;-0,00719402463638318;0,0015646498464011;-0,00798512065654007;0,000754657790964119;-1,25970794616576;0,207774737807992;FALSE;100;"4";"Combined"
"hs_hum_wk_hs_h_None";"hs_Gen_Tot";0;-0,00397411897698607;-0,00381854111432623;0,00233216362509188;-0,00854507568822052;0,000596837734248386;-0,00807146667483061;0,00112664114989898;-1,70404809260735;0,0883721028548873;FALSE;100;"4";"Combined"
"hs_tm_dy_hs_h_None";"hs_Gen_Tot";0;-0,00205303469421648;-0,000859611445478861;0,00217938893310431;-0,0063245585114061;0,00221848912297313;-0,00434817914482766;0,00295794902017089;-0,942023088688513;0,346180819135322;FALSE;100;"4";"Combined"
"hs_tm_wk_hs_h_None";"hs_Gen_Tot";0;0,00502641852111711;0,0034854893350127;0,00259094944014882;-5,17490673387928e-05;0,010104586109573;-0,000192170748401159;0,00872059028467461;1,93999097135157;0,0523807871452098;FALSE;100;"4";"Combined"
"hs_uvdvf_dy_hs_h_None";"hs_Gen_Tot";0;0,000248868861196856;6,61519463823484e-05;0,00241229067509693;-0,00447913398223494;0,00497687170462865;-0,00560006486583199;0,00539959130153173;0,103167028652903;0,917830407568842;FALSE;100;"4";"Combined"
"hs_uvdvf_wk_hs_h_None";"hs_Gen_Tot";0;-0,00369730888298818;-0,00383381275900144;0,00222641406684209;-0,00806100026867203;0,000666382502695663;-0,00850044299967157;-0,000116039106835644;-1,66065645113013;0,096782464399849;FALSE;100;"4";"Combined"
"hs_ndvi100_h_None";"hs_Gen_Tot";0;0,0028342840338369;0,00251121864549078;0,00214816853956185;-0,00137604893642634;0,00704461700410014;-0,00176402276787391;0,0066939233171427;1,31939556028271;0,187036905259507;FALSE;100;"4";"Combined"
"hs_ndvi100_s_None";"hs_Gen_Tot";0;0,0058909906694269;0,00455482877534669;0,00235502296775994;0,00127523046985279;0,010506750869001;-8,04488829455569e-05;0,00995563989931922;2,50145784141983;0,0123683167239207;TRUE;100;"4";"Combined"
"hs_dde_cadj_Log2";"hs_Gen_Tot";0;-0,0036849327286962;-0,00272655394354398;0,0029736643960002;-0,00951320784696566;0,00214334238957325;-0,0104949776852818;0,00277834414430089;-1,23918917469393;0,215275448586784;FALSE;100;"4";"Combined"
"hs_ddt_cadj_Log2";"hs_Gen_Tot";0;0,0014270297183879;0,000852922943821282;0,00156979002228486;-0,00164970218858075;0,00450376162535654;-0,00194837702477027;0,00409819063190953;0,909057707164445;0,363319665537555;FALSE;100;"4";"Combined"
"hs_hcb_cadj_Log2";"hs_Gen_Tot";0;-0,0021758597605424;-0,00278653282846097;0,00295252890119796;-0,00796271007020402;0,00361099054911923;-0,00986382277723803;0,00182095996205895;-0,736947827897489;0,461154077102982;FALSE;100;"4";"Combined"
"hs_pcb118_cadj_Log2";"hs_Gen_Tot";0;0,00430716131812058;0,00309913269420487;0,00237633473529872;-0,000350369178276445;0,0089646918145176;-0,000174808732430367;0,00892477414292796;1,81252298093397;0,0699054263247922;FALSE;100;"4";"Combined"
"hs_pcb138_cadj_Log2";"hs_Gen_Tot";0;-0,00358685143140574;-0,00209730572327577;0,00218929059374217;-0,0078777821468327;0,000704079284021228;-0,00617766351525283;0,00242544936912417;-1,63836241824559;0,101346114006275;FALSE;100;"4";"Combined"
"hs_pcb153_cadj_Log2";"hs_Gen_Tot";0;0,00300246243190014;0,00197814070297309;0,00242648507914685;-0,00175336093225151;0,00775828579605178;-0,00262903908392937;0,00584494687427987;1,23737106718818;0,215949355033991;FALSE;100;"4";"Combined"
"hs_pcb170_cadj_Log2";"hs_Gen_Tot";0;-0,00855295623784654;-0,00645119142055816;0,00342793599039565;-0,0152715873203307;-0,00183432515536242;-0,0129288931722943;0,000199313421430545;-2,49507466353225;0,0125930629238606;TRUE;100;"4";"Combined"
"hs_pcb180_cadj_Log2";"hs_Gen_Tot";0;-0,000692086202839746;-0,000250692155051113;0,00239827517883474;-0,00539261917837219;0,0040084467726927;-0,00664052575581708;0,00336597197867406;-0,288576644143068;0,772905370710574;FALSE;100;"4";"Combined"
"hs_sumPCBs5_cadj_Log2";"hs_Gen_Tot";0;-0,00761482212113231;-0,00526551496616391;0,00289182406257101;-0,0132826931333978;-0,00194695110886683;-0,011246262073948;0,000208473082058926;-2,63322455182915;0,00845784084441777;TRUE;100;"4";"Combined"
"hs_pfhxs_c_Log2";"hs_Gen_Tot";0;-0,00226293218935857;-0,00107366229674564;0,00232430682701279;-0,0068184898593242;0,00229262548060706;-0,00709129146219115;0,00339409692502038;-0,973594433858333;0,330257951132809;FALSE;100;"4";"Combined"
"hs_pfna_c_Log2";"hs_Gen_Tot";0;0,00217489756583459;0,00118391156423761;0,0026557278727579;-0,00303023341751007;0,00738002854917926;-0,00264228395384881;0,00692025403713082;0,818945942520843;0,412817256228624;FALSE;100;"4";"Combined"
"hs_pfoa_c_Log2";"hs_Gen_Tot";0;0,000414667852565942;0,000626826353087782;0,00176984595681302;-0,00305416648097142;0,0038835021861033;-0,00295719065445673;0,00369835780551744;0,234296013712198;0,814755180406837;FALSE;100;"4";"Combined"
"hs_pfos_c_Log2";"hs_Gen_Tot";0;-0,00605832872482535;-0,00435173084937112;0,00280232720888206;-0,0115507891271308;-0,000565868322519867;-0,0107234442824932;-0,000403167637752043;-2,16189198235784;0,0306265031484821;TRUE;100;"4";"Combined"
"hs_pfunda_c_Log2";"hs_Gen_Tot";0;-0,00252880210582027;-0,00173050070512582;0,00155241056504202;-0,0055714709025221;0,000513866690881566;-0,00503702697123627;0,000665257917540083;-1,62895187830148;0,10332320644055;FALSE;100;"4";"Combined"
"hs_hm_pers_None";"hs_Gen_Tot";0;0,00329430319718609;0,00221602926883735;0,00185126903226813;-0,000334117431753767;0,00692272382612596;-0,00107674986252028;0,00597771407470111;1,77948377019519;0,0751604833944812;FALSE;100;"4";"Combined"
"hs_trafload_h_pow1over3";"hs_Gen_Tot";0;-0,00088358746481627;-0,000537022960583934;0,00164864587037073;-0,0041148739940036;0,00234769906437106;-0,00336127695151322;0,00258631929740699;-0,535947398222989;0,591994905190527;FALSE;100;"4";"Combined"
"hs_trafnear_h_pow1over3";"hs_Gen_Tot";0;0,000944375947154644;0,000509349022567178;0,00184551459596873;-0,00267276619388706;0,00456151808819635;-0,00248513822907322;0,0050494856518075;0,51171415778423;0,608851076059491;FALSE;100;"4";"Combined"
"FAS_cat_None_Low";"hs_Gen_Tot";0;0,00957495036498057;0,00940931755864506;0,0078904017444996;-0,00588995287779066;0,0250398536077518;-0,00155096134312944;0,0275656579370821;1,21349339045446;0,224941239868441;FALSE;100;"4";"Combined"
"FAS_cat_None_Middle";"hs_Gen_Tot";0;-0,00112596101178674;7,83761063876232e-05;0,00358485155921916;-0,00815214095777855;0,00590021893420507;-0,00552954165578102;0,00833055462816374;-0,314088601211703;0,753453746704067;FALSE;100;"4";"Combined"
"hs_globalexp2_None_no exposure";"hs_Gen_Tot";0;-0,00227735408600838;-0,000151806482765687;0,00364585152293251;-0,0094230917639366;0,00486838359191985;-0,00653717683309366;0,00522421293714931;-0,624642575728539;0,532205669686604;FALSE;100;"4";"Combined"
"h_abs_ratio_preg_Log";"hs_bmi_c_cat";0;-0,0366636699780682;-0,0295021430360031;0,0769180013992174;-0,187420182483336;0,114092842527199;-0,17542337905731;0,142462539233086;-0,476659160549136;0,633604848544111;FALSE;100;"4";"Combined"
"h_no2_ratio_preg_Log";"hs_bmi_c_cat";0;-0,0573293076226507;-0,0565667410848037;0,0810687086600017;-0,216221056869424;0,101562441624123;-0,207113542910661;0,103832651432032;-0,707169369911726;0,479461230844328;FALSE;100;"4";"Combined"
"h_pm10_ratio_preg_None";"hs_bmi_c_cat";0;0,0829562795250035;0,0790860853512572;0,0693729036776375;-0,0530121131861322;0,218924672236139;-0,0532042496366028;0,208043227510702;1,19580232522031;0,231773708332003;FALSE;100;"4";"Combined"
"h_pm25_ratio_preg_None";"hs_bmi_c_cat";0;0,00894748935999298;0,0115488725122818;0,0665297482406011;-0,121448421092102;0,139343399812088;-0,112179442870956;0,12866723657335;0,134488549808349;0,893016264764589;FALSE;100;"4";"Combined"
"h_accesslines300_preg_dic0";"hs_bmi_c_cat";0;-0,178380867052438;-0,185424241318431;0,176263470196696;-0,52385092042801;0,167089186323135;-0,487178345539372;0,119420470693119;-1,01201268109257;0,311531990196498;FALSE;100;"4";"Combined"
"h_accesspoints300_preg_Log";"hs_bmi_c_cat";0;0,00887379492444463;0,00480720699030548;0,0753771556296519;-0,138862715366744;0,156610305215633;-0,132689848263538;0,149502665678447;0,117725255753135;0,906285354733225;FALSE;100;"4";"Combined"
"h_builtdens300_preg_Sqrt";"hs_bmi_c_cat";0;-0,00215764955696637;0,000698713272789293;0,082627461512187;-0,164104498254822;0,15978919914089;-0,161892353306566;0,160002148251569;-0,026112983716051;0,979167221086744;FALSE;100;"4";"Combined"
"h_connind300_preg_Sqrt";"hs_bmi_c_cat";0;-0,0619018474406704;-0,0658398687550299;0,0698318216060753;-0,198769702763404;0,0749660078820631;-0,199432779738162;0,0701291193721701;-0,886441825760493;0,375379489165651;FALSE;100;"4";"Combined"
"h_fdensity300_preg_Log";"hs_bmi_c_cat";0;-0,0441080199870844;-0,0488400057726526;0,0768498429545293;-0,194730944395521;0,106514904421352;-0,200080484579233;0,0733644841519466;-0,573950684755236;0,566001173301629;FALSE;100;"4";"Combined"
"h_frichness300_preg_None";"hs_bmi_c_cat";0;-0,0984356769317501;-0,0997307214900642;0,0705269029086892;-0,236665866573934;0,0397945127104338;-0,238250858895412;0,0383921363386802;-1,39571812843099;0,162799393012855;FALSE;100;"4";"Combined"
"h_landuseshan300_preg_None";"hs_bmi_c_cat";0;0,0940248055171006;0,0902084398431719;0,0691710402398933;-0,0415479421262611;0,229597553160462;-0,0377892478560906;0,21707334425047;1,35930882622282;0,174048748359745;FALSE;100;"4";"Combined"
"h_popdens_preg_Sqrt";"hs_bmi_c_cat";0;0,0738855456845282;0,077369440732022;0,0738415548168221;-0,0708412423188832;0,21861233368794;-0,0555259952314454;0,245065326100618;1,00059574676908;0,317022287187069;FALSE;100;"4";"Combined"
"h_walkability_mean_preg_None";"hs_bmi_c_cat";0;-0,122097199905027;-0,122814979152908;0,068937597441894;-0,25721240807186;0,0130180082618057;-0,254265093644674;0,0138916495503975;-1,77112641629178;0,0765396820974263;FALSE;100;"4";"Combined"
"hs_as_m_Log2";"hs_bmi_c_cat";0;0,121075550927061;0,116864437012758;0,0736088547861122;-0,0231951533969572;0,26534625525108;-0,0286295232140584;0,250214452062714;1,64485035501333;0,100000674908687;FALSE;100;"4";"Combined"
"hs_cd_m_Log2";"hs_bmi_c_cat";0;-0,00901878559984606;-0,0127867383545886;0,0607162787277521;-0,128020505181536;0,109982933981843;-0,112665224988815;0,115625820902598;-0,148539828013599;0,881916756356241;FALSE;100;"4";"Combined"
"hs_co_m_Log2";"hs_bmi_c_cat";0;0,0598544137785052;0,0681307740782845;0,0793132345871595;-0,0955966695097039;0,215305497066714;-0,0722439239022701;0,211116309798805;0,754658589957386;0,450453859105086;FALSE;100;"4";"Combined"
"hs_cs_m_Log2";"hs_bmi_c_cat";0;0,0182546336793439;0,0222009800273346;0,062040220511729;-0,103341964116568;0,139851231475256;-0,0752687806093813;0,141978155966888;0,294238697554158;0,76857551235306;FALSE;100;"4";"Combined"
"hs_cu_m_Log2";"hs_bmi_c_cat";0;-0,10232234202014;-0,104809530008206;0,0632499298099917;-0,22628992647241;0,02164524243213;-0,229278655569043;0,0064745413184786;-1,61774633311887;0,105717276340226;FALSE;100;"4";"Combined"
"hs_hg_m_Log2";"hs_bmi_c_cat";0;0,0231307605343806;0,0310702197433666;0,0688634745682881;-0,111839169469754;0,158100690538515;-0,0991401836829663;0,153732039293739;0,335893021364222;0,736951539780878;FALSE;100;"4";"Combined"
"hs_mn_m_Log2";"hs_bmi_c_cat";0;-0,0673491983406448;-0,0675149998706027;0,0729834487794894;-0,210394129415968;0,0756957327346781;-0,186875266937142;0,0914770241747776;-0,922800983879677;0,356110928015022;FALSE;100;"4";"Combined"
"hs_mo_m_Log2";"hs_bmi_c_cat";0;0,0104068630027159;0,00887817460473329;0,0886174790077129;-0,163280204253136;0,184093930258567;-0,144159855505393;0,192538011010835;0,117435782638435;0,906514729792979;FALSE;100;"4";"Combined"
"hs_pb_m_Log2";"hs_bmi_c_cat";0;0,0334571419585454;0,0340705210460128;0,0763441062158116;-0,116174556656346;0,183088840573437;-0,114849257464534;0,1759561933354;0,438241320999526;0,661211357646345;FALSE;100;"4";"Combined"
"h_humidity_preg_None";"hs_bmi_c_cat";0;-0,0877121187542504;-0,0897414939594033;0,0650056325062657;-0,215120817258777;0,0396965797502766;-0,209904362723605;0,038497547915722;-1,34930028941409;0,177240532719612;FALSE;100;"4";"Combined"
"h_pressure_preg_None";"hs_bmi_c_cat";0;0,0424020491914491;0,0463708231062469;0,0662857288684661;-0,0875155920797314;0,17231969046263;-0,0719270096538613;0,171663001386631;0,639685946210074;0,522376793974662;FALSE;100;"4";"Combined"
"h_temperature_preg_None";"hs_bmi_c_cat";0;-0,0168617319483;-0,00751972498090011;0,080114272438746;-0,173882820575872;0,140159356679272;-0,146294982231115;0,165984682963358;-0,210471011406765;0,833300074477569;FALSE;100;"4";"Combined"
"h_ndvi100_preg_None";"hs_bmi_c_cat";0;-0,115292544338436;-0,11063890866876;0,0749757199899704;-0,262242255233738;0,0316571665568656;-0,247924629799433;0,0319220443534896;-1,53773173974;0,124114219694484;FALSE;100;"4";"Combined"
"hs_dde_madj_Log2";"hs_bmi_c_cat";0;0,235713647824796;0,238818051997063;0,0654436936276414;0,107446365299345;0,363980930350246;0,118249291666075;0,345459702369053;3,60177787589357;0,000316048358095749;TRUE;100;"4";"Combined"
"hs_ddt_madj_Log2";"hs_bmi_c_cat";0;-0,0266304652358498;-0,0235665798795836;0,0741375956475946;-0,171937482605529;0,118676552133829;-0,156811854021677;0,120979953763301;-0,359203249083433;0,719443046194887;FALSE;100;"4";"Combined"
"hs_hcb_madj_Log2";"hs_bmi_c_cat";0;-0,0529972529342255;-0,0441536213464082;0,0804653157366846;-0,210706373782771;0,10471186791432;-0,218614359673391;0,109216641518318;-0,658634747767028;0,510130343959262;FALSE;100;"4";"Combined"
"hs_pcb118_madj_Log2";"hs_bmi_c_cat";0;-0,0482147581571949;-0,0513394380751842;0,0772434246650392;-0,199609088543205;0,103179572228815;-0,218733482499807;0,0872243854312219;-0,624192393932233;0,53250124141335;FALSE;100;"4";"Combined"
"hs_pcb138_madj_Log2";"hs_bmi_c_cat";0;-0,0135947470357902;0,00587477755420124;0,087871823512565;-0,185820356376277;0,158630862304697;-0,13217077770586;0,170560376993924;-0,154711106386068;0,877049073793992;FALSE;100;"4";"Combined"
"hs_pcb153_madj_Log2";"hs_bmi_c_cat";0;0,0935204693437273;0,082520241548924;0,0699110553947282;-0,0435026813511245;0,230543620038579;-0,0515709854494374;0,212911892446505;1,33770644450576;0,180992149367959;FALSE;100;"4";"Combined"
"hs_pcb170_madj_Log2";"hs_bmi_c_cat";0;-0,152603871529859;-0,151141143645258;0,0765519849356902;-0,302643004948865;-0,00256473811085348;-0,305585452961878;-0,0202455373619274;-1,99346720608301;0,0462103110684932;TRUE;100;"4";"Combined"
"hs_pcb180_madj_Log2";"hs_bmi_c_cat";0;-0,0223262379004431;-0,0207261779398849;0,0690646160893708;-0,157690398041695;0,113037922240809;-0,153498889859025;0,115252665721067;-0,323265937966738;0,746493847847979;FALSE;100;"4";"Combined"
"hs_sumPCBs5_madj_Log2";"hs_bmi_c_cat";0;0,0409842324177128;0,0315192595505985;0,076472660426498;-0,108899427820185;0,19086789265561;-0,100607806556565;0,191404425819792;0,535933132038802;0,592004765175634;FALSE;100;"4";"Combined"
"hs_pfhxs_m_Log2";"hs_bmi_c_cat";0;-0,121945757200962;-0,114384596180992;0,0693847562848523;-0,257937380595361;0,0140458661934378;-0,238222200068924;0,0193904765747664;-1,75752951700696;0,0788275952357586;FALSE;100;"4";"Combined"
"hs_pfna_m_Log2";"hs_bmi_c_cat";0;0,133662554307365;0,134600958627211;0,0661628696977265;0,00398571258600447;0,263339396028725;0,0153024461687965;0,242893465092612;2,02020491127455;0,043362137070549;TRUE;100;"4";"Combined"
"hs_pfoa_m_Log2";"hs_bmi_c_cat";0;-0,00726919898045702;-0,00823569849597382;0,0740866299956264;-0,15247632550783;0,137937927546916;-0,156566297254842;0,137460067776783;-0,0981175548258322;0,921838948050845;FALSE;100;"4";"Combined"
"hs_pfos_m_Log2";"hs_bmi_c_cat";0;-0,0202617817710305;-0,0216881732709931;0,0739561261477874;-0,165213125456795;0,124689561914734;-0,160961088254765;0,113680003166444;-0,273970295990641;0,784107448947603;FALSE;100;"4";"Combined"
"hs_pfunda_m_Log2";"hs_bmi_c_cat";0;-0,00816925065585434;-0,00863768352975145;0,0833507705049307;-0,171533758929182;0,155195257617473;-0,16987993911073;0,138269758911271;-0,0980104995594621;0,921923956068672;FALSE;100;"4";"Combined"
"e3_asmokcigd_p_None";"hs_bmi_c_cat";0;-0,0609597724913439;-0,0670273776575416;0,0688251823003167;-0,195854651029368;0,0739351060466805;-0,204139224832149;0,0475567697233744;-0,885719012342716;0,375768960594931;FALSE;100;"4";"Combined"
"h_distinvnear1_preg_Log";"hs_bmi_c_cat";0;0,0592895833765669;0,0580743971002226;0,0705666333601244;-0,0790184765195197;0,197597643272654;-0,0586918880431548;0,185154267540127;0,840192886544451;0,400800246184647;FALSE;100;"4";"Combined"
"h_trafload_preg_pow1over3";"hs_bmi_c_cat";0;0,119789596389442;0,123950479390859;0,0721071363807385;-0,0215377939451237;0,261116986724007;-0,0185838765249879;0,25375034878607;1,66127241216363;0,0966587481101588;FALSE;100;"4";"Combined"
"h_trafnear_preg_pow1over3";"hs_bmi_c_cat";0;-0,00559111154780254;0,0054148651824622;0,0748471668396211;-0,15228886289832;0,141106639802715;-0,125913328777014;0,146724749514076;-0,0747003765657945;0,940453108056;FALSE;100;"4";"Combined"
"h_bro_preg_Log";"hs_bmi_c_cat";0;-0,0877179212346601;-0,0906595443031104;0,060173875242198;-0,205656549519575;0,0302207070502545;-0,196243676128756;0,0221022125183002;-1,45774093627173;0,144911963847556;FALSE;100;"4";"Combined"
"h_clf_preg_Log";"hs_bmi_c_cat";0;-0,0822621403774282;-0,0920482378092228;0,0798344707085912;-0,238734827691085;0,0742105469362284;-0,223028237866306;0,0550770722853224;-1,0304087901791;0,302818148612765;FALSE;100;"4";"Combined"
"h_thm_preg_Log";"hs_bmi_c_cat";0;-0,111131926482466;-0,107696779221014;0,0711391781653536;-0,250562153576337;0,0282983006114055;-0,252468062167813;0,0211752138826129;-1,56217613625159;0,118246500746738;FALSE;100;"4";"Combined"
"e3_alcpreg_yn_None_1";"hs_bmi_c_cat";0;-0,0807241594820683;-0,0945800602838706;0,144655686690527;-0,36424409555441;0,202795776590274;-0,374236714818757;0,166399106387827;-0,558043457045473;0,576814709687382;FALSE;100;"4";"Combined"
"h_pamod_t3_None_Often";"hs_bmi_c_cat";0;-0,325386442266445;-0,334518954753572;0,11653478107154;-0,553790416112924;-0,096982468419966;-0,533561339807831;-0,0934817242546139;-2,79218306564365;0,00523537271976678;TRUE;100;"4";"Combined"
"h_pamod_t3_None_Sometimes";"hs_bmi_c_cat";0;-0,195851627768123;-0,19867607090046;0,17471611406742;-0,538288918859059;0,146585663322813;-0,546677353320786;0,126511997134879;-1,12097060316112;0,26230037570741;FALSE;100;"4";"Combined"
"h_pamod_t3_None_Very Often";"hs_bmi_c_cat";0;-0,0143394071189629;-0,0156132876045132;0,119789903814342;-0,249123304306591;0,220444490068665;-0,261787340691717;0,211766895797952;-0,119704638390786;0,904717125879358;FALSE;100;"4";"Combined"
"h_pavig_t3_None_Low";"hs_bmi_c_cat";0;-0,303177880118672;-0,302163905557201;0,150795537757347;-0,598731703152422;-0,00762405708492125;-0,564904395068914;0,00856554567281622;-2,01052288832665;0,0443758762405507;TRUE;100;"4";"Combined"
"h_pavig_t3_None_Medium";"hs_bmi_c_cat";0;-0,303167571597011;-0,308272292622354;0,149041329400939;-0,595283209430822;-0,0110519337632004;-0,604756238904992;-0,044935392329096;-2,03411746805783;0,0419397531551732;TRUE;100;"4";"Combined"
"hs_no2_dy_hs_h_Log";"hs_bmi_c_cat";0;-0,130671561263257;-0,119081249461588;0,0731355570827669;-0,274014619134753;0,0126714966082396;-0,253977418173059;0,00500570878132693;-1,78670357450586;0,0739854110595015;FALSE;100;"4";"Combined"
"hs_no2_wk_hs_h_Log";"hs_bmi_c_cat";0;0,0448437689761602;0,0429230594454409;0,0636150683243554;-0,0798394738136311;0,169527011765951;-0,0816858449453246;0,154191426210846;0,704923694296992;0,480857723862852;FALSE;100;"4";"Combined"
"hs_no2_yr_hs_h_Log";"hs_bmi_c_cat";0;0,0417462640114361;0,0301966794842359;0,0656947662867363;-0,0870131118833432;0,170505639906215;-0,107788643970206;0,156841484631245;0,635457988072097;0,525129758569437;FALSE;100;"4";"Combined"
"hs_pm10_dy_hs_h_None";"hs_bmi_c_cat";0;0,142912246686282;0,138771627582278;0,07147386475763;0,002826045925441;0,282998447447124;0,00749360927358018;0,300224180357833;1,99950355519325;0,0455538975857906;TRUE;100;"4";"Combined"
"hs_pm10_wk_hs_h_None";"hs_bmi_c_cat";0;-0,11098568403621;-0,0904165920196123;0,0700773744119505;-0,248334814014761;0,0263634459423421;-0,216812800092004;0,0456484804653254;-1,58375916574413;0,113248535000154;FALSE;100;"4";"Combined"
"hs_pm10_yr_hs_h_None";"hs_bmi_c_cat";0;-0,0360839927220572;-0,0272407010003815;0,0632334335727673;-0,160019245143487;0,0878512596993725;-0,148887049804591;0,0888575571311568;-0,570647372493742;0,568238699619369;FALSE;100;"4";"Combined"
"hs_pm25_dy_hs_h_None";"hs_bmi_c_cat";0;0,135379810948578;0,126144022570453;0,0686990641556457;0,000732119431905709;0,27002750246525;0,0111703305599183;0,266745509801026;1,97062089000018;0,0487672553672493;TRUE;100;"4";"Combined"
"hs_pm25_wk_hs_h_None";"hs_bmi_c_cat";0;-0,0418320912669019;-0,0464136772777703;0,0701218187362259;-0,179268330520351;0,0956041479865467;-0,173946999284154;0,0920073865828103;-0,596563124300296;0,550799097340831;FALSE;100;"4";"Combined"
"hs_pm25_yr_hs_h_None";"hs_bmi_c_cat";0;-0,145987946913892;-0,146508104192594;0,0715292577538623;-0,286182715952344;-0,00579317787543937;-0,268492415111122;-0,0020060079279567;-2,04095431014044;0,0412553687498891;TRUE;100;"4";"Combined"
"hs_pm25abs_dy_hs_h_Log";"hs_bmi_c_cat";0;-0,00280662546952797;-0,00286853525744082;0,07765071754432;-0,154999235230088;0,149385984291032;-0,151022983084693;0,127267414074807;-0,0361442309651043;0,971167354141689;FALSE;100;"4";"Combined"
"hs_pm25abs_wk_hs_h_Log";"hs_bmi_c_cat";0;0,0793933387356889;0,082687101549937;0,0751053382400927;-0,0678104192615916;0,226597096732969;-0,0494141057703931;0,199949103768658;1,05709315204584;0,29046907621564;FALSE;100;"4";"Combined"
"hs_pm25abs_yr_hs_h_Log";"hs_bmi_c_cat";0;0,0811056663410501;0,0736962158377071;0,0720548714144461;-0,0601192865419289;0,222330619224029;-0,0659741883394147;0,204805473178604;1,1256097575214;0,260330736136333;FALSE;100;"4";"Combined"
"hs_accesslines300_h_dic0";"hs_bmi_c_cat";0;-0,0357037879003813;-0,019531269577629;0,164393074620442;-0,357908293464254;0,286500717663491;-0,305952659059735;0,274095179745319;-0,217185474405267;0,828063804270459;FALSE;100;"4";"Combined"
"hs_accesspoints300_h_Log";"hs_bmi_c_cat";0;0,0790228872975052;0,0733466769599128;0,0679558975217069;-0,0541682243821351;0,212213998977145;-0,0508345213325799;0,191119403382228;1,16285547214299;0,244888146140393;FALSE;100;"4";"Combined"
"hs_builtdens300_h_Sqrt";"hs_bmi_c_cat";0;-0,0181003106306186;-0,0198894921313662;0,0661001634621832;-0,147654250388708;0,111453629127471;-0,136625269708176;0,123879048557587;-0,273831556271023;0,784214071755327;FALSE;100;"4";"Combined"
"hs_connind300_h_Log";"hs_bmi_c_cat";0;0,047188644397287;0,0523995601966976;0,0781447622036154;-0,105972275102246;0,20034956389682;-0,0774694394150641;0,201980045572828;0,603861897670523;0,545935462827238;FALSE;100;"4";"Combined"
"hs_fdensity300_h_Log";"hs_bmi_c_cat";0;-0,0445646641283331;-0,0472339817148215;0,0763785223013045;-0,194263817031279;0,105134488774613;-0,19448029931457;0,117949472816635;-0,583471148505997;0,559576173923709;FALSE;100;"4";"Combined"
"hs_landuseshan300_h_None";"hs_bmi_c_cat";0;-0,0709552575335637;-0,0708876342208716;0,0757602095804231;-0,219442539772399;0,077532024705272;-0,226237126676953;0,0503769290953682;-0,936576837980382;0,348976270880645;FALSE;100;"4";"Combined"
"hs_popdens_h_Sqrt";"hs_bmi_c_cat";0;0,0445878023361685;0,0507080277842018;0,0726936934393905;-0,0978892187082324;0,187064823380569;-0,0865197592508969;0,198834073917858;0,613365482293788;0,539634704330647;FALSE;100;"4";"Combined"
"hs_walkability_mean_h_None";"hs_bmi_c_cat";0;0,0596943233462596;0,0571702378630125;0,0712223124237317;-0,0798988438999143;0,199287490592433;-0,0753300561446004;0,175052732300432;0,838140763966111;0,401951651001476;FALSE;100;"4";"Combined"
"hs_accesslines300_s_dic0";"hs_bmi_c_cat";0;0,167617599133957;0,163508360662236;0,167625253934208;-0,160921861476472;0,496157059744386;-0,162544338713324;0,483349857240015;0,999954333848441;0,317332608111076;FALSE;100;"4";"Combined"
"hs_accesspoints300_s_Log";"hs_bmi_c_cat";0;-0,171756455337053;-0,17668172745472;0,0713276905488883;-0,311556159913292;-0,0319567507608136;-0,300962686726199;-0,0497722669467501;-2,40799125858884;0,0160405650880978;TRUE;100;"4";"Combined"
"hs_builtdens300_s_Sqrt";"hs_bmi_c_cat";0;0,0095169038484361;0,00700745003429859;0,071824396458344;-0,131256326421244;0,150290134118116;-0,132265220835595;0,139544528811458;0,132502385230005;0,894586936519842;FALSE;100;"4";"Combined"
"hs_connind300_s_Log";"hs_bmi_c_cat";0;-0,000332711610364721;-0,000136759654531763;0,0714344172708946;-0,140341596717924;0,139676173497195;-0,117678926499239;0,147289854699364;-0,00465758136029873;0,996283801177896;FALSE;100;"4";"Combined"
"hs_fdensity300_s_Log";"hs_bmi_c_cat";0;-0,108457254512039;-0,106075189141268;0,0895686839942501;-0,284008649283418;0,0670941402593405;-0,294756424508088;0,0515065291232221;-1,2108836445448;0,225940001779065;FALSE;100;"4";"Combined"
"hs_landuseshan300_s_None";"hs_bmi_c_cat";0;-0,0768509500091836;-0,0791131739929325;0,073528994803557;-0,220965131643588;0,0672632316252208;-0,226708843969213;0,038368414053264;-1,04517884699093;0,295940317992646;FALSE;100;"4";"Combined"
"hs_popdens_s_Sqrt";"hs_bmi_c_cat";0;-0,0928589504356836;-0,0907646371324078;0,0713009857984664;-0,23260631466288;0,0468884137915124;-0,214943735080968;0,0511366342335926;-1,30235156492999;0,192796231852702;FALSE;100;"4";"Combined"
"h_Absorbance_Log";"hs_bmi_c_cat";0;-0,0329220228107749;-0,0321599277141835;0,0754905553076577;-0,180880792386713;0,115036746765163;-0,17914482378003;0,118970680730025;-0,43610783728644;0,662758491167108;FALSE;100;"4";"Combined"
"h_Benzene_Log";"hs_bmi_c_cat";0;0,076228462761943;0,0739863583191744;0,0723049156473956;-0,0654865678121588;0,217943493336045;-0,0499386377633224;0,223101087452256;1,05426390556461;0,291762109087742;FALSE;100;"4";"Combined"
"h_NO2_Log";"hs_bmi_c_cat";0;0,0661277267127078;0,0629254186611493;0,0856784987942298;-0,101799045173441;0,234054498598856;-0,110846988355628;0,239615363978384;0,771812387510708;0,440225553829189;FALSE;100;"4";"Combined"
"h_PM_Log";"hs_bmi_c_cat";0;0,121912989878518;0,124569897857768;0,0690504506441089;-0,0134234065001957;0,257249386257232;-0,00999511957755638;0,253407911931131;1,76556400054312;0,0774690240719991;FALSE;100;"4";"Combined"
"h_TEX_Log";"hs_bmi_c_cat";0;0,0031375399239143;0,00103643814254528;0,0687174763281265;-0,131546238787697;0,137821318635526;-0,114716382873429;0,131851188358032;0,0456585441079431;0,963582406335939;FALSE;100;"4";"Combined"
"hs_KIDMED_None";"hs_bmi_c_cat";0;0,149737765246419;0,158614575558398;0,0682895073331326;0,0158927903514957;0,283582740141343;0,0312624252215937;0,277385500470032;2,1926906649943;0,0283296737736963;TRUE;100;"4";"Combined"
"hs_mvpa_prd_alt_None";"hs_bmi_c_cat";0;-0,119904185630651;-0,116636769019354;0,0627462874829499;-0,24288464926083;0,00307627799952677;-0,24950235402482;-0,00196626331762669;-1,91093673332041;0,0560127117611075;FALSE;100;"4";"Combined"
"hs_sd_wk_None";"hs_bmi_c_cat";0;0,00643130884989119;-0,000632957323167604;0,0622520761594204;-0,115580518385417;0,1284431360852;-0,14268411152224;0,10527429771534;0,103310752775881;0,917716341804572;FALSE;100;"4";"Combined"
"hs_dif_hours_total_None";"hs_bmi_c_cat";0;-0,122559781591264;-0,128363032213689;0,065712289441026;-0,251353502237346;0,00623393905481882;-0,259621146503585;-0,0173707058156395;-1,8650968126937;0,0621678352601289;FALSE;100;"4";"Combined"
"hs_as_c_Log2";"hs_bmi_c_cat";0;0,0885816972850682;0,0970041887213404;0,0638738001359959;-0,0366086505371934;0,21377204510733;-0,0535254745850858;0,229423505406828;1,38682366003691;0,165495540602983;FALSE;100;"4";"Combined"
"hs_cd_c_Log2";"hs_bmi_c_cat";0;0,0626199794984041;0,0606570174323731;0,0591485932132834;-0,0533091329358416;0,17854909193265;-0,0527382439428527;0,16474098925021;1,05868924511194;0,289741327473367;FALSE;100;"4";"Combined"
"hs_co_c_Log2";"hs_bmi_c_cat";0;-0,108911683390056;-0,111980000708583;0,066708137939962;-0,239657231228112;0,0218338644479991;-0,235295906801871;0,0156688362885825;-1,63265962374902;0,10254060372948;FALSE;100;"4";"Combined"
"hs_cs_c_Log2";"hs_bmi_c_cat";0;0,28283620865803;0,288973342106143;0,0709116747059052;0,143851880151036;0,421820537165024;0,166525875851169;0,416177889673084;3,98857042695788;6,6472669148826e-05;TRUE;100;"4";"Combined"
"hs_cu_c_Log2";"hs_bmi_c_cat";0;0,26052780775828;0,268820336943869;0,0664538158901307;0,130280721978368;0,390774893538191;0,15796251674494;0,414375416952485;3,92043412810206;8,83895947612451e-05;TRUE;100;"4";"Combined"
"hs_hg_c_Log2";"hs_bmi_c_cat";0;-0,0279265943680455;-0,0278653778673707;0,0624241498135133;-0,150275679768064;0,0944224910319733;-0,155849698429016;0,0941619200440567;-0,447368437559402;0,65460906076568;FALSE;100;"4";"Combined"
"hs_mn_c_Log2";"hs_bmi_c_cat";0;-0,00552552093402231;-0,0120815005091188;0,0647101963691928;-0,132355175250155;0,12130413338211;-0,128975486155519;0,126674232719312;-0,0853887214697574;0,931952359377862;FALSE;100;"4";"Combined"
"hs_mo_c_Log2";"hs_bmi_c_cat";0;-0,0422132152771427;-0,0444452297651928;0,0607306275515102;-0,161243058036619;0,0768166274823331;-0,152356208344253;0,0706077485707453;-0,695089396883616;0,486999279199307;FALSE;100;"4";"Combined"
"hs_pb_c_Log2";"hs_bmi_c_cat";0;-0,0949741563351274;-0,0924056628622811;0,0686486944174687;-0,229523124979062;0,039574812308807;-0,207152506603697;0,0418054578074748;-1,38348088249964;0,166517465218318;FALSE;100;"4";"Combined"
"hs_hum_mt_hs_h_None";"hs_bmi_c_cat";0;0,327659122564408;0,321711634987216;0,0734849607256666;0,183631246136761;0,471686998992055;0,187369958506604;0,471979216892947;4,458859599689;8,23968690422388e-06;TRUE;100;"4";"Combined"
"hs_tm_mt_hs_h_None";"hs_bmi_c_cat";0;0,0739927983308664;0,0690702990653758;0,0635272124297374;-0,0505182500696442;0,198503846731377;-0,069325763607769;0,184358854124254;1,16474177759183;0,24412353263361;FALSE;100;"4";"Combined"
"hs_uvdvf_mt_hs_h_None";"hs_bmi_c_cat";0;0,0901169112950005;0,0833353899922085;0,0648020071832353;-0,0368926889100466;0,217126511500048;-0,0374241248772352;0,217597590377984;1,39065000008695;0,164331586441872;FALSE;100;"4";"Combined"
"hs_hum_dy_hs_h_None";"hs_bmi_c_cat";0;0,101020463162244;0,111329129692545;0,0696654016812768;-0,0355212151015742;0,237562141426063;-0,00620373771522926;0,268493056470662;1,45008082526272;0,147035981515691;FALSE;100;"4";"Combined"
"hs_hum_wk_hs_h_None";"hs_bmi_c_cat";0;0,130175977826521;0,136852677715264;0,0736150709883192;-0,0141069100299444;0,274458865682985;0,00770022726360527;0,27688223798147;1,76833325131448;0,077005208181838;FALSE;100;"4";"Combined"
"hs_tm_dy_hs_h_None";"hs_bmi_c_cat";0;-0,101954538579555;-0,0923673652400879;0,0731841823325448;-0,245392900189355;0,0414838230302458;-0,224637925391658;0,0358566461950726;-1,39312260286354;0,163582719156646;FALSE;100;"4";"Combined"
"hs_tm_wk_hs_h_None";"hs_bmi_c_cat";0;0,0579122851600637;0,0524049014097793;0,061074948576971;-0,0617924144084352;0,177616984728563;-0,0794016784295831;0,167229707554927;0,948216683098448;0,343019155753805;FALSE;100;"4";"Combined"
"hs_uvdvf_dy_hs_h_None";"hs_bmi_c_cat";0;-0,0388552599031578;-0,0393035337417344;0,0542022590833884;-0,145089735587308;0,0673792157809925;-0,15487959257631;0,0568091159582413;-0,716856835125271;0,473462438373155;FALSE;100;"4";"Combined"
"hs_uvdvf_wk_hs_h_None";"hs_bmi_c_cat";0;-0,0172903885378392;-0,0209766554179621;0,0505297111014081;-0,116326802445813;0,0817460253701343;-0,110410994283095;0,0773838124015538;-0,342182612189077;0,732213469756999;FALSE;100;"4";"Combined"
"hs_ndvi100_h_None";"hs_bmi_c_cat";0;-0,0172599753496878;-0,0164898596223081;0,0686742780021815;-0,151859086898255;0,117339136198879;-0,156376518944422;0,116011914466699;-0,251331005607944;0,801558205308228;FALSE;100;"4";"Combined"
"hs_ndvi100_s_None";"hs_bmi_c_cat";0;-0,0998985236817508;-0,0920306527362546;0,0727117355994043;-0,242410906709982;0,0426138593464805;-0,232979419296709;0,0495895212490911;-1,37389821406724;0,16947328417095;FALSE;100;"4";"Combined"
"hs_dde_cadj_Log2";"hs_bmi_c_cat";0;-0,254966668688899;-0,251400268089751;0,0952653588202603;-0,441683340950894;-0,0682499964269032;-0,41131167047145;-0,0929987011020618;-2,6763838592153;0,00744213542094222;TRUE;100;"4";"Combined"
"hs_ddt_cadj_Log2";"hs_bmi_c_cat";0;0,0355616344102238;0,0362344104189147;0,0694039797912166;-0,100467666364307;0,171590935184754;-0,0991980107092374;0,1863910422137;0,512386098278535;0,608380818401433;FALSE;100;"4";"Combined"
"hs_hcb_cadj_Log2";"hs_bmi_c_cat";0;-0,321882285085783;-0,430822677631801;0,261794818287458;-0,834990700268409;0,191226130096843;-0,91438276659434;-0,100996323188345;-1,22952122273233;0,218876445769775;FALSE;100;"4";"Combined"
"hs_pcb118_cadj_Log2";"hs_bmi_c_cat";0;0,00114109634754733;-0,00112239875443887;0,0799293674921353;-0,155517585244104;0,157799777939199;-0,149500422620609;0,141969646377435;0,0142763089881778;0,988609540395017;FALSE;100;"4";"Combined"
"hs_pcb138_cadj_Log2";"hs_bmi_c_cat";0;0,0424046857036673;0,0267129238102182;0,0862416373891325;-0,126625817546795;0,21143518895413;-0,152388002771899;0,179725080731026;0,49169620368329;0,622934122378203;FALSE;100;"4";"Combined"
"hs_pcb153_cadj_Log2";"hs_bmi_c_cat";0;-0,152396892943585;-0,141615424455877;0,0729588059395567;-0,295393524940163;-0,00940026094700666;-0,27447030701787;-0,00736767203336767;-2,0888073890606;0,0367250650024441;TRUE;100;"4";"Combined"
"hs_pcb170_cadj_Log2";"hs_bmi_c_cat";0;-0,222691112706498;-0,223373219614751;0,0728494014299815;-0,365473315804562;-0,0799089096084332;-0,358425938867068;-0,0874083053963133;-3,0568694915158;0,00223661633703273;TRUE;100;"4";"Combined"
"hs_pcb180_cadj_Log2";"hs_bmi_c_cat";0;-0,116010702888974;-0,128899974708881;0,0761361289910313;-0,265234773633691;0,0332133678557431;-0,298146613781365;-0,0040822918185749;-1,52372736079923;0,127576831658345;FALSE;100;"4";"Combined"
"hs_sumPCBs5_cadj_Log2";"hs_bmi_c_cat";0;-0,243946959187332;-0,224501758456768;0,0718221855835969;-0,384715856222133;-0,10317806215253;-0,368410187630668;-0,109760274322472;-3,39654045898382;0,000682434679135838;TRUE;100;"4";"Combined"
"hs_pfhxs_c_Log2";"hs_bmi_c_cat";0;-0,00387515963563172;0,00457860587481597;0,074630959443351;-0,150149152276269;0,142398833005006;-0,137733729949002;0,147256724696;-0,0519242907304867;0,958589019175956;FALSE;100;"4";"Combined"
"hs_pfna_c_Log2";"hs_bmi_c_cat";0;0,0294031190572151;0,027694170962787;0,0781564600100276;-0,123780727721584;0,182586965836014;-0,128632911274929;0,171672687130951;0,376208429264103;0,706761949320257;FALSE;100;"4";"Combined"
"hs_pfoa_c_Log2";"hs_bmi_c_cat";0;-0,00531288595701769;-0,00727692075817832;0,0698385694458417;-0,142193966802667;0,131568194888631;-0,142467753202937;0,116787769753894;-0,076073808486838;0,939360377542981;FALSE;100;"4";"Combined"
"hs_pfos_c_Log2";"hs_bmi_c_cat";0;-0,0676934304983295;-0,0620312753802525;0,0689354598963346;-0,20280444915285;0,0674175881561914;-0,204927758449556;0,0771438110862397;-0,981982721231238;0,326108360694431;FALSE;100;"4";"Combined"
"hs_pfunda_c_Log2";"hs_bmi_c_cat";0;-0,0703647160582193;-0,0729876565977229;0,0681255764757445;-0,203888392376708;0,0631589602602691;-0,199466625434193;0,077888404540605;-1,03286782583443;0,301665757367391;FALSE;100;"4";"Combined"
"hs_hm_pers_None";"hs_bmi_c_cat";0;-0,00229764287061518;-0,000905537596608291;0,0660386037675075;-0,131730927844241;0,127135642103011;-0,11365555881475;0,143594507895634;-0,0347924204864196;0,972245264549669;FALSE;100;"4";"Combined"
"hs_trafload_h_pow1over3";"hs_bmi_c_cat";0;-0,0351407596601098;-0,0327472168870804;0,0735448176748341;-0,179285953552349;0,10900443423213;-0,156901421011786;0,107490918582415;-0,477814219561719;0,632782439501482;FALSE;100;"4";"Combined"
"hs_trafnear_h_pow1over3";"hs_bmi_c_cat";0;0,0335352579125073;0,0232480207737632;0,0866679765106038;-0,136330854661239;0,203401370486254;-0,144210991742913;0,179283048832242;0,386939435564234;0,698801045402252;FALSE;100;"4";"Combined"
"FAS_cat_None_Low";"hs_bmi_c_cat";0;-0,600797772093101;-0,617791607724495;0,229667985839101;-1,05093875273959;-0,150656791446608;-1,07771762685154;-0,20900204252361;-2,61594044071081;0,00889820773761424;TRUE;100;"4";"Combined"
"FAS_cat_None_Middle";"hs_bmi_c_cat";0;-0,216238711609001;-0,22152192607542;0,124329028150684;-0,459919129017208;0,0274417057992055;-0,428582793490789;-0,000524828372758323;-1,73924557141173;0,0819915766625088;FALSE;100;"4";"Combined"
"hs_globalexp2_None_no exposure";"hs_bmi_c_cat";0;-0,144247101672596;-0,159862456170881;0,13629566251532;-0,41138169145165;0,122887488106458;-0,432062185830944;0,083241911384417;-1,05833963466285;0,289900629473128;FALSE;100;"4";"Combined"
