"exposure";"outcome";"lambda";"beta_unpenalized";"bootstrap_mean";"bootstrap_standard_error";"ci95_lower";"ci95_upper";"bootstrap_q025";"bootstrap_q975";"z_value";"p_value";"significant";"n_valid_bootstrap";"omitted_cohort";"scenario"
"hs_no2_dy_hs_h_Log";"e3_bw";0;0,0150737198454208;0,0157080679103691;0,00527315473962177;0,00473852647085543;0,0254089132199861;0,00551386280548036;0,02593067143964;2,85857718761008;0,00425545564777791;TRUE;100;"4";"Childhood"
"hs_no2_wk_hs_h_Log";"e3_bw";0;0,0156265286032976;0,016776076847017;0,0050747165192462;0,00568026699382463;0,0255727902127706;0,00744442645249316;0,0250179487539442;3,07929094049549;0,00207493940761657;TRUE;100;"4";"Childhood"
"hs_no2_yr_hs_h_Log";"e3_bw";0;0,0314385533542933;0,032505320871035;0,00536405637635767;0,0209251960455899;0,0419519106629968;0,023316451151495;0,0421473136659471;5,8609662442886;4,60181525613892e-09;TRUE;100;"4";"Childhood"
"hs_pm10_dy_hs_h_None";"e3_bw";0;-0,00764122023991656;-0,00745720285977674;0,00420137186247572;-0,0158757577760289;0,000593317296195816;-0,0150220629582688;0,000847010475189487;-1,81874408884479;0,0689504819669197;FALSE;100;"4";"Childhood"
"hs_pm10_wk_hs_h_None";"e3_bw";0;-0,0052164537586883;-0,00544271345815064;0,00367397727621331;-0,012417316900085;0,00198440938270836;-0,0126093964454796;0,00252728707359707;-1,41983832955678;0,155654753290754;FALSE;100;"4";"Childhood"
"hs_pm10_yr_hs_h_None";"e3_bw";0;-0,00204180081874367;-0,0019907482799694;0,00498144925003204;-0,0118052619396205;0,00772166030213318;-0,0106197449963725;0,00741029181696203;-0,409880883305302;0,681893329316801;FALSE;100;"4";"Childhood"
"hs_pm25_dy_hs_h_None";"e3_bw";0;0,00209572275834952;0,00209650005379105;0,00433459735018043;-0,00639993193548686;0,0105913774521859;-0,00516476660962834;0,0107960273581242;0,483487297444661;0,628749776922809;FALSE;100;"4";"Childhood"
"hs_pm25_wk_hs_h_None";"e3_bw";0;-0,00833824242036707;-0,00891827089032222;0,00470580813157012;-0,0175614568764002;0,000884972035666096;-0,0180896959640101;-0,000936447107458396;-1,77190446087843;0,0764104178086725;FALSE;100;"4";"Childhood"
"hs_pm25_yr_hs_h_None";"e3_bw";0;0,0399548529807078;0,0412460974196743;0,00631000103719304;0,027587478205399;0,0523222277560165;0,0285189822284051;0,0551896316974801;6,3319883380687;2,42021784027174e-10;TRUE;100;"4";"Childhood"
"hs_pm25abs_dy_hs_h_Log";"e3_bw";0;-0,00461141884754349;-0,00448218987609358;0,0040963096904444;-0,0126400383103369;0,00341720061524994;-0,0115116863808679;0,00269302437261696;-1,12574956388203;0,260271538025775;FALSE;100;"4";"Childhood"
"hs_pm25abs_wk_hs_h_Log";"e3_bw";0;-0,00885843347184618;-0,00920698775110426;0,00393701233458412;-0,016574835854321;-0,00114203108937135;-0,0155243168015018;-0,00191180729356896;-2,25003955258929;0,0244464346509811;TRUE;100;"4";"Childhood"
"hs_pm25abs_yr_hs_h_Log";"e3_bw";0;-0,0135068905704166;-0,0136700724471809;0,00471158559634557;-0,0227414286493316;-0,00427235249150161;-0,0234718697603825;-0,00561798730928227;-2,86673993164698;0,00414723661248324;TRUE;100;"4";"Childhood"
"hs_accesslines300_h_dic0";"e3_bw";0;-0,0264438070412654;-0,0273463640828475;0,0146274803633219;-0,0551131417379432;0,00222552765541234;-0,0562151347259513;-0,000808969558355228;-1,80781695715502;0,0706349936928866;FALSE;100;"4";"Childhood"
"hs_accesspoints300_h_Log";"e3_bw";0;0,00634162624525811;0,00625416314330743;0,00514508133803841;-0,00374254787482632;0,0164258003653425;-0,0032437141021855;0,0156888351282055;1,23256093122833;0,217739620643098;FALSE;100;"4";"Childhood"
"hs_builtdens300_h_Sqrt";"e3_bw";0;-0,00863777899205994;-0,00930122196100553;0,00418816493152599;-0,0168464314191645;-0,000429126564955336;-0,0173748026287234;-0,00183960946409266;-2,0624257003443;0,0391672245737157;TRUE;100;"4";"Childhood"
"hs_connind300_h_Log";"e3_bw";0;0,00256977480872138;0,00270615991066493;0,00344191776454026;-0,00417626004752615;0,0093158096649689;-0,00459328496647535;0,00825475149104985;0,746611332553037;0,455298205751627;FALSE;100;"4";"Childhood"
"hs_fdensity300_h_Log";"e3_bw";0;0,0158133731079643;0,0164557033655965;0,00436358702187649;0,00726089970168;0,0243658465142486;0,00804574734831157;0,0251395494940326;3,6239389815501;0,000290150085109764;TRUE;100;"4";"Childhood"
"hs_landuseshan300_h_None";"e3_bw";0;0,00538520739449161;0,00584468050916696;0,0031602656426706;-0,000808799446722105;0,0115792142357053;-0,000421433828766661;0,0115006454463277;1,70403630687856;0,0883743045291813;FALSE;100;"4";"Childhood"
"hs_popdens_h_Sqrt";"e3_bw";0;-0,00416432252846497;-0,00419034644519781;0,00430829055950101;-0,0126084168600209;0,00427977180309092;-0,0122540834177028;0,00405973033597696;-0,966583490818988;0,333752290896284;FALSE;100;"4";"Childhood"
"hs_walkability_mean_h_None";"e3_bw";0;-0,0131705866380607;-0,0130273746968608;0,00357169081129124;-0,0201709719921041;-0,00617020128401721;-0,0209135991478212;-0,00758516978166097;-3,68749349647632;0,000226473879938486;TRUE;100;"4";"Childhood"
"hs_accesslines300_s_dic0";"e3_bw";0;0,0147571223815236;0,0133739661562363;0,0116908499061443;-0,00815652238318268;0,0376707671462299;-0,00738875469086757;0,0369871583774548;1,2622796888161;0,206848162681972;FALSE;100;"4";"Childhood"
"hs_accesspoints300_s_Log";"e3_bw";0;0,0132720034918619;0,0131910031365767;0,00458218001849543;0,00429109568493181;0,022252911298792;0,00448775784208023;0,0200227470736176;2,89643869038123;0,0037742438250732;TRUE;100;"4";"Childhood"
"hs_builtdens300_s_Sqrt";"e3_bw";0;-0,00996748566892776;-0,010507245624255;0,00427955842633163;-0,0183552660542727;-0,00157970528358286;-0,0189908317086965;-0,00332382538875597;-2,32909208753851;0,0198541877740475;TRUE;100;"4";"Childhood"
"hs_connind300_s_Log";"e3_bw";0;0,00233763248075053;0,0021159967051932;0,00327770643456779;-0,00408655408289752;0,00876181904439859;-0,00461990846805175;0,00732835914502822;0,713191534207298;0,475727244181144;FALSE;100;"4";"Childhood"
"hs_fdensity300_s_Log";"e3_bw";0;0,00842940188664759;0,00816235044637842;0,00406561115657701;0,00046095044461242;0,0163978533286828;0,000666468829948575;0,0152558892506335;2,07334188194835;0,0381404735550081;TRUE;100;"4";"Childhood"
"hs_landuseshan300_s_None";"e3_bw";0;0,00542273267165009;0,00545033643735938;0,00390821814409133;-0,00223723413449488;0,0130826994777951;-0,00168070227667085;0,0142670197223799;1,38752046884806;0,165283113992032;FALSE;100;"4";"Childhood"
"hs_popdens_s_Sqrt";"e3_bw";0;-0,00198604260613031;-0,00204759685225117;0,00426625937282583;-0,0103477573255754;0,00637567211331475;-0,00959119693104854;0,00655634603365501;-0,465523174418442;0,641556845138548;FALSE;100;"4";"Childhood"
"h_Absorbance_Log";"e3_bw";0;-0,00213847227881912;-0,00233136129769025;0,00388741160407367;-0,00975765901588659;0,00548071445824834;-0,0087652653790973;0,00476910302135671;-0,550101840663898;0,582249524273294;FALSE;100;"4";"Childhood"
"h_Benzene_Log";"e3_bw";0;-0,00238931421068363;-0,00276194150991562;0,00319185726842028;-0,00864523950057978;0,00386661107921251;-0,00908083062767565;0,00305402277960073;-0,748565493301697;0,454119136713571;FALSE;100;"4";"Childhood"
"h_NO2_Log";"e3_bw";0;0,0132295393919718;0,0140797460239146;0,00404768964199857;0,00529621347305883;0,0211628653108849;0,00559222457665273;0,0218349236645051;3,26841743366463;0,00108150727364612;TRUE;100;"4";"Childhood"
"h_PM_Log";"e3_bw";0;0,0041594288550971;0,00440787648859071;0,00387396264384249;-0,00343339840428774;0,0117522561144819;-0,00242970938526443;0,0126889077610141;1,07368842642516;0,282962350287737;FALSE;100;"4";"Childhood"
"h_TEX_Log";"e3_bw";0;-0,00671099963689291;-0,00668561388067217;0,00345419131374084;-0,013481090207536;5,90909337502216e-05;-0,0124852758719662;-0,000639954013109449;-1,94285696052689;0,0520334433968879;FALSE;100;"4";"Childhood"
"hs_KIDMED_None";"e3_bw";0;0,000651023378203053;0,00110982670000222;0,00315403843153414;-0,00553077835345906;0,00683282510986516;-0,0049275046054038;0,00740666335332314;0,206409462768148;0,836471079763854;FALSE;100;"4";"Childhood"
"hs_mvpa_prd_alt_None";"e3_bw";0;-0,00380291513211636;-0,00420614506177025;0,00376668360509273;-0,0111854793392556;0,00357964907502288;-0,0119579883449667;0,00355775235418358;-1,0096189462196;0,312677888876501;FALSE;100;"4";"Childhood"
"hs_sd_wk_None";"e3_bw";0;0,00655120542978804;0,00616621989369594;0,00340003564998013;-0,000112741990325254;0,0132151528499013;-0,000470273958308829;0,0124319404127567;1,92680492330318;0,0540039457003119;FALSE;100;"4";"Childhood"
"hs_dif_hours_total_None";"e3_bw";0;0,00336938662944036;0,00349044718860844;0,0035267949854305;-0,00354300452285989;0,0102817777817406;-0,00367907654617054;0,0105335885901962;0,955367874616922;0,339391693991801;FALSE;100;"4";"Childhood"
"hs_as_c_Log2";"e3_bw";0;-0,00144946176148118;-0,00162586649921963;0,00337543264475976;-0,00806518817745108;0,00516626465448873;-0,00788889171577083;0,0046974048178689;-0,429415104381187;0,667621163657673;FALSE;100;"4";"Childhood"
"hs_cd_c_Log2";"e3_bw";0;0,00112228402087659;0,00134106237027996;0,00268396205825981;-0,00413818494918463;0,00638275299093781;-0,00363192736450548;0,00654284027459169;0,418144517886456;0,675841457930274;FALSE;100;"4";"Childhood"
"hs_co_c_Log2";"e3_bw";0;-0,00237785741588409;-0,00286256325964761;0,00307773164733493;-0,00841010059873968;0,00365438576697151;-0,00937779325332539;0,0028274933958919;-0,772600632008682;0,439758770349891;FALSE;100;"4";"Childhood"
"hs_cs_c_Log2";"e3_bw";0;-0,00510339245727642;-0,0051766084839687;0,00405286785738388;-0,0130468674918488;0,002840082577296;-0,0130705853777755;0,00224940286483105;-1,25920524351136;0,207956208115869;FALSE;100;"4";"Childhood"
"hs_cu_c_Log2";"e3_bw";0;-0,00748694585844629;-0,00713762822536176;0,00291671009730124;-0,013203592602501;-0,00177029911439155;-0,0136633905396039;-0,00199434008308675;-2,5669146431021;0,0102607866810566;TRUE;100;"4";"Childhood"
"hs_hg_c_Log2";"e3_bw";0;-0,00535250320292512;-0,00531973426246173;0,00334606178505562;-0,0119106637916799;0,00120565738582968;-0,0122913509813038;0,000927760426638823;-1,59964266853374;0,109677877071559;FALSE;100;"4";"Childhood"
"hs_mn_c_Log2";"e3_bw";0;-0,00173159126579989;-0,001464778189424;0,00317969333480565;-0,00796367568390102;0,00450049315230125;-0,0079375315569042;0,00414938465578146;-0,544578071993765;0,586043739508886;FALSE;100;"4";"Childhood"
"hs_mo_c_Log2";"e3_bw";0;-0,00506708457685748;-0,0051907509073171;0,00277875272766168;-0,0105133398450168;0,000379170691301845;-0,010190052991167;0,000388076572453398;-1,82351042840772;0,0682261190768988;FALSE;100;"4";"Childhood"
"hs_pb_c_Log2";"e3_bw";0;0,00397013827538343;0,00387260108665025;0,00298382694046654;-0,00187805506403133;0,00981833161479819;-0,00151408770884137;0,00927943518053104;1,33055245984295;0,183336314011962;FALSE;100;"4";"Childhood"
"hs_hum_mt_hs_h_None";"e3_bw";0;-0,036583824602569;-0,0370065581319915;0,0047412873111956;-0,0458765769728691;-0,0272910722322689;-0,0452908525223931;-0,029337553758712;-7,71601090619073;1,20027045821797e-14;TRUE;100;"4";"Childhood"
"hs_tm_mt_hs_h_None";"e3_bw";0;0,00941907094070846;0,0101023650562646;0,00455526901664301;0,000490907728196963;0,01834723415322;0,000534046708396384;0,0191960322940336;2,06773099597305;0,0386653255458333;TRUE;100;"4";"Childhood"
"hs_uvdvf_mt_hs_h_None";"e3_bw";0;-0,0155122318401869;-0,0155308432017603;0,00456437901141826;-0,0244582503143573;-0,0065662133660166;-0,0249063529469305;-0,00697698224867239;-3,39854157627609;0,000677461651320518;TRUE;100;"4";"Childhood"
"hs_hum_dy_hs_h_None";"e3_bw";0;-0,0119873761784537;-0,0118873154111879;0,00411964046278679;-0,0200617231147697;-0,00391302924213763;-0,0193006865676776;-0,0023821300065984;-2,90981125336958;0,00361647086450037;TRUE;100;"4";"Childhood"
"hs_hum_wk_hs_h_None";"e3_bw";0;-0,0266144564686385;-0,0265758635051227;0,00437578149899771;-0,0351908306108907;-0,0180380823263863;-0,0344137314078661;-0,0181035047415995;-6,08221787919133;1,18531342805303e-09;TRUE;100;"4";"Childhood"
"hs_tm_dy_hs_h_None";"e3_bw";0;-0,00294784099981318;-0,00280410134663615;0,00524796015965484;-0,0132336539050377;0,00733797190541138;-0,0114356092638029;0,0083992613256894;-0,561711771837662;0,57431241255544;FALSE;100;"4";"Childhood"
"hs_tm_wk_hs_h_None";"e3_bw";0;0,00581720982672869;0,00636899882992314;0,00460045647412057;-0,00319951917499175;0,0148339388284491;-0,00440190485232012;0,0147023662726908;1,26448535258465;0,206055874776483;FALSE;100;"4";"Childhood"
"hs_uvdvf_dy_hs_h_None";"e3_bw";0;-0,00378877621869069;-0,00449891690135326;0,00425317141746303;-0,0121248390169934;0,00454728657961202;-0,0138953880774698;0,00514042080952297;-0,890812019269765;0,373030025991132;FALSE;100;"4";"Childhood"
"hs_uvdvf_wk_hs_h_None";"e3_bw";0;-0,0239346920976286;-0,024656763216789;0,00469135112008944;-0,0331295713318356;-0,0147398128634217;-0,0327916046729085;-0,0153349180431334;-5,1018760874953;3,3630292342576e-07;TRUE;100;"4";"Childhood"
"hs_ndvi100_h_None";"e3_bw";0;0,0108570463981963;0,0108480194520645;0,00459879283472717;0,00184357806977015;0,0198705147266224;0,00169657835658703;0,0196465534598007;2,36084702842249;0,0182332499736201;TRUE;100;"4";"Childhood"
"hs_ndvi100_s_None";"e3_bw";0;0,011952469347635;0,0119241646824463;0,0044244432748259;0,00328071987733579;0,0206242188179342;0,00235053324025645;0,0191455145937655;2,70146289718345;0,00690351823942558;TRUE;100;"4";"Childhood"
"hs_dde_cadj_Log2";"e3_bw";0;-0,00479334082332654;-0,00474090507292287;0,0034321414610202;-0,0115202144767728;0,00193353283011974;-0,0105055353103846;0,00178169966593559;-1,39660351351069;0,162532833154385;FALSE;100;"4";"Childhood"
"hs_ddt_cadj_Log2";"e3_bw";0;-0,00567610562014153;-0,0054402690967058;0,00343310377592843;-0,0124048653761497;0,00105265413586665;-0,012306910959969;0,000966132473860979;-1,65334519158441;0,0982606305589419;FALSE;100;"4";"Childhood"
"hs_hcb_cadj_Log2";"e3_bw";0;0,00397722740077048;0,00223169743886304;0,00313842633573467;-0,00217397518540148;0,0101284299869424;-0,00328069828897787;0,00891730557154583;1,26726804305874;0,205059463132084;FALSE;100;"4";"Childhood"
"hs_pcb118_cadj_Log2";"e3_bw";0;0,00391450340786322;0,00389907585938318;0,00362551613804829;-0,00319137764808017;0,0110203844638066;-0,00282098309107328;0,0100416439794408;1,07970927691705;0,28027166152516;FALSE;100;"4";"Childhood"
"hs_pcb138_cadj_Log2";"e3_bw";0;-0,00238162391184785;-0,00295224409508877;0,0072055021437738;-0,0165041486041706;0,0117409007804749;-0,0175564490846551;0,0110136002010632;-0,330528513395252;0,741000651523497;FALSE;100;"4";"Childhood"
"hs_pcb153_cadj_Log2";"e3_bw";0;-0,00109235424240055;-0,00182657364514407;0,00510046890329909;-0,0110890895971333;0,00890438111233218;-0,00999456480706093;0,00657576255641116;-0,214167415410374;0,830416505268159;FALSE;100;"4";"Childhood"
"hs_pcb170_cadj_Log2";"e3_bw";0;-0,00753815413051964;-0,00801319193047736;0,00382049743853245;-0,0150261915130708;-5,0116747968512e-05;-0,0148585603840533;-0,00181279122206507;-1,97308184386985;0,0484862384769916;TRUE;100;"4";"Childhood"
"hs_pcb180_cadj_Log2";"e3_bw";0;0,00362105764801322;0,00366457556651358;0,00465185111439593;-0,00549640299764531;0,0127385182936717;-0,00628932312783337;0,0109831524066403;0,778412197416906;0,436326050332816;FALSE;100;"4";"Childhood"
"hs_sumPCBs5_cadj_Log2";"e3_bw";0;-0,0139701556299956;-0,0142551540031175;0,00512850210428226;-0,0240218350490267;-0,00391847621096448;-0,0256786638903148;-0,0058908631462843;-2,72402259878778;0,00644920934186983;TRUE;100;"4";"Childhood"
"hs_pfhxs_c_Log2";"e3_bw";0;0,00696920907156517;0,0066497884834602;0,0043356514185738;-0,00152851155835948;0,0154669297014898;-0,00328111096335066;0,0137516946003663;1,60741913930379;0,10796245435287;FALSE;100;"4";"Childhood"
"hs_pfna_c_Log2";"e3_bw";0;-0,00792199494030379;-0,00821707264719373;0,00400887313389251;-0,0157792419013233;-6,47479792842479e-05;-0,0165263675725955;0,000662595870323966;-1,97611515149439;0,048141736760287;TRUE;100;"4";"Childhood"
"hs_pfoa_c_Log2";"e3_bw";0;0,0154904877781536;0,0159074277245258;0,00343521809483473;0,00875758403323722;0,0222233915230699;0,0103343382454502;0,0220032914960743;4,50931712354608;6,50366297028529e-06;TRUE;100;"4";"Childhood"
"hs_pfos_c_Log2";"e3_bw";0;-0,0080358783089505;-0,00840294269987218;0,00447909742698465;-0,0168147479490864;0,000742991331185433;-0,0175180182673666;-0,00128047539451977;-1,79408428594068;0,0727997168011799;FALSE;100;"4";"Childhood"
"hs_pfunda_c_Log2";"e3_bw";0;0,0016015293544536;0,00136347709296141;0,00312900899230589;-0,00453121557776792;0,00773427428667511;-0,00375515833325312;0,00664107477421454;0,511832774655392;0,608768050265073;FALSE;100;"4";"Childhood"
"hs_hm_pers_None";"e3_bw";0;-0,000770281582695656;-0,000446619652161052;0,00347487632909333;-0,00758091403844933;0,00604035087305802;-0,00654650781918067;0,00695236351342515;-0,221671653821602;0,82456949811244;FALSE;100;"4";"Childhood"
"hs_trafload_h_pow1over3";"e3_bw";0;-0,00217787217881384;-0,00251158264472959;0,00379443506471657;-0,00961482824733421;0,00525908388970654;-0,00942292156908318;0,00453082366392451;-0,573964804158935;0,565991618489634;FALSE;100;"4";"Childhood"
"hs_trafnear_h_pow1over3";"e3_bw";0;-0,00344926959166442;-0,00335369304315252;0,00385813691545031;-0,0110110789933715;0,00411253981004264;-0,0113313477216393;0,00316018864312991;-0,894024672336397;0,371308690558099;FALSE;100;"4";"Childhood"
"FAS_cat_None_Low";"e3_bw";0;0,0613394126174006;0,0608019287518896;0,0121326368157715;0,0375598814209837;0,0851189438138175;0,0399090046545935;0,0829930440331405;5,05573632086835;4,28733357526842e-07;TRUE;100;"4";"Childhood"
"FAS_cat_None_Middle";"e3_bw";0;0,0248703111671036;0,0234868925590209;0,00640775989106198;0,0123113325590419;0,0374292897751654;0,0137734107312961;0,0381084050752043;3,88128013376322;0,000103908066926897;TRUE;100;"4";"Childhood"
"hs_globalexp2_None_no exposure";"e3_bw";0;0,0407854603651366;0,0420331821215692;0,00572247868601391;0,0295696082382512;0,0520013124920219;0,0309872050027211;0,0524778806981543;7,12723674529688;1,02403874392592e-12;TRUE;100;"4";"Childhood"
"hs_no2_dy_hs_h_Log";"hs_asthma";0;-0,0873999722028215;-0,0845894705604419;0,0637675841466726;-0,212382140511427;0,0375821961057842;-0,216424637580279;0,0191767192060226;-1,37060190333997;0,170499089321531;FALSE;100;"4";"Childhood"
"hs_no2_wk_hs_h_Log";"hs_asthma";0;0,0343623306390856;0,0299232275169824;0,0533727226034723;-0,0702462834205669;0,138970944698738;-0,0857157514811929;0,120148913560835;0,643818208307966;0,5196933250161;FALSE;100;"4";"Childhood"
"hs_no2_yr_hs_h_Log";"hs_asthma";0;-0,111372719360704;-0,107744448729208;0,0451220083316611;-0,199810230600876;-0,0229352081205322;-0,199059964590545;-0,0363595754848781;-2,46825714276899;0,0135772747116184;TRUE;100;"4";"Childhood"
"hs_pm10_dy_hs_h_None";"hs_asthma";0;-0,0490307855541373;-0,0501847679041096;0,068586395928834;-0,183457651404056;0,0853960802957818;-0,185516619917515;0,0641384481399942;-0,714876250459526;0,474685513399495;FALSE;100;"4";"Childhood"
"hs_pm10_wk_hs_h_None";"hs_asthma";0;0,00950634798786968;0,0136242397653394;0,0725872059358876;-0,132761961384862;0,151774657360601;-0,0956351296636307;0,176645229155741;0,130964511793802;0,895803381040305;FALSE;100;"4";"Childhood"
"hs_pm10_yr_hs_h_None";"hs_asthma";0;-0,0537258997646661;-0,0533057769672226;0,0562893199565399;-0,164050939593736;0,0565991400644039;-0,155805608724628;0,054570285536336;-0,954459918971254;0,339850888505865;FALSE;100;"4";"Childhood"
"hs_pm25_dy_hs_h_None";"hs_asthma";0;-0,137041228683579;-0,135037409597989;0,0815794115145673;-0,296933937132103;0,0228514797649451;-0,288436607750188;0,0175572731409307;-1,67985066500643;0,0929863746665039;FALSE;100;"4";"Childhood"
"hs_pm25_wk_hs_h_None";"hs_asthma";0;0,0403873208774706;0,0389165358747577;0,0592637531073543;-0,0757675008016175;0,156542142556559;-0,0595301744789206;0,163033056908874;0,68148436033591;0,495565059521733;FALSE;100;"4";"Childhood"
"hs_pm25_yr_hs_h_None";"hs_asthma";0;-0,160352917908457;-0,15432144771278;0,0585580649780783;-0,275124616269847;-0,0455812195470676;-0,251818419059578;-0,0273706956543114;-2,73835752544909;0,00617469084662613;TRUE;100;"4";"Childhood"
"hs_pm25abs_dy_hs_h_Log";"hs_asthma";0;0,12480587738046;0,127619446355674;0,0813550980790803;-0,0346471848132606;0,284258939574181;-0,00221821843193323;0,268860813221166;1,53408797146485;0,12500801208468;FALSE;100;"4";"Childhood"
"hs_pm25abs_wk_hs_h_Log";"hs_asthma";0;-0,0544628114941551;-0,0535782905326118;0,0683802400571639;-0,188485619260399;0,0795599962720892;-0,176590431434379;0,0945050980308721;-0,796470024799939;0,425758891437858;FALSE;100;"4";"Childhood"
"hs_pm25abs_yr_hs_h_Log";"hs_asthma";0;-0,12777733469468;-0,125427476372868;0,0762677329689194;-0,27725934449628;0,0217046751069197;-0,252582040661704;0,0296256248222191;-1,67537869188733;0,0938599546206334;FALSE;100;"4";"Childhood"
"hs_accesslines300_h_dic0";"hs_asthma";0;0,165392803590496;0,158817773647905;0,162973303730388;-0,154029002162572;0,484814609343564;-0,157022557700462;0,452656489090311;1,01484598891184;0,310179247690492;FALSE;100;"4";"Childhood"
"hs_accesspoints300_h_Log";"hs_asthma";0;-0,266790479116128;-0,266228641334945;0,0705653745116611;-0,405096071714564;-0,128484886517692;-0,40241449732057;-0,128396034937188;-3,78075622729162;0,000156352711338711;TRUE;100;"4";"Childhood"
"hs_builtdens300_h_Sqrt";"hs_asthma";0;-0,0595394397097459;-0,0542148352835218;0,0812202733534954;-0,218728250297095;0,0996493708776033;-0,224101759915693;0,093854629032157;-0,733061306634762;0,463521038405445;FALSE;100;"4";"Childhood"
"hs_connind300_h_Log";"hs_asthma";0;0,0923003146985133;0,0966759364971017;0,0779693801597524;-0,0605168623115132;0,24511749170854;-0,0835552411456753;0,234525946307167;1,18380208370771;0,236491417207204;FALSE;100;"4";"Childhood"
"hs_fdensity300_h_Log";"hs_asthma";0;0,0238250504255025;0,0249396390974311;0,0766258089820056;-0,126358775465474;0,174008876316479;-0,120430223810909;0,162632028183572;0,310927228593403;0,755855944290303;FALSE;100;"4";"Childhood"
"hs_landuseshan300_h_None";"hs_asthma";0;0,0903165316478469;0,08992130314411;0,0709266564358505;-0,0486971605102662;0,22933022380596;-0,0447029562387571;0,232556155989624;1,2733792368957;0,202883501553381;FALSE;100;"4";"Childhood"
"hs_popdens_h_Sqrt";"hs_asthma";0;-0,00141243903831977;-6,36624369608617e-05;0,0876921198750866;-0,173285835721459;0,170460957644819;-0,153080026319644;0,151289278311475;-0,0161067954604328;0,987149192225582;FALSE;100;"4";"Childhood"
"hs_walkability_mean_h_None";"hs_asthma";0;0,172675713508717;0,170276209527212;0,0875962754540661;0,000990168438897626;0,344361258578536;0,00604229815473602;0,338729660118943;1,97126775783138;0,0486932572294614;TRUE;100;"4";"Childhood"
"hs_accesslines300_s_dic0";"hs_asthma";0;-0,199780197209559;-0,191346379747948;0,173541655484126;-0,539915591775904;0,140355197356785;-0,539936359687724;0,121819077094302;-1,1511944878723;0,249652232390249;FALSE;100;"4";"Childhood"
"hs_accesspoints300_s_Log";"hs_asthma";0;-0,0444020559420398;-0,0493514109100785;0,0746432015845238;-0,19070004273847;0,10189593085439;-0,209939825667522;0,10438036294836;-0,594857334619553;0,551938838735364;FALSE;100;"4";"Childhood"
"hs_builtdens300_s_Sqrt";"hs_asthma";0;0,00414330992128816;0,0019091739795869;0,0734524645507068;-0,139820875173802;0,148107495016378;-0,122393089525001;0,135353408061404;0,0564080449394301;0,955016748226496;FALSE;100;"4";"Childhood"
"hs_connind300_s_Log";"hs_asthma";0;0,0932044463537953;0,0906694597438035;0,0707981828756768;-0,0455574422534117;0,231966334961002;-0,0554830811313686;0,222944510573798;1,31648077066419;0,188012728367698;FALSE;100;"4";"Childhood"
"hs_fdensity300_s_Log";"hs_asthma";0;-0,113190820508556;-0,11177332037672;0,067001770339306;-0,244511877274019;0,0181302362569081;-0,237513817283082;0,013282070933926;-1,68937059327451;0,0911484327616051;FALSE;100;"4";"Childhood"
"hs_landuseshan300_s_None";"hs_asthma";0;-0,0729521872667971;-0,0765059983902608;0,0806528189926282;-0,231028807743976;0,0851244332103822;-0,220966919787005;0,0920471463606708;-0,90452123283459;0,365719080770038;FALSE;100;"4";"Childhood"
"hs_popdens_s_Sqrt";"hs_asthma";0;0,048594994123625;0,0483927220857099;0,0701409318555312;-0,0888787061552943;0,186068694402544;-0,0811768492125809;0,156020825131853;0,692819340121055;0,488422933532492;FALSE;100;"4";"Childhood"
"h_Absorbance_Log";"hs_asthma";0;0,156314224562122;0,151558338215945;0,0766388169722157;0,0061049034788227;0,306523545645422;0,0262753926826545;0,297630103179907;2,03962209670841;0,0413879794775964;TRUE;100;"4";"Childhood"
"h_Benzene_Log";"hs_asthma";0;0,183175343386227;0,183849833167771;0,0696953052895654;0,046575055127155;0,319775631645299;0,0663171808121945;0,309368450391871;2,62823073412452;0,00858302761678401;TRUE;100;"4";"Childhood"
"h_NO2_Log";"hs_asthma";0;-0,0346378412575445;-0,0377699541127901;0,0722600287742453;-0,176264895176893;0,106989212661804;-0,182914954889519;0,102691814837711;-0,479349951074058;0,631689692196822;FALSE;100;"4";"Childhood"
"h_PM_Log";"hs_asthma";0;-0,00488915910819917;-0,0039271222550984;0,0714535477169995;-0,144935539201132;0,135157220984734;-0,129384384975574;0,144054543194191;-0,0684243017234537;0,945447877183551;FALSE;100;"4";"Childhood"
"h_TEX_Log";"hs_asthma";0;-0,0625002153458582;-0,0606102916118709;0,0690040720108296;-0,197745711273693;0,0727452805819762;-0,195075407343796;0,0604968772397561;-0,905746770075386;0,365069901147546;FALSE;100;"4";"Childhood"
"hs_KIDMED_None";"hs_asthma";0;-0,184167512634238;-0,189142899639073;0,0639277607283588;-0,309463621274115;-0,0588714039943603;-0,301105717623901;-0,0830304409430586;-2,88086913315798;0,00396580265014097;TRUE;100;"4";"Childhood"
"hs_mvpa_prd_alt_None";"hs_asthma";0;-0,0136022866363043;-0,0128399978144901;0,0741660270487474;-0,158965028528273;0,131760455255664;-0,123550726955769;0,145074241657659;-0,183403199248679;0,854481665806432;FALSE;100;"4";"Childhood"
"hs_sd_wk_None";"hs_asthma";0;-0,121535589289866;-0,124976242206461;0,0685677797307308;-0,255925968061974;0,0128547894822419;-0,234104091224228;0,0203290901476723;-1,77248832858731;0,0763135310288646;FALSE;100;"4";"Childhood"
"hs_dif_hours_total_None";"hs_asthma";0;-0,224170446176766;-0,229448837269679;0,0655135390414731;-0,352574623197811;-0,0957662691557196;-0,335704540994625;-0,110631639954024;-3,42174227581959;0,000622212623167338;TRUE;100;"4";"Childhood"
"hs_as_c_Log2";"hs_asthma";0;-0,0790656611977252;-0,0719643766157558;0,0580966747526026;-0,192933051334364;0,0348017289389132;-0,168307381091646;0,0417097067202441;-1,36093264432804;0,173534976125226;FALSE;100;"4";"Childhood"
"hs_cd_c_Log2";"hs_asthma";0;0,0462020721246652;0,0490681754990063;0,0838783290917955;-0,118196431978652;0,210600576227983;-0,115441461178691;0,235160587111359;0,55082251428855;0,581755348785641;FALSE;100;"4";"Childhood"
"hs_co_c_Log2";"hs_asthma";0;-0,141170350323631;-0,138552696449654;0,0823023790075983;-0,302480049020489;0,0201393483732276;-0,316133134370167;0,000354500287008951;-1,7152645163586;0,0862967410587902;FALSE;100;"4";"Childhood"
"hs_cs_c_Log2";"hs_asthma";0;-0,0548099781433611;-0,0511840286636894;0,0702773404857651;-0,192551034424719;0,0829310781379971;-0,173214117297863;0,0784257750912679;-0,779909680197176;0,435444040188616;FALSE;100;"4";"Childhood"
"hs_cu_c_Log2";"hs_asthma";0;-0,0394646486382132;-0,0379082859591623;0,067841684370104;-0,172431906654151;0,0935026093777246;-0,174748532297921;0,0936558757088045;-0,581716816211659;0,560757442604305;FALSE;100;"4";"Childhood"
"hs_hg_c_Log2";"hs_asthma";0;0,0561257868697515;0,0598991911144791;0,0814193695585744;-0,103453245109011;0,215704818848514;-0,0927206002322609;0,222412062390589;0,689341948654781;0,490608105632332;FALSE;100;"4";"Childhood"
"hs_mn_c_Log2";"hs_asthma";0;0,199598631649114;0,194959137379516;0,0763051450100626;0,0500432955942847;0,349153967703942;0,0639077261004874;0,363636499259014;2,61579519471186;0,00890199353025764;TRUE;100;"4";"Childhood"
"hs_mo_c_Log2";"hs_asthma";0;0,0523487453828209;0,0566215223047639;0,0702896175948334;-0,0854163735901454;0,190113864355787;-0,0679929479297471;0,182550857123531;0,744757862883419;0,456418112256245;FALSE;100;"4";"Childhood"
"hs_pb_c_Log2";"hs_asthma";0;-0,0291238978269693;-0,0302885383434463;0,0617078659103947;-0,15006909257417;0,0918212969202312;-0,134377634905257;0,0856844692096498;-0,471964106962632;0,636952408465187;FALSE;100;"4";"Childhood"
"hs_hum_mt_hs_h_None";"hs_asthma";0;0,0307225415033718;0,0327033039444384;0,0680228456077998;-0,102599786013844;0,164044869020588;-0,0746704355707034;0,161264641413882;0,451650342305718;0,651520897083226;FALSE;100;"4";"Childhood"
"hs_tm_mt_hs_h_None";"hs_asthma";0;-0,0501792219619463;-0,0466986631723918;0,0622905559760298;-0,172266468251941;0,0719080243280483;-0,164028550425786;0,0590956011464849;-0,805567090800343;0,420492507376687;FALSE;100;"4";"Childhood"
"hs_uvdvf_mt_hs_h_None";"hs_asthma";0;0,0687171822334306;0,0659564920234646;0,055527847731169;-0,0401153994586848;0,177549763925546;-0,0476293358743994;0,177195885008144;1,23752648519921;0,215891687909592;FALSE;100;"4";"Childhood"
"hs_hum_dy_hs_h_None";"hs_asthma";0;0,0890256915040138;0,0936642538402954;0,081504114224543;-0,0707194369679292;0,248770819975957;-0,052928464015545;0,253102761085284;1,09228463312599;0,274708012577653;FALSE;100;"4";"Childhood"
"hs_hum_wk_hs_h_None";"hs_asthma";0;0,260419194243434;0,261251453306918;0,0749473380976172;0,113525110834958;0,40731327765191;0,0953162079177566;0,402971622426672;3,47469571106374;0,000511433136354286;TRUE;100;"4";"Childhood"
"hs_tm_dy_hs_h_None";"hs_asthma";0;-0,0135063669572196;-0,0105534921894462;0,0684405499271614;-0,147647379896571;0,120634645982132;-0,136943576301225;0,131083971753764;-0,197344512450498;0,843557948284438;FALSE;100;"4";"Childhood"
"hs_tm_wk_hs_h_None";"hs_asthma";0;0,0631156949022007;0,0561451947269609;0,0526813039951697;-0,0401377635869378;0,166369153391339;-0,0358721674919752;0,169773978557826;1,1980662989661;0,230891207520027;FALSE;100;"4";"Childhood"
"hs_uvdvf_dy_hs_h_None";"hs_asthma";0;-0,0874357774703508;-0,0818079185472329;0,0518165911861144;-0,188994429996771;0,014122875056069;-0,194882557008831;0,00276556406191178;-1,68740890646974;0,0915247524311486;FALSE;100;"4";"Childhood"
"hs_uvdvf_wk_hs_h_None";"hs_asthma";0;0,110746286397008;0,103968654642586;0,0514585023228971;0,00988947514575936;0,211603097648257;0,019987083102315;0,20716972327885;2,15214748579518;0,0313857401488291;TRUE;100;"4";"Childhood"
"hs_ndvi100_h_None";"hs_asthma";0;-0,121089492338806;-0,114043547992354;0,0732093692795634;-0,264577219457643;0,0223982347800316;-0,254739622465941;0,0464517402771427;-1,6540163305656;0,0981241946611409;FALSE;100;"4";"Childhood"
"hs_ndvi100_s_None";"hs_asthma";0;-0,0512844493393751;-0,0494540094343636;0,0790118508955773;-0,206144831446555;0,103575932767805;-0,186589499229913;0,0944174727541711;-0,649072876512575;0,516291272531775;FALSE;100;"4";"Childhood"
"hs_dde_cadj_Log2";"hs_asthma";0;0,0395724068097537;0,0410429366226127;0,100134851048394;-0,156688294842382;0,235833108461889;-0,145556728235936;0,230743260403514;0,395191148690366;0,692701824493065;FALSE;100;"4";"Childhood"
"hs_ddt_cadj_Log2";"hs_asthma";0;0,0754553362902666;0,079995348744205;0,064730922659049;-0,0514149408075172;0,20232561338805;-0,0260581211747516;0,233484466367663;1,16567682323494;0,243745134218887;FALSE;100;"4";"Childhood"
"hs_hcb_cadj_Log2";"hs_asthma";0;0,000272790632208747;-0,00628018445462329;0,0726344736808245;-0,14208816181823;0,142633743082647;-0,182122749553411;0,102776212701105;0,00375566337008873;0,997003421225896;FALSE;100;"4";"Childhood"
"hs_pcb118_cadj_Log2";"hs_asthma";0;0,0472763812249008;0,0490384997794806;0,0722961748323357;-0,0944215176664883;0,18897428011629;-0,106121420657284;0,186144881761537;0,653926453709908;0,513159189855222;FALSE;100;"4";"Childhood"
"hs_pcb138_cadj_Log2";"hs_asthma";0;0,055143711076408;0,0677199139943139;0,109907024250823;-0,160270098103176;0,270557520255992;-0,169442187356683;0,254744632737505;0,501730544087539;0,615857075948046;FALSE;100;"4";"Childhood"
"hs_pcb153_cadj_Log2";"hs_asthma";0;-0,0277893538975954;-0,0297645275690506;0,059165738995751;-0,143752071447964;0,0881733636527735;-0,135083154344706;0,0737838681213512;-0,469686584994588;0,638578953608974;FALSE;100;"4";"Childhood"
"hs_pcb170_cadj_Log2";"hs_asthma";0;0,106984268203814;0,105792347560881;0,069739981330825;-0,029703583487099;0,243672119894726;-0,0398264268592989;0,254086282975428;1,53404497911052;0,125018587700594;FALSE;100;"4";"Childhood"
"hs_pcb180_cadj_Log2";"hs_asthma";0;-0,0467727111311397;-0,0429947381390549;0,0652875078738088;-0,17473387520418;0,0811884529419007;-0,143697530426338;0,102895220511169;-0,716411341991251;0,473737393599146;FALSE;100;"4";"Childhood"
"hs_sumPCBs5_cadj_Log2";"hs_asthma";0;0,030851381982342;0,0280635518755302;0,0761306354700769;-0,118361921659156;0,18006468562384;-0,125999874856008;0,168608785763524;0,405242669942879;0,68529914286941;FALSE;100;"4";"Childhood"
"hs_pfhxs_c_Log2";"hs_asthma";0;-0,0382569137230605;-0,0351944826668469;0,0646661070988357;-0,165000154657188;0,0884863272110674;-0,160757447875068;0,0671436324490735;-0,591606877843885;0,554113867150635;FALSE;100;"4";"Childhood"
"hs_pfna_c_Log2";"hs_asthma";0;0,0539004211117339;0,0528203173156095;0,0757186874218;-0,0945054791916402;0,202306321415108;-0,0770600040066799;0,203192026179801;0,711850970309021;0,476557065971287;FALSE;100;"4";"Childhood"
"hs_pfoa_c_Log2";"hs_asthma";0;-0,0828806583069739;-0,0869487854541788;0,0758840550292864;-0,231610673165231;0,0658493565512829;-0,24363425136395;0,0523734347045105;-1,09220123087765;0,274744661594542;FALSE;100;"4";"Childhood"
"hs_pfos_c_Log2";"hs_asthma";0;0,0145896560135151;0,0165619040326797;0,0738490853480111;-0,130151891559811;0,159331203586841;-0,15558230491757;0,146844575341676;0,197560415877351;0,8433890078629;FALSE;100;"4";"Childhood"
"hs_pfunda_c_Log2";"hs_asthma";0;0,0652280002789814;0,0654600490085267;0,0738015769302551;-0,0794204325065806;0,209876433064543;-0,0787571900139424;0,214138257809299;0,883829356933986;0,376788336339864;FALSE;100;"4";"Childhood"
"hs_hm_pers_None";"hs_asthma";0;-0,130663207064386;-0,130532887770905;0,0751811262668557;-0,278015506864581;0,0166890927358094;-0,257486359561207;0,00559470927960656;-1,737978845922;0,0822145412752837;FALSE;100;"4";"Childhood"
"hs_trafload_h_pow1over3";"hs_asthma";0;-0,0149287627646119;-0,0158649105630537;0,0699846972090725;-0,152096248763335;0,122238723234111;-0,139621245691658;0,0939149493583589;-0,213314672492097;0,831081529925182;FALSE;100;"4";"Childhood"
"hs_trafnear_h_pow1over3";"hs_asthma";0;-0,0544609753546689;-0,0539163847080642;0,0628900311211585;-0,177723171338743;0,0688012206294048;-0,165057613013925;0,0777944821392288;-0,865971512237752;0,386505784372746;FALSE;100;"4";"Childhood"
"FAS_cat_None_Low";"hs_asthma";0;-0,277836442250503;-0,296526797887475;0,247025477730023;-0,761997481865148;0,206324597364142;-0,754319948086665;0,26524914926694;-1,12472788152708;0,26070436302287;FALSE;100;"4";"Childhood"
"FAS_cat_None_Middle";"hs_asthma";0;-0,167551857058348;-0,175190316698405;0,151849063732677;-0,465170553060522;0,130066838943827;-0,462743442183842;0,113971012293942;-1,10341053767256;0,269848922575726;FALSE;100;"4";"Childhood"
"hs_globalexp2_None_no exposure";"hs_asthma";0;-0,050078518764304;-0,0626325820251312;0,137786826310434;-0,320135735876831;0,219978698348223;-0,34230641878551;0,218605380260395;-0,363449250594371;0,71626931672923;FALSE;100;"4";"Childhood"
"hs_no2_dy_hs_h_Log";"hs_zbmi_who";0;0,00846852266270407;0,00940662529935803;0,00607160794329572;-0,00343161023440285;0,020368655559811;-0,00203828621004251;0,0219179361267965;1,39477429073052;0,163083913969942;FALSE;100;"4";"Childhood"
"hs_no2_wk_hs_h_Log";"hs_zbmi_who";0;0,0193404664165666;0,0189641299532391;0,00617526365585278;0,00723717205605603;0,0314437607770772;0,00732810327105351;0,0290449377538455;3,1319256139349;0,00173663869224408;TRUE;100;"4";"Childhood"
"hs_no2_yr_hs_h_Log";"hs_zbmi_who";0;0,0345389394391819;0,0332613964052307;0,00571533778636399;0,0233370832184276;0,0457407956599362;0,0235681243373153;0,0454650833961609;6,04320177218345;1,51085512827219e-09;TRUE;100;"4";"Childhood"
"hs_pm10_dy_hs_h_None";"hs_zbmi_who";0;0,00142569978325718;0,00127663790424714;0,00603458558517568;-0,0104018706253117;0,0132532701918261;-0,0114759964442754;0,011954800743144;0,236254795484134;0,813234962060564;FALSE;100;"4";"Childhood"
"hs_pm10_wk_hs_h_None";"hs_zbmi_who";0;-0,0128801919252462;-0,0109319780986248;0,00558309090970156;-0,0238228490306742;-0,00193753481981819;-0,0220319439239569;0,000525459146103305;-2,3070002143194;0,0210548081600019;TRUE;100;"4";"Childhood"
"hs_pm10_yr_hs_h_None";"hs_zbmi_who";0;-0,00519638301884891;-0,00406394541275062;0,00549043363334899;-0,0159574351997203;0,00556466916202249;-0,0131317764899469;0,00669052052985073;-0,946443098280251;0,343922631957165;FALSE;100;"4";"Childhood"
"hs_pm25_dy_hs_h_None";"hs_zbmi_who";0;0,00962976738870572;0,00903236993061356;0,00572559914222739;-0,00159220071997338;0,0208517354973848;-0,00233855008051374;0,0193614564596955;1,68187942423079;0,0925922233148;FALSE;100;"4";"Childhood"
"hs_pm25_wk_hs_h_None";"hs_zbmi_who";0;-0,0114141361697211;-0,0115025901393989;0,00689845512964049;-0,0249348597727821;0,00210658743333983;-0,0239576780879098;0,00128349459736367;-1,6545930871795;0,0980070667024694;FALSE;100;"4";"Childhood"
"hs_pm25_yr_hs_h_None";"hs_zbmi_who";0;0,0328909337896792;0,0329754208153247;0,00632681982060002;0,020490594804629;0,0452912727747294;0,0206683458372759;0,0453836103419322;5,19865188551551;2,00739062109331e-07;TRUE;100;"4";"Childhood"
"hs_pm25abs_dy_hs_h_Log";"hs_zbmi_who";0;-0,00447572674958848;-0,00471908045253404;0,00432834503400722;-0,0129591271289054;0,00400767362972846;-0,0127756651451208;0,00329379353668549;-1,03405036207218;0,3011126198937;FALSE;100;"4";"Childhood"
"hs_pm25abs_wk_hs_h_Log";"hs_zbmi_who";0;-0,00511658634997729;-0,00520394593510168;0,00491524934008324;-0,0147502980315747;0,00451712533162013;-0,0139179771990562;0,00413547450612359;-1,04096170834146;0,29789332016343;FALSE;100;"4";"Childhood"
"hs_pm25abs_yr_hs_h_Log";"hs_zbmi_who";0;-0,00840068316355006;-0,00823265084983911;0,0062264176200571;-0,0206042374515676;0,00380287112446745;-0,0196184061549596;0,002756252514355;-1,34920008200045;0,177272708460829;FALSE;100;"4";"Childhood"
"hs_accesslines300_h_dic0";"hs_zbmi_who";0;-0,0313028613882488;-0,0303384592300227;0,0181831614432317;-0,0669412029420602;0,00433548016556264;-0,0637482255606809;0,00282583541592532;-1,72153019077442;0,0851546585703347;FALSE;100;"4";"Childhood"
"hs_accesspoints300_h_Log";"hs_zbmi_who";0;0,0112628571528307;0,0109424868129247;0,00684215478577327;-0,00214751980393332;0,0246732341095946;-8,54598218657521e-05;0,0251165592539814;1,64609797724092;0,099743588835677;FALSE;100;"4";"Childhood"
"hs_builtdens300_h_Sqrt";"hs_zbmi_who";0;-0,00982514013105981;-0,00970605510356769;0,0059660004568313;-0,0215182861581987;0,00186800589607906;-0,0201892996707315;0,00069397733648816;-1,64685541044665;0,0995877688671674;FALSE;100;"4";"Childhood"
"hs_connind300_h_Log";"hs_zbmi_who";0;0,005133314819969;0,00494688100603983;0,00455756996057356;-0,0037993581597768;0,0140659877997148;-0,00370436168266211;0,0128261852115195;1,12632715775645;0,260027066598954;FALSE;100;"4";"Childhood"
"hs_fdensity300_h_Log";"hs_zbmi_who";0;0,0105998560717847;0,0102264661545087;0,005414203108512;-1,17870258836625e-05;0,021211499169453;0,000780952595816439;0,0217206071724622;1,95778692807442;0,0502550199249717;FALSE;100;"4";"Childhood"
"hs_landuseshan300_h_None";"hs_zbmi_who";0;0,00235903543006913;0,00257260425302752;0,00490014291483622;-0,00724506820210898;0,0119631390622472;-0,00617233190473059;0,0111279363442139;0,481421760766742;0,63021677385763;FALSE;100;"4";"Childhood"
"hs_popdens_h_Sqrt";"hs_zbmi_who";0;0,000194097565170415;0,000877687260317411;0,00650332724990964;-0,0125521896243304;0,0129403847546712;-0,0100332597173549;0,0151989900280156;0,0298458862227965;0,976189963137054;FALSE;100;"4";"Childhood"
"hs_walkability_mean_h_None";"hs_zbmi_who";0;-0,0126755248175508;-0,0124080271410163;0,00464566586977355;-0,0217808626065139;-0,00357018702858767;-0,020440352714368;-0,00400799555956317;-2,72846243635869;0,00636303367336961;TRUE;100;"4";"Childhood"
"hs_accesslines300_s_dic0";"hs_zbmi_who";0;0,021994217948979;0,0205035679892574;0,0145156037582055;-0,00645584263095806;0,050444278528916;-0,0052921639456932;0,0464155765463753;1,51521206526087;0,129718708596637;FALSE;100;"4";"Childhood"
"hs_accesspoints300_s_Log";"hs_zbmi_who";0;0,00425395454385985;0,00429066015723541;0,00637140464271899;-0,00823376908680066;0,0167416781745203;-0,00732817397976573;0,0145886227931646;0,667663534558445;0,504348391866174;FALSE;100;"4";"Childhood"
"hs_builtdens300_s_Sqrt";"hs_zbmi_who";0;-0,0094033347463159;-0,00945283499598265;0,00552918756783792;-0,0202403432430448;0,00143367375041303;-0,0216482017959601;0,00128284493010608;-1,7006720482794;0,0890045866690151;FALSE;100;"4";"Childhood"
"hs_connind300_s_Log";"hs_zbmi_who";0;0,00188042526988963;0,00164873987905161;0,00454440936468179;-0,00702645341589322;0,0107873039556725;-0,00661607698117457;0,00995418498260718;0,413788705855575;0,679028856009626;FALSE;100;"4";"Childhood"
"hs_fdensity300_s_Log";"hs_zbmi_who";0;0,00149770157527308;0,00142864267033967;0,00589713808708096;-0,010060476687265;0,0130558798378112;-0,00888832846638973;0,0112980485117331;0,253970918292407;0,799518025462242;FALSE;100;"4";"Childhood"
"hs_landuseshan300_s_None";"hs_zbmi_who";0;0,000202150870338954;0,00037663405906048;0,00521510148219187;-0,0100192602104786;0,0104235619511565;-0,00825441050247726;0,01017354495186;0,0387625957096412;0,969079666707346;FALSE;100;"4";"Childhood"
"hs_popdens_s_Sqrt";"hs_zbmi_who";0;-0,0061651874261173;-0,00583394568134169;0,00539802181657969;-0,016745115774375;0,00441474092214037;-0,0162739258546757;0,00412002184502952;-1,14211976824201;0,253404239506746;FALSE;100;"4";"Childhood"
"h_Absorbance_Log";"hs_zbmi_who";0;-0,00477070139708542;-0,00478998554411914;0,00549004101066825;-0,0155309840516431;0,00598958125747223;-0,0146608672383348;0,00787969595717978;-0,86897372675632;0,384861501458429;FALSE;100;"4";"Childhood"
"h_Benzene_Log";"hs_zbmi_who";0;0,00275347727934962;0,00156394756803378;0,00431195155218212;-0,0056977924660089;0,0112047470247082;-0,00650551795818177;0,00943611250036175;0,63856869587419;0,5231035513144;FALSE;100;"4";"Childhood"
"h_NO2_Log";"hs_zbmi_who";0;0,0182796832003667;0,0172007262216385;0,00538842655620782;0,0077185612168602;0,0288408051838732;0,00832007416452312;0,0286672628666117;3,39239720717866;0,00069283922760191;TRUE;100;"4";"Childhood"
"h_PM_Log";"hs_zbmi_who";0;0,0108398189155031;0,0105529692422735;0,00496252203500623;0,00111345445440444;0,0205661833766017;0,00205537134050565;0,0201133979538856;2,18433668183993;0,0289375172120906;TRUE;100;"4";"Childhood"
"h_TEX_Log";"hs_zbmi_who";0;-0,00638832448508941;-0,0059887891176699;0,004551600848043;-0,0153092982192557;0,00253264924907685;-0,0145904643096885;0,00249328927581684;-1,40353354750694;0,160457795412164;FALSE;100;"4";"Childhood"
"hs_KIDMED_None";"hs_zbmi_who";0;0,0101831226690559;0,0100979528220424;0,00405743308595437;0,00223069995090412;0,0181355453872076;0,00318722304782574;0,0189551764002242;2,5097450662358;0,0120818349673195;TRUE;100;"4";"Childhood"
"hs_mvpa_prd_alt_None";"hs_zbmi_who";0;-0,010104219884824;-0,008947137418128;0,0050153501942834;-0,0199341256354754;-0,000274314134172587;-0,0175846939942452;0,00191084490289199;-2,01465889587152;0,0439404018401028;TRUE;100;"4";"Childhood"
"hs_sd_wk_None";"hs_zbmi_who";0;0,00566746746609937;0,00517053370901195;0,00419710083218605;-0,00255869900446838;0,0138936339366671;-0,00347525855949162;0,0135165675708057;1,35032911828985;0,176910436153333;FALSE;100;"4";"Childhood"
"hs_dif_hours_total_None";"hs_zbmi_who";0;-0,00527853696920053;-0,00395244587554036;0,00487692518011261;-0,0148371346775178;0,0042800607391167;-0,0143147358196581;0,00569229061063404;-1,08234938496199;0,279097309730111;FALSE;100;"4";"Childhood"
"hs_as_c_Log2";"hs_zbmi_who";0;0,00379795450003476;0,00336506252136146;0,00475595188949668;-0,00552353991558395;0,0131194489156535;-0,00509984460037425;0,0108540786994521;0,798568738347077;0,424540520634781;FALSE;100;"4";"Childhood"
"hs_cd_c_Log2";"hs_zbmi_who";0;0,00469453318486852;0,00420964902214538;0,00438522528908135;-0,00390035044582517;0,0132894168155622;-0,00459508270451624;0,012076183252721;1,07053409469231;0,284378970770395;FALSE;100;"4";"Childhood"
"hs_co_c_Log2";"hs_zbmi_who";0;-0,00854723564268428;-0,00785840500988287;0,00453150832475774;-0,0174288287548529;0,000334357469484313;-0,0183375913611483;-0,00122376449608559;-1,88617895635031;0,0592708432813189;FALSE;100;"4";"Childhood"
"hs_cs_c_Log2";"hs_zbmi_who";0;0,0122666552692694;0,0110927320636699;0,00504777744599689;0,00237319327314189;0,0221601172653968;0,00301717481818268;0,0202855435457597;2,43011016244335;0,0150942342056903;TRUE;100;"4";"Childhood"
"hs_cu_c_Log2";"hs_zbmi_who";0;0,00772769258629431;0,00715779917912389;0,00441715921405306;-0,000929780387228938;0,0163851655598176;-0,00169974298141535;0,015146959582706;1,74947114464629;0,0802096124091149;FALSE;100;"4";"Childhood"
"hs_hg_c_Log2";"hs_zbmi_who";0;-0,00713749613850481;-0,00649872441244708;0,00461574873922165;-0,0161841974290654;0,00190920515205579;-0,0150518227069641;0,00190749330914772;-1,54633550085926;0,122023562421517;FALSE;100;"4";"Childhood"
"hs_mn_c_Log2";"hs_zbmi_who";0;-0,00177515701917653;-0,00207689499516064;0,00430505859258946;-0,0102129168119866;0,0066626027736335;-0,0100292139209429;0,00603970758049275;-0,412342127522308;0,680088674919126;FALSE;100;"4";"Childhood"
"hs_mo_c_Log2";"hs_zbmi_who";0;-0,00740289355106029;-0,00692345940716049;0,00412203868047752;-0,0154819409076772;0,000676153805556649;-0,015153488484046;0,000275988082221401;-1,79593015129172;0,0725056264677118;FALSE;100;"4";"Childhood"
"hs_pb_c_Log2";"hs_zbmi_who";0;-0,00176657435970673;-0,00137090128201451;0,00426021908601196;-0,0101164503345403;0,00658330161512685;-0,00861018277149666;0,00715123639892069;-0,414667491046908;0,678385333728537;FALSE;100;"4";"Childhood"
"hs_hum_mt_hs_h_None";"hs_zbmi_who";0;-0,0178822628476574;-0,0183218143342975;0,00671866633863972;-0,0310506068955328;-0,00471391879978192;-0,0309513406561113;-0,00743388627479718;-2,66157924003677;0,00777750321736756;TRUE;100;"4";"Childhood"
"hs_tm_mt_hs_h_None";"hs_zbmi_who";0;0,0159145541000232;0,0154905030688428;0,0060470875784441;0,0040624802349132;0,0277666279651331;0,00152034159088902;0,0262250190246721;2,63177172375564;0,00849409134815954;TRUE;100;"4";"Childhood"
"hs_uvdvf_mt_hs_h_None";"hs_zbmi_who";0;-0,0104751163398564;-0,0103957157232938;0,0058364491763997;-0,0219143465231983;0,000964113843485465;-0,0230262570872644;-0,000296475679017029;-1,79477556014942;0,0726894662083884;FALSE;100;"4";"Childhood"
"hs_hum_dy_hs_h_None";"hs_zbmi_who";0;-0,00536060942899044;-0,00551257754559053;0,00562487267718388;-0,0163851572938942;0,00566393843591336;-0,0155793325585286;0,00587163453248251;-0,953018803560591;0,340580543592473;FALSE;100;"4";"Childhood"
"hs_hum_wk_hs_h_None";"hs_zbmi_who";0;-0,0196037570554855;-0,0193783999581765;0,00580902152872074;-0,030989230037196;-0,00821828407377508;-0,0317831221356238;-0,00939554804295866;-3,37470896924059;0,00073893790572372;TRUE;100;"4";"Childhood"
"hs_tm_dy_hs_h_None";"hs_zbmi_who";0;-0,00855660388902335;-0,00747168413179231;0,00708354388362077;-0,022440094783829;0,00532688700578234;-0,0196682182672573;0,00675456229875169;-1,2079552311109;0,227064483132986;FALSE;100;"4";"Childhood"
"hs_tm_wk_hs_h_None";"hs_zbmi_who";0;0,00928423912813555;0,00898718802387379;0,00577142559461284;-0,00202754717675827;0,0205960254330294;-0,00378663789778084;0,0184164165506873;1,60865612419948;0,107691554718943;FALSE;100;"4";"Childhood"
"hs_uvdvf_dy_hs_h_None";"hs_zbmi_who";0;-0,0051218785819727;-0,00522946540596135;0,00524660742124081;-0,0154050401686252;0,00516128300467985;-0,0147499349153699;0,00446666365290153;-0,976226763458012;0,328952103275595;FALSE;100;"4";"Childhood"
"hs_uvdvf_wk_hs_h_None";"hs_zbmi_who";0;-0,0263661454483569;-0,0257769718071772;0,0059176836710166;-0,0379645923154502;-0,0147676985812636;-0,0357719431761064;-0,0136117734997271;-4,45548409042071;8,37041034352875e-06;TRUE;100;"4";"Childhood"
"hs_ndvi100_h_None";"hs_zbmi_who";0;0,00953198021804818;0,00964008375864045;0,00670580866831838;-0,00361116325907235;0,0226751236951687;-0,00262780361235264;0,0219370321962746;1,42145126553969;0,155185611838724;FALSE;100;"4";"Childhood"
"hs_ndvi100_s_None";"hs_zbmi_who";0;0,00561699722846807;0,00613336492683482;0,00583787803127561;-0,00582503345896971;0,0170590279159058;-0,0064932815131264;0,0157694362509523;0,962164197055129;0,335967130608878;FALSE;100;"4";"Childhood"
"hs_dde_cadj_Log2";"hs_zbmi_who";0;-0,0174202256552169;-0,0162551468029889;0,00568233081625908;-0,0285573894033267;-0,006283061907107;-0,0261167249802178;-0,00700412122675585;-3,06568311816195;0,00217173346208406;TRUE;100;"4";"Childhood"
"hs_ddt_cadj_Log2";"hs_zbmi_who";0;-0,00402392680890659;-0,00385993031154954;0,00522244700808265;-0,0142597348559175;0,00621188123810436;-0,0135846574594072;0,00780867101763031;-0,77050601043512;0,440999791083845;FALSE;100;"4";"Childhood"
"hs_hcb_cadj_Log2";"hs_zbmi_who";0;-0,0151253556746101;-0,0198458772122811;0,012668790807215;-0,0399557293844237;0,00970501803520337;-0,045429341010158;-0,00508846870325626;-1,1939068143738;0,232514421636622;FALSE;100;"4";"Childhood"
"hs_pcb118_cadj_Log2";"hs_zbmi_who";0;0,00458172033308067;0,00453614127409662;0,00524928657273895;-0,00570669229401736;0,0148701329601787;-0,00627577749665854;0,0138351656493117;0,872827244158256;0,382757247453784;FALSE;100;"4";"Childhood"
"hs_pcb138_cadj_Log2";"hs_zbmi_who";0;0,00142225699561116;-0,000135035828227024;0,00964613752694534;-0,017483825147122;0,0203283391383443;-0,0200845290317153;0,0180291838644494;0,147443159672797;0,882782241265737;FALSE;100;"4";"Childhood"
"hs_pcb153_cadj_Log2";"hs_zbmi_who";0;-0,00763919027592477;-0,00685211775442825;0,00627879755658886;-0,019945407353057;0,00466702680120749;-0,0185222401099197;0,00476683320510497;-1,21666452964522;0,223731879865;FALSE;100;"4";"Childhood"
"hs_pcb170_cadj_Log2";"hs_zbmi_who";0;-0,0220396692701891;-0,0214830448784986;0,00584652459278247;-0,0334986469067704;-0,0105806916336077;-0,0339422316942385;-0,0131543428086913;-3,76970436375091;0,000163441032610116;TRUE;100;"4";"Childhood"
"hs_pcb180_cadj_Log2";"hs_zbmi_who";0;-0,00196034821728561;-0,00152820421752158;0,00625141458582973;-0,0142128956579403;0,010292199223369;-0,0141655963949773;0,0100255640218158;-0,313584739960967;0,75383645108658;FALSE;100;"4";"Childhood"
"hs_sumPCBs5_cadj_Log2";"hs_zbmi_who";0;-0,0290243450674873;-0,0264573692059181;0,007653079232461;-0,0440241047339423;-0,0140245854010323;-0,0410509713846952;-0,0125177731765938;-3,79250549822858;0,000149134947466349;TRUE;100;"4";"Childhood"
"hs_pfhxs_c_Log2";"hs_zbmi_who";0;0,00796473993891848;0,0070281371963605;0,00644967678169683;-0,00467639426513151;0,0206058741429685;-0,00436899814139617;0,0185213354296541;1,23490528417194;0,216865756615281;FALSE;100;"4";"Childhood"
"hs_pfna_c_Log2";"hs_zbmi_who";0;-0,00449739820076322;-0,00514358767613;0,00565183722966179;-0,015574795617383;0,00657999921585653;-0,0160336964656831;0,00476599650582695;-0,795740927774797;0,426182632891961;FALSE;100;"4";"Childhood"
"hs_pfoa_c_Log2";"hs_zbmi_who";0;0,0144560252085567;0,0140472674759384;0,00510526139337775;0,00444989674587355;0,0244621536712399;0,00489869620278164;0,0229496766285393;2,8315935452998;0,00463166832495001;TRUE;100;"4";"Childhood"
"hs_pfos_c_Log2";"hs_zbmi_who";0;-0,0133570882337649;-0,0121647830745403;0,0052754613124334;-0,0236968024079687;-0,00301737405956101;-0,0216112503540178;-0,00166433540683279;-2,53192800453003;0,0113437280133991;TRUE;100;"4";"Childhood"
"hs_pfunda_c_Log2";"hs_zbmi_who";0;-0,0012176752329159;-0,00142061220546538;0,00432120086215177;-0,0096870732926968;0,007251722826865;-0,00924217664883438;0,00610202291539231;-0,281790935381225;0,778103821914305;FALSE;100;"4";"Childhood"
"hs_hm_pers_None";"hs_zbmi_who";0;0,000845601247720146;0,00112483740148735;0,00395614718223193;-0,00690830474699405;0,00859950724243434;-0,00589865973733177;0,00909633187460046;0,213743627011138;0,830746988006809;FALSE;100;"4";"Childhood"
"hs_trafload_h_pow1over3";"hs_zbmi_who";0;-0,00261958109135392;-0,00256834086416993;0,00556220945491574;-0,0135213112974569;0,00828214911474909;-0,0131674305444067;0,00684922660709117;-0,470960526133874;0,637668924028685;FALSE;100;"4";"Childhood"
"hs_trafnear_h_pow1over3";"hs_zbmi_who";0;-0,000484409876126779;-0,000380055156107758;0,00531605274600477;-0,0109036817982114;0,00993486204595782;-0,0107420136334342;0,0106405395180857;-0,0911220974040998;0,927395574495186;FALSE;100;"4";"Childhood"
"FAS_cat_None_Low";"hs_zbmi_who";0;0,0252991798991153;0,0258266264927418;0,0144597154314815;-0,00304134157328651;0,0536397013715171;0,00307721316879025;0,0547767139217262;1,74963193563507;0,0801818453979028;FALSE;100;"4";"Childhood"
"FAS_cat_None_Middle";"hs_zbmi_who";0;0,00986109316320003;0,00934496211473915;0,00814553654160111;-0,00610386509309309;0,0258260514194932;-0,00579066077558783;0,0270904946659336;1,21061309010612;0,2260437250166;FALSE;100;"4";"Childhood"
"hs_globalexp2_None_no exposure";"hs_zbmi_who";0;0,0331130568355591;0,0324683394882363;0,00796296667828516;0,0175059289360276;0,0487201847350906;0,019578936927954;0,0456861392781426;4,15838194147637;3,2050980621078e-05;TRUE;100;"4";"Childhood"
"hs_no2_dy_hs_h_Log";"hs_correct_raven";0;-0,00544391060314525;-0,00494269246870964;0,00873213453470954;-0,0225585797993344;0,0116707585930439;-0,0205576087724256;0,0107117204019289;-0,623434119287345;0,532999282606874;FALSE;100;"4";"Childhood"
"hs_no2_wk_hs_h_Log";"hs_correct_raven";0;0,017017423227849;0,0169385837704452;0,00973324657463093;-0,0020593895110755;0,0360942359667734;-0,0009953372530933;0,0368087276885263;1,74838098442957;0,0803980783888854;FALSE;100;"4";"Childhood"
"hs_no2_yr_hs_h_Log";"hs_correct_raven";0;0,0373875495184395;0,0367366392905418;0,00997194805768316;0,0178428904696763;0,0569322085672026;0,0201720213855127;0,0549329034215766;3,74927238912293;0,00017734837591458;TRUE;100;"4";"Childhood"
"hs_pm10_dy_hs_h_None";"hs_correct_raven";0;-0,0177884531708204;-0,0179882924880019;0,007439586176575;-0,0323697741367894;-0,00320713220485133;-0,0331967596992292;-0,00461720655811041;-2,391054118955;0,0168000762724377;TRUE;100;"4";"Childhood"
"hs_pm10_wk_hs_h_None";"hs_correct_raven";0;-0,00576711461249877;-0,00605323335784409;0,00814358859926531;-0,0217282549719698;0,0101940257469722;-0,0199916175026035;0,00935889757875748;-0,708178531147688;0,478834396550578;FALSE;100;"4";"Childhood"
"hs_pm10_yr_hs_h_None";"hs_correct_raven";0;0,0107683095424488;0,00962270842283217;0,0118337343613341;-0,0124253836083801;0,0339620026932777;-0,0128783012605975;0,03209950635748;0,909967150997875;0,362839833820632;FALSE;100;"4";"Childhood"
"hs_pm25_dy_hs_h_None";"hs_correct_raven";0;0,00175123551417102;0,00209757341397686;0,00721540507964365;-0,0123906985757979;0,0158931696041399;-0,0130903418257581;0,015354828191873;0,24270785837259;0,808231719355028;FALSE;100;"4";"Childhood"
"hs_pm25_wk_hs_h_None";"hs_correct_raven";0;-0,00283133193241905;-0,00234399816475943;0,00685842236556307;-0,0162735927596867;0,0106109288948486;-0,0137123935335855;0,0124837567362092;-0,412825542304815;0,679734436220098;FALSE;100;"4";"Childhood"
"hs_pm25_yr_hs_h_None";"hs_correct_raven";0;0,0276043585429035;0,0268575174665443;0,0094824109970757;0,00901917450202864;0,0461895425837785;0,00518300427508319;0,046623157379211;2,91111179966957;0,00360145126906173;TRUE;100;"4";"Childhood"
"hs_pm25abs_dy_hs_h_Log";"hs_correct_raven";0;0,0122659923740798;0,0116513049198083;0,00699518876977039;-0,00144432567972918;0,0259763104278888;0,000456136613273452;0,0240929818938725;1,75348983105176;0,0795179635121956;FALSE;100;"4";"Childhood"
"hs_pm25abs_wk_hs_h_Log";"hs_correct_raven";0;-0,0119225254922337;-0,011159343035369;0,00813025306646049;-0,0278575286876926;0,00401247770322515;-0,0257567554020046;0,0048066609544655;-1,46643965381808;0,142528550058248;FALSE;100;"4";"Childhood"
"hs_pm25abs_yr_hs_h_Log";"hs_correct_raven";0;-0,00953898427769098;-0,00983987081250808;0,00877010199482542;-0,0267280683282917;0,00765009977290973;-0,0271075133744629;0,0058843650227445;-1,08767084844842;0,276740441452518;FALSE;100;"4";"Childhood"
"hs_accesslines300_h_dic0";"hs_correct_raven";0;-0,0219563532515958;-0,0210080265953566;0,0249743085340466;-0,0709050985171185;0,0269923920139268;-0,0658060183654322;0,0248028829645494;-0,879157603969836;0,379315828158212;FALSE;100;"4";"Childhood"
"hs_accesspoints300_h_Log";"hs_correct_raven";0;-0,0017787651887039;-0,000793056142437909;0,00699679001966802;-0,0154922216346425;0,0119346912572347;-0,0153995908295312;0,0143292254439803;-0,254225892688473;0,799321048106331;FALSE;100;"4";"Childhood"
"hs_builtdens300_h_Sqrt";"hs_correct_raven";0;-0,00969757597727664;-0,00964432070318038;0,00722802377269593;-0,02386424225116;0,00446909029660671;-0,0223220242455835;0,00655481892336177;-1,34166354210255;0,179705113173062;FALSE;100;"4";"Childhood"
"hs_connind300_h_Log";"hs_correct_raven";0;-0,0101609119051001;-0,0101121549289842;0,00673237191037565;-0,0233561183799655;0,00303429456976533;-0,023268873739128;0,00361649495347477;-1,50926182337617;0,131231886679185;FALSE;100;"4";"Childhood"
"hs_fdensity300_h_Log";"hs_correct_raven";0;0,0299019436424599;0,0293876656332854;0,00713317381386808;0,0159211798718142;0,0438827074131055;0,016471030399552;0,0423825265238513;4,19195500105794;2,76560860095484e-05;TRUE;100;"4";"Childhood"
"hs_landuseshan300_h_None";"hs_correct_raven";0;0,0144317278030323;0,0143696346489602;0,00545429616480123;0,00374150375900698;0,0251219518470577;0,00330434100686807;0,0256094012550566;2,64593769149649;0,00814648204558039;TRUE;100;"4";"Childhood"
"hs_popdens_h_Sqrt";"hs_correct_raven";0;-0,0160844267401852;-0,016110267950875;0,00761449696895535;-0,0310085665597271;-0,00116028692064326;-0,030922341310099;-0,00280503616278011;-2,11234265451311;0,0346570697863911;TRUE;100;"4";"Childhood"
"hs_walkability_mean_h_None";"hs_correct_raven";0;-0,0059540116113036;-0,0062201888415609;0,00614261019148;-0,0179933063576731;0,00608528313506589;-0,0187320730462716;0,00535602818257217;-0,969296671236278;0,332397189665959;FALSE;100;"4";"Childhood"
"hs_accesslines300_s_dic0";"hs_correct_raven";0;0,00860274651097784;0,0111183715413707;0,021709445507375;-0,0339469848078121;0,0511524778297678;-0,0322767960379934;0,0531862743071636;0,396267445341031;0,691907740556866;FALSE;100;"4";"Childhood"
"hs_accesspoints300_s_Log";"hs_correct_raven";0;0,00793641556857331;0,00814273313375995;0,00720405251007415;-0,0061832678939074;0,022056099031054;-0,0052787387625413;0,0226941325699607;1,10165987233922;0,270609568460607;FALSE;100;"4";"Childhood"
"hs_builtdens300_s_Sqrt";"hs_correct_raven";0;-0,0125983432948674;-0,0120010557747529;0,00759238338608975;-0,0274791412884235;0,00228245469868881;-0,0267667367737167;0,000915377115166762;-1,65933971642544;0,0970473564003006;FALSE;100;"4";"Childhood"
"hs_connind300_s_Log";"hs_correct_raven";0;0,00620879040326051;0,00667686441218775;0,00511442893000112;-0,00381530610103141;0,0162328869075524;-0,00255502781389927;0,0155897814914538;1,21397530168811;0,224757155706467;FALSE;100;"4";"Childhood"
"hs_fdensity300_s_Log";"hs_correct_raven";0;0,0111747511489298;0,0117363635513453;0,00751419755207716;-0,0035528054258605;0,02590230772372;-0,00333499102868025;0,0256817202851418;1,48715163149267;0,13697476751776;FALSE;100;"4";"Childhood"
"hs_landuseshan300_s_None";"hs_correct_raven";0;0,00215513673262447;0,00249692777315819;0,00600192288530793;-0,00960841596056579;0,0139186894258147;-0,0102978847345178;0,0137628581658047;0,359074378962785;0,719539447851223;FALSE;100;"4";"Childhood"
"hs_popdens_s_Sqrt";"hs_correct_raven";0;0,00123736814740492;0,000730766777051522;0,00803392649511421;-0,014508838437461;0,0169835747322709;-0,0144277305032271;0,0160802366369935;0,154017857663674;0,877595655209487;FALSE;100;"4";"Childhood"
"h_Absorbance_Log";"hs_correct_raven";0;0,00671457619690661;0,00600984443118713;0,00749334310489291;-0,00797210641248502;0,0214012588062982;-0,00843401526959075;0,0194112315038937;0,896072167377765;0,370214220927171;FALSE;100;"4";"Childhood"
"h_Benzene_Log";"hs_correct_raven";0;-0,00717369662135898;-0,00626971045516019;0,00610613259363942;-0,0191414965897184;0,00479410334700044;-0,016483762905573;0,00520007711717175;-1,17483472743969;0,240060843598051;FALSE;100;"4";"Childhood"
"h_NO2_Log";"hs_correct_raven";0;0,0166994738192127;0,0168070939080909;0,00648383934528864;0,00399138222090317;0,0294075654175222;0,00309014283329432;0,0281334294712773;2,5755532995041;0,010007984733017;TRUE;100;"4";"Childhood"
"h_PM_Log";"hs_correct_raven";0;-0,00558552425151407;-0,00488258751823495;0,00615637656453852;-0,017651800593276;0,00648075209024785;-0,0165708034055458;0,00686917630474941;-0,907274627040746;0,364261588306575;FALSE;100;"4";"Childhood"
"h_TEX_Log";"hs_correct_raven";0;-0,0100483761803551;-0,0106322475316921;0,00631527083057961;-0,0224260795609075;0,0023293272001973;-0,0228415565656085;0,000259581905956894;-1,59112355588919;0,111581772225149;FALSE;100;"4";"Childhood"
"hs_KIDMED_None";"hs_correct_raven";0;0,0112122379163301;0,0101791282713793;0,00542093828168613;0,000587394121810856;0,0218370817108494;0,00101953066867251;0,0209385842628011;2,0683205256568;0,0386098929111557;TRUE;100;"4";"Childhood"
"hs_mvpa_prd_alt_None";"hs_correct_raven";0;-0,0128147879996104;-0,0135562170250268;0,00666008691692569;-0,0258683184906911;0,000238742491470411;-0,0272076807660442;-0,00146687933665837;-1,92411723141981;0,0543398906647998;FALSE;100;"4";"Childhood"
"hs_sd_wk_None";"hs_correct_raven";0;0,000316542464785251;0,0014271137837206;0,00547483963591578;-0,0104139460427421;0,0110470309723126;-0,00852062901168479;0,0128249605416036;0,0578176687968511;0,953893864056983;FALSE;100;"4";"Childhood"
"hs_dif_hours_total_None";"hs_correct_raven";0;0,00525195165830974;0,00401737016495358;0,00646628716612666;-0,00742173830099208;0,0179256416176116;-0,00825822588423784;0,0172198817494929;0,812205137721355;0,41667393197508;FALSE;100;"4";"Childhood"
"hs_as_c_Log2";"hs_correct_raven";0;0,0118389739220646;0,0120677291980632;0,00650907862810983;-0,000918585761570013;0,0245965336056993;0,000946152839780148;0,0275065176299855;1,81884020742004;0,0689358121986287;FALSE;100;"4";"Childhood"
"hs_cd_c_Log2";"hs_correct_raven";0;-0,00656859090080475;-0,00602681881547088;0,00579191501911763;-0,0179205357397919;0,00478335393818242;-0,0163610970645587;0,0059928551852099;-1,1340965603127;0,256754046317211;FALSE;100;"4";"Childhood"
"hs_co_c_Log2";"hs_correct_raven";0;0,00682785307497309;0,00592845007282008;0,00499462301644974;-0,00296142815362321;0,0166171343035694;-0,00496041411944567;0,0143399264732962;1,36704072609397;0,171612540532114;FALSE;100;"4";"Childhood"
"hs_cs_c_Log2";"hs_correct_raven";0;0,00114533464818089;0,00159645288956679;0,00718263112959953;-0,0129323636800704;0,0152230329764322;-0,0112908159529392;0,0155037888514755;0,159458926334249;0,873307316242772;FALSE;100;"4";"Childhood"
"hs_cu_c_Log2";"hs_correct_raven";0;-0,00542842231974375;-0,00539810304234801;0,00563722988209225;-0,0164771898612175;0,00562034522173004;-0,0180485103256615;0,0052796864186073;-0,962959189758817;0,33556800384297;FALSE;100;"4";"Childhood"
"hs_hg_c_Log2";"hs_correct_raven";0;-0,0110987438948942;-0,0114332136777394;0,00625295368827065;-0,0233543079209016;0,00115682013111317;-0,0226883235284793;7,27416313491668e-05;-1,77496019452588;0,0759044599610665;FALSE;100;"4";"Childhood"
"hs_mn_c_Log2";"hs_correct_raven";0;-0,00974949763596022;-0,00953410083756586;0,00612515416636929;-0,0217545792017995;0,00225558392987904;-0,0218413325195443;0,00162878611626542;-1,59171465258633;0,111448834483972;FALSE;100;"4";"Childhood"
"hs_mo_c_Log2";"hs_correct_raven";0;-0,00600845940880201;-0,00664744723353588;0,00539853537106771;-0,0165893943053603;0,00457247548775627;-0,0169553320975916;0,00288116531191503;-1,11297953904369;0,265717217197925;FALSE;100;"4";"Childhood"
"hs_pb_c_Log2";"hs_correct_raven";0;-0,00458356554406778;-0,00425748587356052;0,0049908541648477;-0,014365459959261;0,00519832887112544;-0,0142732709249666;0,00530815339170937;-0,918393003015677;0,358413152544778;FALSE;100;"4";"Childhood"
"hs_hum_mt_hs_h_None";"hs_correct_raven";0;-0,0300322225155915;-0,0304114384253761;0,00891949283138281;-0,047514107225465;-0,012550337805718;-0,046681856232066;-0,0110549347834804;-3,3670325301372;0,000759817249741126;TRUE;100;"4";"Childhood"
"hs_tm_mt_hs_h_None";"hs_correct_raven";0;0,0169973033471088;0,0160381854479886;0,00901115336532034;-0,000664232708085993;0,0346588394023036;-0,000642916081645335;0,0335011398923896;1,88625169920238;0,05926104472398;FALSE;100;"4";"Childhood"
"hs_uvdvf_mt_hs_h_None";"hs_correct_raven";0;-0,00577930070891147;-0,00647873697943983;0,00998139110815458;-0,0253424677965028;0,0137838663786799;-0,0244051632453499;0,0129966259261664;-0,579007539759654;0,562584085726817;FALSE;100;"4";"Childhood"
"hs_hum_dy_hs_h_None";"hs_correct_raven";0;-0,0070588164530817;-0,00817190957790094;0,00725234699172956;-0,021273155360259;0,00715552245409565;-0,0219703505853832;0,00563815334365883;-0,973314771222535;0,330396883287769;FALSE;100;"4";"Childhood"
"hs_hum_wk_hs_h_None";"hs_correct_raven";0;-0,0248965018831229;-0,0245661511890253;0,00871737355288639;-0,0419822400865622;-0,00781076367968361;-0,042403226499567;-0,00940357615522115;-2,85596363768069;0,0042906427036193;TRUE;100;"4";"Childhood"
"hs_tm_dy_hs_h_None";"hs_correct_raven";0;0,000407336452256046;-0,000797134744898864;0,00812996289692048;-0,015527098021355;0,0163417709258671;-0,0155968690498091;0,015742501608929;0,0501031133131419;0,960040218791053;FALSE;100;"4";"Childhood"
"hs_tm_wk_hs_h_None";"hs_correct_raven";0;-0,00567302314430738;-0,00497774550771155;0,00999067915742098;-0,0252543944739475;0,0139083481853327;-0,0247097833254189;0,0127279085243104;-0,567831581308815;0,570149333220666;FALSE;100;"4";"Childhood"
"hs_uvdvf_dy_hs_h_None";"hs_correct_raven";0;-0,00358148885639287;-0,0039249075960627;0,00982710180684613;-0,0228422544702198;0,015679276757434;-0,0222727320066143;0,0137128484519431;-0,364450163108903;0,715521882514748;FALSE;100;"4";"Childhood"
"hs_uvdvf_wk_hs_h_None";"hs_correct_raven";0;-0,0239027187953888;-0,0224144901403552;0,00883034781045566;-0,041209882474844;-0,00659555511593358;-0,0378281614900441;-0,00635005682667113;-2,70688304792327;0,00679181792203716;TRUE;100;"4";"Childhood"
"hs_ndvi100_h_None";"hs_correct_raven";0;0,00742467830321362;0,00666410128237221;0,00880435691329992;-0,00983154415389047;0,0246809007603177;-0,0101606291145082;0,0234817344702463;0,843295924543659;0,399062961549751;FALSE;100;"4";"Childhood"
"hs_ndvi100_s_None";"hs_correct_raven";0;0,000300669145675202;-0,000141832552320758;0,0071638076335184;-0,013740135808194;0,0143414740995444;-0,0116470412423642;0,014558664240703;0,041970577806754;0,966522152950421;FALSE;100;"4";"Childhood"
"hs_dde_cadj_Log2";"hs_correct_raven";0;-0,00445744083310993;-0,00401842797317963;0,00767625091586065;-0,0195026161644894;0,0105877344982695;-0,0180023408564923;0,00921153654892984;-0,580679407430517;0,561456542973429;FALSE;100;"4";"Childhood"
"hs_ddt_cadj_Log2";"hs_correct_raven";0;-0,0105298846354489;-0,0106487909580004;0,0055558188488616;-0,0214190894838464;0,000359320212948629;-0,0207973952735155;0,000981691344506557;-1,8952894113181;0,0580540702151353;FALSE;100;"4";"Childhood"
"hs_hcb_cadj_Log2";"hs_correct_raven";0;0,00409837248733462;0,00453055626862066;0,00586496754810809;-0,00739675267745343;0,0155934976521227;-0,00728589559682934;0,0196476971041029;0,698788604321717;0,484684151240866;FALSE;100;"4";"Childhood"
"hs_pcb118_cadj_Log2";"hs_correct_raven";0;-0,00917850745839513;-0,00951180548406688;0,00759935787757987;-0,0240729752040824;0,00571596028729216;-0,0233769192514667;0,00392525417271064;-1,20780039659327;0,227124048907719;FALSE;100;"4";"Childhood"
"hs_pcb138_cadj_Log2";"hs_correct_raven";0;0,0049555189541153;0,00347899511515195;0,00920313867323272;-0,0130823013901486;0,0229933392983792;-0,0212907010093542;0,0173529219443331;0,538459663606765;0,590259745355849;FALSE;100;"4";"Childhood"
"hs_pcb153_cadj_Log2";"hs_correct_raven";0;-0,0115311462784927;-0,0108001817828826;0,00990765537440664;-0,0309497939835644;0,00788750142657897;-0,0261265940491448;0,00808163507486699;-1,1638622704096;0,244479831819493;FALSE;100;"4";"Childhood"
"hs_pcb170_cadj_Log2";"hs_correct_raven";0;0,00876385550510926;0,00804879082637175;0,0081265032920288;-0,00716379826751337;0,0246915092777319;-0,00733255637415314;0,0225577197513364;1,07842883835482;0,280842423101556;FALSE;100;"4";"Childhood"
"hs_pcb180_cadj_Log2";"hs_correct_raven";0;0,00643416760659961;0,00530021631204147;0,00701041067041937;-0,00730598482425765;0,0201743200374569;-0,00843198771175006;0,0159924984905413;0,917801810634113;0,358722634164703;FALSE;100;"4";"Childhood"
"hs_sumPCBs5_cadj_Log2";"hs_correct_raven";0;-0,00330214267002686;-0,00292689429537783;0,00906884728020631;-0,0210767567205252;0,0144724713804715;-0,0177655460921408;0,0147657309052;-0,364119338213371;0,715768896800621;FALSE;100;"4";"Childhood"
"hs_pfhxs_c_Log2";"hs_correct_raven";0;0,0183714641511185;0,0189104868655132;0,00722915690623236;0,00420257697631409;0,032540351325923;0,0040849108667168;0,0322206682128158;2,54130106586568;0,0110440774734401;TRUE;100;"4";"Childhood"
"hs_pfna_c_Log2";"hs_correct_raven";0;-0,0166416748282205;-0,0161543172673871;0,00708794363533985;-0,0305337890779365;-0,00274956057850451;-0,031464191218077;-0,00298802758318775;-2,34788475817536;0,018880361853272;TRUE;100;"4";"Childhood"
"hs_pfoa_c_Log2";"hs_correct_raven";0;0,0202809019340588;0,020622802594056;0,00543691721759458;0,00962474000064767;0,0309370638674699;0,0106985435632514;0,0319429824591535;3,7302208443467;0,000191312006205374;TRUE;100;"4";"Childhood"
"hs_pfos_c_Log2";"hs_correct_raven";0;0,00735821333669006;0,00627407520385154;0,00706535826422844;-0,00648963439907011;0,0212060610724502;-0,00583822013673106;0,02233293393498;1,04144942995238;0,297667011710834;FALSE;100;"4";"Childhood"
"hs_pfunda_c_Log2";"hs_correct_raven";0;0,00837756145901558;0,00858135617230046;0,00583978172166586;-0,00306820039302481;0,019823323311056;-0,00285274959721063;0,0188142621623849;1,43456756747165;0,151410362129796;FALSE;100;"4";"Childhood"
"hs_hm_pers_None";"hs_correct_raven";0;-0,0144854249005118;-0,014613748155142;0,00596599319471934;-0,0261785566941728;-0,00279229310685085;-0,025725329514068;-0,00459024016244904;-2,42799889770797;0,0151823894191361;TRUE;100;"4";"Childhood"
"hs_trafload_h_pow1over3";"hs_correct_raven";0;0,000695941072114986;0,00124682884520801;0,00648314774456808;-0,0120107950136905;0,0134026771579205;-0,0127614203421221;0,015659427436344;0,107346168795564;0,91451435871545;FALSE;100;"4";"Childhood"
"hs_trafnear_h_pow1over3";"hs_correct_raven";0;-0,0110734130264251;-0,0111751128210439;0,00609111971292798;-0,0230117882892859;0,00086496223643568;-0,0225730671715748;0,00018021598819198;-1,8179601696093;0,0690702207392407;FALSE;100;"4";"Childhood"
"FAS_cat_None_Low";"hs_correct_raven";0;0,0342869463003025;0,0357146487592138;0,0192053077872386;-0,00335476527469175;0,0719286578752967;0,00817216022602565;0,0765242900959716;1,78528491603166;0,0742151142676957;FALSE;100;"4";"Childhood"
"FAS_cat_None_Middle";"hs_correct_raven";0;0,0280188075010722;0,0286749409120246;0,0127782481405723;0,00297390136003453;0,0530637136421099;0,00844753638660324;0,0557567340893325;2,19269552389654;0,0283293234614255;TRUE;100;"4";"Childhood"
"hs_globalexp2_None_no exposure";"hs_correct_raven";0;0,0576989688406621;0,0575844795468501;0,0113619591335573;0,0354299381450738;0,0799679995362503;0,0388090646262054;0,0799776297184529;5,07825878991673;3,80909626725722e-07;TRUE;100;"4";"Childhood"
"hs_no2_dy_hs_h_Log";"hs_Gen_Tot";0;0,00930581956362769;0,00750745279674803;0,00344721878206175;0,00254939490395664;0,0160622442232987;0,000903642499924816;0,0147791942532419;2,69951521848636;0,00694405797412918;TRUE;100;"4";"Childhood"
"hs_no2_wk_hs_h_Log";"hs_Gen_Tot";0;0,00499984532453331;0,00497875144204845;0,00278300830469313;-0,000454750721341087;0,0104544413704077;-0,000255646443855318;0,0101897725439786;1,79656141021995;0,0724052753356707;FALSE;100;"4";"Childhood"
"hs_no2_yr_hs_h_Log";"hs_Gen_Tot";0;0,00723459874291898;0,00723646395562571;0,00295090135586164;0,00145093836349976;0,0130182591223382;0,00128663211453907;0,0126722608693566;2,45165726348265;0,0142200033591691;TRUE;100;"4";"Childhood"
"hs_pm10_dy_hs_h_None";"hs_Gen_Tot";0;0,00195202423757995;0,000663426780677028;0,0026739695842921;-0,00328885984338811;0,007192908318548;-0,00425230155488684;0,00538517856723971;0,730009888312443;0,465384140344967;FALSE;100;"4";"Childhood"
"hs_pm10_wk_hs_h_None";"hs_Gen_Tot";0;-0,00248184632019093;-0,00224740608121624;0,0028657737493657;-0,00809865965678802;0,00313496701640616;-0,00749436324930824;0,0031941384811958;-0,866030097714535;0,386473656730792;FALSE;100;"4";"Childhood"
"hs_pm10_yr_hs_h_None";"hs_Gen_Tot";0;-0,00543221772005317;-0,00406191374597582;0,00378950838751646;-0,0128595176786979;0,00199508223859155;-0,0117842586920928;0,00182122361394642;-1,43348877071975;0,151718205736667;FALSE;100;"4";"Childhood"
"hs_pm25_dy_hs_h_None";"hs_Gen_Tot";0;0,000981925219625665;0,00119063967837765;0,00270691475148168;-0,00432353020249861;0,00628738064174994;-0,00345647773481494;0,00688666601084922;0,362747005271663;0,716793882758469;FALSE;100;"4";"Childhood"
"hs_pm25_wk_hs_h_None";"hs_Gen_Tot";0;-0,00440027571401266;-0,00405484587232259;0,00336302289171547;-0,0109916794609587;0,00219112803293342;-0,0110660087824985;0,00154883914227333;-1,30842871300471;0,190727939032289;FALSE;100;"4";"Childhood"
"hs_pm25_yr_hs_h_None";"hs_Gen_Tot";0;0,01360894083938;0,012118411383591;0,00371903364758347;0,00631976883282379;0,0208981128459362;0,00442901325172359;0,0190191001109883;3,65926800587641;0,000252936707724851;TRUE;100;"4";"Childhood"
"hs_pm25abs_dy_hs_h_Log";"hs_Gen_Tot";0;-0,00580006552670399;-0,00440023192974868;0,00276647510207008;-0,0112222570908881;-0,000377873962519857;-0,0104288146275461;-0,000319772707084859;-2,09655439239773;0,0360330401810504;TRUE;100;"4";"Childhood"
"hs_pm25abs_wk_hs_h_Log";"hs_Gen_Tot";0;-0,00146387841501551;-0,00140027339200865;0,00235491138749071;-0,00607941992128055;0,00315166309124953;-0,00551012990615057;0,00371391662519062;-0,621627812745581;0,534186628338237;FALSE;100;"4";"Childhood"
"hs_pm25abs_yr_hs_h_Log";"hs_Gen_Tot";0;-0,00530958671292782;-0,00456802856001865;0,00336303690494071;-0,0119010179252907;0,00128184449943502;-0,0126262062897007;0,00183420009912559;-1,57880715050358;0,114380297984895;FALSE;100;"4";"Childhood"
"hs_accesslines300_h_dic0";"hs_Gen_Tot";0;-0,00891998490934315;-0,00739917670709573;0,00707828769101914;-0,0227931738559538;0,00495320403726754;-0,0208139707592262;0,00483295603805277;-1,26018965302311;0,207600954544009;FALSE;100;"4";"Childhood"
"hs_accesspoints300_h_Log";"hs_Gen_Tot";0;0,0034258629689032;0,00353542996629912;0,00301041884471733;-0,00247444954512343;0,00932617548292984;-0,00166652696638467;0,0105365429904437;1,13800210057643;0,255119605207546;FALSE;100;"4";"Childhood"
"hs_builtdens300_h_Sqrt";"hs_Gen_Tot";0;-0,00280583410949572;-0,00251533382486206;0,00231579845729471;-0,00734471568124678;0,00173304746225533;-0,00680759331251175;0,00153273115876185;-1,21160548348126;0,225663434533298;FALSE;100;"4";"Childhood"
"hs_connind300_h_Log";"hs_Gen_Tot";0;0,00572611407265481;0,00409942530662813;0,00320808683664028;-0,000561620586437174;0,0120138487317468;-0,00146581179342779;0,011387802377004;1,78489996195102;0,0742775448470506;FALSE;100;"4";"Childhood"
"hs_fdensity300_h_Log";"hs_Gen_Tot";0;-0,000330737907630321;0,000708426299495112;0,00337792829238368;-0,00695135570306122;0,00628987988780058;-0,00696835861892153;0,00635626023594979;-0,097911464957988;0,922002596013073;FALSE;100;"4";"Childhood"
"hs_landuseshan300_h_None";"hs_Gen_Tot";0;-0,00109177619369663;-0,000412322245942739;0,00236513796740204;-0,0057273614282729;0,00354380904087964;-0,00583038876497863;0,00405825641044585;-0,461612053395716;0,64435954929169;FALSE;100;"4";"Childhood"
"hs_popdens_h_Sqrt";"hs_Gen_Tot";0;0,00313326685497072;0,00213569646135868;0,00311571633713567;-0,00297342495185825;0,00923995866179969;-0,00330061119187336;0,00766165521666545;1,00563289976878;0,314592191770541;FALSE;100;"4";"Childhood"
"hs_walkability_mean_h_None";"hs_Gen_Tot";0;-0,00496431459980714;-0,00461110114570206;0,00261460046440044;-0,0100888373439937;0,000160208144379426;-0,0101596891456608;0,000358617117509294;-1,89868955788835;0,0576053053049319;FALSE;100;"4";"Childhood"
"hs_accesslines300_s_dic0";"hs_Gen_Tot";0;0,00610325535846063;0,00828084055356227;0,00796559524711219;-0,0095090244413027;0,0217155351582239;-0,00206532336221537;0,0293116460151168;0,766202043804984;0,443556092476461;FALSE;100;"4";"Childhood"
"hs_accesspoints300_s_Log";"hs_Gen_Tot";0;0,00394875197965273;0,0035479096882029;0,00285869861691189;-0,00165419435214904;0,00955169831145451;-0,00196318664782378;0,00875238385844583;1,38131104702404;0,167183343005082;FALSE;100;"4";"Childhood"
"hs_builtdens300_s_Sqrt";"hs_Gen_Tot";0;-0,00202950466690402;-0,00214291950121763;0,00218133852006714;-0,00630484960432551;0,00224584027051747;-0,00626437140939539;0,00294583825650627;-0,930394181477873;0,35216703006711;FALSE;100;"4";"Childhood"
"hs_connind300_s_Log";"hs_Gen_Tot";0;2,58400515484212e-05;0,000154409930794096;0,00187693458323801;-0,00365288413293578;0,00370456423603262;-0,00331052719865457;0,00431878439726967;0,0137671561807141;0,989015745621033;FALSE;100;"4";"Childhood"
"hs_fdensity300_s_Log";"hs_Gen_Tot";0;-0,000142550905455491;0,000642251360413069;0,00272018618323425;-0,00547401785583809;0,00518891604492711;-0,00475560163580263;0,00609987886026673;-0,0524048340272063;0,958206122415093;FALSE;100;"4";"Childhood"
"hs_landuseshan300_s_None";"hs_Gen_Tot";0;0,00136164813356626;0,00163164982707841;0,00237534125148391;-0,0032939351703345;0,00601723143746702;-0,00358995357512517;0,00613757888203054;0,573243163573074;0,566480062612138;FALSE;100;"4";"Childhood"
"hs_popdens_s_Sqrt";"hs_Gen_Tot";0;-0,00191406819956745;-0,00171408190476654;0,00246992429349402;-0,00675503085935626;0,00292689446022137;-0,00640371775951828;0,00283254408107528;-0,774950149123703;0,438369117174908;FALSE;100;"4";"Childhood"
"h_Absorbance_Log";"hs_Gen_Tot";0;-0,00277753133458419;-0,00248348895890455;0,00250812798800205;-0,00769337185968511;0,00213830919051674;-0,00848791185485232;0,00222211478363162;-1,107412120861;0,268115787810356;FALSE;100;"4";"Childhood"
"h_Benzene_Log";"hs_Gen_Tot";0;0,00275840354756649;0,00202662358584256;0,00314461351363007;-0,0034049256844464;0,00892173277957938;-0,00241903366766988;0,00944432750950028;0,877183646133432;0,380386897322092;FALSE;100;"4";"Childhood"
"h_NO2_Log";"hs_Gen_Tot";0;0,00339202510868929;0,0032781215256213;0,00272406860275824;-0,00194705124413321;0,00873110146151179;-0,00209004051783848;0,00986736831561708;1,24520546408219;0,213056234618586;FALSE;100;"4";"Childhood"
"h_PM_Log";"hs_Gen_Tot";0;0,00525938518944044;0,00440245099510302;0,00312414320791299;-0,000863822980614462;0,0113825933594953;-0,000949381370416666;0,0114424618364267;1,68346482200918;0,0922851437995753;FALSE;100;"4";"Childhood"
"h_TEX_Log";"hs_Gen_Tot";0;-0,00131250498584169;-0,00153115653921432;0,00222997469797744;-0,00568317508031305;0,00305816510862967;-0,0060349315194818;0,0028816460213554;-0,588573936301662;0,556147122253731;FALSE;100;"4";"Childhood"
"hs_KIDMED_None";"hs_Gen_Tot";0;-0,00285251602007631;-0,00172330054048424;0,00313451114486085;-0,00899604497314298;0,00329101293299036;-0,00794127873653099;0,00353260131460517;-0,910035373379712;0,362803855009368;FALSE;100;"4";"Childhood"
"hs_mvpa_prd_alt_None";"hs_Gen_Tot";0;0,000633703536717138;-0,000246160690593013;0,00257154720643943;-0,00440643637244872;0,005673843445883;-0,00482197826861771;0,00373352133390348;0,246428895075415;0,805350240733905;FALSE;100;"4";"Childhood"
"hs_sd_wk_None";"hs_Gen_Tot";0;0,00296490131354683;0,00283462414617297;0,00225288697038407;-0,0014506760096455;0,00738047863673916;-0,000418491944801723;0,00765977292066681;1,31604530210469;0,188158837973148;FALSE;100;"4";"Childhood"
"hs_dif_hours_total_None";"hs_Gen_Tot";0;-0,00236222289057974;-0,00178909866425215;0,00372150194698076;-0,00965623267505772;0,00493178689389824;-0,00850735139329056;0,00397117153828704;-0,634749873635348;0,525591560393983;FALSE;100;"4";"Childhood"
"hs_as_c_Log2";"hs_Gen_Tot";0;-0,00429336087844558;-0,00260061303717525;0,00243147730425646;-0,00905896882401478;0,000472247067123626;-0,00663302893306901;0,00333590528552814;-1,76574170399607;0,0774391927230394;FALSE;100;"4";"Childhood"
"hs_cd_c_Log2";"hs_Gen_Tot";0;0,00357667094794394;0,00235043815644911;0,00215913033057933;-0,000655146737919607;0,00780848863380749;-0,00169401147255207;0,00638815642843025;1,6565331408152;0,0976138994079463;FALSE;100;"4";"Childhood"
"hs_co_c_Log2";"hs_Gen_Tot";0;-0,00543652194365414;-0,00380946054804947;0,00289201636892891;-0,0111047698694551;0,00023172598214681;-0,00969864470237467;0,00129218279576845;-1,87983788821625;0,0601301750395059;FALSE;100;"4";"Childhood"
"hs_cs_c_Log2";"hs_Gen_Tot";0;-0,00118285138413648;-0,000860205437309388;0,00320063144105466;-0,00745597373639015;0,00509027096811719;-0,00716803218414311;0,00590835654752062;-0,369568132389124;0,711704299204522;FALSE;100;"4";"Childhood"
"hs_cu_c_Log2";"hs_Gen_Tot";0;-0,000812049090817471;-0,000724520915585367;0,00240467857368619;-0,00552513248963755;0,0039010343080026;-0,0058691113829926;0,00362851181962882;-0,337695482341601;0,735592679548323;FALSE;100;"4";"Childhood"
"hs_hg_c_Log2";"hs_Gen_Tot";0;0,000295870176983375;-0,000510874853757288;0,00211312912982908;-0,00384578681216408;0,00443752716613083;-0,00438772833720269;0,00421301977223338;0,140015190177851;0,888647988588542;FALSE;100;"4";"Childhood"
"hs_mn_c_Log2";"hs_Gen_Tot";0;0,00328112311462738;0,00198518594994569;0,0027622618717655;-0,0021328106699012;0,00869505689915596;-0,00296300150691574;0,00766453445394048;1,18783926613383;0,234896741151012;FALSE;100;"4";"Childhood"
"hs_mo_c_Log2";"hs_Gen_Tot";0;-0,00122624969720175;-0,0010519360084289;0,00240509401081105;-0,00594014733782439;0,0034876479434209;-0,00511118807536777;0,00379734617079967;-0,509855203867158;0,610152907359086;FALSE;100;"4";"Childhood"
"hs_pb_c_Log2";"hs_Gen_Tot";0;0,00278593597669546;0,00246362640799364;0,00229646262982329;-0,00171504806960032;0,00728692002299123;-0,00119063924020298;0,0075319792063345;1,21314230874719;0,225075416560433;FALSE;100;"4";"Childhood"
"hs_hum_mt_hs_h_None";"hs_Gen_Tot";0;-0,00987461038757963;-0,00899621817980498;0,00380854664368093;-0,0173392246426352;-0,00240999613252411;-0,0178632754219939;-0,00334769019556191;-2,59275028283122;0,00952118752334674;TRUE;100;"4";"Childhood"
"hs_tm_mt_hs_h_None";"hs_Gen_Tot";0;0,00109638040840008;0,00175182944032884;0,00299460695900543;-0,00477294137910357;0,00696570219590373;-0,00631394826184636;0,00646808675322983;0,36611829979992;0,714276802854959;FALSE;100;"4";"Childhood"
"hs_uvdvf_mt_hs_h_None";"hs_Gen_Tot";0;-0,00643273354190936;-0,00528128268559259;0,00290890839063197;-0,0121340892218744;-0,000731377861944335;-0,0110549225196441;-7,14886181977543e-05;-2,21139089928914;0,0270087795120944;TRUE;100;"4";"Childhood"
"hs_hum_dy_hs_h_None";"hs_Gen_Tot";0;-0,00351243292744443;-0,00398215730147634;0,00244626994867306;-0,00830703392330627;0,00128216806841741;-0,00946548879224556;3,52809337714489e-05;-1,43583210403647;0,151050122151475;FALSE;100;"4";"Childhood"
"hs_hum_wk_hs_h_None";"hs_Gen_Tot";0;-0,00568280040357149;-0,00580679988124386;0,00294913807310867;-0,0114630048123003;9,74040051573673e-05;-0,0111960619551652;0,000607789520403067;-1,9269360276446;0,0539876029034679;FALSE;100;"4";"Childhood"
"hs_tm_dy_hs_h_None";"hs_Gen_Tot";0;-0,00286339644889379;-0,00245088529874986;0,00308126622228935;-0,00890256727136071;0,00317577437357312;-0,0104023399940035;0,00255432222689722;-0,929292129378655;0,352737712992978;FALSE;100;"4";"Childhood"
"hs_tm_wk_hs_h_None";"hs_Gen_Tot";0;0,00625153230276856;0,00492862293676651;0,00321340023277369;-4,66164213804897e-05;0,0125496810269176;-0,00100423282602119;0,0114103639843481;1,94545710148669;0,0517199879961219;FALSE;100;"4";"Childhood"
"hs_uvdvf_dy_hs_h_None";"hs_Gen_Tot";0;-0,00196375402265771;-0,00212348660883471;0,00288159737203775;-0,00761158108979696;0,00368407304448155;-0,00909890732208015;0,00240203700254098;-0,681481056900403;0,495567149100076;FALSE;100;"4";"Childhood"
"hs_uvdvf_wk_hs_h_None";"hs_Gen_Tot";0;-0,00677189053271957;-0,00648715674332495;0,00284652077389845;-0,0123509687308056;-0,00119281233463352;-0,0113987933161865;-0,000224721059970488;-2,37900618706714;0,0173593845958698;TRUE;100;"4";"Childhood"
"hs_ndvi100_h_None";"hs_Gen_Tot";0;0,00330661911122551;0,0031353025895958;0,00249433265077794;-0,00158218304976157;0,00819542127221258;-0,00222017458759964;0,00727350119131449;1,32565281948029;0,184954721943527;FALSE;100;"4";"Childhood"
"hs_ndvi100_s_None";"hs_Gen_Tot";0;0,00588939837429566;0,00499893817084118;0,00292500697685387;0,000156490045133694;0,0116223067034576;4,77316224239441e-05;0,00997891886837602;2,01346472705863;0,0440657621420962;TRUE;100;"4";"Childhood"
"hs_dde_cadj_Log2";"hs_Gen_Tot";0;-0,00319097493794633;-0,00330373908026533;0,00319373920565679;-0,00945058875704719;0,00306863888115453;-0,0102930413546413;0,00156170186776233;-0,999134472938316;0,31772955355255;FALSE;100;"4";"Childhood"
"hs_ddt_cadj_Log2";"hs_Gen_Tot";0;0,000569894933480016;-0,000145293527572091;0,00235976662608008;-0,00405516266555653;0,00519495253251657;-0,00469380485887878;0,00504715036964992;0,241504785762097;0,809163907742736;FALSE;100;"4";"Childhood"
"hs_hcb_cadj_Log2";"hs_Gen_Tot";0;-0,00175765994771275;-0,001594397895751;0,00290471390600232;-0,00745079458886995;0,00393547469344445;-0,0073082606592068;0,00459449297768096;-0,605106046444269;0,5451085369774;FALSE;100;"4";"Childhood"
"hs_pcb118_cadj_Log2";"hs_Gen_Tot";0;0,00565693131271743;0,00394296950856489;0,00312343946219182;-0,000464897541069694;0,0117787601665046;-0,00221866344130291;0,0102641244041106;1,81112244408533;0,0701219000045612;FALSE;100;"4";"Childhood"
"hs_pcb138_cadj_Log2";"hs_Gen_Tot";0;-0,00205844007154264;-0,00137823331047281;0,00332738399608352;-0,0085799928666013;0,00446311272351602;-0,00753044999479433;0,00478095923805893;-0,618636164015189;0,53615607225396;FALSE;100;"4";"Childhood"
"hs_pcb153_cadj_Log2";"hs_Gen_Tot";0;0,00175460893030844;0,000767085243232076;0,00296163962904583;-0,00405009807780795;0,00755931593842484;-0,00435398670261166;0,00779699282634573;0,59244511489527;0,553552563415603;FALSE;100;"4";"Childhood"
"hs_pcb170_cadj_Log2";"hs_Gen_Tot";0;-0,00883187965719677;-0,00739079856436261;0,00418994012103267;-0,0170440113918002;-0,000619747922593348;-0,0168765174599121;0,000200723714143354;-2,10787729706744;0,0350416044763877;TRUE;100;"4";"Childhood"
"hs_pcb180_cadj_Log2";"hs_Gen_Tot";0;-0,000954529056414081;-0,000928069167889209;0,00347974592929723;-0,00777470575318651;0,00586564764035835;-0,00779871735822079;0,00378811660754694;-0,274309985788778;0,783846411186027;FALSE;100;"4";"Childhood"
"hs_sumPCBs5_cadj_Log2";"hs_Gen_Tot";0;-0,009567133606313;-0,00768926223750039;0,00394788907118377;-0,0173048540007925;-0,00182941321183353;-0,0160761582294301;-0,0011846094012914;-2,42335421127836;0,0153779243045986;TRUE;100;"4";"Childhood"
"hs_pfhxs_c_Log2";"hs_Gen_Tot";0;-0,00158283865701507;-0,000403476811151927;0,00325716711187401;-0,00796676888791648;0,00480109157388633;-0,00555156970792182;0,00580235370928784;-0,485955618072169;0,626998633395269;FALSE;100;"4";"Childhood"
"hs_pfna_c_Log2";"hs_Gen_Tot";0;0,00123690323026272;0,000304628222074766;0,0032637288906584;-0,00515988785073061;0,00763369431125604;-0,00476922800056176;0,00717761752354927;0,378984674187566;0,704699244663701;FALSE;100;"4";"Childhood"
"hs_pfoa_c_Log2";"hs_Gen_Tot";0;0,00241266082154286;0,00290240920084399;0,00235794624575851;-0,00220882889762525;0,00703415054071096;-0,00090891995821691;0,00722689165764797;1,02320433550289;0,306211243482499;FALSE;100;"4";"Childhood"
"hs_pfos_c_Log2";"hs_Gen_Tot";0;-0,00790369160435164;-0,00603652426985307;0,00338208404562609;-0,0145324545264663;-0,00127492868223698;-0,0124271181107479;-0,000684503713033131;-2,33692938960909;0,0194428558887504;TRUE;100;"4";"Childhood"
"hs_pfunda_c_Log2";"hs_Gen_Tot";0;-0,0016404871448334;-0,000936935518358653;0,00222039044458449;-0,00599237244783587;0,00271139815816907;-0,00564853581879703;0,00288430045158521;-0,738828231239483;0,460011306684865;FALSE;100;"4";"Childhood"
"hs_hm_pers_None";"hs_Gen_Tot";0;0,00344214181766834;0,00235482596456041;0,00261094282895342;-0,00167521209277349;0,00855949572811017;-0,00144094882333923;0,00690422677329778;1,31835204490023;0,187385826105779;FALSE;100;"4";"Childhood"
"hs_trafload_h_pow1over3";"hs_Gen_Tot";0;-0,00170819661033242;-0,00118961777389609;0,00251421712372214;-0,00663597162214171;0,00321957840147687;-0,00561047868662901;0,00463962092957018;-0,679414913777829;0,496875002889455;FALSE;100;"4";"Childhood"
"hs_trafnear_h_pow1over3";"hs_Gen_Tot";0;0,00144812859269138;0,00085972431643824;0,00251128153219417;-0,00347389276544975;0,00637014995083252;-0,00301115747569794;0,00604290201866088;0,576649242279944;0,564176427299409;FALSE;100;"4";"Childhood"
"FAS_cat_None_Low";"hs_Gen_Tot";0;0,0193798516675086;0,020307648017521;0,0103897250117222;-0,000983635164741908;0,0397433384997591;0,00362367834932016;0,04163827214431;1,86529014441126;0,0621407458534944;FALSE;100;"4";"Childhood"
"FAS_cat_None_Middle";"hs_Gen_Tot";0;0,00303631992479224;0,00515141857261301;0,00438425010146802;-0,00555665237330116;0,0116292922228856;-0,00226130792928949;0,0149258344762444;0,692551714551037;0,48859092125606;FALSE;100;"4";"Childhood"
"hs_globalexp2_None_no exposure";"hs_Gen_Tot";0;0,00535534810728696;0,00684370528231547;0,00439691410516886;-0,00326244518196016;0,0139731413965341;-0,00157528837092613;0,0155885738691673;1,21797878675669;0,223232034128906;FALSE;100;"4";"Childhood"
"hs_no2_dy_hs_h_Log";"hs_bmi_c_cat";0;-0,137105797481519;-0,130375600967414;0,0683559428332201;-0,271080983563909;-0,00313061139912918;-0,252120985496203;-0,0085515435441622;-2,00576265645315;0,0448815766776586;TRUE;100;"4";"Childhood"
"hs_no2_wk_hs_h_Log";"hs_bmi_c_cat";0;0,0310577913821729;0,0272013078500995;0,0594546706533874;-0,0854712218111568;0,147586804575503;-0,0914451074054436;0,132192827898393;0,522377654116287;0,601407411374888;FALSE;100;"4";"Childhood"
"hs_no2_yr_hs_h_Log";"hs_bmi_c_cat";0;-0,00349090927965527;-0,0108366617761374;0,0713300612832652;-0,14329526040989;0,136313441850579;-0,132978862151004;0,134636861947539;-0,0489402254372417;0,960966931990306;FALSE;100;"4";"Childhood"
"hs_pm10_dy_hs_h_None";"hs_bmi_c_cat";0;0,165011080890314;0,163781995874589;0,0649637652701958;0,0376844406606165;0,292337721120012;0,0512205677625685;0,290201418878432;2,54004798219444;0,0110837261755994;TRUE;100;"4";"Childhood"
"hs_pm10_wk_hs_h_None";"hs_bmi_c_cat";0;-0,11743254855087;-0,0983789178689662;0,0678558924703619;-0,250427653931602;0,0155625568298624;-0,216103435793673;0,0551168653325676;-1,73061681566066;0,0835201304895127;FALSE;100;"4";"Childhood"
"hs_pm10_yr_hs_h_None";"hs_bmi_c_cat";0;-0,0451509549001005;-0,0364797488017314;0,0666772329160768;-0,1758359300044;0,0855340202041986;-0,152102512909998;0,0905090024652838;-0,677156998355491;0,498306347975383;FALSE;100;"4";"Childhood"
"hs_pm25_dy_hs_h_None";"hs_bmi_c_cat";0;0,125336167636199;0,118496193091647;0,0688846996634393;-0,00967536279000089;0,260347698062398;-0,0123209186822284;0,238017697148683;1,81950662844685;0,0688341724819422;FALSE;100;"4";"Childhood"
"hs_pm25_wk_hs_h_None";"hs_bmi_c_cat";0;-0,0359567559910823;-0,0377857514615332;0,0680254446644851;-0,169284177565796;0,0973706655836309;-0,156473705542548;0,0975016742512216;-0,528578036768861;0,597098199563142;FALSE;100;"4";"Childhood"
"hs_pm25_yr_hs_h_None";"hs_bmi_c_cat";0;-0,188208611063331;-0,186525782328895;0,0656215070146479;-0,316824401423283;-0,0595928207033787;-0,320144241432478;-0,0520768995731483;-2,86809339842378;0,00412953608225108;TRUE;100;"4";"Childhood"
"hs_pm25abs_dy_hs_h_Log";"hs_bmi_c_cat";0;0,00863400948859056;0,00699506950151474;0,0685431146820464;-0,125708026676419;0,1429760456536;-0,125131367083112;0,15685399185286;0,125964650550846;0,89975990641422;FALSE;100;"4";"Childhood"
"hs_pm25abs_wk_hs_h_Log";"hs_bmi_c_cat";0;0,0801162247287009;0,0813209288897442;0,0751187799232164;-0,0671138784833937;0,227346327940796;-0,0735197199696697;0,221825509895383;1,06652723607323;0,286185373450892;FALSE;100;"4";"Childhood"
"hs_pm25abs_yr_hs_h_Log";"hs_bmi_c_cat";0;0,114700304778543;0,108454789052386;0,0683565925780899;-0,0192761547803915;0,248676764337477;-0,00758153789246227;0,241126843486624;1,6779698995018;0,0933529753514385;FALSE;100;"4";"Childhood"
"hs_accesslines300_h_dic0";"hs_bmi_c_cat";0;-0,0356778463783528;-0,0262799489711168;0,180166613847993;-0,388797920736954;0,317442227980248;-0,357154728277762;0,314232326742558;-0,198026957472012;0,843023972349086;FALSE;100;"4";"Childhood"
"hs_accesspoints300_h_Log";"hs_bmi_c_cat";0;0,0775615304834347;0,0745059399338383;0,0819476659592556;-0,0830529434138252;0,238176004380695;-0,0835414374572501;0,248007764557905;0,946476383134552;0,343905662449025;FALSE;100;"4";"Childhood"
"hs_builtdens300_h_Sqrt";"hs_bmi_c_cat";0;-0,00151169906874923;-0,00310691199249886;0,0702512150590898;-0,139201550454743;0,136178152317245;-0,14403029202685;0,106602977237308;-0,0215184757655467;0,982832065345359;FALSE;100;"4";"Childhood"
"hs_connind300_h_Log";"hs_bmi_c_cat";0;0,0330879720533705;0,0362453150539712;0,0637518195510612;-0,0918632982156058;0,158039242322347;-0,0854671983832738;0,173887420411675;0,519012198967421;0,603752234361878;FALSE;100;"4";"Childhood"
"hs_fdensity300_h_Log";"hs_bmi_c_cat";0;-0,115323724773299;-0,119588499632509;0,0719637395787463;-0,256370062540462;0,0257226129938631;-0,249556969137899;0,00860725937998452;-1,60252545863193;0,109039462425518;FALSE;100;"4";"Childhood"
"hs_landuseshan300_h_None";"hs_bmi_c_cat";0;-0,0622595991992168;-0,0611464468564357;0,0717811206099163;-0,202948010364578;0,0784288119661449;-0,204226118768802;0,0519257476617892;-0,867353402541;0,385748404950741;FALSE;100;"4";"Childhood"
"hs_popdens_h_Sqrt";"hs_bmi_c_cat";0;0,078717083616597;0,0817204392346404;0,0818892115962024;-0,0817828218343395;0,239216989067533;-0,0566382372199064;0,280157590459313;0,961263175969415;0,336419858243826;FALSE;100;"4";"Childhood"
"hs_walkability_mean_h_None";"hs_bmi_c_cat";0;0,0280231188940027;0,028361664374205;0,0689089896436795;-0,107036019018653;0,163082256806658;-0,104574699783189;0,152392549423546;0,406668549907742;0,684251442392763;FALSE;100;"4";"Childhood"
"hs_accesslines300_s_dic0";"hs_bmi_c_cat";0;0,0980257889506069;0,100748407282585;0,184845496070379;-0,264264726051776;0,460316303952989;-0,223036964418525;0,438109176132197;0,530312022930135;0,595895612123909;FALSE;100;"4";"Childhood"
"hs_accesspoints300_s_Log";"hs_bmi_c_cat";0;-0,173404979371176;-0,178114863377968;0,0853462837243246;-0,34068062168519;-0,00612933705716334;-0,316025707618023;-0,00372745565500811;-2,03178125401791;0,0421758057817107;TRUE;100;"4";"Childhood"
"hs_builtdens300_s_Sqrt";"hs_bmi_c_cat";0;0,0276813287127025;0,0274300997296425;0,0762657185281983;-0,121796732857635;0,17715939028304;-0,123897423282382;0,173478333508216;0,362958997134049;0,716635514133598;FALSE;100;"4";"Childhood"
"hs_connind300_s_Log";"hs_bmi_c_cat";0;-0,0146629227058443;-0,0106390966752281;0,0780879207417624;-0,167712434987317;0,138386589575628;-0,153199838817101;0,147103097346711;-0,187774531151044;0,851053401805194;FALSE;100;"4";"Childhood"
"hs_fdensity300_s_Log";"hs_bmi_c_cat";0;-0,126536852057663;-0,13105860102569;0,0745172339114272;-0,272587946751607;0,0195142426362809;-0,310457142940033;-0,0048110384460768;-1,69808842083521;0,0894910746801348;FALSE;100;"4";"Childhood"
"hs_landuseshan300_s_None";"hs_bmi_c_cat";0;-0,0945641893586956;-0,0996853335437045;0,079067918995187;-0,249534462921792;0,0604060842044013;-0,253146169750623;0,0338448064599938;-1,19598682449771;0,231701700688165;FALSE;100;"4";"Childhood"
"hs_popdens_s_Sqrt";"hs_bmi_c_cat";0;-0,0667159388671412;-0,0674688076168335;0,0748851257776493;-0,213488088369086;0,0800562106348033;-0,201726040289463;0,0897184660326644;-0,890910420117819;0,372977229685808;FALSE;100;"4";"Childhood"
"h_Absorbance_Log";"hs_bmi_c_cat";0;-0,0437994039883903;-0,0429864867227468;0,070622859026379;-0,182217664165343;0,0946188561885621;-0,173186634241239;0,104446680464778;-0,620187352823402;0,535134447013394;FALSE;100;"4";"Childhood"
"h_Benzene_Log";"hs_bmi_c_cat";0;0,082971653005581;0,0824002489698426;0,0649565216358726;-0,0443407899617261;0,210284095972888;-0,037266543141181;0,206159772071374;1,27734138029582;0,201481750454012;FALSE;100;"4";"Childhood"
"h_NO2_Log";"hs_bmi_c_cat";0;0,060237902321874;0,0561342585147026;0,0748941345026;-0,0865519039565206;0,207027708600269;-0,0667869754916881;0,211156868729922;0,804307342917259;0,421219497978188;FALSE;100;"4";"Childhood"
"h_PM_Log";"hs_bmi_c_cat";0;0,101840047090903;0,105189492942776;0,0741931370051786;-0,0435758293392927;0,247255923521099;-0,0267943894369478;0,245604022543542;1,37263433252317;0,169866053084547;FALSE;100;"4";"Childhood"
"h_TEX_Log";"hs_bmi_c_cat";0;0,019703824290349;0,0173469843326327;0,0661428379733956;-0,109933755972775;0,149341404553473;-0,105012229614184;0,12037234825263;0,297898077767307;0,765780955104644;FALSE;100;"4";"Childhood"
"hs_KIDMED_None";"hs_bmi_c_cat";0;0,16393200517728;0,170114254196111;0,0680437195779736;0,0305687654303093;0,297295244924252;0,0498289875757223;0,312783809583745;2,40921581292194;0,0159868413100231;TRUE;100;"4";"Childhood"
"hs_mvpa_prd_alt_None";"hs_bmi_c_cat";0;-0,0977089646654981;-0,0950302753352366;0,0647213413725589;-0,224560462786836;0,0291425334558394;-0,229628298717701;0,015783618279539;-1,50968695322692;0,131123321920849;FALSE;100;"4";"Childhood"
"hs_sd_wk_None";"hs_bmi_c_cat";0;-0,0235939931803791;-0,0295102495287444;0,072512091774234;-0,165715081501541;0,118527095140783;-0,171714561573375;0,104394584966873;-0,325380120791976;0,744893398977735;FALSE;100;"4";"Childhood"
"hs_dif_hours_total_None";"hs_bmi_c_cat";0;-0,141797572996695;-0,146427494348337;0,0701279663472123;-0,279245861346268;-0,00434928464712148;-0,281415026173296;-0,0214527927734918;-2,02198324552343;0,0431780827734737;TRUE;100;"4";"Childhood"
"hs_as_c_Log2";"hs_bmi_c_cat";0;0,0937358841179599;0,100032346299164;0,0618938683494259;-0,0275738687107785;0,215045636946698;0,00130750456298874;0,221198649853913;1,51446155520233;0,129908817379624;FALSE;100;"4";"Childhood"
"hs_cd_c_Log2";"hs_bmi_c_cat";0;0,0546208824091858;0,0519402863628204;0,0751027836281961;-0,0925778686407829;0,201819633459155;-0,0930730056618251;0,217988778602016;0,727281730056665;0,467053387791779;FALSE;100;"4";"Childhood"
"hs_co_c_Log2";"hs_bmi_c_cat";0;-0,0919023502813392;-0,0932107443678745;0,0630539889155565;-0,215485897637418;0,0316811970747393;-0,215362021861323;0,0185961316416023;-1,45751841972151;0,144973330587426;FALSE;100;"4";"Childhood"
"hs_cs_c_Log2";"hs_bmi_c_cat";0;0,299717500908966;0,306267282654316;0,0648614872827775;0,172591321851019;0,426843679966912;0,183244020374709;0,412284552058356;4,62088542006882;3,82105773921226e-06;TRUE;100;"4";"Childhood"
"hs_cu_c_Log2";"hs_bmi_c_cat";0;0,267541172603423;0,274238261547951;0,0573799759446576;0,155078486318119;0,380003858888726;0,165630053164315;0,384796734933449;4,66262259958881;3,1220498053228e-06;TRUE;100;"4";"Childhood"
"hs_hg_c_Log2";"hs_bmi_c_cat";0;-0,0219916934654674;-0,0201575654547263;0,0652895448226442;-0,149956849884863;0,105973462953929;-0,145068392274301;0,0970400340050348;-0,336833309608863;0,736242561426248;FALSE;100;"4";"Childhood"
"hs_mn_c_Log2";"hs_bmi_c_cat";0;-0,00504149599402703;-0,00917471915566187;0,063971779373069;-0,130423879592185;0,120340887604131;-0,144971206193244;0,0929540425364833;-0,0788081251363379;0,937185241226637;FALSE;100;"4";"Childhood"
"hs_mo_c_Log2";"hs_bmi_c_cat";0;-0,0309857007626765;-0,032187966736187;0,0562037591688235;-0,141143044529333;0,0791716430039803;-0,119385148802782;0,0861477654769261;-0,551310112008743;0,58142110777492;FALSE;100;"4";"Childhood"
"hs_pb_c_Log2";"hs_bmi_c_cat";0;-0,102431266876657;-0,102480594261609;0,0649499190390693;-0,229730768992025;0,0248682352387112;-0,225064497326821;0,0250531320757898;-1,57708074763021;0,114776946500756;FALSE;100;"4";"Childhood"
"hs_hum_mt_hs_h_None";"hs_bmi_c_cat";0;0,37822339766151;0,377446179908118;0,0732291944959715;0,234696813832527;0,521749981490493;0,246930850591685;0,50086537936551;5,16492636939106;2,4053358909058e-07;TRUE;100;"4";"Childhood"
"hs_tm_mt_hs_h_None";"hs_bmi_c_cat";0;0,0923225063908457;0,0898442011051427;0,0648283770483001;-0,0347387778000056;0,219383790581697;-0,0245712418069218;0,194942123481327;1,4241063959084;0,15441567523147;FALSE;100;"4";"Childhood"
"hs_uvdvf_mt_hs_h_None";"hs_bmi_c_cat";0;0,111393736616336;0,110774218857634;0,0603191438835654;-0,00682961297374159;0,229617086206414;0,00658082127264446;0,226503302799084;1,84673935079981;0,0647849255950135;FALSE;100;"4";"Childhood"
"hs_hum_dy_hs_h_None";"hs_bmi_c_cat";0;0,129855822560526;0,133851809532453;0,0751230391585904;-0,0173826285995036;0,277094273720555;-0,0136517163550186;0,273969698076347;1,72857520162876;0,0838851510867526;FALSE;100;"4";"Childhood"
"hs_hum_wk_hs_h_None";"hs_bmi_c_cat";0;0,157661921968151;0,164502473433409;0,0815319555248265;-0,00213777444963079;0,317461618385932;-0,0151678495226459;0,318972642470935;1,93374390388738;0,053144622920959;FALSE;100;"4";"Childhood"
"hs_tm_dy_hs_h_None";"hs_bmi_c_cat";0;-0,0864773281706346;-0,079505250233614;0,0763168148193847;-0,236055536631441;0,0631008802901721;-0,219297635827385;0,0611060999873978;-1,13313597239738;0,25715715703067;FALSE;100;"4";"Childhood"
"hs_tm_wk_hs_h_None";"hs_bmi_c_cat";0;0,0430453883088542;0,0418449101524679;0,0530137734801627;-0,0608596983968293;0,146950475014538;-0,0450235517962682;0,149827113066944;0,811966126594656;0,4168110685348;FALSE;100;"4";"Childhood"
"hs_uvdvf_dy_hs_h_None";"hs_bmi_c_cat";0;-0,011981686367058;-0,0106870243278105;0,0619259198884694;-0,133354259057971;0,109390886323855;-0,144807022559201;0,0952697306031306;-0,193484188666674;0,846579787711323;FALSE;100;"4";"Childhood"
"hs_uvdvf_wk_hs_h_None";"hs_bmi_c_cat";0;0,00112027280721986;0,000681388792127451;0,0597679709958869;-0,116022797773753;0,118263343388193;-0,0989928207046863;0,105594687076783;0,0187436981472393;0,985045568288423;FALSE;100;"4";"Childhood"
"hs_ndvi100_h_None";"hs_bmi_c_cat";0;-0,0387127944656029;-0,0364725489957667;0,0783213973977174;-0,192219912583978;0,114794323652772;-0,172443023138701;0,129616914779894;-0,494281202223942;0,621107598848822;FALSE;100;"4";"Childhood"
"hs_ndvi100_s_None";"hs_bmi_c_cat";0;-0,12698213184482;-0,123060616237107;0,0847795355220677;-0,293146968094107;0,0391827044044669;-0,306941904969355;0,0382301438415918;-1,49779225685622;0,134187233214159;FALSE;100;"4";"Childhood"
"hs_dde_cadj_Log2";"hs_bmi_c_cat";0;-0,201305761627745;-0,195042889644975;0,0797257177348595;-0,357565297029676;-0,0450462262258143;-0,33118691309028;-0,0552935959963751;-2,52497898228046;0,011570520900499;TRUE;100;"4";"Childhood"
"hs_ddt_cadj_Log2";"hs_bmi_c_cat";0;0,0349742779377749;0,0329349051439054;0,0706370043739099;-0,103471706610887;0,173420262486437;-0,0958351376586634;0,185894426196788;0,495126856635115;0,620510577206101;FALSE;100;"4";"Childhood"
"hs_hcb_cadj_Log2";"hs_bmi_c_cat";0;-0,323741644421233;-0,413777254235687;0,235062984936044;-0,78445662899436;0,136973340151894;-0,845810487104178;-0,123165630812813;-1,37725488557595;0,16843345805332;FALSE;100;"4";"Childhood"
"hs_pcb118_cadj_Log2";"hs_bmi_c_cat";0;0,000628368504823478;0,000881464377971234;0,082332481756237;-0,160740330495202;0,161997067504849;-0,183894155726132;0,159260576365261;0,00763208507043305;0,993910536272872;FALSE;100;"4";"Childhood"
"hs_pcb138_cadj_Log2";"hs_bmi_c_cat";0;0,0664326083943972;0,0586678432610478;0,070224836838759;-0,071205542629772;0,204070759418566;-0,0911911411573516;0,179652335327883;0,945998757489903;0,344149219967977;FALSE;100;"4";"Childhood"
"hs_pcb153_cadj_Log2";"hs_bmi_c_cat";0;-0,106563162061285;-0,102776620511279;0,071232192083714;-0,246175693085203;0,0330493689626337;-0,244061255155697;0,0164198021556929;-1,49599723024176;0,134654376954329;FALSE;100;"4";"Childhood"
"hs_pcb170_cadj_Log2";"hs_bmi_c_cat";0;-0,227648470140032;-0,229245812106228;0,0730138844947983;-0,370753054121205;-0,0845438861588602;-0,383975401328282;-0,114977613432061;-3,11787917757273;0,00182157462275299;TRUE;100;"4";"Childhood"
"hs_pcb180_cadj_Log2";"hs_bmi_c_cat";0;-0,0973429650443503;-0,103225094714819;0,0869541145202309;-0,267769897811574;0,0730839677228735;-0,285095102682197;0,0428467065165168;-1,11947508845832;0,262937512748992;FALSE;100;"4";"Childhood"
"hs_sumPCBs5_cadj_Log2";"hs_bmi_c_cat";0;-0,222761615992832;-0,205794936182765;0,0721042001965955;-0,364083251512225;-0,0814399804734389;-0,32063826931424;-0,0583107338526962;-3,08944021825999;0,00200534059562774;TRUE;100;"4";"Childhood"
"hs_pfhxs_c_Log2";"hs_bmi_c_cat";0;0,00590904697968296;0,00641721979211286;0,0840020685610009;-0,158731982026743;0,170550075986109;-0,155948252066841;0,159179520724369;0,070344065103491;0,943919810469286;FALSE;100;"4";"Childhood"
"hs_pfna_c_Log2";"hs_bmi_c_cat";0;0,0688386640051513;0,0676632648937291;0,0647348741931481;-0,0580393579571502;0,195716685967453;-0,0661972069841628;0,182085727785699;1,06339380223029;0,28760340223385;FALSE;100;"4";"Childhood"
"hs_pfoa_c_Log2";"hs_bmi_c_cat";0;-0,0429913754327053;-0,0438366954757231;0,0664665982684864;-0,173263514213831;0,0872807633484203;-0,163709704419031;0,0860167926882196;-0,646811730292637;0,517753799545926;FALSE;100;"4";"Childhood"
"hs_pfos_c_Log2";"hs_bmi_c_cat";0;-0,0717313217473729;-0,0655160911733552;0,0707753831988232;-0,210448523809088;0,0669858803143417;-0,205365095110087;0,0581682037378076;-1,01350665309525;0,310818219895157;FALSE;100;"4";"Childhood"
"hs_pfunda_c_Log2";"hs_bmi_c_cat";0;-0,0511193590996644;-0,0512443704287874;0,062869828052704;-0,17434195779719;0,0721032395978614;-0,16149336274455;0,0688315635928822;-0,813098439792309;0,416161620925031;FALSE;100;"4";"Childhood"
"hs_hm_pers_None";"hs_bmi_c_cat";0;0,0310499385528393;0,0267394525408531;0,0629535642273773;-0,0923367800312492;0,154436657136928;-0,0949819018881169;0,157876627987943;0,493219707794342;0,621857354150903;FALSE;100;"4";"Childhood"
"hs_trafload_h_pow1over3";"hs_bmi_c_cat";0;-0,00238990548927924;-0,000702964796592088;0,0706801547187949;-0,140920463159836;0,136140652181277;-0,151784485835727;0,118353176123239;-0,0338129634660199;0,973026298506374;FALSE;100;"4";"Childhood"
"hs_trafnear_h_pow1over3";"hs_bmi_c_cat";0;0,0565556450196038;0,0571756055345522;0,0771852192587206;-0,094724604866316;0,207835894905524;-0,090304338904808;0,209089497193039;0,732726363450914;0,463725341137697;FALSE;100;"4";"Childhood"
"FAS_cat_None_Low";"hs_bmi_c_cat";0;-0,705911569538012;-0,72908294906282;0,21140379024121;-1,12025538460604;-0,291567754469981;-1,07932020326675;-0,332112061931207;-3,33916231460454;0,000840314483639343;TRUE;100;"4";"Childhood"
"FAS_cat_None_Middle";"hs_bmi_c_cat";0;-0,289365433431588;-0,295640884189344;0,130168394591843;-0,544490798756999;-0,0342400681061782;-0,518600814021209;-0,000797880050633507;-2,22300839108391;0,0262152341620195;TRUE;100;"4";"Childhood"
"hs_globalexp2_None_no exposure";"hs_bmi_c_cat";0;-0,200276034475515;-0,217333231627585;0,140438090676139;-0,475529634258317;0,0749775653072873;-0,483932093683699;0,0584788403484012;-1,42608058477074;0,153845082342104;FALSE;100;"4";"Childhood"
