"exposure";"outcome";"lambda";"beta_unpenalized";"bootstrap_mean";"bootstrap_standard_error";"ci95_lower";"ci95_upper";"bootstrap_q025";"bootstrap_q975";"z_value";"p_value";"significant";"n_valid_bootstrap";"omitted_cohort";"scenario"
"h_abs_ratio_preg_Log";"e3_bw";0;-0,00659379235126061;-0,00697778105719873;0,00506595445411898;-0,0165228806286541;0,00333529592613287;-0,0145209189961546;0,00523648733406533;-1,3015893472748;0,193056803349009;FALSE;100;"6";"Combined"
"h_no2_ratio_preg_Log";"e3_bw";0;-0,00315112248020192;-0,00615002864282334;0,00484455032411519;-0,0126462666367595;0,00634402167635569;-0,0148373216831331;0,00238091665125064;-0,650446846328807;0,515403625508301;FALSE;100;"6";"Combined"
"h_pm10_ratio_preg_None";"e3_bw";0;0,00270429481085251;0,00278221061075566;0,00470605335726913;-0,0065194002787188;0,0119279899004238;-0,00662238519636038;0,0119053691503573;0,574641765732503;0,565533599330944;FALSE;100;"6";"Combined"
"h_pm25_ratio_preg_None";"e3_bw";0;-0,0012873021900744;-0,002189909963356;0,00407578900308228;-0,00927570184470007;0,00670109746455128;-0,00962538670711891;0,00512340674029416;-0,315841224631817;0,752123025776076;FALSE;100;"6";"Combined"
"h_accesslines300_preg_dic0";"e3_bw";0;0,0102164018694336;0,0132582103818903;0,013583610489942;-0,0164069854708731;0,0368397892097403;-0,00950035703509381;0,0416343064692238;0,752112398761612;0,451983468297287;FALSE;100;"6";"Combined"
"h_accesspoints300_preg_Log";"e3_bw";0;0,00476632909103805;0,00501635199731214;0,00367254264824222;-0,00243172223120404;0,0119643804132801;-0,00124586438473482;0,011629311451465;1,29782811189935;0,194346407257428;FALSE;100;"6";"Combined"
"h_builtdens300_preg_Sqrt";"e3_bw";0;0,0016720536601165;-0,000294325931587968;0,00431144631958671;-0,00677822584755121;0,0101223331677842;-0,00839390468868756;0,0084777340797785;0,387817343920168;0,698151209533351;FALSE;100;"6";"Combined"
"h_connind300_preg_Sqrt";"e3_bw";0;0,00075429719461565;0,00211276683871219;0,0032985100366517;-0,00571066367986558;0,00721925806909688;-0,00365597319442925;0,00884588747599298;0,228678156571969;0,819119073485634;FALSE;100;"6";"Combined"
"h_fdensity300_preg_Log";"e3_bw";0;0,000516601503072893;6,25746194283145e-05;0,00470977081088768;-0,00871437966170496;0,00974758266785074;-0,00708922568651218;0,00979176707167015;0,109687185176539;0,912657463836049;FALSE;100;"6";"Combined"
"h_frichness300_preg_None";"e3_bw";0;0,00768653356083914;0,0074611266703978;0,00452367530081155;-0,0011797071065049;0,0165527742281832;-0,00176316578718295;0,0154962522024106;1,69917888657043;0,0892854832686019;FALSE;100;"6";"Combined"
"h_landuseshan300_preg_None";"e3_bw";0;0,00719734794746802;0,00709287603970404;0,00367149885790075;1,34241670260524e-06;0,0143933534782334;0,00106244286009485;0,0143731706952312;1,96032961633093;0,049957276560045;TRUE;100;"6";"Combined"
"h_popdens_preg_Sqrt";"e3_bw";0;0,00371384181533591;0,00582474489288725;0,00338229399058163;-0,00291533259133033;0,0103430162220022;0,000600371628667566;0,0134404714502842;1,09802454360192;0,272193772131364;FALSE;100;"6";"Combined"
"h_walkability_mean_preg_None";"e3_bw";0;-0,00785655402113551;-0,00864356081101038;0,00380629383092315;-0,0153167528443219;-0,000396355197949142;-0,0151963104654105;-0,000778602181318402;-2,06409551393725;0,0390086612333171;TRUE;100;"6";"Combined"
"hs_as_m_Log2";"e3_bw";0;0,00442990336297659;0,00490774505408106;0,00353229987341422;-0,00249327717151067;0,0113530838974638;-0,000409533187949922;0,0121357406216928;1,25411304864521;0,2098009181784;FALSE;100;"6";"Combined"
"hs_cd_m_Log2";"e3_bw";0;-0,00065181620700659;-3,45093364066415e-05;0,00309485110624557;-0,00671761291276185;0,00541398049874867;-0,00524994712633265;0,0059371053684725;-0,210613106941136;0,833189183861363;FALSE;100;"6";"Combined"
"hs_co_m_Log2";"e3_bw";0;0,000664573919567249;0,000657551379542767;0,0037376587528087;-0,0066611026224387;0,0079902504615732;-0,00606941350053458;0,00782467867587364;0,177804867570601;0,858876224496801;FALSE;100;"6";"Combined"
"hs_cs_m_Log2";"e3_bw";0;-0,00793174674672421;-0,00888783342377168;0,00370460640344595;-0,0151926418743747;-0,000670851619073689;-0,0167019683255008;-0,00217136413179646;-2,14104978584129;0,0322700234292645;TRUE;100;"6";"Combined"
"hs_cu_m_Log2";"e3_bw";0;-0,00168634698799672;-0,00157346832919371;0,00292457544128652;-0,00741840952298864;0,0040457155469952;-0,00754076118709938;0,00372615560514595;-0,576612579108198;0,564201199691236;FALSE;100;"6";"Combined"
"hs_hg_m_Log2";"e3_bw";0;0,00265519030056383;0,00296172717650502;0,00379809220058349;-0,00478893362254228;0,0100993142236699;-0,00458181116471485;0,00960709503551998;0,699085267112769;0,484498745181451;FALSE;100;"6";"Combined"
"hs_mn_m_Log2";"e3_bw";0;-0,000698627248124253;-0,000836394576505526;0,00305892901737418;-0,00669401795344215;0,00529676345719364;-0,0071837147295937;0,00438945462635609;-0,228389493236414;0,819343456812443;FALSE;100;"6";"Combined"
"hs_mo_m_Log2";"e3_bw";0;-0,00204060081894089;-0,00202519371607303;0,00278953748536436;-0,00750799382377945;0,00342679218589768;-0,00645356126323548;0,00405941541044095;-0,731519411245464;0,464461952390526;FALSE;100;"6";"Combined"
"hs_pb_m_Log2";"e3_bw";0;-0,000266287009313308;-0,000934397156377323;0,002753568120731;-0,00566318135492371;0,00513060733629709;-0,00611397685754888;0,00391500148418451;-0,096706163653077;0,922959744889362;FALSE;100;"6";"Combined"
"h_humidity_preg_None";"e3_bw";0;0,0209105275902365;0,0233274257797787;0,00477177855238278;0,0115580134853656;0,0302630416951074;0,0132859180665514;0,0338247523429213;4,38212447637471;1,17527625586926e-05;TRUE;100;"6";"Combined"
"h_pressure_preg_None";"e3_bw";0;-0,0155642674512635;-0,0149296356833937;0,00520786581307544;-0,0257714968812088;-0,00535703802131828;-0,0248156528115385;-0,00423453085046301;-2,98860761968678;0,00280251783506382;TRUE;100;"6";"Combined"
"h_temperature_preg_None";"e3_bw";0;0,00980344558873397;0,00879434388048522;0,00328379928615452;0,00336731725541277;0,0162395739220552;0,00296770748115857;0,0148604459774729;2,98539732013105;0,00283210201340624;TRUE;100;"6";"Combined"
"h_ndvi100_preg_None";"e3_bw";0;0,000469524180179902;-0,000170842561642316;0,00450277564785569;-0,00835575392008126;0,00929480228044107;-0,00900032544996606;0,00939968180753897;0,104274389154498;0,916951601593306;FALSE;100;"6";"Combined"
"hs_dde_madj_Log2";"e3_bw";0;-0,00528952149210274;-0,00518729616047886;0,00339354024361122;-0,011940738149668;0,00136169516546254;-0,0122133123284506;0,00129006833293727;-1,55870303941759;0,119066682076142;FALSE;100;"6";"Combined"
"hs_ddt_madj_Log2";"e3_bw";0;-0,00169229555735937;-0,00240548329819318;0,00285767702262051;-0,00729323960114323;0,00390864848642448;-0,00765855827463528;0,00300704744859149;-0,59219272995642;0,553721537144045;FALSE;100;"6";"Combined"
"hs_hcb_madj_Log2";"e3_bw";0;-0,000790178374994499;-0,00132249598763325;0,00280610574687895;-0,00629004457568811;0,00470968782569912;-0,00816657970342083;0,0033812383337122;-0,281592515133602;0,778255980115359;FALSE;100;"6";"Combined"
"hs_pcb118_madj_Log2";"e3_bw";0;-0,00109701903104791;-0,000165226035230681;0,00458684908613022;-0,0100870780423836;0,00789303998028777;-0,00855661287171153;0,00817995858924284;-0,239166148798114;0,810976750377675;FALSE;100;"6";"Combined"
"hs_pcb138_madj_Log2";"e3_bw";0;-0,00227183708077701;-0,00355583103039208;0,00421335220299529;-0,0105298556528303;0,00598618149127626;-0,0137468739370856;0,003596094231622;-0,539199423955573;0,589749257793659;FALSE;100;"6";"Combined"
"hs_pcb153_madj_Log2";"e3_bw";0;-0,0113157953447045;-0,00948118281539292;0,00448334119537106;-0,0201029826180365;-0,00252860807137247;-0,0166906216007332;0,00131271550485858;-2,52396479580626;0,0116039548483057;TRUE;100;"6";"Combined"
"hs_pcb170_madj_Log2";"e3_bw";0;0,00353882088421435;0,0039824678546324;0,00490318727269658;-0,00607124957972612;0,0131488913481548;-0,00419698985933577;0,0139882197196555;0,721738878692293;0,470455034035173;FALSE;100;"6";"Combined"
"hs_pcb180_madj_Log2";"e3_bw";0;0,00987330880270993;0,00652580547246521;0,00634502689821425;-0,00256271539872789;0,0223093330041477;-0,00517203291941052;0,0171165245262115;1,55607044085009;0,11969134302185;FALSE;100;"6";"Combined"
"hs_sumPCBs5_madj_Log2";"e3_bw";0;-0,00656661494475345;-0,00629768741285991;0,00422263645096988;-0,0148428303084605;0,00170960041895356;-0,0141795976490542;0,0013560274147692;-1,55509834223242;0,119922649727854;FALSE;100;"6";"Combined"
"hs_pfhxs_m_Log2";"e3_bw";0;0,00897073424211844;0,0079160914475809;0,00342379948219739;0,00226021056672467;0,0156812579175122;0,00215574240607206;0,014462803944368;2,62011087061706;0,00879011839545606;TRUE;100;"6";"Combined"
"hs_pfna_m_Log2";"e3_bw";0;-0,00335912786382585;-0,00303964394742001;0,0038382602427905;-0,0108819797029872;0,00416372397533549;-0,00924541765439165;0,00439371316259763;-0,875169386999067;0,381481747375678;FALSE;100;"6";"Combined"
"hs_pfoa_m_Log2";"e3_bw";0;0,00219570110669128;0,000971726974504126;0,00349464104645325;-0,00465366948325245;0,00904507169663501;-0,00590678367124425;0,00764771242615476;0,628305190005057;0,529804032368909;FALSE;100;"6";"Combined"
"hs_pfos_m_Log2";"e3_bw";0;-0,00856584457465688;-0,0098239363098266;0,0040476653130715;-0,0164991228097491;-0,000632566339564692;-0,0177403031497767;-0,000281716331965783;-2,11624329387966;0,0343241208227854;TRUE;100;"6";"Combined"
"hs_pfunda_m_Log2";"e3_bw";0;0,000547916304304578;-6,42182273587011e-05;0,00313063134912424;-0,00558800838885096;0,00668384099746012;-0,00673720352671133;0,00550002170558922;0,175017829696828;0,861065623743593;FALSE;100;"6";"Combined"
"e3_asmokcigd_p_None";"e3_bw";0;-0,00319871530475195;-0,00296436224460292;0,00325049963152379;-0,00956957751429929;0,0031721469047954;-0,0092524517667152;0,00188827976021354;-0,984068810139329;0,3250816812129;FALSE;100;"6";"Combined"
"h_distinvnear1_preg_Log";"e3_bw";0;0,00254969074534763;0,00223766187927714;0,00331995605641019;-0,00395730355547197;0,00905668504616722;-0,00399237138411973;0,00860205233483724;0,767989305287542;0,442493538676305;FALSE;100;"6";"Combined"
"h_trafload_preg_pow1over3";"e3_bw";0;-0,00185224438529344;-0,000416726775483414;0,00272002706618882;-0,00718339947199767;0,00347891070141079;-0,00565642580403876;0,00517193307607698;-0,680965424321576;0,495893368625286;FALSE;100;"6";"Combined"
"h_trafnear_preg_pow1over3";"e3_bw";0;-0,00577000395684204;-0,00467593710329616;0,0040868648712064;-0,0137801119140885;0,00224010400040443;-0,0116088495240226;0,00376292365734957;-1,41184113952336;0,157996742087656;FALSE;100;"6";"Combined"
"h_bro_preg_Log";"e3_bw";0;0,00690176060939013;0,00833308211088918;0,00607480150005938;-0,00500463154395614;0,0188081527627364;-0,00256301387221819;0,0213388967437899;1,13612940428139;0,255902410477629;FALSE;100;"6";"Combined"
"h_clf_preg_Log";"e3_bw";0;-0,000283520098086613;0,000604984655262886;0,00334586659245563;-0,00684129811637541;0,00627425792020218;-0,00738719976773808;0,00601854355890865;-0,0847374186185138;0,93247014718012;FALSE;100;"6";"Combined"
"h_thm_preg_Log";"e3_bw";0;0,00509217277466665;0,00508452358061544;0,00410057342743921;-0,00294480345907617;0,0131291490084095;-0,00117600371485747;0,0138923425161085;1,24181967833867;0,214303100559292;FALSE;100;"6";"Combined"
"e3_alcpreg_yn_None_1";"e3_bw";0;0,0176776276975459;0,0176274478486071;0,00579783874604666;0,00631407256712357;0,0290411828279682;0,00649378656969209;0,027229621135788;3,04900299436573;0,00229602193134574;TRUE;100;"6";"Combined"
"h_pamod_t3_None_Often";"e3_bw";0;0,116030955725078;0,109861230230476;0,0108503468723018;0,0947646666355998;0,137297244814557;0,0901198957500085;0,13082399244539;10,6937554246561;1,08871420078244e-26;TRUE;100;"6";"Combined"
"h_pamod_t3_None_Sometimes";"e3_bw";0;0,101936900395892;0,0957840982240426;0,011368853448884;0,0796543570905654;0,124219443701219;0,0758288114768957;0,117448730136575;8,96633076098792;3,065564132366e-19;TRUE;100;"6";"Combined"
"h_pamod_t3_None_Very Often";"e3_bw";0;0,10901312821451;0,103280216516396;0,0104383120931636;0,0885544124525204;0,129471843976499;0,0844002838173135;0,121637388693662;10,4435590008759;1,56818809673768e-25;TRUE;100;"6";"Combined"
"h_pavig_t3_None_Low";"e3_bw";0;0,113730951953994;0,112164762622143;0,0106459503729914;0,0928652726417297;0,134596631266257;0,0909778469755938;0,131220449958663;10,6830248093705;1,22223049969736e-26;TRUE;100;"6";"Combined"
"h_pavig_t3_None_Medium";"e3_bw";0;0,107644278593307;0,107394961906999;0,0111025976373829;0,0858835870891969;0,129404970097417;0,0869255604379563;0,127511547863177;9,69541382197479;3,15356658647459e-22;TRUE;100;"6";"Combined"
"hs_no2_dy_hs_h_Log";"e3_bw";0;0,00198492142474127;0,00413557432924048;0,00549006870165091;-0,00877541550314508;0,0127452583526276;-0,00512223359429958;0,0147189301882836;0,361547647690527;0,717690092610684;FALSE;100;"6";"Combined"
"hs_no2_wk_hs_h_Log";"e3_bw";0;0,00591803935913132;0,00661953001483754;0,00398998314730095;-0,00190218390850031;0,0137382626267629;-0,000595802139310567;0,0134948439215031;1,48322414923848;0,138014867099532;FALSE;100;"6";"Combined"
"hs_no2_yr_hs_h_Log";"e3_bw";0;0,01850449252307;0,0192761377606883;0,00510414924332211;0,00850054383444132;0,0285084412116987;0,0103315163521345;0,0294959363736499;3,62538233913907;0,000288534245688478;TRUE;100;"6";"Combined"
"hs_pm10_dy_hs_h_None";"e3_bw";0;-0,00243172594060751;-0,000834988434758455;0,00396086143899912;-0,0101948717087993;0,00533141982758425;-0,00812849719400258;0,00680682079385014;-0,613938654017141;0,539255865990107;FALSE;100;"6";"Combined"
"hs_pm10_wk_hs_h_None";"e3_bw";0;-0,00697107921666603;-0,0077408092372207;0,00481858726814824;-0,0164153367185998;0,00247317828526777;-0,0166966827925151;0,00192372909965663;-1,44670602164791;0,14797927723457;FALSE;100;"6";"Combined"
"hs_pm10_yr_hs_h_None";"e3_bw";0;0,0157090293411106;0,0135777954587368;0,00485657046121411;0,00619032614874982;0,0252277325334713;0,00401436763474397;0,0229035691442822;3,23459310774283;0,00121816195269324;TRUE;100;"6";"Combined"
"hs_pm25_dy_hs_h_None";"e3_bw";0;0,00620881703577494;0,00564289205992686;0,00425127222107498;-0,00212352340600762;0,0145411574775575;-0,00198291265420751;0,0137740350526068;1,46046094272575;0,144163434245452;FALSE;100;"6";"Combined"
"hs_pm25_wk_hs_h_None";"e3_bw";0;-0,00511818525786496;-0,00490481557505907;0,00501795852552049;-0,0149532032438008;0,0047168327280709;-0,0153219379512089;0,00315891442705804;-1,0199736071621;0,307740978084295;FALSE;100;"6";"Combined"
"hs_pm25_yr_hs_h_None";"e3_bw";0;0,0170547047089378;0,0196591347638362;0,00601659151497688;0,00526240202989383;0,0288470073879818;0,00746680738185023;0,0304447961135808;2,83461236590255;0,0045881319566302;TRUE;100;"6";"Combined"
"hs_pm25abs_dy_hs_h_Log";"e3_bw";0;0,00412848139965148;0,0016962232694894;0,00390315159885314;-0,0035215551603006;0,0117785179596036;-0,00503785462478988;0,00915657340249476;1,05773022007768;0,29017845366085;FALSE;100;"6";"Combined"
"hs_pm25abs_wk_hs_h_Log";"e3_bw";0;-0,0113429178217652;-0,0106490006290936;0,00396079245957066;-0,0191059283927615;-0,00357990725076887;-0,0190712951596537;-0,00273481087051793;-2,86380009494229;0,00418592093578352;TRUE;100;"6";"Combined"
"hs_pm25abs_yr_hs_h_Log";"e3_bw";0;-0,00881119346145703;-0,00867927933880295;0,0043347358448151;-0,0173071195997894;-0,000315267323124632;-0,0171218848396309;-0,000567743795349981;-2,03269444249904;0,0420834031258794;TRUE;100;"6";"Combined"
"hs_accesslines300_h_dic0";"e3_bw";0;-0,00360666758081609;-0,00338140126738746;0,0127448717308225;-0,0285861571608109;0,0213728219991788;-0,0237987119224194;0,0196012430358386;-0,282989712018335;0,777184723420601;FALSE;100;"6";"Combined"
"hs_accesspoints300_h_Log";"e3_bw";0;-0,00994440744138818;-0,00921124173448301;0,00414322838363943;-0,0180649858530456;-0,00182382902973079;-0,0163734295137536;-0,000787915731992878;-2,40015913210485;0,0163879458325969;TRUE;100;"6";"Combined"
"hs_builtdens300_h_Sqrt";"e3_bw";0;0,00170270497563594;0,00201810446669824;0,0041718201260012;-0,00647391222130576;0,00987932217257764;-0,00523183412560733;0,00968530710668413;0,408144388830117;0,683167672997853;FALSE;100;"6";"Combined"
"hs_connind300_h_Log";"e3_bw";0;0,00419453245914755;0,00455507024004211;0,00405586497778599;-0,00375481682347033;0,0121438817417654;-0,00314993886173651;0,0122258715282972;1,03418937319685;0,301047641119836;FALSE;100;"6";"Combined"
"hs_fdensity300_h_Log";"e3_bw";0;0,00893919871678114;0,00691475548573462;0,00408402230768983;0,000934662081650921;0,0169437353519114;-0,000481035517241075;0,0142098728811424;2,18882220597803;0,0286097650834703;TRUE;100;"6";"Combined"
"hs_landuseshan300_h_None";"e3_bw";0;0,00128556586997628;0,000340199527375577;0,00361710086590801;-0,00580382155565206;0,00837495329560463;-0,00652630989805362;0,00740965420059739;0,355413331735653;0,722279962712121;FALSE;100;"6";"Combined"
"hs_popdens_h_Sqrt";"e3_bw";0;-0,0090438434386696;-0,00828066523918345;0,00320068782076651;-0,015317076293128;-0,00277061058421126;-0,0137993280809331;-0,00191661305855753;-2,82559373019508;0,00471930785006996;TRUE;100;"6";"Combined"
"hs_walkability_mean_h_None";"e3_bw";0;-0,00581375837665384;-0,00554957814838079;0,00296668636396607;-0,0116283568034534;8,40050145747145e-07;-0,0105235862454087;0,000325916269695896;-1,95968082344964;0,0500331079253088;FALSE;100;"6";"Combined"
"hs_accesslines300_s_dic0";"e3_bw";0;0,0181769380582787;0,0161068257177764;0,0127021792055308;-0,00671887570973523;0,0430727518262926;-0,0081325898048897;0,0390015145338882;1,43100941690101;0,152427516279298;FALSE;100;"6";"Combined"
"hs_accesspoints300_s_Log";"e3_bw";0;0,00230493641347132;0,00274915237758692;0,00322852283835648;-0,00402285207297241;0,00863272489991505;-0,00373965188688891;0,00845076397224742;0,713929102835361;0,475271020320721;FALSE;100;"6";"Combined"
"hs_builtdens300_s_Sqrt";"e3_bw";0;-0,00539142085893173;-0,00538527790080748;0,00401128757498818;-0,0132534000375416;0,00247055831967812;-0,0129700063339868;0,0014318429746152;-1,34406241341288;0,178928205149318;FALSE;100;"6";"Combined"
"hs_connind300_s_Log";"e3_bw";0;-0,000327217208847149;-0,00140767675063455;0,0037699755051506;-0,00771623342154052;0,00706179900384622;-0,00749973102552288;0,0067340834315275;-0,0867955795468963;0,930834001375533;FALSE;100;"6";"Combined"
"hs_fdensity300_s_Log";"e3_bw";0;0,00399077940388075;0,00424488537106979;0,00364980124072145;-0,0031626995786629;0,0111442583864244;-0,00293080245437533;0,010169344671396;1,09342376219147;0,274207785184696;FALSE;100;"6";"Combined"
"hs_landuseshan300_s_None";"e3_bw";0;0,00158553075012467;0,00272233669854397;0,00357058982279448;-0,00541269670611775;0,0085837582063671;-0,00381996893152758;0,0101007278521779;0,444052895687631;0,657004341287199;FALSE;100;"6";"Combined"
"hs_popdens_s_Sqrt";"e3_bw";0;0,00154059462824145;0,000788416134908089;0,00341666930964278;-0,00515595416574173;0,00823714342222462;-0,00577860231809256;0,00761906796796116;0,450905396051489;0,652057734263003;FALSE;100;"6";"Combined"
"h_Absorbance_Log";"e3_bw";0;0,0031371696544092;0,00144877923638009;0,00369695898104471;-0,00410873680076034;0,0103830761095787;-0,00555624069674115;0,00835863975318964;0,848581136684041;0,396114406973342;FALSE;100;"6";"Combined"
"h_Benzene_Log";"e3_bw";0;-0,00359684687953326;-0,00299583385465298;0,00318452229651091;-0,00983839588865941;0,0026447021295929;-0,0089027839744276;0,00255754307423281;-1,12947768758727;0,258696376789724;FALSE;100;"6";"Combined"
"h_NO2_Log";"e3_bw";0;0,0104155122590305;0,0100982630146507;0,00340858377732786;0,00373481081718037;0,0170962137008806;0,00395811170078285;0,0165785288603681;3,05567148688235;0,00224557147230238;TRUE;100;"6";"Combined"
"h_PM_Log";"e3_bw";0;0,00396094799409355;0,00584400513459795;0,00404563889079791;-0,00396835852632492;0,011890254514512;-0,00232763373898894;0,0139311776419228;0,979066125526676;0,327547307761643;FALSE;100;"6";"Combined"
"h_TEX_Log";"e3_bw";0;-0,00383091034564383;-0,00353071040688432;0,0034699913179701;-0,0106319683555319;0,00297014766424424;-0,00914276514477358;0,00261466859078503;-1,10401150740771;0,269588145946081;FALSE;100;"6";"Combined"
"hs_KIDMED_None";"e3_bw";0;0,00154184433586086;0,000976430775455182;0,00315460980303387;-0,00464107726336251;0,00772476593508423;-0,00493750459692432;0,00556115184180827;0,488759127793882;0,625012237482787;FALSE;100;"6";"Combined"
"hs_mvpa_prd_alt_None";"e3_bw";0;-0,00373751852401884;-0,00202615006660754;0,00384528746664255;-0,0112741434688415;0,00379910642080382;-0,00930066441886714;0,00528011691370602;-0,971973761764604;0,33106360193914;FALSE;100;"6";"Combined"
"hs_sd_wk_None";"e3_bw";0;-0,004444737003898;-0,00339862076313134;0,00361963560411938;-0,0115390924251309;0,00264961841733486;-0,0111109871200167;0,00228204562139618;-1,22795150949438;0,219465171488064;FALSE;100;"6";"Combined"
"hs_dif_hours_total_None";"e3_bw";0;-0,00527977037330431;-0,00472413479039234;0,00272469970334375;-0,010620083660545;6,05429139364181e-05;-0,0103041230209129;-0,000163718728478646;-1,93774395278312;0,0526544687066264;FALSE;100;"6";"Combined"
"hs_as_c_Log2";"e3_bw";0;0,00586890931309618;0,00326325328056675;0,00342320985518161;-0,00084045871458235;0,0125782773407747;-0,00307085529081594;0,00966672084537071;1,71444625406549;0,0864467998475433;FALSE;100;"6";"Combined"
"hs_cd_c_Log2";"e3_bw";0;-0,000688354536766408;-0,000355175601361609;0,0028373827560884;-0,00624952254905467;0,00487281347552185;-0,00667955175929974;0,005075318029978;-0,242601931406452;0,808313784862985;FALSE;100;"6";"Combined"
"hs_co_c_Log2";"e3_bw";0;0,00268980132948554;0,00173837485416294;0,00276936945039629;-0,00273806305317668;0,00811766571214776;-0,00355003270681104;0,00702399870396139;0,971268506302268;0,331414587444466;FALSE;100;"6";"Combined"
"hs_cs_c_Log2";"e3_bw";0;-0,00317183114614621;-0,00274767290913378;0,00374063456237766;-0,0105033401677322;0,00415967787543974;-0,010178322870316;0,00416534459478358;-0,847939325067376;0,396471762357889;FALSE;100;"6";"Combined"
"hs_cu_c_Log2";"e3_bw";0;-0,000672220828243021;-0,000140931614852986;0,00326852044367765;-0,0070784031805841;0,00573396152409806;-0,00558363565816734;0,00760182985937213;-0,205665174756152;0,837052463497434;FALSE;100;"6";"Combined"
"hs_hg_c_Log2";"e3_bw";0;-0,0116212701461432;-0,00988039871292811;0,00338147690002241;-0,0182488430847413;-0,00499369720754517;-0,0155444476728339;-0,00301285045487352;-3,43674391094206;0,000588751979779285;TRUE;100;"6";"Combined"
"hs_mn_c_Log2";"e3_bw";0;-0,00508316238808072;-0,00485385605358485;0,00285241088077675;-0,0106737849835133;0,000507460207351876;-0,00929852411484146;0,000371745512356676;-1,78205826598744;0,0747397305798481;FALSE;100;"6";"Combined"
"hs_mo_c_Log2";"e3_bw";0;-0,00730746486845155;-0,00753663064308667;0,00293650329131999;-0,0130629055599221;-0,00155202417698105;-0,012525743883101;-0,00214899887924944;-2,48849197276628;0,0128286133163757;TRUE;100;"6";"Combined"
"hs_pb_c_Log2";"e3_bw";0;0,000567344139381755;0,000646650305739387;0,0030368121304241;-0,00538469826406383;0,00651938654282734;-0,00430030649639352;0,00661213507326483;0,186822271189533;0,851799984458297;FALSE;100;"6";"Combined"
"hs_hum_mt_hs_h_None";"e3_bw";0;-0,0143687414573049;-0,0149586575375228;0,00484226643528127;-0,0238594092740034;-0,00487807364060646;-0,0238182604874001;-0,0059970398325238;-2,96735870471991;0,00300370304459428;TRUE;100;"6";"Combined"
"hs_tm_mt_hs_h_None";"e3_bw";0;0,0119855109753086;0,0103248724561298;0,00459659007756358;0,00297635997158986;0,0209946619790274;0,00128363949000205;0,0186544496819901;2,60747875556951;0,00912117303067613;TRUE;100;"6";"Combined"
"hs_uvdvf_mt_hs_h_None";"e3_bw";0;-0,00861514905413464;-0,00957352480267583;0,00496863255227111;-0,0183534899089993;0,00112319180073006;-0,018985362177193;0,000415673179165946;-1,73390746115785;0,0829345038127251;FALSE;100;"6";"Combined"
"hs_hum_dy_hs_h_None";"e3_bw";0;-0,0084348223279575;-0,00968988251174746;0,00348212303337899;-0,0152596580631177;-0,00160998659279731;-0,0172167467949416;-0,00345006546749177;-2,42232174081813;0,0154216898401927;TRUE;100;"6";"Combined"
"hs_hum_wk_hs_h_None";"e3_bw";0;-0,0161294550376724;-0,0169840629498491;0,00416304820132826;-0,02428887957818;-0,00797003049716477;-0,0260689750202596;-0,0103228784317375;-3,87443389017839;0,000106872850271368;TRUE;100;"6";"Combined"
"hs_tm_dy_hs_h_None";"e3_bw";0;-0,00118005668491178;-0,000341804540666367;0,00390981905563085;-0,00884316122001664;0,00648304785019309;-0,00961815395193926;0,00683315525701776;-0,301818746116213;0,76279023957217;FALSE;100;"6";"Combined"
"hs_tm_wk_hs_h_None";"e3_bw";0;0,0063353876003799;0,0074857749775018;0,00436830986688068;-0,00222634241201719;0,014897117612777;2,25294974631846e-05;0,0163414100925152;1,45030636411878;0,146973105148458;FALSE;100;"6";"Combined"
"hs_uvdvf_dy_hs_h_None";"e3_bw";0;-0,00201251473459361;-0,00149279297773831;0,00467771402799179;-0,0111806657594353;0,00715563629024809;-0,0103105390384469;0,00637206816795767;-0,430234666452581;0,667024947043997;FALSE;100;"6";"Combined"
"hs_uvdvf_wk_hs_h_None";"e3_bw";0;-0,0133331760885918;-0,0136116320706296;0,00486083266447532;-0,0228602330458393;-0,00380611913134433;-0,0241111600229177;-0,00515164966737632;-2,74298191460804;0,00608840386301535;TRUE;100;"6";"Combined"
"hs_ndvi100_h_None";"e3_bw";0;0,00310083722234209;0,00373967831662577;0,00393119232944324;-0,00460415815966678;0,010805832604351;-0,00366187055531109;0,0109516609215611;0,788777796272626;0,43024188906595;FALSE;100;"6";"Combined"
"hs_ndvi100_s_None";"e3_bw";0;0,00213912500658702;0,00307257069907944;0,00433757432133601;-0,00636236444349732;0,0106406144566714;-0,00620389953888123;0,00969089963153233;0,493161580209686;0,621898422201921;FALSE;100;"6";"Combined"
"hs_dde_cadj_Log2";"e3_bw";0;-0,000464203200716127;-0,000618500478951371;0,00373329353939712;-0,00778132408165055;0,0068529176802183;-0,00812294278397645;0,00666904267923976;-0,124341468415872;0,901044914998324;FALSE;100;"6";"Combined"
"hs_ddt_cadj_Log2";"e3_bw";0;-0,00517070265128563;-0,00394827159238608;0,00327569983673252;-0,0115909563554451;0,00124955105287383;-0,00904762490596931;0,00289655715190672;-1,57850319290652;0,114450055194987;FALSE;100;"6";"Combined"
"hs_hcb_cadj_Log2";"e3_bw";0;-0,00169446726107182;-0,00530280386779106;0,00482034835649482;-0,0111421764327385;0,00775324191059486;-0,0163216822798844;0,0019287023686806;-0,351523818561523;0,725195406586475;FALSE;100;"6";"Combined"
"hs_pcb118_cadj_Log2";"e3_bw";0;-0,002679262820575;-0,000568038265077546;0,00379746943524378;-0,0101221661460445;0,00476364050489447;-0,0081817133404103;0,00649851004856398;-0,705539008611665;0,480474865072382;FALSE;100;"6";"Combined"
"hs_pcb138_cadj_Log2";"e3_bw";0;-0,00591236574937752;-0,00603627070374899;0,0049876953499515;-0,0156880690011404;0,00386333750238532;-0,0154558851046283;0,00416313278940795;-1,18539031246867;0,235863160218195;FALSE;100;"6";"Combined"
"hs_pcb153_cadj_Log2";"e3_bw";0;0,00215755270653533;0,0025526408374734;0,00477020322473446;-0,00719187381288104;0,0115069792259517;-0,00751171221501531;0,011082637989861;0,452297859208176;0,651054417974166;FALSE;100;"6";"Combined"
"hs_pcb170_cadj_Log2";"e3_bw";0;-0,00558223179106789;-0,00837615165106035;0,00382598990738028;-0,013081034214747;0,0019165706326112;-0,0156415347379102;-0,000899822112029439;-1,45902940838914;0,144557013660969;FALSE;100;"6";"Combined"
"hs_pcb180_cadj_Log2";"e3_bw";0;-0,00205081391505175;-0,00186399208831134;0,00386464631121741;-0,00962538149802344;0,00552375366791994;-0,0105271965628951;0,00597000892633277;-0,530660182045409;0,595654283281598;FALSE;100;"6";"Combined"
"hs_sumPCBs5_cadj_Log2";"e3_bw";0;-0,0073327932063407;-0,00778045531801153;0,00404942841990999;-0,0152695270673372;0,000603940654655832;-0,0158519026001514;-0,000652322350990154;-1,81082178667173;0,0701684427017485;FALSE;100;"6";"Combined"
"hs_pfhxs_c_Log2";"e3_bw";0;0,00658531539133787;0,00550004389466565;0,00397566419849759;-0,0012068432523427;0,0143774740350184;-0,00298169313910595;0,0128488520615761;1,65640634181993;0,0976395576735322;FALSE;100;"6";"Combined"
"hs_pfna_c_Log2";"e3_bw";0;-0,00956803693620251;-0,00861054470195673;0,00415765360484179;-0,0177168882618855;-0,00141918561051947;-0,017066677189107;-0,000945584234055446;-2,30130690182079;0,0213742899180013;TRUE;100;"6";"Combined"
"hs_pfoa_c_Log2";"e3_bw";0;0,00454793135152035;0,00427892247253004;0,00313926440983329;-0,00160491382970129;0,010700776532742;-0,00110047714276807;0,0110018357183012;1,44872516544787;0,147414349707217;FALSE;100;"6";"Combined"
"hs_pfos_c_Log2";"e3_bw";0;0,00124336345794175;0,000330665786576738;0,00368997505214034;-0,00598885474810462;0,00847558166398813;-0,00683570528495432;0,00586969271197701;0,336957144797103;0,73614920627933;FALSE;100;"6";"Combined"
"hs_pfunda_c_Log2";"e3_bw";0;0,00346286154083227;0,00190318895269064;0,00338312210796546;-0,00316793594608126;0,0100936590277458;-0,00379439804967304;0,0101551303905455;1,02356977676894;0,306038526608778;FALSE;100;"6";"Combined"
"hs_hm_pers_None";"e3_bw";0;-0,00310445831389719;-0,00152093426393751;0,00294928996144547;-0,00888496041829584;0,00267604379050146;-0,0069966304205095;0,00370588286032504;-1,05261210477103;0,292518807069304;FALSE;100;"6";"Combined"
"hs_trafload_h_pow1over3";"e3_bw";0;-0,00158538086861867;-0,00240683576593975;0,00319453513978929;-0,0078465546899533;0,00467579295271596;-0,00933402412183408;0,00353735850969847;-0,496279051331156;0,619697544180763;FALSE;100;"6";"Combined"
"hs_trafnear_h_pow1over3";"e3_bw";0;-0,0104616269944617;-0,00950815577719496;0,00337305068049778;-0,0170726848462657;-0,00385056914265777;-0,0158320196447727;-0,00271316969982107;-3,10153270300637;0,0019252160563892;TRUE;100;"6";"Combined"
"FAS_cat_None_Low";"e3_bw";0;0,0187845111033877;0,0209903007571165;0,0102790828542628;-0,00136212108507049;0,038931143291846;0,000129658329177635;0,0400255654498686;1,82745011103765;0,0676321207537211;FALSE;100;"6";"Combined"
"FAS_cat_None_Middle";"e3_bw";0;0,0188067618427943;0,0161836364486997;0,00602004457547553;0,00700769128953659;0,0306058323960521;0,00452794248910271;0,029009006888446;3,12402368570648;0,00178396095632948;TRUE;100;"6";"Combined"
"hs_globalexp2_None_no exposure";"e3_bw";0;0,0293279887320055;0,0293221443277398;0,00678540362022824;0,0160288420157904;0,0426271354482205;0,0168935287966115;0,0423300046479896;4,32221727305574;1,54468958972416e-05;TRUE;100;"6";"Combined"
"h_abs_ratio_preg_Log";"hs_asthma";0;-0,0511718931058373;-0,0523769569846112;0,0756692778582298;-0,199480952444122;0,0971371662324472;-0,193005897274574;0,0957129544508081;-0,67625718857408;0,498877368852232;FALSE;100;"6";"Combined"
"h_no2_ratio_preg_Log";"hs_asthma";0;-0,0338454263993057;-0,0372920531099507;0,0742610369315243;-0,179394384239692;0,111703531441081;-0,169715722065918;0,109478408431772;-0,455762911451323;0,648560477037708;FALSE;100;"6";"Combined"
"h_pm10_ratio_preg_None";"hs_asthma";0;-0,0171018049042146;-0,0255491763547623;0,0724972769285973;-0,159193856661492;0,124990246853063;-0,15612782851268;0,11898431520249;-0,235895824350178;0,813513508514169;FALSE;100;"6";"Combined"
"h_pm25_ratio_preg_None";"hs_asthma";0;-0,035472089693747;-0,0394222011717351;0,07836101476774;-0,189056856430529;0,118112677043035;-0,191404919169577;0,0784657228975799;-0,452675221203877;0,650782624759858;FALSE;100;"6";"Combined"
"h_accesslines300_preg_dic0";"hs_asthma";0;-0,354726180721636;-0,321400354234908;0,168703477573745;-0,685378920832837;-0,0240734406104341;-0,674561870439338;-0,017898073093418;-2,10266075023008;0,0354954353685767;TRUE;100;"6";"Combined"
"h_accesspoints300_preg_Log";"hs_asthma";0;0,118983901822703;0,107922222689807;0,0793459019787046;-0,0365312083764028;0,27449901202181;-0,0514875457262816;0,265987098167939;1,49955950913051;0,133728542874865;FALSE;100;"6";"Combined"
"h_builtdens300_preg_Sqrt";"hs_asthma";0;0,0584454200435721;0,0553499958835172;0,0740725511037341;-0,0867341123627493;0,203624952449894;-0,0938384637852453;0,204925191522274;0,789029393111125;0,430094827375059;FALSE;100;"6";"Combined"
"h_connind300_preg_Sqrt";"hs_asthma";0;0,085145264872776;0,0790938597990632;0,0804016940913561;-0,0724391598422888;0,242729689587841;-0,0683800151379313;0,23641735309382;1,05899839344218;0,289600511381517;FALSE;100;"6";"Combined"
"h_fdensity300_preg_Log";"hs_asthma";0;-0,0318105359395227;-0,0304564963302585;0,0714394366184827;-0,171829258787581;0,108208186908535;-0,171832829273642;0,095678368050536;-0,445279770463542;0,656117585246743;FALSE;100;"6";"Combined"
"h_frichness300_preg_None";"hs_asthma";0;0,0356200166257453;0,0352754942272611;0,0640832134503887;-0,0899807737506092;0,1612208070021;-0,105126665468346;0,142481809551187;0,555840050894471;0,578320203354856;FALSE;100;"6";"Combined"
"h_landuseshan300_preg_None";"hs_asthma";0;-0,0799220487695678;-0,0803769695442829;0,0792554841191665;-0,23525994322042;0,0754158456812848;-0,226521735378847;0,0572529427452118;-1,0084103284184;0,313257516606067;FALSE;100;"6";"Combined"
"h_popdens_preg_Sqrt";"hs_asthma";0;-0,108723750935192;-0,0957544246143664;0,0692499342777793;-0,244451128051405;0,0270036261810215;-0,213020884028549;0,0250702226896034;-1,57001955408467;0,116410562185817;FALSE;100;"6";"Combined"
"h_walkability_mean_preg_None";"hs_asthma";0;0,100762668531303;0,0966546043030275;0,0687165847437749;-0,0339193627070902;0,235444699769696;-0,03264491914385;0,236829981675275;1,46635152062663;0,142552546362958;FALSE;100;"6";"Combined"
"hs_as_m_Log2";"hs_asthma";0;0,00540349112128727;0,00419362819714839;0,0609650700867082;-0,114085850563621;0,124892832806196;-0,0924040176117917;0,130138408129001;0,0886325745808559;0,929373919182024;FALSE;100;"6";"Combined"
"hs_cd_m_Log2";"hs_asthma";0;-0,212936516223405;-0,207013978809964;0,0664318835615722;-0,343140615429245;-0,0827324170175652;-0,351051382780468;-0,0818281555137146;-3,20533612487512;0,00134904841136636;TRUE;100;"6";"Combined"
"hs_co_m_Log2";"hs_asthma";0;0,0705228503788629;0,0699063212408053;0,0772100925631247;-0,0808061502878654;0,221851851045591;-0,0717231474338883;0,202759471796294;0,913389014800177;0,361037981008397;FALSE;100;"6";"Combined"
"hs_cs_m_Log2";"hs_asthma";0;-0,0313704963071797;-0,028129228397579;0,0813466782333349;-0,190807055906485;0,128066063292125;-0,202736898106045;0,117380958039159;-0,385639549007724;0,699763638779665;FALSE;100;"6";"Combined"
"hs_cu_m_Log2";"hs_asthma";0;-0,00223424283661637;-0,000546576516520018;0,0678985525900425;-0,135312960515498;0,130844474842266;-0,115949744276038;0,129052738077244;-0,0329056033065428;0,973749864424676;FALSE;100;"6";"Combined"
"hs_hg_m_Log2";"hs_asthma";0;-0,0231044511335156;-0,0227673551654907;0,0704044684655654;-0,16109467367671;0,114885771409678;-0,13993480054071;0,114306729350438;-0,328167396715962;0,742785097658974;FALSE;100;"6";"Combined"
"hs_mn_m_Log2";"hs_asthma";0;0,0611419864915499;0,0652523324184714;0,0658134740440045;-0,0678500523321606;0,19013402531526;-0,0685982101656555;0,198580495471325;0,929019283356306;0,35287909296445;FALSE;100;"6";"Combined"
"hs_mo_m_Log2";"hs_asthma";0;0,0931108690748506;0,0943244020472267;0,0723145712087613;-0,0486230860517786;0,23484482420148;-0,0715599671634335;0,211823284501044;1,2875810160867;0,197891851149795;FALSE;100;"6";"Combined"
"hs_pb_m_Log2";"hs_asthma";0;-0,0359797857625155;-0,0395054366563427;0,0699447795323887;-0,173069034552592;0,101109463027561;-0,156598220039355;0,0964434280005682;-0,514402733171167;0,606970448745935;FALSE;100;"6";"Combined"
"h_humidity_preg_None";"hs_asthma";0;-0,133230096768956;-0,138021393919886;0,0713815149753259;-0,273135295282501;0,00667510174458949;-0,25609102009023;-0,00582522714913487;-1,86645095463453;0,0619782998205739;FALSE;100;"6";"Combined"
"h_pressure_preg_None";"hs_asthma";0;0,0274107186501939;0,0295223776034665;0,066704004274843;-0,103326727353104;0,158148164653492;-0,0828418346147954;0,148370799224159;0,41093063224889;0,681123400180847;FALSE;100;"6";"Combined"
"h_temperature_preg_None";"hs_asthma";0;0,0500433104804942;0,0539758062829518;0,0750278881017752;-0,0970086480350863;0,197095268996075;-0,0941106810506808;0,199028166485005;0,666996122996433;0,504774609876631;FALSE;100;"6";"Combined"
"h_ndvi100_preg_None";"hs_asthma";0;0,218724399336935;0,206798449258297;0,0630176082653978;0,0952121567449019;0,342236641928969;0,0717706472110576;0,309058830308999;3,47084577402208;0,000518821891260026;TRUE;100;"6";"Combined"
"hs_dde_madj_Log2";"hs_asthma";0;-0,0854747907930938;-0,0908484712074506;0,0690660791167864;-0,220841818415389;0,0498922368292015;-0,20220684813794;0,047679970682721;-1,23757989285249;0,215871873810592;FALSE;100;"6";"Combined"
"hs_ddt_madj_Log2";"hs_asthma";0;-0,118751181717925;-0,114577642151035;0,0776023020214724;-0,270848898797411;0,0333465353615605;-0,260235920217046;0,0225268516749398;-1,53025333816859;0,125954033403163;FALSE;100;"6";"Combined"
"hs_hcb_madj_Log2";"hs_asthma";0;0,0897187490681561;0,0878368869388194;0,0622808970763862;-0,0323495661264068;0,211787064262719;-0,0679093720750583;0,186485630017726;1,44055004471304;0,149711842078252;FALSE;100;"6";"Combined"
"hs_pcb118_madj_Log2";"hs_asthma";0;0,18905814964743;0,174557523851989;0,0725094197068282;0,0469422984821476;0,331174000812712;0,012018855605618;0,304332143598662;2,60735984940762;0,00912434142699812;TRUE;100;"6";"Combined"
"hs_pcb138_madj_Log2";"hs_asthma";0;0,0311650862548923;0,0303130242628994;0,0641663901046666;-0,0945987273682015;0,156928899877986;-0,101325690235765;0,141477320164613;0,485691749279593;0,627185734343462;FALSE;100;"6";"Combined"
"hs_pcb153_madj_Log2";"hs_asthma";0;0,151354229594784;0,139087933176162;0,0580761482788915;0,0375270706073488;0,265181388582219;0,0467313329371149;0,233343902930979;2,60613408568274;0,00915706067443425;TRUE;100;"6";"Combined"
"hs_pcb170_madj_Log2";"hs_asthma";0;-0,0894194088023754;-0,0831058240038064;0,0628323236770017;-0,212568500274262;0,0337296826695113;-0,204242086069405;0,027851867806688;-1,4231434327027;0,154694579874399;FALSE;100;"6";"Combined"
"hs_pcb180_madj_Log2";"hs_asthma";0;0,0155701426723209;0,0168792582125115;0,0697548882419467;-0,121146926027511;0,152287211372153;-0,118298461190296;0,139438706904518;0,223212208703072;0,823370350464371;FALSE;100;"6";"Combined"
"hs_sumPCBs5_madj_Log2";"hs_asthma";0;-0,0255663747566713;-0,0203100922782554;0,0594842443304434;-0,142153351291921;0,0910206017785785;-0,117389484803142;0,0911015438615359;-0,429800782449997;0,667340563661893;FALSE;100;"6";"Combined"
"hs_pfhxs_m_Log2";"hs_asthma";0;0,0459730169910224;0,0482557810310904;0,0701521306134394;-0,0915226324500686;0,183468666432113;-0,0790091126395886;0,208432301483945;0,655333153662123;0,512253279558324;FALSE;100;"6";"Combined"
"hs_pfna_m_Log2";"hs_asthma";0;0,0726229250382453;0,0718615134680684;0,0661871003837537;-0,057101407955049;0,20234725803154;-0,0600317283155176;0,182832610627805;1,09723684248406;0,272537871614027;FALSE;100;"6";"Combined"
"hs_pfoa_m_Log2";"hs_asthma";0;0,0250798400734241;0,0240527074170213;0,0626708722077904;-0,0977528123335574;0,147912492480405;-0,0902707518242037;0,14970432426874;0,400183357753021;0,689021471361632;FALSE;100;"6";"Combined"
"hs_pfos_m_Log2";"hs_asthma";0;-0,0246170207179443;-0,0226431852626108;0,0632894033176512;-0,14866197182357;0,0994279303876819;-0,130011535145595;0,10222586816253;-0,388959595564376;0,697306035536691;FALSE;100;"6";"Combined"
"hs_pfunda_m_Log2";"hs_asthma";0;-0,0199957891131033;-0,020522774995015;0,0642743032800218;-0,145971108673351;0,105979530447144;-0,181786679641548;0,0989957385323569;-0,311100830233636;0,755723970013155;FALSE;100;"6";"Combined"
"e3_asmokcigd_p_None";"hs_asthma";0;0,0153277425977317;0,0242709314181935;0,0687877316621426;-0,119493734038273;0,150149219233737;-0,108045932584069;0,146774096920752;0,222826690564756;0,823670394139348;FALSE;100;"6";"Combined"
"h_distinvnear1_preg_Log";"hs_asthma";0;-0,0396357849709029;-0,0358673939249299;0,0780734438243324;-0,192656923015606;0,1133853530738;-0,174913526505741;0,101347623239316;-0,507673070757383;0,611682636848873;FALSE;100;"6";"Combined"
"h_trafload_preg_pow1over3";"hs_asthma";0;-0,0261098520665282;-0,0287810040218925;0,067593681770799;-0,158591033919756;0,106371329786699;-0,135657805011176;0,10245272783758;-0,386276518492707;0,699291889064144;FALSE;100;"6";"Combined"
"h_trafnear_preg_pow1over3";"hs_asthma";0;-0,118058691359634;-0,113243582415631;0,066631720138021;-0,248654463058107;0,0125370803388397;-0,240800375564259;-0,0022521681148835;-1,77180914908225;0,0764262433308085;FALSE;100;"6";"Combined"
"h_bro_preg_Log";"hs_asthma";0;0,0148914854551442;0,00734731458616868;0,0658819991832258;-0,114234860173476;0,144017831083764;-0,131077483262191;0,129149925503848;0,226032689350079;0,821175995751275;FALSE;100;"6";"Combined"
"h_clf_preg_Log";"hs_asthma";0;-0,0360439906393838;-0,0406517060209734;0,0675978626547508;-0,168533366874581;0,0964453855958129;-0,16084367134581;0,0822340675569844;-0,533211986649265;0,593886844910127;FALSE;100;"6";"Combined"
"h_thm_preg_Log";"hs_asthma";0;0,00528216696536029;0,00302892108932398;0,0743081614483509;-0,140359153230795;0,150923487161516;-0,15423005131935;0,151261316068555;0,0710846138890375;0,943330413528943;FALSE;100;"6";"Combined"
"e3_alcpreg_yn_None_1";"hs_asthma";0;-0,208158413311295;-0,214815487397376;0,144131544700518;-0,490651049960435;0,0743342233378461;-0,476687596435284;0,0327082596146704;-1,44422523011055;0,14867563004639;FALSE;100;"6";"Combined"
"h_pamod_t3_None_Often";"hs_asthma";0;-0,281452624706345;-0,275239104697448;0,149338479844047;-0,574150666706637;0,0112454172939466;-0,581680151186843;0,0535088419335205;-1,88466244601033;0,0594754255992938;FALSE;100;"6";"Combined"
"h_pamod_t3_None_Sometimes";"hs_asthma";0;-0,0307958981210948;-0,0369609077850801;0,182076241787721;-0,387658774465434;0,326066978223245;-0,31838128568471;0,347857812706349;-0,169137377939727;0,865688585103439;FALSE;100;"6";"Combined"
"h_pamod_t3_None_Very Often";"hs_asthma";0;-0,264784137356675;-0,264997143551532;0,127332545511899;-0,514351340619803;-0,015216934093546;-0,465612327009379;-0,0106303264883726;-2,07946944194194;0,0375742236564048;TRUE;100;"6";"Combined"
"h_pavig_t3_None_Low";"hs_asthma";0;-0,393884187958601;-0,388336736018457;0,153541372201949;-0,694819747611281;-0,0929486283059217;-0,684469359048786;-0,0904781227064919;-2,56532934615522;0,0103077912685637;TRUE;100;"6";"Combined"
"h_pavig_t3_None_Medium";"hs_asthma";0;-0,365643519974326;-0,348835774013691;0,145490495746773;-0,650799651730878;-0,0804873882177735;-0,629606221519557;-0,0227145790234212;-2,51317804711265;0,0119648932227275;TRUE;100;"6";"Combined"
"hs_no2_dy_hs_h_Log";"hs_asthma";0;-0,0577095212212397;-0,0561741414072041;0,0633273494152983;-0,181828845311608;0,0664098028691286;-0,170282236177238;0,0534684879022291;-0,911289067899919;0,362143084968611;FALSE;100;"6";"Combined"
"hs_no2_wk_hs_h_Log";"hs_asthma";0;-0,0033184482489153;-0,00444057158334825;0,0550211410393285;-0,111157903074298;0,104521006576467;-0,115680094927573;0,102178052333574;-0,0603122397360555;0,951906953793534;FALSE;100;"6";"Combined"
"hs_no2_yr_hs_h_Log";"hs_asthma";0;-0,0579690369876375;-0,0561769229350106;0,0370890474969727;-0,130662234302599;0,0147241603273244;-0,138539673506521;0,00209438950524959;-1,56296914857059;0,118059851567147;FALSE;100;"6";"Combined"
"hs_pm10_dy_hs_h_None";"hs_asthma";0;0,0658638472878074;0,0644991588411445;0,0701627911597907;-0,0716526964401877;0,203380391015803;-0,0752572343702763;0,178385603598061;0,938729007199945;0,347869896444956;FALSE;100;"6";"Combined"
"hs_pm10_wk_hs_h_None";"hs_asthma";0;-0,00490518883164842;-0,00534651162338436;0,0669985064440763;-0,136219848480013;0,126409470816716;-0,13078963290716;0,128415662182362;-0,0732134056711068;0,941636298834832;FALSE;100;"6";"Combined"
"hs_pm10_yr_hs_h_None";"hs_asthma";0;0,0203388756602979;0,0155672580847114;0,0539766785071015;-0,0854534702187183;0,126131221539314;-0,0858974915206868;0,106513550112708;0,376808581462122;0,706315862947757;FALSE;100;"6";"Combined"
"hs_pm25_dy_hs_h_None";"hs_asthma";0;-0,102525781879815;-0,10044864347676;0,0731747839940216;-0,245945723084595;0,0408941593249656;-0,24436354742922;0,0430822242599592;-1,40110809057108;0,161181752599621;FALSE;100;"6";"Combined"
"hs_pm25_wk_hs_h_None";"hs_asthma";0;-0,0403729359668611;-0,0381279567986213;0,0665606679258799;-0,170829447888516;0,0900835759547938;-0,160405428997009;0,0818678443437813;-0,606558455991146;0,544143977549099;FALSE;100;"6";"Combined"
"hs_pm25_yr_hs_h_None";"hs_asthma";0;-0,130019165348008;-0,124809891355419;0,0602639402570574;-0,248134317818314;-0,0119040128777024;-0,262626039137727;-0,0178986489211674;-2,1574952582491;0,0309670961954271;TRUE;100;"6";"Combined"
"hs_pm25abs_dy_hs_h_Log";"hs_asthma";0;0,035084986602773;0,0326484704482272;0,0783119333999172;-0,118403582420764;0,18857355562631;-0,131903005082554;0,183337869745412;0,448015839726543;0,654141765089529;FALSE;100;"6";"Combined"
"hs_pm25abs_wk_hs_h_Log";"hs_asthma";0;-0,0467515123508655;-0,0446929860702707;0,0804527208238711;-0,204435947623908;0,110932922922177;-0,205399521597922;0,0971861169015852;-0,581105422813667;0,561169404065142;FALSE;100;"6";"Combined"
"hs_pm25abs_yr_hs_h_Log";"hs_asthma";0;-0,14678596396374;-0,139833174703275;0,0646190624035518;-0,273436998989448;-0,020134928938032;-0,267086904060126;-0,0327566809947917;-2,2715582446407;0,0231132052893861;TRUE;100;"6";"Combined"
"hs_accesslines300_h_dic0";"hs_asthma";0;0,142518129630957;0,130089482111754;0,205526423460612;-0,26030625822317;0,545342517485084;-0,322575296122974;0,466947050930888;0,693429716876623;0,488039918502245;FALSE;100;"6";"Combined"
"hs_accesspoints300_h_Log";"hs_asthma";0;-0,242518172599548;-0,235202368439055;0,0733105585813862;-0,386204227105578;-0,0988321180935169;-0,368212406602506;-0,0952005965404825;-3,30809336734646;0,000939334871863183;TRUE;100;"6";"Combined"
"hs_builtdens300_h_Sqrt";"hs_asthma";0;-0,0391985674891403;-0,0332945092310468;0,0787439778624599;-0,193533928098981;0,1151367931207;-0,179911296304219;0,118826200915485;-0,497797654540738;0,618626669274073;FALSE;100;"6";"Combined"
"hs_connind300_h_Log";"hs_asthma";0;0,0592643523270651;0,065581074132255;0,0638315806592267;-0,0658432468412827;0,184371951495413;-0,053818122925617;0,185850762263569;0,928448766504085;0,353174832142077;FALSE;100;"6";"Combined"
"hs_fdensity300_h_Log";"hs_asthma";0;0,0384101248177723;0,0358476823174298;0,0724294789780115;-0,103549045398131;0,180369295033676;-0,085104110114554;0,178330728695948;0,530310660241434;0,595896556768347;FALSE;100;"6";"Combined"
"hs_landuseshan300_h_None";"hs_asthma";0;0,0901693582184944;0,0858801020095483;0,082831295238325;-0,0721769972414267;0,252515713678415;-0,0642460997379277;0,24846021959641;1,08859046522279;0,276334523308187;FALSE;100;"6";"Combined"
"hs_popdens_h_Sqrt";"hs_asthma";0;0,0333794963295672;0,0351136581154457;0,0671338764155526;-0,0982004835874789;0,164959476246613;-0,0819275611921781;0,179886764242754;0,497207938998653;0,619042423552394;FALSE;100;"6";"Combined"
"hs_walkability_mean_h_None";"hs_asthma";0;0,159557842273469;0,156853668950549;0,0796562535880855;0,0034344540974324;0,315681230449506;-0,00261322803476473;0,317356900326254;2,0030799226206;0,0451687106299696;TRUE;100;"6";"Combined"
"hs_accesslines300_s_dic0";"hs_asthma";0;-0,144372960223284;-0,138135434542024;0,164459874134758;-0,466708390429399;0,177962469982832;-0,436693823142016;0,14943924818043;-0,877861308011126;0,380018988827168;FALSE;100;"6";"Combined"
"hs_accesspoints300_s_Log";"hs_asthma";0;-0,0237467054157987;-0,0199106084416091;0,062439019720032;-0,146124935297048;0,0986315244654502;-0,143660416890488;0,105847651046369;-0,380318357371331;0,703709110302754;FALSE;100;"6";"Combined"
"hs_builtdens300_s_Sqrt";"hs_asthma";0;-0,0749420212405667;-0,0709904217399775;0,0728793724602912;-0,217782966478618;0,0678989239974842;-0,220511200786756;0,0447009574520633;-1,02830223025589;0,303807682293888;FALSE;100;"6";"Combined"
"hs_connind300_s_Log";"hs_asthma";0;0,00664038966766935;0,00974440706901764;0,0589971368335717;-0,108991873717113;0,122272653052451;-0,109042477324927;0,126368618966226;0,112554439487489;0,910383807452377;FALSE;100;"6";"Combined"
"hs_fdensity300_s_Log";"hs_asthma";0;-0,050933080541536;-0,050535113815061;0,0717313511206617;-0,19152394530043;0,0896577842173578;-0,177483963047937;0,0812255409821171;-0,710053271628186;0,4776711019723;FALSE;100;"6";"Combined"
"hs_landuseshan300_s_None";"hs_asthma";0;-0,157266567742659;-0,162987510720194;0,0837756494104955;-0,321463823368684;0,00693068788336657;-0,322792447379725;-0,027509770839549;-1,87723483911252;0,0604859145303285;FALSE;100;"6";"Combined"
"hs_popdens_s_Sqrt";"hs_asthma";0;0,0358200157268675;0,0418270012940823;0,0618925761572059;-0,0854872044516585;0,157127235905394;-0,0759567156965744;0,16074361918926;0,578744947308146;0,562761282886475;FALSE;100;"6";"Combined"
"h_Absorbance_Log";"hs_asthma";0;0,122496601641731;0,118523576998307;0,0786419724648385;-0,0316388320625429;0,276632035346005;-0,0576526801273693;0,249219849172597;1,55764915098614;0,119316440516603;FALSE;100;"6";"Combined"
"h_Benzene_Log";"hs_asthma";0;0,19574235107224;0,18777913619317;0,0709061401564225;0,0567688700829025;0,334715832061577;0,0671933455135718;0,329429221031395;2,76058393025516;0,00576981304912747;TRUE;100;"6";"Combined"
"h_NO2_Log";"hs_asthma";0;-0,0113307230203533;-0,0105908970369292;0,0717685835734505;-0,151994562045769;0,129333116005063;-0,156999005580293;0,117053073359837;-0,157878593336833;0,874552466537056;FALSE;100;"6";"Combined"
"h_PM_Log";"hs_asthma";0;0,0663589758811395;0,0633802992742416;0,0797939480414971;-0,0900342884644552;0,222752240226734;-0,0949806624182345;0,21553831144726;0,831629183790095;0,40561828402849;FALSE;100;"6";"Combined"
"h_TEX_Log";"hs_asthma";0;-0,0529992664770385;-0,0428845531671755;0,0696142990358222;-0,189440785396251;0,0834422524421743;-0,181675513678466;0,102533617344742;-0,761327302164834;0,446461597155989;FALSE;100;"6";"Combined"
"hs_KIDMED_None";"hs_asthma";0;-0,140422093687702;-0,137661162974684;0,0667338268050373;-0,271217990776109;-0,00962619659929576;-0,268720257007968;-0,0207573258744209;-2,10421161816398;0,0353599915257142;TRUE;100;"6";"Combined"
"hs_mvpa_prd_alt_None";"hs_asthma";0;0,00842239247319794;0,00729424839979145;0,0777616422656536;-0,143987625746171;0,160832410692567;-0,150259187239109;0,143636506431495;0,108310372926859;0,91374949461795;FALSE;100;"6";"Combined"
"hs_sd_wk_None";"hs_asthma";0;-0,0427851102285591;-0,0443823558773037;0,0715704663470502;-0,183060646625514;0,0974904261683953;-0,206114539797387;0,0808435452958922;-0,597803988325172;0,549970729161716;FALSE;100;"6";"Combined"
"hs_dif_hours_total_None";"hs_asthma";0;-0,156287318358638;-0,157329322843669;0,0707882019861913;-0,29502964478192;-0,0175449919353564;-0,292785362867029;-0,0302830930425876;-2,20781590679652;0,0272571087581121;TRUE;100;"6";"Combined"
"hs_as_c_Log2";"hs_asthma";0;-0,0923286424928187;-0,0853357031532623;0,071322862743322;-0,232118884744023;0,047461599758386;-0,198501676723472;0,0533370123736394;-1,29451677823271;0,195486977651621;FALSE;100;"6";"Combined"
"hs_cd_c_Log2";"hs_asthma";0;0,0513565679176051;0,0511736404780071;0,0865277126153274;-0,118234632473069;0,220947768308279;-0,107276012155717;0,22869768223382;0,593527395620855;0,552828254382486;FALSE;100;"6";"Combined"
"hs_co_c_Log2";"hs_asthma";0;-0,158432320968373;-0,15139366992428;0,0847763459750279;-0,324590905820335;0,00772626388358891;-0,29114359421877;-0,00797430096746067;-1,86882696047128;0,0616468926533878;FALSE;100;"6";"Combined"
"hs_cs_c_Log2";"hs_asthma";0;-0,061136724307831;-0,0541988283729554;0,07417853347;-0,20652397833503;0,0842505297193679;-0,182258807507516;0,0816831611773052;-0,824183513045004;0,409835293476785;FALSE;100;"6";"Combined"
"hs_cu_c_Log2";"hs_asthma";0;-0,106667035789411;-0,11464716480697;0,0663685736388227;-0,236747049826797;0,0234129782479763;-0,238789841477355;0,00541304639989283;-1,60719192746091;0,108012272330865;FALSE;100;"6";"Combined"
"hs_hg_c_Log2";"hs_asthma";0;0,0555165481483486;0,0573163405827749;0,0695037441562257;-0,08070828718854;0,191741383485237;-0,086158942761798;0,186074811462375;0,798756222737617;0,424431779150721;FALSE;100;"6";"Combined"
"hs_mn_c_Log2";"hs_asthma";0;0,147957450884718;0,140830069619842;0,0633284672605284;0,023835935857958;0,272078965911477;0,0147413156586548;0,26540353357475;2,33634978525585;0,0194730187723971;TRUE;100;"6";"Combined"
"hs_mo_c_Log2";"hs_asthma";0;0,0353662849497371;0,0420712320819049;0,062777915796307;-0,0876761690355127;0,158408738934987;-0,0866091131859466;0,145698730020292;0,563355512860425;0,573192823977711;FALSE;100;"6";"Combined"
"hs_pb_c_Log2";"hs_asthma";0;-0,0490312470486364;-0,0537895957334388;0,0662257566697809;-0,17883134497032;0,0807688508730474;-0,19758240512157;0,0840456209933725;-0,740365222146409;0,459078415307494;FALSE;100;"6";"Combined"
"hs_hum_mt_hs_h_None";"hs_asthma";0;-0,034145287301595;-0,020416101954645;0,0675099054705282;-0,166462270623534;0,0981716960203437;-0,145621566729834;0,0968684422494805;-0,505781885837499;0,613009776173908;FALSE;100;"6";"Combined"
"hs_tm_mt_hs_h_None";"hs_asthma";0;-0,0476137838577818;-0,0503586727692247;0,0609873910514186;-0,167146873829623;0,0719193061140589;-0,174798435810984;0,0783937653882517;-0,780715210749687;0,434970012368468;FALSE;100;"6";"Combined"
"hs_uvdvf_mt_hs_h_None";"hs_asthma";0;-0,00635726496782483;-0,00437402667929881;0,0564297101730536;-0,116957464565043;0,104242934629394;-0,0977416342347284;0,0985862413433905;-0,112658118362277;0,910301606495759;FALSE;100;"6";"Combined"
"hs_hum_dy_hs_h_None";"hs_asthma";0;0,110958084807936;0,119818867181567;0,0738652804760618;-0,0338152046330952;0,255731374248966;-0,0216332399693982;0,288876209728187;1,50216832716008;0,133053642364687;FALSE;100;"6";"Combined"
"hs_hum_wk_hs_h_None";"hs_asthma";0;0,181629298865959;0,185034395708985;0,0565530664143438;0,0707873254785434;0,292471272253374;0,0718596619273478;0,295370576166544;3,21166137190912;0,00131969829820611;TRUE;100;"6";"Combined"
"hs_tm_dy_hs_h_None";"hs_asthma";0;0,0560930154155057;0,0554741389951861;0,0635749171947449;-0,0685115326063104;0,180697563437322;-0,0552583215755701;0,179613653842044;0,882313621324581;0,377607232387378;FALSE;100;"6";"Combined"
"hs_tm_wk_hs_h_None";"hs_asthma";0;0,0442919176240828;0,0340603174061001;0,0515194665113103;-0,0566843812408028;0,145268216488968;-0,0512365136076891;0,126805237398179;0,859712272338053;0,389947668113925;FALSE;100;"6";"Combined"
"hs_uvdvf_dy_hs_h_None";"hs_asthma";0;-0,10949994934127;-0,100250571469313;0,053218919708616;-0,213807115266286;-0,00519278341625361;-0,214552279819617;-0,0119678007803566;-2,05753799477335;0,0396345040522577;TRUE;100;"6";"Combined"
"hs_uvdvf_wk_hs_h_None";"hs_asthma";0;0,00028891644490619;0,00286643262926971;0,0671578552034184;-0,13133806103275;0,131915893922562;-0,140894284793774;0,134985519376858;0,00430204990959097;0,996567471385334;FALSE;100;"6";"Combined"
"hs_ndvi100_h_None";"hs_asthma";0;-0,235119324706331;-0,217377585309374;0,0736919282660259;-0,379552850059051;-0,0906857993536105;-0,357229131513968;-0,0867049808001165;-3,19057093821125;0,00141991977837875;TRUE;100;"6";"Combined"
"hs_ndvi100_s_None";"hs_asthma";0;-0,0758694088036367;-0,0694583531138043;0,067462014714171;-0,208092527967923;0,0563537103606497;-0,198203055137107;0,0732298877301763;-1,12462411810686;0,260748349141455;FALSE;100;"6";"Combined"
"hs_dde_cadj_Log2";"hs_asthma";0;0,160285448703087;0,151364617665367;0,0871893971869621;-0,0106026296171162;0,331173527023291;-0,0225117625750348;0,29925543272253;1,83835940922248;0,0660094621976842;FALSE;100;"6";"Combined"
"hs_ddt_cadj_Log2";"hs_asthma";0;0,0172288781800104;0,02231233841912;0,0683899287380611;-0,11681291905185;0,151270675411871;-0,0988500820210022;0,158776755137969;0,251921276976298;0,801101913217731;FALSE;100;"6";"Combined"
"hs_hcb_cadj_Log2";"hs_asthma";0;0,0210098451949546;0,0202147173453367;0,0549041175783029;-0,0866002478614717;0,128619938251381;-0,0783524006697204;0,123789253464875;0,38266429043306;0,701968694845609;FALSE;100;"6";"Combined"
"hs_pcb118_cadj_Log2";"hs_asthma";0;-0,0214882023193946;-0,00862483778674294;0,0625212690134893;-0,144027637853574;0,101051233214784;-0,121775532994349;0,0986025094570586;-0,343694276499064;0,731076215954631;FALSE;100;"6";"Combined"
"hs_pcb138_cadj_Log2";"hs_asthma";0;0,171145631772124;0,164220155271362;0,0445033431957914;0,0839206819167471;0,258370581627501;0,0782431082338934;0,239774639388679;3,84568033505197;0,000120218409094722;TRUE;100;"6";"Combined"
"hs_pcb153_cadj_Log2";"hs_asthma";0;-0,0560899376747136;-0,0474596984674034;0,0537422970535735;-0,161422904346171;0,0492430289967435;-0,159713102622521;0,0435833037278702;-1,0436832950925;0,296631941058901;FALSE;100;"6";"Combined"
"hs_pcb170_cadj_Log2";"hs_asthma";0;0,126658374474076;0,120410408336299;0,0615853549940466;0,00595329671063094;0,247363452237522;0,0188851383675084;0,233004487938227;2,05663139371885;0,0397216960484592;TRUE;100;"6";"Combined"
"hs_pcb180_cadj_Log2";"hs_asthma";0;-0,137636994877123;-0,130049606212433;0,0828634207379424;-0,300046315159279;0,0247723254050335;-0,290227245486093;0,0524097775797751;-1,66101029442658;0,0967113792067751;FALSE;100;"6";"Combined"
"hs_sumPCBs5_cadj_Log2";"hs_asthma";0;-0,0349594016491114;-0,0276614003808484;0,0540644515080239;-0,14092377944875;0,0710049761505276;-0,120878066341265;0,0700412186597253;-0,646624550402088;0,517874964952184;FALSE;100;"6";"Combined"
"hs_pfhxs_c_Log2";"hs_asthma";0;-0,0307005838089632;-0,0257881739730714;0,0720278933461114;-0,171872660649634;0,110471493031707;-0,162864838941831;0,0842330358110558;-0,426231871886624;0,669938895427815;FALSE;100;"6";"Combined"
"hs_pfna_c_Log2";"hs_asthma";0;0,0462689056002199;0,0478446875746603;0,0667424106606831;-0,0845438155361011;0,177081626736541;-0,0622727696613606;0,175639594593827;0,693245945751795;0,488155218922136;FALSE;100;"6";"Combined"
"hs_pfoa_c_Log2";"hs_asthma";0;-0,0704583111397399;-0,0730359141163437;0,0657565448978777;-0,199338770887371;0,0584221486078915;-0,182607080460222;0,0509858344691576;-1,07150263520026;0,283943486450201;FALSE;100;"6";"Combined"
"hs_pfos_c_Log2";"hs_asthma";0;-0,0353098057537337;-0,031662581285422;0,0731724752996449;-0,178725222000684;0,108105610493217;-0,173876182089482;0,104481404433243;-0,482555846431849;0,629411136247099;FALSE;100;"6";"Combined"
"hs_pfunda_c_Log2";"hs_asthma";0;0,0515115907987278;0,0528449189004899;0,0652415921075385;-0,0763595800261003;0,179382761623556;-0,0680037044629676;0,177074679001939;0,789551406314864;0,429789796848824;FALSE;100;"6";"Combined"
"hs_hm_pers_None";"hs_asthma";0;-0,0554624025093327;-0,0546641763158098;0,0702056082098255;-0,19306286611332;0,0821380610946549;-0,190657095517425;0,0730847803090553;-0,789999601507198;0,429528001050119;FALSE;100;"6";"Combined"
"hs_trafload_h_pow1over3";"hs_asthma";0;0,0130623254569064;0,0123974963773014;0,0674634433211967;-0,119163593725698;0,145288244639511;-0,107397218967425;0,150167397940552;0,193620793927106;0,846472815101438;FALSE;100;"6";"Combined"
"hs_trafnear_h_pow1over3";"hs_asthma";0;0,00036418417619998;-0,00111638148446668;0,0757589517643346;-0,148120632788403;0,148849001140803;-0,13042765321041;0,155819442557816;0,00480714381229637;0,996164468942928;FALSE;100;"6";"Combined"
"FAS_cat_None_Low";"hs_asthma";0;0,00604756069550739;-3,69104479437992e-06;0,232345090310559;-0,449340448297894;0,461435569688909;-0,487276632275466;0,386314640350637;0,0260283558711055;0,979234721394423;FALSE;100;"6";"Combined"
"FAS_cat_None_Middle";"hs_asthma";0;-0,174016800601235;-0,166529680525419;0,150516004678798;-0,469022748868541;0,120989147666072;-0,471453939590785;0,0967250319164861;-1,15613486401388;0,247625997449471;FALSE;100;"6";"Combined"
"hs_globalexp2_None_no exposure";"hs_asthma";0;-0,0428425087164349;-0,0448492931529723;0,150791186736729;-0,338387803906477;0,252702786473607;-0,318896496437703;0,23216313597776;-0,284118121513527;0,776319860016142;FALSE;100;"6";"Combined"
"h_abs_ratio_preg_Log";"hs_zbmi_who";0;-0,00737042047522842;-0,0064829023378698;0,00641508563014623;-0,0199437572680555;0,00520291631759862;-0,017784701621238;0,00667343187177992;-1,14892004567995;0,250588951039563;FALSE;100;"6";"Combined"
"h_no2_ratio_preg_Log";"hs_zbmi_who";0;-0,00637677986725377;-0,00740084499108198;0,00518787982201616;-0,0165448374745275;0,00379127774001997;-0,0170562003853384;0,00093059195277049;-1,22916877144921;0,219008534843748;FALSE;100;"6";"Combined"
"h_pm10_ratio_preg_None";"hs_zbmi_who";0;-0,000370280708361087;0,000170080673760513;0,00493145811860308;-0,0100357610120908;0,00929519959536861;-0,00822117690851989;0,00962029276575651;-0,0750854411526412;0,940146731400429;FALSE;100;"6";"Combined"
"h_pm25_ratio_preg_None";"hs_zbmi_who";0;-0,00438571355308424;-0,00316304994849026;0,00502962786587092;-0,0142436030258303;0,00547217591966181;-0,0139947339471493;0,00596761616758662;-0,871975754477577;0,383221604537472;FALSE;100;"6";"Combined"
"h_accesslines300_preg_dic0";"hs_zbmi_who";0;0,00409499920409699;0,00385499467394136;0,0142076287067787;-0,0237514413669066;0,0319414397751006;-0,0243784725705623;0,0344393214840656;0,288225381491227;0,773174221169438;FALSE;100;"6";"Combined"
"h_accesspoints300_preg_Log";"hs_zbmi_who";0;-0,00207935278165777;-0,000866056694453249;0,00469596247160048;-0,0112832700987464;0,00712456453543086;-0,0100203961372633;0,00702153100738837;-0,442795868628202;0,657913391869265;FALSE;100;"6";"Combined"
"h_builtdens300_preg_Sqrt";"hs_zbmi_who";0;-0,00282798473781797;-0,00311689452485723;0,00433978528586962;-0,0113338075987593;0,00567783812312334;-0,0120858633866415;0,00436021079571596;-0,65164162545689;0,514632388344456;FALSE;100;"6";"Combined"
"h_connind300_preg_Sqrt";"hs_zbmi_who";0;-0,00183419107848553;-0,000429597080204197;0,00423153723968751;-0,0101278516675131;0,00645946951054202;-0,00781864258471958;0,00833838925768464;-0,433457387845412;0,664682516801982;FALSE;100;"6";"Combined"
"h_fdensity300_preg_Log";"hs_zbmi_who";0;-0,00605204425787119;-0,00504412915976347;0,00546525693491469;-0,0167637510165618;0,00465966250081937;-0,0153078745716084;0,00478003836284603;-1,10736683196133;0,268135360102172;FALSE;100;"6";"Combined"
"h_frichness300_preg_None";"hs_zbmi_who";0;0,000850803279475757;0,00170743370686531;0,00452651041636732;-0,00802099411224959;0,00972260067120111;-0,00688222382724698;0,00902028214802477;0,187960084306744;0,850907941537078;FALSE;100;"6";"Combined"
"h_landuseshan300_preg_None";"hs_zbmi_who";0;0,00825845507618731;0,00726962588993393;0,00419067133674491;4,48901851229661e-05;0,0164720199672517;-0,00222994963051429;0,0134410143336214;1,97067591623686;0,0487609569952613;TRUE;100;"6";"Combined"
"h_popdens_preg_Sqrt";"hs_zbmi_who";0;0,0102914623480729;0,00993943757492298;0,00429405091186098;0,00187527721304399;0,0187076474831018;0,00189142995203707;0,0170494265109446;2,39667916364147;0,0165444030108906;TRUE;100;"6";"Combined"
"h_walkability_mean_preg_None";"hs_zbmi_who";0;-0,0110320430375337;-0,0109247126524463;0,00409990775221015;-0,0190677145718021;-0,00299637150326521;-0,018189848827287;-0,00334774814436745;-2,69080274588778;0,00712803270187305;TRUE;100;"6";"Combined"
"hs_as_m_Log2";"hs_zbmi_who";0;0,010007143301238;0,00950834220951386;0,00426885802707822;0,00164033531305;0,018373951289426;0,00185565693634555;0,0173186983564618;2,34422021949681;0,0190669097008457;TRUE;100;"6";"Combined"
"hs_cd_m_Log2";"hs_zbmi_who";0;0,00151353983625581;0,000954455221633555;0,00349612964835136;-0,00533874835979552;0,00836582803230715;-0,00663141948706382;0,00747643672717479;0,432918681081962;0,665073847933661;FALSE;100;"6";"Combined"
"hs_co_m_Log2";"hs_zbmi_who";0;0,00224905726148977;0,00293699377489619;0,00403194868370823;-0,00565341694609205;0,0101515314690716;-0,00523062491459482;0,0105120032506834;0,557808999548397;0,576974816653482;FALSE;100;"6";"Combined"
"hs_cs_m_Log2";"hs_zbmi_who";0;-0,00363108713700985;-0,00398753850094142;0,00452837860791269;-0,0125065461168803;0,00524437184286064;-0,0131211938084699;0,0041186629958695;-0,801851490656071;0,42263886943494;FALSE;100;"6";"Combined"
"hs_cu_m_Log2";"hs_zbmi_who";0;-0,00881822392268872;-0,00770746733914861;0,00387570199767232;-0,0164144602529364;-0,00122198759244104;-0,0151712370276752;-0,00045400069994445;-2,27525850232675;0,0228904272469995;TRUE;100;"6";"Combined"
"hs_hg_m_Log2";"hs_zbmi_who";0;0,00414695403551449;0,00366922964472593;0,00418739542479257;-0,00406019018610674;0,0123540982571357;-0,00464484560107533;0,0126423588036733;0,990342113611093;0,322006928808625;FALSE;100;"6";"Combined"
"hs_mn_m_Log2";"hs_zbmi_who";0;-0,00107845688088507;-0,000710467439908321;0,00422229240134897;-0,00935399791972619;0,00719708415795605;-0,0077638109036219;0,00759341659028649;-0,255419752677602;0,798398916197578;FALSE;100;"6";"Combined"
"hs_mo_m_Log2";"hs_zbmi_who";0;-0,00377161004662799;-0,0026308690121797;0,00385680280080115;-0,0113308046316715;0,00378758453841548;-0,0104521792719521;0,00436551533239254;-0,977911042235433;0,328118323301578;FALSE;100;"6";"Combined"
"hs_pb_m_Log2";"hs_zbmi_who";0;0,00238271246773323;0,0021979779118758;0,00333660111163181;-0,00415690554184142;0,00892233047730788;-0,00288278099455105;0,00913826584838263;0,714113670773171;0,475156893191169;FALSE;100;"6";"Combined"
"h_humidity_preg_None";"hs_zbmi_who";0;0,0179037696172837;0,0175840191557157;0,00537072522820664;0,00737734159913808;0,0284301976354294;0,00815806284286812;0,0293025859584859;3,3335851037872;0,000857344391620095;TRUE;100;"6";"Combined"
"h_pressure_preg_None";"hs_zbmi_who";0;-0,0132141716727083;-0,0129798178239314;0,0056737749983456;-0,0243345663258495;-0,00209377701956714;-0,0213490075269649;-0,00245903725374189;-2,32899113492541;0,0198595353451878;TRUE;100;"6";"Combined"
"h_temperature_preg_None";"hs_zbmi_who";0;0,00757310051838561;0,00774222159312847;0,00449515495600185;-0,00123724130030474;0,016383442337076;-0,00258661236140776;0,0153067006540916;1,68472513017024;0,0920416156921063;FALSE;100;"6";"Combined"
"h_ndvi100_preg_None";"hs_zbmi_who";0;-0,00733924042542953;-0,00601591527320278;0,00523785173065421;-0,0176052411738726;0,00292676032301352;-0,0163935038618169;0,00428545398250218;-1,4011928559331;0,161156410061919;FALSE;100;"6";"Combined"
"hs_dde_madj_Log2";"hs_zbmi_who";0;0,00602106871451411;0,00480359140483567;0,00428030455777506;-0,00236817406158764;0,0144103114906159;-0,00396581218244343;0,0123618051984787;1,40669165785809;0,159518840485418;FALSE;100;"6";"Combined"
"hs_ddt_madj_Log2";"hs_zbmi_who";0;-0,00348349873650064;-0,00316971857919714;0,00352094908772963;-0,0103844321398499;0,00341743466684858;-0,00945397052401547;0,00263303545844844;-0,98936356354612;0,322485294878562;FALSE;100;"6";"Combined"
"hs_hcb_madj_Log2";"hs_zbmi_who";0;-0,00495489908633556;-0,0037367774233529;0,00341699231324792;-0,0116520809557517;0,00174228278308057;-0,00962456746387694;0,00298276272879235;-1,45007615824158;0,147037282818375;FALSE;100;"6";"Combined"
"hs_pcb118_madj_Log2";"hs_zbmi_who";0;-0,00165279850175333;-0,0014047373716621;0,0051596671134111;-0,0117655602162548;0,00845996321274818;-0,0100343598699659;0,00832653795616859;-0,320330452609499;0,748717840549271;FALSE;100;"6";"Combined"
"hs_pcb138_madj_Log2";"hs_zbmi_who";0;-0,00436685268018485;-0,00330939754675456;0,00628073987935449;-0,0166768766399841;0,00794317127961439;-0,0161411092470454;0,00913586914473981;-0,695276792872635;0,486881855019723;FALSE;100;"6";"Combined"
"hs_pcb153_madj_Log2";"hs_zbmi_who";0;-0,00474173590409102;-0,00424163213918722;0,00525947357188343;-0,0150501146826228;0,00556664287444072;-0,0130543086535079;0,00694786115448695;-0,901560933672113;0,367290151393289;FALSE;100;"6";"Combined"
"hs_pcb170_madj_Log2";"hs_zbmi_who";0;0,000490608618259465;0,000754272330495809;0,00525394487742816;-0,00980693411825843;0,0107881513547774;-0,00967222148740482;0,00991830924384999;0,0933790950809558;0,925602397652626;FALSE;100;"6";"Combined"
"hs_pcb180_madj_Log2";"hs_zbmi_who";0;0,00369925643448612;0,00264634294781422;0,00520023833021685;-0,0064930234037636;0,0138915362727358;-0,00687417651569399;0,0128681671917404;0,711362864465458;0,476859404914;FALSE;100;"6";"Combined"
"hs_sumPCBs5_madj_Log2";"hs_zbmi_who";0;-0,00401157736168674;-0,00455749083085893;0,00516226259454372;-0,0141294261257307;0,00610627140235724;-0,0135760727940237;0,00521915332757806;-0,777096726138419;0,43710170537226;FALSE;100;"6";"Combined"
"hs_pfhxs_m_Log2";"hs_zbmi_who";0;0,000954388009033423;0,00146362134167443;0,00426458847867814;-0,00740405181806019;0,00931282783612703;-0,0056427913347186;0,0087293762882867;0,223793694000048;0,822917836991804;FALSE;100;"6";"Combined"
"hs_pfna_m_Log2";"hs_zbmi_who";0;8,31959274480289e-05;0,00115612062243892;0,00452153449087197;-0,00877884882951669;0,00894524068441274;-0,00755583805330602;0,00894924552566466;0,0183999320619989;0,985319806640843;FALSE;100;"6";"Combined"
"hs_pfoa_m_Log2";"hs_zbmi_who";0;-0,00042923937040627;-0,000603069404172662;0,00414200167104039;-0,00854741346955016;0,00768893472873762;-0,00897957700954658;0,00910942291582881;-0,103630902277848;0,917462263217421;FALSE;100;"6";"Combined"
"hs_pfos_m_Log2";"hs_zbmi_who";0;-0,0102425851909461;-0,0110015728989289;0,00468592234370048;-0,0194268242189505;-0,00105834616294163;-0,0187711958956104;-0,000966263228651074;-2,18582051508295;0,0288287392455625;TRUE;100;"6";"Combined"
"hs_pfunda_m_Log2";"hs_zbmi_who";0;-0,00113074005590775;-0,00161742862066722;0,00472168863153379;-0,0103850797199262;0,00812359960811069;-0,0101953856457128;0,00680317890116426;-0,239477895335179;0,810735034831719;FALSE;100;"6";"Combined"
"e3_asmokcigd_p_None";"hs_zbmi_who";0;-0,00555373758393534;-0,00573346792145949;0,00393748035180135;-0,0132710572633001;0,00216358209542941;-0,014068357430977;0,00121820703165266;-1,41048007551189;0,158397975618106;FALSE;100;"6";"Combined"
"h_distinvnear1_preg_Log";"hs_zbmi_who";0;-0,00261130834095323;-0,00259841930328466;0,00373136928100047;-0,00992465774473327;0,00470204106282682;-0,010888648280305;0,0035885319460321;-0,699825759473763;0,484036125661172;FALSE;100;"6";"Combined"
"h_trafload_preg_pow1over3";"hs_zbmi_who";0;0,00761865899738398;0,0080247101305549;0,00342068518462367;0,000914239233071836;0,0143230787616961;0,00152975917612132;0,0144152184335342;2,22723185156899;0,0259317824167537;TRUE;100;"6";"Combined"
"h_trafnear_preg_pow1over3";"hs_zbmi_who";0;0,000726552849231619;0,000120292107059644;0,00468455386695994;-0,0084550040136477;0,00990810971211094;-0,00695513466059187;0,00945518507910783;0,155095419940836;0,87674609285402;FALSE;100;"6";"Combined"
"h_bro_preg_Log";"hs_zbmi_who";0;0,00326765656235282;0,00455880431816633;0,00620141398276377;-0,00888689149708726;0,0154222046217929;-0,0050470143356228;0,0208082247378644;0,526921210458608;0,598248303874001;FALSE;100;"6";"Combined"
"h_clf_preg_Log";"hs_zbmi_who";0;0,000404628488513405;-0,000286740389066794;0,00409782821732459;-0,00762696723227476;0,00843622420930157;-0,00726647843876732;0,00911839220545907;0,0987421792848069;0,921342978261944;FALSE;100;"6";"Combined"
"h_thm_preg_Log";"hs_zbmi_who";0;-0,00434659412418116;-0,00368527974835599;0,00540240647977674;-0,0149351162543894;0,00624192800602706;-0,0141294654386522;0,00497287752347274;-0,804566287348447;0,421070002994419;FALSE;100;"6";"Combined"
"e3_alcpreg_yn_None_1";"hs_zbmi_who";0;0,0124052976973968;0,0124048205511845;0,00818286491288856;-0,00363282282222123;0,0284434182170149;-0,00126891976166091;0,0318590104147474;1,51600910310247;0,129517050611816;FALSE;100;"6";"Combined"
"h_pamod_t3_None_Often";"hs_zbmi_who";0;0,0750966092807837;0,0719268851455079;0,0101729703692197;0,05515795374132;0,0950352648202474;0,0525669803870105;0,0897913288379456;7,38197464017032;1,5595890451284e-13;TRUE;100;"6";"Combined"
"h_pamod_t3_None_Sometimes";"hs_zbmi_who";0;0,0678691384129826;0,0657920788842634;0,0132024836031363;0,0419927460443549;0,0937455307816104;0,0411518424861642;0,0902211267021675;5,14063417559254;2,7381270815658e-07;TRUE;100;"6";"Combined"
"h_pamod_t3_None_Very Often";"hs_zbmi_who";0;0,0811554108511885;0,0777435042007652;0,0100434696979042;0,0614705719634769;0,1008402497389;0,0605761887000035;0,0959655277735198;8,08041576190781;6,45463314900912e-16;TRUE;100;"6";"Combined"
"h_pavig_t3_None_Low";"hs_zbmi_who";0;0,0759131167456569;0,0740928077261492;0,00969914426778299;0,0569031432999441;0,0949230901913696;0,0559924618744167;0,0910780798670172;7,82678498739445;5,00503980870811e-15;TRUE;100;"6";"Combined"
"h_pavig_t3_None_Medium";"hs_zbmi_who";0;0,0852562750237516;0,0818609681891141;0,011693462841963;0,0623375089989467;0,108175041048557;0,0631003509976674;0,103797551007187;7,29093478775182;3,07811742231845e-13;TRUE;100;"6";"Combined"
"hs_no2_dy_hs_h_Log";"hs_zbmi_who";0;-0,00186512956618821;-0,00122256532522512;0,00540635653720147;-0,0124613936666858;0,00873113453430936;-0,0116433389921364;0,00977267230230439;-0,344988265822673;0,730103192337202;FALSE;100;"6";"Combined"
"hs_no2_wk_hs_h_Log";"hs_zbmi_who";0;0,00942667839013058;0,00908837188156545;0,00456619258253885;0,000477105381880489;0,0183762513983807;0,00105294026776059;0,0182174467506255;2,06445046277247;0,0389750261108608;TRUE;100;"6";"Combined"
"hs_no2_yr_hs_h_Log";"hs_zbmi_who";0;0,0186040615004147;0,0183825688095848;0,00520633318914367;0,00839983595817759;0,0288082870426519;0,00930803866867409;0,0276203414342045;3,57335207420229;0,000352440379291852;TRUE;100;"6";"Combined"
"hs_pm10_dy_hs_h_None";"hs_zbmi_who";0;0,0034561994940576;0,00397416791622464;0,00447815634315884;-0,00532082565567332;0,0122332246437885;-0,00446291606941774;0,0122595608599855;0,77179071680638;0,440238390823037;FALSE;100;"6";"Combined"
"hs_pm10_wk_hs_h_None";"hs_zbmi_who";0;-0,0108108613330779;-0,00935404455606778;0,0056963418243963;-0,0219754861525239;0,000353763486368007;-0,0202298770764301;0,00014215550013186;-1,8978603578137;0,057714479670119;FALSE;100;"6";"Combined"
"hs_pm10_yr_hs_h_None";"hs_zbmi_who";0;0,0103290362275614;0,010253837335103;0,00542392298516204;-0,000301657478275166;0,020959729933398;0,000975630834417401;0,0223256073787243;1,90434787806133;0,0568648925872166;FALSE;100;"6";"Combined"
"hs_pm25_dy_hs_h_None";"hs_zbmi_who";0;0,0077316878845547;0,00611158713864149;0,00545547867580095;-0,00296085383844142;0,0184242296075508;-0,00315613547737479;0,0162700786267622;1,41723363686681;0,156414630416529;FALSE;100;"6";"Combined"
"hs_pm25_wk_hs_h_None";"hs_zbmi_who";0;-0,00366539879973413;-0,00432149190143291;0,00715912882223202;-0,0176970334519915;0,0103662358525233;-0,0180262034762193;0,00842855505662247;-0,511989501900228;0,608658356871772;FALSE;100;"6";"Combined"
"hs_pm25_yr_hs_h_None";"hs_zbmi_who";0;0,0180995228818165;0,0185791599743826;0,00550446653356744;0,00731096672191829;0,0288880790417147;0,00663566988073222;0,0269855031232201;3,28815204369791;0,00100847359962748;TRUE;100;"6";"Combined"
"hs_pm25abs_dy_hs_h_Log";"hs_zbmi_who";0;-0,00509678884984309;-0,00438425211654713;0,00467494098671124;-0,0142595048136473;0,00406592711396108;-0,0129704107228098;0,00370388033802607;-1,09023597609702;0,275609209599731;FALSE;100;"6";"Combined"
"hs_pm25abs_wk_hs_h_Log";"hs_zbmi_who";0;-0,0048334145918389;-0,00465788064555451;0,00520310552825041;-0,0150313140349709;0,00536448485129315;-0,0145865783391519;0,00534596365318379;-0,928948022598377;0,352916023884053;FALSE;100;"6";"Combined"
"hs_pm25abs_yr_hs_h_Log";"hs_zbmi_who";0;-0,00427242542178215;-0,00432202765566273;0,00532932652173619;-0,0147177134662392;0,0061728626226749;-0,0147218997875268;0,00504910215301115;-0,801682052011007;0,422736900513287;FALSE;100;"6";"Combined"
"hs_accesslines300_h_dic0";"hs_zbmi_who";0;-0,00470628054443551;-0,00313928636264072;0,0145533698962725;-0,0332303613948191;0,0238178003059481;-0,0312530952934021;0,0233014205025731;-0,323380809941545;0,74640686091685;FALSE;100;"6";"Combined"
"hs_accesspoints300_h_Log";"hs_zbmi_who";0;-0,00254506416262008;-0,00384466702160328;0,00479494820666257;-0,0119429899554136;0,00685286163017347;-0,0121187463125753;0,00495670614081519;-0,530780323984255;0,595571016430751;FALSE;100;"6";"Combined"
"hs_builtdens300_h_Sqrt";"hs_zbmi_who";0;0,00140997269927204;0,000944222723787513;0,00548181336744708;-0,00933418407089447;0,0121541294694385;-0,00923402341939517;0,0110867953964963;0,257209176008243;0,7970173008219;FALSE;100;"6";"Combined"
"hs_connind300_h_Log";"hs_zbmi_who";0;0,00678357717044129;0,0066724951017263;0,00487224033979953;-0,00276583841958898;0,0163329927604716;-0,00341418471736962;0,0148866650155142;1,39229116327221;0,163834246345155;FALSE;100;"6";"Combined"
"hs_fdensity300_h_Log";"hs_zbmi_who";0;-0,00152700110928627;-0,00141041841123946;0,00455747359005744;-0,0104594852062913;0,00740548298771876;-0,00981738914796105;0,00714188408923974;-0,335054296884478;0,737584127941106;FALSE;100;"6";"Combined"
"hs_landuseshan300_h_None";"hs_zbmi_who";0;-0,0046550694418116;-0,00324848904332389;0,00420260320788199;-0,0128920203705728;0,00358188148694959;-0,0115906252247895;0,00552344158494097;-1,10766332474144;0,268007244026839;FALSE;100;"6";"Combined"
"hs_popdens_h_Sqrt";"hs_zbmi_who";0;-0,00554601536027736;-0,00450156010886529;0,00460561943894729;-0,0145728635871116;0,0034808328665569;-0,0130272264952641;0,00424374354033223;-1,20418446069982;0,228518290686469;FALSE;100;"6";"Combined"
"hs_walkability_mean_h_None";"hs_zbmi_who";0;-0,00181100083398743;-0,00165403017587252;0,00475112470151824;-0,0111230341350218;0,00750103246704694;-0,011519180437101;0,00697190105247377;-0,381173079588654;0,703074823327498;FALSE;100;"6";"Combined"
"hs_accesslines300_s_dic0";"hs_zbmi_who";0;0,0294025674330843;0,0240465355124837;0,014447323183721;0,00108633431998065;0,0577188005461879;-0,00473789548810675;0,0519703248969214;2,03515675943449;0,0418351023557751;TRUE;100;"6";"Combined"
"hs_accesspoints300_s_Log";"hs_zbmi_who";0;-0,00772229833205775;-0,00757796550073696;0,00418685974175231;-0,0159283926342129;0,000483795970097439;-0,0151128560959643;-8,66554719691879e-05;-1,84441295108342;0,0651229813004621;FALSE;100;"6";"Combined"
"hs_builtdens300_s_Sqrt";"hs_zbmi_who";0;-0,000194650218772754;-0,00147129940803914;0,00493568770251729;-0,00986842035464389;0,00947911991709838;-0,0113494587834941;0,00666233798667346;-0,0394373044861567;0,968541738352995;FALSE;100;"6";"Combined"
"hs_connind300_s_Log";"hs_zbmi_who";0;-0,00399917924486121;-0,00421128139743307;0,0051769051705074;-0,0141457269304349;0,00614736844071248;-0,0146078079284594;0,00488005132968577;-0,772503863436471;0,439816059567622;FALSE;100;"6";"Combined"
"hs_fdensity300_s_Log";"hs_zbmi_who";0;0,00135118157030315;0,000383234423652837;0,00514296767578634;-0,00872884984789174;0,011431212988498;-0,00929778980487126;0,0101196066467806;0,2627241031797;0,792763237567918;FALSE;100;"6";"Combined"
"hs_landuseshan300_s_None";"hs_zbmi_who";0;0,0015496565755018;0,00114658294255603;0,00421661418746876;-0,00671475536863759;0,0098140685196412;-0,00571576282388577;0,00942290196946573;0,367512062191316;0,713237096070194;FALSE;100;"6";"Combined"
"hs_popdens_s_Sqrt";"hs_zbmi_who";0;-0,00291755230967856;-0,00271674262959143;0,00408933610631294;-0,0109325037987312;0,00509739917937405;-0,0103934877592736;0,00486042220919523;-0,713453781696881;0,475565003208838;FALSE;100;"6";"Combined"
"h_Absorbance_Log";"hs_zbmi_who";0;-0,00331669218649028;-0,00286266046577736;0,00442596692797067;-0,0119914279620782;0,00535804358909761;-0,0104056298895481;0,00474494322343005;-0,749371208702413;0,453633499233694;FALSE;100;"6";"Combined"
"h_Benzene_Log";"hs_zbmi_who";0;0,00251875747961389;0,00166158795844108;0,00433836087829774;-0,00598427359378723;0,011021788553015;-0,00608126988181986;0,0104239273795781;0,580578137750999;0,561524810268801;FALSE;100;"6";"Combined"
"h_NO2_Log";"hs_zbmi_who";0;0,0086400040341526;0,00867533701419313;0,00483282980824651;-0,000832168333422182;0,0181121764017274;-0,000448588350478029;0,0179749639913837;1,7877732874867;0,0738125922335993;FALSE;100;"6";"Combined"
"h_PM_Log";"hs_zbmi_who";0;0,014039205425647;0,012968103576289;0,00464941467007278;0,00492652012311215;0,0231518907281818;0,00404631956361264;0,0216461997142043;3,01956405738859;0,00253138756116924;TRUE;100;"6";"Combined"
"h_TEX_Log";"hs_zbmi_who";0;0,000628810027590624;0,000348251124045278;0,00402202990403549;-0,00725422372906203;0,00851184378424328;-0,00708264466386995;0,00844907900950075;0,156341460057199;0,875763877718893;FALSE;100;"6";"Combined"
"hs_KIDMED_None";"hs_zbmi_who";0;0,00809544101508008;0,00764586753931839;0,00367277216297137;0,000896939852234924;0,0152939421779252;0,000611883057524351;0,0137587507443846;2,20417729602118;0,0275118778238277;TRUE;100;"6";"Combined"
"hs_mvpa_prd_alt_None";"hs_zbmi_who";0;-0,00590085341787264;-0,00417452025305985;0,00423320572707157;-0,0141977841820816;0,00239607734633632;-0,0125056831438428;0,00396992831749427;-1,39394440013543;0,16333439509317;FALSE;100;"6";"Combined"
"hs_sd_wk_None";"hs_zbmi_who";0;0,000890561703497384;-0,000293269242799685;0,00352212201375154;-0,00601267059261132;0,00779379399960609;-0,00807907928710439;0,00607789414025106;0,252848055808497;0,800385630779083;FALSE;100;"6";"Combined"
"hs_dif_hours_total_None";"hs_zbmi_who";0;-0,00709411830684532;-0,00613576362878967;0,00347932693949589;-0,0139134737986972;-0,000274762814993409;-0,0127769237569352;0,000409619692135848;-2,03893408989992;0,0414566060541264;TRUE;100;"6";"Combined"
"hs_as_c_Log2";"hs_zbmi_who";0;0,000847267646502052;0,000538893517480118;0,00437177605670072;-0,00772125597310589;0,00941579126610999;-0,00719482927345866;0,00955940654909393;0,193803990761015;0,846329362084934;FALSE;100;"6";"Combined"
"hs_cd_c_Log2";"hs_zbmi_who";0;0,00268053028160562;0,0020729710744636;0,00353345164259609;-0,00424490767899662;0,00960596824220786;-0,0046449650867616;0,00843831236135844;0,758615244451508;0,448082750765313;FALSE;100;"6";"Combined"
"hs_co_c_Log2";"hs_zbmi_who";0;-0,00245539241476555;-0,00276363828924636;0,00357435699733742;-0,00946100339743562;0,00455021856790451;-0,00950388916533873;0,00411408800774908;-0,686946607905871;0,492116374795002;FALSE;100;"6";"Combined"
"hs_cs_c_Log2";"hs_zbmi_who";0;0,011926040116366;0,0105770405401841;0,0043926955637706;0,00331651501632672;0,0205355652164052;0,00184684839399021;0,0185192551958974;2,7149707834815;0,00662816176145752;TRUE;100;"6";"Combined"
"hs_cu_c_Log2";"hs_zbmi_who";0;0,0120596788931242;0,0110768253024486;0,00396214962487014;0,00429400832701982;0,0198253494592285;0,00401357956970022;0,0176620542665525;3,04372122078036;0,00233671567872474;TRUE;100;"6";"Combined"
"hs_hg_c_Log2";"hs_zbmi_who";0;-0,00649356114847781;-0,00568056324279199;0,00405038462835113;-0,0144321691435807;0,00144504684662504;-0,0128427293924425;0,00264018491537726;-1,60319617624099;0,108891349428733;FALSE;100;"6";"Combined"
"hs_mn_c_Log2";"hs_zbmi_who";0;-0,00390497027075031;-0,00393081371964335;0,00319822278823041;-0,0101733717502172;0,00236343120871657;-0,00979412816865629;0,00233594951728418;-1,22098131659894;0,222093093854554;FALSE;100;"6";"Combined"
"hs_mo_c_Log2";"hs_zbmi_who";0;-0,009619645224203;-0,0102322340264538;0,00357048337449882;-0,0166176640456197;-0,00262162640278628;-0,0175930471105252;-0,00401565068732506;-2,69421370028177;0,0070554912010402;TRUE;100;"6";"Combined"
"hs_pb_c_Log2";"hs_zbmi_who";0;-0,000562936324982082;-0,0011487960672032;0,00405222842698474;-0,00850515809900157;0,00737928544903741;-0,00923307782851041;0,00634808705533714;-0,138920185553548;0,889513219867522;FALSE;100;"6";"Combined"
"hs_hum_mt_hs_h_None";"hs_zbmi_who";0;0,00194951337180475;0,000545746319689232;0,00545992308436421;-0,00875173923190794;0,0126507659755174;-0,00816674400989123;0,012618800573369;0,357058761026808;0,721047816168319;FALSE;100;"6";"Combined"
"hs_tm_mt_hs_h_None";"hs_zbmi_who";0;0,0064011203469348;0,00631515717264025;0,00545374929816894;-0,00428803185818692;0,0170902725520565;-0,00402115410124102;0,0148289297009584;1,17371004734008;0,240511184459417;FALSE;100;"6";"Combined"
"hs_uvdvf_mt_hs_h_None";"hs_zbmi_who";0;-0,00669258971430059;-0,00658990166467942;0,00489973645298701;-0,0162958966958932;0,00291071726729198;-0,0152974676550249;0,00271755649739573;-1,36590810108176;0,171967809717039;FALSE;100;"6";"Combined"
"hs_hum_dy_hs_h_None";"hs_zbmi_who";0;-0,0110303303458565;-0,009968156918844;0,00406076143407413;-0,018989276506451;-0,00307138418526196;-0,0166876508712985;-0,00102180494785903;-2,71632070116215;0,0066011940002087;TRUE;100;"6";"Combined"
"hs_hum_wk_hs_h_None";"hs_zbmi_who";0;-0,0147261852453358;-0,013917115676079;0,00508537115434092;-0,0246933295558628;-0,00475904093480867;-0,0251124683383309;-0,00398525119746471;-2,89579360058417;0,00378201059167293;TRUE;100;"6";"Combined"
"hs_tm_dy_hs_h_None";"hs_zbmi_who";0;-0,00674621571814538;-0,00527889723750536;0,00487873971176811;-0,0163083698431562;0,00281593840686544;-0,0153540023976832;0,00278249029459963;-1,38277836423056;0,166732834963327;FALSE;100;"6";"Combined"
"hs_tm_wk_hs_h_None";"hs_zbmi_who";0;0,00653127900035949;0,00692460698591447;0,00472640425083516;-0,00273230310765445;0,0157948611083734;-0,00242241199593253;0,0162847858212499;1,38187058358485;0,167011441625153;FALSE;100;"6";"Combined"
"hs_uvdvf_dy_hs_h_None";"hs_zbmi_who";0;-0,00108789903784714;-0,00201289363653654;0,00442052566065306;-0,00975197012546226;0,00757617204976798;-0,01044820994091;0,00679512658109831;-0,246101735712223;0,805603479489512;FALSE;100;"6";"Combined"
"hs_uvdvf_wk_hs_h_None";"hs_zbmi_who";0;-0,012100986579852;-0,0124265863886193;0,00463246996324741;-0,0211804608672806;-0,00302151229242353;-0,0217238002667615;-0,00428508333505666;-2,61221047861239;0,00899588512920441;TRUE;100;"6";"Combined"
"hs_ndvi100_h_None";"hs_zbmi_who";0;0,00450556922774155;0,00448225899226731;0,00453954799365795;-0,00439178134591909;0,0134029198014022;-0,00311889122724441;0,013383300478336;0,99251494510822;0,320946392709716;FALSE;100;"6";"Combined"
"hs_ndvi100_s_None";"hs_zbmi_who";0;-0,00259251206643471;-0,00202677657009234;0,00484500169267849;-0,0120885408891201;0,00690351675625074;-0,0111874056831044;0,00729229873882133;-0,535090022848159;0,592587608714169;FALSE;100;"6";"Combined"
"hs_dde_cadj_Log2";"hs_zbmi_who";0;-0,0163717436638373;-0,0140549061142431;0,00593344937359397;-0,0280010907401732;-0,00474239658750135;-0,0251885589016695;-0,00270498655568855;-2,75922867677907;0,00579379763898154;TRUE;100;"6";"Combined"
"hs_ddt_cadj_Log2";"hs_zbmi_who";0;-0,000762456801078733;-0,000367544197356601;0,00438507892791217;-0,0093570535691521;0,00783213996699463;-0,00898015642713623;0,00742581793714909;-0,173875274222659;0,861963484926425;FALSE;100;"6";"Combined"
"hs_hcb_cadj_Log2";"hs_zbmi_who";0;-0,0139018915357833;-0,0207089699546759;0,0121224507372702;-0,037661458385194;0,00985767531362743;-0,0438739139518305;-0,00504981384293794;-1,14678886613597;0,251468891866791;FALSE;100;"6";"Combined"
"hs_pcb118_cadj_Log2";"hs_zbmi_who";0;0,00613336695866315;0,00556880479250807;0,0044225744045537;-0,00253471959321077;0,0148014535105371;-0,00309778636316468;0,0143240746364478;1,3868318308784;0,165493048480002;FALSE;100;"6";"Combined"
"hs_pcb138_cadj_Log2";"hs_zbmi_who";0;-0,00987410385329943;-0,00853361695430969;0,00439135503413633;-0,0184810015635353;-0,00126720614306357;-0,0161377156615302;0,00068104635134174;-2,24853234970591;0,02454226469076;TRUE;100;"6";"Combined"
"hs_pcb153_cadj_Log2";"hs_zbmi_who";0;-0,00260915784536632;-0,00263379226582616;0,00538969938509573;-0,0131727745276516;0,00795445883691898;-0,0136733769602314;0,00731199540682797;-0,484100811370202;0,628314325496675;FALSE;100;"6";"Combined"
"hs_pcb170_cadj_Log2";"hs_zbmi_who";0;-0,0196262583977687;-0,0192154632461142;0,00520138025256198;-0,029820776362688;-0,00943174043284933;-0,0301225599680554;-0,00938785632610264;-3,77327890767101;0,000161116000195243;TRUE;100;"6";"Combined"
"hs_pcb180_cadj_Log2";"hs_zbmi_who";0;-0,00864940792235262;-0,00749171724232155;0,00522683847289407;-0,0188938230822333;0,0015950072375281;-0,0174888458896538;0,00161643564353736;-1,65480681433101;0,0979636912835741;FALSE;100;"6";"Combined"
"hs_sumPCBs5_cadj_Log2";"hs_zbmi_who";0;-0,0165505343610231;-0,0152100042752381;0,00469958644550647;-0,0257615545364484;-0,00733951418559784;-0,0237630760781436;-0,00752904171742637;-3,52170016509601;0,000428788820020924;TRUE;100;"6";"Combined"
"hs_pfhxs_c_Log2";"hs_zbmi_who";0;0,00739727293559158;0,00712482544671782;0,0053022450347289;-0,00299493636968339;0,0177894822408665;-0,003045273108263;0,0170384287917849;1,39512091333776;0,162979380652606;FALSE;100;"6";"Combined"
"hs_pfna_c_Log2";"hs_zbmi_who";0;-0,00085842129785763;-0,00191141118994593;0,00537030201634792;-0,0113840198360024;0,00966717724028712;-0,0136024306187437;0,00835878621280428;-0,159846000326328;0,87300238690952;FALSE;100;"6";"Combined"
"hs_pfoa_c_Log2";"hs_zbmi_who";0;-0,00316599327729511;-0,00190276310486196;0,0034593161071394;-0,00994612825842763;0,00361414170383741;-0,00835822458678282;0,00466154345523473;-0,915207855899921;0,360082521267072;FALSE;100;"6";"Combined"
"hs_pfos_c_Log2";"hs_zbmi_who";0;-0,00126874668149366;-0,000825935389371357;0,00418796350990729;-0,00947700432947989;0,00693951096649257;-0,008803216558272;0,00634140890993385;-0,302950748852572;0,761927395488338;FALSE;100;"6";"Combined"
"hs_pfunda_c_Log2";"hs_zbmi_who";0;0,000392167490793133;0,000136852159994298;0,00424249710400832;-0,00792297403757865;0,00870730901916491;-0,00739768834655983;0,00872137207197701;0,0924378923965823;0,926350134513333;FALSE;100;"6";"Combined"
"hs_hm_pers_None";"hs_zbmi_who";0;0,00159527557924589;0,00210270310480267;0,00348335487682211;-0,0052319745246974;0,00842252568318918;-0,00383397237493109;0,00977345369856955;0,457971018072461;0,646973263176443;FALSE;100;"6";"Combined"
"hs_trafload_h_pow1over3";"hs_zbmi_who";0;-0,00623378167508479;-0,00642742613157681;0,0037863401905552;-0,0136548720817895;0,00118730873161993;-0,0133107857440423;0,0014111080292029;-1,64638710769692;0,0996840856774786;FALSE;100;"6";"Combined"
"hs_trafnear_h_pow1over3";"hs_zbmi_who";0;-0,00686665590626281;-0,00628951530334057;0,00438631836609817;-0,0154636819285418;0,00173037011601618;-0,014380694644656;0,00098512091065532;-1,5654713892487;0,117472420808967;FALSE;100;"6";"Combined"
"FAS_cat_None_Low";"hs_zbmi_who";0;0,00211669094864413;0,00139228867150513;0,0122555844398668;-0,0219038131629843;0,0261371950602726;-0,0196611676092537;0,0275267654862956;0,172712363007237;0,862877525560175;FALSE;100;"6";"Combined"
"FAS_cat_None_Middle";"hs_zbmi_who";0;0,00101401120542218;-0,000207234476495333;0,00755011781806835;-0,0137839477970259;0,0158119702078703;-0,015099337133978;0,0161474680256314;0,134304024103508;0,893162171298847;FALSE;100;"6";"Combined"
"hs_globalexp2_None_no exposure";"hs_zbmi_who";0;0,0124083080085129;0,0127058273654086;0,00875348575648684;-0,00474820881338568;0,0295648248304114;-0,00388855032124702;0,0272651370394913;1,41752764026806;0,156328719058006;FALSE;100;"6";"Combined"
"h_abs_ratio_preg_Log";"hs_correct_raven";0;-0,00075378516003669;-0,0027044127210845;0,0078246125764788;-0,0160897440029143;0,0145821736828409;-0,0173169808493473;0,0125703735503496;-0,0963351415382032;0,923254401955701;FALSE;100;"6";"Combined"
"h_no2_ratio_preg_Log";"hs_correct_raven";0;0,00919101768802103;0,0117865214900219;0,00694043659146917;-0,00441198806824248;0,0227940234442845;-0,000615087672233419;0,0263192317099363;1,3242708245931;0,185413116411541;FALSE;100;"6";"Combined"
"h_pm10_ratio_preg_None";"hs_correct_raven";0;0,00321192057255349;0,0033216196819022;0,00709259949054866;-0,010689318985689;0,017113160130796;-0,00969288723560558;0,0155301917894053;0,452855201655413;0,650653011029769;FALSE;100;"6";"Combined"
"h_pm25_ratio_preg_None";"hs_correct_raven";0;0,0102071315896246;0,0098734236720023;0,00629075163741196;-0,00212251505538921;0,0225367782346384;-0,00237133276428131;0,0209406803340911;1,62256152808853;0,104683170248237;FALSE;100;"6";"Combined"
"h_accesslines300_preg_dic0";"hs_correct_raven";0;0,00227027068687941;0,00174049255648442;0,0192016552783317;-0,0353642821022041;0,039904823475963;-0,0349081353356959;0,0361932201168289;0,118233071783208;0,905882986234723;FALSE;100;"6";"Combined"
"h_accesspoints300_preg_Log";"hs_correct_raven";0;0,00336282508191981;0,00157268513624745;0,00643497438137489;-0,00924949294701288;0,0159751431108525;-0,0107552189039935;0,0128734862155792;0,522585620799521;0,601262649086689;FALSE;100;"6";"Combined"
"h_builtdens300_preg_Sqrt";"hs_correct_raven";0;0,0069978408374193;0,0085185502293827;0,00708836131237522;-0,0068950920442432;0,0208907737190818;-0,00425388153083215;0,0232570100829575;0,98722970359907;0,323530043232083;FALSE;100;"6";"Combined"
"h_connind300_preg_Sqrt";"hs_correct_raven";0;0,000925963316328167;-0,000418348342404195;0,00649006376876705;-0,0117943279278235;0,0136462545604799;-0,0147561898707413;0,00955854533239097;0,142673993556781;0,886547656696869;FALSE;100;"6";"Combined"
"h_fdensity300_preg_Log";"hs_correct_raven";0;0,00694241633197611;0,00721644263306135;0,00796713125247767;-0,00867287398298361;0,0225577066469358;-0,00694525425585193;0,0221643914665969;0,871382196674256;0,383545503339919;FALSE;100;"6";"Combined"
"h_frichness300_preg_None";"hs_correct_raven";0;0,00766461430587643;0,0071412389108664;0,00617649299096438;-0,00444108950717782;0,0197703181189307;-0,00365480400227418;0,0198301564783562;1,24093305328591;0,214630481092133;FALSE;100;"6";"Combined"
"h_landuseshan300_preg_None";"hs_correct_raven";0;0,0042405267441853;0,00390214900290124;0,00579273146752155;-0,00711301830426878;0,0155940717926394;-0,00592301020001059;0,0154657581660446;0,732042693151049;0,464142509911539;FALSE;100;"6";"Combined"
"h_popdens_preg_Sqrt";"hs_correct_raven";0;-0,00555255333540589;-0,0071316268255075;0,00670674526298907;-0,0186975325043491;0,00759242583353729;-0,0200474819186562;0,00441571380741647;-0,827905804928578;0,407723847202015;FALSE;100;"6";"Combined"
"h_walkability_mean_preg_None";"hs_correct_raven";0;-0,00569993099183393;-0,00492864895945322;0,00640195508301111;-0,0182475323851788;0,00684767040151099;-0,014824263494554;0,0076140807231611;-0,890342234196527;0,373282149765551;FALSE;100;"6";"Combined"
"hs_as_m_Log2";"hs_correct_raven";0;0,00185170441914283;0,00281268346648574;0,00525606859306669;-0,00845000072353999;0,0121534095618256;-0,00948021706187196;0,0117539927814885;0,352298374032907;0,724614507417112;FALSE;100;"6";"Combined"
"hs_cd_m_Log2";"hs_correct_raven";0;-0,00151287390464525;-0,00161203800586475;0,00525487068244556;-0,011812231185654;0,00878648337636346;-0,0130638014502946;0,00837500607757405;-0,287899359673905;0,773423777080383;FALSE;100;"6";"Combined"
"hs_co_m_Log2";"hs_correct_raven";0;0,00373673806070307;0,00325327189817467;0,00580247536721299;-0,00763590468021521;0,0151093808016213;-0,00795421469366119;0,0136888300084266;0,64399033588623;0,519581700776534;FALSE;100;"6";"Combined"
"hs_cs_m_Log2";"hs_correct_raven";0;-0,00261559480185104;-0,0017366861139497;0,0049340829698115;-0,012286219719414;0,00705503011571193;-0,0121624198048845;0,00667712597682544;-0,530107583892325;0,596037341190837;FALSE;100;"6";"Combined"
"hs_cu_m_Log2";"hs_correct_raven";0;0,00150311045380365;-0,000139652915728818;0,00569089534331799;-0,00965083945888632;0,0126570603664936;-0,0120673376215009;0,0097326086874232;0,264125478176038;0,791683232043946;FALSE;100;"6";"Combined"
"hs_hg_m_Log2";"hs_correct_raven";0;-0,0019540458303645;-0,00175019052993517;0,00563306441029036;-0,012994649197128;0,00908655753639897;-0,012359057891576;0,00890604184755316;-0,346888600598085;0,728675010941941;FALSE;100;"6";"Combined"
"hs_mn_m_Log2";"hs_correct_raven";0;0,00296579281144114;0,00212487439890637;0,005762208320699;-0,00832792796854592;0,0142595135914282;-0,00950828743015872;0,0127858303875926;0,514697256048072;0,60676459118522;FALSE;100;"6";"Combined"
"hs_mo_m_Log2";"hs_correct_raven";0;0,00327108489033673;0,00235739760028948;0,0043562819794679;-0,0052670708959212;0,0118092406765947;-0,00472442204933829;0,0111753464097665;0,750889154043302;0,45271936821209;FALSE;100;"6";"Combined"
"hs_pb_m_Log2";"hs_correct_raven";0;0,00440239779218695;0,00422205375165298;0,00447826038527155;-0,00437483127633776;0,0131796268607117;-0,00340075276108753;0,0129034091750511;0,983059807479238;0,325578004214611;FALSE;100;"6";"Combined"
"h_humidity_preg_None";"hs_correct_raven";0;0,00817571785377316;0,00695225058780752;0,00748056939889426;-0,00648592875191202;0,0228373644594583;-0,00641130799619834;0,0203618649360437;1,09292721152773;0,274425759633125;FALSE;100;"6";"Combined"
"h_pressure_preg_None";"hs_correct_raven";0;-0,019210718326437;-0,0188918292842929;0,00658418711071831;-0,0321154879309178;-0,0063059487219563;-0,032609105229398;-0,00728522613795498;-2,91770540590564;0,00352617317503423;TRUE;100;"6";"Combined"
"h_temperature_preg_None";"hs_correct_raven";0;0,0127414725630678;0,0119651771132284;0,00531692080170271;0,00232049928307866;0,0231624458430569;0,0020848716844934;0,0217817965043128;2,39640066840707;0,0165569804897898;TRUE;100;"6";"Combined"
"h_ndvi100_preg_None";"hs_correct_raven";0;0,00154210641911288;0,00151812788700391;0,00822947297705797;-0,0145873642276664;0,0176715770658921;-0,011310273609581;0,0169089140344936;0,1873882353599;0,851356246049453;FALSE;100;"6";"Combined"
"hs_dde_madj_Log2";"hs_correct_raven";0;-0,00593190629255832;-0,00499467455612295;0,00533990584143665;-0,0163979294226092;0,00453411683749256;-0,0158529434611731;0,00577330606085982;-1,11086346252173;0,266627124688221;FALSE;100;"6";"Combined"
"hs_ddt_madj_Log2";"hs_correct_raven";0;0,00471149478860206;0,00471748225831244;0,00453513855915861;-0,00417721345224769;0,0136002030294518;-0,00311239610357457;0,0130277918211546;1,03888662433197;0,298857467811178;FALSE;100;"6";"Combined"
"hs_hcb_madj_Log2";"hs_correct_raven";0;0,00210431045444384;0,00190442211973985;0,00492344043592545;-0,00754545547999823;0,0117540763888859;-0,00619612282776082;0,0113498024288933;0,427406501983667;0,669083272429021;FALSE;100;"6";"Combined"
"hs_pcb118_madj_Log2";"hs_correct_raven";0;-0,0131068391923095;-0,0136262879017795;0,00794775159806064;-0,028684146082579;0,00247046769796003;-0,0270884389617645;0,00120637744452243;-1,64912542001284;0,099121942884763;FALSE;100;"6";"Combined"
"hs_pcb138_madj_Log2";"hs_correct_raven";0;0,00837314713167906;0,00813083204959644;0,00791425531588272;-0,00713850825190574;0,0238848025152639;-0,00738156110496869;0,0231276746552563;1,05798294311726;0,290063218771891;FALSE;100;"6";"Combined"
"hs_pcb153_madj_Log2";"hs_correct_raven";0;-0,0168564720243413;-0,0170200436734824;0,00930508684343846;-0,0350941071104982;0,00138116306181558;-0,0342111115425269;0,000552736381748359;-1,81153301500112;0,0700583832793679;FALSE;100;"6";"Combined"
"hs_pcb170_madj_Log2";"hs_correct_raven";0;0,00274905090448027;0,00240419188322267;0,00958829653753793;-0,0160436649821842;0,0215417667911447;-0,0160745895687035;0,0197522895318993;0,286708999217725;0,774335146378739;FALSE;100;"6";"Combined"
"hs_pcb180_madj_Log2";"hs_correct_raven";0;0,0174260777890485;0,0170015980841693;0,0107645452140351;-0,00367204314041336;0,0385241987185103;-0,00384328112299215;0,0365690823460795;1,61884013142774;0,105481664939672;FALSE;100;"6";"Combined"
"hs_sumPCBs5_madj_Log2";"hs_correct_raven";0;-0,00757423400850439;-0,00738327174899948;0,00950221608122307;-0,0261982353010189;0,0110497672840102;-0,0269517862943755;0,00988046781838015;-0,797101849059349;0,425391882569744;FALSE;100;"6";"Combined"
"hs_pfhxs_m_Log2";"hs_correct_raven";0;0,0117450188390976;0,0135767765644602;0,00664501445655874;-0,00127897017250557;0,0247690078507007;0,00251624867350601;0,0265442365934147;1,76749334645992;0,0771456423199074;FALSE;100;"6";"Combined"
"hs_pfna_m_Log2";"hs_correct_raven";0;0,000454690131502839;-0,00168812339453988;0,00758102995749268;-0,014403855550902;0,0153132358139077;-0,0174820399607175;0,0134838505137294;0,0599773558543253;0,952173669626169;FALSE;100;"6";"Combined"
"hs_pfoa_m_Log2";"hs_correct_raven";0;0,00793651260231771;0,00984649929742801;0,00631333569944885;-0,00443739799091302;0,0203104231955484;-0,00196676899135226;0,0214789171097037;1,25710289776141;0,208716378004575;FALSE;100;"6";"Combined"
"hs_pfos_m_Log2";"hs_correct_raven";0;-0,00354051684093478;-0,00262537529699142;0,00902249903205875;-0,0212242899943174;0,0141432563124479;-0,0192118802778141;0,014825363819696;-0,392409777862499;0,69475546255014;FALSE;100;"6";"Combined"
"hs_pfunda_m_Log2";"hs_correct_raven";0;0,00238663153855651;0,00374885149297567;0,00569648355158802;-0,00877827106108082;0,0135515341381938;-0,0070469529158688;0,0166602568706835;0,418965756144628;0,675241159031974;FALSE;100;"6";"Combined"
"e3_asmokcigd_p_None";"hs_correct_raven";0;-0,00617970149026591;-0,0053597370054545;0,0043058282293008;-0,0146189697433114;0,00225956676277954;-0,0124283283146567;0,00304469495045688;-1,43519461557095;0,151231647543667;FALSE;100;"6";"Combined"
"h_distinvnear1_preg_Log";"hs_correct_raven";0;0,00307484358355399;0,00379146629659365;0,00512207174820099;-0,00696423256915006;0,013113919736258;-0,00459607258839829;0,0137899907153668;0,60031247798002;0,548298004322834;FALSE;100;"6";"Combined"
"h_trafload_preg_pow1over3";"hs_correct_raven";0;-0,00379503098843555;-0,00455922395403098;0,00444054267085445;-0,0124983346951236;0,00490827271825248;-0,012665161181777;0,00256741585201319;-0,854632253247846;0,392754766192779;FALSE;100;"6";"Combined"
"h_trafnear_preg_pow1over3";"hs_correct_raven";0;-0,0130647481750588;-0,0136674922507251;0,00665399913390692;-0,026106346830677;-2,31495194405081e-05;-0,0255810517391865;-0,000368959642615135;-1,96344302308133;0,0495947188520543;TRUE;100;"6";"Combined"
"h_bro_preg_Log";"hs_correct_raven";0;0,00498360530493213;0,00441935281379725;0,00985095715741963;-0,0143239159368574;0,0242911265467217;-0,0133232749297164;0,0219915660420631;0,505900617096739;0,61292641909174;FALSE;100;"6";"Combined"
"h_clf_preg_Log";"hs_correct_raven";0;-0,00654424518484141;-0,00649137169812931;0,00510987826651423;-0,0165594225525933;0,00347093218291045;-0,0161532565431372;0,00290646610323426;-1,28070471418601;0,200297403320412;FALSE;100;"6";"Combined"
"h_thm_preg_Log";"hs_correct_raven";0;0,00554930921342621;0,0048149256280184;0,0073348679355796;-0,00882676777166746;0,0199253861985199;-0,00803465534372413;0,019649084832946;0,756565661735763;0,449310120121978;FALSE;100;"6";"Combined"
"e3_alcpreg_yn_None_1";"hs_correct_raven";0;0,0263163073331591;0,0267742674505376;0,0105250074985803;0,00568767169892762;0,0469449429673905;0,00608638828049609;0,0474137111208198;2,50035996047592;0,0124067173372688;TRUE;100;"6";"Combined"
"h_pamod_t3_None_Often";"hs_correct_raven";0;0,121226023701448;0,116281913988852;0,0186230172362681;0,0847255806348941;0,157726466768002;0,0779583165734435;0,148285139861999;6,50947277573058;7,5415021096049e-11;TRUE;100;"6";"Combined"
"h_pamod_t3_None_Sometimes";"hs_correct_raven";0;0,11295971357107;0,106378120900999;0,0198373394244192;0,0740792427501113;0,151840184392028;0,0618697396743134;0,141815261778401;5,69429756452214;1,2388086926512e-08;TRUE;100;"6";"Combined"
"h_pamod_t3_None_Very Often";"hs_correct_raven";0;0,114937561478849;0,108780340388526;0,0179934278197253;0,0796710909937664;0,150204031963932;0,0697997633579382;0,14075882331024;6,38775238550427;1,68341629029266e-10;TRUE;100;"6";"Combined"
"h_pavig_t3_None_Low";"hs_correct_raven";0;0,098874132223893;0,0978886755723888;0,0167078582242826;0,0661273318454978;0,131620932602288;0,0670275194508536;0,134088435631786;5,91782207489606;3,26232597289555e-09;TRUE;100;"6";"Combined"
"h_pavig_t3_None_Medium";"hs_correct_raven";0;0,0815783534213287;0,0798654821094425;0,0177978308732974;0,0466952459067307;0,116461460935927;0,047712604734005;0,112254567123376;4,5836121267858;4,57011635870289e-06;TRUE;100;"6";"Combined"
"hs_no2_dy_hs_h_Log";"hs_correct_raven";0;-0,0124582286695888;-0,0142487548570513;0,00764616635047109;-0,0274444393363142;0,0025279819971366;-0,0266893916275704;0,00167720067594657;-1,62934313727313;0,103240399032287;FALSE;100;"6";"Combined"
"hs_no2_wk_hs_h_Log";"hs_correct_raven";0;0,00419983619287195;0,00422984176684409;0,00758959972793168;-0,0106755059309491;0,019075178316693;-0,00962279769890544;0,0187218811912158;0,553367284629711;0,58001193614965;FALSE;100;"6";"Combined"
"hs_no2_yr_hs_h_Log";"hs_correct_raven";0;0,017261220050491;0,0160275888759097;0,00885317736515409;-9,06887339561825e-05;0,0346131288349383;0,000562368640138416;0,0327519845860345;1,9497203476834;0,0512094597279397;FALSE;100;"6";"Combined"
"hs_pm10_dy_hs_h_None";"hs_correct_raven";0;-0,00658472711927663;-0,00826644024537835;0,00617479801338513;-0,018687108837321;0,00551765459876769;-0,0203950765193673;0,00287649503570632;-1,06638745186529;0,286248531662631;FALSE;100;"6";"Combined"
"hs_pm10_wk_hs_h_None";"hs_correct_raven";0;0,00319330457423988;0,00263533518087485;0,00787206372872818;-0,0122356568180714;0,0186222659665512;-0,0107125574329016;0,0178601299625014;0,405650244241073;0,684999605713487;FALSE;100;"6";"Combined"
"hs_pm10_yr_hs_h_None";"hs_correct_raven";0;0,021434355096924;0,0209868290484649;0,00967028402631111;0,00248094668508129;0,0403877635087668;0,00325501568809533;0,0394514045634302;2,21651763677313;0,0266560713645393;TRUE;100;"6";"Combined"
"hs_pm25_dy_hs_h_None";"hs_correct_raven";0;0,00215608137944475;0,0039744396753653;0,00755501870948847;-0,0126514831936789;0,0169636459525684;-0,00855355929171927;0,0201642536700764;0,285383989418437;0,775349972345864;FALSE;100;"6";"Combined"
"hs_pm25_wk_hs_h_None";"hs_correct_raven";0;-0,00546954282370096;-0,00647034693756424;0,006672616692831;-0,0185476312242905;0,00760854557688856;-0,0221820409064866;0,00521940037900668;-0,819699838232486;0,412387242263499;FALSE;100;"6";"Combined"
"hs_pm25_yr_hs_h_None";"hs_correct_raven";0;0,00945925277739439;0,00524236737765203;0,0100315826328386;-0,0102022878909067;0,0291207934456955;-0,0166845857710781;0,0233597287100171;0,942947202212075;0,34570790944355;FALSE;100;"6";"Combined"
"hs_pm25abs_dy_hs_h_Log";"hs_correct_raven";0;0,0180754295784183;0,0189380971836675;0,00569634789538654;0,00691079286005017;0,0292400662967865;0,00711518704517869;0,0293344419574649;3,17316110433802;0,00150788826798476;TRUE;100;"6";"Combined"
"hs_pm25abs_wk_hs_h_Log";"hs_correct_raven";0;-0,0117601248074968;-0,0119341320997675;0,00583373179961241;-0,0231940290302032;-0,000326220584790428;-0,0221678140737385;-0,00236023912273933;-2,01588369356955;0,0438121391268373;TRUE;100;"6";"Combined"
"hs_pm25abs_yr_hs_h_Log";"hs_correct_raven";0;-0,0036632463889735;-0,00346956834455378;0,00841425412414678;-0,0201548814290688;0,0128283886511218;-0,0242244565491308;0,0113044412922086;-0,435361986329948;0,663299698238264;FALSE;100;"6";"Combined"
"hs_accesslines300_h_dic0";"hs_correct_raven";0;0,00315335948628274;0,00339084531920342;0,0208396975308041;-0,0376916971228015;0,043998416095367;-0,029761563621561;0,0448377879799894;0,151315031402045;0,879727212462982;FALSE;100;"6";"Combined"
"hs_accesspoints300_h_Log";"hs_correct_raven";0;-0,0120425182037088;-0,0105908373963143;0,00676747921083642;-0,0253065337230717;0,00122149731565413;-0,0235178951751165;0,00242081530811596;-1,77946881379787;0,0751629333744126;FALSE;100;"6";"Combined"
"hs_builtdens300_h_Sqrt";"hs_correct_raven";0;-0,00361187939344473;-0,00398827759147861;0,00723424514787251;-0,0177907393386085;0,010566980551719;-0,0178410055314993;0,00995939265409045;-0,499275227700423;0,617585504280472;FALSE;100;"6";"Combined"
"hs_connind300_h_Log";"hs_correct_raven";0;0,000909666984374387;0,000464888421341811;0,00546557032269215;-0,00980265400307318;0,0116219879718219;-0,00849876017069632;0,0113871992312082;0,16643587597759;0,867813942715722;FALSE;100;"6";"Combined"
"hs_fdensity300_h_Log";"hs_correct_raven";0;0,0172782648904998;0,0185213004801159;0,00804117479407995;0,00151785190071184;0,0330386778802878;0,00388431440444073;0,0348085094710754;2,14872395302492;0,0316562887615234;TRUE;100;"6";"Combined"
"hs_landuseshan300_h_None";"hs_correct_raven";0;0,00958159693598067;0,00998722154757198;0,00518709570836238;-0,000584923836771879;0,0197481177087332;0,000712337571342312;0,0191769824989191;1,84719879383249;0,0647183341411557;FALSE;100;"6";"Combined"
"hs_popdens_h_Sqrt";"hs_correct_raven";0;-0,0106814887530045;-0,0107339587558201;0,00571576693200034;-0,0218841860837502;0,000521208577741135;-0,0216013482192914;-0,000328492600908708;-1,86877612052427;0,0616539684600484;FALSE;100;"6";"Combined"
"hs_walkability_mean_h_None";"hs_correct_raven";0;-0,00543449095703654;-0,00592882094742505;0,00584667027249891;-0,0168937541206154;0,0060247722065423;-0,0174052766237937;0,00411832055748155;-0,929501870936498;0,352629056077801;FALSE;100;"6";"Combined"
"hs_accesslines300_s_dic0";"hs_correct_raven";0;0,0071519548570548;0,0121249795632545;0,0230260424829094;-0,0379782591159369;0,0522821688300464;-0,0257147680732942;0,0607025560126449;0,310602869006395;0,756102545851707;FALSE;100;"6";"Combined"
"hs_accesspoints300_s_Log";"hs_correct_raven";0;-0,00350659339117947;-0,00291854136744411;0,00554518103202063;-0,0143749485016946;0,0073617617193356;-0,0132052368586833;0,00726937156118908;-0,6323677028632;0,527146633095388;FALSE;100;"6";"Combined"
"hs_builtdens300_s_Sqrt";"hs_correct_raven";0;-0,00591469472051897;-0,00486102593344288;0,0077456314393815;-0,0210958533792278;0,0092664639381899;-0,0198495397388834;0,0104955503704977;-0,763616855101908;0,445095601890614;FALSE;100;"6";"Combined"
"hs_connind300_s_Log";"hs_correct_raven";0;0,000657317757158683;0,00266935062588279;0,00739385141626868;-0,0138343647257684;0,0151490002400858;-0,0119053358092488;0,0175601843325151;0,0889005905247687;0,929160914241103;FALSE;100;"6";"Combined"
"hs_fdensity300_s_Log";"hs_correct_raven";0;0,000463573830089261;0,00139224352664939;0,0063884170395909;-0,0120574934857309;0,0129846411459094;-0,011069431930794;0,0121582707808807;0,0725647413461517;0,942152485051519;FALSE;100;"6";"Combined"
"hs_landuseshan300_s_None";"hs_correct_raven";0;-0,00323448428391713;-0,00306335098418307;0,00514219610317324;-0,0133130034475789;0,00684403487974463;-0,0131193525714615;0,00591137923449962;-0,62900834954955;0,529343589961775;FALSE;100;"6";"Combined"
"hs_popdens_s_Sqrt";"hs_correct_raven";0;0,00362843699814495;0,00358960655413343;0,00575621590626271;-0,00765353886536655;0,0149104128616564;-0,00591455452468832;0,0152186552458899;0,630351094752586;0,528464900295613;FALSE;100;"6";"Combined"
"h_Absorbance_Log";"hs_correct_raven";0;0,00834775309396549;0,0092086036479427;0,00706934756352123;-0,00550791352473209;0,0222034197126631;-0,00586266283504151;0,0218130924940436;1,18083783813955;0,237667149407002;FALSE;100;"6";"Combined"
"h_Benzene_Log";"hs_correct_raven";0;-0,0161063225170661;-0,015512957164773;0,0060109400652312;-0,0278875485581481;-0,00432509647598413;-0,0262326005418399;-0,00416914129823213;-2,67950143276743;0,00737318877146517;TRUE;100;"6";"Combined"
"h_NO2_Log";"hs_correct_raven";0;0,0123678803409818;0,0118571116442784;0,00625496478386057;0,000108374640048689;0,0246273860419148;0,000638797333666211;0,0226968466378342;1,97729016363035;0,048008840892657;TRUE;100;"6";"Combined"
"h_PM_Log";"hs_correct_raven";0;-0,00867084879075317;-0,00874479149676764;0,00547435169901455;-0,0194003809595273;0,002058683378021;-0,0189214999795267;0,000726725995693098;-1,58390422601347;0,113215515558304;FALSE;100;"6";"Combined"
"h_TEX_Log";"hs_correct_raven";0;-0,00173455864861407;-0,00284135014153282;0,00520710683429044;-0,0119403005074757;0,00847118321024756;-0,0125169770687115;0,00643222051667228;-0,333113704752793;0,739048454715488;FALSE;100;"6";"Combined"
"hs_KIDMED_None";"hs_correct_raven";0;0,00825723642107406;0,00823570894452716;0,00520389556233975;-0,00194221146041965;0,0184566843025678;-0,00270834685073043;0,0183015703093295;1,58674137906055;0,112571230451269;FALSE;100;"6";"Combined"
"hs_mvpa_prd_alt_None";"hs_correct_raven";0;-0,00730964805712191;-0,00919733764739519;0,00629415702480208;-0,0196459691387738;0,00502667302452995;-0,0204048166672158;0,00214805320091276;-1,1613386873442;0,245504192351737;FALSE;100;"6";"Combined"
"hs_sd_wk_None";"hs_correct_raven";0;-0,0122235443430031;-0,0117300766889634;0,00547006518298251;-0,0229446750947353;-0,00150241359127088;-0,0223233159451329;-0,00293287140322485;-2,23462498783941;0,025441978953329;TRUE;100;"6";"Combined"
"hs_dif_hours_total_None";"hs_correct_raven";0;-0,000287049661134517;-0,00150256026707474;0,00512291737983886;-0,010327783221393;0,00975368389912394;-0,0101705465285122;0,00883667233017751;-0,0560324596028419;0,955315948748186;FALSE;100;"6";"Combined"
"hs_as_c_Log2";"hs_correct_raven";0;0,0177260790108452;0,0194111419156101;0,00604970150897449;0,00586888193603757;0,0295832760856528;0,00912920053686245;0,0325326860483746;2,9300749771785;0,00338880226304031;TRUE;100;"6";"Combined"
"hs_cd_c_Log2";"hs_correct_raven";0;-0,00466413049550285;-0,00514536017269608;0,00468703588210915;-0,0138505520186837;0,00452229102767801;-0,0135528590692808;0,00350115865102308;-0,995113033656574;0,319681292264849;FALSE;100;"6";"Combined"
"hs_co_c_Log2";"hs_correct_raven";0;0,00841137094127313;0,00923257455959987;0,00338471216829813;0,00177745699337432;0,0150452848891719;0,00340182595566098;0,0170527084865135;2,48510671603206;0,0129512603592676;TRUE;100;"6";"Combined"
"hs_cs_c_Log2";"hs_correct_raven";0;-0,00427145576880174;-0,00353425040009522;0,00639945645233956;-0,0168141599360197;0,00827124839841627;-0,0159320848434731;0,00926747827365971;-0,667471651790074;0,504470911342151;FALSE;100;"6";"Combined"
"hs_cu_c_Log2";"hs_correct_raven";0;-0,00310333940228103;-0,00276069744508249;0,00449983006448641;-0,0119228442652249;0,00571616546066287;-0,0108802265729248;0,00546597066230779;-0,689657022111397;0,49040989907966;FALSE;100;"6";"Combined"
"hs_hg_c_Log2";"hs_correct_raven";0;-0,0147040233234532;-0,0157797502719531;0,00609929756369897;-0,0266584268792961;-0,00274961976761035;-0,0275666769873875;-0,00683025689030436;-2,41077323575206;0,0159187424800651;TRUE;100;"6";"Combined"
"hs_mn_c_Log2";"hs_correct_raven";0;-0,00813042893901546;-0,00808728133301461;0,00472109781443787;-0,0173836106228045;0,00112275274477354;-0,0169005733384677;0,00107493516461513;-1,72214795341696;0,0850427202404506;FALSE;100;"6";"Combined"
"hs_mo_c_Log2";"hs_correct_raven";0;-0,00833265893896351;-0,00711547994233747;0,00432800847967966;-0,0168153996839196;0,000150081805992575;-0,014984125285611;0,000652540482620147;-1,9252871102462;0,0541934493109019;FALSE;100;"6";"Combined"
"hs_pb_c_Log2";"hs_correct_raven";0;-0,00432833515084426;-0,00343228335150746;0,0052027594033902;-0,0145255562017161;0,00586888590002763;-0,0126369255260645;0,00613066351512359;-0,831930676637449;0,405448075212541;FALSE;100;"6";"Combined"
"hs_hum_mt_hs_h_None";"hs_correct_raven";0;-0,0102720410085236;-0,00962273705246428;0,00842210168721101;-0,0267790569895912;0,00623497497254396;-0,0233193134133994;0,00632693823840127;-1,21965293106372;0,222596471836234;FALSE;100;"6";"Combined"
"hs_tm_mt_hs_h_None";"hs_correct_raven";0;0,0192875541238965;0,0198227313104821;0,00734751267421692;0,00488669390647978;0,0336884143413132;0,00711769924677332;0,0339188062590793;2,62504536964982;0,00866374221144884;TRUE;100;"6";"Combined"
"hs_uvdvf_mt_hs_h_None";"hs_correct_raven";0;0,0026644138209385;0,00226710966850779;0,00869532002644328;-0,0143781002649402;0,0197069279068172;-0,0139439948683945;0,0174744476310374;0,306419293693132;0,759285420172129;FALSE;100;"6";"Combined"
"hs_hum_dy_hs_h_None";"hs_correct_raven";0;-0,00088197920780833;-0,00171800173643705;0,00542926772964759;-0,0115231484203432;0,0097591900047265;-0,0134457938917084;0,00786023173083636;-0,162449017386287;0,870952273132671;FALSE;100;"6";"Combined"
"hs_hum_wk_hs_h_None";"hs_correct_raven";0;-0,0103539466665233;-0,00970157122528142;0,0067688480935818;-0,0236206451467662;0,00291275181371962;-0,0227763146631544;0,002278231403082;-1,52964677643466;0,126104184423428;FALSE;100;"6";"Combined"
"hs_tm_dy_hs_h_None";"hs_correct_raven";0;-0,00193374528418507;-0,00375716103186266;0,00691223997472887;-0,0154814866871517;0,0116139961187816;-0,0178646492056401;0,00632008592749861;-0,279756676743695;0,779664191910324;FALSE;100;"6";"Combined"
"hs_tm_wk_hs_h_None";"hs_correct_raven";0;0,00365590620074291;0,00373529391450342;0,00897413988668763;-0,0139330847693892;0,021244897170875;-0,0133170238506801;0,0216742614833222;0,407382350498696;0,683727187810662;FALSE;100;"6";"Combined"
"hs_uvdvf_dy_hs_h_None";"hs_correct_raven";0;-0,0108995802892011;-0,0107603631152005;0,00728758503130626;-0,0251829844848346;0,00338382390643232;-0,0264700604643372;0,00106247602503219;-1,49563679084064;0,134748330290508;FALSE;100;"6";"Combined"
"hs_uvdvf_wk_hs_h_None";"hs_correct_raven";0;-0,0132565386066469;-0,012085966917993;0,0074748048560043;-0,0279068869158804;0,00139380970258664;-0,0243066263655653;0,0046991039966922;-1,77349628010667;0,0761465077438276;FALSE;100;"6";"Combined"
"hs_ndvi100_h_None";"hs_correct_raven";0;0,00577428245522415;0,0047367948576147;0,00889581648128204;-0,0116611974611665;0,0232097623716148;-0,012403319273518;0,0208243713209551;0,649100896738821;0,516273162276467;FALSE;100;"6";"Combined"
"hs_ndvi100_s_None";"hs_correct_raven";0;-0,00386561037487159;-0,00444396514824747;0,00652390220928234;-0,0166522237437263;0,00892100299398309;-0,0181235665266919;0,00639145150858792;-0,592530398351391;0,553495471172341;FALSE;100;"6";"Combined"
"hs_dde_cadj_Log2";"hs_correct_raven";0;0,00300144615396227;0,00308099775225866;0,00562332955598998;-0,00802007724897771;0,0140229695569023;-0,00626870118033706;0,0140851385794296;0,533748933630455;0,593515248890205;FALSE;100;"6";"Combined"
"hs_ddt_cadj_Log2";"hs_correct_raven";0;-0,00698061616397348;-0,00874811963312172;0,00497417895955496;-0,0167298277773581;0,00276859544941116;-0,0188276919196501;0,000799911175573552;-1,40337053023883;0,160506376094557;FALSE;100;"6";"Combined"
"hs_hcb_cadj_Log2";"hs_correct_raven";0;-0,00308919040556975;-0,00289392480257953;0,00792366499678305;-0,0186192884248252;0,0124409076136857;-0,0223653909535676;0,00899636260860886;-0,389868880981709;0,696633506068759;FALSE;100;"6";"Combined"
"hs_pcb118_cadj_Log2";"hs_correct_raven";0;-0,0132705260070785;-0,0151284029333296;0,00704531551167449;-0,0270790906696818;0,000538038655524929;-0,0298589639659082;-0,00222506087794215;-1,88359570058835;0,0596196838666353;FALSE;100;"6";"Combined"
"hs_pcb138_cadj_Log2";"hs_correct_raven";0;-0,0015423726395925;-0,00484586550733875;0,0101203201943875;-0,0213778357326054;0,0182930904534204;-0,0305456334683196;0,00653475757029325;-0,152403541584372;0,878868663928521;FALSE;100;"6";"Combined"
"hs_pcb153_cadj_Log2";"hs_correct_raven";0;-0,00374517246896585;-0,00268579681248603;0,00789189162891267;-0,0192129958315278;0,0117226508935961;-0,0173910023604643;0,0117141447343886;-0,474559540990789;0,635100949772917;FALSE;100;"6";"Combined"
"hs_pcb170_cadj_Log2";"hs_correct_raven";0;0,004754008905503;0,00704515813587725;0,00669004013425614;-0,00835822881276655;0,0178662466237725;-0,00608232664435055;0,0192830996484021;0,710609923124414;0,477325992210723;FALSE;100;"6";"Combined"
"hs_pcb180_cadj_Log2";"hs_correct_raven";0;0,00617409585192809;0,00504512800348383;0,00485659175575362;-0,00334464907696315;0,0156928407808193;-0,00373969721539373;0,0133045152999779;1,27128162349936;0,203628477475458;FALSE;100;"6";"Combined"
"hs_sumPCBs5_cadj_Log2";"hs_correct_raven";0;-0,00229705713627982;-0,000860037970492861;0,00824782041878074;-0,0184624881080441;0,0138683738354845;-0,0160507195277173;0,016453850483146;-0,278504746666076;0,780624921813698;FALSE;100;"6";"Combined"
"hs_pfhxs_c_Log2";"hs_correct_raven";0;0,0119054859876059;0,013765285171803;0,00597287669846373;0,000198862774518542;0,0236121092006934;0,00256018151749563;0,0243347853974635;1,9932582888691;0,0462331713094541;TRUE;100;"6";"Combined"
"hs_pfna_c_Log2";"hs_correct_raven";0;-0,0171158224016243;-0,0177452966943704;0,00599341328294292;-0,0288626965806563;-0,00536894822259215;-0,029349770704713;-0,00506962689859405;-2,85577209406456;0,00429323186379808;TRUE;100;"6";"Combined"
"hs_pfoa_c_Log2";"hs_correct_raven";0;0,0107138911185269;0,0110431613514431;0,00592867813686188;-0,000906104505652414;0,0223338867427062;-0,000834505800648688;0,0204429481899693;1,80712983083239;0,0707420384254044;FALSE;100;"6";"Combined"
"hs_pfos_c_Log2";"hs_correct_raven";0;0,00983677497404492;0,010688723724955;0,00550880835691582;-0,000960291003243357;0,0206338409513332;-0,00293877541790271;0,0207446420114925;1,78564479588325;0,0741567889355054;FALSE;100;"6";"Combined"
"hs_pfunda_c_Log2";"hs_correct_raven";0;0,00824346829417762;0,009967380223829;0,00573151969318964;-0,00299010388115614;0,0194770404695114;-0,000205930336492503;0,0202018286699155;1,43826920877071;0,150357684883759;FALSE;100;"6";"Combined"
"hs_hm_pers_None";"hs_correct_raven";0;-0,00754748595519331;-0,00951947367760746;0,00503840330205493;-0,0174225749668086;0,00232760305642203;-0,0188802053192331;0,00232165470163239;-1,49799162606039;0,134135426129034;FALSE;100;"6";"Combined"
"hs_trafload_h_pow1over3";"hs_correct_raven";0;-0,00103583755724437;-0,000323411420739751;0,00481436732256733;-0,0104718241178229;0,00840014900333413;-0,00879763397298131;0,00796831184916677;-0,215155489359709;0,829646092540315;FALSE;100;"6";"Combined"
"hs_trafnear_h_pow1over3";"hs_correct_raven";0;-0,0118440177567312;-0,0126948293779184;0,00644353793879619;-0,0244731200497891;0,000785084536326829;-0,02411198646558;-0,00103080746358492;-1,83812338333867;0,0660442262687746;FALSE;100;"6";"Combined"
"FAS_cat_None_Low";"hs_correct_raven";0;-0,00444826454720398;-0,00167299492411024;0,0172651416272738;-0,0382873203246439;0,0293907912302359;-0,0385459237400482;0,0289002619660444;-0,257644254720566;0,796681472075839;FALSE;100;"6";"Combined"
"FAS_cat_None_Middle";"hs_correct_raven";0;0,0224307079115846;0,0267912302580072;0,0116776466846023;-0,000457059014419402;0,0453184748375886;0,00545769974836846;0,0513339275498809;1,92082433365285;0,0547538576177439;FALSE;100;"6";"Combined"
"hs_globalexp2_None_no exposure";"hs_correct_raven";0;0,0222261641908263;0,0228778174114179;0,0105065080894166;0,00163378673229099;0,0428185416493616;5,15475620508076e-05;0,0419769264129089;2,11546633778497;0,0343902210230484;TRUE;100;"6";"Combined"
"h_abs_ratio_preg_Log";"hs_Gen_Tot";0;-0,00586763951290743;-0,00316113772818937;0,00317265098564549;-0,0120859211802881;0,000350642154473228;-0,00982573261906907;0,00209147624406192;-1,84944374261628;0,0643937640903396;FALSE;100;"6";"Combined"
"h_no2_ratio_preg_Log";"hs_Gen_Tot";0;-0,0100038272946525;-0,00758154826257131;0,00367015366124677;-0,0171971962884239;-0,00281045830088096;-0,0139253986923842;-0,000312105684229153;-2,72572437505358;0,00641605513841759;TRUE;100;"6";"Combined"
"h_pm10_ratio_preg_None";"hs_Gen_Tot";0;-0,000111394041581909;4,47590531490912e-05;0,00243943675281417;-0,00489260221966102;0,00466981413649721;-0,00555163938034361;0,00415919092856192;-0,0456638367251796;0,963578187838319;FALSE;100;"6";"Combined"
"h_pm25_ratio_preg_None";"hs_Gen_Tot";0;-0,00901778391710056;-0,005569665574364;0,00396885900859914;-0,0167966046336722;-0,00123896320052891;-0,0136045710077996;0,000931497390417914;-2,27213511428906;0,0230783508203322;TRUE;100;"6";"Combined"
"h_accesslines300_preg_dic0";"hs_Gen_Tot";0;0,00567686054028823;0,00509227410081697;0,00677940239885115;-0,00761052399816448;0,0189642450787409;-0,00912615569803764;0,0181588903527501;0,837368872107405;0,402385257107939;FALSE;100;"6";"Combined"
"h_accesspoints300_preg_Log";"hs_Gen_Tot";0;0,00213839041923249;0,00208269220410961;0,00277559907936476;-0,00330168381184496;0,00757846465030994;-0,00289425631711899;0,00688647594403425;0,770424819322933;0,441047935538083;FALSE;100;"6";"Combined"
"h_builtdens300_preg_Sqrt";"hs_Gen_Tot";0;-0,00354584191646743;-0,00295470152265842;0,00320528942375964;-0,00982809374706346;0,00273640991412861;-0,00935876734857636;0,00319415799150489;-1,10624703347641;0,268619610386712;FALSE;100;"6";"Combined"
"h_connind300_preg_Sqrt";"hs_Gen_Tot";0;0,00028903377975485;0,000933667040095902;0,00274470547166776;-0,00509049009288398;0,00566855765239369;-0,00393341743916083;0,0057820482249604;0,105305936370369;0,916133052626681;FALSE;100;"6";"Combined"
"h_fdensity300_preg_Log";"hs_Gen_Tot";0;-0,00515296747071018;-0,00307521914590028;0,00336574655100162;-0,0117497094917632;0,00144377455034289;-0,0103500587150049;0,0022660508889954;-1,53100282288834;0,125768694983689;FALSE;100;"6";"Combined"
"h_frichness300_preg_None";"hs_Gen_Tot";0;0,00128936829237146;0,00161507282580332;0,00258211581646129;-0,0037714857118039;0,00635022229654682;-0,00291576130678418;0,00677027778207419;0,499345646756659;0,617535902977521;FALSE;100;"6";"Combined"
"h_landuseshan300_preg_None";"hs_Gen_Tot";0;0,00324436941125082;0,00244513860185718;0,00238409022396619;-0,00142836156361694;0,00791710038611858;-0,00183510796673974;0,00704165604226384;1,36084170751452;0,173563718330318;FALSE;100;"6";"Combined"
"h_popdens_preg_Sqrt";"hs_Gen_Tot";0;0,00736205695601666;0,00548368364786118;0,00337192218465269;0,000753210915425779;0,0139709029966075;-0,00010174144649024;0,0116237356776945;2,18334129699822;0,0290106854834099;TRUE;100;"6";"Combined"
"h_walkability_mean_preg_None";"hs_Gen_Tot";0;-0,00281487655792294;-0,00252237479612882;0,00263714517831284;-0,00798358612941956;0,00235383301357369;-0,0073595716318156;0,00216646707603506;-1,06739537173445;0,285793337544371;FALSE;100;"6";"Combined"
"hs_as_m_Log2";"hs_Gen_Tot";0;0,00312363885019568;0,0017367472608906;0,00283681488000476;-0,00243641614542096;0,00868369384581232;-0,0027689122126188;0,00775105000591184;1,10110775017877;0,270849764357431;FALSE;100;"6";"Combined"
"hs_cd_m_Log2";"hs_Gen_Tot";0;-0,000427455315228842;0,0002582225968525;0,0028596380812208;-0,00603224296324083;0,00517733233278315;-0,00512766495283918;0,0059336446879313;-0,149478816230604;0,881175823763592;FALSE;100;"6";"Combined"
"hs_co_m_Log2";"hs_Gen_Tot";0;-0,0016657812243161;-0,000903309962881213;0,00240261245222446;-0,00637481509948349;0,0030432526508513;-0,00647296110183284;0,00351693335159186;-0,693320815337419;0,488108242986353;FALSE;100;"6";"Combined"
"hs_cs_m_Log2";"hs_Gen_Tot";0;-0,00533956064514277;-0,00440825911891885;0,00240408877667984;-0,0100514880630722;-0,000627633227213323;-0,00961253736358333;-0,000718987300012492;-2,22103305707244;0,0263487224870621;TRUE;100;"6";"Combined"
"hs_cu_m_Log2";"hs_Gen_Tot";0;-0,00310921342630656;-0,00142212449356796;0,00235191149716434;-0,00771887525557435;0,00150044840296123;-0,00592310630480224;0,0027564296268981;-1,32199422897302;0,186170072636494;FALSE;100;"6";"Combined"
"hs_hg_m_Log2";"hs_Gen_Tot";0;0,00386660362485028;0,00251030709072532;0,00265755884022251;-0,00134211598878187;0,00907532323848243;-0,00255622484708106;0,00837104841129077;1,45494563143014;0,145684313664766;FALSE;100;"6";"Combined"
"hs_mn_m_Log2";"hs_Gen_Tot";0;-0,00253364934738393;-0,00142793377288519;0,00236699671509283;-0,0071728776604905;0,00210557896572263;-0,0062466931712047;0,00245907050143435;-1,07040678646847;0,284436245887384;FALSE;100;"6";"Combined"
"hs_mo_m_Log2";"hs_Gen_Tot";0;-0,0039247827859447;-0,00246599532137037;0,00223985266062611;-0,00831481333144809;0,000465247759558688;-0,00745451095230163;0,00122276895938086;-1,75225042920796;0,0797307557098493;FALSE;100;"6";"Combined"
"hs_pb_m_Log2";"hs_Gen_Tot";0;-0,00348096495270608;-0,00217537352806343;0,00219229634011842;-0,00777778682277716;0,000815856917365003;-0,00713599688710353;0,00125082859441461;-1,58781679693816;0,112327772106943;FALSE;100;"6";"Combined"
"h_humidity_preg_None";"hs_Gen_Tot";0;0,0125748418879447;0,00994946990339202;0,00349329955450151;0,00572810057391191;0,0194215832019775;0,00385935984644546;0,0167687743184143;3,59970328675094;0,000318580493134282;TRUE;100;"6";"Combined"
"h_pressure_preg_None";"hs_Gen_Tot";0;-0,00012035964310789;-0,000920846160680411;0,00250154461538395;-0,00502329699498054;0,00478257770876476;-0,00529709284401466;0,00373572036697113;-0,0481141301129329;0,961625285046564;FALSE;100;"6";"Combined"
"h_temperature_preg_None";"hs_Gen_Tot";0;-0,000103306866223141;0,000392640961693602;0,00226228222089093;-0,00453729854203465;0,00433068480958837;-0,00399660452077021;0,00451602344646221;-0,0456648888760027;0,963577349218237;FALSE;100;"6";"Combined"
"h_ndvi100_preg_None";"hs_Gen_Tot";0;-7,89040236427511e-05;-0,000244926856881759;0,0034223193415783;-0,00678652667673106;0,00662871862944555;-0,00542080290682214;0,0057994996097201;-0,0230557162460363;0,981605829602893;FALSE;100;"6";"Combined"
"hs_dde_madj_Log2";"hs_Gen_Tot";0;-0,000306949960161619;-0,00108122385485463;0,00206675571534233;-0,00435771672707491;0,00374381680675167;-0,00451620062434416;0,00268590660028053;-0,148517774927637;0,881934159150622;FALSE;100;"6";"Combined"
"hs_ddt_madj_Log2";"hs_Gen_Tot";0;-0,00571298054244903;-0,00343348383262781;0,00235964183405928;-0,0103377935536193;-0,0010881675312788;-0,0082198636649842;0,000694973897835118;-2,4211219092607;0,0154726873649478;TRUE;100;"6";"Combined"
"hs_hcb_madj_Log2";"hs_Gen_Tot";0;-0,0020780139107831;-0,00135558101255009;0,00209709644631443;-0,00618824741766632;0,00203221959610013;-0,00563295250098677;0,00217139081401962;-0,990900496939531;0,321734169689835;FALSE;100;"6";"Combined"
"hs_pcb118_madj_Log2";"hs_Gen_Tot";0;0,00946655890550849;0,00575417569478242;0,00400444014188122;0,00161800044917483;0,0173151173618421;-0,000769786276630222;0,0145116081014335;2,36401558522517;0,0180780520513992;TRUE;100;"6";"Combined"
"hs_pcb138_madj_Log2";"hs_Gen_Tot";0;-0,00819782194144356;-0,0054030728549353;0,00426923326752539;-0,0165653653873936;0,000169721504506452;-0,0142684157923816;0,00165577872386137;-1,92020942116272;0,0548314520842488;FALSE;100;"6";"Combined"
"hs_pcb153_madj_Log2";"hs_Gen_Tot";0;0,00297552264344148;0,0010815181261813;0,00334313849750326;-0,00357690840699425;0,00952795369387722;-0,00487314112493335;0,00779560376259088;0,890038700360059;0,373445106087984;FALSE;100;"6";"Combined"
"hs_pcb170_madj_Log2";"hs_Gen_Tot";0;0,000642305375700759;0,00102136181042001;0,00329824028492041;-0,00582212679510236;0,00710673754650388;-0,0062307401176977;0,00824027339016063;0,19474183813635;0,845595056806845;FALSE;100;"6";"Combined"
"hs_pcb180_madj_Log2";"hs_Gen_Tot";0;-0,00387389651375184;-0,0025030447872186;0,00289859283814827;-0,00955503408236819;0,0018072410548645;-0,00855813374858392;0,00198995643057056;-1,33647487938549;0,181394105948026;FALSE;100;"6";"Combined"
"hs_sumPCBs5_madj_Log2";"hs_Gen_Tot";0;-0,000528045906189215;-0,000638260672509912;0,00321809058075494;-0,00683538754345647;0,00577929573107804;-0,00578385123961254;0,00598289524194788;-0,16408671320412;0,869662881369905;FALSE;100;"6";"Combined"
"hs_pfhxs_m_Log2";"hs_Gen_Tot";0;-0,000521359001608802;-0,00059877119103582;0,00265231116419073;-0,00571979335921614;0,00467707535599854;-0,00642793944956097;0,00385251131618743;-0,196567811743867;0,844165761633713;FALSE;100;"6";"Combined"
"hs_pfna_m_Log2";"hs_Gen_Tot";0;-0,00287601057042194;-0,00169892728389371;0,00324145389721878;-0,00922914346651774;0,00347712232567386;-0,00678789963077015;0,00432992642934574;-0,887259440243653;0,374939237050275;FALSE;100;"6";"Combined"
"hs_pfoa_m_Log2";"hs_Gen_Tot";0;-0,00379759806362945;-0,0027677305480795;0,00276687167390228;-0,00922056689432197;0,00162537076706307;-0,00915306248208736;0,00195444103936477;-1,37252410346645;0,169900340634991;FALSE;100;"6";"Combined"
"hs_pfos_m_Log2";"hs_Gen_Tot";0;-0,00558343779487089;-0,00418732945895027;0,00324152151120974;-0,0119367032119538;0,000769827622212039;-0,011349641349183;0,00258323981321318;-1,7224743922144;0,0849836177390251;FALSE;100;"6";"Combined"
"hs_pfunda_m_Log2";"hs_Gen_Tot";0;-0,00143769456080714;-0,00131424735432211;0,00224566689334108;-0,0058391207930296;0,00296373167141533;-0,00676977750411898;0,00193770969749916;-0,640208289604409;0,52203719423123;FALSE;100;"6";"Combined"
"e3_asmokcigd_p_None";"hs_Gen_Tot";0;0,0014806754775638;0,000648795488023894;0,00212943023039199;-0,00269293108159533;0,00565428203672293;-0,00271005455729611;0,00449309959340143;0,695338807738836;0,486842999260343;FALSE;100;"6";"Combined"
"h_distinvnear1_preg_Log";"hs_Gen_Tot";0;-0,000394325598864799;-0,000120376238385202;0,00229639080135518;-0,00489516886395002;0,00410651766622042;-0,0049608484552354;0,00362591885813581;-0,171715371195571;0,863661300847622;FALSE;100;"6";"Combined"
"h_trafload_preg_pow1over3";"hs_Gen_Tot";0;0,0015032862842662;0,00119064066211141;0,00212123435182351;-0,00265425664807703;0,00566082921660944;-0,00317706185379039;0,00496702628082635;0,708684678321333;0,478520174954579;FALSE;100;"6";"Combined"
"h_trafnear_preg_pow1over3";"hs_Gen_Tot";0;0,00400260361257575;0,0024296701064786;0,00279494380685163;-0,00147538558766671;0,00948059281281821;-0,00137966590057292;0,00912182519070955;1,43208732954259;0,152118830138103;FALSE;100;"6";"Combined"
"h_bro_preg_Log";"hs_Gen_Tot";0;0,00261266174499237;0,00270883579216807;0,00388761093895628;-0,00500691568126587;0,0102322391712506;-0,00564155524062438;0,0102633076864441;0,672048151426852;0,501553042685338;FALSE;100;"6";"Combined"
"h_clf_preg_Log";"hs_Gen_Tot";0;0,00438107198940106;0,002931245430663;0,00255695233624533;-0,000630462499825328;0,00939260647862744;-0,00139594903196777;0,00746533610909467;1,71339603296411;0,0866397056282869;FALSE;100;"6";"Combined"
"h_thm_preg_Log";"hs_Gen_Tot";0;0,000118393722642156;0,000734347879627129;0,00286616967940284;-0,00549919562256813;0,00573598306785244;-0,00507871246090936;0,00539314268531318;0,041307297154446;0,967050915749183;FALSE;100;"6";"Combined"
"e3_alcpreg_yn_None_1";"hs_Gen_Tot";0;-0,00418977105237931;-0,00149429229180798;0,00479369141811595;-0,0135852335848853;0,00520569148012669;-0,0125117662499048;0,00637288191107401;-0,874017680100485;0,382108625467277;FALSE;100;"6";"Combined"
"h_pamod_t3_None_Often";"hs_Gen_Tot";0;0,0151491538300282;0,0168681410125234;0,00618901224668189;0,00301891272665441;0,027279394933402;0,00400356699061207;0,0286691869032641;2,44774985510008;0,0143751417682184;TRUE;100;"6";"Combined"
"h_pamod_t3_None_Sometimes";"hs_Gen_Tot";0;0,00978376116448449;0,0118629249876047;0,00702023385597749;-0,00397564435628014;0,0235431666852491;-0,00342805884447794;0,0240423241909838;1,39365174511301;0,163422794621547;FALSE;100;"6";"Combined"
"h_pamod_t3_None_Very Often";"hs_Gen_Tot";0;0,0141162243485513;0,0158060009214332;0,00633419917365271;0,00170142209728865;0,026531026599814;0,00186649325242855;0,0270881463232912;2,22857285689218;0,0258423387194256;TRUE;100;"6";"Combined"
"h_pavig_t3_None_Low";"hs_Gen_Tot";0;0,0289775300662527;0,0263491977729524;0,0057644944749203;0,0176793285063288;0,0402757316261766;0,0159400899569954;0,037688013528754;5,02689874928769;4,98475367976851e-07;TRUE;100;"6";"Combined"
"h_pavig_t3_None_Medium";"hs_Gen_Tot";0;0,0370521361779959;0,0310673547343888;0,00744545590690802;0,0224593107519752;0,0516449616040166;0,0168694311949381;0,0465783602772429;4,97647647656047;6,47521412819307e-07;TRUE;100;"6";"Combined"
"hs_no2_dy_hs_h_Log";"hs_Gen_Tot";0;0,0104210711527647;0,0078544833121466;0,00396647793042942;0,00264691726365009;0,0181952250418793;0,000457365360103666;0,0147461685199437;2,62728580255494;0,00860690101086223;TRUE;100;"6";"Combined"
"hs_no2_wk_hs_h_Log";"hs_Gen_Tot";0;0,00261850514618085;0,00209761852042583;0,00281263747787854;-0,00289416301202865;0,00813117330439036;-0,00249464563244597;0,00801703018838485;0,930978544791308;0,351864662618922;FALSE;100;"6";"Combined"
"hs_no2_yr_hs_h_Log";"hs_Gen_Tot";0;0,00426941772149272;0,00390762991577471;0,00332269978981631;-0,00224295419798606;0,0107817896409715;-0,00264305155984278;0,00950509184274072;1,28492430600501;0,198818736343438;FALSE;100;"6";"Combined"
"hs_pm10_dy_hs_h_None";"hs_Gen_Tot";0;0,00324326056536848;0,00227732292924902;0,00294178808129336;-0,0025225381241157;0,00900905925485265;-0,00276991686639444;0,00815557360200845;1,10247933424986;0,270253338005781;FALSE;100;"6";"Combined"
"hs_pm10_wk_hs_h_None";"hs_Gen_Tot";0;-0,0090582122542435;-0,00600587236250408;0,0035178189088483;-0,0159530106197202;-0,00216341388876685;-0,0133248153639862;2,09988524839797e-05;-2,57495126638258;0,010025421116623;TRUE;100;"6";"Combined"
"hs_pm10_yr_hs_h_None";"hs_Gen_Tot";0;-0,00131733376261182;-0,000427568310750687;0,00364603105471648;-0,00846342331637071;0,00582875579114707;-0,00683137397464065;0,00764294891390436;-0,361306237616306;0,717870531285455;FALSE;100;"6";"Combined"
"hs_pm25_dy_hs_h_None";"hs_Gen_Tot";0;0,00376607911769959;0,00211198702666202;0,00303316339914515;-0,00217881190385;0,00971097013924918;-0,00362205735402549;0,0080631114007807;1,24163410344494;0,214371593066311;FALSE;100;"6";"Combined"
"hs_pm25_wk_hs_h_None";"hs_Gen_Tot";0;-0,000863412475982344;-0,00068475360039514;0,00336072706299978;-0,00745031648133098;0,00572349152936629;-0,00860872744088912;0,00466614443397967;-0,25691240609455;0,797246393276964;FALSE;100;"6";"Combined"
"hs_pm25_yr_hs_h_None";"hs_Gen_Tot";0;0,00832404487560582;0,00761381909561535;0,00367949113819546;0,00111237476330843;0,0155357149879032;0,00060456222384904;0,0136382553951599;2,26228153920441;0,023680014260403;TRUE;100;"6";"Combined"
"hs_pm25abs_dy_hs_h_Log";"hs_Gen_Tot";0;-0,00976617236595648;-0,00639022334429552;0,00334895090612439;-0,0163299955279531;-0,00320234920395989;-0,0121082275283274;0,000146878102446315;-2,91618857359079;0,00354336267847677;TRUE;100;"6";"Combined"
"hs_pm25abs_wk_hs_h_Log";"hs_Gen_Tot";0;-0,00176385565675948;-0,00124879646052332;0,00274476781892579;-0,00714350172777859;0,00361579041425962;-0,00591773524855091;0,00458652638746517;-0,642624722061116;0,520467637569825;FALSE;100;"6";"Combined"
"hs_pm25abs_yr_hs_h_Log";"hs_Gen_Tot";0;-0,00595010309550299;-0,00410835682180519;0,00412242017834829;-0,0140298981742068;0,00212969198320085;-0,011943364903013;0,00373547998547007;-1,44335192389025;0,148921359762383;FALSE;100;"6";"Combined"
"hs_accesslines300_h_dic0";"hs_Gen_Tot";0;-0,00500673739471306;-0,00312761482243535;0,00810091289628257;-0,020884234913323;0,0108707601238968;-0,0199130635447835;0,0130799000913614;-0,618046071944633;0,536544969183472;FALSE;100;"6";"Combined"
"hs_accesspoints300_h_Log";"hs_Gen_Tot";0;-0,00118097591619662;-0,0010509019455754;0,00311145652581819;-0,00727931864626239;0,00491736681386914;-0,00648565984617188;0,00548578217676899;-0,379557260851033;0,704274091493927;FALSE;100;"6";"Combined"
"hs_builtdens300_h_Sqrt";"hs_Gen_Tot";0;0,00400524755051035;0,00299746059696604;0,00314422820039635;-0,00215732648144169;0,0101678215824624;-0,00226769449557288;0,00943998989074296;1,27384124027813;0,202719686290789;FALSE;100;"6";"Combined"
"hs_connind300_h_Log";"hs_Gen_Tot";0;0,00367932465772307;0,00244784588066682;0,00239363259861025;-0,00101210902777404;0,00837075834322018;-0,00140653799565603;0,00701991014449849;1,53713007579329;0,124261459241385;FALSE;100;"6";"Combined"
"hs_fdensity300_h_Log";"hs_Gen_Tot";0;-0,00478077749049678;-0,00288990016683534;0,00310985681148413;-0,0108759848380822;0,00131442985708868;-0,00888146121681987;0,00216160692143666;-1,53729826815249;0,124220285394793;FALSE;100;"6";"Combined"
"hs_landuseshan300_h_None";"hs_Gen_Tot";0;-0,00572214550340985;-0,003681255960271;0,00295102591796969;-0,0115060500200747;6,1759013254988e-05;-0,0100949785558591;0,00108790366924364;-1,93903600390833;0,0524969542504605;FALSE;100;"6";"Combined"
"hs_popdens_h_Sqrt";"hs_Gen_Tot";0;-0,000204333840820717;-0,000354198450006085;0,00262072155177014;-0,00534085369579811;0,00493218601415668;-0,00477308994387252;0,00505198715671913;-0,0779685429315076;0,937853075898446;FALSE;100;"6";"Combined"
"hs_walkability_mean_h_None";"hs_Gen_Tot";0;-0,000382693371470651;-0,000803242526780287;0,00290715500104205;-0,00608061247098857;0,00531522572804727;-0,00703941143552258;0,00488939364579241;-0,131638447669105;0,895270273293493;FALSE;100;"6";"Combined"
"hs_accesslines300_s_dic0";"hs_Gen_Tot";0;0,011601225951048;0,00803938353086192;0,00866341069099584;-0,00537874698658311;0,0285811988886791;-0,00601091606502602;0,0239448173166029;1,3391060824469;0,180536140654602;FALSE;100;"6";"Combined"
"hs_accesspoints300_s_Log";"hs_Gen_Tot";0;0,00396922315538686;0,00295524706883261;0,00289850917989509;-0,00171175044606624;0,00965019675683996;-0,00228690954265798;0,00887410764821524;1,36940161615446;0,170873769354955;FALSE;100;"6";"Combined"
"hs_builtdens300_s_Sqrt";"hs_Gen_Tot";0;-0,00073506248277674;-0,00113985136307855;0,00289899393485928;-0,00641698618650099;0,00494686122094751;-0,00653306012140096;0,00422586920695553;-0,253557785664157;0,799837213102146;FALSE;100;"6";"Combined"
"hs_connind300_s_Log";"hs_Gen_Tot";0;-0,000975016830813184;-0,00114677495833195;0,00349413687148081;-0,00782339925596904;0,00587336559434267;-0,00785750771347452;0,00567006141354998;-0,279043685658476;0,780211299412904;FALSE;100;"6";"Combined"
"hs_fdensity300_s_Log";"hs_Gen_Tot";0;0,00294803547783572;0,0017608765702305;0,00252464282436803;-0,0020001735317531;0,00789624448742454;-0,00266085437018767;0,00677644643221303;1,16770398148248;0,242926190243861;FALSE;100;"6";"Combined"
"hs_landuseshan300_s_None";"hs_Gen_Tot";0;0,00304848252313284;0,00258483401594604;0,00232398114274619;-0,00150643681739993;0,00760340186366561;-0,00157597692886206;0,00709127315636114;1,311750111505;0,189604462671392;FALSE;100;"6";"Combined"
"hs_popdens_s_Sqrt";"hs_Gen_Tot";0;-0,0013160594796946;-0,000826226128502395;0,00268069638105936;-0,00657012784005781;0,00393800888066861;-0,00597619066409059;0,0045348257270755;-0,490939402534844;0,623469307426985;FALSE;100;"6";"Combined"
"h_Absorbance_Log";"hs_Gen_Tot";0;-0,00297353029914245;-0,00254468815746558;0,00333924592290266;-0,00951833204355387;0,00357127144526898;-0,0090867516370007;0,00395648594411207;-0,890479577663955;0,373208429502104;FALSE;100;"6";"Combined"
"h_Benzene_Log";"hs_Gen_Tot";0;0,0097802260793536;0,00547305854754743;0,00436060945086726;0,00123358860500879;0,0183268635536984;-0,00136047901674749;0,0140914510314985;2,24285760730268;0,0249059982261494;TRUE;100;"6";"Combined"
"h_NO2_Log";"hs_Gen_Tot";0;0,000459497407636098;0,000843844685813943;0,00276227141234745;-0,00495445507608948;0,00587344989136168;-0,00489442402689037;0,0057010193162574;0,166347667930866;0,867883354990904;FALSE;100;"6";"Combined"
"h_PM_Log";"hs_Gen_Tot";0;0,0109554625180366;0,00705735438422726;0,00386020565682094;0,0033895984577498;0,0185213265783234;0,000864717909434284;0,0152231956137412;2,83805151642075;0,00453898561277005;TRUE;100;"6";"Combined"
"h_TEX_Log";"hs_Gen_Tot";0;-0,00227754818961576;-0,00131247722151222;0,00222523198876954;-0,00663892274485049;0,00208382636561897;-0,00615772674968038;0,00226622756185621;-1,02351044794891;0,306066562531951;FALSE;100;"6";"Combined"
"hs_KIDMED_None";"hs_Gen_Tot";0;-0,00490199623564623;-0,00294094001273648;0,00267622500175925;-0,01014730085362;0,000343308382327552;-0,00810277105668715;0,0014681519281366;-1,83168314787577;0,0669986408243359;FALSE;100;"6";"Combined"
"hs_mvpa_prd_alt_None";"hs_Gen_Tot";0;0,00178381654908387;0,00164705097006131;0,00233326291009956;-0,00278929472117439;0,00635692781934212;-0,00262508458283743;0,00608340984173894;0,764515880899059;0,444559876523257;FALSE;100;"6";"Combined"
"hs_sd_wk_None";"hs_Gen_Tot";0;0,00492119185842285;0,00282488734440605;0,00265019054307426;-0,000273086158171354;0,0101154698750171;-0,00136906620206089;0,0089797472494799;1,85692001327353;0,0633225347848085;FALSE;100;"6";"Combined"
"hs_dif_hours_total_None";"hs_Gen_Tot";0;-0,00557674398731334;-0,00288138584893475;0,00314000773567306;-0,0117310460604097;0,000577558085783026;-0,00999870935542159;0,0011046036201346;-1,77602874157186;0,0757281799768497;FALSE;100;"6";"Combined"
"hs_as_c_Log2";"hs_Gen_Tot";0;-0,00827436645694088;-0,005549740076648;0,00318075895872521;-0,0145085394595454;-0,00204019345433634;-0,0110912050424118;7,05651784177546e-05;-2,60138116855516;0,00928492260798886;TRUE;100;"6";"Combined"
"hs_cd_c_Log2";"hs_Gen_Tot";0;0,00323091853061276;0,00190894347029619;0,00205535554244223;-0,000797504307998805;0,00725934136922432;-0,00209872835506795;0,00581768180656838;1,57195116070949;0,115961878226682;FALSE;100;"6";"Combined"
"hs_co_c_Log2";"hs_Gen_Tot";0;-0,00475417094114072;-0,00267829178458713;0,00265397769955779;-0,00995587164804644;0,000447529765765002;-0,00795209753746042;0,0017560599522265;-1,7913379384962;0,0732390815288872;FALSE;100;"6";"Combined"
"hs_cs_c_Log2";"hs_Gen_Tot";0;0,000796686474785468;-0,000263946525987422;0,00317805848904735;-0,00543219370450912;0,00702556665408005;-0,0071379637977039;0,00510590317723333;0,250683389727129;0,802058903780632;FALSE;100;"6";"Combined"
"hs_cu_c_Log2";"hs_Gen_Tot";0;0,00189043573921563;0,00108777621541554;0,00238671000334659;-0,00278742990888516;0,00656830138731642;-0,00227118719279371;0,00681101387735612;0,792067631410981;0,428321242469247;FALSE;100;"6";"Combined"
"hs_hg_c_Log2";"hs_Gen_Tot";0;0,000553834172456426;0,00016186510848811;0,00266951830629067;-0,00467832556394364;0,00578599390885649;-0,00504740315876302;0,00572574894729041;0,207465957866379;0,835645975967421;FALSE;100;"6";"Combined"
"hs_mn_c_Log2";"hs_Gen_Tot";0;0,00203442990267434;0,000460310212944528;0,00206861192234165;-0,00201997496310547;0,00608883476845415;-0,00283233708744331;0,00533850514731666;0,983475866450281;0,325373287358433;FALSE;100;"6";"Combined"
"hs_mo_c_Log2";"hs_Gen_Tot";0;-0,000654938497250218;-0,00120953261161487;0,0023842985450999;-0,00532807777403727;0,00401820077953683;-0,00511704797539156;0,00408020017176371;-0,274688125191461;0,783555855079941;FALSE;100;"6";"Combined"
"hs_pb_c_Log2";"hs_Gen_Tot";0;0,00337548173689151;0,00201515363769789;0,00258169339119154;-0,00168454432896899;0,00843550780275201;-0,00238424905342918;0,00767734705955182;1,30746809377453;0,191053784182666;FALSE;100;"6";"Combined"
"hs_hum_mt_hs_h_None";"hs_Gen_Tot";0;-0,00499575392203303;-0,00447322540626269;0,00303001147453746;-0,0109344672848696;0,00094295944080349;-0,0109634892899736;0,00135224534483356;-1,64875742683306;0,0991973400104107;FALSE;100;"6";"Combined"
"hs_tm_mt_hs_h_None";"hs_Gen_Tot";0;-0,00355346003112499;-0,00186465809201442;0,00351018254797278;-0,0104332914043127;0,0033263713420627;-0,00827624867602052;0,00491800250058939;-1,01232912606702;0,311380713127647;FALSE;100;"6";"Combined"
"hs_uvdvf_mt_hs_h_None";"hs_Gen_Tot";0;-0,00985196695815033;-0,00664480321589861;0,00400852598916199;-0,0177085335280006;-0,00199540038830003;-0,0149011512799064;-0,000531102444932973;-2,45775304558021;0,0139809276965012;TRUE;100;"6";"Combined"
"hs_hum_dy_hs_h_None";"hs_Gen_Tot";0;-0,00678526275665501;-0,00484493961543746;0,00290385232332611;-0,0124767087267971;-0,00109381678651287;-0,0107156512877769;-4,06172855024001e-05;-2,33664181272244;0,0194578164194446;TRUE;100;"6";"Combined"
"hs_hum_wk_hs_h_None";"hs_Gen_Tot";0;-0,00640553466012818;-0,00568893684567573;0,00315770061158748;-0,0125945141327997;-0,000216555187456622;-0,0119889384745702;-7,02221789149698e-05;-2,02854400972102;0,0425047563778292;TRUE;100;"6";"Combined"
"hs_tm_dy_hs_h_None";"hs_Gen_Tot";0;0,00025766351627055;0,000841328268923082;0,00272293697631582;-0,00507919488948085;0,00559452192202195;-0,00482725962322618;0,005602055605322;0,0946270583975004;0,92461105677505;FALSE;100;"6";"Combined"
"hs_tm_wk_hs_h_None";"hs_Gen_Tot";0;0,00343779047550672;0,00284669665807207;0,00314438745025549;-0,00272509568043377;0,0096006766314472;-0,00222686908581531;0,0092439618170478;1,09331007386745;0,274257681329588;FALSE;100;"6";"Combined"
"hs_uvdvf_dy_hs_h_None";"hs_Gen_Tot";0;0,00560815160213395;0,00340007181689076;0,00287146053214559;-1,98076238996179e-05;0,0112361108281675;-0,00132324709462487;0,00880653549615303;1,95306588384256;0,0508117888762992;FALSE;100;"6";"Combined"
"hs_uvdvf_wk_hs_h_None";"hs_Gen_Tot";0;-0,00260467235049928;-0,00257202389965244;0,00303895491335921;-0,00856091453132437;0,00335156983032581;-0,00750619140631535;0,0040100124278288;-0,85709476604907;0,391392513530627;FALSE;100;"6";"Combined"
"hs_ndvi100_h_None";"hs_Gen_Tot";0;-0,00242794975012823;-0,000700725393747507;0,00359333791615829;-0,00947076265008068;0,00461486314982421;-0,00846814654153207;0,00480657505619241;-0,675680886901949;0,499243273520324;FALSE;100;"6";"Combined"
"hs_ndvi100_s_None";"hs_Gen_Tot";0;0,00414164028995232;0,00325433456171336;0,00279333623722763;-0,00133319813172446;0,0096164787116291;-0,00177387748778867;0,00965982688258646;1,48268591326581;0,138157879011087;FALSE;100;"6";"Combined"
"hs_dde_cadj_Log2";"hs_Gen_Tot";0;-0,00279703056229306;-0,00157745998201804;0,00280777509631934;-0,00830016862776745;0,00270610750318132;-0,00807528137096649;0,00362349417862401;-0,996173292497551;0,319165953572394;FALSE;100;"6";"Combined"
"hs_ddt_cadj_Log2";"hs_Gen_Tot";0;0,000659357712420671;0,000609169125642915;0,00202464975345613;-0,00330888288566125;0,00462759831050259;-0,00269923396177652;0,00496901781542007;0,32566507431477;0,744677771505614;FALSE;100;"6";"Combined"
"hs_hcb_cadj_Log2";"hs_Gen_Tot";0;4,43155873562067e-05;-0,000892275972361917;0,00397915782797884;-0,00775469044428294;0,00784332161899535;-0,0103132402530255;0,00640923861159527;0,0111369262723405;0,991114202158799;FALSE;100;"6";"Combined"
"hs_pcb118_cadj_Log2";"hs_Gen_Tot";0;0,00764222435723719;0,00529617398441896;0,00346576817570694;0,000849443554086495;0,0144350051603879;-0,00144577273674473;0,0118501076826634;2,20505930281339;0,0274499333991855;TRUE;100;"6";"Combined"
"hs_pcb138_cadj_Log2";"hs_Gen_Tot";0;-0,00374673743971109;-0,00174600051228386;0,00449200619146226;-0,0125509077933081;0,00505743291388588;-0,00752344571062619;0,00786122011677249;-0,834089998992507;0,404230270375178;FALSE;100;"6";"Combined"
"hs_pcb153_cadj_Log2";"hs_Gen_Tot";0;0,00416710295777977;0,00258636556898079;0,00306575609388391;-0,00184166857161689;0,0101758744871764;-0,00367842322990802;0,00829680472167105;1,3592415150354;0,174070069958984;FALSE;100;"6";"Combined"
"hs_pcb170_cadj_Log2";"hs_Gen_Tot";0;-0,00887841523796874;-0,00694458081766907;0,00347695898059367;-0,0156931296156554;-0,00206370086028205;-0,0138117647877127;6,69689393784659e-05;-2,55350013834584;0,0106646236272662;TRUE;100;"6";"Combined"
"hs_pcb180_cadj_Log2";"hs_Gen_Tot";0;-0,00750189977327283;-0,0038344132336322;0,00378754258116691;-0,0149253468222718;-7,84527242738099e-05;-0,0119733021779567;0,00175630512384909;-1,98067734223639;0,0476274692733344;TRUE;100;"6";"Combined"
"hs_sumPCBs5_cadj_Log2";"hs_Gen_Tot";0;-0,00586041664815284;-0,00418675562193912;0,00348821829338952;-0,0126971988734101;0,000976365577104382;-0,0101480528177698;0,00291442605072467;-1,68006017836064;0,092945607744318;FALSE;100;"6";"Combined"
"hs_pfhxs_c_Log2";"hs_Gen_Tot";0;-0,00269377384946214;-0,00183735563461947;0,00277769382815555;-0,0081379537127262;0,00275040601380192;-0,0068222725669071;0,00348465260546678;-0,969787894604233;0,332152228062799;FALSE;100;"6";"Combined"
"hs_pfna_c_Log2";"hs_Gen_Tot";0;0,00439324076699173;0,00245531513894997;0,0034452803359153;-0,00235938460804633;0,0111458661420298;-0,00248056813048047;0,0104994657047675;1,27514754639685;0,202257023077213;FALSE;100;"6";"Combined"
"hs_pfoa_c_Log2";"hs_Gen_Tot";0;-0,0044317549681204;-0,00200484132662117;0,00240528566909726;-0,00914602825208136;0,00028251831584056;-0,0072346386297793;0,00207723727440814;-1,84250670307436;0,0654010669447951;FALSE;100;"6";"Combined"
"hs_pfos_c_Log2";"hs_Gen_Tot";0;-0,00636323447836167;-0,00448880474347502;0,00338290645434682;-0,0129936092919495;0,000267140335226189;-0,0110895856492105;0,000823865460012087;-1,88099628654683;0,0599724239893682;FALSE;100;"6";"Combined"
"hs_pfunda_c_Log2";"hs_Gen_Tot";0;-0,00274210471221792;-0,00209328966939954;0,0021201392424674;-0,00689750126966405;0,00141329184522821;-0,0063214900754857;0,00144106853754607;-1,2933606705127;0,195886346012804;FALSE;100;"6";"Combined"
"hs_hm_pers_None";"hs_Gen_Tot";0;0,00264586281440553;0,00253242940038624;0,00226628638491935;-0,00179597687868987;0,00708770250750093;-0,00159821248407726;0,007337674539191;1,16748828921711;0,243013234873795;FALSE;100;"6";"Combined"
"hs_trafload_h_pow1over3";"hs_Gen_Tot";0;-0,000932596442807022;-0,00066245003886127;0,00256248845114784;-0,00595498151785662;0,00408978863224258;-0,00544719318264434;0,00514359945708594;-0,363941715479449;0,715901533175789;FALSE;100;"6";"Combined"
"hs_trafnear_h_pow1over3";"hs_Gen_Tot";0;-0,000828501193357443;-0,00106485985759158;0,00219591474185513;-0,00513241500051408;0,00347541261379919;-0,00534658850746947;0,00319508154038877;-0,377292058551196;0,705956573223171;FALSE;100;"6";"Combined"
"FAS_cat_None_Low";"hs_Gen_Tot";0;0,019685658045326;0,0145825659819372;0,00929716161157257;0,00146355612819537;0,0379077599624566;-0,0013043405634094;0,034158522015132;2,1173836561927;0,0342273001531022;TRUE;100;"6";"Combined"
"FAS_cat_None_Middle";"hs_Gen_Tot";0;-0,000898241339882383;0,000123809540547717;0,00534118034159219;-0,0113667624443364;0,00957027976457164;-0,0110352840434308;0,00947603640184656;-0,168172816200889;0,866447325875554;FALSE;100;"6";"Combined"
"hs_globalexp2_None_no exposure";"hs_Gen_Tot";0;0,00971683723673576;0,00857535402162472;0,0051383066585821;-0,000354058755607501;0,019787733229079;-0,000492858460342717;0,0185582353583006;1,89105825758891;0,0586165678758218;FALSE;100;"6";"Combined"
"h_abs_ratio_preg_Log";"hs_bmi_c_cat";0;-0,0138075108701967;-0,00604880121946435;0,0743347787495433;-0,159501000018055;0,131885978277661;-0,144148714855276;0,137299479291332;-0,18574765543755;0,852642654939877;FALSE;100;"6";"Combined"
"h_no2_ratio_preg_Log";"hs_bmi_c_cat";0;-0,00301897765358474;-0,00804628103300168;0,0647240975992809;-0,129875877880031;0,123837922572861;-0,129435689120838;0,124353434363158;-0,0466437967552024;0,962797125234497;FALSE;100;"6";"Combined"
"h_pm10_ratio_preg_None";"hs_bmi_c_cat";0;-0,0498480581352988;-0,0444677031971475;0,0742002084805676;-0,195277794402575;0,0955816781319772;-0,191737945864478;0,0996060012268569;-0,671804825836218;0,50170795611903;FALSE;100;"6";"Combined"
"h_pm25_ratio_preg_None";"hs_bmi_c_cat";0;0,00115495009666029;0,00396967447069514;0,0683570207372389;-0,132822348638786;0,135132248832106;-0,111096489277857;0,133505798434094;0,0168958518701373;0,986519702023941;FALSE;100;"6";"Combined"
"h_accesslines300_preg_dic0";"hs_bmi_c_cat";0;-0,199476334853221;-0,198874900808321;0,182553434442508;-0,55727449161463;0,158321821908188;-0,510148490767186;0,237367998155675;-1,09270107934366;0,274525065731527;FALSE;100;"6";"Combined"
"h_accesspoints300_preg_Log";"hs_bmi_c_cat";0;-0,102155378498809;-0,101145304546558;0,0730754682922593;-0,245380664505036;0,041069907507418;-0,235835316679937;0,0157394372621081;-1,3979435354454;0,162130023821943;FALSE;100;"6";"Combined"
"h_builtdens300_preg_Sqrt";"hs_bmi_c_cat";0;-0,03643733760597;-0,0358564033926627;0,0666643784748467;-0,167097118468417;0,0942224432564768;-0,175261304231657;0,0640780051607598;-0,546578824247469;0,58466812046247;FALSE;100;"6";"Combined"
"h_connind300_preg_Sqrt";"hs_bmi_c_cat";0;-0,0305547751604067;-0,0407195891356274;0,0675098379639267;-0,162871626171838;0,101762075851024;-0,173781059165992;0,0930243474083897;-0,452597370722966;0,650838692405219;FALSE;100;"6";"Combined"
"h_fdensity300_preg_Log";"hs_bmi_c_cat";0;-0,0921224494952434;-0,0947935422047919;0,0753800999637524;-0,239864730575227;0,0556198315847403;-0,268298826610978;0,0288691491064964;-1,22210569552895;0,221667659565127;FALSE;100;"6";"Combined"
"h_frichness300_preg_None";"hs_bmi_c_cat";0;-0,0973972352080152;-0,0937312448073392;0,067783002145993;-0,230249478178163;0,0354550077621323;-0,246639363042542;0,0228980565757506;-1,43689763103496;0,150747083163226;FALSE;100;"6";"Combined"
"h_landuseshan300_preg_None";"hs_bmi_c_cat";0;0,0152343828695061;0,0146680382607606;0,0812443983620952;-0,144001711865825;0,174470477604838;-0,150735365119149;0,150384285448313;0,187513024610122;0,851258412643432;FALSE;100;"6";"Combined"
"h_popdens_preg_Sqrt";"hs_bmi_c_cat";0;0,0638285140021672;0,0646391428253229;0,0753984203405183;-0,0839496743564609;0,211606702360795;-0,072575421474611;0,198051286872445;0,84654975149216;0,397246131873075;FALSE;100;"6";"Combined"
"h_walkability_mean_preg_None";"hs_bmi_c_cat";0;-0,0607381597793967;-0,0627843733853582;0,0679587956637425;-0,193934951713049;0,0724586321542552;-0,184734985277009;0,0566612198193342;-0,893749796272536;0,371455775723003;FALSE;100;"6";"Combined"
"hs_as_m_Log2";"hs_bmi_c_cat";0;0,112116880239092;0,110625130787809;0,0711335485697858;-0,027302313050219;0,251536073528403;-0,0267459222128179;0,220152045408023;1,57614631201899;0,114992088078568;FALSE;100;"6";"Combined"
"hs_cd_m_Log2";"hs_bmi_c_cat";0;-0,00642157936646084;-0,0144556040710994;0,0685084075525706;-0,140695590807691;0,127852432074769;-0,142626257823065;0,118764781896464;-0,0937341794367818;0,925320318531416;FALSE;100;"6";"Combined"
"hs_co_m_Log2";"hs_bmi_c_cat";0;0,0673256011890217;0,0727863267912733;0,0724746237558678;-0,0747220511655702;0,209373253543613;-0,059832364410122;0,222883344034687;0,928954131804938;0,352912857689212;FALSE;100;"6";"Combined"
"hs_cs_m_Log2";"hs_bmi_c_cat";0;0,0814243556387565;0,0849684968434411;0,0675739557339146;-0,0510181638926201;0,213866875170133;-0,0420170478700975;0,220262448626432;1,20496654005843;0,228216219167299;FALSE;100;"6";"Combined"
"hs_cu_m_Log2";"hs_bmi_c_cat";0;-0,12725585798594;-0,131915667498984;0,0697785715290254;-0,264019345075482;0,00950762910360134;-0,271548445306405;0,000565836418692262;-1,82370970338661;0,06819597110996;FALSE;100;"6";"Combined"
"hs_hg_m_Log2";"hs_bmi_c_cat";0;0,00582568584640684;0,0106847235945451;0,0688301423363122;-0,129078914183531;0,140730285876344;-0,120020841491362;0,165372404606893;0,084638584908656;0,932548722791035;FALSE;100;"6";"Combined"
"hs_mn_m_Log2";"hs_bmi_c_cat";0;0,0251471483433175;0,018990475859829;0,0812188972172328;-0,134038965066519;0,184333261753154;-0,136211099062215;0,16864327848006;0,309621888561937;0,75684850906903;FALSE;100;"6";"Combined"
"hs_mo_m_Log2";"hs_bmi_c_cat";0;0,00991853132228642;0,00482974378557049;0,0747043503444512;-0,1364993048413;0,156336367485873;-0,152332585114468;0,124789918236421;0,132770464859857;0,894374913151531;FALSE;100;"6";"Combined"
"hs_pb_m_Log2";"hs_bmi_c_cat";0;0,0744245025499109;0,0762951892910313;0,0672534245777631;-0,0573897874594857;0,206238792559307;-0,0608960190018852;0,196674072324166;1,10662769988547;0,268454926096179;FALSE;100;"6";"Combined"
"h_humidity_preg_None";"hs_bmi_c_cat";0;-0,0835931630318625;-0,0874901400789451;0,0765495363177336;-0,233627497247861;0,0664411711841363;-0,226334196226118;0,0423193329613778;-1,09201396968484;0,274826960971528;FALSE;100;"6";"Combined"
"h_pressure_preg_None";"hs_bmi_c_cat";0;-0,0341550376476854;-0,0317347847652313;0,0669042794944841;-0,165285015868476;0,0969749405731051;-0,150206278668079;0,0942822795497943;-0,51050602301907;0,609696996043012;FALSE;100;"6";"Combined"
"h_temperature_preg_None";"hs_bmi_c_cat";0;0,0238084463707883;0,0339119944060924;0,073143342067997;-0,119549869791379;0,167166762532956;-0,114594280638287;0,150149803698556;0,325503944687885;0,74479969761335;FALSE;100;"6";"Combined"
"h_ndvi100_preg_None";"hs_bmi_c_cat";0;-0,103150630668867;-0,103145390894239;0,0680448992765778;-0,236516182582615;0,0302149212448815;-0,231163047995591;0,0411835650427944;-1,51592010224891;0,129539556574218;FALSE;100;"6";"Combined"
"hs_dde_madj_Log2";"hs_bmi_c_cat";0;0,18137102280007;0,186577957289237;0,0656490479559792;0,0527012531870079;0,310040792413132;0,0692542282628226;0,320434093228297;2,76273652775114;0,00573190146003575;TRUE;100;"6";"Combined"
"hs_ddt_madj_Log2";"hs_bmi_c_cat";0;-0,0235828754616237;-0,0182289434126362;0,0702025500686081;-0,161177345218965;0,114011594295718;-0,159428180303235;0,131478910248112;-0,335926194113696;0,736926523677442;FALSE;100;"6";"Combined"
"hs_hcb_madj_Log2";"hs_bmi_c_cat";0;-0,0493558288245928;-0,0371106882015062;0,061283945730202;-0,169470155286296;0,0707584976371104;-0,152014749709067;0,0604462362838097;-0,805363105076134;0,42061017591174;FALSE;100;"6";"Combined"
"hs_pcb118_madj_Log2";"hs_bmi_c_cat";0;-0,0565520550501472;-0,05610563173905;0,0716046177216167;-0,196894526911275;0,08379041681098;-0,178705848268779;0,0866790137523522;-0,789782235414054;0,429654955430498;FALSE;100;"6";"Combined"
"hs_pcb138_madj_Log2";"hs_bmi_c_cat";0;0,0243452119623382;0,0357341009633976;0,0877471691230867;-0,147636079264257;0,196326503188933;-0,115096144270302;0,208907661348928;0,277447263605599;0,781436694344938;FALSE;100;"6";"Combined"
"hs_pcb153_madj_Log2";"hs_bmi_c_cat";0;0,0777657868715138;0,0707263540540453;0,0643052912871616;-0,0482702680666802;0,203801841809708;-0,0574816025699094;0,168876413609827;1,20932174188035;0,226539261110025;FALSE;100;"6";"Combined"
"hs_pcb170_madj_Log2";"hs_bmi_c_cat";0;-0,0682850125739601;-0,0651925126534078;0,0750934607175258;-0,215465491054784;0,0788954659068637;-0,212563133509169;0,0695844904539154;-0,909333674616801;0,36317402038853;FALSE;100;"6";"Combined"
"hs_pcb180_madj_Log2";"hs_bmi_c_cat";0;-0,0305307978512265;-0,0294502104764997;0,0657774574811489;-0,159452245508893;0,0983906498064401;-0,148171775034526;0,0781071508823808;-0,464152903142788;0,64253820124334;FALSE;100;"6";"Combined"
"hs_sumPCBs5_madj_Log2";"hs_bmi_c_cat";0;0,0127173634824508;0,00488180619335324;0,0756306788499558;-0,135516043189778;0,160950770154679;-0,13892727117638;0,14409737544124;0,16815085724248;0,866464600603652;FALSE;100;"6";"Combined"
"hs_pfhxs_m_Log2";"hs_bmi_c_cat";0;-0,0954979120249691;-0,0848709769910316;0,0666759998421695;-0,22618047034882;0,0351846462988814;-0,218552328832877;0,0435055571281873;-1,4322681662221;0,152067089867914;FALSE;100;"6";"Combined"
"hs_pfna_m_Log2";"hs_bmi_c_cat";0;0,0930797503688255;0,0950443100162918;0,0606435234011688;-0,0257793713930773;0,211938872130728;-0,0123950296278422;0,204979336138903;1,5348671242778;0,124816470449452;FALSE;100;"6";"Combined"
"hs_pfoa_m_Log2";"hs_bmi_c_cat";0;-0,00109346980394758;-0,00801391115215007;0,0736527431259986;-0,145450193693485;0,14326325408559;-0,133278684773356;0,139119522314469;-0,0148462875588621;0,988154811510592;FALSE;100;"6";"Combined"
"hs_pfos_m_Log2";"hs_bmi_c_cat";0;-0,0396018717962806;-0,0470843702624799;0,0731488350758769;-0,18297095405606;0,103767210463498;-0,182411490229727;0,0724486507624092;-0,541387593598747;0,588240456661489;FALSE;100;"6";"Combined"
"hs_pfunda_m_Log2";"hs_bmi_c_cat";0;-0,0228928599528365;-0,0272825971574543;0,0742651081323518;-0,168449797200219;0,122664077294546;-0,150436487268967;0,117571356109043;-0,308258622771247;0,757885548211494;FALSE;100;"6";"Combined"
"e3_asmokcigd_p_None";"hs_bmi_c_cat";0;-0,0755520523696708;-0,0816089547194431;0,0649282728196552;-0,202809128674586;0,0517050239352444;-0,206151703118566;0,0383740551738888;-1,16362331983671;0,244576696671057;FALSE;100;"6";"Combined"
"h_distinvnear1_preg_Log";"hs_bmi_c_cat";0;-0,0958457067606587;-0,096502325077457;0,0644117890640421;-0,222090493505972;0,0303990799846547;-0,219387719386669;0,0327673885857623;-1,48801497603743;0,136746944179971;FALSE;100;"6";"Combined"
"h_trafload_preg_pow1over3";"hs_bmi_c_cat";0;0,161846512966521;0,166855186508757;0,0634698180045372;0,037447955572316;0,286245070360725;0,0580064511610128;0,297742716596265;2,54997600520851;0,0107730333385423;TRUE;100;"6";"Combined"
"h_trafnear_preg_pow1over3";"hs_bmi_c_cat";0;0,0352480748503566;0,0437230414481434;0,0764907657340885;-0,114671071138347;0,18516722083906;-0,0883901804121385;0,193518147670484;0,460814773026231;0,644931501890199;FALSE;100;"6";"Combined"
"h_bro_preg_Log";"hs_bmi_c_cat";0;-0,0536156520461014;-0,0590078498933435;0,0595217142606026;-0,170276068294967;0,0630447642027638;-0,164180617342503;0,0600668353656914;-0,900774662022622;0,367708142135866;FALSE;100;"6";"Combined"
"h_clf_preg_Log";"hs_bmi_c_cat";0;-0,0349340666519736;-0,04442898327571;0,0726091497028179;-0,177245385017574;0,107377251713627;-0,210689573309516;0,079482013686209;-0,481124855406726;0,630427763718774;FALSE;100;"6";"Combined"
"h_thm_preg_Log";"hs_bmi_c_cat";0;-0,161861272170401;-0,168072549472245;0,0876688092083623;-0,333688980786305;0,00996643644550221;-0,319987036753185;-0,00510789287560425;-1,84628117607604;0,0648513895118379;FALSE;100;"6";"Combined"
"e3_alcpreg_yn_None_1";"hs_bmi_c_cat";0;-0,0175675324721964;-0,0322319405967981;0,15171750737425;-0,314928382749916;0,279793317805523;-0,309665562184182;0,269999621523993;-0,115791069707345;0,907818128248049;FALSE;100;"6";"Combined"
"h_pamod_t3_None_Often";"hs_bmi_c_cat";0;-0,364125603244021;-0,358786417253748;0,115723197007517;-0,590938901554587;-0,137312304933455;-0,575922685835957;-0,155009180759839;-3,1465221551075;0,00165224743342232;TRUE;100;"6";"Combined"
"h_pamod_t3_None_Sometimes";"hs_bmi_c_cat";0;-0,199160158919602;-0,192055573905356;0,180486732932037;-0,552907655153693;0,154587337314489;-0,525678254191704;0,165744652765276;-1,10346148818926;0,269826807090967;FALSE;100;"6";"Combined"
"h_pamod_t3_None_Very Often";"hs_bmi_c_cat";0;-0,126315482927608;-0,119864442745894;0,0983541400040081;-0,319086055065874;0,0664550892106584;-0,327564297971811;0,0708240450746963;-1,28429248552689;0,199039635124668;FALSE;100;"6";"Combined"
"h_pavig_t3_None_Low";"hs_bmi_c_cat";0;-0,462998849358411;-0,476045817963721;0,158618024793671;-0,773884465252886;-0,152113233463935;-0,734091614650102;-0,149610421143674;-2,91895482849869;0,00351207111909842;TRUE;100;"6";"Combined"
"h_pavig_t3_None_Medium";"hs_bmi_c_cat";0;-0,249934293700142;-0,254551908425897;0,171670944926357;-0,586403162947761;0,0865345755474777;-0,535193696078071;0,0904135507314426;-1,45589164087934;0,145422576832119;FALSE;100;"6";"Combined"
"hs_no2_dy_hs_h_Log";"hs_bmi_c_cat";0;-0,172406958180027;-0,16003386263624;0,0701550146962455;-0,309908260319547;-0,0349056560405076;-0,279149670249415;-0,0110060405074036;-2,45751439047526;0,0139902205563538;TRUE;100;"6";"Combined"
"hs_no2_wk_hs_h_Log";"hs_bmi_c_cat";0;0,0811384461699034;0,0751255661385554;0,0661431166707783;-0,048499680330053;0,21077657266986;-0,0411715385772382;0,221035641309221;1,2267103555728;0,219931474134261;FALSE;100;"6";"Combined"
"hs_no2_yr_hs_h_Log";"hs_bmi_c_cat";0;0,0567703572457596;0,0458040953634999;0,0530922679850555;-0,047288575862498;0,160829290354017;-0,0553395421222685;0,138737052766857;1,06927730534585;0,284944733714387;FALSE;100;"6";"Combined"
"hs_pm10_dy_hs_h_None";"hs_bmi_c_cat";0;0,092269412130259;0,0886891348756293;0,0705247890532758;-0,0459566344314462;0,230495458691964;-0,0464583468889995;0,210868662620505;1,30832595699871;0,190762774648807;FALSE;100;"6";"Combined"
"hs_pm10_wk_hs_h_None";"hs_bmi_c_cat";0;-0,0389063808592383;-0,0350276464786664;0,076957591675534;-0,189740488880224;0,111927727161748;-0,177582175835729;0,0943547952280147;-0,5055561122972;0,613168297722968;FALSE;100;"6";"Combined"
"hs_pm10_yr_hs_h_None";"hs_bmi_c_cat";0;-0,00241962956878668;0,00349831611017198;0,0599925516169923;-0,120002870078752;0,115163610941178;-0,111878605895918;0,119781700921042;-0,0403321663034807;0,967828309632814;FALSE;100;"6";"Combined"
"hs_pm25_dy_hs_h_None";"hs_bmi_c_cat";0;0,00896287489470069;0,0105827455714561;0,0862620253242583;-0,160107587974328;0,178033337763729;-0,16484938614554;0,158593930777996;0,103902903519936;0,917246402906015;FALSE;100;"6";"Combined"
"hs_pm25_wk_hs_h_None";"hs_bmi_c_cat";0;-0,00184403582490555;-0,011016452421764;0,0851716174646053;-0,168777338560555;0,165089266910743;-0,165434252228711;0,16992691621377;-0,0216508254721343;0,982726490154378;FALSE;100;"6";"Combined"
"hs_pm25_yr_hs_h_None";"hs_bmi_c_cat";0;0,0147265094611161;0,00519074292694595;0,0645203674633447;-0,111731087036329;0,141184105958562;-0,13382283587395;0,134654832754637;0,228245901877147;0,819455078531208;FALSE;100;"6";"Combined"
"hs_pm25abs_dy_hs_h_Log";"hs_bmi_c_cat";0;-0,0686335095954438;-0,0667032679766929;0,0734627621074922;-0,212617877530962;0,0753508583400747;-0,200321287971175;0,062404031597894;-0,934262579114815;0,350168462244269;FALSE;100;"6";"Combined"
"hs_pm25abs_wk_hs_h_Log";"hs_bmi_c_cat";0;0,0713639018037984;0,078433672273547;0,0847814888200311;-0,0948047628391479;0,237532566446745;-0,0895880521437391;0,237768743274637;0,841739190913304;0,399933956151389;FALSE;100;"6";"Combined"
"hs_pm25abs_yr_hs_h_Log";"hs_bmi_c_cat";0;0,0593131328525733;0,0565671641099761;0,0669444699167817;-0,0718956171484439;0,190521882853591;-0,0450725694083445;0,191278379576805;0,886004966897268;0,375614850721428;FALSE;100;"6";"Combined"
"hs_accesslines300_h_dic0";"hs_bmi_c_cat";0;0,0349727488171077;0,041481348485392;0,170449303276634;-0,29910174679504;0,369047244429255;-0,270248413741511;0,32163882282116;0,205179769848328;0,837431674523075;FALSE;100;"6";"Combined"
"hs_accesspoints300_h_Log";"hs_bmi_c_cat";0;0,045987082357062;0,0426871551455782;0,0745905183924064;-0,100207647280227;0,192181811994351;-0,0885011058961524;0,193761450306591;0,616527185333836;0,537546635340438;FALSE;100;"6";"Combined"
"hs_builtdens300_h_Sqrt";"hs_bmi_c_cat";0;-0,0408367120100575;-0,0375904542185818;0,07249136855311;-0,182917183564172;0,101243759544058;-0,145417320007983;0,118295946219005;-0,563332060425082;0,573208790670926;FALSE;100;"6";"Combined"
"hs_connind300_h_Log";"hs_bmi_c_cat";0;0,0580278111402936;0,0611114541760235;0,0763041546792593;-0,0915255839018282;0,207581206182415;-0,0786525072299639;0,212944107275917;0,760480361576778;0,446967503652301;FALSE;100;"6";"Combined"
"hs_fdensity300_h_Log";"hs_bmi_c_cat";0;-0,109460456147287;-0,116588325562298;0,0697198364342743;-0,246108824566488;0,0271879122719137;-0,262266074539991;0,0197217333537747;-1,57000448861461;0,116414067026788;FALSE;100;"6";"Combined"
"hs_landuseshan300_h_None";"hs_bmi_c_cat";0;-0,0411108469589909;-0,0391747953368763;0,0774327441194506;-0,19287623665722;0,110654542739238;-0,185881872761665;0,100700854913492;-0,530923286091628;0,595471940509354;FALSE;100;"6";"Combined"
"hs_popdens_h_Sqrt";"hs_bmi_c_cat";0;0,0286811769465551;0,0394677558032467;0,0713381263086961;-0,111138981343058;0,168501335236169;-0,109680506057496;0,176446480058592;0,402045560076042;0,68765049665239;FALSE;100;"6";"Combined"
"hs_walkability_mean_h_None";"hs_bmi_c_cat";0;0,0888609285173756;0,0821100343920409;0,0741930169851204;-0,0565547126778289;0,23427656971258;-0,0730382166034593;0,211075960463472;1,19769935404024;0,231034080900642;FALSE;100;"6";"Combined"
"hs_accesslines300_s_dic0";"hs_bmi_c_cat";0;0,195128588104209;0,184246831394297;0,187132075910363;-0,171643541032317;0,561900717240736;-0,15669923539047;0,54772835550927;1,04273191624122;0,297072471677249;FALSE;100;"6";"Combined"
"hs_accesspoints300_s_Log";"hs_bmi_c_cat";0;-0,230690865100132;-0,235627060200385;0,0726137537637324;-0,373011207259307;-0,0883705229409569;-0,372689991973818;-0,094417870632155;-3,17695826400525;0,00148828452112796;TRUE;100;"6";"Combined"
"hs_builtdens300_s_Sqrt";"hs_bmi_c_cat";0;0,0631567791011734;0,0567664158181572;0,0795160112478442;-0,092691739138883;0,21900529734123;-0,0804482824603936;0,187750780088688;0,794264929918573;0,427041215876792;FALSE;100;"6";"Combined"
"hs_connind300_s_Log";"hs_bmi_c_cat";0;-0,0661053005342411;-0,0638315811710586;0,0847386969882265;-0,232190094728018;0,0999794936595355;-0,214705830335777;0,0960921413902571;-0,780107588194632;0,435327550335045;FALSE;100;"6";"Combined"
"hs_fdensity300_s_Log";"hs_bmi_c_cat";0;-0,0686950098591361;-0,074041687640502;0,0941791227326247;-0,253282698510658;0,115892678792386;-0,221027812142562;0,108410099292176;-0,729408045710532;0,465752097683863;FALSE;100;"6";"Combined"
"hs_landuseshan300_s_None";"hs_bmi_c_cat";0;-0,0557593683008182;-0,0620008074622998;0,0705163577399337;-0,193968889792031;0,0824501531903941;-0,188945755159218;0,0775970170686645;-0,790729556771214;0,429101824454048;FALSE;100;"6";"Combined"
"hs_popdens_s_Sqrt";"hs_bmi_c_cat";0;-0,0614046937180265;-0,0606593499136988;0,0704727949156563;-0,19952883364259;0,0767194462065372;-0,186875843374723;0,0518903512906354;-0,871324796916559;0,383576834723676;FALSE;100;"6";"Combined"
"h_Absorbance_Log";"hs_bmi_c_cat";0;-0,0575417460310556;-0,0556997961974163;0,0711544555526046;-0,197001916253717;0,0819184241916054;-0,176550154134967;0,0740644329299505;-0,808687883059058;0,418694699611361;FALSE;100;"6";"Combined"
"h_Benzene_Log";"hs_bmi_c_cat";0;0,0631122347291273;0,0670215466480631;0,066777583224933;-0,0677694233663674;0,193993892824622;-0,068623943720462;0,198969807836751;0,945111093891203;0,344602162123829;FALSE;100;"6";"Combined"
"h_NO2_Log";"hs_bmi_c_cat";0;0,0170532636985995;0,0188694959386238;0,0790719860491295;-0,137924981143748;0,172031508540947;-0,136829944087865;0,155630808759493;0,215667577743702;0,829246875668476;FALSE;100;"6";"Combined"
"h_PM_Log";"hs_bmi_c_cat";0;0,145817447200186;0,142673213061967;0,0657054197715059;0,0170371908589489;0,274597703541424;0,00238905094588137;0,274327405226404;2,21926056796037;0,0264690026055014;TRUE;100;"6";"Combined"
"h_TEX_Log";"hs_bmi_c_cat";0;0,0760000178374539;0,0679956967252992;0,0807685922386513;-0,082303514032304;0,234303549707212;-0,104201590407197;0,224891169399194;0,940960040666458;0,346725337142095;FALSE;100;"6";"Combined"
"hs_KIDMED_None";"hs_bmi_c_cat";0;0,15180363364199;0,152951316890697;0,0655537066004468;0,0233207296520092;0,280286537631972;0,0165046207340844;0,253400855483102;2,31571396209892;0,0205738915665435;TRUE;100;"6";"Combined"
"hs_mvpa_prd_alt_None";"hs_bmi_c_cat";0;-0,0790721405033967;-0,0737517974686224;0,0632725389257382;-0,203084038008252;0,0449397570014588;-0,198243648648764;0,0260103461142885;-1,24970709008852;0,211406566377689;FALSE;100;"6";"Combined"
"hs_sd_wk_None";"hs_bmi_c_cat";0;0,0289953345078362;0,0191948909605576;0,0622222460428891;-0,0929580267734164;0,150948695789089;-0,112846586463807;0,127630325610505;0,465996269049015;0,641218171131369;FALSE;100;"6";"Combined"
"hs_dif_hours_total_None";"hs_bmi_c_cat";0;-0,0547202435896158;-0,0573134578085109;0,0623595743266922;-0,176942763361181;0,0675022761819495;-0,178085381652962;0,0425971377852;-0,877495463694875;0,380217581697047;FALSE;100;"6";"Combined"
"hs_as_c_Log2";"hs_bmi_c_cat";0;-0,0167649686285431;-0,0104238036216061;0,0735394105212999;-0,160899564694597;0,127369627437511;-0,1429301492519;0,143813735904842;-0,227972572933356;0,819667562750716;FALSE;100;"6";"Combined"
"hs_cd_c_Log2";"hs_bmi_c_cat";0;0,0479027206770447;0,0405577807730803;0,0651616319381335;-0,0798117310955519;0,175617172449641;-0,0657964932819486;0,164629220460037;0,73513690882581;0,462256118076995;FALSE;100;"6";"Combined"
"hs_co_c_Log2";"hs_bmi_c_cat";0;-0,0842638672630225;-0,0882839212327894;0,05909601231631;-0,200089923032925;0,0315621885068805;-0,194384393840004;0,0260977464806704;-1,42588076521986;0,153902762482097;FALSE;100;"6";"Combined"
"hs_cs_c_Log2";"hs_bmi_c_cat";0;0,266276376077522;0,267572777741929;0,0700628020733321;0,128955807357833;0,403596944797211;0,133967215083759;0,397140102911775;3,80053849114999;0,000144381987669736;TRUE;100;"6";"Combined"
"hs_cu_c_Log2";"hs_bmi_c_cat";0;0,212238944334642;0,221645505129646;0,0675990559837382;0,0797472292176088;0,344730659451676;0,0915349094877074;0,376111252942058;3,13967319877513;0,00169136399931834;TRUE;100;"6";"Combined"
"hs_hg_c_Log2";"hs_bmi_c_cat";0;0,0454513410363563;0,0474180293392982;0,072331462247564;-0,0963157199179877;0,1872184019907;-0,0673001321377822;0,194846425376982;0,628375808037629;0,529757781128344;FALSE;100;"6";"Combined"
"hs_mn_c_Log2";"hs_bmi_c_cat";0;0,0116990701613928;0,0105637765230102;0,0676330871541999;-0,120859344824098;0,144257485146883;-0,121480531570577;0,147318783357435;0,172978502884536;0,862668325107146;FALSE;100;"6";"Combined"
"hs_mo_c_Log2";"hs_bmi_c_cat";0;-0,0746472234574777;-0,0861356896269767;0,0604308617757643;-0,193089536092694;0,0437950891777386;-0,187760724491549;0,0353833116488668;-1,23525002397723;0,216737467017748;FALSE;100;"6";"Combined"
"hs_pb_c_Log2";"hs_bmi_c_cat";0;-0,0610839892435441;-0,0567253455301829;0,0694573806000545;-0,197217953680142;0,0750499751930538;-0,190696781990103;0,0813888074122401;-0,879445621413142;0,379159705178391;FALSE;100;"6";"Combined"
"hs_hum_mt_hs_h_None";"hs_bmi_c_cat";0;0,284337275843724;0,287042931845356;0,0774562043608138;0,132525904917354;0,436148646770093;0,140282276415263;0,423289526272269;3,67094254346878;0,000241657664859285;TRUE;100;"6";"Combined"
"hs_tm_mt_hs_h_None";"hs_bmi_c_cat";0;-0,0242291350367296;-0,0235179217073791;0,0646635226010092;-0,150967310448199;0,10250904037474;-0,182329847214562;0,0876377542750012;-0,374695563466742;0,707886892126898;FALSE;100;"6";"Combined"
"hs_uvdvf_mt_hs_h_None";"hs_bmi_c_cat";0;0,0751131048071036;0,0676827951476873;0,0676518018902993;-0,0574819903871217;0,207708200001329;-0,0541457738387161;0,207707198201873;1,11028978842135;0,266874172007852;FALSE;100;"6";"Combined"
"hs_hum_dy_hs_h_None";"hs_bmi_c_cat";0;-0,0147917918039023;-0,0117022955351808;0,060804586816231;-0,133966592058554;0,104383008450749;-0,117699711872707;0,111360301242478;-0,243267697034229;0,807798026861368;FALSE;100;"6";"Combined"
"hs_hum_wk_hs_h_None";"hs_bmi_c_cat";0;0,0354384323804677;0,0413841430416766;0,0775764996212264;-0,116608712923821;0,187485577684757;-0,116277131618271;0,179460727982086;0,456819172732706;0,647801023828926;FALSE;100;"6";"Combined"
"hs_tm_dy_hs_h_None";"hs_bmi_c_cat";0;-0,108594171611988;-0,108384640092096;0,0743075782832671;-0,254234348825583;0,0370460056016057;-0,256598474654274;0,0540329610284648;-1,46141448989251;0,143901726586396;FALSE;100;"6";"Combined"
"hs_tm_wk_hs_h_None";"hs_bmi_c_cat";0;0,0204098774236942;0,010438263312377;0,0603255422955758;-0,0978260128234822;0,138645767670871;-0,119251302167574;0,126402411548867;0,338328950673867;0,735115309241982;FALSE;100;"6";"Combined"
"hs_uvdvf_dy_hs_h_None";"hs_bmi_c_cat";0;-0,0682798164161749;-0,0632955037365793;0,0600345502203558;-0,185945372676133;0,0493857398437835;-0,179650470756146;0,0394508690077495;-1,137342016648;0,255395336492843;FALSE;100;"6";"Combined"
"hs_uvdvf_wk_hs_h_None";"hs_bmi_c_cat";0;-0,0284554028399899;-0,0297104846913524;0,0606700904752837;-0,147366595110333;0,0904557894303528;-0,144810600656586;0,0853208864879597;-0,469018632032241;0,639056318157996;FALSE;100;"6";"Combined"
"hs_ndvi100_h_None";"hs_bmi_c_cat";0;0,0121419175560802;0,0102749209284916;0,0787970437444879;-0,142297450271343;0,166581285383504;-0,114754302935555;0,170946063446481;0,154091029042311;0,877537961589014;FALSE;100;"6";"Combined"
"hs_ndvi100_s_None";"hs_bmi_c_cat";0;-0,138167756055685;-0,130096420016458;0,0794264849787047;-0,293840806032558;0,0175052939211874;-0,268715808162388;0,0169684676227965;-1,73956780402318;0,0819349367149211;FALSE;100;"6";"Combined"
"hs_dde_cadj_Log2";"hs_bmi_c_cat";0;-0,262428059326986;-0,258850781976258;0,0919803032882815;-0,442706141059089;-0,0821499775948837;-0,402387826680669;-0,0870088600239922;-2,85308973709832;0,00432963933536156;TRUE;100;"6";"Combined"
"hs_ddt_cadj_Log2";"hs_bmi_c_cat";0;0,0579069484432392;0,0573395089846752;0,0682331835814611;-0,0758276339269343;0,191641530813413;-0,0821866434226225;0,183421357978091;0,848662562755939;0,396069083519622;FALSE;100;"6";"Combined"
"hs_hcb_cadj_Log2";"hs_bmi_c_cat";0;-0,252548649284556;-0,347330646459218;0,182220429086196;-0,609694127540935;0,104596828971822;-0,661222285842838;-0,114092920227295;-1,38595134777722;0,165761760055174;FALSE;100;"6";"Combined"
"hs_pcb118_cadj_Log2";"hs_bmi_c_cat";0;0,0905798977524361;0,0837721512375804;0,0712237143191188;-0,0490160171582065;0,230175812663079;-0,0546336213865889;0,215384658432034;1,27176599280672;0,2034562751832;FALSE;100;"6";"Combined"
"hs_pcb138_cadj_Log2";"hs_bmi_c_cat";0;-0,0406358440045828;-0,0525247453776396;0,0726396658623084;-0,183006972943731;0,101735284934565;-0,167222553340045;0,0715627411095957;-0,559416725313822;0,575877349408339;FALSE;100;"6";"Combined"
"hs_pcb153_cadj_Log2";"hs_bmi_c_cat";0;-0,134321565560493;-0,128851903501487;0,0737177653059129;-0,278805730580859;0,0101625994598724;-0,293582521767632;-0,013525077700364;-1,82210577061157;0,0684389383122625;FALSE;100;"6";"Combined"
"hs_pcb170_cadj_Log2";"hs_bmi_c_cat";0;-0,208222255405199;-0,211174550249197;0,079430933547231;-0,363904024416166;-0,0525404863942321;-0,370071745654178;-0,0611467033269975;-2,62142525721905;0,00875629604565185;TRUE;100;"6";"Combined"
"hs_pcb180_cadj_Log2";"hs_bmi_c_cat";0;-0,111718346907224;-0,121235026596557;0,0813631308231507;-0,27118715299002;0,0477504591755719;-0,278151462365464;0,0348320526347957;-1,37308318616762;0,169726487456314;FALSE;100;"6";"Combined"
"hs_sumPCBs5_cadj_Log2";"hs_bmi_c_cat";0;-0,185349647558672;-0,172650673446002;0,0660501128276788;-0,314805489875729;-0,0558938052416145;-0,298542312479352;-0,0425516019882557;-2,80619728905292;0,00501299890662479;TRUE;100;"6";"Combined"
"hs_pfhxs_c_Log2";"hs_bmi_c_cat";0;0,0708064763968518;0,0752565326371147;0,0883381557778059;-0,102333127388337;0,24394608018204;-0,0914118102871928;0,239193026961001;0,801538992674343;0,42281967984541;FALSE;100;"6";"Combined"
"hs_pfna_c_Log2";"hs_bmi_c_cat";0;0,0936981906664203;0,0893186905150885;0,0731834781800473;-0,0497387908298453;0,237135172162686;-0,0631515385632669;0,228115284185317;1,28031890525758;0,200433001458804;FALSE;100;"6";"Combined"
"hs_pfoa_c_Log2";"hs_bmi_c_cat";0;-0,107709387556746;-0,103743428693688;0,0688691836908481;-0,242690507235482;0,0272717321219891;-0,220404403338891;0,0506106649716647;-1,56397073094769;0,117824442199904;FALSE;100;"6";"Combined"
"hs_pfos_c_Log2";"hs_bmi_c_cat";0;0,00413173152342811;0,00403317289539061;0,0762078299479506;-0,145232870514508;0,153496333561364;-0,136651372945509;0,165207628279087;0,0542166274285733;0,956762573395804;FALSE;100;"6";"Combined"
"hs_pfunda_c_Log2";"hs_bmi_c_cat";0;-0,00593679470670544;-0,00262174019035294;0,0663888645988893;-0,136056578295035;0,124182988881624;-0,127618240966053;0,113265321815058;-0,0894245554969887;0,928744509180883;FALSE;100;"6";"Combined"
"hs_hm_pers_None";"hs_bmi_c_cat";0;0,0409251180469493;0,041769872023078;0,0571211275850225;-0,0710302347760122;0,152880470869911;-0,0579045063605458;0,148980878722501;0,71646201286965;0,473706115465559;FALSE;100;"6";"Combined"
"hs_trafload_h_pow1over3";"hs_bmi_c_cat";0;-0,0919717341306161;-0,0929273138267714;0,0641657526640008;-0,217734298392963;0,0337908301317305;-0,226913628289862;0,0293646824155843;-1,4333461435763;0,151758941225813;FALSE;100;"6";"Combined"
"hs_trafnear_h_pow1over3";"hs_bmi_c_cat";0;0,0202252919513241;0,0235025583924532;0,0752086271477583;-0,127180908584984;0,167631492487632;-0,12231593400606;0,156734248563548;0,26892249889881;0,787989322918549;FALSE;100;"6";"Combined"
"FAS_cat_None_Low";"hs_bmi_c_cat";0;-0,402589344180085;-0,436383480706905;0,200741081265422;-0,79603463367794;-0,00914405468222923;-0,913798224694047;-0,0307760108718542;-2,00551547118438;0,0449079684619164;TRUE;100;"6";"Combined"
"FAS_cat_None_Middle";"hs_bmi_c_cat";0;-0,285856813823525;-0,294680308750961;0,131451619490305;-0,543497253733986;-0,0282163739130626;-0,553139788891112;-0,0648120941538116;-2,17461614342915;0,0296588935609983;TRUE;100;"6";"Combined"
"hs_globalexp2_None_no exposure";"hs_bmi_c_cat";0;-0,270610058151457;-0,284929563810218;0,148330506707856;-0,561332509107433;0,0201123928045179;-0,581644554225454;-0,0225904022157342;-1,82437223574269;0,068095816473458;FALSE;100;"6";"Combined"
