"exposure";"outcome";"lambda";"beta_unpenalized";"bootstrap_mean";"bootstrap_standard_error";"ci95_lower";"ci95_upper";"bootstrap_q025";"bootstrap_q975";"z_value";"p_value";"significant";"n_valid_bootstrap";"omitted_cohort";"scenario"
"h_abs_ratio_preg_Log";"e3_bw";0;-0,0128665773991304;-0,0122932402615108;0,00441475200403415;-0,0215193323277134;-0,00421382247054742;-0,0197297392453509;-0,00455013471315646;-2,91445077489586;0,00356314996551822;TRUE;100;"2";"Combined"
"h_no2_ratio_preg_Log";"e3_bw";0;0,00481857908030919;0,00507602869550234;0,00426474239645276;-0,00354016242007927;0,0131773205806976;-0,00184204001791378;0,0143148302531915;1,12986404156956;0,258533517834682;FALSE;100;"2";"Combined"
"h_pm10_ratio_preg_None";"e3_bw";0;-0,0115837327507065;-0,0113796847835215;0,00473829873074098;-0,0208706276109507;-0,00229683789046232;-0,0215753674645485;-0,00144393187054392;-2,44470292165286;0,014497150149376;TRUE;100;"2";"Combined"
"h_pm25_ratio_preg_None";"e3_bw";0;0,00440598605299014;0,00464243338058732;0,00358206824362912;-0,00261473869468759;0,0114267108006679;-0,00280124881288019;0,0108080111351343;1,23001175670687;0,218692702339363;FALSE;100;"2";"Combined"
"h_accesslines300_preg_dic0";"e3_bw";0;0,0295852132822602;0,0289595097386264;0,0117779371830773;0,00650088059125356;0,0526695459732669;0,00736755696365483;0,0479628796570886;2,51191807380062;0,0120076961262472;TRUE;100;"2";"Combined"
"h_accesspoints300_preg_Log";"e3_bw";0;0,00737032473194838;0,00755787719195087;0,00431689343364706;-0,0010906309230973;0,0158312803869941;-1,0134212130271e-05;0,0151244561345848;1,7073214442826;0,0877623224189786;FALSE;100;"2";"Combined"
"h_builtdens300_preg_Sqrt";"e3_bw";0;-0,00383726031002391;-0,00372447830312563;0,00405826847766911;-0,0117913203658496;0,00411679974580174;-0,0115116498172645;0,00321158407731429;-0,945541264984977;0,344382614126378;FALSE;100;"2";"Combined"
"h_connind300_preg_Sqrt";"e3_bw";0;0,00477863372070248;0,00490283549195322;0,00373458985866455;-0,00254102789930858;0,0120982953407135;-0,00170096891598049;0,0119930073561798;1,27956051442052;0,200699744206234;FALSE;100;"2";"Combined"
"h_fdensity300_preg_Log";"e3_bw";0;0,00370368908476117;0,00375092448835956;0,00463902965823325;-0,00538864196858915;0,0127960201381115;-0,00436537280007998;0,0128775142213456;0,798375815120721;0,424652433656444;FALSE;100;"2";"Combined"
"h_frichness300_preg_None";"e3_bw";0;0,00723784221838988;0,0072706548874279;0,00400854028054332;-0,000618752362053106;0,0150944367988329;0,000359166744912714;0,0149319258004431;1,80560546030209;0,0709799891631051;FALSE;100;"2";"Combined"
"h_landuseshan300_preg_None";"e3_bw";0;0,00328711415357897;0,00267602530877259;0,00351511480576114;-0,00360238426723637;0,0101766125743943;-0,00370592982097233;0,00929746502067099;0,935137068124066;0,349717665531775;FALSE;100;"2";"Combined"
"h_popdens_preg_Sqrt";"e3_bw";0;0,00374129496247881;0,00344548057047169;0,00304552482252336;-0,00222782400368972;0,00971041392864735;-0,00291820642880817;0,00871465573007303;1,22845656512462;0,219275624935141;FALSE;100;"2";"Combined"
"h_walkability_mean_preg_None";"e3_bw";0;-0,00880463671928638;-0,00848133926347416;0,00355774496464467;-0,0157776887161687;-0,00183158472240411;-0,0157505996130832;-0,00180186448282288;-2,47478017867583;0,0133318204469189;TRUE;100;"2";"Combined"
"hs_as_m_Log2";"e3_bw";0;0,0036843688338087;0,00362457901601613;0,00303295420445524;-0,00226011217368289;0,00962884984130029;-0,00219637672046144;0,00979774910453452;1,2147789203004;0,224450422734761;FALSE;100;"2";"Combined"
"hs_cd_m_Log2";"e3_bw";0;-0,00106735698570084;-0,000888288905338373;0,00319383104825371;-0,00732715081298392;0,00519243684158224;-0,00671015531222172;0,00531525704620624;-0,334193315042273;0,738233688122063;FALSE;100;"2";"Combined"
"hs_co_m_Log2";"e3_bw";0;0,00572662011281618;0,00553812749608034;0,00331809242414597;-0,000776721535885125;0,0122299617615175;-0,00102044572689686;0,0121895555817015;1,72587721521655;0,084369504610893;FALSE;100;"2";"Combined"
"hs_cs_m_Log2";"e3_bw";0;-0,00835456055983009;-0,00821495471357582;0,00326589019006757;-0,0147555877098252;-0,00195353340983498;-0,0138219242239622;-0,00150214918668736;-2,55812659753182;0,0105237772610331;TRUE;100;"2";"Combined"
"hs_cu_m_Log2";"e3_bw";0;-0,0034963750662759;-0,00323251093026418;0,00294856644191956;-0,00927545909846166;0,00228270896590986;-0,00895473214744292;0,00215683348678779;-1,18578812285461;0,235705983113014;FALSE;100;"2";"Combined"
"hs_hg_m_Log2";"e3_bw";0;-0,00161636191833928;-0,00185558704505831;0,00352496181343885;-0,00852516011955842;0,00529243628287987;-0,00873065402304843;0,00424671393715781;-0,458547355655578;0,646559248482394;FALSE;100;"2";"Combined"
"hs_mn_m_Log2";"e3_bw";0;-0,000665363225347733;-0,000818746071325679;0,00309992996236007;-0,00674111430617008;0,00541038785547462;-0,00696896169443761;0,00455430509511083;-0,214638147773239;0,830049449401033;FALSE;100;"2";"Combined"
"hs_mo_m_Log2";"e3_bw";0;-0,00128494135803375;-0,00097337940384081;0,0022582770156214;-0,00571108297576629;0,00314120025969879;-0,00574626526462477;0,00301896215544739;-0,568991912482525;0,5693616284286;FALSE;100;"2";"Combined"
"hs_pb_m_Log2";"e3_bw";0;-0,00054576756313496;-0,000324567745874915;0,00258916181528252;-0,00562043147123504;0,00452889634496512;-0,00464945666142063;0,00495746034945394;-0,210789283201061;0,833051701432334;FALSE;100;"2";"Combined"
"h_humidity_preg_None";"e3_bw";0;0,0413633302126087;0,0402261820925245;0,00488408505059087;0,0317906994160201;0,0509359610091973;0,0324358324949755;0,0499195383981995;8,46900284990012;2,47502622677914e-17;TRUE;100;"2";"Combined"
"h_pressure_preg_None";"e3_bw";0;-0,046770263920562;-0,044639226393611;0,00496449115582655;-0,0565004877875496;-0,0370400400535743;-0,0538189273217085;-0,0353917417083852;-9,42095825181807;4,46989793752668e-21;TRUE;100;"2";"Combined"
"h_temperature_preg_None";"e3_bw";0;0,00528708765864686;0,00471579319869925;0,00383474341631276;-0,00222887132727825;0,012803046644572;-0,00238875164695076;0,0124568546901685;1,378733094933;0,167977061643814;FALSE;100;"2";"Combined"
"h_ndvi100_preg_None";"e3_bw";0;0,00601164453087023;0,00591800507875825;0,00405794198459841;-0,00194177561029563;0,0139650646720361;-0,00231321854490371;0,012523632188187;1,48145157168016;0,138486280799196;FALSE;100;"2";"Combined"
"hs_dde_madj_Log2";"e3_bw";0;-0,00565315788034191;-0,00546839185492484;0,00350446137015317;-0,012521775951054;0,00121546019037019;-0,0126116249301518;0,000638767591018109;-1,61313174357942;0,106715888659641;FALSE;100;"2";"Combined"
"hs_ddt_madj_Log2";"e3_bw";0;-0,00315819993231815;-0,00289399528561073;0,00255439236542832;-0,00816471697094172;0,00184831710630543;-0,00712346251352909;0,00211300811232133;-1,23638011726855;0,216317303191378;FALSE;100;"2";"Combined"
"hs_hcb_madj_Log2";"e3_bw";0;-0,00282242526319257;-0,00319978772743873;0,00368241090546522;-0,0100398180141819;0,00439496748779678;-0,0119466625773285;0,0023678281019535;-0,766461249341754;0,443401900585002;FALSE;100;"2";"Combined"
"hs_pcb118_madj_Log2";"e3_bw";0;0,00318743840850865;0,00239079302760228;0,00400314127466711;-0,00465857431486465;0,0110334511318819;-0,00490218336872513;0,010545498882443;0,796234304464737;0,425895862043227;FALSE;100;"2";"Combined"
"hs_pcb138_madj_Log2";"e3_bw";0;-0,00354572594330297;-0,00302600869410567;0,00356284843254838;-0,0105287805534728;0,00343732866686683;-0,0100169904628511;0,00433019982018833;-0,995194157267825;0,319641842922987;FALSE;100;"2";"Combined"
"hs_pcb153_madj_Log2";"e3_bw";0;-0,00483441132128939;-0,00479589167962084;0,00419394971527815;-0,0130544017162066;0,00338557907362779;-0,0131119322523407;0,00211198389782524;-1,15271084526314;0,249029088478543;FALSE;100;"2";"Combined"
"hs_pcb170_madj_Log2";"e3_bw";0;0,00107885605294136;0,00130460138682193;0,00383893946465979;-0,00644532703662131;0,00860303914250402;-0,00607236114486994;0,00912915954610722;0,281029712209063;0,778687610739379;FALSE;100;"2";"Combined"
"hs_pcb180_madj_Log2";"e3_bw";0;0,00741007798301746;0,00679272335915829;0,00528094214249621;-0,00294037842071489;0,0177605343867498;-0,00514358076785047;0,0155848662329008;1,40317348364564;0,160565112674512;FALSE;100;"2";"Combined"
"hs_sumPCBs5_madj_Log2";"e3_bw";0;-0,00189793481017017;-0,00180508965880077;0,00345590108296991;-0,00867137646692416;0,00487550684658382;-0,00835486729922355;0,00480046823305294;-0,549186670742074;0,582877350848395;FALSE;100;"2";"Combined"
"hs_pfhxs_m_Log2";"e3_bw";0;0,00903866977619703;0,00867234540348225;0,00322372015395883;0,00272029437820182;0,0153570451741923;0,00225513022209037;0,0145365310023066;2,80380099528716;0,00505040668853606;TRUE;100;"2";"Combined"
"hs_pfna_m_Log2";"e3_bw";0;-0,00452465081460984;-0,00455041449874672;0,0039321250792733;-0,0122314743526922;0,00318217272347254;-0,0117897521425203;0,00381837684748997;-1,15068842506049;0,249860440129631;FALSE;100;"2";"Combined"
"hs_pfoa_m_Log2";"e3_bw";0;-0,00103053488371926;-0,000654288518842646;0,00334719477397075;-0,00759091608994263;0,0055298463225041;-0,00705525142016224;0,00520143791695041;-0,307880166321109;0,75817351820146;FALSE;100;"2";"Combined"
"hs_pfos_m_Log2";"e3_bw";0;-0,00669035823986787;-0,00624063187032768;0,00381135655717159;-0,0141604798241648;0,000779763344429019;-0,0128133085940521;0,00115275899853234;-1,7553745338465;0,0791952650826672;FALSE;100;"2";"Combined"
"hs_pfunda_m_Log2";"e3_bw";0;-0,00214436514615272;-0,00261517965482873;0,00339595243009907;-0,00880030960235818;0,00451157931005273;-0,00895273727707189;0,00305471759765743;-0,631447345123784;0,527748067519194;FALSE;100;"2";"Combined"
"e3_asmokcigd_p_None";"e3_bw";0;-0,00559057315174277;-0,0055985569591299;0,0028616909151394;-0,0111993842803015;1,82379768159137e-05;-0,0110336542863873;8,50411995524083e-05;-1,95359083755922;0,0507496250700501;FALSE;100;"2";"Combined"
"h_distinvnear1_preg_Log";"e3_bw";0;0,000377049032968938;0,000112505898434279;0,00233852174466245;-0,00420636936363323;0,0049604674295711;-0,00366282398536249;0,0048260543718242;0,161233922168795;0,871909164601949;FALSE;100;"2";"Combined"
"h_trafload_preg_pow1over3";"e3_bw";0;-0,000766492029589151;-0,000803108354672562;0,00269101229474061;-0,00604077920923524;0,00450779515005694;-0,00585453360133483;0,00478982241796246;-0,284834086818259;0,775771255939475;FALSE;100;"2";"Combined"
"h_trafnear_preg_pow1over3";"e3_bw";0;-0,00300774942274674;-0,00333116445449275;0,00398125076095652;-0,0108108575276442;0,00479535868215072;-0,0101256217680438;0,00415787995791082;-0,755478517515965;0,449961917329074;FALSE;100;"2";"Combined"
"h_bro_preg_Log";"e3_bw";0;0,014161745354717;0,0141871953229826;0,00461686577056721;0,00511285472294951;0,0232106359864845;0,00424285291721946;0,0225405125866022;3,06739378151277;0,0021593418829653;TRUE;100;"2";"Combined"
"h_clf_preg_Log";"e3_bw";0;0,00885765061095488;0,00903180340014349;0,00367306975230513;0,00165856618373338;0,0160567350381764;0,00176777742046848;0,0162246805254684;2,41151168049451;0,0158865429758567;TRUE;100;"2";"Combined"
"h_thm_preg_Log";"e3_bw";0;0,00292737944157207;0,00332678277895424;0,0039544918844441;-0,00482328222909429;0,0106780411122384;-0,00341859229367633;0,0113731436627379;0,740266898280305;0,459138062167019;FALSE;100;"2";"Combined"
"e3_alcpreg_yn_None_1";"e3_bw";0;0,0171948280385103;0,0174822532886735;0,00592910467649925;0,00557399641200372;0,0288156596650168;0,00528846994423279;0,028306021258477;2,9000715920338;0,00373077438143499;TRUE;100;"2";"Combined"
"h_pamod_t3_None_Often";"e3_bw";0;0,0925956155305647;0,0896714742910768;0,00969885880216496;0,073586201587182;0,111605029473947;0,0722852138833096;0,106361022694677;9,54706295032315;1,33425220885392e-21;TRUE;100;"2";"Combined"
"h_pamod_t3_None_Sometimes";"e3_bw";0;0,068742047013195;0,0661045604186626;0,00886994329792203;0,0513572776043554;0,0861268164220346;0,0497960153009983;0,0834306822509246;7,74999847285374;9,18936538550783e-15;TRUE;100;"2";"Combined"
"h_pamod_t3_None_Very Often";"e3_bw";0;0,0813858675819757;0,0783577836227367;0,00949258520167355;0,0627807424665177;0,0999909926974338;0,0599754354745675;0,0955805182447728;8,57362518775469;1,00277417046324e-17;TRUE;100;"2";"Combined"
"h_pavig_t3_None_Low";"e3_bw";0;0,0969157858986669;0,0959808404829181;0,0115084231553738;0,0743596909952875;0,119471880802046;0,0726384951366576;0,116426463039235;8,42129148278778;3,72356574391312e-17;TRUE;100;"2";"Combined"
"h_pavig_t3_None_Medium";"e3_bw";0;0,0927033074859104;0,0907856792704853;0,0107369340672293;0,0716593034097598;0,113747311562061;0,069743527478157;0,110185078731941;8,6340576281319;5,92131446718374e-18;TRUE;100;"2";"Combined"
"hs_no2_dy_hs_h_Log";"e3_bw";0;0,00826423751529749;0,00772349571052459;0,00437012963773182;-0,000301059182427952;0,0168295342130229;0,000681229174697823;0,0172183120462331;1,89107376676972;0,0586144978202053;FALSE;100;"2";"Combined"
"hs_no2_wk_hs_h_Log";"e3_bw";0;0,00153498596750601;0,00198428540765826;0,0048810203427198;-0,00803163811203215;0,0111016100470442;-0,00521488932429123;0,0108062338896202;0,314480551140397;0,753156085677929;FALSE;100;"2";"Combined"
"hs_no2_yr_hs_h_Log";"e3_bw";0;0,0120895903082483;0,0123788830445899;0,0045301266562172;0,00321070521665769;0,0209684753998388;0,00371241150260777;0,020670696305367;2,6687091169198;0,00761433624057177;TRUE;100;"2";"Combined"
"hs_pm10_dy_hs_h_None";"e3_bw";0;-0,0052036405926278;-0,00497881543426385;0,0039776775458621;-0,0129997453246312;0,00259246413937558;-0,0135408726206065;0,00310453494501792;-1,30821076686848;0,190801831162402;FALSE;100;"2";"Combined"
"hs_pm10_wk_hs_h_None";"e3_bw";0;-0,00541337048453414;-0,00472023230100132;0,00354000869073511;-0,0123516600233337;0,00152491905426546;-0,0103146460093336;0,00337107151500981;-1,52919694765213;0,126215627069071;FALSE;100;"2";"Combined"
"hs_pm10_yr_hs_h_None";"e3_bw";0;0,00366905749159252;0,00355407944258169;0,00400936480925066;-0,00418915313542108;0,0115272681186061;-0,00348149053978332;0,0113415059920656;0,915121887418934;0,360127645797252;FALSE;100;"2";"Combined"
"hs_pm25_dy_hs_h_None";"e3_bw";0;0,00913244925123703;0,00859606466750515;0,0038860486964336;0,00151593376405835;0,0167489647384157;0,00218901414940183;0,0155994271936653;2,35006042503232;0,0187703636625415;TRUE;100;"2";"Combined"
"hs_pm25_wk_hs_h_None";"e3_bw";0;-0,00500068117404705;-0,0053866518779027;0,00398990947240921;-0,0128207600415443;0,0028193976934502;-0,0131424044207752;0,0013527074003907;-1,25333198876503;0,210084911409296;FALSE;100;"2";"Combined"
"hs_pm25_yr_hs_h_None";"e3_bw";0;0,0125536818292024;0,0127738362309108;0,00564970352876683;0,00148046638949054;0,0236268972689142;0,00295860786939125;0,0236931790363339;2,22200718414378;0,0262828200950576;TRUE;100;"2";"Combined"
"hs_pm25abs_dy_hs_h_Log";"e3_bw";0;-0,00237778859575322;-0,00200844200362312;0,00368463128450583;-0,00959953320969421;0,00484395601818778;-0,008281013959466;0,00471873481177163;-0,645326061728891;0,518715907098837;FALSE;100;"2";"Combined"
"hs_pm25abs_wk_hs_h_Log";"e3_bw";0;-0,0129070101353595;-0,0130208776579897;0,00378470757489169;-0,0203249006741631;-0,00548911959655583;-0,0200880208631231;-0,00602993742533699;-3,41030578451727;0,000648900815070605;TRUE;100;"2";"Combined"
"hs_pm25abs_yr_hs_h_Log";"e3_bw";0;-0,00387385088333106;-0,00385319653046764;0,0045155684325193;-0,0127242023807949;0,00497650061413275;-0,0144452651958957;0,00314347972371829;-0,857887759032319;0,390954444115;FALSE;100;"2";"Combined"
"hs_accesslines300_h_dic0";"e3_bw";0;0,00515668004606256;0,00608036984668895;0,00954838392049067;-0,0135578085486605;0,0238711686407856;-0,0122636838076147;0,0236793562873312;0,540057887177788;0,589157111973452;FALSE;100;"2";"Combined"
"hs_accesspoints300_h_Log";"e3_bw";0;-0,00673774613019094;-0,00598530970393762;0,00371499690000368;-0,0140190062568761;0,000543513996494225;-0,01244319792748;0,00120799418816201;-1,81366130620035;0,0697298856805885;FALSE;100;"2";"Combined"
"hs_builtdens300_h_Sqrt";"e3_bw";0;-0,000984501598739708;-0,00126008020574958;0,00364849754737783;-0,00813542538928297;0,00616642219180355;-0,00767528156045954;0,00634764240548746;-0,269837538865078;0,787285241809657;FALSE;100;"2";"Combined"
"hs_connind300_h_Log";"e3_bw";0;0,00263702663404223;0,00245321438145599;0,00389135367994882;-0,00498988642976486;0,0102639396978493;-0,00490028160998304;0,0103188744394651;0,677663057878849;0,497985354509972;FALSE;100;"2";"Combined"
"hs_fdensity300_h_Log";"e3_bw";0;0,00607973305898067;0,00637539608066679;0,00442179818376573;-0,00258683212810479;0,0147462982460661;-0,000621188021447494;0,0157424434263431;1,37494584924792;0,169148233389189;FALSE;100;"2";"Combined"
"hs_landuseshan300_h_None";"e3_bw";0;0,00212503427801973;0,00239948377822632;0,00333769868624695;-0,00441673493827095;0,00866680349431041;-0,00372895846717414;0,00958780334222304;0,636676488137163;0,524335591565704;FALSE;100;"2";"Combined"
"hs_popdens_h_Sqrt";"e3_bw";0;-0,00488119007407535;-0,00468607166884298;0,00381150519384681;-0,0123516029809025;0,00258922283275176;-0,0113833692357399;0,00351796281748885;-1,28064631315613;0,200317924905974;FALSE;100;"2";"Combined"
"hs_walkability_mean_h_None";"e3_bw";0;-0,000509282768810995;-0,000753654462015619;0,00322908150839805;-0,00683816622841545;0,00581960069079346;-0,0074661768696607;0,00542545061484411;-0,157717532829839;0,874679384211834;FALSE;100;"2";"Combined"
"hs_accesslines300_s_dic0";"e3_bw";0;0,0122731199748491;0,0115066970611785;0,0105930262488611;-0,00848882996020619;0,0330350699099043;-0,0122363230020186;0,0307068707921429;1,15860375368829;0,246617738127838;FALSE;100;"2";"Combined"
"hs_accesspoints300_s_Log";"e3_bw";0;0,00525023066229751;0,00534804474840473;0,00401493929082494;-0,00261890574783416;0,0131193670724292;-0,00120837094559705;0,0125828523840755;1,30767373601277;0,190983995228235;FALSE;100;"2";"Combined"
"hs_builtdens300_s_Sqrt";"e3_bw";0;-0,00142752538747999;-0,00189812831223076;0,00371825566559276;-0,00871517257735381;0,00586012180239383;-0,00923222319684131;0,0056047445339686;-0,383923408142622;0,701035216255435;FALSE;100;"2";"Combined"
"hs_connind300_s_Log";"e3_bw";0;-0,000325097274870103;-0,000130958670358769;0,00350801089621276;-0,0072006722888212;0,00655047773908099;-0,00672461005414582;0,00650558527646067;-0,0926728235710661;0,926163487725687;FALSE;100;"2";"Combined"
"hs_fdensity300_s_Log";"e3_bw";0;0,00873850314927426;0,00885489281786393;0,0044496085710485;1,74306047184738e-05;0,01745957569383;-2,23629613510947e-05;0,0177149658749409;1,96388131893928;0,0495438567409945;TRUE;100;"2";"Combined"
"hs_landuseshan300_s_None";"e3_bw";0;-0,000212467259240296;6,3317383819891e-05;0,00289552895428925;-0,00588759972584015;0,00546266520735956;-0,00466024120930906;0,00537847189097199;-0,0733777014819902;0,941505561392483;FALSE;100;"2";"Combined"
"hs_popdens_s_Sqrt";"e3_bw";0;-0,00144092031979722;-0,00146525735592575;0,00341061557724173;-0,0081256040163023;0,00524376337670786;-0,00852218532795158;0,00433672474277476;-0,422481011759917;0,672673957558924;FALSE;100;"2";"Combined"
"h_Absorbance_Log";"e3_bw";0;0,00363142048590602;0,00329930090650884;0,00315924149723725;-0,00256057906714338;0,00982342003895543;-0,0027939824154702;0,00889137086422988;1,14945960575717;0,250366513985345;FALSE;100;"2";"Combined"
"h_Benzene_Log";"e3_bw";0;-0,000863555696557127;-0,001673482839624;0,00344351821598568;-0,00761272737999669;0,00588561598688243;-0,00759209558272906;0,00596851840376755;-0,250777153594914;0,801986406040601;FALSE;100;"2";"Combined"
"h_NO2_Log";"e3_bw";0;0,0107165755091427;0,0104014516166573;0,00306012914184697;0,00471883260308118;0,0167143184152042;0,00486666213707495;0,0162027779729723;3,50200106348277;0,000461777775494648;TRUE;100;"2";"Combined"
"h_PM_Log";"e3_bw";0;0,00466782510017476;0,0045012472093942;0,00333583052424423;-0,00187028258587331;0,0112059327862228;-0,0018542416566659;0,0116006686775192;1,39929923485315;0,16172326900062;FALSE;100;"2";"Combined"
"h_TEX_Log";"e3_bw";0;-0,00216461816242781;-0,00210422188642208;0,0031305084052796;-0,00830030189007574;0,00397106556522013;-0,00747664715497956;0,00413340756888109;-0,691458984354483;0,489277147606763;FALSE;100;"2";"Combined"
"hs_KIDMED_None";"e3_bw";0;0,00142342817550583;0,00206713288318501;0,00292324603530349;-0,00430602877163851;0,00715288512265017;-0,00366630490267197;0,00694813008716551;0,4869340993934;0,626305032987009;FALSE;100;"2";"Combined"
"hs_mvpa_prd_alt_None";"e3_bw";0;-0,00103758239852475;-0,000988520266346121;0,00315020090823715;-0,00721186272273493;0,00513669792568543;-0,00716784832256276;0,00444031614447007;-0,32937023026426;0,741875866402135;FALSE;100;"2";"Combined"
"hs_sd_wk_None";"e3_bw";0;-0,00180286145038404;-0,00207472140467559;0,00297135199994578;-0,00762660435566882;0,00402088145490075;-0,0083269391937116;0,00274922696287815;-0,606747854315792;0,544018258838442;FALSE;100;"2";"Combined"
"hs_dif_hours_total_None";"e3_bw";0;-0,00347583420437751;-0,00286877393924786;0,0029454390631181;-0,00924878868674638;0,00229712027799135;-0,0081857254516162;0,00227989521296182;-1,1800733710301;0,237971034589793;FALSE;100;"2";"Combined"
"hs_as_c_Log2";"e3_bw";0;0,00149661474333119;0,00189315165032986;0,00318590466201066;-0,00474764365238796;0,00774087313905034;-0,00388348642740211;0,00742746575153144;0,469761308672262;0,638525560303835;FALSE;100;"2";"Combined"
"hs_cd_c_Log2";"e3_bw";0;-0,00144184901742785;-0,00152476122475165;0,00239466533741036;-0,00613530683377862;0,00325160879892292;-0,00633147232942294;0,0026129309190686;-0,602108776914562;0,547101732563931;FALSE;100;"2";"Combined"
"hs_co_c_Log2";"e3_bw";0;-0,000704048491506365;-0,000361724467920842;0,00243193249149867;-0,00547054858767653;0,0040624516046638;-0,00474375568469878;0,00457784329076785;-0,28950165926378;0,77219751032186;FALSE;100;"2";"Combined"
"hs_cs_c_Log2";"e3_bw";0;-0,00130937427733966;-0,00105193631136289;0,00297731732701445;-0,00714480900883504;0,00452606045415572;-0,00686175439281746;0,00593219957433284;-0,439783245628257;0,660094103444198;FALSE;100;"2";"Combined"
"hs_cu_c_Log2";"e3_bw";0;0,000212366699670768;-4,89584100901797e-05;0,00326549973520129;-0,00618789517284885;0,00661262857219038;-0,00736230062320784;0,00590533786620666;0,0650334456871967;0,948147370802008;FALSE;100;"2";"Combined"
"hs_hg_c_Log2";"e3_bw";0;-0,00860526067096965;-0,00844947805804034;0,00344905975765874;-0,0153652935765072;-0,00184522776543208;-0,0146576779888078;-0,0024064755163309;-2,49495841638041;0,0125971891921097;TRUE;100;"2";"Combined"
"hs_mn_c_Log2";"e3_bw";0;-0,00275175543663508;-0,00300733561443236;0,00231330228904796;-0,00728574460852314;0,00178223373525299;-0,00750762981180971;0,000833459599299101;-1,18953560443134;0,234228968981465;FALSE;100;"2";"Combined"
"hs_mo_c_Log2";"e3_bw";0;-0,00389599373372432;-0,00417256864072415;0,00259434938628915;-0,00898082509416464;0,001188837626716;-0,00875091826053852;0,000832561047426451;-1,50172284207911;0,133168702182293;FALSE;100;"2";"Combined"
"hs_pb_c_Log2";"e3_bw";0;0,00239833959558111;0,00203096282868306;0,00279659536705092;-0,00308288660317026;0,00787956579433248;-0,00324953999565017;0,00736299581006127;0,857592637046461;0,391117442175991;FALSE;100;"2";"Combined"
"hs_hum_mt_hs_h_None";"e3_bw";0;-0,0162664710863931;-0,0161884241613975;0,00441537513429214;-0,0249204473278394;-0,00761249484494682;-0,0234590878302237;-0,0072047672679286;-3,68405188498234;0,000229555482558177;TRUE;100;"2";"Combined"
"hs_tm_mt_hs_h_None";"e3_bw";0;0,00582843239922786;0,00564446864462728;0,00403392599918508;-0,00207791727547464;0,0137347820739304;-0,00155406213560513;0,0129866937120419;1,44485357450913;0,148499018963301;FALSE;100;"2";"Combined"
"hs_uvdvf_mt_hs_h_None";"e3_bw";0;-0,00749816390461107;-0,00746625402012097;0,00407512790782897;-0,0154852678363499;0,000488940027127766;-0,0152318199458121;0,000884042988774824;-1,83998246784007;0,0657708113198018;FALSE;100;"2";"Combined"
"hs_hum_dy_hs_h_None";"e3_bw";0;-0,00577780337685207;-0,00593269776626148;0,00306607949583299;-0,0117872087624215;0,000231602008717317;-0,0117610584005436;-0,000767983469361236;-1,88442712744549;0,0595072233106698;FALSE;100;"2";"Combined"
"hs_hum_wk_hs_h_None";"e3_bw";0;-0,013603126289532;-0,01350780972237;0,00440787720227659;-0,0222424068542692;-0,00496384572479468;-0,0220696624953358;-0,00489467965128517;-3,0860946585595;0,00202804248228483;TRUE;100;"2";"Combined"
"hs_tm_dy_hs_h_None";"e3_bw";0;0,000124769693925705;0,000441168146222962;0,00442365592836989;-0,00854543660567637;0,00879497599352778;-0,00929219898377588;0,00729706221574766;0,0282051081607701;0,977498563123282;FALSE;100;"2";"Combined"
"hs_tm_wk_hs_h_None";"e3_bw";0;0,00357813163792827;0,00367497091780213;0,00441112452052688;-0,00506751355362593;0,0122237768294825;-0,00471882620368419;0,0132508130010569;0,811160877748444;0,417273289166316;FALSE;100;"2";"Combined"
"hs_uvdvf_dy_hs_h_None";"e3_bw";0;0,000672616973986865;9,32662912918415e-05;0,00394270471817537;-0,00705494227531301;0,00840017622328674;-0,00803331595285876;0,0071295488466887;0,170597856564349;0,864539983432245;FALSE;100;"2";"Combined"
"hs_uvdvf_wk_hs_h_None";"e3_bw";0;-0,0165109150107635;-0,016027413411238;0,00431366228745657;-0,0249655377356471;-0,00805629228587999;-0,0234988733335585;-0,00851874919740331;-3,82758637800057;0,000129405977713885;TRUE;100;"2";"Combined"
"hs_ndvi100_h_None";"e3_bw";0;0,00426673626879847;0,00446537180641762;0,00394350492205838;-0,00346239135129239;0,0119958638888893;-0,0024070213479151;0,0122316174523807;1,08196549849147;0,279267858815008;FALSE;100;"2";"Combined"
"hs_ndvi100_s_None";"e3_bw";0;0,00821761253786609;0,00778505591754317;0,00385116001341305;0,000669477612875722;0,0157657474628565;-0,000290323263104267;0,0139730305695284;2,13380189585613;0,0328590006537209;TRUE;100;"2";"Combined"
"hs_dde_cadj_Log2";"e3_bw";0;-0,00405275836681853;-0,004145540406023;0,00346471888859268;-0,0108434826050158;0,00273796587137875;-0,0111215528082487;0,00196583693024045;-1,16972213248294;0,242112808434456;FALSE;100;"2";"Combined"
"hs_ddt_cadj_Log2";"e3_bw";0;-0,00318685091665566;-0,00304587380766727;0,00299692317368648;-0,00906071240151464;0,00268701056820332;-0,00874595837858624;0,00231974547945741;-1,06337424483776;0,287612267750397;FALSE;100;"2";"Combined"
"hs_hcb_cadj_Log2";"e3_bw";0;-0,00528302088569849;-0,00723545635925651;0,00549210989290788;-0,0160473584749341;0,00548131670353709;-0,0194907316962144;-0,000187779931206249;-0,961929201839279;0,336085168640814;FALSE;100;"2";"Combined"
"hs_pcb118_cadj_Log2";"e3_bw";0;0,00376732484735809;0,00324137614679889;0,00351230987590481;-0,00311667601195968;0,0106513257066758;-0,00368193128216697;0,00945408099480682;1,07260605711436;0,283447905924031;FALSE;100;"2";"Combined"
"hs_pcb138_cadj_Log2";"e3_bw";0;-0,000865137968957687;-0,000625591055815702;0,0043346112359618;-0,00936081987842547;0,0076305439405101;-0,00930291190327612;0,00647584945460998;-0,199588364875754;0,841802528180832;FALSE;100;"2";"Combined"
"hs_pcb153_cadj_Log2";"e3_bw";0;-0,00255162068447254;-0,00234683402163364;0,00453068652265156;-0,0114316030941106;0,00632836172516554;-0,0110475157351861;0,00664655675984448;-0,563186323246044;0,57330801498086;FALSE;100;"2";"Combined"
"hs_pcb170_cadj_Log2";"e3_bw";0;-0,0094467244475211;-0,00918007017255803;0,00395182072864281;-0,0171921507490198;-0,00170129814602236;-0,0163016776740477;-0,00139836148100621;-2,39047393497666;0,0168266434799367;TRUE;100;"2";"Combined"
"hs_pcb180_cadj_Log2";"e3_bw";0;0,000276945252991596;0,000505012246836422;0,00428757894415809;-0,00812655505843054;0,00868044556441373;-0,00715720243854661;0,00896698466571733;0,0645924556955247;0,948498491650029;FALSE;100;"2";"Combined"
"hs_sumPCBs5_cadj_Log2";"e3_bw";0;-0,0109909366763754;-0,00999153672721047;0,00413509546470583;-0,0190955748598337;-0,00288629849291707;-0,0161493154473086;-0,00203471801370125;-2,65796443399821;0,00786141888355767;TRUE;100;"2";"Combined"
"hs_pfhxs_c_Log2";"e3_bw";0;0,00788286167531174;0,00793610420735636;0,0035645915147577;0,000896390686789583;0,0148693326638339;0,00188556006869763;0,014287835186558;2,21143478647583;0,0270057431574392;TRUE;100;"2";"Combined"
"hs_pfna_c_Log2";"e3_bw";0;-0,00494809683637772;-0,00561999759449591;0,00333574763353897;-0,0114860420596288;0,00158984838687338;-0,0112910222600495;0,000420426086996777;-1,48335467186652;0,137980203798603;FALSE;100;"2";"Combined"
"hs_pfoa_c_Log2";"e3_bw";0;0,00386229439038621;0,00442876896666615;0,00366381553766428;-0,00331865210943403;0,0110432408902064;-0,00341508678218116;0,0110514914561046;1,0541727198549;0,291803847368646;FALSE;100;"2";"Combined"
"hs_pfos_c_Log2";"e3_bw";0;-0,00438488385953448;-0,00388639448966411;0,00373340954974452;-0,0117022321165716;0,00293246439750268;-0,0115522091555362;0,0029134192540374;-1,17449848485938;0,240195418467725;FALSE;100;"2";"Combined"
"hs_pfunda_c_Log2";"e3_bw";0;0,00167269913296164;0,0019083289322256;0,00272972305860507;-0,00367745974967281;0,00702285801559608;-0,00360568888275349;0,00650682648041218;0,612772467041552;0,540026798474361;FALSE;100;"2";"Combined"
"hs_hm_pers_None";"e3_bw";0;-0,000801336606477747;-0,000686145292067717;0,00311661015778478;-0,00690978026958762;0,00530710705663212;-0,00696365976699514;0,00465287319440071;-0,25711801152805;0,797087673665167;FALSE;100;"2";"Combined"
"hs_trafload_h_pow1over3";"e3_bw";0;-0,00215269491151726;-0,00233173698073689;0,00290686228941027;-0,00785004030677902;0,00354465048374451;-0,00801429380700179;0,00264511502862101;-0,740556207068889;0,45896256926418;FALSE;100;"2";"Combined"
"hs_trafnear_h_pow1over3";"e3_bw";0;-0,00393086876354837;-0,00392913346219859;0,00370030462994763;-0,0111833325700725;0,00332159504297579;-0,0105273894998207;0,00343431019604916;-1,06230950061104;0,288095202773504;FALSE;100;"2";"Combined"
"FAS_cat_None_Low";"e3_bw";0;0,0120117665529475;0,0117235296675717;0,00963124887642205;-0,00686513437098158;0,0308886674768766;-0,0103839734730937;0,0277222433020058;1,24716604326912;0,21233662096072;FALSE;100;"2";"Combined"
"FAS_cat_None_Middle";"e3_bw";0;0,0122185837042567;0,0121152017979161;0,00608114856366377;0,000299751534838275;0,0241374158736752;0,000664212337476765;0,0232172885902274;2,00925591215869;0,0445100008810199;TRUE;100;"2";"Combined"
"hs_globalexp2_None_no exposure";"e3_bw";0;0,0243976696432704;0,0245363474469477;0,00602555941101169;0,0125877902109811;0,0362075490755597;0,0150162244724942;0,037526081927418;4,0490298043836;5,14303955025839e-05;TRUE;100;"2";"Combined"
"h_abs_ratio_preg_Log";"hs_asthma";0;-0,169712195454981;-0,160197266046047;0,0633052926409002;-0,293788289061914;-0,0456361018480479;-0,270599336485976;-0,0433791152846935;-2,68085318580983;0,00734347259699622;TRUE;100;"2";"Combined"
"h_no2_ratio_preg_Log";"hs_asthma";0;-0,135718888026473;-0,134507749068796;0,0620748987866075;-0,257383453992193;-0,0140543220607529;-0,258477237325132;-0,0128075151690703;-2,18637308605252;0,0287883210139158;TRUE;100;"2";"Combined"
"h_pm10_ratio_preg_None";"hs_asthma";0;0,0127103488959427;0,0125230659491989;0,0517854995067822;-0,0887873650587672;0,114208062850653;-0,0826363070806495;0,116290043232049;0,24544223802028;0,806114027749564;FALSE;100;"2";"Combined"
"h_pm25_ratio_preg_None";"hs_asthma";0;-0,0328897719989494;-0,0372622407628785;0,0716501321734585;-0,173321450546463;0,107541906548564;-0,16932634541982;0,119230485383562;-0,459032956412784;0,646210499911607;FALSE;100;"2";"Combined"
"h_accesslines300_preg_dic0";"hs_asthma";0;-0,265492261513459;-0,230037649077963;0,17706250422795;-0,612528392812712;0,0815438697857945;-0,596874780737658;0,0439074207202064;-1,49942678531003;0,133762949159151;FALSE;100;"2";"Combined"
"h_accesspoints300_preg_Log";"hs_asthma";0;0,0122123940934257;-0,00122956929170837;0,0762909767504502;-0,137315172682839;0,161739960869691;-0,143074278724581;0,143286436232631;0,160076520364562;0,872820796684958;FALSE;100;"2";"Combined"
"h_builtdens300_preg_Sqrt";"hs_asthma";0;0,0480868509438732;0,0423209177291822;0,0802312573349315;-0,109163523866958;0,205337225754704;-0,0909730176371186;0,19907295325092;0,599353076857951;0,548937460569722;FALSE;100;"2";"Combined"
"h_connind300_preg_Sqrt";"hs_asthma";0;0,0244774524993421;0,0207603528533406;0,0750348480650892;-0,122588147293668;0,171543052292352;-0,111967591384196;0,14884034831948;0,32621446075441;0,744262101220843;FALSE;100;"2";"Combined"
"h_fdensity300_preg_Log";"hs_asthma";0;-0,0779011124345051;-0,0748473976028594;0,0641663764596391;-0,203664899313836;0,0478626744448262;-0,210618663762406;0,0452618761434393;-1,21404880145453;0,224729089162943;FALSE;100;"2";"Combined"
"h_frichness300_preg_None";"hs_asthma";0;0,0158712153666093;0,0120797627760401;0,0622611581375528;-0,106158412218747;0,137900842951966;-0,104233984694812;0,141582614152737;0,254913590453059;0,798789839288413;FALSE;100;"2";"Combined"
"h_landuseshan300_preg_None";"hs_asthma";0;-0,131158796217795;-0,127167997324791;0,0797218181464056;-0,287410688566801;0,0250930961312119;-0,28137406220198;0,0136169325184035;-1,64520578264946;0,0999273814286418;FALSE;100;"2";"Combined"
"h_popdens_preg_Sqrt";"hs_asthma";0;-0,128408540983338;-0,116978900371667;0,0704122975588851;-0,26641410826747;0,00959702630079476;-0,255604786578852;0,0138404372352485;-1,82366639685278;0,0682025219488482;FALSE;100;"2";"Combined"
"h_walkability_mean_preg_None";"hs_asthma";0;0,0705751903707413;0,0666756795421603;0,0626869429546434;-0,0522889601212766;0,193439340862759;-0,0558120305481623;0,185602912315775;1,12583557347509;0,260235123672017;FALSE;100;"2";"Combined"
"hs_as_m_Log2";"hs_asthma";0;0,0282823110709735;0,0235689995135068;0,0617473103376451;-0,0927401933330286;0,149304815474976;-0,0876479125621714;0,14736968837426;0,458033085430294;0,646928671557757;FALSE;100;"2";"Combined"
"hs_cd_m_Log2";"hs_asthma";0;-0,216203176909688;-0,207771422576445;0,0711763542896787;-0,355706267868321;-0,0767000859510547;-0,33827965541712;-0,0391032995121515;-3,03757025865315;0,0023849380081844;TRUE;100;"2";"Combined"
"hs_co_m_Log2";"hs_asthma";0;0,102900954121488;0,0959446450003567;0,0729596108410796;-0,0400972554530865;0,245899163696062;-0,0290534117882976;0,224609643464268;1,41038244222034;0,158426786956875;FALSE;100;"2";"Combined"
"hs_cs_m_Log2";"hs_asthma";0;-0,0247247592913254;-0,0258804258690366;0,0814970711663442;-0,184456083622858;0,135006565040207;-0,191825826278958;0,122395650119849;-0,303382182175106;0,761598622778271;FALSE;100;"2";"Combined"
"hs_cu_m_Log2";"hs_asthma";0;0,0267539033031792;0,0263216973129135;0,0762004608100711;-0,122596255489916;0,176104062096274;-0,127810401195697;0,158988829411547;0,351098969989998;0,725514100650618;FALSE;100;"2";"Combined"
"hs_hg_m_Log2";"hs_asthma";0;-0,0985740063829397;-0,0950606751052148;0,0711527454797383;-0,238030824924372;0,0408828121584925;-0,231870589312917;0,0323834536050166;-1,38538584447188;0,165934517070409;FALSE;100;"2";"Combined"
"hs_mn_m_Log2";"hs_asthma";0;0,042495159588155;0,0436044191549747;0,0648435791289458;-0,0845959201332519;0,169586239309562;-0,0865621669895511;0,151860713977632;0,655348766354345;0,512243229715973;FALSE;100;"2";"Combined"
"hs_mo_m_Log2";"hs_asthma";0;0,0633828848850538;0,0661537528546331;0,0737047752846018;-0,0810758201613836;0,207841589931491;-0,0515158845901503;0,205566603674015;0,859956286961173;0,38981313917882;FALSE;100;"2";"Combined"
"hs_pb_m_Log2";"hs_asthma";0;-0,00286396755660209;-0,00376080670630241;0,0762569156667304;-0,152324775835502;0,146596840722298;-0,149590108304158;0,130009506720424;-0,03755682394917;0,970041033112496;FALSE;100;"2";"Combined"
"h_humidity_preg_None";"hs_asthma";0;-0,177767729698751;-0,177421399682469;0,0585769014933898;-0,292576346951746;-0,0629591124457568;-0,295713659386483;-0,0573329826433518;-3,0347752299396;0,00240715009328377;TRUE;100;"2";"Combined"
"h_pressure_preg_None";"hs_asthma";0;0,159419371063689;0,148851962574018;0,0328750463575558;0,0949854642127952;0,223853277914583;0,0859349580757416;0,217040731466095;4,84925159739126;1,23928152874106e-06;TRUE;100;"2";"Combined"
"h_temperature_preg_None";"hs_asthma";0;0,0167434041498617;0,028078829321786;0,066275733363184;-0,113154646290959;0,146641454590682;-0,0905845368280171;0,165880591626437;0,252632499109586;0,800552213798547;FALSE;100;"2";"Combined"
"h_ndvi100_preg_None";"hs_asthma";0;0,109665869631487;0,107216781610053;0,0630182462005402;-0,0138476232904503;0,233179362553423;0,0142029537190739;0,231252460428495;1,74022408180802;0,0818196786232132;FALSE;100;"2";"Combined"
"hs_dde_madj_Log2";"hs_asthma";0;-0,0905660240034689;-0,0901150017330543;0,0668197185703499;-0,221530265858457;0,0403982178515191;-0,201341268917891;0,0421041123855557;-1,35537871067383;0,175296928950795;FALSE;100;"2";"Combined"
"hs_ddt_madj_Log2";"hs_asthma";0;-0,121688085210616;-0,123020557779345;0,0738099446112038;-0,266352918349471;0,02297674792824;-0,251756920662528;0,0372514657543497;-1,64866788413962;0,0992156930915705;FALSE;100;"2";"Combined"
"hs_hcb_madj_Log2";"hs_asthma";0;0,123737469639762;0,121611998514405;0,063759569811064;-0,00122899085969085;0,248703930139214;-0,00554524943495593;0,224977681745319;1,94068859006464;0,0522960611750353;FALSE;100;"2";"Combined"
"hs_pcb118_madj_Log2";"hs_asthma";0;0,152344501212004;0,140335153693391;0,0691408569313269;0,0168309117663671;0,287858090657641;0,0134774071592096;0,263236981695303;2,20339330424149;0,0275670397215777;TRUE;100;"2";"Combined"
"hs_pcb138_madj_Log2";"hs_asthma";0;0,0346347164809207;0,0349525487465542;0,0541768036547041;-0,0715498674797972;0,140819300441639;-0,0676624278357379;0,1497535151315;0,639290510781425;0,52263396042838;FALSE;100;"2";"Combined"
"hs_pcb153_madj_Log2";"hs_asthma";0;0,0944068791272085;0,0882133525316574;0,0661211425385678;-0,0351881788650236;0,224001937119441;-0,0309892164611552;0,219511425843719;1,42778656724121;0,153353300351083;FALSE;100;"2";"Combined"
"hs_pcb170_madj_Log2";"hs_asthma";0;-0,0994537184024355;-0,0944808346942172;0,0739409986432729;-0,244375412724175;0,0454679759193044;-0,218962894080415;0,0446543658806226;-1,34504159028536;0,178611803980666;FALSE;100;"2";"Combined"
"hs_pcb180_madj_Log2";"hs_asthma";0;-0,0373956482649884;-0,0324896941952533;0,0730775725479093;-0,180625058536503;0,105833762006527;-0,156624592972651;0,114247260799251;-0,511725375668055;0,608843223893922;FALSE;100;"2";"Combined"
"hs_sumPCBs5_madj_Log2";"hs_asthma";0;-0,0314129227395562;-0,026614888940791;0,0825646580239305;-0,193236678862326;0,130410833383213;-0,201543604792598;0,131573937351931;-0,380464517038895;0,703600630992983;FALSE;100;"2";"Combined"
"hs_pfhxs_m_Log2";"hs_asthma";0;0,0718127714305022;0,0689870400164258;0,0595999191301234;-0,0450009235460395;0,188626466407044;-0,0400131339395668;0,169019810721955;1,20491390724398;0,228236539214594;FALSE;100;"2";"Combined"
"hs_pfna_m_Log2";"hs_asthma";0;0,101157270779979;0,0975946520685545;0,0568878660467852;-0,0103408978290584;0,212655439389017;-0,0147009326237418;0,212638617877935;1,77818712160493;0,0753731273579969;FALSE;100;"2";"Combined"
"hs_pfoa_m_Log2";"hs_asthma";0;-0,0264293784995875;-0,0271861293158155;0,0661271598673188;-0,156036230239455;0,10317747324028;-0,151354083684159;0,0954374511949063;-0,399675088913796;0,68939584242932;FALSE;100;"2";"Combined"
"hs_pfos_m_Log2";"hs_asthma";0;-0,091921393823256;-0,086266784637141;0,082732844928628;-0,254074790221904;0,070232002575392;-0,246210918216662;0,0803385585046836;-1,11106289047058;0,266541279797594;FALSE;100;"2";"Combined"
"hs_pfunda_m_Log2";"hs_asthma";0;0,0255311041445508;0,0280367835952961;0,0608478507731089;-0,0937284919074103;0,144790700196512;-0,0851476918264891;0,141604398277104;0,419589251225189;0,674785541962631;FALSE;100;"2";"Combined"
"e3_asmokcigd_p_None";"hs_asthma";0;0,0469145062993593;0,0269644965588008;0,0960388619601493;-0,141318204258747;0,235147216857466;-0,179293995273499;0,200130889635993;0,488495025262026;0,625199248558062;FALSE;100;"2";"Combined"
"h_distinvnear1_preg_Log";"hs_asthma";0;0,0925058613452297;0,0910123470712844;0,0689989124450209;-0,0427295220194439;0,227741244709903;-0,0376308767884787;0,214017470197476;1,34068578861934;0,180022490545051;FALSE;100;"2";"Combined"
"h_trafload_preg_pow1over3";"hs_asthma";0;-0,0207453232997375;-0,0201525292017086;0,0607857242783689;-0,139883153659523;0,0983925070600476;-0,131183720537839;0,0848896726591873;-0,341286108638502;0,732888204529992;FALSE;100;"2";"Combined"
"h_trafnear_preg_pow1over3";"hs_asthma";0;-0,115891728058481;-0,113277494744503;0,0614156419229559;-0,236264174314883;0,00448071819792116;-0,2224982256206;0,0206138699413696;-1,88700670431587;0,0591594239118735;FALSE;100;"2";"Combined"
"h_bro_preg_Log";"hs_asthma";0;0,0518358447153423;0,0438559629413577;0,063818300499906;-0,0732457258190281;0,176917415249713;-0,078769101663646;0,166214475280336;0,81224107049699;0,416653317256575;FALSE;100;"2";"Combined"
"h_clf_preg_Log";"hs_asthma";0;-0,105536773139293;-0,111142220451528;0,0613449376380283;-0,225770641543684;0,0146970952650985;-0,223126023611328;0,0182349151065553;-1,72038276022094;0,0853628886415363;FALSE;100;"2";"Combined"
"h_thm_preg_Log";"hs_asthma";0;0,0798456092617872;0,0723127096856834;0,070594525612185;-0,0585171184437857;0,21820833696736;-0,0677456948069147;0,193205085095799;1,13104534054699;0,258036008310962;FALSE;100;"2";"Combined"
"e3_alcpreg_yn_None_1";"hs_asthma";0;-0,165049011730942;-0,169910663157565;0,153505626219009;-0,465914510544468;0,135816487082584;-0,412220089587335;0,098827450715075;-1,075198452306;0,282285888217009;FALSE;100;"2";"Combined"
"h_pamod_t3_None_Often";"hs_asthma";0;-0,122694282791875;-0,11889764053962;0,137140695324823;-0,391485106443309;0,146096540859559;-0,337101692994474;0,152769700016133;-0,894659914777804;0,370968912953834;FALSE;100;"2";"Combined"
"h_pamod_t3_None_Sometimes";"hs_asthma";0;-0,149557712290284;-0,143000168598395;0,198493746223023;-0,538598306043842;0,239482881463273;-0,505523304361043;0,214255426191098;-0,753463094611782;0,451171680395097;FALSE;100;"2";"Combined"
"h_pamod_t3_None_Very Often";"hs_asthma";0;-0,22440725461269;-0,229944315206525;0,136229641912728;-0,491412446388425;0,0425979371630437;-0,522011259300433;0,0141440978018114;-1,64727185260057;0,0995021807100281;FALSE;100;"2";"Combined"
"h_pavig_t3_None_Low";"hs_asthma";0;-0,442872471602669;-0,438568612293955;0,152299767751197;-0,74137453124883;-0,144370411956508;-0,71468155730483;-0,145898400349394;-2,90789984871259;0,00363864847287379;TRUE;100;"2";"Combined"
"h_pavig_t3_None_Medium";"hs_asthma";0;-0,201757753993681;-0,177176321558494;0,152928603026758;-0,501492308132149;0,0979768001447866;-0,465601304799803;0,136760359636233;-1,31929377500676;0,187070918127666;FALSE;100;"2";"Combined"
"hs_no2_dy_hs_h_Log";"hs_asthma";0;-0,0719706313518133;-0,074993667881456;0,064019493297247;-0,197446532522921;0,0535052698192942;-0,196869128757717;0,037177614691402;-1,12419870331758;0,260928739436054;FALSE;100;"2";"Combined"
"hs_no2_wk_hs_h_Log";"hs_asthma";0;0,00836172816982874;0,00368578328282926;0,0482427147284535;-0,0861922552143802;0,102915711554038;-0,0825060247087365;0,0891869092714188;0,173326236238878;0,862395002247128;FALSE;100;"2";"Combined"
"hs_no2_yr_hs_h_Log";"hs_asthma";0;-0,0713256898440844;-0,0691341733234977;0,0423771690167325;-0,154383414883647;0,0117320351954779;-0,15397056025102;0,00889504864063209;-1,68311596784395;0,0923526439178451;FALSE;100;"2";"Combined"
"hs_pm10_dy_hs_h_None";"hs_asthma";0;-0,0258786412133339;-0,0265208568409373;0,0648594427939516;-0,153000813146815;0,101243530720147;-0,14209842389785;0,0931036752020072;-0,398995737529635;0,689896345003127;FALSE;100;"2";"Combined"
"hs_pm10_wk_hs_h_None";"hs_asthma";0;-0,0171604719402008;-0,0148844885438942;0,0582751972090174;-0,131377759661844;0,0970568157814422;-0,126915441652879;0,0818219946103708;-0,294472996438792;0,768396494856355;FALSE;100;"2";"Combined"
"hs_pm10_yr_hs_h_None";"hs_asthma";0;-0,0286428615637296;-0,0251347466330779;0,050315555767114;-0,12725953872939;0,0699738156019304;-0,137727583396612;0,0563543006486006;-0,569264537120556;0,56917662930756;FALSE;100;"2";"Combined"
"hs_pm25_dy_hs_h_None";"hs_asthma";0;-0,0754532291113552;-0,0767262609377388;0,0844946574692976;-0,241059714637227;0,0901532564145163;-0,241813862524766;0,0844431846295113;-0,892994082362808;0,37186034169155;FALSE;100;"2";"Combined"
"hs_pm25_wk_hs_h_None";"hs_asthma";0;-0,0082773646033741;-0,0109365572413979;0,0565201773237662;-0,119054876557773;0,102500147351025;-0,132336154116571;0,0973689008044194;-0,146449728137947;0,883566373070834;FALSE;100;"2";"Combined"
"hs_pm25_yr_hs_h_None";"hs_asthma";0;-0,0974555279201512;-0,0921699062010318;0,0691072551502087;-0,23290325908498;0,0379922032446781;-0,217666414642007;0,0513005745254874;-1,41020689807931;0,158478599571616;FALSE;100;"2";"Combined"
"hs_pm25abs_dy_hs_h_Log";"hs_asthma";0;0,0467223848287623;0,0383812190015117;0,0731927509866596;-0,096732771034499;0,190177540692024;-0,0923042514979761;0,179472142674839;0,638347161418733;0,523247718338256;FALSE;100;"2";"Combined"
"hs_pm25abs_wk_hs_h_Log";"hs_asthma";0;-0,0542324912572105;-0,0528810253792983;0,0765655854368977;-0,204298281168754;0,0958332986543334;-0,20042516948568;0,0934541634918308;-0,708314198183814;0,478750161946595;FALSE;100;"2";"Combined"
"hs_pm25abs_yr_hs_h_Log";"hs_asthma";0;-0,115135036468414;-0,106785243468649;0,0587027261734822;-0,230190265562756;-7,98073740726352e-05;-0,224435708313134;-0,0110619630006516;-1,96132350187894;0,0498412974111343;TRUE;100;"2";"Combined"
"hs_accesslines300_h_dic0";"hs_asthma";0;-0,0729669941494616;-0,0669347586885058;0,121610068644543;-0,31131834885021;0,165384360551286;-0,310334527413282;0,097485424961867;-0,600007836215754;0,548501013072659;FALSE;100;"2";"Combined"
"hs_accesspoints300_h_Log";"hs_asthma";0;-0,243508876801872;-0,233553006856212;0,059697477430658;-0,360513782533855;-0,12650397106989;-0,353164350649655;-0,115099396893363;-4,0790480147963;4,52204974112612e-05;TRUE;100;"2";"Combined"
"hs_builtdens300_h_Sqrt";"hs_asthma";0;0,00375075876480384;0,00732946826734884;0,0718978116515164;-0,137166362639413;0,14466788016902;-0,133542361644832;0,139500285452497;0,0521679127451542;0,958394900025045;FALSE;100;"2";"Combined"
"hs_connind300_h_Log";"hs_asthma";0;-0,00609225398225443;0,000851338309581717;0,0760429745849493;-0,15513374544605;0,142949237481541;-0,150415615183465;0,133739577069026;-0,0801159346475674;0,936145049469255;FALSE;100;"2";"Combined"
"hs_fdensity300_h_Log";"hs_asthma";0;0,0397304193103406;0,0365118991515832;0,073547316475578;-0,104419672141362;0,183880510762043;-0,0986575528033897;0,1721730364693;0,540202161196914;0,589057622402198;FALSE;100;"2";"Combined"
"hs_landuseshan300_h_None";"hs_asthma";0;0,0698491928588767;0,0597635214562459;0,0769981567040713;-0,0810644211570743;0,220762806874828;-0,0625704831749398;0,227866096557467;0,907154091069084;0,364325317192564;FALSE;100;"2";"Combined"
"hs_popdens_h_Sqrt";"hs_asthma";0;0,0846697663713057;0,0797358199894021;0,0730456077836246;-0,0584969941134372;0,227836526856049;-0,0584460525586934;0,220906367940271;1,15913562691016;0,246400905809549;FALSE;100;"2";"Combined"
"hs_walkability_mean_h_None";"hs_asthma";0;0,129883870021505;0,128007835743907;0,0832926920481561;-0,0333668065682672;0,293134546611276;-0,0272505075096092;0,281467585800216;1,55936693637434;0,118909557247128;FALSE;100;"2";"Combined"
"hs_accesslines300_s_dic0";"hs_asthma";0;-0,0534050265952898;-0,0514669667662291;0,122051730218473;-0,292622022074296;0,185811968883716;-0,308955140035369;0,113843217367137;-0,437560585988373;0,661704847906486;FALSE;100;"2";"Combined"
"hs_accesspoints300_s_Log";"hs_asthma";0;0,00123528946884326;-0,00356138149599608;0,0735623231700887;-0,142944214563627;0,145414793501314;-0,144789965416741;0,145965113926694;0,0167924205708819;0,986602216554139;FALSE;100;"2";"Combined"
"hs_builtdens300_s_Sqrt";"hs_asthma";0;0,00863481269449992;0,011422934453511;0,0693955378106515;-0,127377942102164;0,144647567491164;-0,115417808874315;0,145354024016368;0,124428932564228;0,90097566647754;FALSE;100;"2";"Combined"
"hs_connind300_s_Log";"hs_asthma";0;-0,0284866839447973;-0,0189080928096948;0,06990630673353;-0,165500527434726;0,108527159545131;-0,172826549980291;0,107669214731226;-0,407498053836306;0,683642223238747;FALSE;100;"2";"Combined"
"hs_fdensity300_s_Log";"hs_asthma";0;-0,0623087869481457;-0,0645870373475806;0,0688383318905216;-0,197229438209383;0,0726118643130917;-0,200017758446082;0,0650886179888788;-0,905146671003587;0,365387689792733;FALSE;100;"2";"Combined"
"hs_landuseshan300_s_None";"hs_asthma";0;-0,097730936341413;-0,104586140561389;0,0841082575783413;-0,26258009199738;0,067118219314554;-0,272457988664615;0,0345445167545753;-1,16196600851448;0,245249272495332;FALSE;100;"2";"Combined"
"hs_popdens_s_Sqrt";"hs_asthma";0;0,00125656075146079;0,0150700013757817;0,0719019024288464;-0,139668578428991;0,142181699931913;-0,132927489354981;0,143978239581472;0,0174760431784718;0,986056844702274;FALSE;100;"2";"Combined"
"h_Absorbance_Log";"hs_asthma";0;0,12921247587522;0,117321301057188;0,0874131138000649;-0,0421140789494087;0,300539030699848;-0,0624837138560881;0,267765382225755;1,47818182258969;0,139359117932849;FALSE;100;"2";"Combined"
"h_Benzene_Log";"hs_asthma";0;0,167007819109729;0,161361522527489;0,0713528647432955;0,0271587740191119;0,306856864200346;0,0369163673320044;0,30428595705839;2,34059024414183;0,0192532847643319;TRUE;100;"2";"Combined"
"h_NO2_Log";"hs_asthma";0;-0,0330446579847688;-0,0291469795171056;0,0685118714878141;-0,167325458614321;0,101236142644783;-0,15236775445339;0,0851365397191964;-0,482320177031601;0,629578516034176;FALSE;100;"2";"Combined"
"h_PM_Log";"hs_asthma";0;-0,00160312661009891;-0,0022614877703497;0,0742033344618364;-0,147038989688078;0,14383273646788;-0,137172365384429;0,124899629255309;-0,0216045090389222;0,982763436679356;FALSE;100;"2";"Combined"
"h_TEX_Log";"hs_asthma";0;-0,0486162721063951;-0,039908632871274;0,0829843434095131;-0,211262596469744;0,114030052256954;-0,189079587743684;0,142442422851859;-0,585848728916037;0,557977174287265;FALSE;100;"2";"Combined"
"hs_KIDMED_None";"hs_asthma";0;-0,196050432701707;-0,19176493663019;0,0708508969232064;-0,334915638943551;-0,0571852264598628;-0,327175206948676;-0,0543429247329677;-2,76708469780138;0,00565600584642533;TRUE;100;"2";"Combined"
"hs_mvpa_prd_alt_None";"hs_asthma";0;-0,0236435371992009;-0,023699623098251;0,0793994208310836;-0,179263542421464;0,131976468023062;-0,16914763776068;0,126068975528034;-0,297779718689646;0,765871294864953;FALSE;100;"2";"Combined"
"hs_sd_wk_None";"hs_asthma";0;-0,053822630922686;-0,0557429797963611;0,0738839013915989;-0,198632416687529;0,0909871548421566;-0,188451988159626;0,0697619340637254;-0,728475756002863;0,466322404274475;FALSE;100;"2";"Combined"
"hs_dif_hours_total_None";"hs_asthma";0;-0,203606632600521;-0,202383994040184;0,0778693457238512;-0,356227745718968;-0,0509855194820748;-0,351361544247276;-0,0719613765069232;-2,61472124502719;0,00893003037629833;TRUE;100;"2";"Combined"
"hs_as_c_Log2";"hs_asthma";0;-0,122878389599375;-0,115327723029035;0,0737583542291088;-0,267442107447376;0,021685328248626;-0,258795354701615;0,00988676211136134;-1,66595893961637;0,0957215929336584;FALSE;100;"2";"Combined"
"hs_cd_c_Log2";"hs_asthma";0;0,0002710767003866;0,00389762851000144;0,0887822533836852;-0,173738942397946;0,174281095798719;-0,161955414154007;0,160293163545685;0,00305327573986102;0,997563842212469;FALSE;100;"2";"Combined"
"hs_co_c_Log2";"hs_asthma";0;-0,125183705064125;-0,115143285190559;0,076718265301507;-0,275548742011468;0,0251813318832178;-0,251030486891893;0,0278292919244984;-1,63173273759705;0,102735800331363;FALSE;100;"2";"Combined"
"hs_cs_c_Log2";"hs_asthma";0;-0,0664808325531596;-0,0631533387070095;0,0720458813195459;-0,207688165173917;0,0747265000675973;-0,205377736185279;0,0496101419507376;-0,922756878471602;0,356133917353785;FALSE;100;"2";"Combined"
"hs_cu_c_Log2";"hs_asthma";0;-0,0303261421944492;-0,0352913154870525;0,0823781722345816;-0,191784392886467;0,131132108497568;-0,169906650256012;0,139235482459487;-0,368133224758762;0,712773898020415;FALSE;100;"2";"Combined"
"hs_hg_c_Log2";"hs_asthma";0;0,0612818536783629;0,0602464701792723;0,0727198416977998;-0,0812464170107786;0,203810124367504;-0,0751616032638206;0,197629967467362;0,84271159352946;0,39938976162778;FALSE;100;"2";"Combined"
"hs_mn_c_Log2";"hs_asthma";0;0,159060912402549;0,154276490991185;0,0697824741221567;0,0222897763710231;0,295832048434074;0,0062779520590829;0,286719527924152;2,2793819566229;0,0226443699528796;TRUE;100;"2";"Combined"
"hs_mo_c_Log2";"hs_asthma";0;0,0757190245221163;0,0802522397827503;0,0814804934264758;-0,0839798080363289;0,235417857080561;-0,061245609887971;0,245663043151639;0,929290206010369;0,352738709494686;FALSE;100;"2";"Combined"
"hs_pb_c_Log2";"hs_asthma";0;-0,0550524500074387;-0,05524276066293;0,0761661703752032;-0,204335400783179;0,0942305007683011;-0,206764156324147;0,0798015169931307;-0,722793987622643;0,469806461714782;FALSE;100;"2";"Combined"
"hs_hum_mt_hs_h_None";"hs_asthma";0;-0,0503264523747959;-0,0364057197921564;0,0728210195035989;-0,193053027919339;0,0924001231697467;-0,147499368348226;0,10368887962537;-0,691097882422653;0,489504030951692;FALSE;100;"2";"Combined"
"hs_tm_mt_hs_h_None";"hs_asthma";0;-0,0483842486157786;-0,0497144878474594;0,0594924699206018;-0,164987347011491;0,0682188497799333;-0,179174062499989;0,0663904162932411;-0,813283574885224;0,416055491999862;FALSE;100;"2";"Combined"
"hs_uvdvf_mt_hs_h_None";"hs_asthma";0;0,0220396592497858;0,020589754944765;0,065150755978862;-0,105653476034341;0,149732794533913;-0,0960839415320808;0,132585918021226;0,33828708383578;0,735146856180544;FALSE;100;"2";"Combined"
"hs_hum_dy_hs_h_None";"hs_asthma";0;0,05220708709889;0,060044610232425;0,0683421547408945;-0,0817410748191265;0,186155249016907;-0,0773012428433542;0,194490063240028;0,763907536963426;0,444922345641112;FALSE;100;"2";"Combined"
"hs_hum_wk_hs_h_None";"hs_asthma";0;0,264194135473612;0,257405557780499;0,0650964507590838;0,136607436464422;0,391780834482801;0,124641819103955;0,36710447978464;4,05850291978853;4,93883161032039e-05;TRUE;100;"2";"Combined"
"hs_tm_dy_hs_h_None";"hs_asthma";0;0,0464689653388331;0,0480059991706309;0,0565427539302007;-0,0643527959510708;0,157290726628737;-0,0575981399933062;0,14423341222395;0,821837673421369;0,411169289199809;FALSE;100;"2";"Combined"
"hs_tm_wk_hs_h_None";"hs_asthma";0;0,0503542273415416;0,0436479440908707;0,048675142606818;-0,0450472991101727;0,145755753793256;-0,0579412441454023;0,1178266447119;1,03449573323876;0,300904470451029;FALSE;100;"2";"Combined"
"hs_uvdvf_dy_hs_h_None";"hs_asthma";0;-0,0704670361891784;-0,0634485699241847;0,0572280784821663;-0,182632008918656;0,0416979365402991;-0,159781263139512;0,0509537961724475;-1,23133675038797;0,218196942261727;FALSE;100;"2";"Combined"
"hs_uvdvf_wk_hs_h_None";"hs_asthma";0;0,0101660520310369;0,0078174303558855;0,064902733192832;-0,117040967525126;0,1373730715872;-0,108707118869523;0,131228684702589;0,156635191322877;0,87553236619933;FALSE;100;"2";"Combined"
"hs_ndvi100_h_None";"hs_asthma";0;-0,205919534407252;-0,196160604761726;0,0852181627833891;-0,372944064291367;-0,0388950045231382;-0,370091109288855;-0,0361009357660728;-2,41638082401127;0,0156756568093131;TRUE;100;"2";"Combined"
"hs_ndvi100_s_None";"hs_asthma";0;-0,12366467346649;-0,114606536180832;0,071115759231213;-0,263049000292889;0,0157196533599093;-0,242380926062606;0,0312662808989958;-1,73892080747432;0,0820486936775132;FALSE;100;"2";"Combined"
"hs_dde_cadj_Log2";"hs_asthma";0;0,115754765220726;0,109670615777392;0,104559924220621;-0,0891789204779278;0,320688450919379;-0,0746420706498736;0,283291818951122;1,10706626925708;0,268265277753944;FALSE;100;"2";"Combined"
"hs_ddt_cadj_Log2";"hs_asthma";0;0,0653066805156564;0,0748122821655211;0,0637996987446062;-0,0597384312482769;0,19035179227959;-0,0459565054649954;0,1957811202224;1,02362051546799;0,306014551310782;FALSE;100;"2";"Combined"
"hs_hcb_cadj_Log2";"hs_asthma";0;0,00274789826503451;0,00178637441011061;0,04890624761412;-0,0931065856776386;0,0986023822077076;-0,0996682169170908;0,0918957917778819;0,0561870599174971;0,955192789568162;FALSE;100;"2";"Combined"
"hs_pcb118_cadj_Log2";"hs_asthma";0;0,0368032158437426;0,0382137508919461;0,0573546253178614;-0,0756097841260549;0,14921621581354;-0,0596628398987414;0,152725469065946;0,641678254190972;0,521082111425663;FALSE;100;"2";"Combined"
"hs_pcb138_cadj_Log2";"hs_asthma";0;0,0173639283651823;0,0310099222239127;0,114981800459076;-0,207996259412177;0,242724116142542;-0,174223701505899;0,233644417003555;0,151014580532355;0,879964214204622;FALSE;100;"2";"Combined"
"hs_pcb153_cadj_Log2";"hs_asthma";0;-0,0142088017200613;-0,0142764655778227;0,0560112521574437;-0,123988838677642;0,0955712352375197;-0,12099637216546;0,0814023017327137;-0,253677630346869;0,799744617257205;FALSE;100;"2";"Combined"
"hs_pcb170_cadj_Log2";"hs_asthma";0;0,099263537941641;0,0946007465806123;0,0708273782250267;-0,0395555724988077;0,23808264838209;-0,031548356622444;0,234058634897135;1,40148542031684;0,161068964389093;FALSE;100;"2";"Combined"
"hs_pcb180_cadj_Log2";"hs_asthma";0;-0,0845892126505219;-0,0858128143725099;0,0862536577986937;-0,253643275470804;0,0844648501697602;-0,245860782895942;0,0914496437615008;-0,980702903614169;0,32673927159383;FALSE;100;"2";"Combined"
"hs_sumPCBs5_cadj_Log2";"hs_asthma";0;-0,0230525252786325;-0,0210704441008746;0,0545317934904572;-0,129932876532304;0,0838278259750393;-0,109808528699229;0,0902409239443225;-0,422735505346374;0,672488247727372;FALSE;100;"2";"Combined"
"hs_pfhxs_c_Log2";"hs_asthma";0;0,02439479865696;0,0327218908748529;0,0667346134608324;-0,106402640248473;0,155192237562393;-0,0711123585146156;0,153565246022421;0,365549411195401;0,714701330051779;FALSE;100;"2";"Combined"
"hs_pfna_c_Log2";"hs_asthma";0;0,0947030816553681;0,0959637426773422;0,067252860305398;-0,0371101024005153;0,226516265711252;-0,0217131584040363;0,218660674536339;1,40816436989174;0,159082404011429;FALSE;100;"2";"Combined"
"hs_pfoa_c_Log2";"hs_asthma";0;-0,0875432571121126;-0,0913322374337536;0,0821957901420698;-0,248644045471382;0,0735575312471566;-0,238307354555217;0,0663990785757056;-1,06505767461813;0,286849831128835;FALSE;100;"2";"Combined"
"hs_pfos_c_Log2";"hs_asthma";0;-0,00851157356756609;-0,0019495964440643;0,0699325983361224;-0,145576947651672;0,128553800516539;-0,13176927870708;0,12383957043272;-0,121711101404473;0,903127820957746;FALSE;100;"2";"Combined"
"hs_pfunda_c_Log2";"hs_asthma";0;0,0555126041096449;0,0581503683292559;0,0619048347983986;-0,0658186425641181;0,176843850783408;-0,067915853811357;0,185088611900046;0,89674101046274;0,369857131681513;FALSE;100;"2";"Combined"
"hs_hm_pers_None";"hs_asthma";0;-0,08709989883507;-0,0831022461319863;0,0687815618604531;-0,221909282881972;0,0477094852118319;-0,199957742700867;0,0264584547169013;-1,26632627231964;0,205396294703909;FALSE;100;"2";"Combined"
"hs_trafload_h_pow1over3";"hs_asthma";0;0,0413445148871224;0,0395751052467379;0,0621450259665154;-0,0804574978255543;0,163146527599799;-0,0727809343091092;0,159926024423769;0,66529081361072;0,505864505106181;FALSE;100;"2";"Combined"
"hs_trafnear_h_pow1over3";"hs_asthma";0;0,0354464400239313;0,0378684481182083;0,0660515917612054;-0,0940123009495737;0,164905180997436;-0,0780380890914675;0,17116911048351;0,536647779088806;0,591510934009264;FALSE;100;"2";"Combined"
"FAS_cat_None_Low";"hs_asthma";0;-0,0205087798346544;-0,0213199063643534;0,223180801040754;-0,457935111915332;0,416917552246024;-0,443189687262392;0,338705740366933;-0,0918931186688831;0,926782958836198;FALSE;100;"2";"Combined"
"FAS_cat_None_Middle";"hs_asthma";0;-0,275926522938685;-0,272438547770739;0,143248379622363;-0,556688187842239;0,00483514196486795;-0,548803930226425;0,00958757648884272;-1,92621043020586;0,0540781039914538;FALSE;100;"2";"Combined"
"hs_globalexp2_None_no exposure";"hs_asthma";0;0,0966479423146715;0,0954724516644594;0,142809814598504;-0,183254150937239;0,376550035566583;-0,145338100325352;0,353082581563125;0,676759805244392;0,498558364558981;FALSE;100;"2";"Combined"
"h_abs_ratio_preg_Log";"hs_zbmi_who";0;-0,0125918352246342;-0,0125357201002837;0,00568485387835976;-0,0237339440835922;-0,00144972636567627;-0,024422414909485;-0,000362155581123316;-2,21497957450884;0,0267614665255343;TRUE;100;"2";"Combined"
"h_no2_ratio_preg_Log";"hs_zbmi_who";0;0,00054207008449737;-0,000441240745839719;0,00570143849973781;-0,0106325440350588;0,0117166842040535;-0,0106829892411368;0,0102111920531205;0,0950760206432637;0,924254444534411;FALSE;100;"2";"Combined"
"h_pm10_ratio_preg_None";"hs_zbmi_who";0;-0,00839264830541697;-0,00827515759014326;0,00542062277294655;-0,0190168737141698;0,0022315771033359;-0,0180478720881321;0,00202521893519229;-1,54828119516144;0,121554609930233;FALSE;100;"2";"Combined"
"h_pm25_ratio_preg_None";"hs_zbmi_who";0;0,00386923057596473;0,00347514045399077;0,00447708112435198;-0,00490568718362924;0,0126441483355587;-0,00517186326481191;0,0112520709305989;0,864230615549717;0,387461217035249;FALSE;100;"2";"Combined"
"h_accesslines300_preg_dic0";"hs_zbmi_who";0;0,0293524464249698;0,0269684428236834;0,0131786266371132;0,00352281285052771;0,0551820799994118;0,00259239710078513;0,0491675879594422;2,22727657693165;0,0259287949711222;TRUE;100;"2";"Combined"
"h_accesspoints300_preg_Log";"hs_zbmi_who";0;0,00269003131027947;0,00269394002507865;0,00607688578433384;-0,00922044596517829;0,0146005085857372;-0,00870786271098679;0,0133554064785628;0,442666096706038;0,658007268525227;FALSE;100;"2";"Combined"
"h_builtdens300_preg_Sqrt";"hs_zbmi_who";0;-0,00247812243420507;-0,00241371473110648;0,00476102092325994;-0,0118095519734362;0,00685330710502604;-0,0100172622487673;0,00722235042549437;-0,520502319596668;0,602713511593121;FALSE;100;"2";"Combined"
"h_connind300_preg_Sqrt";"hs_zbmi_who";0;-0,000187006297396233;-4,90674616299606e-05;0,00498665044060829;-0,00996066156447928;0,00958664896968681;-0,00848908170705347;0,00989889986408962;-0,0375013848721711;0,970085235956743;FALSE;100;"2";"Combined"
"h_fdensity300_preg_Log";"hs_zbmi_who";0;0,00146153596289472;0,000760861555809305;0,00584010223831103;-0,00998485409022665;0,0129079260160161;-0,0104741034888304;0,0117200097604567;0,250258626177304;0,80238735010819;FALSE;100;"2";"Combined"
"h_frichness300_preg_None";"hs_zbmi_who";0;0,00394455420803927;0,00427499124946311;0,00493409303122482;-0,00572609042953143;0,01361519884561;-0,00470073223661805;0,0141725928730597;0,799448689572051;0,424030287548635;FALSE;100;"2";"Combined"
"h_landuseshan300_preg_None";"hs_zbmi_who";0;0,010331396491628;0,00910147128869954;0,00442807525264319;0,00165252847561426;0,0190102645076418;0,000813264120023616;0,0176905580043252;2,33315738829439;0,0196398863741625;TRUE;100;"2";"Combined"
"h_popdens_preg_Sqrt";"hs_zbmi_who";0;0,0116814691420583;0,0112603034303821;0,0042658559960987;0,00332054502647061;0,020042393257646;0,00372107419442959;0,0193575253510835;2,73836462195196;0,0061745575928568;TRUE;100;"2";"Combined"
"h_walkability_mean_preg_None";"hs_zbmi_who";0;-0,0157578514486329;-0,0148042949933878;0,00422988600115402;-0,0240482756696049;-0,00746742722766085;-0,0244191741523781;-0,00818109885880337;-3,72536078852568;0,000195036065779729;TRUE;100;"2";"Combined"
"hs_as_m_Log2";"hs_zbmi_who";0;0,00958268924654529;0,00905295249765919;0,00344478363135663;0,00283103739455319;0,0163343410985374;0,00208580415301615;0,015144970101158;2,78179713794431;0,005405881912538;TRUE;100;"2";"Combined"
"hs_cd_m_Log2";"hs_zbmi_who";0;0,00259066656498677;0,0021472735479274;0,00446573613682076;-0,00616201542764095;0,0113433485576145;-0,00568687603881824;0,011228486666154;0,580120832403483;0,561833136126556;FALSE;100;"2";"Combined"
"hs_co_m_Log2";"hs_zbmi_who";0;0,0126151232063862;0,0126818135667409;0,00432644102176577;0,00413545462248863;0,0210947917902838;0,00507289959197263;0,0209381742425147;2,91581998758821;0,00354755117681378;TRUE;100;"2";"Combined"
"hs_cs_m_Log2";"hs_zbmi_who";0;-0,00392270663020537;-0,00386497036290506;0,00429122968418321;-0,0123333622605936;0,00448794900018291;-0,0111367056210764;0,00518645567004793;-0,914121806312032;0,360652845439763;FALSE;100;"2";"Combined"
"hs_cu_m_Log2";"hs_zbmi_who";0;-0,00686851698939129;-0,00648380371105956;0,0035842255792552;-0,0138934700371987;0,00015643605841611;-0,0130490737932635;-0,000334558567837875;-1,91631827782965;0,0553245957531186;FALSE;100;"2";"Combined"
"hs_hg_m_Log2";"hs_zbmi_who";0;-2,11808918032931e-05;-0,000335552156155248;0,00441585723811058;-0,00867610203937055;0,00863374025576396;-0,0109914188340916;0,00664829616099335;-0,0047965526649036;0,996172919358489;FALSE;100;"2";"Combined"
"hs_mn_m_Log2";"hs_zbmi_who";0;-0,00150658983643957;-0,0015999552880544;0,0041006380292851;-0,00954369268747366;0,00653051301459452;-0,0102040911964587;0,00566633962260148;-0,367403761482998;0,713317866237655;FALSE;100;"2";"Combined"
"hs_mo_m_Log2";"hs_zbmi_who";0;-0,00376370780298385;-0,00346875905609499;0,00436185119436328;-0,0123127790498589;0,00478536344389119;-0,012025869067242;0,00399500925289604;-0,86286937249203;0,388209291785084;FALSE;100;"2";"Combined"
"hs_pb_m_Log2";"hs_zbmi_who";0;0,000460368398775692;0,000595429019819408;0,00394597614933755;-0,00727360273777995;0,00819433953533134;-0,00590002125393609;0,00773192706481942;0,116667810790741;0,907123299302837;FALSE;100;"2";"Combined"
"h_humidity_preg_None";"hs_zbmi_who";0;0,0326088843491675;0,0315544727362291;0,00484598634747449;0,0231109256385447;0,0421068430597903;0,0223389108405879;0,0404468120376492;6,7290499830157;1,70774389494319e-11;TRUE;100;"2";"Combined"
"h_pressure_preg_None";"hs_zbmi_who";0;-0,0379493352161351;-0,0359655582901497;0,00531025254759898;-0,0483572389582411;-0,027541431474029;-0,0458151641200029;-0,0258769268380238;-7,14642757118844;8,90653486936062e-13;TRUE;100;"2";"Combined"
"h_temperature_preg_None";"hs_zbmi_who";0;0,0075392517898691;0,00688682469511223;0,00547033940584794;-0,00318241642880309;0,0182609200085413;-0,00308124285642489;0,0164624718056413;1,37820548790984;0,168139853364475;FALSE;100;"2";"Combined"
"h_ndvi100_preg_None";"hs_zbmi_who";0;0,00292979475252443;0,0035768438388175;0,00538540439581542;-0,00762540390545747;0,0134849934105063;-0,0061713106076405;0,013494733555144;0,54402502341346;0,58642425329084;FALSE;100;"2";"Combined"
"hs_dde_madj_Log2";"hs_zbmi_who";0;0,00392511110685325;0,00377784829472019;0,00485062829669756;-0,00558194565706483;0,0134321678707713;-0,00679006663911215;0,0126726296872511;0,809196431218112;0,418402167379234;FALSE;100;"2";"Combined"
"hs_ddt_madj_Log2";"hs_zbmi_who";0;-0,00177482425969414;-0,0016916439337523;0,00399718593555431;-0,00960916473289063;0,00605951621350235;-0,00858921851615561;0,0068476321198365;-0,444018439049175;0,657029252711052;FALSE;100;"2";"Combined"
"hs_hcb_madj_Log2";"hs_zbmi_who";0;-0,0081875514857343;-0,00757043395272914;0,00424825324044282;-0,0165139748342078;0,000138871862739212;-0,0157553152987925;0,00133715700530479;-1,92727481680938;0,053945390293651;FALSE;100;"2";"Combined"
"hs_pcb118_madj_Log2";"hs_zbmi_who";0;0,00327905513600808;0,0034914450230349;0,00546630515109767;-0,00743470608864914;0,0139928163606653;-0,00635467231088708;0,0129735473661073;0,599866828757195;0,548594990914739;FALSE;100;"2";"Combined"
"hs_pcb138_madj_Log2";"hs_zbmi_who";0;-0,00287474507307094;-0,00207444966504932;0,00639473945219367;-0,0154082040898879;0,00965871394374604;-0,013855751272739;0,0108863688875575;-0,449548428761203;0,653036080863972;FALSE;100;"2";"Combined"
"hs_pcb153_madj_Log2";"hs_zbmi_who";0;-0,00234917155796108;-0,00232034136404756;0,00583961922404987;-0,0137946149205266;0,0090962718046044;-0,0127166525612989;0,00909352881923496;-0,40228163307057;0,687476770204723;FALSE;100;"2";"Combined"
"hs_pcb170_madj_Log2";"hs_zbmi_who";0;-0,00660779413381946;-0,0063604353214128;0,00500215836006179;-0,0164118443645065;0,00319625609686758;-0,0161132029692816;0,004512034973828;-1,32098859295967;0,186505167736989;FALSE;100;"2";"Combined"
"hs_pcb180_madj_Log2";"hs_zbmi_who";0;0,00485702948320162;0,0040685130394127;0,00465096579080628;-0,00425869596010652;0,0139727549265098;-0,00495577409078031;0,0129662820096911;1,0443055704264;0,296344036476312;FALSE;100;"2";"Combined"
"hs_sumPCBs5_madj_Log2";"hs_zbmi_who";0;-0,00797364495531424;-0,00804766449077927;0,00433077308003945;-0,0164618042174072;0,000514514306778678;-0,0161617355861429;-0,000283402585061303;-1,84115972089713;0,0655981560589736;FALSE;100;"2";"Combined"
"hs_pfhxs_m_Log2";"hs_zbmi_who";0;0,00216493037186061;0,00184066954062387;0,00443113139760159;-0,00651992757820314;0,0108497883219244;-0,00576075531785089;0,0101954956491311;0,488572822063549;0,625144158114189;FALSE;100;"2";"Combined"
"hs_pfna_m_Log2";"hs_zbmi_who";0;-0,000167054322992107;8,06568649078938e-07;0,00482649565350698;-0,00962681197540489;0,00929270332942068;-0,00971605330369518;0,00953491103817185;-0,0346119286092641;0,972389189545326;FALSE;100;"2";"Combined"
"hs_pfoa_m_Log2";"hs_zbmi_who";0;-0,00179801757920927;-0,00160712166217365;0,00404937941965339;-0,00973465540146761;0,00613862024304906;-0,00980183736762692;0,00573869364469302;-0,444022995346576;0,657025958582132;FALSE;100;"2";"Combined"
"hs_pfos_m_Log2";"hs_zbmi_who";0;-0,00466859497698308;-0,00517944609435519;0,00520014765559392;-0,0148606970962376;0,00552350714227139;-0,0137504393996225;0,00502752467304612;-0,897781233569583;0,369302191474426;FALSE;100;"2";"Combined"
"hs_pfunda_m_Log2";"hs_zbmi_who";0;-0,00389971432454305;-0,00452323844494204;0,00576024316713211;-0,0151895834743149;0,00739015482522882;-0,0171755780957249;0,00335357629052358;-0,677005156100836;0,498402682950102;FALSE;100;"2";"Combined"
"e3_asmokcigd_p_None";"hs_zbmi_who";0;-0,00886616731524005;-0,00853938454735996;0,00429707034877762;-0,0172882704378792;-0,000444064192600947;-0,0158397590480234;0,000242551509153648;-2,06330513480241;0,0390836465236671;TRUE;100;"2";"Combined"
"h_distinvnear1_preg_Log";"hs_zbmi_who";0;0,00155744628919972;0,00148971824401599;0,00432601888972962;-0,00692139493111029;0,0100362875095097;-0,00685876439961039;0,00943505348311659;0,360018374607019;0,718833392688598;FALSE;100;"2";"Combined"
"h_trafload_preg_pow1over3";"hs_zbmi_who";0;0,00752091301834105;0,007401457232773;0,00393121821019379;-0,000184133089006784;0,0152259591256889;0,000623787477832104;0,0147636877652081;1,91312530015227;0,055732013562223;FALSE;100;"2";"Combined"
"h_trafnear_preg_pow1over3";"hs_zbmi_who";0;-0,00181397160811787;-0,00186810226831017;0,00553010227939527;-0,0126527729065555;0,00902482969031972;-0,0131164128697536;0,00760035432171746;-0,32801773212705;0,742898255424211;FALSE;100;"2";"Combined"
"h_bro_preg_Log";"hs_zbmi_who";0;0,0107908107429512;0,0109483681423305;0,00605210807526778;-0,00107110311511765;0,0226527246010201;0,000381770611157847;0,0240764688317234;1,78298381468903;0,074588938060485;FALSE;100;"2";"Combined"
"h_clf_preg_Log";"hs_zbmi_who";0;0,000398547815527762;0,000568513864473942;0,00519531716998145;-0,00978408672589844;0,010581182356954;-0,0108479569726796;0,00886751661486721;0,0767128940328363;0,938851946814721;FALSE;100;"2";"Combined"
"h_thm_preg_Log";"hs_zbmi_who";0;-0,00265156220285309;-0,00189363188718399;0,00423225976254141;-0,0109466389106523;0,00564351450494611;-0,0102552175729917;0,0059439910215207;-0,626512159372011;0,53097906394778;FALSE;100;"2";"Combined"
"e3_alcpreg_yn_None_1";"hs_zbmi_who";0;0,00544360498710283;0,00543896380286303;0,00759484816233872;-0,00944202387913128;0,0203292338533369;-0,00708805144850117;0,0197350205798287;0,716749679617894;0,473528565979947;FALSE;100;"2";"Combined"
"h_pamod_t3_None_Often";"hs_zbmi_who";0;0,0709990012914984;0,0680274667395688;0,00916833882608924;0,0530293873943033;0,0889686151886935;0,0504126047382572;0,084164424081137;7,74393296738391;9,63878385356259e-15;TRUE;100;"2";"Combined"
"h_pamod_t3_None_Sometimes";"hs_zbmi_who";0;0,0573078281406545;0,0547702428979235;0,0103663250803929;0,0369902043310502;0,0776254519502588;0,0328793276353862;0,0737082681932489;5,52826847472186;3,23406868514091e-08;TRUE;100;"2";"Combined"
"h_pamod_t3_None_Very Often";"hs_zbmi_who";0;0,0701094016374345;0,0668445476151218;0,0089931719722816;0,0524831084649875;0,0877356948098814;0,0488355762854932;0,0847241814792714;7,79584798928819;6,3977367173608e-15;TRUE;100;"2";"Combined"
"h_pavig_t3_None_Low";"hs_zbmi_who";0;0,0702651363964561;0,0699843654186731;0,0129818954362093;0,044821088890421;0,0957091839024912;0,0467057108433472;0,0958221120721831;5,41254832483642;6,21340787363886e-08;TRUE;100;"2";"Combined"
"h_pavig_t3_None_Medium";"hs_zbmi_who";0;0,0682288994393779;0,0682188754637868;0,0119504505147851;0,0448064468313711;0,0916513520473848;0,0477582058122216;0,0908322765326906;5,70931609272515;1,13431051741214e-08;TRUE;100;"2";"Combined"
"hs_no2_dy_hs_h_Log";"hs_zbmi_who";0;0,00229746828428492;0,00249766104393688;0,0047149644196262;-0,00694369216657024;0,0115386287351401;-0,00583775991623523;0,0124185606788376;0,487271605851706;0,62606586679004;FALSE;100;"2";"Combined"
"hs_no2_wk_hs_h_Log";"hs_zbmi_who";0;0,00747602325951735;0,00744382489436571;0,00574659526763515;-0,00378709649877585;0,0187391430178105;-0,000435554521465905;0,0223860595598167;1,30094828526073;0,19327615685065;FALSE;100;"2";"Combined"
"hs_no2_yr_hs_h_Log";"hs_zbmi_who";0;0,00990437476306644;0,0100281238915604;0,00589512157606294;-0,00164985121050193;0,0214586007366348;-0,00115365496641822;0,0220527411591234;1,68009677752585;0,092938487783424;FALSE;100;"2";"Combined"
"hs_pm10_dy_hs_h_None";"hs_zbmi_who";0;0,000300505923264252;0,000301131819994989;0,00491517656789606;-0,00933306312746722;0,00993407497399572;-0,00965725664924339;0,00894731100049294;0,0611383780649986;0,951249005027314;FALSE;100;"2";"Combined"
"hs_pm10_wk_hs_h_None";"hs_zbmi_who";0;-0,00928316943883583;-0,00786383041843206;0,00396029401476149;-0,0170452030759579;-0,00152113580171377;-0,0154600209425393;-0,0013215003358673;-2,34406066929223;0,0190750682803671;TRUE;100;"2";"Combined"
"hs_pm10_yr_hs_h_None";"hs_zbmi_who";0;0,00146758310078123;0,0018535353183595;0,00516886844302685;-0,00866321288837703;0,0115983790899395;-0,00764282015374023;0,0112713497335663;0,283927346373284;0,7764660591536;FALSE;100;"2";"Combined"
"hs_pm25_dy_hs_h_None";"hs_zbmi_who";0;0,0139559359870767;0,0132450526156522;0,00485069145136471;0,00444875544228554;0,0234631165318678;0,00475289042565786;0,0235795637722384;2,87710239395876;0,00401345340230168;TRUE;100;"2";"Combined"
"hs_pm25_wk_hs_h_None";"hs_zbmi_who";0;-0,00585445986291293;-0,00613614787883925;0,00560357464168657;-0,0168372643453005;0,00512834461947467;-0,0170120242632068;0,00353975230698832;-1,04477235287632;0,296128195669578;FALSE;100;"2";"Combined"
"hs_pm25_yr_hs_h_None";"hs_zbmi_who";0;0,014463288203446;0,014568338063091;0,00689400472267251;0,000951287237758851;0,0279752891691332;0,00207215618804287;0,0287243866936383;2,09795159493874;0,0359094215592314;TRUE;100;"2";"Combined"
"hs_pm25abs_dy_hs_h_Log";"hs_zbmi_who";0;-0,00645122905789298;-0,0061200224022129;0,00497976131637053;-0,016211381889585;0,00330892377379902;-0,0145406941921369;0,00251615998051179;-1,29548961246097;0,195151382431411;FALSE;100;"2";"Combined"
"hs_pm25abs_wk_hs_h_Log";"hs_zbmi_who";0;-0,00869541508423477;-0,0087865809406306;0,00420922413097476;-0,0169453427838022;-0,000445487384667334;-0,0172718973519844;-0,00118591664089215;-2,06579997017672;0,0388473709293603;TRUE;100;"2";"Combined"
"hs_pm25abs_yr_hs_h_Log";"hs_zbmi_who";0;0,00133613744452449;0,000690993764803384;0,00578551477026161;-0,0100032631372128;0,0126755380262618;-0,0107809786616944;0,010376770809842;0,230945300043555;0,817357297495143;FALSE;100;"2";"Combined"
"hs_accesslines300_h_dic0";"hs_zbmi_who";0;0,0179820950958628;0,0182407456868669;0,0107156574709965;-0,00302020761795801;0,0389843978096835;-0,000627621795846345;0,0416191790914825;1,67811402562408;0,0933248411772609;FALSE;100;"2";"Combined"
"hs_accesspoints300_h_Log";"hs_zbmi_who";0;-0,00306607078885135;-0,00360784954907867;0,00451846338297999;-0,0119220962849551;0,00578995470725244;-0,0136459716445835;0,00421518997767851;-0,678564929927403;0,497413570113179;FALSE;100;"2";"Combined"
"hs_builtdens300_h_Sqrt";"hs_zbmi_who";0;-0,00421368749990523;-0,00413891525314348;0,00487087579508242;-0,0137604286314347;0,0053330536316242;-0,0135283092834028;0,00515705023207511;-0,865078001816291;0,386995977810763;FALSE;100;"2";"Combined"
"hs_connind300_h_Log";"hs_zbmi_who";0;0,00436111701127868;0,00450723725171282;0,00478879314368661;-0,00502474507975943;0,0137469791023168;-0,00412421673834245;0,0130156060348465;0,910692293532918;0,362457525739921;FALSE;100;"2";"Combined"
"hs_fdensity300_h_Log";"hs_zbmi_who";0;0,001895004518712;0,00214239290836872;0,0051293377962239;-0,0081583128264269;0,0119483218638509;-0,00636939648584601;0,0123960100430407;0,36944428189289;0,711796596643177;FALSE;100;"2";"Combined"
"hs_landuseshan300_h_None";"hs_zbmi_who";0;0,00141576792655234;0,00171439335033415;0,00431242696679372;-0,00703643361432266;0,00986796946742734;-0,00725344923339576;0,00900850203310405;0,328299571784971;0,742685167916797;FALSE;100;"2";"Combined"
"hs_popdens_h_Sqrt";"hs_zbmi_who";0;-0,00264189630976467;-0,00180989205226646;0,0044335708213082;-0,0113315354424364;0,00604774282290706;-0,0110085650098337;0,00637698560665495;-0,595884540079396;0,551252361825104;FALSE;100;"2";"Combined"
"hs_walkability_mean_h_None";"hs_zbmi_who";0;-0,00326578704744913;-0,00346616042041454;0,00460279676277925;-0,012287102930654;0,00575552883575575;-0,0114482728257537;0,00618175706925669;-0,70952232213642;0,4780004042746;FALSE;100;"2";"Combined"
"hs_accesslines300_s_dic0";"hs_zbmi_who";0;0,028612625168581;0,0274526036736253;0,0141623645644649;0,000854900686303419;0,0563703496508586;0,00318477472775815;0,0562477365225247;2,0203282466244;0,043349350733391;TRUE;100;"2";"Combined"
"hs_accesspoints300_s_Log";"hs_zbmi_who";0;-0,00565698820624381;-0,00511831990971099;0,00534048182659453;-0,0161241402464598;0,00481016383397215;-0,0152685969197418;0,00395603748457483;-1,05926551010307;0,289478877702449;FALSE;100;"2";"Combined"
"hs_builtdens300_s_Sqrt";"hs_zbmi_who";0;-0,00242943326070284;-0,00292976170101385;0,00467585421831055;-0,0115939391255512;0,00673507260414553;-0,0113619416261985;0,00669675688930994;-0,519569932524677;0,603363359194826;FALSE;100;"2";"Combined"
"hs_connind300_s_Log";"hs_zbmi_who";0;-0,00385234512670688;-0,00374498377050522;0,0047991994250743;-0,0132586031544778;0,00555391290106409;-0,0117218812894744;0,00649937918185364;-0,802705781839277;0,422144810292755;FALSE;100;"2";"Combined"
"hs_fdensity300_s_Log";"hs_zbmi_who";0;0,00482345672695524;0,00483919979792807;0,00553500463748172;-0,00602495301677111;0,0156718664706816;-0,00483343123782009;0,0166661629828973;0,871445832997492;0,383510769588344;FALSE;100;"2";"Combined"
"hs_landuseshan300_s_None";"hs_zbmi_who";0;-0,00254119394379456;-0,00253285518499773;0,00436514060280973;-0,0110967123127551;0,00601432442516596;-0,0107603890575735;0,00610629592394111;-0,582156263685724;0,560461430078358;FALSE;100;"2";"Combined"
"hs_popdens_s_Sqrt";"hs_zbmi_who";0;-0,0054089904005308;-0,00537915609237893;0,00458475596775415;-0,014394946975234;0,00357696617417241;-0,01546560396651;0,00326483356019134;-1,17977716558389;0,238088853656887;FALSE;100;"2";"Combined"
"h_Absorbance_Log";"hs_zbmi_who";0;0,00174482306295682;0,00182095046965058;0,00434767659503642;-0,00677646647974229;0,0102661126056559;-0,00661873892856762;0,00980796060913764;0,401323103229164;0,688182256072205;FALSE;100;"2";"Combined"
"h_Benzene_Log";"hs_zbmi_who";0;0,000524977809883242;0,000621137850731907;0,00443063351875222;-0,00815890431556708;0,00920885993533357;-0,00707761267295991;0,0091173804735876;0,118488204375588;0,905680840801562;FALSE;100;"2";"Combined"
"h_NO2_Log";"hs_zbmi_who";0;0,0126700233618467;0,0118507682917901;0,00496564327753135;0,00293754137781184;0,0224025053458816;0,00247715003127862;0,0209710106486883;2,55153716320629;0,0107248885565887;TRUE;100;"2";"Combined"
"h_PM_Log";"hs_zbmi_who";0;0,0106024050034482;0,0107333500462269;0,00431641702344654;0,00214238309523736;0,019062426911659;0,00177103666449546;0,017907997192373;2,45629765285802;0,0140376832416747;TRUE;100;"2";"Combined"
"h_TEX_Log";"hs_zbmi_who";0;0,00224249345571156;0,00168344089540239;0,00482307394257824;-0,00721055776651539;0,0116955446779385;-0,0073786890572519;0,00982064602795652;0,464951083564108;0,641966487159463;FALSE;100;"2";"Combined"
"hs_KIDMED_None";"hs_zbmi_who";0;0,00964613975342207;0,0091606861315912;0,00400244817960087;0,00180148547141645;0,0174907940354277;0,00193270769402809;0,0175326397924782;2,41005987350072;0,0159499027574752;TRUE;100;"2";"Combined"
"hs_mvpa_prd_alt_None";"hs_zbmi_who";0;-0,00604943979953214;-0,00577814786518258;0,00432165757861427;-0,0145197330071307;0,00242085340806641;-0,0145120815659136;0,00256380248477841;-1,39979618687695;0,161574360020209;FALSE;100;"2";"Combined"
"hs_sd_wk_None";"hs_zbmi_who";0;-0,00148607414655671;-0,00191175907663651;0,00354177116072388;-0,00842781806305813;0,00545566976994471;-0,00962399453071159;0,00367579566381364;-0,419585026564218;0,674788628719485;FALSE;100;"2";"Combined"
"hs_dif_hours_total_None";"hs_zbmi_who";0;-0,00709076370043285;-0,0071570526835539;0,00422777356268567;-0,0153770476180873;0,00119552021722166;-0,0153633340318429;-0,000232448490324115;-1,67718625307087;0,093506066353674;FALSE;100;"2";"Combined"
"hs_as_c_Log2";"hs_zbmi_who";0;0,00145146559621766;0,00111947963019373;0,00449918798991015;-0,00736678082368139;0,0102697120161167;-0,00884024697970869;0,0105213161039551;0,322606123476661;0,746993555639691;FALSE;100;"2";"Combined"
"hs_cd_c_Log2";"hs_zbmi_who";0;-0,000488333928649963;-0,000797597740615335;0,00398866887807368;-0,00830598127593017;0,00732931341863024;-0,00805829121815548;0,00734561117917461;-0,122430300327613;0,902558242816367;FALSE;100;"2";"Combined"
"hs_co_c_Log2";"hs_zbmi_who";0;-0,00424913113265568;-0,00464483959723459;0,00356878277102633;-0,0112438168325143;0,00274555456720297;-0,0126313313745257;0,00190423837227676;-1,19063877105462;0,233795424247772;FALSE;100;"2";"Combined"
"hs_cs_c_Log2";"hs_zbmi_who";0;0,00877499603254155;0,00838927801382521;0,00393941954149212;0,0010538756112237;0,0164961164538594;0,00123094271757128;0,0161706235945847;2,22748451646708;0,0259149094875519;TRUE;100;"2";"Combined"
"hs_cu_c_Log2";"hs_zbmi_who";0;0,01322600784549;0,0128277699906934;0,00387497681476234;0,00563119284762804;0,0208208228433519;0,0055564535089877;0,0208643136189848;3,41318373702351;0,000642086363773246;TRUE;100;"2";"Combined"
"hs_hg_c_Log2";"hs_zbmi_who";0;-0,0066663564245994;-0,00631700979845277;0,00445418176775451;-0,0153963922699932;0,00206367942079438;-0,0150448238807707;0,00244139491912352;-1,49665118582714;0,134484044006457;FALSE;100;"2";"Combined"
"hs_mn_c_Log2";"hs_zbmi_who";0;-0,00199658680329199;-0,00169507957008744;0,00358616852214947;-0,00902534794919618;0,0050321743426122;-0,00761767510290959;0,0050152671802321;-0,5567465084143;0,577700635835897;FALSE;100;"2";"Combined"
"hs_mo_c_Log2";"hs_zbmi_who";0;-0,0100561412009144;-0,0100414992648424;0,00345786098699841;-0,0168334241989774;-0,00327885820285144;-0,0176618723271545;-0,00383378929288857;-2,90819707290884;0,00363519174488679;TRUE;100;"2";"Combined"
"hs_pb_c_Log2";"hs_zbmi_who";0;0,00100015077849036;0,000851137205800005;0,00393865666399562;-0,00671947443040973;0,00871977598739045;-0,00610789906130492;0,0090174104561446;0,253931952899836;0,799548128824357;FALSE;100;"2";"Combined"
"hs_hum_mt_hs_h_None";"hs_zbmi_who";0;-0,00106398979502087;-0,00204743483878607;0,00560148623348091;-0,0120427010725404;0,00991472148249863;-0,0104980047648641;0,01100589932243;-0,189947765766386;0,849350062102763;FALSE;100;"2";"Combined"
"hs_tm_mt_hs_h_None";"hs_zbmi_who";0;0,00491882933456748;0,00460251488294426;0,00524378713688767;-0,00535880459632675;0,0151964632654617;-0,00505607283290119;0,014754182466712;0,938029940225022;0,348229023837549;FALSE;100;"2";"Combined"
"hs_uvdvf_mt_hs_h_None";"hs_zbmi_who";0;-0,000908929156149103;-0,00147454356256115;0,00511383763407163;-0,010931866741715;0,00911400842941682;-0,0107631030928981;0,00897283934005243;-0,177739150358087;0,858927837213061;FALSE;100;"2";"Combined"
"hs_hum_dy_hs_h_None";"hs_zbmi_who";0;-0,00466845352305914;-0,00437007408543597;0,00410374482286298;-0,0127116455776133;0,003374738531495;-0,0113744229690363;0,00340597533926251;-1,13760814197073;0,255284145296833;FALSE;100;"2";"Combined"
"hs_hum_wk_hs_h_None";"hs_zbmi_who";0;-0,0098692472128295;-0,00909389132385501;0,00539191999641693;-0,020437216213328;0,000698721787669011;-0,0210207968106678;0,000511214268291305;-1,83037716052684;0,0671935605332592;FALSE;100;"2";"Combined"
"hs_tm_dy_hs_h_None";"hs_zbmi_who";0;0,000180606939552073;0,000666616386501117;0,00570974186913763;-0,0110102814849781;0,0113714953640822;-0,0122918826604446;0,0106906969576598;0,0316313668273327;0,97476602878862;FALSE;100;"2";"Combined"
"hs_tm_wk_hs_h_None";"hs_zbmi_who";0;0,00414538136524208;0,00422428859616253;0,00471816796391139;-0,00510205791703491;0,0133928206475191;-0,00417554080441533;0,0136778456780214;0,878599786389448;0,379618311665932;FALSE;100;"2";"Combined"
"hs_uvdvf_dy_hs_h_None";"hs_zbmi_who";0;-0,000574980638923188;-0,00101416624178562;0,00474409503053003;-0,0098732360379975;0,00872327476015113;-0,00908335996961705;0,00749761405343011;-0,121199224556627;0,903533238304709;FALSE;100;"2";"Combined"
"hs_uvdvf_wk_hs_h_None";"hs_zbmi_who";0;-0,0171970430574312;-0,0168326810649564;0,00542227958960447;-0,0278245157671626;-0,00656957034769983;-0,0263317889972332;-0,00774698880214143;-3,17155225459071;0,00151626586343328;TRUE;100;"2";"Combined"
"hs_ndvi100_h_None";"hs_zbmi_who";0;0,00441450129298773;0,00387206060225741;0,00541633531126681;-0,00620132084528777;0,0150303234312632;-0,00611025785974877;0,0153977695431711;0,815034712456758;0,415052440687764;FALSE;100;"2";"Combined"
"hs_ndvi100_s_None";"hs_zbmi_who";0;0,00138459818790071;0,0015768782883493;0,00490892477984608;-0,00823671758341381;0,0110059139592152;-0,00876788392594809;0,0102216859219768;0,282057324158902;0,777899555550088;FALSE;100;"2";"Combined"
"hs_dde_cadj_Log2";"hs_zbmi_who";0;-0,0177151979424253;-0,0171333229930992;0,00542163415366546;-0,0283414056209619;-0,00708899026388868;-0,0267888789225596;-0,00785106413251143;-3,26750153926347;0,00108501276416334;TRUE;100;"2";"Combined"
"hs_ddt_cadj_Log2";"hs_zbmi_who";0;-0,00276857688511926;-0,00265787182595344;0,00335577778640499;-0,00934578048659258;0,00380862671635407;-0,00853803191030303;0,00345617602867121;-0,825017942587075;0,409361404169191;FALSE;100;"2";"Combined"
"hs_hcb_cadj_Log2";"hs_zbmi_who";0;-0,0149832804400518;-0,0193652870222104;0,0111863061755049;-0,0369080376640794;0,00694147678397568;-0,0424508346451778;-0,00510647391042005;-1,33943056849824;0,18043054350514;FALSE;100;"2";"Combined"
"hs_pcb118_cadj_Log2";"hs_zbmi_who";0;0,00884018246719259;0,00845207290028708;0,00488779417788657;-0,000739718085309655;0,0184200830196948;-0,00324801203026945;0,0159498563871958;1,80862412480204;0,0705094179212697;FALSE;100;"2";"Combined"
"hs_pcb138_cadj_Log2";"hs_zbmi_who";0;0,00163951443480612;0,00042402669166662;0,00680255893178752;-0,0116932560742087;0,0149722849438209;-0,0122089847552051;0,011994739858999;0,241014366982529;0,809543981459199;FALSE;100;"2";"Combined"
"hs_pcb153_cadj_Log2";"hs_zbmi_who";0;-0,0100128577672286;-0,00900609173810126;0,00520120965166332;-0,0202070413605308;0,000181325826073634;-0,0197786739513345;0,000425209733661676;-1,92510174321209;0,0542166309300993;FALSE;100;"2";"Combined"
"hs_pcb170_cadj_Log2";"hs_zbmi_who";0;-0,0204698504066298;-0,020012487050851;0,00543281220250692;-0,0311179666583131;-0,00982173415494651;-0,0316662673495321;-0,00947777132255623;-3,76781851527726;0,000164680351971973;TRUE;100;"2";"Combined"
"hs_pcb180_cadj_Log2";"hs_zbmi_who";0;-0,00667247556682391;-0,00714829016748063;0,00645647551487182;-0,0193269350430374;0,00598198390938955;-0,0182070867074167;0,0056498183207678;-1,03345479301432;0,301391115922724;FALSE;100;"2";"Combined"
"hs_sumPCBs5_cadj_Log2";"hs_zbmi_who";0;-0,0179252121334892;-0,0165901477084108;0,00563206638159679;-0,0289638593999577;-0,00688656486702064;-0,0261695459528657;-0,00580394930082458;-3,18270611867452;0,00145905624005694;TRUE;100;"2";"Combined"
"hs_pfhxs_c_Log2";"hs_zbmi_who";0;0,00933820995546927;0,00957150473491355;0,0045325291525015;0,000454616057688484;0,0182218038532501;0,000190938101058432;0,0183511228430663;2,06026473107526;0,0393732396529105;TRUE;100;"2";"Combined"
"hs_pfna_c_Log2";"hs_zbmi_who";0;-0,00344932368850084;-0,00366497990314201;0,00503751964380239;-0,0133226807617666;0,00642403338476488;-0,0134682684491633;0,00531465321501441;-0,684726598087714;0,493516461594104;FALSE;100;"2";"Combined"
"hs_pfoa_c_Log2";"hs_zbmi_who";0;0,00167045352483815;0,00162870882641456;0,00407157323099018;-0,00630968336831998;0,00965059041799629;-0,00622405494551327;0,00869221421250534;0,410272253517078;0,681606243497999;FALSE;100;"2";"Combined"
"hs_pfos_c_Log2";"hs_zbmi_who";0;-0,00781103778262147;-0,00759659864527971;0,00398804636843285;-0,0156274650334256;5,38946818267813e-06;-0,0143942661399929;-0,000410401815357808;-1,95861257894323;0,0501581753282872;FALSE;100;"2";"Combined"
"hs_pfunda_c_Log2";"hs_zbmi_who";0;0,00149535621254999;0,00165380290348101;0,00347357612526811;-0,0053127278905337;0,00830344031563367;-0,00461742856999821;0,00814219492789565;0,430494728954462;0,666835800183588;FALSE;100;"2";"Combined"
"hs_hm_pers_None";"hs_zbmi_who";0;0,000638433912267497;0,000701723780615125;0,00356326925130779;-0,00634544548751477;0,00762231331204976;-0,00599779598379993;0,00829342572387452;0,179170830841138;0,857803566702678;FALSE;100;"2";"Combined"
"hs_trafload_h_pow1over3";"hs_zbmi_who";0;-0,00611451711073221;-0,00615323515360909;0,0049845559634234;-0,0158840672779664;0,003655033056502;-0,0153327873339566;0,00361445502841514;-1,22669243872482;0,219938210711623;FALSE;100;"2";"Combined"
"hs_trafnear_h_pow1over3";"hs_zbmi_who";0;-0,00057016603183125;-0,000271275692114675;0,00470222938566872;-0,00978636627478784;0,00864603421112534;-0,00990317978885681;0,00899448617840284;-0,121254406169333;0,903489532082723;FALSE;100;"2";"Combined"
"FAS_cat_None_Low";"hs_zbmi_who";0;-0,0122527893672577;-0,0109692283604212;0,0110438805689471;-0,0338983975319556;0,00939281879744028;-0,0324770230379976;0,0079934016622488;-1,10946413181158;0,267230009513219;FALSE;100;"2";"Combined"
"FAS_cat_None_Middle";"hs_zbmi_who";0;0,00312344821295939;0,00211213500846689;0,00735662171538318;-0,0112952653970769;0,0175421618229957;-0,0104026088124084;0,0153168809912666;0,424576433830769;0,671145475374648;FALSE;100;"2";"Combined"
"hs_globalexp2_None_no exposure";"hs_zbmi_who";0;0,0132928957264532;0,0141446714149486;0,00854444048080392;-0,00345389988396862;0,030039691336875;-0,000220014863126115;0,0304593433792468;1,55573624233409;0,119770824675671;FALSE;100;"2";"Combined"
"h_abs_ratio_preg_Log";"hs_correct_raven";0;-0,00783964722599836;-0,00865554107480554;0,00962128936821567;-0,0266970278725392;0,0110177334205425;-0,0285318109032251;0,00917070328186685;-0,814822933389465;0,415173671679625;FALSE;100;"2";"Combined"
"h_no2_ratio_preg_Log";"hs_correct_raven";0;0,0254606526611867;0,0247774698210078;0,00836717516020285;0,00906129069485098;0,0418600146275225;0,00940137924959405;0,0419797323781499;3,04292095883044;0,00234293864291687;TRUE;100;"2";"Combined"
"h_pm10_ratio_preg_None";"hs_correct_raven";0;-0,0152595987981345;-0,0143591501699482;0,00926642632801979;-0,033421460666447;0,00290226307017802;-0,0316506911300095;0,00533570086474349;-1,64676200489423;0,0996069738540619;FALSE;100;"2";"Combined"
"h_pm25_ratio_preg_None";"hs_correct_raven";0;0,018727324354132;0,01820849814973;0,00681029656456729;0,00537938836354323;0,0320752603447207;0,00442503256203617;0,0309456798647627;2,74985445590824;0,00596217402849231;TRUE;100;"2";"Combined"
"h_accesslines300_preg_dic0";"hs_correct_raven";0;0,0119757056152212;0,0128347644007665;0,0244885648213219;-0,0360209994676442;0,0599724106980867;-0,0307250568209624;0,0619364340928536;0,489032562855383;0,62481864347366;FALSE;100;"2";"Combined"
"h_accesspoints300_preg_Log";"hs_correct_raven";0;-0,00246071380799068;-0,00228074024709676;0,00923184807474167;-0,0205548035452298;0,0156333759292484;-0,0196015845179234;0,0156093966346695;-0,266546176677581;0,789818601366603;FALSE;100;"2";"Combined"
"h_builtdens300_preg_Sqrt";"hs_correct_raven";0;0,00854672860006535;0,00841899409653872;0,00817978292805407;-0,00748535134027621;0,0245788085404069;-0,00635403944516191;0,0227872356162237;1,04486007455684;0,296087644798238;FALSE;100;"2";"Combined"
"h_connind300_preg_Sqrt";"hs_correct_raven";0;-0,00312299336227839;-0,00254868796482972;0,0074989535056618;-0,0178206721551159;0,0115746854305591;-0,0175563373777567;0,00908033477486457;-0,416457224320766;0,677075462150848;FALSE;100;"2";"Combined"
"h_fdensity300_preg_Log";"hs_correct_raven";0;0,0138420088430697;0,0136922077516687;0,00834074481546227;-0,00250555059947554;0,0301895682856149;-0,000273565575929694;0,0275699938714763;1,65956508073584;0,0970019780207791;FALSE;100;"2";"Combined"
"h_frichness300_preg_None";"hs_correct_raven";0;0,0023629685073301;0,00314426017971139;0,00696156963680561;-0,0112814572566765;0,0160073942713367;-0,0109650192804428;0,0156990585748171;0,339430420237004;0,734285505335466;FALSE;100;"2";"Combined"
"h_landuseshan300_preg_None";"hs_correct_raven";0;-0,00336824756313977;-0,00329008124028478;0,00586158897146464;-0,0148567508393876;0,0081202557131081;-0,0150043988572571;0,00886868230565329;-0,574630459340813;0,565541247555361;FALSE;100;"2";"Combined"
"h_popdens_preg_Sqrt";"hs_correct_raven";0;-0,0106574338753948;-0,0106035907617268;0,00693534267057924;-0,0242504557301739;0,00293558797938436;-0,0221337109653146;0,00409553226997564;-1,53668454200615;0,124370578315116;FALSE;100;"2";"Combined"
"h_walkability_mean_preg_None";"hs_correct_raven";0;0,0019522855349252;0,000953082339068251;0,0074792827344134;-0,0127068392547173;0,0166114103245677;-0,0140152236788944;0,0150810537036641;0,261025770017012;0,794072634366061;FALSE;100;"2";"Combined"
"hs_as_m_Log2";"hs_correct_raven";0;0,00113440856844062;0,00106986705180907;0,00547387519456955;-0,00959418966878288;0,0118630068056641;-0,00870119438699904;0,0117074424940701;0,207240488341062;0,835822048490454;FALSE;100;"2";"Combined"
"hs_cd_m_Log2";"hs_correct_raven";0;-0,00214334621843934;-0,0019990796343451;0,00667644309312002;-0,0152289342257858;0,0109422417889071;-0,0140954967131235;0,0105463611184802;-0,321031152148669;0,748186783359107;FALSE;100;"2";"Combined"
"hs_co_m_Log2";"hs_correct_raven";0;-0,000752986767589475;-0,000914813567966078;0,00619592931597568;-0,0128967850776577;0,0113908115424787;-0,0132649879542871;0,0108281054130096;-0,121529270136759;0,903271832300814;FALSE;100;"2";"Combined"
"hs_cs_m_Log2";"hs_correct_raven";0;0,00150994760340015;0,00110942971232462;0,00640531260375058;-0,0110442344096715;0,0140641296164718;-0,0106598219303153;0,0149031824908309;0,235733631878639;0,813639370767228;FALSE;100;"2";"Combined"
"hs_cu_m_Log2";"hs_correct_raven";0;-0,00411683738609565;-0,00450948768617753;0,00616429234664436;-0,0161986283756945;0,00796495360350318;-0,0171033139434031;0,00713504940492856;-0,667852391578528;0,504227819693235;FALSE;100;"2";"Combined"
"hs_hg_m_Log2";"hs_correct_raven";0;-0,0059550408761215;-0,00567652535228574;0,00618932756945454;-0,0180859000007732;0,00617581824853023;-0,0174965607854674;0,00669159524325398;-0,962146664447154;0,3359759363118;FALSE;100;"2";"Combined"
"hs_mn_m_Log2";"hs_correct_raven";0;0,00350878265078724;0,00327321625362539;0,00519482395073844;-0,00667288519868618;0,0136904505002607;-0,00622866862131864;0,0123437902129738;0,67543822159526;0,499397388885359;FALSE;100;"2";"Combined"
"hs_mo_m_Log2";"hs_correct_raven";0;0,00673045559009984;0,00633348210968327;0,00482047994461495;-0,0027175114895431;0,0161784226697428;-0,00241322616335954;0,0156587491981425;1,39622105421651;0,162647938441201;FALSE;100;"2";"Combined"
"hs_pb_m_Log2";"hs_correct_raven";0;0,00333186410221522;0,0033200053698958;0,00530184880248166;-0,00705956860212564;0,0137232968065561;-0,00633761767702638;0,0126860633384413;0,6284343870115;0,529719416419807;FALSE;100;"2";"Combined"
"h_humidity_preg_None";"hs_correct_raven";0;0,0145202493366494;0,015663229130917;0,00977167320042575;-0,00463187820488033;0,0336723768781791;-0,000516569695215004;0,0374302979371782;1,48595322815511;0,13729149288666;FALSE;100;"2";"Combined"
"h_pressure_preg_None";"hs_correct_raven";0;-0,0411234988545519;-0,039154479294152;0,0125119641758613;-0,0656464980150955;-0,0166004996940083;-0,0660497199952563;-0,017961456030464;-3,28673406321681;0,00101356502332376;TRUE;100;"2";"Combined"
"h_temperature_preg_None";"hs_correct_raven";0;0,015792974052927;0,0151834978499039;0,00830411786235559;-0,000482797880665728;0,0320687459865197;-0,000484465741838528;0,030774640693864;1,90182440985334;0,0571941139680803;FALSE;100;"2";"Combined"
"h_ndvi100_preg_None";"hs_correct_raven";0;0,00747709585679333;0,00648135420256583;0,00852436298901551;-0,00923034859282328;0,0241845403064099;-0,0123856345746;0,019968903433741;0,87714423546115;0,38040830044855;FALSE;100;"2";"Combined"
"hs_dde_madj_Log2";"hs_correct_raven";0;-0,0043988495788218;-0,00497476772553646;0,00668186544566501;-0,0174950652018679;0,0086973660442243;-0,0172749465325414;0,00787117906114523;-0,658326572809938;0,510328306518751;FALSE;100;"2";"Combined"
"hs_ddt_madj_Log2";"hs_correct_raven";0;0,000966608930766224;0,00100780218447177;0,00502210228101571;-0,00887653066670101;0,0108097485282335;-0,00989406508469432;0,00962466440332931;0,192470976630673;0,847373300161243;FALSE;100;"2";"Combined"
"hs_hcb_madj_Log2";"hs_correct_raven";0;0,00102759312370038;0,000858441253324076;0,00752754858075926;-0,0137261309864634;0,0157813172338641;-0,0120145980587354;0,0119909999259786;0,136510991948555;0,891417335576758;FALSE;100;"2";"Combined"
"hs_pcb118_madj_Log2";"hs_correct_raven";0;-0,0176025921622537;-0,0168074978561044;0,00723210244469576;-0,0317772524863615;-0,00342793183814597;-0,0307004786835096;-0,00347005092015999;-2,43395227001575;0,0149349643301303;TRUE;100;"2";"Combined"
"hs_pcb138_madj_Log2";"hs_correct_raven";0;0,00993455696662785;0,00948671455862719;0,00780443844544347;-0,00536186130600112;0,0252309752392568;-0,00808858774179527;0,0223201684348237;1,27293680846801;0,203040466370129;FALSE;100;"2";"Combined"
"hs_pcb153_madj_Log2";"hs_correct_raven";0;-0,0127749660527467;-0,0118245141961825;0,00917482720270337;-0,0307572969344237;0,00520736482893023;-0,0298373729357215;0,00427334868822838;-1,39239309585935;0,163803394022713;FALSE;100;"2";"Combined"
"hs_pcb170_madj_Log2";"hs_correct_raven";0;0,00305984205247629;0,00299037642601675;0,00764070540442235;-0,0119156653566721;0,0180353494616246;-0,0118789612698471;0,0159937539245191;0,400465911263283;0,688813386353829;FALSE;100;"2";"Combined"
"hs_pcb180_madj_Log2";"hs_correct_raven";0;0,0190412421281842;0,0170989199519887;0,0085118682117953;0,00235828699191407;0,0357241972644543;-0,00111540851420826;0,0314779132984073;2,23702266698606;0,0252848586087243;TRUE;100;"2";"Combined"
"hs_sumPCBs5_madj_Log2";"hs_correct_raven";0;0,00335543376410465;0,00348689361298685;0,00748639454344954;-0,0113176299151136;0,0180284974433229;-0,0113952661106768;0,0175807533703083;0,448204238319312;0,654005804204353;FALSE;100;"2";"Combined"
"hs_pfhxs_m_Log2";"hs_correct_raven";0;0,0190790816622766;0,0189994285289246;0,00700848472212029;0,00534270402072161;0,0328154593038315;0,00599665142798875;0,0348641271342243;2,72228340629165;0,00648325166403567;TRUE;100;"2";"Combined"
"hs_pfna_m_Log2";"hs_correct_raven";0;-0,0033824270476892;-0,00405397578354811;0,00767985270097659;-0,018434661748176;0,0116698076527976;-0,0198042019885128;0,0104885617481394;-0,440428635728792;0,659626688705557;FALSE;100;"2";"Combined"
"hs_pfoa_m_Log2";"hs_correct_raven";0;0,00664293077305374;0,00656369360850776;0,0066504207406335;-0,00639165436062611;0,0196775159067336;-0,00735660128829172;0,020315096779707;0,998873760342109;0,317855848834336;FALSE;100;"2";"Combined"
"hs_pfos_m_Log2";"hs_correct_raven";0;-0,00181267689107523;-0,00174859609697181;0,00749955877544144;-0,0165115419908818;0,0128861882087313;-0,0159326105971344;0,0109718707741597;-0,241704471603202;0,809009164447443;FALSE;100;"2";"Combined"
"hs_pfunda_m_Log2";"hs_correct_raven";0;0,00218996807678026;0,0025843618333987;0,00615833578020151;-0,00988014825711907;0,0142600844106796;-0,00931769811309156;0,013490986739154;0,355610371850916;0,722132375149233;FALSE;100;"2";"Combined"
"e3_asmokcigd_p_None";"hs_correct_raven";0;-0,00602724705713965;-0,00555074680970111;0,00577462920262063;-0,0173453123183493;0,00529081820407004;-0,0150943627925816;0,00799134163901135;-1,04374616025638;0,296602847098454;FALSE;100;"2";"Combined"
"h_distinvnear1_preg_Log";"hs_correct_raven";0;0,0019144754303313;0,00168690570791412;0,00543002713748893;-0,00872818219422213;0,0125571330548847;-0,00911627993202925;0,0106993441161293;0,352571982028185;0,724409345444987;FALSE;100;"2";"Combined"
"h_trafload_preg_pow1over3";"hs_correct_raven";0;-0,00557937534741084;-0,00508847660690022;0,00500250611313538;-0,0153841071615976;0,00422535646677595;-0,0132103156509918;0,00460143050385966;-1,11531604784265;0,264715010869102;FALSE;100;"2";"Combined"
"h_trafnear_preg_pow1over3";"hs_correct_raven";0;-0,00247752066856965;-0,00271490535524945;0,00714945849481551;-0,016490201827372;0,0115351604902327;-0,016483543798042;0,0108623908822929;-0,346532631858237;0,728942464900661;FALSE;100;"2";"Combined"
"h_bro_preg_Log";"hs_correct_raven";0;0,00580079675597442;0,00584797110086672;0,0114837222565185;-0,0167068852752629;0,0283084787872118;-0,0154963217040713;0,0288389398240592;0,50513210145619;0,613466055799155;FALSE;100;"2";"Combined"
"h_clf_preg_Log";"hs_correct_raven";0;0,0105529115500009;0,0106679139076913;0,0097433747985651;-0,00854375214306191;0,0296495752430637;-0,00644926783514278;0,0301159282443774;1,08308586790226;0,278770311095841;FALSE;100;"2";"Combined"
"h_thm_preg_Log";"hs_correct_raven";0;-0,00106472739602691;-0,00122301467139832;0,00899337107938251;-0,0186914108112207;0,0165619560191669;-0,0181980612399925;0,0146760594470895;-0,118390243950661;0,905758455614075;FALSE;100;"2";"Combined"
"e3_alcpreg_yn_None_1";"hs_correct_raven";0;0,0283460166823525;0,0286189635191365;0,0110505842594698;0,00668726952566654;0,0500047638390385;0,00546831590106391;0,0472056380597166;2,56511475020531;0,010314168815541;TRUE;100;"2";"Combined"
"h_pamod_t3_None_Often";"hs_correct_raven";0;0,0888718769415892;0,0858844862206444;0,0159478574341447;0,0576146507400863;0,120129103143092;0,0539307331543653;0,116016774714094;5,57265308575638;2,50888859400049e-08;TRUE;100;"2";"Combined"
"h_pamod_t3_None_Sometimes";"hs_correct_raven";0;0,0709849963290465;0,0680320801882373;0,0164644588308995;0,0387152499955411;0,103254742662552;0,0375005789135007;0,100829142516398;4,31140780623936;1,62218409406745e-05;TRUE;100;"2";"Combined"
"h_pamod_t3_None_Very Often";"hs_correct_raven";0;0,0854736037519206;0,0816452040856619;0,0154297698188316;0,0552318106172676;0,115715396886574;0,0567444420014389;0,110873389133726;5,53952552471668;3,03292240636188e-08;TRUE;100;"2";"Combined"
"h_pavig_t3_None_Low";"hs_correct_raven";0;0,0899525706807663;0,0898229730142823;0,0187307735641975;0,0532409290923643;0,126664212269168;0,0586667551763134;0,128005849566897;4,80239485958573;1,56779144840487e-06;TRUE;100;"2";"Combined"
"h_pavig_t3_None_Medium";"hs_correct_raven";0;0,0584449126356247;0,0584800314691549;0,0199490221006135;0,0193455477916286;0,0975442774796208;0,0225358546812508;0,0969138899558465;2,92971316292377;0,0033927502271451;TRUE;100;"2";"Combined"
"hs_no2_dy_hs_h_Log";"hs_correct_raven";0;-0,0159824026449098;-0,0141453978663408;0,00821509556544805;-0,0320836940827427;0,000118888792923093;-0,0300148832418235;0,00308206268475802;-1,94549199307313;0,0517157924699332;FALSE;100;"2";"Combined"
"hs_no2_wk_hs_h_Log";"hs_correct_raven";0;-0,00276577875341089;-0,00278862503925486;0,00857322364238075;-0,0195689883238844;0,0140374308170627;-0,019547481574512;0,0116950931437521;-0,322606626023213;0,74699317499762;FALSE;100;"2";"Combined"
"hs_no2_yr_hs_h_Log";"hs_correct_raven";0;0,016245155069858;0,0156194135556257;0,00970215855610013;-0,00277072627239539;0,0352610364121114;-0,00323503760248731;0,0311780636012424;1,67438565097908;0,0940548310061761;FALSE;100;"2";"Combined"
"hs_pm10_dy_hs_h_None";"hs_correct_raven";0;-0,0135292364185059;-0,0135895918308608;0,00750218116117579;-0,0282332412999054;0,00117476846289348;-0,0271812936643021;0,00131904327151545;-1,80337372929896;0,0713295405444143;FALSE;100;"2";"Combined"
"hs_pm10_wk_hs_h_None";"hs_correct_raven";0;0,00379750219489803;0,00459903945084518;0,00910867730191762;-0,014055177263658;0,021650181653454;-0,0127833536001079;0,0200834938293647;0,416910388745308;0,676743954472869;FALSE;100;"2";"Combined"
"hs_pm10_yr_hs_h_None";"hs_correct_raven";0;0,00834192086548609;0,00786165577871589;0,0103278023361904;-0,0119001997528957;0,0285840414838679;-0,0122093085052776;0,0268116827019346;0,807715000146213;0,419254666462334;FALSE;100;"2";"Combined"
"hs_pm25_dy_hs_h_None";"hs_correct_raven";0;0,0051333844160967;0,00433793497250839;0,00731031868957579;-0,00919457693098189;0,0194613457631753;-0,0121204401649399;0,0194445796003489;0,702210756340444;0,482547738579017;FALSE;100;"2";"Combined"
"hs_pm25_wk_hs_h_None";"hs_correct_raven";0;3,30964912920791e-07;-0,000103059755259551;0,0076783730032022;-0,015049003581228;0,0150496655110539;-0,0129448312010096;0,0148404844219835;4,31035211213059e-05;0,999965608365992;FALSE;100;"2";"Combined"
"hs_pm25_yr_hs_h_None";"hs_correct_raven";0;-0,00939846089914557;-0,00911750237222347;0,00997977328222757;-0,0289584571061867;0,0101615353078955;-0,0270579351879745;0,0099859247998734;-0,941750942968091;0,346320166623905;FALSE;100;"2";"Combined"
"hs_pm25abs_dy_hs_h_Log";"hs_correct_raven";0;0,0235910378776071;0,0219843019215048;0,00667362616863218;0,010510970940804;0,0366711048144102;0,00909308515606429;0,0388656235159421;3,53496544180003;0,000407828491561075;TRUE;100;"2";"Combined"
"hs_pm25abs_wk_hs_h_Log";"hs_correct_raven";0;-0,0196961677597073;-0,0184428251126548;0,00712613535405791;-0,0336631364026184;-0,00572919911679618;-0,0297925530655747;-0,00399668847696886;-2,76393399523228;0,00571090902086455;TRUE;100;"2";"Combined"
"hs_pm25abs_yr_hs_h_Log";"hs_correct_raven";0;0,0011908186005166;0,000146731814248634;0,00855635780085682;-0,0155793345280011;0,0179609717290343;-0,0180062823940747;0,014096895486077;0,139173539516704;0,889313017397506;FALSE;100;"2";"Combined"
"hs_accesslines300_h_dic0";"hs_correct_raven";0;0,0198121519559863;0,0197446288179731;0,0279310364946224;-0,0349316736243475;0,0745559775363201;-0,0263031902365967;0,0783134192351409;0,709323907825646;0,478123495455845;FALSE;100;"2";"Combined"
"hs_accesspoints300_h_Log";"hs_correct_raven";0;-0,00854826327010822;-0,00798405494137524;0,00913060809972968;-0,0264439263025281;0,00934739976231165;-0,0293726406501658;0,0073065377426247;-0,9362205864866;0,349159625904998;FALSE;100;"2";"Combined"
"hs_builtdens300_h_Sqrt";"hs_correct_raven";0;-0,00321757307743497;-0,0032954371073271;0,0072925635201533;-0,0175107349319061;0,0110755887770361;-0,0170272737241841;0,00932228131730416;-0,44121289702079;0,659058877261961;FALSE;100;"2";"Combined"
"hs_connind300_h_Log";"hs_correct_raven";0;-0,0126769067618367;-0,0119069712822054;0,0077917608614587;-0,0279484774264446;0,00259466390277109;-0,0257348514079707;0,00455035135619045;-1,62696301737673;0,103744952571493;FALSE;100;"2";"Combined"
"hs_fdensity300_h_Log";"hs_correct_raven";0;0,0199408953554637;0,0196081295807535;0,00826796533884897;0,00373598106589425;0,0361458096450332;0,00378238851135524;0,0321319462708785;2,41182619159841;0,0158728462814343;TRUE;100;"2";"Combined"
"hs_landuseshan300_h_None";"hs_correct_raven";0;0,0107078088345201;0,0104336650377324;0,0066485574340449;-0,00232312428535391;0,0237387419543941;-0,00330293082166055;0,0239434073325792;1,61054618851441;0,107278670554792;FALSE;100;"2";"Combined"
"hs_popdens_h_Sqrt";"hs_correct_raven";0;-0,0140916637163577;-0,0141365980557541;0,0075457316171455;-0,028881025922968;0,000697698490252703;-0,0290860380679304;0,000628663701215079;-1,8675013148279;0,0618316133811488;FALSE;100;"2";"Combined"
"hs_walkability_mean_h_None";"hs_correct_raven";0;0,00223372828211274;0,00195410867024868;0,00738085361654664;-0,0122324789814809;0,0166999355457064;-0,0153386959607199;0,0169320016646701;0,302638203947724;0,762165596415803;FALSE;100;"2";"Combined"
"hs_accesslines300_s_dic0";"hs_correct_raven";0;0,0350170586909937;0,0335884998961411;0,0246313773058129;-0,0132595537180168;0,0832936711000041;-0,0123121951097557;0,0757210949438417;1,42164436264511;0,155129519302791;FALSE;100;"2";"Combined"
"hs_accesspoints300_s_Log";"hs_correct_raven";0;0,00272126105889494;0,00280771748957565;0,00732237743002221;-0,0116303349851576;0,0170728571029474;-0,0103480158006261;0,0197892937268795;0,371636273177833;0,710163678282569;FALSE;100;"2";"Combined"
"hs_builtdens300_s_Sqrt";"hs_correct_raven";0;-0,00905620512442544;-0,00888111867280822;0,00803989185080954;-0,0248141035916092;0,00670169334275834;-0,0244483185184897;0,00506412741442688;-1,12640882395869;0,259992513527088;FALSE;100;"2";"Combined"
"hs_connind300_s_Log";"hs_correct_raven";0;0,00484614080229385;0,00503666714519015;0,0068702987409283;-0,0086193972929565;0,0183116788975442;-0,00829896913022369;0,0174039637594051;0,705375557168137;0,480576551071238;FALSE;100;"2";"Combined"
"hs_fdensity300_s_Log";"hs_correct_raven";0;0,00368977964349582;0,00413031855780384;0,00788284032503028;-0,0117603034894435;0,0191398627764352;-0,00854438663531659;0,0209298804517794;0,468077430387586;0,639729218604689;FALSE;100;"2";"Combined"
"hs_landuseshan300_s_None";"hs_correct_raven";0;-0,00361513220871674;-0,00316183898597311;0,00568909744204226;-0,0147655582996585;0,00753529388222504;-0,0135803220588996;0,00711413063940891;-0,635449163166203;0,525135512515914;FALSE;100;"2";"Combined"
"hs_popdens_s_Sqrt";"hs_correct_raven";0;0,00346506249610913;0,00374694238998457;0,00596478441570498;-0,00822570013421841;0,0151558251264367;-0,00784044390173911;0,0142120590774617;0,580919988824038;0,56129437981682;FALSE;100;"2";"Combined"
"h_Absorbance_Log";"hs_correct_raven";0;0,00928160581705144;0,00882241551926521;0,00634134864753089;-0,00314720914552088;0,0217104207796238;-0,00111143085069259;0,0218492027647529;1,46366432961629;0,143285686286179;FALSE;100;"2";"Combined"
"h_Benzene_Log";"hs_correct_raven";0;-0,00955663315969104;-0,00985825801672822;0,00609234010332934;-0,0214974003437856;0,00238413402440351;-0,0214380856615417;0,00212058111155952;-1,56863093616007;0,116733959659387;FALSE;100;"2";"Combined"
"h_NO2_Log";"hs_correct_raven";0;0,0119371201009694;0,0119109582668746;0,00605998240185194;5,97728463930906e-05;0,0238144673555458;0,00172747143479901;0,0235022797246413;1,96982751918907;0,0488581415270819;TRUE;100;"2";"Combined"
"h_PM_Log";"hs_correct_raven";0;-0,00622867154718447;-0,00521739480141289;0,00706329809615858;-0,0200724814277256;0,00761513833335667;-0,0192528243164882;0,00813441856434476;-0,881836142604824;0,377865423534139;FALSE;100;"2";"Combined"
"h_TEX_Log";"hs_correct_raven";0;-0,00314918745356152;-0,00322170152525757;0,00562050272470169;-0,0141651703689861;0,00786679546186304;-0,0130246493652318;0,00749139401355798;-0,56030351870858;0,575272427739858;FALSE;100;"2";"Combined"
"hs_KIDMED_None";"hs_correct_raven";0;0,0128319739336755;0,0122985972707657;0,00555084321865574;0,00195252114128184;0,0237114267260691;0,00301423855126143;0,0238566533278954;2,31171615342129;0,020793330617439;TRUE;100;"2";"Combined"
"hs_mvpa_prd_alt_None";"hs_correct_raven";0;-0,0122496656605673;-0,0123076917917587;0,00620820497143115;-0,0244175238132148;-8,18075079196904e-05;-0,0240805132805213;0,000155102786035902;-1,97314130524647;0,0484794654305692;TRUE;100;"2";"Combined"
"hs_sd_wk_None";"hs_correct_raven";0;-0,011752209618618;-0,0111626309821326;0,00544570189160091;-0,0224255891966975;-0,0010788300405386;-0,0204992633871976;-0,00116203438316869;-2,15807068630471;0,0309223364485441;TRUE;100;"2";"Combined"
"hs_dif_hours_total_None";"hs_correct_raven";0;-0,00272348272620591;-0,00300790478936194;0,00640897502929275;-0,0152848429614362;0,00983787750902442;-0,0155954145943728;0,0124381556398625;-0,424948250501524;0,670874399698082;FALSE;100;"2";"Combined"
"hs_as_c_Log2";"hs_correct_raven";0;0,0225015728321516;0,0224951717511803;0,00518191260756977;0,0123452107502808;0,0326579349140224;0,0126042709455525;0,0314047546731658;4,34232966400884;1,40979779230003e-05;TRUE;100;"2";"Combined"
"hs_cd_c_Log2";"hs_correct_raven";0;-0,00440781492652105;-0,00408931926103415;0,00539743968628429;-0,0149866023203654;0,00617097246732332;-0,0151910057507072;0,00481708339301651;-0,816649223097754;0,414128916737153;FALSE;100;"2";"Combined"
"hs_co_c_Log2";"hs_correct_raven";0;0,00625307402139106;0,00597757273033993;0,00532790224953786;-0,00418942250085307;0,0166955705436352;-0,0034900483073416;0,0165160352888328;1,17364653638934;0,240536633056695;FALSE;100;"2";"Combined"
"hs_cs_c_Log2";"hs_correct_raven";0;0,00385558394160701;0,00348188525030896;0,00626353629480918;-0,00842072161207843;0,0161318894952925;-0,00849740385811286;0,0170013534172582;0,615560245863391;0,538184795695328;FALSE;100;"2";"Combined"
"hs_cu_c_Log2";"hs_correct_raven";0;-0,00302850936750526;-0,0032603410077084;0,00471553751316092;-0,0122707930610482;0,00621377432603772;-0,0106268142826745;0,00700274473318637;-0,642240541837018;0,520717013265301;FALSE;100;"2";"Combined"
"hs_hg_c_Log2";"hs_correct_raven";0;-0,018854383224166;-0,0181799714371765;0,00620146884519079;-0,0310090388119871;-0,00669972763634483;-0,0283610920699676;-0,00416882200165446;-3,04030927105076;0,00236335327063568;TRUE;100;"2";"Combined"
"hs_mn_c_Log2";"hs_correct_raven";0;-0,00999408382697579;-0,00976505801008604;0,00474107975530922;-0,0192864293952138;-0,000701738258737749;-0,0193640016089824;-0,0010907788880661;-2,1079763139998;0,0350330382970975;TRUE;100;"2";"Combined"
"hs_mo_c_Log2";"hs_correct_raven";0;-0,00674374273842283;-0,00679760581488287;0,00550335802042381;-0,0175301262524831;0,00404264077563749;-0,0159132391389421;0,00342545545409291;-1,22538688440689;0,220429486202415;FALSE;100;"2";"Combined"
"hs_pb_c_Log2";"hs_correct_raven";0;-0,00685718462180318;-0,00664213017600322;0,00582528805268262;-0,0182745394046326;0,00456017016102622;-0,0166954255298803;0,00412249028578588;-1,17714086578866;0,239139286462856;FALSE;100;"2";"Combined"
"hs_hum_mt_hs_h_None";"hs_correct_raven";0;-0,0115938151347801;-0,0119287292821275;0,00938279793374604;-0,0299837611591392;0,00679613088957892;-0,0283444862360523;0,00865098368773361;-1,23564582938336;0,216590241498924;FALSE;100;"2";"Combined"
"hs_tm_mt_hs_h_None";"hs_correct_raven";0;0,0171971462866778;0,0171468338898055;0,00917959454632348;-0,000794528416796489;0,0351888209901522;-0,00393221160547516;0,0333026598980132;1,87341022524415;0,0610117590995021;FALSE;100;"2";"Combined"
"hs_uvdvf_mt_hs_h_None";"hs_correct_raven";0;-0,000627879419782187;-0,00104743444236178;0,00914750589779559;-0,0185566615278293;0,0173009026882649;-0,0168510873804953;0,0198316153302387;-0,0686394113103001;0,945276647138981;FALSE;100;"2";"Combined"
"hs_hum_dy_hs_h_None";"hs_correct_raven";0;-0,00529204377572731;-0,00561908271119239;0,00629029575681633;-0,0176207969111924;0,00703670935973782;-0,0177391511360568;0,00653185452205854;-0,841302854479094;0,40017829192804;FALSE;100;"2";"Combined"
"hs_hum_wk_hs_h_None";"hs_correct_raven";0;-0,0071177177534678;-0,00713995259635239;0,0080596867460749;-0,0229144135024494;0,00867897799551381;-0,0216607491626702;0,00687943024630127;-0,883125855596579;0,377168275859071;FALSE;100;"2";"Combined"
"hs_tm_dy_hs_h_None";"hs_correct_raven";0;-0,00586269868187495;-0,00631064748923895;0,0086896108864063;-0,0228940230588985;0,0111686256951486;-0,0212321854402429;0,0110546816417427;-0,67467908040006;0,49987967827685;FALSE;100;"2";"Combined"
"hs_tm_wk_hs_h_None";"hs_correct_raven";0;-0,0035382214170833;-0,00290242849667551;0,0089333842015061;-0,0210473327120944;0,0139708898779278;-0,0177757905426608;0,015744621348841;-0,396067306327962;0,692055376078038;FALSE;100;"2";"Combined"
"hs_uvdvf_dy_hs_h_None";"hs_correct_raven";0;-0,00108646848320495;-0,00119874940847958;0,00934131367380683;-0,0193951068521579;0,017222169885748;-0,0171626515289931;0,0177112381671037;-0,116307889997466;0,90740853273948;FALSE;100;"2";"Combined"
"hs_uvdvf_wk_hs_h_None";"hs_correct_raven";0;-0,0175294810606778;-0,0163095868893577;0,00883140461479274;-0,0348387160385724;-0,000220246082783156;-0,0321412416917253;0,000552050098931222;-1,98490294865616;0,0471552702724927;TRUE;100;"2";"Combined"
"hs_ndvi100_h_None";"hs_correct_raven";0;-0,00257051991980475;-0,0023522746669361;0,00820793135293648;-0,0186577697591374;0,0135167299195279;-0,0162063971330376;0,0151625489930503;-0,313175124068882;0,754147616616821;FALSE;100;"2";"Combined"
"hs_ndvi100_s_None";"hs_correct_raven";0;-0,00735062726065246;-0,00733755064608876;0,00792694944110391;-0,022887162672486;0,00818590815118111;-0,0242071477748033;0,00701084053279634;-0,927295842526379;0,353772952329857;FALSE;100;"2";"Combined"
"hs_dde_cadj_Log2";"hs_correct_raven";0;-0,00622129829492364;-0,00497390413771782;0,00682031082180252;-0,0195888618690254;0,00714626527917808;-0,0167812205889492;0,0078475942466659;-0,912172253944202;0,361678047436323;FALSE;100;"2";"Combined"
"hs_ddt_cadj_Log2";"hs_correct_raven";0;-0,00867039519454092;-0,00872791884454975;0,00570737359512167;-0,0198566418872943;0,00251585149821244;-0,019337311602504;0,00212884731516753;-1,51915676274493;0,128723041695207;FALSE;100;"2";"Combined"
"hs_hcb_cadj_Log2";"hs_correct_raven";0;-0,00285239982943053;-0,00422101433414529;0,00756881783357002;-0,0176870101887722;0,0119822105299112;-0,0232672841423082;0,00627081358643023;-0,376862000401075;0,706276162138407;FALSE;100;"2";"Combined"
"hs_pcb118_cadj_Log2";"hs_correct_raven";0;-0,0149655750117505;-0,0153102489048392;0,00903101299120987;-0,0326660352184351;0,00273488519493421;-0,0373361549022404;-0,000944969968232295;-1,65713137898449;0,0974929162850439;FALSE;100;"2";"Combined"
"hs_pcb138_cadj_Log2";"hs_correct_raven";0;0,00830323584975805;0,00625559225924065;0,00735322004608695;-0,00610881061097032;0,0227152823104864;-0,00758975892692015;0,0163796172767525;1,12919724932979;0,258814633843177;FALSE;100;"2";"Combined"
"hs_pcb153_cadj_Log2";"hs_correct_raven";0;-0,00835279692351427;-0,00692358218336093;0,00710197616194965;-0,0222724144199976;0,00556682057296905;-0,0211587286869861;0,00748842445549983;-1,17612291748685;0,239545761196621;FALSE;100;"2";"Combined"
"hs_pcb170_cadj_Log2";"hs_correct_raven";0;0,00582834932515966;0,00593143257248562;0,00737956060959698;-0,00863532369138086;0,0202920223417002;-0,00748056340540752;0,0212436513322592;0,789796253936853;0,429646767144188;FALSE;100;"2";"Combined"
"hs_pcb180_cadj_Log2";"hs_correct_raven";0;0,00451707486573491;0,0044022677386131;0,00587366536927142;-0,00699509771527723;0,0160292474467471;-0,00487700241945353;0,0156152855867994;0,769038510325489;0,441870449365203;FALSE;100;"2";"Combined"
"hs_sumPCBs5_cadj_Log2";"hs_correct_raven";0;0,00151678392813723;0,00205154278815049;0,00725152543057488;-0,0126959447487658;0,0157295126050403;-0,0136241240693817;0,0151540742498671;0,20916756655668;0,834317430530555;FALSE;100;"2";"Combined"
"hs_pfhxs_c_Log2";"hs_correct_raven";0;0,0239713363205034;0,0236552639853805;0,0064634625026642;0,0113031825998564;0,0366394900411503;0,0118097620929029;0,036319479555347;3,70874532197294;0,000208288796491657;TRUE;100;"2";"Combined"
"hs_pfna_c_Log2";"hs_correct_raven";0;-0,015268833141306;-0,0148550104374614;0,00637392938742402;-0,0277615051806585;-0,00277616110195349;-0,0266582372067096;-0,00385095797040401;-2,39551338165621;0,0165971083949556;TRUE;100;"2";"Combined"
"hs_pfoa_c_Log2";"hs_correct_raven";0;0,0101001465817202;0,0102174428153819;0,00593842899248977;-0,0015389603683082;0,0217392535317487;-0,00194713823989022;0,0213627112622049;1,70081120688548;0,0889784441795236;FALSE;100;"2";"Combined"
"hs_pfos_c_Log2";"hs_correct_raven";0;0,00858818277983106;0,00877285365992777;0,00690340791055739;-0,00494224809545032;0,0221186136551124;-0,00419139270547075;0,0215727128493859;1,24404973472553;0,213481259048149;FALSE;100;"2";"Combined"
"hs_pfunda_c_Log2";"hs_correct_raven";0;0,010682319003206;0,0100687542496682;0,00480451600329102;0,00126564067360927;0,0200989973328027;0,00102336326530798;0,0197725105924325;2,22339128351092;0,026189426949872;TRUE;100;"2";"Combined"
"hs_hm_pers_None";"hs_correct_raven";0;-0,0112505251428397;-0,0112256033515567;0,00464412615039248;-0,0203528451372696;-0,0021482051484098;-0,020576959242065;-0,00264971349516206;-2,42252789405579;0,0154129424322418;TRUE;100;"2";"Combined"
"hs_trafload_h_pow1over3";"hs_correct_raven";0;0,000110975058165121;0,00018179652998458;0,00595797349670836;-0,0115664384162274;0,0117883885325577;-0,0111788403576203;0,0118689525559954;0,0186263094702304;0,985139214552611;FALSE;100;"2";"Combined"
"hs_trafnear_h_pow1over3";"hs_correct_raven";0;-0,0125152349145647;-0,012464751347451;0,00704326023724238;-0,0263197713133028;0,00128930148417342;-0,0257332270007082;0,000653400091829758;-1,77690934212374;0,0755831570699266;FALSE;100;"2";"Combined"
"FAS_cat_None_Low";"hs_correct_raven";0;-0,00163929328366787;-0,00184482086229652;0,0189567068160012;-0,0387937559085152;0,0355151693411794;-0,0385899174326155;0,0323448657688413;-0,0864756362789849;0,931088322940761;FALSE;100;"2";"Combined"
"FAS_cat_None_Middle";"hs_correct_raven";0;0,0284032814087465;0,0285351607267554;0,0106816610856814;0,0074676103857479;0,0493389524317451;0,0117629719344294;0,0452887660331967;2,65906970656657;0,00783567493218286;TRUE;100;"2";"Combined"
"hs_globalexp2_None_no exposure";"hs_correct_raven";0;0,0240282532789739;0,0239010305372247;0,0122584413945783;2,14963900539711e-06;0,0480543569189424;0,00160222961994;0,0448547291837869;1,96013934443584;0,0499795056795465;TRUE;100;"2";"Combined"
"h_abs_ratio_preg_Log";"hs_Gen_Tot";0;-0,00485129792355777;-0,003880855933625;0,00288234758445612;-0,0105005953800178;0,000797999532902242;-0,0102960316650054;0,000525275782271162;-1,68310648921032;0,0923544785006809;FALSE;100;"2";"Combined"
"h_no2_ratio_preg_Log";"hs_Gen_Tot";0;-0,00389997640111061;-0,00296562797357603;0,00278803989539324;-0,00936443418354218;0,00156448138132095;-0,00873981673694684;0,0014499801523909;-1,39882374264251;0,161865844635812;FALSE;100;"2";"Combined"
"h_pm10_ratio_preg_None";"hs_Gen_Tot";0;-0,0014366340920219;-0,00133875355181706;0,0023278735289708;-0,00599918236936883;0,00312591418532503;-0,00578140400928054;0,00366563597879963;-0,617144391283604;0,537139490822628;FALSE;100;"2";"Combined"
"h_pm25_ratio_preg_None";"hs_Gen_Tot";0;-0,00186756214467201;-0,0017854912672063;0,00266799227996255;-0,00709673092442952;0,0033616066350855;-0,00839770014314352;0,00162591200711046;-0,699987836808217;0,483934900487436;FALSE;100;"2";"Combined"
"h_accesslines300_preg_dic0";"hs_Gen_Tot";0;0,0066578804275158;0,00623075964750687;0,00609919023003163;-0,00529631275820476;0,0186120736132363;-0,00347336689412976;0,019428927320071;1,09160071688423;0,275008640903803;FALSE;100;"2";"Combined"
"h_accesspoints300_preg_Log";"hs_Gen_Tot";0;0,00304650002714531;0,00235707664225689;0,0020309445552503;-0,000934078155742994;0,00702707821003362;-0,00122841376086331;0,00622596846441335;1,50004096333878;0,133603791917409;FALSE;100;"2";"Combined"
"h_builtdens300_preg_Sqrt";"hs_Gen_Tot";0;-0,00241375610036427;-0,0023650093898092;0,00221803723805105;-0,00676102920331301;0,00193351700258448;-0,00658251432441898;0,00147420586202738;-1,08823966476108;0,276489318445523;FALSE;100;"2";"Combined"
"h_connind300_preg_Sqrt";"hs_Gen_Tot";0;0,00229068158602325;0,00179159808867518;0,00184935318045866;-0,00133398404237033;0,00591534721441682;-0,0017408762974185;0,00587801864705564;1,23863933089035;0,215479095695283;FALSE;100;"2";"Combined"
"h_fdensity300_preg_Log";"hs_Gen_Tot";0;-0,00174987916509815;-0,00136671258988017;0,00227944470388089;-0,00621750868945527;0,00271775035925897;-0,00601715892252704;0,00218548114732271;-0,767677830534286;0,442678610268989;FALSE;100;"2";"Combined"
"h_frichness300_preg_None";"hs_Gen_Tot";0;0,00226614686069257;0,00208281984980894;0,00177189514852285;-0,00120670381479347;0,00573899753617861;-0,00160661505709629;0,00609264822578318;1,27893959333979;0,200918328625275;FALSE;100;"2";"Combined"
"h_landuseshan300_preg_None";"hs_Gen_Tot";0;0,00099489075323167;0,00126176579342746;0,00209273715868253;-0,00310679870689478;0,00509658021335812;-0,00213679722495151;0,00545129208292891;0,475401676270706;0,634500699913133;FALSE;100;"2";"Combined"
"h_popdens_preg_Sqrt";"hs_Gen_Tot";0;0,00247066944917285;0,00264298268331427;0,00242522929055687;-0,00228269261457025;0,00722403151291595;-0,00185264806318882;0,00792973295235249;1,01873643815573;0,308328108699269;FALSE;100;"2";"Combined"
"h_walkability_mean_preg_None";"hs_Gen_Tot";0;-0,00330552679030336;-0,00302729496416468;0,00223576924613992;-0,00768755399047986;0,00107650040987314;-0,00759815987460972;0,000864691400170681;-1,47847404020357;0,139280940525837;FALSE;100;"2";"Combined"
"hs_as_m_Log2";"hs_Gen_Tot";0;0,00167148911406636;0,00133472152193535;0,00161329444963042;-0,00149050990366763;0,00483348813180035;-0,00171220339826243;0,00461942045803083;1,03607194238428;0,300168580701606;FALSE;100;"2";"Combined"
"hs_cd_m_Log2";"hs_Gen_Tot";0;-0,00169671971573125;-0,000807963955646907;0,00195326243865002;-0,00552504374784015;0,00213160431637766;-0,00511119003125673;0,00261419439788514;-0,868659368120508;0,385033471801202;FALSE;100;"2";"Combined"
"hs_co_m_Log2";"hs_Gen_Tot";0;0,00342542808202918;0,00267824431732349;0,00217747082792532;-0,000842336318091063;0,00769319248214943;-0,000477487734441337;0,00792208192849085;1,57312237578535;0,115690484725097;FALSE;100;"2";"Combined"
"hs_cs_m_Log2";"hs_Gen_Tot";0;-0,00336561112294365;-0,00283649447280955;0,0016461575767982;-0,00659202068634585;-0,000139201559541458;-0,00664706259038948;0,000333806337763056;-2,04452548794862;0,0409016620903034;TRUE;100;"2";"Combined"
"hs_cu_m_Log2";"hs_Gen_Tot";0;-0,000515138338034649;-0,000731013757739778;0,00188855797904927;-0,00421664395968697;0,00318636728361767;-0,0056691137343046;0,00265720723268492;-0,272768082181929;0,785031496202136;FALSE;100;"2";"Combined"
"hs_hg_m_Log2";"hs_Gen_Tot";0;-0,000345336882981289;0,000145474795949972;0,0016659037049044;-0,00361044814630575;0,00291977438034318;-0,00275100297672883;0,00326258181109867;-0,207297025611157;0,835777896917815;FALSE;100;"2";"Combined"
"hs_mn_m_Log2";"hs_Gen_Tot";0;-0,000523284220761957;-0,000713455769197543;0,0016072461088366;-0,00367342870837384;0,00262686026684992;-0,00388416911754674;0,00316441372316501;-0,325578153765595;0,744743543123282;FALSE;100;"2";"Combined"
"hs_mo_m_Log2";"hs_Gen_Tot";0;-0,00119864921714941;-0,00133348106833935;0,00161979737439786;-0,00437339373322175;0,00197609529892294;-0,00464458200921224;0,00147515061230208;-0,739999481475261;0,45930030895934;FALSE;100;"2";"Combined"
"hs_pb_m_Log2";"hs_Gen_Tot";0;-0,000750769538346921;-0,000808554243739336;0,00122575649523552;-0,00315320812282457;0,00165166904613073;-0,00381437449010619;0,000691351170091066;-0,612494848091888;0,540210405571878;FALSE;100;"2";"Combined"
"h_humidity_preg_None";"hs_Gen_Tot";0;0,0109513701412821;0,0101959301132285;0,00364293039375577;0,00381135777133449;0,0180913825112297;0,00511191413451926;0,0185560009195605;3,00619802125605;0,00264536663238768;TRUE;100;"2";"Combined"
"h_pressure_preg_None";"hs_Gen_Tot";0;-0,00856412451177949;-0,00805523614053993;0,00280935007545592;-0,014070349479638;-0,00305789954392101;-0,0133388779195977;-0,00326920690551776;-3,04843621540817;0,00230035741219188;TRUE;100;"2";"Combined"
"h_temperature_preg_None";"hs_Gen_Tot";0;-0,000496755556997388;-0,000710448536219832;0,00232446384105838;-0,00505262096883744;0,00405910985484267;-0,00550170043585397;0,00311440223072956;-0,213707586335783;0,830775094974369;FALSE;100;"2";"Combined"
"h_ndvi100_preg_None";"hs_Gen_Tot";0;0,00174163230868358;0,00128341387843494;0,00207392873185841;-0,00232319331226172;0,00580645792962888;-0,00233562739203837;0,0057159661514388;0,839774425191042;0,40103487550634;FALSE;100;"2";"Combined"
"hs_dde_madj_Log2";"hs_Gen_Tot";0;-0,00168527098979512;-0,00119298301702823;0,00177749073340796;-0,00516908881012841;0,00179854683053817;-0,00465213529586189;0,00153621598254509;-0,948118017225312;0,343069376946781;FALSE;100;"2";"Combined"
"hs_ddt_madj_Log2";"hs_Gen_Tot";0;-0,00230327180114366;-0,00180469335083187;0,0017888175015679;-0,00580928967913166;0,00120274607684435;-0,00565611087542604;0,000982830181610886;-1,28759462556959;0,197887111163374;FALSE;100;"2";"Combined"
"hs_hcb_madj_Log2";"hs_Gen_Tot";0;-0,000411555376087587;-0,00102607192449801;0,00203249930936419;-0,00439518082104393;0,00357207006886875;-0,00591782037041896;0,00238260998353209;-0,202487338712224;0,839535755649797;FALSE;100;"2";"Combined"
"hs_pcb118_madj_Log2";"hs_Gen_Tot";0;0,00547932100151528;0,0044726558658113;0,00335933368551883;-0,00110485203415384;0,0120634940371844;-0,000664861275622274;0,0116808890811711;1,63107375285019;0,102874758201061;FALSE;100;"2";"Combined"
"hs_pcb138_madj_Log2";"hs_Gen_Tot";0;-0,00268700780202204;-0,00267918429466753;0,00317345923697301;-0,00890687361289509;0,00353285800885101;-0,00928869953881529;0,00134945559079484;-0,846712562340973;0,39715535490668;FALSE;100;"2";"Combined"
"hs_pcb153_madj_Log2";"hs_Gen_Tot";0;0,00129924176599166;0,000709341199195724;0,00204804661475161;-0,00271485583758068;0,00531333936956399;-0,00217005631584479;0,00473398140344659;0,634380954336448;0,525832235984586;FALSE;100;"2";"Combined"
"hs_pcb170_madj_Log2";"hs_Gen_Tot";0;-0,00130452731543445;-0,000624431349486288;0,00201795317100167;-0,00525964285308613;0,00265058822221723;-0,00478658949330208;0,00254870902167905;-0,646460648433633;0,517981074122848;FALSE;100;"2";"Combined"
"hs_pcb180_madj_Log2";"hs_Gen_Tot";0;-0,000935732269758488;-0,000420717839212003;0,00200644266719715;-0,00486828763450938;0,0029968230949924;-0,00507243140086257;0,00272050515676339;-0,466363821432106;0,640955103126296;FALSE;100;"2";"Combined"
"hs_sumPCBs5_madj_Log2";"hs_Gen_Tot";0;-0,00181070817127252;-0,00142795991901233;0,00229144035868688;-0,00630184874702035;0,00268043240447532;-0,00576448191725639;0,00298281026314261;-0,790205236810156;0,429407918195925;FALSE;100;"2";"Combined"
"hs_pfhxs_m_Log2";"hs_Gen_Tot";0;0,000393808847262763;0,000204058602388785;0,0019969773235517;-0,00352019478484175;0,00430781247936728;-0,00402598666691315;0,0036516370332183;0,197202463251991;0,843669103070392;FALSE;100;"2";"Combined"
"hs_pfna_m_Log2";"hs_Gen_Tot";0;-4,97700076002829e-05;-0,000484418166917154;0,00179804661783894;-0,00357387662108866;0,00347433660588809;-0,00372947171387119;0,00252361042704872;-0,0276800429457725;0,977917341026735;FALSE;100;"2";"Combined"
"hs_pfoa_m_Log2";"hs_Gen_Tot";0;-0,00177358965484686;-0,00141750011888682;0,00175426089455948;-0,00521187782767045;0,00166469851797673;-0,00565798832305623;0,00116358564071434;-1,01101817885089;0,312007729141129;FALSE;100;"2";"Combined"
"hs_pfos_m_Log2";"hs_Gen_Tot";0;-0,00285702801008428;-0,00217996985512259;0,0021338079187202;-0,00703921468070224;0,00132515866053367;-0,00653564399732626;0,00137506312797952;-1,33893401792128;0,180592154049476;FALSE;100;"2";"Combined"
"hs_pfunda_m_Log2";"hs_Gen_Tot";0;-0,00102996010132345;-0,00097476875380456;0,00158066658319565;-0,0041280096759529;0,002068089473306;-0,00397147468395255;0,00202197896856464;-0,651598580164308;0,514660163922454;FALSE;100;"2";"Combined"
"e3_asmokcigd_p_None";"hs_Gen_Tot";0;-0,000789848340055828;-0,00095861616353544;0,00166080033500488;-0,00404495718217745;0,00246526050206579;-0,00425878568688992;0,00172007229385851;-0,475582960460751;0,634371517161058;FALSE;100;"2";"Combined"
"h_distinvnear1_preg_Log";"hs_Gen_Tot";0;0,000647696835771554;0,000419448500892938;0,00155538828755882;-0,00240080818981916;0,00369620186136227;-0,00229450934628632;0,00363911657699759;0,416421314826867;0,677101734040399;FALSE;100;"2";"Combined"
"h_trafload_preg_pow1over3";"hs_Gen_Tot";0;0,000860062322924343;0,000678934221240606;0,00163553861837823;-0,00234553446442139;0,00406565911027007;-0,00220525323546047;0,00360381886503791;0,52585876802907;0,598986338777601;FALSE;100;"2";"Combined"
"h_trafnear_preg_pow1over3";"hs_Gen_Tot";0;-0,00161881558579624;-0,00101795518866685;0,00208900695801196;-0,00571319398695326;0,00247556281536078;-0,00462392850330738;0,00372403070057228;-0,774921107652419;0,438386278715807;FALSE;100;"2";"Combined"
"h_bro_preg_Log";"hs_Gen_Tot";0;0,00454482030906212;0,00354110839654819;0,00271740684049778;-0,00078119922965631;0,00987083984778054;-0,000971097797875458;0,010639528557891;1,67248431163498;0,094428858921667;FALSE;100;"2";"Combined"
"h_clf_preg_Log";"hs_Gen_Tot";0;0,000211891815131422;0,000871102172770746;0,00213531491139908;-0,00397324850686211;0,00439703213712496;-0,00345740106574744;0,0048666674826903;0,0992321151321836;0,920953976501719;FALSE;100;"2";"Combined"
"h_thm_preg_Log";"hs_Gen_Tot";0;0,00169478347296753;0,00144027499306428;0,00211333274495119;-0,00244727259448598;0,00583683954042104;-0,00205173243625998;0,00602682756987745;0,801948238873605;0,422582900384962;FALSE;100;"2";"Combined"
"e3_alcpreg_yn_None_1";"hs_Gen_Tot";0;-0,000387136702007927;6,11008865123398e-05;0,00342300828640419;-0,0070961096621423;0,00632183625812644;-0,00788570201576307;0,00614112838952655;-0,113098382947418;0,909952556988867;FALSE;100;"2";"Combined"
"h_pamod_t3_None_Often";"hs_Gen_Tot";0;0,0171315065145995;0,0159814623809791;0,00472568047693085;0,00786934297737097;0,026393670051828;0,00880384396678682;0,0242949943283619;3,62519357756616;0,000288745084149688;TRUE;100;"2";"Combined"
"h_pamod_t3_None_Sometimes";"hs_Gen_Tot";0;0,0115721239577412;0,0108691604619877;0,00431034299887398;0,00312400691893384;0,0200202409965486;0,00316975837491644;0,0197876410553704;2,68473389722448;0,00725875734018445;TRUE;100;"2";"Combined"
"h_pamod_t3_None_Very Often";"hs_Gen_Tot";0;0,0131555888602465;0,0126744184478522;0,00484122125497625;0,00366696955930322;0,0226442081611897;0,00339484992951326;0,022218575769261;2,71741120006113;0,00657948082469675;TRUE;100;"2";"Combined"
"h_pavig_t3_None_Low";"hs_Gen_Tot";0;0,0156146415719455;0,0160651440753728;0,0052897770243632;0,00524686911794621;0,0259824140259449;0,00567702662118233;0,0278560018137772;2,95185250720947;0,00315873771496297;TRUE;100;"2";"Combined"
"h_pavig_t3_None_Medium";"hs_Gen_Tot";0;0,0215704008967716;0,0198671223222228;0,00576665134188042;0,0102679719552865;0,0328728298382568;0,00879985514749004;0,0303000116326598;3,74054188782252;0,000183623939797912;TRUE;100;"2";"Combined"
"hs_no2_dy_hs_h_Log";"hs_Gen_Tot";0;0,00491722901697752;0,00458875037481483;0,00325872068218721;-0,00146974615578522;0,0113042041897403;-0,000372287859378867;0,0109435076392849;1,50894461248429;0,131312937730419;FALSE;100;"2";"Combined"
"hs_no2_wk_hs_h_Log";"hs_Gen_Tot";0;0,00137458760875013;0,00111263288037799;0,00228660999791759;-0,00310708563385755;0,00585626085135781;-0,00407019866310315;0,00530640845394508;0,601146505089176;0,547742411010126;FALSE;100;"2";"Combined"
"hs_no2_yr_hs_h_Log";"hs_Gen_Tot";0;0,00100433557464073;0,00134400610143523;0,00254913456976453;-0,00399187637384375;0,0060005475231252;-0,00445979706012931;0,00564275204727292;0,393990802428881;0,693587829784678;FALSE;100;"2";"Combined"
"hs_pm10_dy_hs_h_None";"hs_Gen_Tot";0;0,00040719029859369;0,000161313468556421;0,0017972596096178;-0,00311537380712572;0,0039297544043131;-0,00301892598548094;0,00397120573767076;0,226561759032843;0,820764530913283;FALSE;100;"2";"Combined"
"hs_pm10_wk_hs_h_None";"hs_Gen_Tot";0;-0,00297018124142871;-0,00263176909269188;0,00233502357080151;-0,00754674334325179;0,00160638086039437;-0,00796743226583083;0,00121935173581566;-1,272013387175;0,203368362801736;FALSE;100;"2";"Combined"
"hs_pm10_yr_hs_h_None";"hs_Gen_Tot";0;-0,000405020917869108;-0,000235101132695406;0,00238422944379732;-0,00507802475859182;0,00426798292285361;-0,00515569995291954;0,00429532061936453;-0,169874975297695;0,865108461875065;FALSE;100;"2";"Combined"
"hs_pm25_dy_hs_h_None";"hs_Gen_Tot";0;0,00208155238818596;0,00239812147808371;0,00189052268375266;-0,00162380398392527;0,00578690876029718;-0,000954745824027249;0,00634005554688969;1,10104597319832;0,270876648976198;FALSE;100;"2";"Combined"
"hs_pm25_wk_hs_h_None";"hs_Gen_Tot";0;-0,00196028659653108;-0,00202006650967286;0,00206188954170923;-0,00600151583838096;0,0020809426453188;-0,0066617498636463;0,000915068247477137;-0,950723381091539;0,34174481588178;FALSE;100;"2";"Combined"
"hs_pm25_yr_hs_h_None";"hs_Gen_Tot";0;0,0055150141120421;0,00480809583889478;0,00296745187569461;-0,000301084690175166;0,0113311129142594;-0,00169611484774692;0,0103865828883068;1,85850161790784;0,0630978138443884;FALSE;100;"2";"Combined"
"hs_pm25abs_dy_hs_h_Log";"hs_Gen_Tot";0;-0,00469392335711614;-0,00419980903468145;0,00308331536595869;-0,0107371104273741;0,00134926371314182;-0,0103088214630794;0,000627592106749161;-1,52236239242322;0,127918302550911;FALSE;100;"2";"Combined"
"hs_pm25abs_wk_hs_h_Log";"hs_Gen_Tot";0;-0,00169049452348984;-0,00126884841279724;0,00208773725243992;-0,00578238434745468;0,002401395300475;-0,00508257313325595;0,0036293356199139;-0,809725707348555;0,418097839608623;FALSE;100;"2";"Combined"
"hs_pm25abs_yr_hs_h_Log";"hs_Gen_Tot";0;-0,00238182119867796;-0,00178566718239062;0,00235829197677786;-0,00700398853819233;0,00224034614083642;-0,00659943097894033;0,00174543200217308;-1,00997723018684;0,312506199235424;FALSE;100;"2";"Combined"
"hs_accesslines300_h_dic0";"hs_Gen_Tot";0;-0,00152230524132303;-0,000757224480266739;0,00523230148682307;-0,0117774277117516;0,00873281722910556;-0,0130352569450541;0,00898844717915695;-0,290943716671675;0,771094365739087;FALSE;100;"2";"Combined"
"hs_accesspoints300_h_Log";"hs_Gen_Tot";0;-0,00293400282426177;-0,00185580804220233;0,00221462363401682;-0,00727458538624596;0,00140657973772242;-0,00564002224330253;0,00307503040929719;-1,32483135246785;0,18522709350169;FALSE;100;"2";"Combined"
"hs_builtdens300_h_Sqrt";"hs_Gen_Tot";0;7,34936770527324e-05;0,000321695114866461;0,00193529897016317;-0,00371962260378453;0,00386660995788999;-0,00244082615401874;0,00418798141080693;0,0379753610092275;0,96970732692032;FALSE;100;"2";"Combined"
"hs_connind300_h_Log";"hs_Gen_Tot";0;0,00316615736797507;0,00283372668942639;0,00235883740447993;-0,00145707899019153;0,00778939372614168;-0,000594811954600665;0,00815224076539937;1,3422533329181;0,179513869123449;FALSE;100;"2";"Combined"
"hs_fdensity300_h_Log";"hs_Gen_Tot";0;-0,00100183157234308;-0,000924073165117981;0,00223593633185759;-0,00538418625450855;0,00338052310982239;-0,00515761674868678;0,00222898753156147;-0,448059078458094;0,654110560146205;FALSE;100;"2";"Combined"
"hs_landuseshan300_h_None";"hs_Gen_Tot";0;-0,000481574924145251;-0,000610719537553569;0,0018363193176088;-0,00408069465077367;0,00311754480248317;-0,00519144212491648;0,0023704840824026;-0,262250099711603;0,793128630586583;FALSE;100;"2";"Combined"
"hs_popdens_h_Sqrt";"hs_Gen_Tot";0;0,00141346610230747;0,000985940328952874;0,00188618742172544;-0,00228339331236685;0,00511032551698179;-0,00198188265061509;0,0051439921339342;0,749377334419114;0,453629808137409;FALSE;100;"2";"Combined"
"hs_walkability_mean_h_None";"hs_Gen_Tot";0;0,000406834862857995;-0,000183729046798923;0,00172179729500134;-0,00296782582402311;0,0037814955497391;-0,00353827222668954;0,0029770722770292;0,236284993616324;0,813211530660868;FALSE;100;"2";"Combined"
"hs_accesslines300_s_dic0";"hs_Gen_Tot";0;-0,00116129460649967;7,44041790275188e-05;0,00585877446030271;-0,0126442815422361;0,0103216923292367;-0,0116608338459717;0,01108467776589;-0,198214594941016;0,84287716892074;FALSE;100;"2";"Combined"
"hs_accesspoints300_s_Log";"hs_Gen_Tot";0;0,00100782829568943;0,00122490038167923;0,001943460177177;-0,00280128365696532;0,00481694024834419;-0,00162201869010207;0,00587432945654282;0,518574194380132;0,604057708412597;FALSE;100;"2";"Combined"
"hs_builtdens300_s_Sqrt";"hs_Gen_Tot";0;0,00104623090910846;0,000830690208360075;0,00196889183249054;-0,00281272617202806;0,00490518799024498;-0,00263434535518606;0,00494475133941952;0,531380592800286;0,595155067291432;FALSE;100;"2";"Combined"
"hs_connind300_s_Log";"hs_Gen_Tot";0;-0,00134504720588274;-0,000776238846245379;0,00189886677773439;-0,00506675770168177;0,00237666328991629;-0,00395213841836986;0,00332456804925186;-0,708342060461749;0,478732863477489;FALSE;100;"2";"Combined"
"hs_fdensity300_s_Log";"hs_Gen_Tot";0;0,00190650546802207;0,00217190836396269;0,0020290476363363;-0,00207035482211321;0,00588336575815735;-0,00115203153899268;0,00646206280137034;0,939606066353623;0,347419663433207;FALSE;100;"2";"Combined"
"hs_landuseshan300_s_None";"hs_Gen_Tot";0;-0,000391387991327045;0,000106057849769446;0,00164772569386582;-0,00362087100770533;0,00283809502505124;-0,00257999016052615;0,00379254131713601;-0,237532249927345;0,812243903154917;FALSE;100;"2";"Combined"
"hs_popdens_s_Sqrt";"hs_Gen_Tot";0;-0,00129043050908178;-0,00106457725314125;0,00159108136290521;-0,0044088926768489;0,00182803165868534;-0,00453273284610249;0,00215824580195073;-0,811039924900847;0,417342743363154;FALSE;100;"2";"Combined"
"h_Absorbance_Log";"hs_Gen_Tot";0;0,000770097244352864;-1,4510637847598e-08;0,00187555872439708;-0,0029059303063553;0,00444612479506103;-0,00436026695502934;0,00268314330134191;0,410596178267049;0,681368666503911;FALSE;100;"2";"Combined"
"h_Benzene_Log";"hs_Gen_Tot";0;0,0027863549452613;0,00215810444447602;0,0024903257877849;-0,00209459390856845;0,00766730379909105;-0,00155929464220847;0,00875153813745773;1,1188716588522;0,263194895304786;FALSE;100;"2";"Combined"
"h_NO2_Log";"hs_Gen_Tot";0;0,00173840257673568;0,00148895729840501;0,0014309477393698;-0,00106620345618813;0,00454300860965949;-0,00110394708185812;0,00478159176295841;1,2148609826249;0,224419117231544;FALSE;100;"2";"Combined"
"h_PM_Log";"hs_Gen_Tot";0;0,00304177054468348;0,00291418547158012;0,00234623775004584;-0,00155677094457466;0,00764031203394162;-0,000600632186275619;0,00762004296778877;1,29644599939799;0,194821873001213;FALSE;100;"2";"Combined"
"h_TEX_Log";"hs_Gen_Tot";0;-0,000480368069594487;-0,000577948688887399;0,00181119995521043;-0,00403025475060749;0,00306951861141852;-0,00461881504270676;0,00286224830400952;-0,265220893039761;0,790839300742621;FALSE;100;"2";"Combined"
"hs_KIDMED_None";"hs_Gen_Tot";0;-0,0029584865132229;-0,00217749198937589;0,0022639994502286;-0,00739584389668945;0,00147887087024364;-0,00819568151334959;0,00138735057299674;-1,30675231079415;0,191296846325632;FALSE;100;"2";"Combined"
"hs_mvpa_prd_alt_None";"hs_Gen_Tot";0;0,00128534975776725;0,0010556654784264;0,00180167338203116;-0,00224586518291829;0,00481656469845279;-0,0027322533597092;0,00457640219297629;0,713419963122385;0,475585923566898;FALSE;100;"2";"Combined"
"hs_sd_wk_None";"hs_Gen_Tot";0;0,000897469044315965;0,00112858842341901;0,00178834771834619;-0,00260762807547694;0,00440256616410887;-0,00130492807398205;0,00473170952103828;0,501842586376837;0,615778254105235;FALSE;100;"2";"Combined"
"hs_dif_hours_total_None";"hs_Gen_Tot";0;-0,0027052052220863;-0,00191541587303778;0,00219771242876744;-0,00701264243084654;0,00160223198667393;-0,00588884057794293;0,00126320566728697;-1,23091865281186;0,218353290494878;FALSE;100;"2";"Combined"
"hs_as_c_Log2";"hs_Gen_Tot";0;-0,00432933208694226;-0,0032483032222599;0,00225015653925726;-0,00873955786346379;8,08936895792594e-05;-0,00805951709391236;0,000666994102504689;-1,92401373478278;0,0543528618941325;FALSE;100;"2";"Combined"
"hs_cd_c_Log2";"hs_Gen_Tot";0;0,000263020129008573;2,18131797051061e-05;0,00130971720415889;-0,00230397842107535;0,00283001867909249;-0,00277902928904582;0,00263827656080812;0,200822076837179;0,840837699763313;FALSE;100;"2";"Combined"
"hs_co_c_Log2";"hs_Gen_Tot";0;-0,00254456870682565;-0,00199836385008448;0,00191328970432074;-0,00629454761928559;0,0012054102056343;-0,00592533386636158;0,00101041554720797;-1,32994428448514;0,183536629096834;FALSE;100;"2";"Combined"
"hs_cs_c_Log2";"hs_Gen_Tot";0;-0,00125944337629276;-0,00102082858936321;0,00198627606078492;-0,0051524729187853;0,00263358616619978;-0,00505334769347026;0,0023698128202384;-0,634072675575149;0,526033394103764;FALSE;100;"2";"Combined"
"hs_cu_c_Log2";"hs_Gen_Tot";0;0,000915258862955623;0,00101852516865364;0,0018873317907659;-0,00278384347382302;0,00461436119973427;-0,00212089724284642;0,00598463952140792;0,484948575249825;0,62771282420165;FALSE;100;"2";"Combined"
"hs_hg_c_Log2";"hs_Gen_Tot";0;0,000636003473927886;-8,47303585329902e-06;0,00176351992854646;-0,00282043207204182;0,00409243901989759;-0,0029489322950669;0,00339117103420225;0,360644336155644;0,718365341233995;FALSE;100;"2";"Combined"
"hs_mn_c_Log2";"hs_Gen_Tot";0;0,00206632882481664;0,00142418010142797;0,00172055505507622;-0,00130589711655108;0,00543855476618436;-0,00138614707029015;0,00465903555874571;1,20096640832287;0,229764232009168;FALSE;100;"2";"Combined"
"hs_mo_c_Log2";"hs_Gen_Tot";0;7,62343267590011e-05;-0,000145863551072051;0,00155903328981706;-0,00297941477198143;0,00313188342549943;-0,00256300701149817;0,00346530275504404;0,0488984598705693;0,961000216240984;FALSE;100;"2";"Combined"
"hs_pb_c_Log2";"hs_Gen_Tot";0;0,00153158829986238;0,00170578705809567;0,00195043064991977;-0,00229118552832341;0,00535436212804818;-0,00131234306956287;0,00544447717728698;0,785256476525012;0,432303208566229;FALSE;100;"2";"Combined"
"hs_hum_mt_hs_h_None";"hs_Gen_Tot";0;-0,00379882514606957;-0,00338971482038896;0,00242608912730501;-0,0085538724588716;0,000956222166732468;-0,0081889811654142;0,000764934875154059;-1,56582258389222;0,117390157595956;FALSE;100;"2";"Combined"
"hs_tm_mt_hs_h_None";"hs_Gen_Tot";0;-0,00122696989704442;-0,00084496487471256;0,00202936846766131;-0,00520445900502183;0,00275051921093299;-0,00517520327094948;0,00241385871888713;-0,604606761461315;0,545440312978897;FALSE;100;"2";"Combined"
"hs_uvdvf_mt_hs_h_None";"hs_Gen_Tot";0;-0,00219218778322906;-0,00209833790825322;0,00205296214712816;-0,00621591965322427;0,00183154408676614;-0,00648634467484627;0,00220097567550018;-1,06781695234647;0,285603089598574;FALSE;100;"2";"Combined"
"hs_hum_dy_hs_h_None";"hs_Gen_Tot";0;-0,000745854815315486;-0,000936723898457761;0,0015168612413777;-0,0037188482179605;0,00222713858732953;-0,00392518063830611;0,00217069225710836;-0,491709323812676;0,622924846006513;FALSE;100;"2";"Combined"
"hs_hum_wk_hs_h_None";"hs_Gen_Tot";0;-0,00142312145335499;-0,00228619807113962;0,00212763522100845;-0,00559320985877047;0,00274696695206048;-0,00616168510719191;0,0017659594138496;-0,66887473910141;0,50357538538934;FALSE;100;"2";"Combined"
"hs_tm_dy_hs_h_None";"hs_Gen_Tot";0;0,00144289178996628;0,000962925049948943;0,00201964819667525;-0,00251554593695849;0,00540132951689105;-0,00373300223628498;0,00445001057916418;0,714427291021064;0,474963001378319;FALSE;100;"2";"Combined"
"hs_tm_wk_hs_h_None";"hs_Gen_Tot";0;0,00238073383558633;0,00192471620467092;0,00197131778942638;-0,00148297803377249;0,00624444570494514;-0,00115098729765799;0,00594942036490377;1,20768647670911;0,227167881689241;FALSE;100;"2";"Combined"
"hs_uvdvf_dy_hs_h_None";"hs_Gen_Tot";0;-0,000216758980680666;-0,000167001723531735;0,00200530653235988;-0,00414708756206894;0,00371356960070761;-0,00390982340591739;0,00392420954091021;-0,10809269165726;0,91392216539981;FALSE;100;"2";"Combined"
"hs_uvdvf_wk_hs_h_None";"hs_Gen_Tot";0;-0,00306739111310724;-0,00265385252716968;0,0022345420799709;-0,00744701311178943;0,00131223088557495;-0,0067656219165579;0,00229867957544029;-1,37271575263742;0,169840730096348;FALSE;100;"2";"Combined"
"hs_ndvi100_h_None";"hs_Gen_Tot";0;0,00028375088574683;0,000778222195312357;0,00227087155874157;-0,00416707558290298;0,00473457735439664;-0,00379968560909324;0,00524521235483612;0,124952415144111;0,900561222210376;FALSE;100;"2";"Combined"
"hs_ndvi100_s_None";"hs_Gen_Tot";0;0,00295039026375933;0,00291980033084909;0,002176902840063;-0,00131626090060711;0,00721704142812577;-0,00144061596657213;0,00757209976575631;1,35531554714401;0,175317043689241;FALSE;100;"2";"Combined"
"hs_dde_cadj_Log2";"hs_Gen_Tot";0;-6,44077602691418e-05;-0,000722358399975947;0,00221073332439139;-0,00439736545549876;0,00426854993496048;-0,00503577068666686;0,00316664264873805;-0,029134115616081;0,976757627012008;FALSE;100;"2";"Combined"
"hs_ddt_cadj_Log2";"hs_Gen_Tot";0;0,00087099818169491;0,000410485206783219;0,00141860874257569;-0,0019094238619071;0,00365142022529692;-0,00185225473080636;0,00347688915509841;0,613980554013424;0,539228177378707;FALSE;100;"2";"Combined"
"hs_hcb_cadj_Log2";"hs_Gen_Tot";0;-0,00187609473739135;-0,00182714049678007;0,00226349610226323;-0,00631246557697407;0,00256027610219136;-0,0068312097905883;0,00232351728735518;-0,828848229743132;0,407190293066433;FALSE;100;"2";"Combined"
"hs_pcb118_cadj_Log2";"hs_Gen_Tot";0;0,00448680180291209;0,00359862633719059;0,00245581784493245;-0,000326512725746278;0,00930011633157045;-0,000890572951339726;0,00841517259725702;1,82700920272672;0,0676983857301689;FALSE;100;"2";"Combined"
"hs_pcb138_cadj_Log2";"hs_Gen_Tot";0;-0,00148044671756956;-0,000916965775994574;0,00204568255721095;-0,00548991085350482;0,00252901741836571;-0,0046678538416486;0,00330173688952012;-0,723693278974804;0,469254060278606;FALSE;100;"2";"Combined"
"hs_pcb153_cadj_Log2";"hs_Gen_Tot";0;3,05240869560133e-05;-1,25219333284573e-05;0,00194253248582587;-0,00377676962406176;0,00383781779797378;-0,00336341539693682;0,00405371280609038;0,0157135528897144;0,987462914690019;FALSE;100;"2";"Combined"
"hs_pcb170_cadj_Log2";"hs_Gen_Tot";0;-0,00414263818139789;-0,00401107074533078;0,00283260243924546;-0,00969443694483929;0,00140916058204351;-0,00925464001358617;0,000961254911666967;-1,46248485985961;0,143608390235161;FALSE;100;"2";"Combined"
"hs_pcb180_cadj_Log2";"hs_Gen_Tot";0;-0,00169199939985757;-0,00157127872242217;0,00250638880669051;-0,00660443119222528;0,00322043239251015;-0,00733018897249245;0,00226621139440948;-0,675074591516278;0,499628375582658;FALSE;100;"2";"Combined"
"hs_sumPCBs5_cadj_Log2";"hs_Gen_Tot";0;-0,00483235781126753;-0,00392948076450808;0,0024462819923858;-0,00962698241237257;-3,77332101624776e-05;-0,00896702546484328;0,00015995310545357;-1,97538870265511;0,0482240538660268;TRUE;100;"2";"Combined"
"hs_pfhxs_c_Log2";"hs_Gen_Tot";0;-0,000902171655998514;-0,000502633693614378;0,00235332650610559;-0,00551460685182896;0,00371026353983193;-0,00574414791060824;0,00362784590604628;-0,3833601727843;0,701452729266642;FALSE;100;"2";"Combined"
"hs_pfna_c_Log2";"hs_Gen_Tot";0;0,00164178958691473;0,0010897461156915;0,00222835868326206;-0,002725713176916;0,00600929235074546;-0,00255051746589098;0,00595632010727318;0,736770789750663;0,46126174947827;FALSE;100;"2";"Combined"
"hs_pfoa_c_Log2";"hs_Gen_Tot";0;-0,00113156611308427;-0,000809593325585276;0,00199955954309721;-0,00505063080249818;0,00278749857632963;-0,00564779529732439;0,00215304079376783;-0,565907685515348;0,571456536745275;FALSE;100;"2";"Combined"
"hs_pfos_c_Log2";"hs_Gen_Tot";0;-0,00331438042303821;-0,00317654925274544;0,00286041482241704;-0,00892069045582014;0,00229192960974372;-0,00974892203572808;0,000964561777017593;-1,15870621179259;0,246575957953057;FALSE;100;"2";"Combined"
"hs_pfunda_c_Log2";"hs_Gen_Tot";0;-0,000742533032508532;-0,000570779557708842;0,00151010969162711;-0,00370229364080256;0,00221722757578549;-0,00354545879480409;0,00196765810530566;-0,491708010766071;0,622925774371824;FALSE;100;"2";"Combined"
"hs_hm_pers_None";"hs_Gen_Tot";0;0,000950963222765249;0,0010754112969874;0,00141748739698337;-0,00182726102386159;0,00372918746939208;-0,00178307332567295;0,00371369129482473;0,670879490561288;0,502297302805491;FALSE;100;"2";"Combined"
"hs_trafload_h_pow1over3";"hs_Gen_Tot";0;-0,000641942057956525;-0,000743399861282377;0,00152070177402437;-0,00362246276627045;0,0023385786503574;-0,00355117553867938;0,00232244014496834;-0,422135404141534;0,672926187367976;FALSE;100;"2";"Combined"
"hs_trafnear_h_pow1over3";"hs_Gen_Tot";0;0,00112949825948538;0,000934799348011691;0,00182811896980064;-0,00245354908077834;0,0047125455997491;-0,0026827741524301;0,0046929224427486;0,617847239782514;0,536676040381769;FALSE;100;"2";"Combined"
"FAS_cat_None_Low";"hs_Gen_Tot";0;0,00348181233391293;0,00537368440131981;0,00606188921235283;-0,00839927220057049;0,0153628968683964;-0,00623658634401065;0,0192478882791099;0,574377427884651;0,565712424034936;FALSE;100;"2";"Combined"
"FAS_cat_None_Middle";"hs_Gen_Tot";0;-0,00306079595889237;-0,000866383885905111;0,0029158153887931;-0,0087756891064945;0,00265409718870975;-0,0064917747057382;0,00439370809860319;-1,04972213626984;0,293845883206412;FALSE;100;"2";"Combined"
"hs_globalexp2_None_no exposure";"hs_Gen_Tot";0;0,00526102285983573;0,0049499940411469;0,00347025025901819;-0,00154054266518071;0,0120625883848522;-0,00117038450028385;0,0131403465199606;1,51603557874935;0,129510356206814;FALSE;100;"2";"Combined"
"h_abs_ratio_preg_Log";"hs_bmi_c_cat";0;-0,0584824896439672;-0,0536505994635848;0,079114481715888;-0,21354402446266;0,0965790451747258;-0,214608249267577;0,0863437980949446;-0,739213458466259;0,459777389743809;FALSE;100;"2";"Combined"
"h_no2_ratio_preg_Log";"hs_bmi_c_cat";0;-0,0960975488313734;-0,102209202907821;0,079685575856262;-0,252278407596981;0,0600833099342346;-0,252191814526566;0,036534554851197;-1,20595914378175;0,227833244115344;FALSE;100;"2";"Combined"
"h_pm10_ratio_preg_None";"hs_bmi_c_cat";0;0,0382951659602614;0,0374811105638953;0,0668268309945935;-0,0926830159900868;0,16927334791061;-0,082062949390872;0,171269458503623;0,57305075506812;0,566610328892972;FALSE;100;"2";"Combined"
"h_pm25_ratio_preg_None";"hs_bmi_c_cat";0;-0,000866533145065168;0,000361475691544798;0,0721160743703801;-0,142211441617422;0,140478375327292;-0,143680058686743;0,13212177548735;-0,0120158113517764;0,990413000332178;FALSE;100;"2";"Combined"
"h_accesslines300_preg_dic0";"hs_bmi_c_cat";0;0,013743948245167;0,00870074305227918;0,152970615921614;-0,286072949654106;0,31356084614444;-0,334014545492723;0,289416291176181;0,0898469824571388;0,928408812535543;FALSE;100;"2";"Combined"
"h_accesspoints300_preg_Log";"hs_bmi_c_cat";0;-0,0808456342740299;-0,0859468529497481;0,0847339596200214;-0,246921143396743;0,0852298748486831;-0,258418619214048;0,0722078637674227;-0,95411136971023;0,34002727148931;FALSE;100;"2";"Combined"
"h_builtdens300_preg_Sqrt";"hs_bmi_c_cat";0;0,0326573421025572;0,0355148129631238;0,0642751916964849;-0,093319718721961;0,158634402927075;-0,0851371548727265;0,15356436015404;0,508086265331873;0,611392846893088;FALSE;100;"2";"Combined"
"h_connind300_preg_Sqrt";"hs_bmi_c_cat";0;-0,0904715826535308;-0,0950492918588114;0,0761191734214623;-0,239662421092555;0,0587192557854938;-0,245246302700292;0,0561658471722293;-1,18855182718027;0,234616073869786;FALSE;100;"2";"Combined"
"h_fdensity300_preg_Log";"hs_bmi_c_cat";0;-0,0488960040908972;-0,0576033275088447;0,0722791310469763;-0,190560497776822;0,0927684895950272;-0,190586648058367;0,088002221264106;-0,676488543548182;0,498730517372419;FALSE;100;"2";"Combined"
"h_frichness300_preg_None";"hs_bmi_c_cat";0;-0,0493952681864979;-0,0519555845308151;0,0754927680855856;-0,19735837472748;0,0985678383544847;-0,18691621373828;0,0968468177329709;-0,654304636577888;0,512915559307993;FALSE;100;"2";"Combined"
"h_landuseshan300_preg_None";"hs_bmi_c_cat";0;0,129038090933636;0,122645884066049;0,0767850164456656;-0,0214577758521843;0,279533957719456;0,00223862951972691;0,260157948403459;1,68051134071119;0,0928578696830002;FALSE;100;"2";"Combined"
"h_popdens_preg_Sqrt";"hs_bmi_c_cat";0;0,146705758479225;0,148750603805802;0,078653845701477;-0,00745294634124047;0,300864463299691;0,00708712129376721;0,303601343741578;1,86520769799397;0,0621522969512239;FALSE;100;"2";"Combined"
"h_walkability_mean_preg_None";"hs_bmi_c_cat";0;-0,151589015019874;-0,14437506483748;0,0710235797533864;-0,290792673389619;-0,0123853566501282;-0,261056202755692;-0,0153523951198278;-2,13434771305858;0,0328143282840827;TRUE;100;"2";"Combined"
"hs_as_m_Log2";"hs_bmi_c_cat";0;0,138316078456915;0,131765926673594;0,0662999182403165;0,00837062652794399;0,268261530385885;0,00145135049798791;0,251112545582453;2,08621793401859;0,0369588864439247;TRUE;100;"2";"Combined"
"hs_cd_m_Log2";"hs_bmi_c_cat";0;0,0320669914698872;0,0318486852221655;0,0684839275203193;-0,10215903998979;0,166293022929564;-0,0953208873325192;0,143796751900914;0,468241127969374;0,639612163734224;FALSE;100;"2";"Combined"
"hs_co_m_Log2";"hs_bmi_c_cat";0;0,177423248750274;0,177858662014489;0,0792340174384962;0,0221274282204026;0,332719069280145;0,00563230703381747;0,317345991429286;2,23923075575456;0,0251409056625537;TRUE;100;"2";"Combined"
"hs_cs_m_Log2";"hs_bmi_c_cat";0;0,0706540889836773;0,0743565099973871;0,0730458333175484;-0,0725131135394333;0,213821291506788;-0,0501756907364733;0,234102407456169;0,967256936840278;0,333415605435996;FALSE;100;"2";"Combined"
"hs_cu_m_Log2";"hs_bmi_c_cat";0;-0,0751559733151071;-0,0753597542022443;0,0663167314992976;-0,205134378626143;0,0548224319959291;-0,206320710824733;0,0406908466328456;-1,13328826098589;0,257093219845078;FALSE;100;"2";"Combined"
"hs_hg_m_Log2";"hs_bmi_c_cat";0;0,00871532090920779;0,0137007785981245;0,0732451342817057;-0,134842504325735;0,152273146144151;-0,115658827183841;0,136841796642053;0,118988394173572;0,905284550563346;FALSE;100;"2";"Combined"
"hs_mn_m_Log2";"hs_bmi_c_cat";0;-0,0096533789955297;-0,00818536218750619;0,0712913029110135;-0,149381765112052;0,130075007120992;-0,160225503775234;0,118529776028475;-0,135407526603619;0,892289673571966;FALSE;100;"2";"Combined"
"hs_mo_m_Log2";"hs_bmi_c_cat";0;-0,0402696378977774;-0,0384465102731348;0,079875620306921;-0,196822976942139;0,116283701146584;-0,207739153145348;0,105274273178041;-0,504154305694803;0,614152947783268;FALSE;100;"2";"Combined"
"hs_pb_m_Log2";"hs_bmi_c_cat";0;0,0206880941535955;0,0245678634143405;0,0649345320191486;-0,106581249956899;0,14795743826409;-0,0909598222296117;0,157159260062776;0,318599264679305;0,750030411110513;FALSE;100;"2";"Combined"
"h_humidity_preg_None";"hs_bmi_c_cat";0;-0,121776747974336;-0,128242470554661;0,0649409062531196;-0,249058585353842;0,00550508940517083;-0,25168170189007;-0,017400735806284;-1,87519323336338;0,060766144739029;FALSE;100;"2";"Combined"
"h_pressure_preg_None";"hs_bmi_c_cat";0;0,0976426906755901;0,0947827771040296;0,0476958267073208;0,00416058811637782;0,191124793234802;0,00409985700056572;0,186889942778916;2,04719568600334;0,0406388748455483;TRUE;100;"2";"Combined"
"h_temperature_preg_None";"hs_bmi_c_cat";0;0,0683361293338325;0,0747846012968492;0,0825164414791513;-0,0933931240977111;0,230065382765376;-0,115666207488644;0,250801400483572;0,828151676306816;0,40758460687724;FALSE;100;"2";"Combined"
"h_ndvi100_preg_None";"hs_bmi_c_cat";0;-0,0275850590027804;-0,0223134396739751;0,0764375069769777;-0,177399819745686;0,122229701740125;-0,162041007881114;0,127486699285828;-0,360883813375661;0,718186304395909;FALSE;100;"2";"Combined"
"hs_dde_madj_Log2";"hs_bmi_c_cat";0;0,170093003513455;0,176113291834851;0,075368221145889;0,0223740044886626;0,317812002538248;0,0283061238037988;0,309965669871285;2,25682656333641;0,0240189142191317;TRUE;100;"2";"Combined"
"hs_ddt_madj_Log2";"hs_bmi_c_cat";0;-0,0010266989557751;0,00595558432792469;0,0825149918306986;-0,162753111128561;0,160699713217011;-0,129418474336736;0,162539613187835;-0,0124425747733411;0,990072517850648;FALSE;100;"2";"Combined"
"hs_hcb_madj_Log2";"hs_bmi_c_cat";0;-0,0949511737223189;-0,0815137681162014;0,0818848754133746;-0,255442580411082;0,0655402329664446;-0,244705235966984;0,0780136649971329;-1,15956912974444;0,246224275656474;FALSE;100;"2";"Combined"
"hs_pcb118_madj_Log2";"hs_bmi_c_cat";0;0,0318339444490994;0,0263201430533783;0,079663445537139;-0,124303539688061;0,18797142858626;-0,108181366270712;0,175310362267806;0,399605417948669;0,689447165282953;FALSE;100;"2";"Combined"
"hs_pcb138_madj_Log2";"hs_bmi_c_cat";0;0,0167252967966289;0,0316485691886775;0,0927274486760371;-0,16501716298669;0,198467756579948;-0,150259334329871;0,221089148970113;0,180370505556151;0,856861707712929;FALSE;100;"2";"Combined"
"hs_pcb153_madj_Log2";"hs_bmi_c_cat";0;0,0551085609701846;0,0424576719979274;0,0818847925819814;-0,105382683372032;0,215599805312401;-0,135573477584639;0,184640231371913;0,673001167036126;0,50094654846391;FALSE;100;"2";"Combined"
"hs_pcb170_madj_Log2";"hs_bmi_c_cat";0;-0,177635170889979;-0,173560402424681;0,0783928733974181;-0,331282379393527;-0,023987962386432;-0,336438649939144;-0,0231947307504647;-2,2659607077986;0,0234537890919631;TRUE;100;"2";"Combined"
"hs_pcb180_madj_Log2";"hs_bmi_c_cat";0;-0,0374463376254569;-0,0400540477717789;0,0654750679713673;-0,165775112734649;0,0908824374837349;-0,166872889916739;0,116589948879082;-0,571917506703964;0,56737786307679;FALSE;100;"2";"Combined"
"hs_sumPCBs5_madj_Log2";"hs_bmi_c_cat";0;-0,137013560099089;-0,140119471242593;0,0730103130459491;-0,280111144169144;0,006084023970966;-0,275195082267138;-0,00414585049741515;-1,87663296297414;0,0605684163149546;FALSE;100;"2";"Combined"
"hs_pfhxs_m_Log2";"hs_bmi_c_cat";0;-0,103723059266914;-0,111003908770913;0,0735018552616924;-0,247784048376707;0,0403379298428794;-0,247281308897602;0,0343728590996347;-1,41116246518708;0,158196714893659;FALSE;100;"2";"Combined"
"hs_pfna_m_Log2";"hs_bmi_c_cat";0;0,100080881119933;0,0993995090767491;0,0598292808131006;-0,0171823544946778;0,217344116734543;-0,0284472270498831;0,212266696426426;1,67277426303307;0,0943717433034414;FALSE;100;"2";"Combined"
"hs_pfoa_m_Log2";"hs_bmi_c_cat";0;-0,0210627704775838;-0,0201581749811706;0,061733482707713;-0,142058173224928;0,0999326322697599;-0,136320987094508;0,104891466330596;-0,341188761005253;0,73296148363986;FALSE;100;"2";"Combined"
"hs_pfos_m_Log2";"hs_bmi_c_cat";0;0,00931451294460053;0,00500948165480352;0,0729037932358089;-0,13357429613394;0,152203322023141;-0,118312986844655;0,140169399062506;0,127764448613429;0,898335385326071;FALSE;100;"2";"Combined"
"hs_pfunda_m_Log2";"hs_bmi_c_cat";0;-0,0359641003570892;-0,0430861614567478;0,0878463010057867;-0,208139686503496;0,136211485789317;-0,248168128654917;0,085948792816279;-0,409398004757424;0,682247603651781;FALSE;100;"2";"Combined"
"e3_asmokcigd_p_None";"hs_bmi_c_cat";0;-0,0745774086156982;-0,074088829170207;0,0663473357831175;-0,204615797220794;0,0554609799893977;-0,180954594972515;0,0687654759878465;-1,12404526474859;0,260993823766141;FALSE;100;"2";"Combined"
"h_distinvnear1_preg_Log";"hs_bmi_c_cat";0;0,0443192123078036;0,0400847197724557;0,0645930052107359;-0,0822807515584469;0,170919176174054;-0,0898458888005254;0,151992243477031;0,686130211208029;0,492631001361952;FALSE;100;"2";"Combined"
"h_trafload_preg_pow1over3";"hs_bmi_c_cat";0;0,16678067051966;0,167749847694786;0,0647562959835943;0,0398606626195993;0,29370067841972;0,0530482106767266;0,285692947402342;2,57551282058988;0,0100091562559776;TRUE;100;"2";"Combined"
"h_trafnear_preg_pow1over3";"hs_bmi_c_cat";0;-0,00486292861758623;0,00670836082896343;0,0712920780531574;-0,144592833984793;0,134866976749621;-0,141014862437601;0,147544059440693;-0,0682113462025933;0,945617395046024;FALSE;100;"2";"Combined"
"h_bro_preg_Log";"hs_bmi_c_cat";0;-0,0274495975388431;-0,0359646636334723;0,070040050158901;-0,164725573325668;0,109826378247982;-0,159829162417586;0,088635755460677;-0,391912876655111;0,695122588366729;FALSE;100;"2";"Combined"
"h_clf_preg_Log";"hs_bmi_c_cat";0;-0,175042401476733;-0,183951443219747;0,0848305993436793;-0,341307320977291;-0,00877748197617428;-0,346017143113665;-0,0245825954841975;-2,06343469020622;0,0390713468888778;TRUE;100;"2";"Combined"
"h_thm_preg_Log";"hs_bmi_c_cat";0;-0,0960044124013109;-0,0965830563204057;0,0683185030297775;-0,229906217817365;0,0378973930147436;-0,218281832162817;0,0170009789772687;-1,40524759975297;0,159947664233683;FALSE;100;"2";"Combined"
"e3_alcpreg_yn_None_1";"hs_bmi_c_cat";0;-0,230754712339859;-0,240120110291001;0,132032963356717;-0,48953456529112;0,028025140611403;-0,478328194666205;-0,0169130170667886;-1,7477053189848;0,0805150673178048;FALSE;100;"2";"Combined"
"h_pamod_t3_None_Often";"hs_bmi_c_cat";0;-0,240252526169341;-0,244714547802836;0,129899724174586;-0,494851307153216;0,0143462548145333;-0,450602878606844;-0,0301556997337277;-1,84952298933631;0,0643823313601424;FALSE;100;"2";"Combined"
"h_pamod_t3_None_Sometimes";"hs_bmi_c_cat";0;-0,0909028915403216;-0,0969763000166313;0,169045002923358;-0,422225009036572;0,240419225955929;-0,415261123881059;0,204508327888021;-0,537743736687296;0,590753979809091;FALSE;100;"2";"Combined"
"h_pamod_t3_None_Very Often";"hs_bmi_c_cat";0;-0,0686125615008572;-0,0709547365010574;0,0948396079968922;-0,254494777482663;0,117269654480948;-0,261797202591271;0,113259600173454;-0,723458931874808;0,469397976423915;FALSE;100;"2";"Combined"
"h_pavig_t3_None_Low";"hs_bmi_c_cat";0;-0,398696463970691;-0,400244857334146;0,15549252705213;-0,703456216857985;-0,0939367110833963;-0,708855826421518;-0,146531846999579;-2,56408762227541;0,0103447425423475;TRUE;100;"2";"Combined"
"h_pavig_t3_None_Medium";"hs_bmi_c_cat";0;-0,327389679245118;-0,318737383400154;0,13666243165771;-0,595243123333895;-0,0595362351563404;-0,613907623710427;-0,0878622896059752;-2,39560847318385;0,0165928037595333;TRUE;100;"2";"Combined"
"hs_no2_dy_hs_h_Log";"hs_bmi_c_cat";0;-0,127344685784411;-0,122236817044288;0,0596790426313859;-0,244313459973758;-0,0103759115950643;-0,220993546201238;-0,0144537731731583;-2,13382588207672;0,0328570364099647;TRUE;100;"2";"Combined"
"hs_no2_wk_hs_h_Log";"hs_bmi_c_cat";0;0,129135272716407;0,122650792580511;0,0631836116305775;0,00529766950730919;0,252972875925505;0,0184291158004082;0,248079418444859;2,04380961112885;0,0409723593167798;TRUE;100;"2";"Combined"
"hs_no2_yr_hs_h_Log";"hs_bmi_c_cat";0;-0,0269532867036061;-0,0255663453388286;0,0680536243303113;-0,160335939408435;0,106429366001223;-0,149035915807587;0,105816714475265;-0,396059533475883;0,692061110074159;FALSE;100;"2";"Combined"
"hs_pm10_dy_hs_h_None";"hs_bmi_c_cat";0;0,0943361024157186;0,0958448139394356;0,0724215762614673;-0,0476075787603781;0,236279783591815;-0,0569889058114155;0,216513289850684;1,30259664709771;0,192712503071195;FALSE;100;"2";"Combined"
"hs_pm10_wk_hs_h_None";"hs_bmi_c_cat";0;-0,0954010341719378;-0,0768205927931119;0,057445547576238;-0,207992238493546;0,0171901701496708;-0,173020850968495;0,0542097639442079;-1,66072112108128;0,096769469438607;FALSE;100;"2";"Combined"
"hs_pm10_yr_hs_h_None";"hs_bmi_c_cat";0;-0,0406564744363348;-0,0285886188671855;0,0646957870664471;-0,167457887038043;0,0861449381653736;-0,143377260874674;0,0828229523958648;-0,628425377908731;0,529725316595174;FALSE;100;"2";"Combined"
"hs_pm25_dy_hs_h_None";"hs_bmi_c_cat";0;0,109171141460025;0,101500204181168;0,0632917417017025;-0,0148783927941238;0,233220675714174;-0,00762489683290901;0,222454841017009;1,72488761605826;0,0845477277683134;FALSE;100;"2";"Combined"
"hs_pm25_wk_hs_h_None";"hs_bmi_c_cat";0;-0,0306594301766659;-0,0297024232417765;0,0751785200807742;-0,178006621946004;0,116687761592673;-0,147834940421005;0,124628714740502;-0,407821677571259;0,683404597504739;FALSE;100;"2";"Combined"
"hs_pm25_yr_hs_h_None";"hs_bmi_c_cat";0;0,0456322929304968;0,0423268249989041;0,0699118399964139;-0,0913923955554014;0,182656981416395;-0,08274246683919;0,186570148902053;0,652711943110601;0,513942001491479;FALSE;100;"2";"Combined"
"hs_pm25abs_dy_hs_h_Log";"hs_bmi_c_cat";0;-0,07316086596038;-0,071546575878303;0,0798690555992308;-0,2297013384141;0,0833796064933395;-0,215556703413023;0,0741099048726304;-0,916010154514518;0,359661568938372;FALSE;100;"2";"Combined"
"hs_pm25abs_wk_hs_h_Log";"hs_bmi_c_cat";0;0,0422437388691584;0,0498503545969321;0,0593256515719123;-0,0740324015711617;0,158519879309479;-0,0717360147704829;0,150246143093835;0,712065316601743;0,476424330349361;FALSE;100;"2";"Combined"
"hs_pm25abs_yr_hs_h_Log";"hs_bmi_c_cat";0;0,0793564804219129;0,0763508212179777;0,0692037412626055;-0,0562803600482223;0,214993320892048;-0,0585958557002166;0,186903464615742;1,14670795211463;0,251502342804406;FALSE;100;"2";"Combined"
"hs_accesslines300_h_dic0";"hs_bmi_c_cat";0;0,274952167113088;0,271983220151514;0,152154994684311;-0,0232661425360456;0,573170476762222;-0,0186922725605925;0,593026765558481;1,80705318076186;0,0707539876850043;FALSE;100;"2";"Combined"
"hs_accesspoints300_h_Log";"hs_bmi_c_cat";0;0,0121067432394105;0,00239826804836089;0,0697960406381963;-0,124690982674948;0,148904469153769;-0,154258277608904;0,110264707798544;0,173458882892349;0,862290744621159;FALSE;100;"2";"Combined"
"hs_builtdens300_h_Sqrt";"hs_bmi_c_cat";0;-0,0706946891939003;-0,0673955509203417;0,0706522923495222;-0,209170637624159;0,067781259236358;-0,192270989011612;0,0725860916017102;-1,00060007740681;0,317020192665062;FALSE;100;"2";"Combined"
"hs_connind300_h_Log";"hs_bmi_c_cat";0;0,036209528027623;0,036295127012318;0,0682264723934655;-0,0975119006557856;0,169930956711032;-0,0961592252903304;0,166812205301505;0,530725490522225;0,595609019234944;FALSE;100;"2";"Combined"
"hs_fdensity300_h_Log";"hs_bmi_c_cat";0;-0,0595069209607362;-0,0606305701753699;0,0662267629137781;-0,189308991084414;0,0702951491629417;-0,200040902234773;0,0638337692804286;-0,898532833896916;0,368901548650399;FALSE;100;"2";"Combined"
"hs_landuseshan300_h_None";"hs_bmi_c_cat";0;0,0073064005491775;0,0110321085887913;0,070588057183423;-0,131043649268985;0,14565645036734;-0,115693558409837;0,147742434244288;0,103507602287336;0,917560116152093;FALSE;100;"2";"Combined"
"hs_popdens_h_Sqrt";"hs_bmi_c_cat";0;0,0474442534472435;0,053544809607729;0,0666045043749747;-0,0830981763358473;0,177986683230334;-0,0886515909738761;0,164407091314838;0,712328000823165;0,476261688711883;FALSE;100;"2";"Combined"
"hs_walkability_mean_h_None";"hs_bmi_c_cat";0;-0,0332307344226854;-0,0378353663670596;0,0704039519847707;-0,171219944682123;0,104758475836752;-0,173408014408343;0,09378872126037;-0,472000981278347;0,636926088174679;FALSE;100;"2";"Combined"
"hs_accesslines300_s_dic0";"hs_bmi_c_cat";0;0,37424751319344;0,36039973964717;0,178017170072454;0,0253402712216888;0,723154755165192;0,085079604061766;0,720709558458538;2,10231132784056;0,0355260129274008;TRUE;100;"2";"Combined"
"hs_accesspoints300_s_Log";"hs_bmi_c_cat";0;-0,216895646611323;-0,220047821328336;0,0780186232723048;-0,369809338348439;-0,0639819548742075;-0,377917156749296;-0,0830647250437352;-2,78004965371284;0,00543505873048294;TRUE;100;"2";"Combined"
"hs_builtdens300_s_Sqrt";"hs_bmi_c_cat";0;-0,0260062328261738;-0,0291442697275686;0,0712453554229519;-0,165644563520915;0,113632097868567;-0,156445210304233;0,111152748436608;-0,365023553771139;0,715093824208464;FALSE;100;"2";"Combined"
"hs_connind300_s_Log";"hs_bmi_c_cat";0;-0,0787154144467481;-0,082250635573902;0,0772392139415847;-0,230101491966438;0,072670663072942;-0,211536924469993;0,0777765070119412;-1,01911206018072;0,308149769255829;FALSE;100;"2";"Combined"
"hs_fdensity300_s_Log";"hs_bmi_c_cat";0;-0,0737967470949886;-0,0768955946764027;0,0826539785870319;-0,235795568304516;0,0882020741145387;-0,229063145878965;0,0662855682461455;-0,892839623168086;0,371943063919481;FALSE;100;"2";"Combined"
"hs_landuseshan300_s_None";"hs_bmi_c_cat";0;-0,0697977573548352;-0,0778713132134737;0,0829544606355163;-0,232385512557393;0,0927899978477224;-0,239687380580953;0,082756734268032;-0,841398483217331;0,400124734925362;FALSE;100;"2";"Combined"
"hs_popdens_s_Sqrt";"hs_bmi_c_cat";0;-0,0852384002051646;-0,0844549146372035;0,0715757140173116;-0,225524221846834;0,0550474214365048;-0,217972323533942;0,0460965562626988;-1,19088438551306;0,233698975173175;FALSE;100;"2";"Combined"
"h_Absorbance_Log";"hs_bmi_c_cat";0;-0,00321370816837418;-0,00445164196574236;0,0758830865884228;-0,151941824917417;0,145514408580669;-0,148406784809211;0,142800320830585;-0,0423507834598874;0,966219062226785;FALSE;100;"2";"Combined"
"h_Benzene_Log";"hs_bmi_c_cat";0;0,0560526125023067;0,057581201365561;0,0669098234969998;-0,0750882317637448;0,187193456768358;-0,070913589290265;0,187027003201123;0,837733677549157;0,402180294666085;FALSE;100;"2";"Combined"
"h_NO2_Log";"hs_bmi_c_cat";0;0,062980582759189;0,0574480739712458;0,0845814370754176;-0,10279598766927;0,228757153187648;-0,109481268457502;0,226528636649995;0,744614716146664;0,456504668987133;FALSE;100;"2";"Combined"
"h_PM_Log";"hs_bmi_c_cat";0;0,132704094790995;0,137445247338447;0,065512383757956;0,00430218208403463;0,261106007497956;-0,00440780589573127;0,259223627232189;2,02563373790958;0,0428023315448084;TRUE;100;"2";"Combined"
"h_TEX_Log";"hs_bmi_c_cat";0;0,0774616325342012;0,0741565244818785;0,0819008228798502;-0,0830610306144992;0,237984295682902;-0,0887960892491502;0,195115704252138;0,945797976265009;0,344251637987484;FALSE;100;"2";"Combined"
"hs_KIDMED_None";"hs_bmi_c_cat";0;0,143281937361757;0,148252489323446;0,0685491021121747;0,00892816604933588;0,277635708674178;0,00204626169619269;0,279783403373689;2,09020881305328;0,0365990462144483;TRUE;100;"2";"Combined"
"hs_mvpa_prd_alt_None";"hs_bmi_c_cat";0;-0,117067423433171;-0,120826134676759;0,0712192430792053;-0,256654574874617;0,022519728008275;-0,248545472163653;0,0090640878883829;-1,64376112931973;0,10022555343979;FALSE;100;"2";"Combined"
"hs_sd_wk_None";"hs_bmi_c_cat";0;-0,0121541004211828;-0,0148790280689375;0,0634830517533;-0,136578595486343;0,112270394643978;-0,130397586351097;0,0952803556115355;-0,19145425567149;0,848169716242843;FALSE;100;"2";"Combined"
"hs_dif_hours_total_None";"hs_bmi_c_cat";0;-0,124266610395471;-0,127157466295161;0,0661763681044904;-0,253969908507938;0,00543668771699503;-0,246157452450924;-0,0129169051472236;-1,87780946514409;0,0604072349692024;FALSE;100;"2";"Combined"
"hs_as_c_Log2";"hs_bmi_c_cat";0;-0,0129398280582627;-0,00986591128245534;0,0706755649026849;-0,151461389854548;0,125581733738023;-0,148715085425725;0,126577395967847;-0,183087720290313;0,854729190705901;FALSE;100;"2";"Combined"
"hs_cd_c_Log2";"hs_bmi_c_cat";0;0,0152887485246459;0,013506088830169;0,068179240643323;-0,118340107629557;0,148917604678848;-0,108768284114272;0,137374579621399;0,224243455638182;0,822567871614427;FALSE;100;"2";"Combined"
"hs_co_c_Log2";"hs_bmi_c_cat";0;-0,0981076533725731;-0,102915091902386;0,0675583465701404;-0,230519579505123;0,0343042727599771;-0,245807165051435;0,0193641108698085;-1,45219145158794;0,146448378941289;FALSE;100;"2";"Combined"
"hs_cs_c_Log2";"hs_bmi_c_cat";0;0,1981389410424;0,200131901307946;0,0661843385696588;0,0684200211052637;0,327857860979537;0,0726362583382386;0,324594882603931;2,99374361555128;0,00275577408143972;TRUE;100;"2";"Combined"
"hs_cu_c_Log2";"hs_bmi_c_cat";0;0,267622467298508;0,272333510647342;0,0659780729970185;0,138307820454998;0,396937114142019;0,155606731034238;0,412741162259592;4,05623345972233;4,98704134976604e-05;TRUE;100;"2";"Combined"
"hs_hg_c_Log2";"hs_bmi_c_cat";0;0,0265533518535516;0,0252228298794135;0,0642551585158665;-0,0993844446584588;0,152491148365562;-0,0998982605135071;0,140101756626141;0,413248561934445;0,679424512122305;FALSE;100;"2";"Combined"
"hs_mn_c_Log2";"hs_bmi_c_cat";0;0,0368268864700012;0,0357746407603274;0,0643016607738863;-0,0892020527929278;0,16285582573293;-0,0854926723420192;0,154843391024507;0,572720611361831;0,566833879467917;FALSE;100;"2";"Combined"
"hs_mo_c_Log2";"hs_bmi_c_cat";0;-0,126291794476658;-0,129138112839542;0,0651267137762564;-0,253937807909569;0,00135421895625287;-0,271578639768329;-0,00681108555285418;-1,93917038268713;0,0524805947209523;FALSE;100;"2";"Combined"
"hs_pb_c_Log2";"hs_bmi_c_cat";0;-0,0373774258542897;-0,0380934457307558;0,0691118445622646;-0,172834152101459;0,0980793003928793;-0,157694074662254;0,0789350747836377;-0,540825181139761;0,588628084643456;FALSE;100;"2";"Combined"
"hs_hum_mt_hs_h_None";"hs_bmi_c_cat";0;0,270157048010017;0,268472709441935;0,0733248203007102;0,126443041047754;0,413871054972281;0,146802231099525;0,411338066199994;3,68438745437199;0,000229253292709545;TRUE;100;"2";"Combined"
"hs_tm_mt_hs_h_None";"hs_bmi_c_cat";0;-0,0091455763333676;-0,0092686660683277;0,0639476633597772;-0,134480693414023;0,116189540747287;-0,13137746044356;0,124515645308989;-0,143016583450649;0,886277084127359;FALSE;100;"2";"Combined"
"hs_uvdvf_mt_hs_h_None";"hs_bmi_c_cat";0;0,126242219323424;0,120858156758244;0,0682031205338502;-0,00743344055616654;0,259917879203015;1,05695202964755e-05;0,269628155194979;1,85097424187165;0,0641732588416389;FALSE;100;"2";"Combined"
"hs_hum_dy_hs_h_None";"hs_bmi_c_cat";0;0,0186866008128957;0,0255818464372502;0,0801924199389957;-0,138487654100647;0,175860855726439;-0,102940876205548;0,171006607830883;0,23302203409139;0,815744295950397;FALSE;100;"2";"Combined"
"hs_hum_wk_hs_h_None";"hs_bmi_c_cat";0;0,0969763239837239;0,103337889356613;0,0753448562628079;-0,0506968807117267;0,244649528679174;-0,0397488620960871;0,226220695208925;1,28709946231053;0,198059622848285;FALSE;100;"2";"Combined"
"hs_tm_dy_hs_h_None";"hs_bmi_c_cat";0;0,00823568161009003;0,00881940413754661;0,0744503923128446;-0,137684405957963;0,154155769178143;-0,149076905703572;0,130364778547964;0,11061972078647;0,911917908536989;FALSE;100;"2";"Combined"
"hs_tm_wk_hs_h_None";"hs_bmi_c_cat";0;0,0282820655091843;0,0220391696049223;0,0555811648022239;-0,0806550157219598;0,137219146740328;-0,0786180564418564;0,130913104336825;0,508842619794335;0,610862542739311;FALSE;100;"2";"Combined"
"hs_uvdvf_dy_hs_h_None";"hs_bmi_c_cat";0;-0,0388356181716492;-0,0348598311131875;0,0547274814980244;-0,146099510872359;0,0684282745290607;-0,123284689444219;0,0678299730126238;-0,709618223032082;0,477940916014569;FALSE;100;"2";"Combined"
"hs_uvdvf_wk_hs_h_None";"hs_bmi_c_cat";0;-0,0556418270331161;-0,0534795313623454;0,0671509689505881;-0,187255307703236;0,075971653637004;-0,197679107905959;0,0588303843215779;-0,828607954623249;0,407326285346629;FALSE;100;"2";"Combined"
"hs_ndvi100_h_None";"hs_bmi_c_cat";0;-0,0282453770635329;-0,0326404819288359;0,0748393307623909;-0,1749277699849;0,118437015857834;-0,19372440115115;0,109324670375192;-0,377413544132426;0,705866303089398;FALSE;100;"2";"Combined"
"hs_ndvi100_s_None";"hs_bmi_c_cat";0;-0,152448787906321;-0,144964510317461;0,0780922705464625;-0,305506825648346;0,000609249835703235;-0,315971029109225;-0,0044715855477769;-1,95216231823633;0,0509189363934637;FALSE;100;"2";"Combined"
"hs_dde_cadj_Log2";"hs_bmi_c_cat";0;-0,276748120091955;-0,274107065122662;0,0816024732752848;-0,436686028760905;-0,116810211423004;-0,408298920884936;-0,130628647595674;-3,39141828653096;0,000695318935003585;TRUE;100;"2";"Combined"
"hs_ddt_cadj_Log2";"hs_bmi_c_cat";0;0,0111266703490286;0,0063025688944645;0,0671057547732608;-0,120398192161939;0,142651532859997;-0,128373071799366;0,132256876263987;0,165807990486416;0,86830805767143;FALSE;100;"2";"Combined"
"hs_hcb_cadj_Log2";"hs_bmi_c_cat";0;-0,216594758733813;-0,28210208121033;0,154398721579822;-0,51921069228929;0,0860211748216649;-0,581987706839589;-0,0776800448628165;-1,40282741021166;0,160668311194796;FALSE;100;"2";"Combined"
"hs_pcb118_cadj_Log2";"hs_bmi_c_cat";0;0,116697823788342;0,108629272782627;0,0708813560702635;-0,0222270812847337;0,255622728861418;-0,0254897266710989;0,245213200106256;1,64638249404627;0,0996850349461909;FALSE;100;"2";"Combined"
"hs_pcb138_cadj_Log2";"hs_bmi_c_cat";0;0,0573349592337151;0,0380555814931867;0,0875076976067904;-0,114176976445616;0,228846894913046;-0,145987647879587;0,172502849890623;0,655199037361783;0,512339614047016;FALSE;100;"2";"Combined"
"hs_pcb153_cadj_Log2";"hs_bmi_c_cat";0;-0,168728665652803;-0,158383951699291;0,0596441437679456;-0,285629039326705;-0,0518282919789001;-0,272872352579018;-0,0366827572271922;-2,82892258977288;0,00467049944271244;TRUE;100;"2";"Combined"
"hs_pcb170_cadj_Log2";"hs_bmi_c_cat";0;-0,231742590878539;-0,235119895193195;0,0859262177684408;-0,400154883032429;-0,0633302987246498;-0,410225540977506;-0,0767835401663485;-2,6969951302064;0,00699682935569605;TRUE;100;"2";"Combined"
"hs_pcb180_cadj_Log2";"hs_bmi_c_cat";0;-0,16045512966867;-0,170768128237221;0,0817982651926106;-0,320776783444043;-0,000133475893297291;-0,334628549347246;-0,0118661373349797;-1,96159575378336;0,049809567034444;TRUE;100;"2";"Combined"
"hs_sumPCBs5_cadj_Log2";"hs_bmi_c_cat";0;-0,174307768213483;-0,161073585840151;0,0642053648408788;-0,30014797091586;-0,0484675655111064;-0,274600536966686;-0,0448634810890465;-2,71484740637286;0,00663063144134845;TRUE;100;"2";"Combined"
"hs_pfhxs_c_Log2";"hs_bmi_c_cat";0;0,0618553714067961;0,0711254711497838;0,0733912627579376;-0,0819888603786774;0,20569960319227;-0,0599973393152787;0,22391003005472;0,842816557208047;0,399331046501829;FALSE;100;"2";"Combined"
"hs_pfna_c_Log2";"hs_bmi_c_cat";0;0,0331934750649294;0,0339287052360105;0,0785489003117921;-0,12075954057141;0,187146490701269;-0,14654360700351;0,151176752635965;0,422583574476169;0,67259911277997;FALSE;100;"2";"Combined"
"hs_pfoa_c_Log2";"hs_bmi_c_cat";0;-0,0507587969235852;-0,0518104244104743;0,0730493982717238;-0,193932986628486;0,0924153927813159;-0,168227895948334;0,107639106155425;-0,694855784229411;0,487145684618216;FALSE;100;"2";"Combined"
"hs_pfos_c_Log2";"hs_bmi_c_cat";0;-0,0803011306531979;-0,0782532853555669;0,0629890937004139;-0,203757485724828;0,0431552244184322;-0,213379448533005;0,0387124511486304;-1,27484181682503;0,202365236335047;FALSE;100;"2";"Combined"
"hs_pfunda_c_Log2";"hs_bmi_c_cat";0;0,0147278211190485;0,015055573268874;0,0671355668515328;-0,116855471991637;0,146311114229734;-0,116440157893859;0,146740571780101;0,219374346709821;0,826358451693542;FALSE;100;"2";"Combined"
"hs_hm_pers_None";"hs_bmi_c_cat";0;0,00747224079095353;0,0114809925328084;0,0638766572689401;-0,117723706908978;0,132668188490885;-0,119486061010417;0,113070497274941;0,116979208218319;0,90687652978478;FALSE;100;"2";"Combined"
"hs_trafload_h_pow1over3";"hs_bmi_c_cat";0;-0,0801897378716346;-0,0828903538786653;0,0774124107462956;-0,231915274890795;0,0715357991475262;-0,223950291855675;0,0752527379380508;-1,03587702667523;0,300259516549069;FALSE;100;"2";"Combined"
"hs_trafnear_h_pow1over3";"hs_bmi_c_cat";0;0,0642436761708703;0,0680899440083436;0,0730644363238623;-0,0789599875746198;0,20744733991636;-0,0718438887873467;0,192527945146836;0,87927423248852;0,379252603640688;FALSE;100;"2";"Combined"
"FAS_cat_None_Low";"hs_bmi_c_cat";0;-0,489173353917652;-0,506607215863056;0,168239731750979;-0,81891716891825;-0,159429538917054;-0,816819795157745;-0,236783217399536;-2,90759708676727;0,00364217267808107;TRUE;100;"2";"Combined"
"FAS_cat_None_Middle";"hs_bmi_c_cat";0;-0,207245161942743;-0,218627601043864;0,132280297903848;-0,466509781698515;0,0520194578130281;-0,434128147781026;0,0225834297163934;-1,56671224080086;0,117181968291311;FALSE;100;"2";"Combined"
"hs_globalexp2_None_no exposure";"hs_bmi_c_cat";0;-0,152185835130237;-0,159499218340243;0,154241838502045;-0,454494283503489;0,150122613243016;-0,417534983108325;0,155283406543974;-0,986670261507668;0,323804313372537;FALSE;100;"2";"Combined"
