"exposure";"outcome";"lambda";"beta_unpenalized";"bootstrap_mean";"bootstrap_standard_error";"ci95_lower";"ci95_upper";"bootstrap_q025";"bootstrap_q975";"z_value";"p_value";"significant";"n_valid_bootstrap";"omitted_cohort";"scenario"
"h_abs_ratio_preg_Log";"e3_bw";0;-0,0025325567702507;-0,00208182221361994;0,00469003264146173;-0,011724851833833;0,00665973829333155;-0,0110592265215075;0,0067628194736788;-0,539987024367785;0,589205980925882;FALSE;100;"3";"Combined"
"h_no2_ratio_preg_Log";"e3_bw";0;-0,00171856937495597;-0,000432162004250983;0,00444290805811429;-0,0104265091554828;0,00698937040557083;-0,00931515173365863;0,00750192205052177;-0,386811825155208;0,698895522193882;FALSE;100;"3";"Combined"
"h_pm10_ratio_preg_None";"e3_bw";0;-0,0103653141470837;-0,0101306478410295;0,00505285929733188;-0,0202687363888025;-0,000461891905364836;-0,0183899702807896;-0,000100113398394225;-2,05137597093927;0,0402303472508461;TRUE;100;"3";"Combined"
"h_pm25_ratio_preg_None";"e3_bw";0;-0,00346672911867911;-0,00334155287289302;0,00426555677212997;-0,0118270667660648;0,00489360852870656;-0,0106678255362096;0,00590543575262648;-0,812726052863675;0,416375140588658;FALSE;100;"3";"Combined"
"h_accesslines300_preg_dic0";"e3_bw";0;0,0104032512114532;0,0120313554453981;0,0198767022563567;-0,028554369342432;0,0493608717653384;-0,0244148792166189;0,0522758774179489;0,523389195917858;0,600703441150492;FALSE;100;"3";"Combined"
"h_accesspoints300_preg_Log";"e3_bw";0;0,00660656709039127;0,00579325619122288;0,00445841084736166;-0,00213175759872028;0,0153448917795028;-0,0036768815945449;0,0128938957730846;1,48182106059176;0,138387913709063;FALSE;100;"3";"Combined"
"h_builtdens300_preg_Sqrt";"e3_bw";0;-0,00366984179152441;-0,00377246332242231;0,00417551226364704;-0,0118536954452779;0,00451401186222911;-0,0123040203620204;0,00353189985695727;-0,878896183224005;0,379457568339051;FALSE;100;"3";"Combined"
"h_connind300_preg_Sqrt";"e3_bw";0;0,0057843153810648;0,00470768647478533;0,00428594417810554;-0,00261598084777118;0,0141846116099008;-0,00252957609781743;0,0127203149345393;1,34960119420444;0,177143940914758;FALSE;100;"3";"Combined"
"h_fdensity300_preg_Log";"e3_bw";0;0,00488114117623294;0,00528151493143916;0,00487117092297837;-0,0046661783953434;0,0144284607478093;-0,0032643846713429;0,0138701325335306;1,00204678780774;0,31632099610237;FALSE;100;"3";"Combined"
"h_frichness300_preg_None";"e3_bw";0;0,00895377826703636;0,00871769768575593;0,00379065008126182;0,00152424062976937;0,0163833159043034;0,00196558443400778;0,0158467012772696;2,36206932190794;0,0181732435957304;TRUE;100;"3";"Combined"
"h_landuseshan300_preg_None";"e3_bw";0;0,00467156607523141;0,00484736063082141;0,00363963459692599;-0,00246198665162949;0,0118051188020923;-0,00156361584856214;0,0118557070441649;1,28352612077514;0,199307814306892;FALSE;100;"3";"Combined"
"h_popdens_preg_Sqrt";"e3_bw";0;0,00313945395005484;0,00317810655477841;0,00358640358311365;-0,00388976790687333;0,010168675806983;-0,00370569087587349;0,00923152248511917;0,875376648862596;0,381369001065297;FALSE;100;"3";"Combined"
"h_walkability_mean_preg_None";"e3_bw";0;-0,00989193141247981;-0,0101674311834481;0,00390347722995177;-0,0175426061976575;-0,00224125662730216;-0,0167089416336476;-0,00389064490267748;-2,5341332431961;0,0112725859554166;TRUE;100;"3";"Combined"
"hs_as_m_Log2";"e3_bw";0;0,00521022743955694;0,00508532783453587;0,00321983468813665;-0,00110053258536364;0,0115209874644775;-0,000786564851333581;0,011054533029071;1,61816613093642;0,105626799791825;FALSE;100;"3";"Combined"
"hs_cd_m_Log2";"e3_bw";0;0,000251775099094748;0,00171413732862875;0,00298288348550407;-0,00559456910257254;0,00609811930076204;-0,00314397875814233;0,00819603994661455;0,0844066153835039;0,932733147742961;FALSE;100;"3";"Combined"
"hs_co_m_Log2";"e3_bw";0;0,00360480468446327;0,00306473188519978;0,00308367141049645;-0,0024390802202656;0,00964868958919215;-0,00310856674177329;0,00900836620696867;1,1689976669346;0,242404571360727;FALSE;100;"3";"Combined"
"hs_cs_m_Log2";"e3_bw";0;-0,00694852398164171;-0,00662658691580836;0,0033876042965243;-0,0135881063967025;-0,000308941566580933;-0,0127628924604083;0,000228041680476185;-2,05116163914744;0,0402512082645014;TRUE;100;"3";"Combined"
"hs_cu_m_Log2";"e3_bw";0;-0,00258403274164992;-0,00272530904710939;0,00324336043234013;-0,00894090237791883;0,00377283689461899;-0,00845610206203321;0,00219760522576649;-0,796714640742381;0,425616779026621;FALSE;100;"3";"Combined"
"hs_hg_m_Log2";"e3_bw";0;-0,00590406320955297;-0,00543377343402317;0,00371662333238272;-0,0131885110851243;0,0013803846660184;-0,0135063722050089;0,000827148215207267;-1,58855570811043;0,112160734561618;FALSE;100;"3";"Combined"
"hs_mn_m_Log2";"e3_bw";0;0,000913804711434835;0,000469378605557915;0,0032155388093093;-0,00538853554570221;0,00721614496857188;-0,00542069846296582;0,00625822661165846;0,284184009469666;0,776269369102191;FALSE;100;"3";"Combined"
"hs_mo_m_Log2";"e3_bw";0;0,000341300845091588;-3,5358041064298e-05;0,00295579706009118;-0,0054519549382965;0,00613455662847968;-0,0044684573646274;0,00572060515270281;0,11546829438996;0,908073949764701;FALSE;100;"3";"Combined"
"hs_pb_m_Log2";"e3_bw";0;-0,00161244963964602;-0,00171722560279313;0,00279232531331251;-0,00708530668685806;0,00386040740756603;-0,00673265698159321;0,00345516910204187;-0,577457659377511;0,56363033313573;FALSE;100;"3";"Combined"
"h_humidity_preg_None";"e3_bw";0;0,0242842424360049;0,0238726984760858;0,00590428908233365;0,0127120484803179;0,0358564363916919;0,0129857047903555;0,0350580895420098;4,1129833071125;3,90578638290154e-05;TRUE;100;"3";"Combined"
"h_pressure_preg_None";"e3_bw";0;-0,0284036315819276;-0,0277365675823179;0,00461935784989746;-0,0374574065994289;-0,0193498565644262;-0,038946621458913;-0,0213721724396234;-6,14882685102174;7,80581341664691e-10;TRUE;100;"3";"Combined"
"h_temperature_preg_None";"e3_bw";0;0,00862215041223593;0,0078668243780872;0,00479071748028652;-0,000767483309232122;0,018011784133704;-0,00196204625366083;0,0169594181451018;1,799761820169;0,0718982549592347;FALSE;100;"3";"Combined"
"h_ndvi100_preg_None";"e3_bw";0;0,00602403488225882;0,00458262819575487;0,00486812228171939;-0,00351730946224814;0,0155653792267658;-0,0048062030097482;0,0154341615448388;1,23744526814375;0,215921821733773;FALSE;100;"3";"Combined"
"hs_dde_madj_Log2";"e3_bw";0;-0,00710653117216779;-0,00651151652977547;0,00372587587081885;-0,0144091136898395;0,000196051345503958;-0,0135833549707405;6,16437043642169e-05;-1,90734512328398;0,0564759105844177;FALSE;100;"3";"Combined"
"hs_ddt_madj_Log2";"e3_bw";0;-0,00266990586954372;-0,00207390337380915;0,00277654239616531;-0,00811182896757627;0,00277201722848882;-0,00637246910236684;0,00297052913896538;-0,961593769729986;0,336253702327091;FALSE;100;"3";"Combined"
"hs_hcb_madj_Log2";"e3_bw";0;0,0029609483641269;0,00245984202379017;0,002815718526552;-0,00255775853851721;0,00847965526677101;-0,00301670675678924;0,0087698879365094;1,0515782512369;0,292993090413461;FALSE;100;"3";"Combined"
"hs_pcb118_madj_Log2";"e3_bw";0;-0,00107730028135574;-0,00184779775878719;0,00494460989533563;-0,0107685575938139;0,00861395703110246;-0,0119728940384495;0,00606437160880118;-0,21787366529602;0,827527546302598;FALSE;100;"3";"Combined"
"hs_pcb138_madj_Log2";"e3_bw";0;-0,00206269378456857;-0,00198161556406042;0,00484938657805129;-0,011567316824661;0,00744192925552388;-0,00998483446191806;0,00796645194073084;-0,425351485465087;0,670580466693774;FALSE;100;"3";"Combined"
"hs_pcb153_madj_Log2";"e3_bw";0;-0,00311818103338169;-0,00430873648256937;0,00499464814417164;-0,0129075115114079;0,00667114944464454;-0,0142351809858137;0,0046373237373111;-0,624304444151959;0,532427665863758;FALSE;100;"3";"Combined"
"hs_pcb170_madj_Log2";"e3_bw";0;-0,00142934153116828;-0,000507904027052632;0,00472767848147386;-0,0106954210853421;0,0078367380230055;-0,00878788789219025;0,0109242791641033;-0,302334758332102;0,76239688402834;FALSE;100;"3";"Combined"
"hs_pcb180_madj_Log2";"e3_bw";0;0,00540000096662113;0,00508499456042929;0,00520165252839629;-0,00479505064912731;0,0155950525823696;-0,00521912508089076;0,0150024027271275;1,03813181236963;0,299208692659767;FALSE;100;"3";"Combined"
"hs_sumPCBs5_madj_Log2";"e3_bw";0;-0,00131805512797012;-0,00160012702514504;0,00476184006477082;-0,0106510901550608;0,00801497989912058;-0,0106162735465647;0,00647620750268513;-0,27679533752538;0,781937261469613;FALSE;100;"3";"Combined"
"hs_pfhxs_m_Log2";"e3_bw";0;0,00853513746699805;0,00854158028706006;0,00337030485377104;0,00192946133668628;0,0151408135973098;0,00208608965079934;0,0153044122288334;2,53245265259849;0,0113267665744338;TRUE;100;"3";"Combined"
"hs_pfna_m_Log2";"e3_bw";0;-0,00658240740006332;-0,00771352190374953;0,00444232116660698;-0,015289196894373;0,00212438209424631;-0,015695889312519;0,000286230980637869;-1,48174955236092;0,138406946767027;FALSE;100;"3";"Combined"
"hs_pfoa_m_Log2";"e3_bw";0;-0,00089950635573437;-0,000364132460510127;0,00398670566417839;-0,00871330587448586;0,00691429316301712;-0,00705060160187854;0,00667570439181468;-0,225626477474039;0,821491945767984;FALSE;100;"3";"Combined"
"hs_pfos_m_Log2";"e3_bw";0;-0,00405510360394371;-0,00338712298697123;0,00417523571924045;-0,0122384152406202;0,00412820803273275;-0,0125283933237543;0,00441989221507676;-0,971227465136126;0,331435019866154;FALSE;100;"3";"Combined"
"hs_pfunda_m_Log2";"e3_bw";0;-0,0035289404910209;-0,00346110906324658;0,00385765398882698;-0,0110898033739391;0,00403192239189725;-0,0116784391812224;0,00268617928326915;-0,914789273802644;0,360302266864154;FALSE;100;"3";"Combined"
"e3_asmokcigd_p_None";"e3_bw";0;-0,00539384589817478;-0,00582652710938256;0,00337934047845506;-0,012017231527445;0,00122953973109549;-0,0117566660491101;-8,76948488499682e-06;-1,5961238391228;0,110461147226414;FALSE;100;"3";"Combined"
"h_distinvnear1_preg_Log";"e3_bw";0;0,00124303838705467;0,000980072831223539;0,00303951960262178;-0,00471431056438751;0,00720038733849685;-0,00391554002607292;0,00610764256741863;0,408958832172845;0,68256987297987;FALSE;100;"3";"Combined"
"h_trafload_preg_pow1over3";"e3_bw";0;-0,0029709249468754;-0,00292599172797952;0,00301960462179397;-0,00888924125314226;0,00294739135939147;-0,00829326644578541;0,00249659802099607;-0,983878791757296;0,325175112590914;FALSE;100;"3";"Combined"
"h_trafnear_preg_pow1over3";"e3_bw";0;-0,00356632281731536;-0,00364507795464991;0,00427675282787882;-0,0119486043307377;0,00481595869610695;-0,00988523932843734;0,00437222066746091;-0,833885651297783;0,404345423611312;FALSE;100;"3";"Combined"
"h_bro_preg_Log";"e3_bw";0;0,0129559263122823;0,012278849273108;0,00436575787623499;0,00439919810963962;0,0215126545149249;0,00410290568852874;0,0210233764918743;2,96762364738729;0,00300111547207932;TRUE;100;"3";"Combined"
"h_clf_preg_Log";"e3_bw";0;0,000677069123590394;0,0013253063685823;0,00345942079509212;-0,00610327104215907;0,00745740928933986;-0,00510981819368486;0,00831124357648657;0,195717480958359;0,844831301195467;FALSE;100;"3";"Combined"
"h_thm_preg_Log";"e3_bw";0;0,00499494088066279;0,00502285003230794;0,00370969948204793;-0,00227593649761805;0,0122658182589436;-0,00135771655394279;0,0120964333453736;1,34645431653815;0,178156043884167;FALSE;100;"3";"Combined"
"e3_alcpreg_yn_None_1";"e3_bw";0;0,00856388534979075;0,00990751370095928;0,00573906736450576;-0,00268447998948974;0,0198122506890712;-0,000730454944620982;0,0192691720324323;1,49220854293427;0,135644483488654;FALSE;100;"3";"Combined"
"h_pamod_t3_None_Often";"e3_bw";0;0,0981401549716489;0,0936828607731111;0,0109333583985801;0,0767111662803635;0,119569143662934;0,0745104230835792;0,115246475452838;8,97621310798653;2,80246291906712e-19;TRUE;100;"3";"Combined"
"h_pamod_t3_None_Sometimes";"e3_bw";0;0,0888360228141691;0,0825537185009131;0,0110892683045864;0,0671014563222782;0,11057058930606;0,064072592876894;0,104846406631619;8,01099047963584;1,13788258506252e-15;TRUE;100;"3";"Combined"
"h_pamod_t3_None_Very Often";"e3_bw";0;0,0930680939433695;0,0878273357546267;0,0107718538070342;0,0719556484348517;0,114180539451887;0,070021210137015;0,107276272330616;8,63993288533068;5,62460528400638e-18;TRUE;100;"3";"Combined"
"h_pavig_t3_None_Low";"e3_bw";0;0,0900248110882908;0,0892879307549822;0,0107215688622075;0,069010922260598;0,111038699915984;0,0711566496440224;0,1127336512831;8,3966080193375;4,59560968163732e-17;TRUE;100;"3";"Combined"
"h_pavig_t3_None_Medium";"e3_bw";0;0,0849222486856637;0,0828402564024287;0,0104766887428069;0,064388316072526;0,105456181298801;0,0655805296738826;0,104586731867861;8,10582911933601;5,23870298393448e-16;TRUE;100;"3";"Combined"
"hs_no2_dy_hs_h_Log";"e3_bw";0;0,00187215435137477;0,00214085795990728;0,00553501793375562;-0,00897628145256955;0,0127205901553191;-0,00669849305563832;0,0118296860511177;0,33823817262765;0,735183711664274;FALSE;100;"3";"Combined"
"hs_no2_wk_hs_h_Log";"e3_bw";0;0,0124187653858305;0,0123018081194406;0,00496313513704356;0,00269119926681983;0,0221463315048411;0,00399708736561106;0,0219205506602271;2,50220174202794;0,0123423571611338;TRUE;100;"3";"Combined"
"hs_no2_yr_hs_h_Log";"e3_bw";0;0,0228492799049388;0,0232769621220547;0,00574852269538491;0,0115823824576732;0,0341161773522043;0,0128413578683524;0,0347965587241438;3,97480902759293;7,04357515734675e-05;TRUE;100;"3";"Combined"
"hs_pm10_dy_hs_h_None";"e3_bw";0;0,00194499719880755;0,00072544532576903;0,00441571640255409;-0,00670964791614124;0,0105996423137563;-0,00772613330217756;0,00838127714009441;0,440471493523122;0,659595654250396;FALSE;100;"3";"Combined"
"hs_pm10_wk_hs_h_None";"e3_bw";0;-0,00534380322773462;-0,00578047045641721;0,00372628210268026;-0,0126471819452241;0,00195957548975488;-0,0127482571918828;0,000588972755123068;-1,4340844521382;0,151548164218667;FALSE;100;"3";"Combined"
"hs_pm10_yr_hs_h_None";"e3_bw";0;-0,000450603914955823;-0,000323635586949478;0,00457815086290777;-0,00942361472204603;0,00852240689213438;-0,00889490190879216;0,00785195352432453;-0,0984248724974577;0,92159492516842;FALSE;100;"3";"Combined"
"hs_pm25_dy_hs_h_None";"e3_bw";0;0,00248881244937663;0,00331802943576543;0,0044134544220572;-0,00616139926526453;0,0111390241640178;-0,00406529047835181;0,0117621429523454;0,563914841158944;0,572812089231329;FALSE;100;"3";"Combined"
"hs_pm25_wk_hs_h_None";"e3_bw";0;-0,00753806103417716;-0,00710649551711447;0,00490768327979484;-0,0171569435101045;0,00208082144175013;-0,0153293391764667;0,00342673646975246;-1,53597137476489;0,124545401104925;FALSE;100;"3";"Combined"
"hs_pm25_yr_hs_h_None";"e3_bw";0;0,0184404679647989;0,0161396560038106;0,00648846825405234;0,00572330387202484;0,031157632057573;0,00469773325455823;0,0284311435766811;2,84203717160549;0,00448262647565642;TRUE;100;"3";"Combined"
"hs_pm25abs_dy_hs_h_Log";"e3_bw";0;0,000860434450537856;0,000434163670289762;0,00333493650077328;-0,00567592098170581;0,00739678988278152;-0,00593685844013534;0,00643203513397314;0,25800624699701;0,796402086006026;FALSE;100;"3";"Combined"
"hs_pm25abs_wk_hs_h_Log";"e3_bw";0;-0,00838311571652528;-0,00784452702007112;0,00303483090378546;-0,0143312749871139;-0,00243495644593663;-0,0129412824456327;-0,00126590801064364;-2,76230076149175;0,00573955799912912;TRUE;100;"3";"Combined"
"hs_pm25abs_yr_hs_h_Log";"e3_bw";0;0,000480503593283514;0,000858430235801837;0,00428167664551382;-0,00791142842536985;0,00887243561193688;-0,00606831152849579;0,00840380879448416;0,112223232407559;0,910646408727208;FALSE;100;"3";"Combined"
"hs_accesslines300_h_dic0";"e3_bw";0;-0,00443936374310515;-0,00721077767707094;0,023991410819157;-0,0514616648869574;0,0425829374007471;-0,0516662969946974;0,0367759333586482;-0,185039711777198;0,853197887877422;FALSE;100;"3";"Combined"
"hs_accesspoints300_h_Log";"e3_bw";0;-0,00994771339004666;-0,00757218127144738;0,00531908508380367;-0,0203729285850061;0,000477501804912748;-0,0179980112450102;0,00406248261678988;-1,87019256757838;0,0614570814639663;FALSE;100;"3";"Combined"
"hs_builtdens300_h_Sqrt";"e3_bw";0;-0,000117707718555124;0,000283154477174875;0,00334047863638388;-0,00666492553699301;0,00642951009988276;-0,00548433970020467;0,0064123151298755;-0,0352367823200764;0,971890932382258;FALSE;100;"3";"Combined"
"hs_connind300_h_Log";"e3_bw";0;0,00480837908490779;0,00459129558068732;0,00418374314204808;-0,0033916067940729;0,0130083649638885;-0,00253119299097201;0,0126626147648146;1,14930073899181;0,250431993487836;FALSE;100;"3";"Combined"
"hs_fdensity300_h_Log";"e3_bw";0;0,0104057364363455;0,0100806339199058;0,00442348055222699;0,00173587386766728;0,0190755990050238;0,00158222270283322;0,017971500744962;2,35238661354729;0,0186533758192243;TRUE;100;"3";"Combined"
"hs_landuseshan300_h_None";"e3_bw";0;0,000333298584228033;9,31615743923793e-05;0,00335054967735441;-0,0062336581117989;0,00690025528025497;-0,00627866209719421;0,00643467790702449;0,0994757924291412;0,920760507396391;FALSE;100;"3";"Combined"
"hs_popdens_h_Sqrt";"e3_bw";0;-0,00593335110675397;-0,00619769959099395;0,00402304412967871;-0,0138183727091395;0,00195167049563157;-0,0138551373234632;0,00339975012458078;-1,47484116890058;0,14025525007276;FALSE;100;"3";"Combined"
"hs_walkability_mean_h_None";"e3_bw";0;-0,00361801457657861;-0,00423448731946989;0,0030666794811819;-0,00962859591182312;0,00239256675866589;-0,0102026448981866;0,00173467779975457;-1,17978243203435;0,238086758507078;FALSE;100;"3";"Combined"
"hs_accesslines300_s_dic0";"e3_bw";0;-0,00550189926767951;-0,000840835485425243;0,0214697289434367;-0,0475817947546526;0,0365779962192936;-0,0513346055975753;0,0432718532702863;-0,256263098717949;0,797747689010736;FALSE;100;"3";"Combined"
"hs_accesspoints300_s_Log";"e3_bw";0;-0,000588070364168127;-6,55151286868979e-05;0,00393270070447537;-0,00829602210691515;0,0071198813785789;-0,00768439147857765;0,00765468620531152;-0,14953346525936;0,881132704750169;FALSE;100;"3";"Combined"
"hs_builtdens300_s_Sqrt";"e3_bw";0;-0,00240584833761745;-0,00254880252678547;0,00358624574517273;-0,009434760837866;0,00462306416263111;-0,00945662584535652;0,00448958753285875;-0,670854288459134;0,502313359162804;FALSE;100;"3";"Combined"
"hs_connind300_s_Log";"e3_bw";0;-0,00407892560556222;-0,00383561946782992;0,00364445153007185;-0,0112219193479049;0,0030640681367805;-0,0108896549767554;0,00258798126429813;-1,11921521576165;0,263048335683853;FALSE;100;"3";"Combined"
"hs_fdensity300_s_Log";"e3_bw";0;0,0077322611888336;0,00871866188236529;0,00374308118829343;0,000395956868569082;0,0150685655090981;0,00110370582328301;0,0157962961341707;2,06574765543863;0,0388523129587538;TRUE;100;"3";"Combined"
"hs_landuseshan300_s_None";"e3_bw";0;3,75792452872575e-05;0,000835195478013443;0,00385625114658107;-0,00752053411735294;0,00759569260792745;-0,00580307935455681;0,00894374526762265;0,00974502019158554;0,992224721908373;FALSE;100;"3";"Combined"
"hs_popdens_s_Sqrt";"e3_bw";0;-0,000181524102261708;2,92419409483196e-05;0,00361568229073728;-0,00726813117164606;0,00690508296712265;-0,00658374726827295;0,00623575604679797;-0,0502046606049265;0,959959297613875;FALSE;100;"3";"Combined"
"h_Absorbance_Log";"e3_bw";0;0,00251423937670821;0,0014072792463188;0,00380391227339883;-0,00494129167950338;0,0099697704329198;-0,0064087383920293;0,00863561368073992;0,660961451264415;0,508637035334464;FALSE;100;"3";"Combined"
"h_Benzene_Log";"e3_bw";0;-0,00265711735474712;-0,0037655523476507;0,00357621005305406;-0,00966636025988315;0,00435212555038892;-0,0103894221187974;0,00298974489859356;-0,742998122405577;0,457482817184563;FALSE;100;"3";"Combined"
"h_NO2_Log";"e3_bw";0;0,00978188061749154;0,00997070901759455;0,00306018568405309;0,00378402689074241;0,0157797343442407;0,00514215587382936;0,0169664902307084;3,19649904529186;0,00139106286848896;TRUE;100;"3";"Combined"
"h_PM_Log";"e3_bw";0;0,00201607016525069;0,00197829423326984;0,0036387609706921;-0,00511577028565584;0,00914791061615722;-0,00459753389102878;0,00844636805986543;0,554054025941481;0,579541872287443;FALSE;100;"3";"Combined"
"h_TEX_Log";"e3_bw";0;0,00277374295583285;0,00243100715632579;0,00359130475975988;-0,00426508503080379;0,00981257094246949;-0,00397347954482107;0,00975594694122144;0,772349644873442;0,439907369351012;FALSE;100;"3";"Combined"
"hs_KIDMED_None";"e3_bw";0;0,000452009491380971;0,00159463508258884;0,0031545459112794;-0,00573078688230475;0,00663480586506669;-0,00451271434237516;0,00710084208313123;0,143288290642645;0,886062503120664;FALSE;100;"3";"Combined"
"hs_mvpa_prd_alt_None";"e3_bw";0;0,000464282454081643;-0,000291588082882468;0,00408157572798052;-0,00753545897293303;0,00846402388109631;-0,00799096062736223;0,00706294814537535;0,113750787691831;0,909435351011222;FALSE;100;"3";"Combined"
"hs_sd_wk_None";"e3_bw";0;-0,00305041516261822;-0,00278199738208679;0,00355123055283221;-0,0100106991469676;0,00390986882173118;-0,0106113133980726;0,00341569906187957;-0,858974126640531;0,390354790767996;FALSE;100;"3";"Combined"
"hs_dif_hours_total_None";"e3_bw";0;-0,00555716504237202;-0,00455046189521272;0,0032310360189003;-0,0118898792721683;0,000775549187424255;-0,0100381042542879;0,00240059293877533;-1,71993286669191;0,0854446453743441;FALSE;100;"3";"Combined"
"hs_as_c_Log2";"e3_bw";0;0,000371209947424396;0,00210618984473024;0,00372502911943234;-0,00692971296802593;0,00767213286287472;-0,00302083714381603;0,00919417904142366;0,0996528981445828;0,92061989615442;FALSE;100;"3";"Combined"
"hs_cd_c_Log2";"e3_bw";0;-0,000875319330049193;-0,00151637168653296;0,00283165460584187;-0,00642526037415623;0,00467462171405784;-0,00650871248039505;0,00350286554491622;-0,309119384914868;0,757230713811532;FALSE;100;"3";"Combined"
"hs_co_c_Log2";"e3_bw";0;-0,00275923391539589;-0,00156082534623148;0,00304174217625915;-0,0087209390311203;0,00320247120032853;-0,00673878922223895;0,00340988637500946;-0,90712287745219;0,364341821360827;FALSE;100;"3";"Combined"
"hs_cs_c_Log2";"e3_bw";0;-0,002852091062499;-0,00219461373043475;0,00353150951004345;-0,00977372251324486;0,00406954038824686;-0,00757781317705342;0,00449631796379676;-0,807612454217603;0,419313714958862;FALSE;100;"3";"Combined"
"hs_cu_c_Log2";"e3_bw";0;-0,00164823605436923;-0,00127354158575958;0,00314218809291594;-0,00780681154913507;0,00451033944039662;-0,00660108868436927;0,00563790602574394;-0,524550410615194;0,599895767306728;FALSE;100;"3";"Combined"
"hs_hg_c_Log2";"e3_bw";0;-0,0037488869485539;-0,00402315509258085;0,00355139026984271;-0,0107094839724916;0,00321171007538379;-0,0101693742752708;0,00207190608144869;-1,05561108853293;0,291145932805124;FALSE;100;"3";"Combined"
"hs_mn_c_Log2";"e3_bw";0;-0,00300339881609284;-0,00384635550098065;0,00327524345390369;-0,00942275802634465;0,00341596039415897;-0,0106409806702147;0,00186417653301141;-0,917000173685762;0,35914254910826;FALSE;100;"3";"Combined"
"hs_mo_c_Log2";"e3_bw";0;-0,009865990122318;-0,00942274863674022;0,00297897165572939;-0,0157046672785132;-0,00402731296612275;-0,0151361262134063;-0,0042821369550459;-3,31187780969415;0,000926720130074098;TRUE;100;"3";"Combined"
"hs_pb_c_Log2";"e3_bw";0;-0,000993238867115939;-0,00079017848416329;0,00295777481123899;-0,00679037097152412;0,00480389323729224;-0,00766358684253958;0,00439796050917189;-0,335806114563494;0,737017078917466;FALSE;100;"3";"Combined"
"hs_hum_mt_hs_h_None";"e3_bw";0;-0,0145509933290117;-0,0142186389959239;0,00428162542636707;-0,0229428249599821;-0,00615916169804132;-0,0219579443162498;-0,00605650184987655;-3,3984741494209;0,000677628665625101;TRUE;100;"3";"Combined"
"hs_tm_mt_hs_h_None";"e3_bw";0;0,00985309294719415;0,00958194374698018;0,00463546665452273;0,000767745252793229;0,0189384406415951;0,000853798504896382;0,0178396253712502;2,12558814064182;0,0335375679401832;TRUE;100;"3";"Combined"
"hs_uvdvf_mt_hs_h_None";"e3_bw";0;-0,00799003724325113;-0,00776076358807469;0,00501022375359845;-0,0178098953547912;0,0018298208682889;-0,0186520907600442;0,00217010110903751;-1,5947465894138;0,11076891509737;FALSE;100;"3";"Combined"
"hs_hum_dy_hs_h_None";"e3_bw";0;-0,00635389128182569;-0,00751223221001496;0,0037186777141415;-0,0136423656716548;0,000934583108003385;-0,014029171767038;-0,000280211455440699;-1,70864263328412;0,0875171663967564;FALSE;100;"3";"Combined"
"hs_hum_wk_hs_h_None";"e3_bw";0;-0,0144439839793131;-0,0149078899794428;0,00515172081500836;-0,0245411712351348;-0,00434679672349144;-0,0259385320764459;-0,00492053261676298;-2,80372025153885;0,00505167153706032;TRUE;100;"3";"Combined"
"hs_tm_dy_hs_h_None";"e3_bw";0;0,00374444764850432;0,00318171126177268;0,00514000715333074;-0,00632978125230217;0,0138186765493108;-0,00746671994387754;0,013685768107103;0,728490746569858;0,466313231077498;FALSE;100;"3";"Combined"
"hs_tm_wk_hs_h_None";"e3_bw";0;0,00261921571470006;0,00233861568698475;0,00443189127839332;-0,00606713157434802;0,0113055630037481;-0,00623549387222657;0,0102901835164131;0,590992772649783;0,554525263512896;FALSE;100;"3";"Combined"
"hs_uvdvf_dy_hs_h_None";"e3_bw";0;-0,000530324664864811;-0,000685556410201417;0,00496472099490551;-0,0102609990081695;0,00920034967843985;-0,0098210119407454;0,00916292752301819;-0,106818623928514;0,914932872251595;FALSE;100;"3";"Combined"
"hs_uvdvf_wk_hs_h_None";"e3_bw";0;-0,0165672091981589;-0,0155418436122055;0,0042259433673198;-0,0248499059988116;-0,00828451239750619;-0,023586019939027;-0,00848324928075861;-3,92035760021703;8,84176694172726e-05;TRUE;100;"3";"Combined"
"hs_ndvi100_h_None";"e3_bw";0;0,0029930325519341;0,0038701624152309;0,00416090952110706;-0,00516220025236554;0,0111482653562337;-0,00307603096428746;0,0104514302545264;0,719321710013481;0,471942722375171;FALSE;100;"3";"Combined"
"hs_ndvi100_s_None";"e3_bw";0;0,00423186381086147;0,00417677128993977;0,00355322218289501;-0,00273232369668154;0,0111960513184045;-0,00203926801756986;0,0119694773632178;1,19099329933079;0,233656215395327;FALSE;100;"3";"Combined"
"hs_dde_cadj_Log2";"e3_bw";0;-0,00354258547923789;-0,00345235772647785;0,00371609358185195;-0,0108259950628482;0,00374082410437238;-0,0109555798440891;0,00336035448911956;-0,953309006139831;0,340433529689479;FALSE;100;"3";"Combined"
"hs_ddt_cadj_Log2";"e3_bw";0;-0,0059253428710151;-0,00641275187022512;0,00316563995687294;-0,012129883174507;0,000279197432476799;-0,012852176823351;-0,000550968026262985;-1,87176777894484;0,0612387378037189;FALSE;100;"3";"Combined"
"hs_hcb_cadj_Log2";"e3_bw";0;-0,00766604338071004;-0,0105114662217561;0,00812281231203371;-0,0235864629654746;0,00825437620405456;-0,0259448298292911;-0,000787651596771565;-0,943767144459687;0,345288653669028;FALSE;100;"3";"Combined"
"hs_pcb118_cadj_Log2";"e3_bw";0;0,00332965722308573;0,0019827015001643;0,00435881361392476;-0,00521346047552968;0,0118727749217011;-0,00760716243176971;0,00944489214319577;0,76389070926289;0,444932374472487;FALSE;100;"3";"Combined"
"hs_pcb138_cadj_Log2";"e3_bw";0;-8,79281374230561e-05;-0,000198190960846597;0,00488478946411984;-0,00966193955915866;0,00948608328431255;-0,011891206750875;0,00838808714061858;-0,0180003945039828;0,985638538694004;FALSE;100;"3";"Combined"
"hs_pcb153_cadj_Log2";"e3_bw";0;0,00051896358783146;0,000692976242879217;0,00506309926167152;-0,00940452861519605;0,010442455790859;-0,00777644175052336;0,00962756929303175;0,102499192887664;0,918360453458745;FALSE;100;"3";"Combined"
"hs_pcb170_cadj_Log2";"e3_bw";0;-0,00909935435066613;-0,00924768584252259;0,00377039685891989;-0,0164891964015721;-0,00170951229976019;-0,0176194114005684;-0,0013155543010318;-2,41336779419894;0,0158058608735004;TRUE;100;"3";"Combined"
"hs_pcb180_cadj_Log2";"e3_bw";0;-0,000814391716637328;-0,00023543457755507;0,00414353921494992;-0,00893557934646854;0,00730679591319388;-0,0084218160169564;0,00714152417921583;-0,196544952126674;0,844183652017578;FALSE;100;"3";"Combined"
"hs_sumPCBs5_cadj_Log2";"e3_bw";0;-0,0127441290608443;-0,010589548172305;0,00452586109808886;-0,0216146538121293;-0,00387360430955921;-0,0188662010637848;-0,00146829745737633;-2,8158462632063;0,00486489403844183;TRUE;100;"3";"Combined"
"hs_pfhxs_c_Log2";"e3_bw";0;0,00463002814816552;0,00567338193728369;0,00377200713795325;-0,00276296999165085;0,0120230262879819;-0,00163209030464119;0,0127223128362589;1,22747067511591;0,219645737110781;FALSE;100;"3";"Combined"
"hs_pfna_c_Log2";"e3_bw";0;-0,00680508529158315;-0,00706580879721748;0,00383978230764763;-0,0143309203230466;0,000720749739880289;-0,0149309623682907;-0,000250159008259533;-1,77225809859835;0,0763517233320982;FALSE;100;"3";"Combined"
"hs_pfoa_c_Log2";"e3_bw";0;0,00553106594228573;0,00579602506097221;0,0036909401706828;-0,00170304386134468;0,0127651757459161;-0,000743544233144967;0,0133168929966917;1,49855204541625;0,133989881208668;FALSE;100;"3";"Combined"
"hs_pfos_c_Log2";"e3_bw";0;-0,00263736412952496;-0,00251931006285781;0,00363639515051722;-0,00976456765809481;0,00448983939904489;-0,00945445236803286;0,00470154821119284;-0,725268850155033;0,468287111686895;FALSE;100;"3";"Combined"
"hs_pfunda_c_Log2";"e3_bw";0;0,00108876539619339;0,000968164682594717;0,0028588161247867;-0,0045144112468109;0,00669194203919768;-0,00431291108066619;0,00650366194274579;0,380844849290413;0,703318377701346;FALSE;100;"3";"Combined"
"hs_hm_pers_None";"e3_bw";0;-0,000953553586150795;-0,000953956142373406;0,00348858479362842;-0,0077910541386766;0,00588394696637501;-0,00753358400321698;0,00562661357704365;-0,273335361632136;0,784595435240715;FALSE;100;"3";"Combined"
"hs_trafload_h_pow1over3";"e3_bw";0;-0,0054367324328503;-0,00491839091870738;0,0029303991237232;-0,0111802091756755;0,000306744309974892;-0,010348259300192;0,000455289672039189;-1,85528735278309;0,0635552032731886;FALSE;100;"3";"Combined"
"hs_trafnear_h_pow1over3";"e3_bw";0;-0,00120859650500887;-0,00147815907081752;0,0037740504101788;-0,00860559938479794;0,0061884063747802;-0,00843663753095272;0,0058222685860195;-0,320238569614552;0,748787487125107;FALSE;100;"3";"Combined"
"FAS_cat_None_Low";"e3_bw";0;0,0150891252867954;0,014838656837072;0,0099120428908422;-0,00433812179247161;0,0345163723660624;-0,00348818920870916;0,0339194571714252;1,52230225927859;0,127933362245962;FALSE;100;"3";"Combined"
"FAS_cat_None_Middle";"e3_bw";0;0,0142060499616998;0,0158288694194557;0,00692308522555735;0,000637052257706003;0,0277750476656935;0,00475293104269639;0,0289246597399192;2,05198253363349;0,0401713599068123;TRUE;100;"3";"Combined"
"hs_globalexp2_None_no exposure";"e3_bw";0;0,0228317215200656;0,0221452134354989;0,00661796074712293;0,00986075680460488;0,0358026862355263;0,011163510187573;0,0354825803833786;3,44996327305075;0,000560662824273193;TRUE;100;"3";"Combined"
"h_abs_ratio_preg_Log";"hs_asthma";0;-0,103804859898206;-0,107807220588648;0,0787804342512547;-0,258211673717091;0,0506019539206788;-0,259626677532158;0,0280589320836256;-1,31764772414355;0,187621601748749;FALSE;100;"3";"Combined"
"h_no2_ratio_preg_Log";"hs_asthma";0;-0,0464311843370061;-0,0564566278513992;0,0696076081078695;-0,182859589278409;0,0899972206043964;-0,171668055022485;0,0650148266905651;-0,667041801882527;0,504745432673804;FALSE;100;"3";"Combined"
"h_pm10_ratio_preg_None";"hs_asthma";0;0,0366285548981912;0,0299628656647092;0,0647503600188164;-0,0902798187246913;0,163536928521074;-0,0894698240447981;0,166099332112466;0,565688822232755;0,571605335100454;FALSE;100;"3";"Combined"
"h_pm25_ratio_preg_None";"hs_asthma";0;-0,00418259394380054;-0,00406411031615706;0,0791532550185271;-0,159320123039228;0,150954935151627;-0,161877765878492;0,159491828641777;-0,0528417175367145;0,957858022125836;FALSE;100;"3";"Combined"
"h_accesslines300_preg_dic0";"hs_asthma";0;-0,434329781097548;-0,427963454490519;0,304742605305832;-1,03161431205188;0,162954749856788;-0,998161118944098;0,0876849710004681;-1,42523484913331;0,154089325808438;FALSE;100;"3";"Combined"
"h_accesspoints300_preg_Log";"hs_asthma";0;0,0541105854180538;0,0426069660210361;0,0752484877749028;-0,0933737405118583;0,201594911347966;-0,0833690852978914;0,178791651948824;0,719091997967047;0,472084237407843;FALSE;100;"3";"Combined"
"h_builtdens300_preg_Sqrt";"hs_asthma";0;0,0581589838343808;0,0586853337608156;0,0724962880460146;-0,0839311297486494;0,200249097417411;-0,0848501251775273;0,207362313984194;0,802233954343516;0,422417638724685;FALSE;100;"3";"Combined"
"h_connind300_preg_Sqrt";"hs_asthma";0;0,0953506957176555;0,0916052841057209;0,0684527097597756;-0,038814150055678;0,229515541490989;-0,0421162146020951;0,221010846143821;1,39294260303609;0,163637148021902;FALSE;100;"3";"Combined"
"h_fdensity300_preg_Log";"hs_asthma";0;-0,0458837761224601;-0,0448122420250118;0,0684639747939303;-0,180070700957021;0,0883031487121013;-0,182382667956107;0,0957349718256171;-0,670188610295643;0,502737563576105;FALSE;100;"3";"Combined"
"h_frichness300_preg_None";"hs_asthma";0;0,0387625798918595;0,0339704037705994;0,0694877887127194;-0,0974309833503994;0,174956143134118;-0,0864845924602013;0,167746288338028;0,557832974828341;0,576958443388548;FALSE;100;"3";"Combined"
"h_landuseshan300_preg_None";"hs_asthma";0;-0,117242372002865;-0,116630955151454;0,0691535825313381;-0,252780903166206;0,018296159160476;-0,258620982056662;-9,32150210956552e-05;-1,69539115272494;0,0900012431446005;FALSE;100;"3";"Combined"
"h_popdens_preg_Sqrt";"hs_asthma";0;-0,176587615248109;-0,168201514899095;0,0743004786899501;-0,322213877514496;-0,0309613529817206;-0,325504800987803;-0,0274385317925613;-2,37666860781603;0,0174697752557207;TRUE;100;"3";"Combined"
"h_walkability_mean_preg_None";"hs_asthma";0;0,127118926295953;0,124911756808141;0,0754635398269994;-0,0207868939108697;0,275024746502776;-0,0151532485653836;0,266636642023642;1,68450786416028;0,0920835609227436;FALSE;100;"3";"Combined"
"hs_as_m_Log2";"hs_asthma";0;0,019158584064173;0,0134672591739586;0,0645757975839524;-0,107407653473322;0,145724821601668;-0,0999504878968904;0,147430106904558;0,296683661386693;0,766708032039939;FALSE;100;"3";"Combined"
"hs_cd_m_Log2";"hs_asthma";0;-0,231971624285944;-0,219080296536454;0,0745143223408611;-0,37801701240644;-0,0859262361654484;-0,351638908580733;-0,0811598649699275;-3,11311459325638;0,00185124122876214;TRUE;100;"3";"Combined"
"hs_co_m_Log2";"hs_asthma";0;0,0513352087011966;0,0506058690645146;0,0703121680738102;-0,0864741083983985;0,189144525800792;-0,0752951509659948;0,173974154100773;0,730104192595902;0,465326498797471;FALSE;100;"3";"Combined"
"hs_cs_m_Log2";"hs_asthma";0;-0,0641360396315917;-0,0634134457633681;0,0687058733958834;-0,198797077013892;0,0705249977507085;-0,187449445057454;0,068665957766084;-0,933486999896496;0,350568579527254;FALSE;100;"3";"Combined"
"hs_cu_m_Log2";"hs_asthma";0;-0,0305580220897469;-0,0332913996572596;0,0631246039826347;-0,154279972434065;0,0931639282545707;-0,162225090460157;0,0655956722317587;-0,484090515611842;0,628321632011138;FALSE;100;"3";"Combined"
"hs_hg_m_Log2";"hs_asthma";0;-0,00274141565357057;-0,000568909282697808;0,0811505234290284;-0,16179351890104;0,156310687593899;-0,137695492439378;0,148845447795457;-0,033781860396355;0,973051100995898;FALSE;100;"3";"Combined"
"hs_mn_m_Log2";"hs_asthma";0;0,0413082109548272;0,0407448568980074;0,0670704021140526;-0,090147361617335;0,172763783526989;-0,0828588991295246;0,172681317583532;0,615893294997441;0,537964947135397;FALSE;100;"3";"Combined"
"hs_mo_m_Log2";"hs_asthma";0;0,111009557269387;0,101471381255404;0,0873652761228177;-0,0602232374307328;0,282242351969507;-0,0413394210804912;0,284685575131256;1,27063705622964;0,203857797617673;FALSE;100;"3";"Combined"
"hs_pb_m_Log2";"hs_asthma";0;0,00230600337317419;0,000146928521305308;0,0790041109462803;-0,152539208712142;0,15715121545849;-0,127978221774895;0,153471814530123;0,0291883972309009;0,97671433496085;FALSE;100;"3";"Combined"
"h_humidity_preg_None";"hs_asthma";0;-0,140959267343049;-0,138738794452371;0,0619224397201184;-0,262325019029334;-0,0195935156567645;-0,284631595791885;-0,0396374049648406;-2,2763842636073;0,0228230206990309;TRUE;100;"3";"Combined"
"h_pressure_preg_None";"hs_asthma";0;0,107759374871437;0,101591446959191;0,0587321086100346;-0,0073534427403253;0,2228721924832;-0,00784071810276428;0,210501136858031;1,83476087308444;0,0665411283531769;FALSE;100;"3";"Combined"
"h_temperature_preg_None";"hs_asthma";0;0,0450955761599541;0,0465754754768287;0,0648305540776196;-0,0819699749299567;0,172161127249865;-0,0758717359840695;0,161009733027806;0,695591404416544;0,486684750718528;FALSE;100;"3";"Combined"
"h_ndvi100_preg_None";"hs_asthma";0;0,187779368265682;0,18273705468732;0,0774402082095527;0,0359993492196758;0,339559387311688;0,0692037764550816;0,331621363462239;2,42483036406039;0,0153155413614411;TRUE;100;"3";"Combined"
"hs_dde_madj_Log2";"hs_asthma";0;-0,0553602530203137;-0,0640832590530732;0,0613732280494676;-0,175649569612234;0,0649290635716062;-0,179303492590669;0,048729948602374;-0,902026091501862;0,36704300776892;FALSE;100;"3";"Combined"
"hs_ddt_madj_Log2";"hs_asthma";0;-0,108304291014841;-0,107334839852795;0,0695615587643649;-0,244642440901463;0,0280338588717805;-0,214753637232249;0,0307450478404598;-1,55695606795867;0,119480916204925;FALSE;100;"3";"Combined"
"hs_hcb_madj_Log2";"hs_asthma";0;0,0788368048964297;0,0786905258093317;0,0651764224423988;-0,0489066357318401;0,206580245524699;-0,0430089974973713;0,191508396257281;1,20959086034683;0,22643592694524;FALSE;100;"3";"Combined"
"hs_pcb118_madj_Log2";"hs_asthma";0;0,18317393986868;0,173403281243486;0,0717576005637756;0,0425316271466693;0,323816252590692;0,0409990160405701;0,298581747513405;2,55267648903452;0,0106898735647756;TRUE;100;"3";"Combined"
"hs_pcb138_madj_Log2";"hs_asthma";0;0,0013419922678182;0,00404242482324579;0,0657951360316294;-0,127614104712089;0,130298089247725;-0,114280313071262;0,12279619782643;0,020396526989063;0,983727054336484;FALSE;100;"3";"Combined"
"hs_pcb153_madj_Log2";"hs_asthma";0;0,0949993119055024;0,0838833750232915;0,0590267053052617;-0,0206909046188698;0,210689528429875;-0,0275907376161224;0,19426414695424;1,60942934921076;0,107522492041733;FALSE;100;"3";"Combined"
"hs_pcb170_madj_Log2";"hs_asthma";0;-0,0983016590115318;-0,0897730795322009;0,065938590674437;-0,227538921924757;0,0309356039016933;-0,224449911437591;0,0175772225654214;-1,49080618809224;0,136012386655365;FALSE;100;"3";"Combined"
"hs_pcb180_madj_Log2";"hs_asthma";0;0,0108667891052186;0,00878404382450728;0,0615579017637679;-0,109784481315621;0,131518059526058;-0,107770320156503;0,0930086604898155;0,176529556626549;0,859877930448041;FALSE;100;"3";"Combined"
"hs_sumPCBs5_madj_Log2";"hs_asthma";0;-0,0344023405697853;-0,0283631554699405;0,0578974612085546;-0,147879279334857;0,0790745981952865;-0,160795024155728;0,0774862477791124;-0,594194285063095;0,552382174714015;FALSE;100;"3";"Combined"
"hs_pfhxs_m_Log2";"hs_asthma";0;0,0320595828277073;0,0300205934342908;0,0836532397335691;-0,131897754240183;0,196016919895598;-0,130188563221417;0,201629489242289;0,383243768320453;0,701539028380538;FALSE;100;"3";"Combined"
"hs_pfna_m_Log2";"hs_asthma";0;0,116797631883494;0,11846021062734;0,0640250714498623;-0,00868920226583972;0,242284466032828;-0,00570740242443439;0,227924701041149;1,82424836456384;0,0681145328100791;FALSE;100;"3";"Combined"
"hs_pfoa_m_Log2";"hs_asthma";0;0,0217724893111591;0,0230618640370197;0,0719466780440073;-0,119240408462394;0,162785387084712;-0,114347306054554;0,159553702321632;0,302619799872367;0,762179623479964;FALSE;100;"3";"Combined"
"hs_pfos_m_Log2";"hs_asthma";0;-0,0369677860640956;-0,0347349038384759;0,0790173715565743;-0,191838988468001;0,11790341633981;-0,197875833019793;0,129477708260994;-0,46784378340942;0,63989630757329;FALSE;100;"3";"Combined"
"hs_pfunda_m_Log2";"hs_asthma";0;-0,0270119036403675;-0,0245961326147704;0,0615215816161624;-0,147591987879987;0,0935681805992523;-0,155304316175505;0,0855703848828968;-0,43906386882081;0,660615258385997;FALSE;100;"3";"Combined"
"e3_asmokcigd_p_None";"hs_asthma";0;0,111732436796441;0,104993186090946;0,0748466899048989;-0,0349643797791983;0,25842925337208;-0,0566534224653743;0,238058484412162;1,49281734353797;0,135485006120195;FALSE;100;"3";"Combined"
"h_distinvnear1_preg_Log";"hs_asthma";0;0,0540453844309217;0,0577383344755363;0,0724741718515186;-0,0880013822074213;0,196092151069265;-0,0982560161156209;0,200864936465491;0,745719241078699;0,455837033526149;FALSE;100;"3";"Combined"
"h_trafload_preg_pow1over3";"hs_asthma";0;-0,00503838735978911;-0,0016539974499996;0,0707992687128985;-0,143802404168844;0,133725629449265;-0,137062597978496;0,125938276305772;-0,0711643983247979;0,943266915571175;FALSE;100;"3";"Combined"
"h_trafnear_preg_pow1over3";"hs_asthma";0;-0,0680873766065625;-0,0701820465921288;0,0582286263054103;-0,182213387034408;0,0460386338212833;-0,184729350614416;0,0380807172332088;-1,16931105757918;0,242278329680652;FALSE;100;"3";"Combined"
"h_bro_preg_Log";"hs_asthma";0;0,0524366804616864;0,0418772941214994;0,0674165952304005;-0,0796974181502133;0,184570779073586;-0,0793750150370129;0,161401091490623;0,777800781580273;0,436686467117879;FALSE;100;"3";"Combined"
"h_clf_preg_Log";"hs_asthma";0;-0,101739538348263;-0,100263269538229;0,0810762941862277;-0,260646154953243;0,0571670782567177;-0,255225298075333;0,0254792876323362;-1,25486172461919;0,209528960723689;FALSE;100;"3";"Combined"
"h_thm_preg_Log";"hs_asthma";0;0,0782786552515748;0,070030773130713;0,0616864606201173;-0,0426245858976035;0,199181896400753;-0,0366692681999443;0,206249201842593;1,26897627882457;0,204449524581843;FALSE;100;"3";"Combined"
"e3_alcpreg_yn_None_1";"hs_asthma";0;-0,167157516993936;-0,173180768990985;0,157494329062578;-0,475840729725888;0,141525695738017;-0,484665231930821;0,119555047404168;-1,06135578334073;0,288528243438253;FALSE;100;"3";"Combined"
"h_pamod_t3_None_Often";"hs_asthma";0;-0,298358744910792;-0,281809650556368;0,116185754612463;-0,526078639467828;-0,0706388503537559;-0,473009590634297;-0,0579659437304331;-2,5679460094395;0,0102303088551919;TRUE;100;"3";"Combined"
"h_pamod_t3_None_Sometimes";"hs_asthma";0;0,0325905556065901;0,0259246033802128;0,164253306804825;-0,289340010072475;0,354521121285656;-0,325498123741091;0,327037959585848;0,198416435203438;0,842719259634813;FALSE;100;"3";"Combined"
"h_pamod_t3_None_Very Often";"hs_asthma";0;-0,225679566978233;-0,217895247459001;0,115750014329048;-0,452545426273162;0,00118629231669604;-0,445772629777624;0,019837393783939;-1,94971524009218;0,0512100688338102;FALSE;100;"3";"Combined"
"h_pavig_t3_None_Low";"hs_asthma";0;-0,425632699781625;-0,406966345397557;0,145891103228958;-0,711574007775197;-0,139691391788053;-0,710930036981073;-0,14307726663003;-2,91746851152156;0,00352885277157604;TRUE;100;"3";"Combined"
"h_pavig_t3_None_Medium";"hs_asthma";0;-0,326353241296834;-0,288994642852915;0,143301462322927;-0,607218946381694;-0,045487536211974;-0,582122999444854;-0,0275326408999306;-2,27738946976971;0,0227629783663665;TRUE;100;"3";"Combined"
"hs_no2_dy_hs_h_Log";"hs_asthma";0;-0,0612624701770218;-0,0674852888150528;0,0668992478732625;-0,192382586601434;0,0698576462473905;-0,194225593440314;0,0696746374632324;-0,915742285968307;0,359802080585414;FALSE;100;"3";"Combined"
"hs_no2_wk_hs_h_Log";"hs_asthma";0;0,0431577448152808;0,0326345747729675;0,0619564801698014;-0,0782747249264;0,164590214556962;-0,0816313796958666;0,149437849780418;0,696581611753933;0,486064666834421;FALSE;100;"3";"Combined"
"hs_no2_yr_hs_h_Log";"hs_asthma";0;-0,0984018666049009;-0,0955838482750097;0,0586868445409762;-0,213425968271515;0,0166222350617135;-0,216032864844373;0,00303915070978551;-1,67672784888264;0,0935957122558426;FALSE;100;"3";"Combined"
"hs_pm10_dy_hs_h_None";"hs_asthma";0;0,00744414697998891;0,00463355128057532;0,0727866454918657;-0,135215056739553;0,15010335069953;-0,129702711248522;0,131016843669864;0,102273527371458;0,918539567203227;FALSE;100;"3";"Combined"
"hs_pm10_wk_hs_h_None";"hs_asthma";0;0,00270731888792778;0,00611105833973681;0,0717411501371656;-0,137902751590397;0,143317389366253;-0,126709253799586;0,151378616527054;0,0377373220634394;0,969897118475465;FALSE;100;"3";"Combined"
"hs_pm10_yr_hs_h_None";"hs_asthma";0;-0,0126568695309333;-0,0110869363645578;0,0498041414848757;-0,110271193122227;0,0849574540603602;-0,0921736668772715;0,0668311000134438;-0,254132872359157;0,799392908347073;FALSE;100;"3";"Combined"
"hs_pm25_dy_hs_h_None";"hs_asthma";0;-0,114889201931594;-0,115176637412639;0,0754276461758115;-0,262724671874815;0,0329462680116268;-0,260181965967597;0,0291161007223673;-1,52317098247774;0,127715933796799;FALSE;100;"3";"Combined"
"hs_pm25_wk_hs_h_None";"hs_asthma";0;0,00123723375133566;0,000371044453386879;0,0742365782540988;-0,144263785962187;0,146738253464859;-0,127308169102171;0,147412287269441;0,0166660934600302;0,986702996901846;FALSE;100;"3";"Combined"
"hs_pm25_yr_hs_h_None";"hs_asthma";0;-0,109152785431544;-0,0985691253965507;0,0577631467117887;-0,222366472620353;0,00406090175726513;-0,211956004500949;0,00182614698995134;-1,88966134369663;0,0588032672107734;FALSE;100;"3";"Combined"
"hs_pm25abs_dy_hs_h_Log";"hs_asthma";0;0,0796932327148598;0,0779584468391741;0,0777917028718599;-0,0727757032100265;0,232162168639746;-0,0409469110450809;0,236358206221178;1,02444386448427;0,305625672453382;FALSE;100;"3";"Combined"
"hs_pm25abs_wk_hs_h_Log";"hs_asthma";0;-0,0374555987970346;-0,0360675985615551;0,065848087848154;-0,166515479430246;0,0916042818361768;-0,151680660167819;0,0814380169471749;-0,56881832139769;0,569479439773936;FALSE;100;"3";"Combined"
"hs_pm25abs_yr_hs_h_Log";"hs_asthma";0;-0,143792449844421;-0,14252660263965;0,0685766131304257;-0,278200141761792;-0,00938475792704987;-0,265983546875859;0,0100761690683419;-2,09681469061387;0,0360099826237197;TRUE;100;"3";"Combined"
"hs_accesslines300_h_dic0";"hs_asthma";0;0,516218226657711;0,509541993613453;0,470769230683221;-0,406472510511031;1,43890896382645;-0,563208759368238;1,36391413624355;1,09654198493077;0,272841660292703;FALSE;100;"3";"Combined"
"hs_accesspoints300_h_Log";"hs_asthma";0;-0,271939975607061;-0,259786371360463;0,0665388627601845;-0,402353750189276;-0,141526201024846;-0,366165579698374;-0,130249215927622;-4,08693452707737;4,37110408808573e-05;TRUE;100;"3";"Combined"
"hs_builtdens300_h_Sqrt";"hs_asthma";0;0,0156765762470653;0,0154043451586582;0,0608652097398559;-0,103617042754529;0,134970195248659;-0,0810237680561132;0,143100639277956;0,257562182305271;0,796744819288636;FALSE;100;"3";"Combined"
"hs_connind300_h_Log";"hs_asthma";0;-0,00873187025455409;-0,000297631538475377;0,0774869319263551;-0,160603466102717;0,143139725593609;-0,152432758545539;0,14740085515798;-0,112688295141857;0,9102776812607;FALSE;100;"3";"Combined"
"hs_fdensity300_h_Log";"hs_asthma";0;0,0829536697162464;0,0769199490578583;0,0792566142315422;-0,072386439714161;0,238293779146654;-0,070054767272334;0,241035796825436;1,04664664924877;0,295262578208003;FALSE;100;"3";"Combined"
"hs_landuseshan300_h_None";"hs_asthma";0;0,0962798741198925;0,0914688662250358;0,0719231722100994;-0,0446869530657744;0,237246701305559;-0,035706807294919;0,238573823449855;1,33864888270839;0,180685004568276;FALSE;100;"3";"Combined"
"hs_popdens_h_Sqrt";"hs_asthma";0;0,0256685025466491;0,0248679187747781;0,0816150753737538;-0,13429410578143;0,185631110874728;-0,16311506641746;0,182864394767868;0,314506877915642;0,753136093482066;FALSE;100;"3";"Combined"
"hs_walkability_mean_h_None";"hs_asthma";0;0,128934167957008;0,130612909981597;0,0828844347471249;-0,0335163390263172;0,291384674940333;-0,0173082278475421;0,295417088188694;1,55558963936205;0,119805703961307;FALSE;100;"3";"Combined"
"hs_accesslines300_s_dic0";"hs_asthma";0;-0,347663105128386;-0,344249277028558;0,397838122746787;-1,12741149738911;0,432085287132342;-0,985861018251552;0,454437294649987;-0,873880820490559;0,382183160604627;FALSE;100;"3";"Combined"
"hs_accesspoints300_s_Log";"hs_asthma";0;-0,0222138575359307;-0,019711708994263;0,0655531634093733;-0,150695696890971;0,10626798181911;-0,157899687264621;0,0890492561044568;-0,338867819348508;0,734709308048831;FALSE;100;"3";"Combined"
"hs_builtdens300_s_Sqrt";"hs_asthma";0;-0,0159307634817034;-0,0133145885261338;0,0688892679357719;-0,150951247557146;0,119089720593739;-0,150597377755558;0,0914531267398149;-0,231251745867822;0,817119231871873;FALSE;100;"3";"Combined"
"hs_connind300_s_Log";"hs_asthma";0;0,0198460513051259;0,0201571637000347;0,0706148970025283;-0,118556603591835;0,158248706202087;-0,117927647146243;0,155854761571743;0,281046240206444;0,778674933943461;FALSE;100;"3";"Combined"
"hs_fdensity300_s_Log";"hs_asthma";0;-0,119873698611082;-0,120310219515215;0,0691808627118328;-0,255465697945684;0,0157183007235203;-0,257876197925098;-0,00718624811667132;-1,73275807661442;0,0831386771677068;FALSE;100;"3";"Combined"
"hs_landuseshan300_s_None";"hs_asthma";0;-0,0640021025259501;-0,0719216189351683;0,0707460405291011;-0,202661794011799;0,074657588959899;-0,19191719099118;0,091345546992701;-0,904673986661106;0,365638126220693;FALSE;100;"3";"Combined"
"hs_popdens_s_Sqrt";"hs_asthma";0;0,0301307773371354;0,0335750232943491;0,0702022354985095;-0,107463075874143;0,167724630548413;-0,101278435346496;0,171304442503957;0,429199684642166;0,66777791247362;FALSE;100;"3";"Combined"
"h_Absorbance_Log";"hs_asthma";0;0,138262993123672;0,132413381056564;0,0853201846867804;-0,0289614960167236;0,305487482264067;-0,026156258561497;0,307616192135165;1,62051914949845;0,105120804175553;FALSE;100;"3";"Combined"
"h_Benzene_Log";"hs_asthma";0;0,195450173039541;0,192663824097814;0,0625914142469209;0,072773255374149;0,318127090704933;0,0847909446686567;0,328722597757141;3,12263551464898;0,00179239568736191;TRUE;100;"3";"Combined"
"h_NO2_Log";"hs_asthma";0;-0,0568583425601657;-0,0557200482196376;0,0797104140898749;-0,213087883369094;0,0993711982487631;-0,233077985099099;0,08264926175832;-0,713311343434459;0,475653119723267;FALSE;100;"3";"Combined"
"h_PM_Log";"hs_asthma";0;-0,00316654786066092;-0,00207916108616836;0,0634509079313715;-0,127528042192516;0,121194946471194;-0,120631320371121;0,121141288542662;-0,0499054775399882;0,960197712299012;FALSE;100;"3";"Combined"
"h_TEX_Log";"hs_asthma";0;-0,0358895996726547;-0,02592727962957;0,0792405991395004;-0,191198320099451;0,119419120754142;-0,182915361469102;0,12090541578927;-0,452919337591988;0,650606825799882;FALSE;100;"3";"Combined"
"hs_KIDMED_None";"hs_asthma";0;-0,171750475270494;-0,169605660298145;0,0754545204220431;-0,31963861776844;-0,0238623327725471;-0,330967292912021;-0,028190522564879;-2,27621187318976;0,0228333316236771;TRUE;100;"3";"Combined"
"hs_mvpa_prd_alt_None";"hs_asthma";0;-0,0448618048698818;-0,0464995684175868;0,0911008000269066;-0,223416091885404;0,133692482145641;-0,223930868532822;0,129819994976464;-0,492441393013364;0,622407343381712;FALSE;100;"3";"Combined"
"hs_sd_wk_None";"hs_asthma";0;-0,0728305801376745;-0,0783071866820891;0,0664515503614532;-0,203073225562972;0,0574120652876234;-0,207825258618531;0,041728932844119;-1,09599519863003;0,27308087566566;FALSE;100;"3";"Combined"
"hs_dif_hours_total_None";"hs_asthma";0;-0,188086324498014;-0,19222900137602;0,0722135743535424;-0,329622329425862;-0,0465503195701656;-0,325595522516311;-0,0536664411795334;-2,60458405752336;0,00919858542538335;TRUE;100;"3";"Combined"
"hs_as_c_Log2";"hs_asthma";0;-0,1412437380238;-0,134462900087951;0,0799663937424451;-0,297974989732541;0,0154875136849418;-0,288907674699572;0,0327635204432866;-1,76628870471158;0,0773474256149948;FALSE;100;"3";"Combined"
"hs_cd_c_Log2";"hs_asthma";0;0,0669071961259806;0,0660304415604142;0,068450310684262;-0,0672529475457501;0,201067339797711;-0,0502709257008068;0,208329772081212;0,977456427255689;0,328343239249301;FALSE;100;"3";"Combined"
"hs_co_c_Log2";"hs_asthma";0;-0,155628954315504;-0,14985463708471;0,0709375904712959;-0,294664076789296;-0,0165938318417123;-0,258782993099265;-0,00623232440793389;-2,19388554476597;0,0282436388444041;TRUE;100;"3";"Combined"
"hs_cs_c_Log2";"hs_asthma";0;-0,0526951854463297;-0,0524084916938117;0,0848725642115824;-0,219042354576594;0,113651983683935;-0,205160161782431;0,0861535514070284;-0,620874200465579;0,534682397413611;FALSE;100;"3";"Combined"
"hs_cu_c_Log2";"hs_asthma";0;-0,0466147710406782;-0,0479005503601356;0,0683965655106849;-0,180669576107855;0,0874400340264987;-0,161192455983117;0,0928823500667585;-0,681536721802149;0,495531939059617;FALSE;100;"3";"Combined"
"hs_hg_c_Log2";"hs_asthma";0;0,0313188746634675;0,0291860289879106;0,0646642977734947;-0,0954208200581556;0,158058569385091;-0,105574875681542;0,133657398660556;0,484330236959672;0,628151520188783;FALSE;100;"3";"Combined"
"hs_mn_c_Log2";"hs_asthma";0;0,174388869199886;0,170902245309293;0,0673097523058789;0,0424641788720511;0,30631355952772;0,0515551952920749;0,30246296331658;2,59084104792723;0,00957417019960942;TRUE;100;"3";"Combined"
"hs_mo_c_Log2";"hs_asthma";0;0,0114305050707166;0,0180194541044598;0,0664671552719032;-0,118842725417045;0,141703735558478;-0,0932624584915433;0,152755702824069;0,171972232359829;0,863459359111529;FALSE;100;"3";"Combined"
"hs_pb_c_Log2";"hs_asthma";0;-0,0376470163118836;-0,0348725746207127;0,0649139481106763;-0,164876016703111;0,0895819840793438;-0,150851992411197;0,0917020547040439;-0,579952651280686;0,561946548312593;FALSE;100;"3";"Combined"
"hs_hum_mt_hs_h_None";"hs_asthma";0;-0,0525239197858502;-0,0384995805914739;0,0640367852715473;-0,178033712603808;0,0729858730321075;-0,149305526017508;0,0677199657595081;-0,820214811894804;0,412093659556688;FALSE;100;"3";"Combined"
"hs_tm_mt_hs_h_None";"hs_asthma";0;-0,033904381405957;-0,0359159051976309;0,0540631033550041;-0,139866116874232;0,0720573540623176;-0,150340574458016;0,0426347634389811;-0,627126067538607;0,53057660105994;FALSE;100;"3";"Combined"
"hs_uvdvf_mt_hs_h_None";"hs_asthma";0;0,017516784439226;0,0177110165955293;0,0668121835085218;-0,113432688965958;0,14846625784441;-0,101640074293317;0,174032292078078;0,262179493609751;0,793183062298118;FALSE;100;"3";"Combined"
"hs_hum_dy_hs_h_None";"hs_asthma";0;0,0834336153647917;0,0863684273598114;0,071963216795896;-0,0576116977668124;0,224478928496396;-0,0480395698643957;0,23460202669539;1,15939252134084;0,246296223799799;FALSE;100;"3";"Combined"
"hs_hum_wk_hs_h_None";"hs_asthma";0;0,241255584438505;0,239947413673636;0,0621766750788515;0,119391540605507;0,363119628271503;0,124182846564207;0,367958458944752;3,88016220122013;0,000104386828437553;TRUE;100;"3";"Combined"
"hs_tm_dy_hs_h_None";"hs_asthma";0;0,0436981323603753;0,0430549016179545;0,0616947550240897;-0,077221365521862;0,164617630242613;-0,0818887740153495;0,149358461907939;0,708295743184533;0,478761620036003;FALSE;100;"3";"Combined"
"hs_tm_wk_hs_h_None";"hs_asthma";0;0,0808167207979882;0,0675599990258618;0,0557528872372439;-0,0284569302211327;0,190090371817109;-0,0308348779708511;0,184022300763261;1,44955220801554;0,147183431543506;FALSE;100;"3";"Combined"
"hs_uvdvf_dy_hs_h_None";"hs_asthma";0;-0,114665451784283;-0,104865683211162;0,0566771805848559;-0,225750684475873;-0,00358021909269272;-0,226681969821401;0,00286840285921707;-2,02313260118168;0,0430594781691656;TRUE;100;"3";"Combined"
"hs_uvdvf_wk_hs_h_None";"hs_asthma";0;0,014842795087806;0,0135344448367097;0,0560625897445703;-0,0950378616915963;0,124723451867208;-0,0929931465502156;0,114747800009937;0,264754003613319;0,791198972532364;FALSE;100;"3";"Combined"
"hs_ndvi100_h_None";"hs_asthma";0;-0,196339008380771;-0,181941938259214;0,0742538868320118;-0,341873952283627;-0,0508040644779149;-0,320971367788628;-0,0389444780722216;-2,64415799303487;0,00818944205287965;TRUE;100;"3";"Combined"
"hs_ndvi100_s_None";"hs_asthma";0;-0,141523464440106;-0,13780931224518;0,0677565076535906;-0,274323779159356;-0,008723149720856;-0,277081965970679;-0,018985495381668;-2,08870659573622;0,0367341427662851;TRUE;100;"3";"Combined"
"hs_dde_cadj_Log2";"hs_asthma";0;0,0341689523036502;0,034712565496435;0,0853362335696771;-0,133086992069215;0,201424896676515;-0,148122280661014;0,183039360523636;0,400403801226489;0,688859124936851;FALSE;100;"3";"Combined"
"hs_ddt_cadj_Log2";"hs_asthma";0;0,0209561758701753;0,0332589456439265;0,0763660690246176;-0,128718569058975;0,170630920799326;-0,102821923021963;0,194878996068301;0,274417370670471;0,783763895340759;FALSE;100;"3";"Combined"
"hs_hcb_cadj_Log2";"hs_asthma";0;0,0169234589255931;0,0197421731487094;0,0603448912896701;-0,101350354653145;0,135197272504331;-0,114625993712622;0,148596686359929;0,280445594712507;0,779135660354602;FALSE;100;"3";"Combined"
"hs_pcb118_cadj_Log2";"hs_asthma";0;0,0267397919915813;0,0357758633406365;0,0636241205450887;-0,0979611928248276;0,15144077680799;-0,0801511346730879;0,154108267890639;0,420277589104457;0,674282679643415;FALSE;100;"3";"Combined"
"hs_pcb138_cadj_Log2";"hs_asthma";0;0,0484946938135509;0,061660008409162;0,101812209487295;-0,151053569967995;0,248042957595097;-0,112897174163386;0,224219669909671;0,476315110513364;0,633849901846585;FALSE;100;"3";"Combined"
"hs_pcb153_cadj_Log2";"hs_asthma";0;-0,0496360402004744;-0,0473630499682647;0,0534062170032736;-0,154310302077421;0,0550382216764725;-0,151482018627074;0,0401476074770789;-0,929405656974953;0,352678897229154;FALSE;100;"3";"Combined"
"hs_pcb170_cadj_Log2";"hs_asthma";0;0,133166978959585;0,123894211085684;0,0712904096348852;-0,00655965636789735;0,272893614287067;-0,000303031046600449;0,267909791653503;1,86795081753074;0,0617689266245978;FALSE;100;"3";"Combined"
"hs_pcb180_cadj_Log2";"hs_asthma";0;-0,141270775648625;-0,133446451615927;0,0839014071391146;-0,305714511893521;0,0231729605962717;-0,286176143303841;0,0186848146220233;-1,68377123180291;0,0922258889737335;FALSE;100;"3";"Combined"
"hs_sumPCBs5_cadj_Log2";"hs_asthma";0;0,0337929989643685;0,0277684002302257;0,0575345292254539;-0,0789726061849884;0,146558604113725;-0,0832980833496742;0,133480427047902;0,587351620310436;0,556967578992657;FALSE;100;"3";"Combined"
"hs_pfhxs_c_Log2";"hs_asthma";0;-0,0508206354503651;-0,0361044669332121;0,0728515688668531;-0,193607086646637;0,0919658157459065;-0,158665034133194;0,137943190771953;-0,697591503392977;0,485432696719103;FALSE;100;"3";"Combined"
"hs_pfna_c_Log2";"hs_asthma";0;0,0426147607446277;0,0466801127105959;0,0829508802507868;-0,119965977032809;0,205195498522065;-0,115764032450245;0,214733410826651;0,513734882810041;0,607437360091829;FALSE;100;"3";"Combined"
"hs_pfoa_c_Log2";"hs_asthma";0;-0,0103268900755887;-0,0203820972966295;0,0679157076972202;-0,14343923114669;0,122785450995513;-0,144056465860925;0,104195640689392;-0,1520545161898;0,879143937796909;FALSE;100;"3";"Combined"
"hs_pfos_c_Log2";"hs_asthma";0;0,00481853827006738;0,012430378102224;0,0773088621489207;-0,146704047227589;0,156341123767724;-0,114070427602115;0,180832265520135;0,0623284075865118;0,950301306467823;FALSE;100;"3";"Combined"
"hs_pfunda_c_Log2";"hs_asthma";0;0,0957820676183109;0,094006340378358;0,0676378076450414;-0,0367855993592183;0,22834973459584;-0,00731263744260867;0,221329402578214;1,41610248695476;0,156745500075335;FALSE;100;"3";"Combined"
"hs_hm_pers_None";"hs_asthma";0;-0,0858382657037501;-0,0864455593682865;0,074994784649086;-0,232825342644296;0,0611488112367957;-0,215103090381625;0,0705793299733464;-1,14458980188293;0,252379118753647;FALSE;100;"3";"Combined"
"hs_trafload_h_pow1over3";"hs_asthma";0;0,0142016506265064;0,0176567576491133;0,0705015927304991;-0,123978931977983;0,152382233230996;-0,116788746405361;0,145164047280587;0,201437302002437;0,840356650165181;FALSE;100;"3";"Combined"
"hs_trafnear_h_pow1over3";"hs_asthma";0;-0,0048835641367796;-0,00553571160995761;0,0743940866088628;-0,150693294552904;0,140926166279345;-0,184981100748737;0,126593262996812;-0,0656445204100108;0,947660843369198;FALSE;100;"3";"Combined"
"FAS_cat_None_Low";"hs_asthma";0;0,0362264678479755;0,0323928541260077;0,225597602647146;-0,405936708339008;0,478389644034959;-0,368802253478431;0,404762031294059;0,160580021342855;0,872424191331257;FALSE;100;"3";"Combined"
"FAS_cat_None_Middle";"hs_asthma";0;-0,226669380479072;-0,223147095026105;0,142620496495092;-0,506200417066674;0,0528616561085299;-0,491123239394221;0,0478928606093106;-1,58931840828974;0,111988524813251;FALSE;100;"3";"Combined"
"hs_globalexp2_None_no exposure";"hs_asthma";0;0,0553268315615503;0,0512791413834985;0,14697610836778;-0,232741047427154;0,343394710550255;-0,204248758223799;0,319344752501864;0,376434184956819;0,70659413582905;FALSE;100;"3";"Combined"
"h_abs_ratio_preg_Log";"hs_zbmi_who";0;-0,000837291091828729;-0,00177880107501579;0,00581706442999543;-0,0122385278703688;0,0105639456867113;-0,0130748690241121;0,0109807875506676;-0,143937049675997;0,885550178889149;FALSE;100;"3";"Combined"
"h_no2_ratio_preg_Log";"hs_zbmi_who";0;-0,00407432161614985;-0,00350792999233221;0,00500885188535261;-0,0138914909153365;0,00574284768303681;-0,012803639432186;0,00689449104930703;-0,813424255579285;0,415974857298683;FALSE;100;"3";"Combined"
"h_pm10_ratio_preg_None";"hs_zbmi_who";0;-0,00990019084461684;-0,00914399610257496;0,00557799930397892;-0,020832868586205;0,00103248689697134;-0,0182040219307366;0,00161115237224074;-1,77486412333447;0,0759203253756405;FALSE;100;"3";"Combined"
"h_pm25_ratio_preg_None";"hs_zbmi_who";0;-0,00432603659053624;-0,0045176548183672;0,00522630328420152;-0,0145694027998546;0,00591732961878213;-0,01455550441779;0,00491284476942096;-0,827743120766322;0,407815993051535;FALSE;100;"3";"Combined"
"h_accesslines300_preg_dic0";"hs_zbmi_who";0;0,0108419086924511;0,00989713948736162;0,0228125683148182;-0,0338699035994521;0,0555537209843543;-0,0256640968033484;0,0614170598057136;0,475260327676852;0,63460143236414;FALSE;100;"3";"Combined"
"h_accesspoints300_preg_Log";"hs_zbmi_who";0;0,00132048799811516;0,000774168988283743;0,00498318176896952;-0,00844636879748169;0,011087344793712;-0,00993853395875917;0,00976215866821244;0,264988928627467;0,79101799071441;FALSE;100;"3";"Combined"
"h_builtdens300_preg_Sqrt";"hs_zbmi_who";0;-0,00422009661571491;-0,0036864827348203;0,00504335151928606;-0,0141048839548909;0,00566469072346112;-0,01252535751282;0,00636240495178282;-0,836764322212525;0,402725055543251;FALSE;100;"3";"Combined"
"h_connind300_preg_Sqrt";"hs_zbmi_who";0;-0,000277698021050904;-0,000391930548445309;0,00527365123734526;-0,0106138645132727;0,0100584684711709;-0,00961649213253684;0,00990399671395431;-0,0526576386175086;0,958004691655143;FALSE;100;"3";"Combined"
"h_fdensity300_preg_Log";"hs_zbmi_who";0;0,00160314086044881;0,00104926468501808;0,00503756422831182;-0,00827030359684966;0,0114765853177473;-0,00951406315934943;0,00940667284166707;0,318237304338261;0,750304937719154;FALSE;100;"3";"Combined"
"h_frichness300_preg_None";"hs_zbmi_who";0;0,00423037933991314;0,00476911048984449;0,00513932430423939;-0,00584251120126743;0,0143032698810937;-0,0051014608312321;0,0143134732310027;0,823139208479903;0,410428834343639;FALSE;100;"3";"Combined"
"h_landuseshan300_preg_None";"hs_zbmi_who";0;0,00766413853110172;0,00681446350886024;0,00401595444947304;-0,000206987553418825;0,0155352646156223;-0,000206879018667035;0,0141007752556466;1,90842267449208;0,0563366085291367;FALSE;100;"3";"Combined"
"h_popdens_preg_Sqrt";"hs_zbmi_who";0;0,00997842646308033;0,00857129806393967;0,00462716858652796;0,000909342683090422;0,0190475102430702;0,000355166922483237;0,0173371663173458;2,15648647255529;0,0310456989393412;TRUE;100;"3";"Combined"
"h_walkability_mean_preg_None";"hs_zbmi_who";0;-0,013351405656497;-0,0125009534021785;0,00448812191786353;-0,0221479629737343;-0,00455484833925966;-0,0210130122835684;-0,00318061779941236;-2,97483132161718;0,00293149693894796;TRUE;100;"3";"Combined"
"hs_as_m_Log2";"hs_zbmi_who";0;0,0077466049010386;0,00833257721546688;0,00377252499395046;0,000352591782118512;0,0151406180199587;0,00178957966374932;0,0158130846001214;2,05342705839216;0,04003117727342;TRUE;100;"3";"Combined"
"hs_cd_m_Log2";"hs_zbmi_who";0;0,00495761120748487;0,00379952241872884;0,00357202061736358;-0,00204342055458227;0,011958642969552;-0,00197689427812281;0,00957992933532594;1,38790106176486;0,165167174502512;FALSE;100;"3";"Combined"
"hs_co_m_Log2";"hs_zbmi_who";0;0,00529358502731853;0,00565293086401027;0,00350947587723973;-0,00158486129668346;0,0121720313513205;-7,66887648758959e-05;0,0123681359551318;1,50836911621174;0,131460082753059;FALSE;100;"3";"Combined"
"hs_cs_m_Log2";"hs_zbmi_who";0;-0,00359060948071942;-0,0039391129116553;0,00417783449973328;-0,0117790146335656;0,00459779567212671;-0,014671821285694;0,00369838052732555;-0,859442728271944;0,390096304623836;FALSE;100;"3";"Combined"
"hs_cu_m_Log2";"hs_zbmi_who";0;-0,00668152944019081;-0,00738733766016439;0,00386382608022249;-0,0142544893999534;0,000891430519571829;-0,0157730807002568;-0,00183961396083248;-1,72925211991065;0,0837639818739545;FALSE;100;"3";"Combined"
"hs_hg_m_Log2";"hs_zbmi_who";0;-0,00470106296758939;-0,004389143725111;0,00446617377174694;-0,0134546027089108;0,00405247677373201;-0,0123458231796579;0,0034862952809855;-1,05259293700759;0,292527595643527;FALSE;100;"3";"Combined"
"hs_mn_m_Log2";"hs_zbmi_who";0;-0,000197179199668091;-0,000673500860022872;0,00396341153245581;-0,00796532305919218;0,007570964659856;-0,00847102865969504;0,00644490356738937;-0,0497498677726042;0,960321716895086;FALSE;100;"3";"Combined"
"hs_mo_m_Log2";"hs_zbmi_who";0;-0,000905262642835461;-0,000573231894231947;0,00382061709770242;-0,00839353455305014;0,00658300926737922;-0,00799423801767655;0,00675503955952378;-0,236941472983475;0,812702195135894;FALSE;100;"3";"Combined"
"hs_pb_m_Log2";"hs_zbmi_who";0;0,000974227825418636;0,00093988613786063;0,00379229862196238;-0,0064585408922485;0,00840699654308577;-0,00539764679286382;0,00904161254409704;0,256896389903627;0,797258757522162;FALSE;100;"3";"Combined"
"h_humidity_preg_None";"hs_zbmi_who";0;0,0217895202511011;0,0203417806074901;0,0054566225724107;0,0110947365319478;0,0324843039702544;0,0103889812636481;0,0308394194914867;3,99322473965332;6,51807357040328e-05;TRUE;100;"3";"Combined"
"h_pressure_preg_None";"hs_zbmi_who";0;-0,0245419762998415;-0,0238812863441313;0,00527599501003095;-0,0348827365021152;-0,0142012160975678;-0,0326993331209047;-0,0151032194739504;-4,65162993012336;3,29321677050403e-06;TRUE;100;"3";"Combined"
"h_temperature_preg_None";"hs_zbmi_who";0;0,00442213552542799;0,0046095192904514;0,00610132327675465;-0,00753623835504703;0,016380509405903;-0,00765120679971169;0,0171740348473611;0,724783022442988;0,468585152787241;FALSE;100;"3";"Combined"
"h_ndvi100_preg_None";"hs_zbmi_who";0;-5,63476619308568e-05;0,000728580414495249;0,00480371789683905;-0,00947146173162588;0,00935876640776417;-0,00802711973709142;0,0101734306190986;-0,0117300106169713;0,990641020253073;FALSE;100;"3";"Combined"
"hs_dde_madj_Log2";"hs_zbmi_who";0;0,00311726546914314;0,00304963597913429;0,00441539886329925;-0,00553675728030248;0,0117712882185888;-0,00501533186904808;0,0118667578685182;0,705998612051523;0,480189000588334;FALSE;100;"3";"Combined"
"hs_ddt_madj_Log2";"hs_zbmi_who";0;0,00118807899487768;0,000105547646766459;0,00425442820564194;-0,00715044706299189;0,00952660505274725;-0,00686710642099713;0,0074419286702701;0,279257032308626;0,780047578292919;FALSE;100;"3";"Combined"
"hs_hcb_madj_Log2";"hs_zbmi_who";0;-0,00233549307906465;-0,00228067921135496;0,00355205757356187;-0,00929739799425864;0,00462641183612934;-0,00858388103588831;0,00380913679650549;-0,657504286092611;0,510856715946202;FALSE;100;"3";"Combined"
"hs_pcb118_madj_Log2";"hs_zbmi_who";0;-0,00422082835946462;-0,00262216989261741;0,0053612805005042;-0,0147287450514697;0,00628708833254048;-0,0131318764441847;0,00623601219976068;-0,787279896858162;0,431118035199095;FALSE;100;"3";"Combined"
"hs_pcb138_madj_Log2";"hs_zbmi_who";0;-0,000159931236983993;-0,000792917202101249;0,0057486711710791;-0,0114271196912627;0,0111072572172947;-0,0105037775751512;0,00877224830200286;-0,0278205575209431;0,977805269776907;FALSE;100;"3";"Combined"
"hs_pcb153_madj_Log2";"hs_zbmi_who";0;-0,00444863393810669;-0,00428947936468218;0,006059616204368;-0,0163252634588033;0,00742799558258988;-0,0160316463929435;0,00889885657171808;-0,734144504878041;0,462860671701027;FALSE;100;"3";"Combined"
"hs_pcb170_madj_Log2";"hs_zbmi_who";0;-0,00471648362277191;-0,00473554049217965;0,00504246279746485;-0,0145995290991861;0,00516656185364228;-0,0140153184580324;0,00553297129354096;-0,935353182009229;0,349606316194718;FALSE;100;"3";"Combined"
"hs_pcb180_madj_Log2";"hs_zbmi_who";0;0,00141168646236854;0,00174604263276233;0,00620729708545669;-0,010754392266467;0,0135777651912041;-0,00766649912880928;0,0139966342769145;0,227423698742571;0,820094294105482;FALSE;100;"3";"Combined"
"hs_sumPCBs5_madj_Log2";"hs_zbmi_who";0;-2,47542016315056e-05;-0,000950706334084311;0,00571045804846988;-0,0112170463118593;0,0111675379085963;-0,0132893211081462;0,00956124275804525;-0,00433488897412329;0,996541269847073;FALSE;100;"3";"Combined"
"hs_pfhxs_m_Log2";"hs_zbmi_who";0;-8,23713329095596e-05;0,000674449829609834;0,00406655239885538;-0,00805266757591105;0,00788792491009194;-0,00717584415256586;0,00833987499030896;-0,0202558149583281;0,983839303102869;FALSE;100;"3";"Combined"
"hs_pfna_m_Log2";"hs_zbmi_who";0;-0,00567282785165996;-0,00574375762881987;0,00516183439780723;-0,0157898373655221;0,0044441816622022;-0,0172570910026277;0,00355718166692805;-1,09899454621594;0,271770444758141;FALSE;100;"3";"Combined"
"hs_pfoa_m_Log2";"hs_zbmi_who";0;-0,00250025372233852;-0,00197564250807347;0,00441182773690519;-0,0111472771926676;0,00614676974799051;-0,00923064540281884;0,00529944183840067;-0,566716080372711;0,570907093942697;FALSE;100;"3";"Combined"
"hs_pfos_m_Log2";"hs_zbmi_who";0;-0,00215296614883496;-0,00201740190073031;0,00494661996038735;-0,0118481631164011;0,00754223081873118;-0,0114269562892715;0,00761017445634853;-0,43523985389538;0,663388337171359;FALSE;100;"3";"Combined"
"hs_pfunda_m_Log2";"hs_zbmi_who";0;-0,0054808633616625;-0,0062177735479843;0,00569817972471409;-0,0166490903995385;0,00568736367621347;-0,017899392832006;0,00278287556969982;-0,961862143078948;0,336118857131619;FALSE;100;"3";"Combined"
"e3_asmokcigd_p_None";"hs_zbmi_who";0;-0,00600181461366048;-0,00537442264626975;0,00433909190091031;-0,0145062784650541;0,00250264923773316;-0,01293943912927;0,00389030166180039;-1,38319601214285;0,16660477218042;FALSE;100;"3";"Combined"
"h_distinvnear1_preg_Log";"hs_zbmi_who";0;0,000672793410947301;0,000872038323861462;0,00419326056936847;-0,00754584628280683;0,00889143310470143;-0,00604106856815181;0,00965279534604695;0,160446363830099;0,872529469603597;FALSE;100;"3";"Combined"
"h_trafload_preg_pow1over3";"hs_zbmi_who";0;0,00355824249782029;0,00353857137839494;0,00363971588604088;-0,00357546955277812;0,0106919545484187;-0,00331690510585637;0,00954653384180114;0,97761545385093;0,328264551156635;FALSE;100;"3";"Combined"
"h_trafnear_preg_pow1over3";"hs_zbmi_who";0;-0,000220549370113018;-0,001156526818103;0,0054029312457039;-0,0108101000226388;0,0103690012824128;-0,0113265326837692;0,00965750263947628;-0,0408203177281566;0,967439141652689;FALSE;100;"3";"Combined"
"h_bro_preg_Log";"hs_zbmi_who";0;0,00792844365848927;0,00784555917100147;0,00465521211002594;-0,0011956044175563;0,0170524917345348;-0,000846690064698218;0,0165059412040027;1,7031326330789;0,0885432501922786;FALSE;100;"3";"Combined"
"h_clf_preg_Log";"hs_zbmi_who";0;0,00101095592088498;0,000609403002408375;0,00466247322408223;-0,00812732367719853;0,0101492355189685;-0,0079329514965084;0,00911996699812247;0,216828252366851;0,828342193488025;FALSE;100;"3";"Combined"
"h_thm_preg_Log";"hs_zbmi_who";0;-0,00176581593430526;-0,000964886815273846;0,00480290409232702;-0,0111793349764663;0,00764770310785574;-0,00918705151326234;0,00818033745257331;-0,367655880767279;0,713129841810476;FALSE;100;"3";"Combined"
"e3_alcpreg_yn_None_1";"hs_zbmi_who";0;0,000862199896947968;-0,000290634084559521;0,00690114664643036;-0,0126637989820849;0,0143881987759808;-0,0128607744374127;0,0126459003244767;0,124935744901747;0,900574419722961;FALSE;100;"3";"Combined"
"h_pamod_t3_None_Often";"hs_zbmi_who";0;0,076034287403903;0,0715988263690436;0,0108728916767985;0,0547238113095727;0,0973447634982334;0,0530654026353364;0,0903497912035682;6,99301433915244;2,69042000399194e-12;TRUE;100;"3";"Combined"
"h_pamod_t3_None_Sometimes";"hs_zbmi_who";0;0,0696919538530716;0,0661917880195162;0,011776971537645;0,0466095137923342;0,0927743939138091;0,0469904878001371;0,0882807054713181;5,91764645353026;3,26581024858168e-09;TRUE;100;"3";"Combined"
"h_pamod_t3_None_Very Often";"hs_zbmi_who";0;0,0797226321415462;0,0756394029903024;0,0102229945369683;0,0596859310349386;0,0997593332481538;0,0560181149396809;0,0933384481117291;7,79836395815864;6,27149127129488e-15;TRUE;100;"3";"Combined"
"h_pavig_t3_None_Low";"hs_zbmi_who";0;0,0637307697576359;0,0620560716500478;0,0112247130051133;0,0417307365308155;0,0857308029844563;0,0399728762674866;0,0839265378835578;5,67771930815551;1,36502462104305e-08;TRUE;100;"3";"Combined"
"h_pavig_t3_None_Medium";"hs_zbmi_who";0;0,0707021500906451;0,0682532563556833;0,0119611640706866;0,0472586992989249;0,0941456008823653;0,0451979157532577;0,0916140737023856;5,91097569373836;3,40087219185718e-09;TRUE;100;"3";"Combined"
"hs_no2_dy_hs_h_Log";"hs_zbmi_who";0;-0,00167983299561728;-0,00171854120168015;0,0053243964292814;-0,0121154582364225;0,00875579224518792;-0,0117918277185062;0,00894619985039434;-0,315497355978056;0,752384058259332;FALSE;100;"3";"Combined"
"hs_no2_wk_hs_h_Log";"hs_zbmi_who";0;0,00931598287484594;0,00979454311119824;0,00544596987758244;-0,00135792194610564;0,0199898876957975;-0,000620849606097996;0,0189360251452496;1,71061961124571;0,0871513562957301;FALSE;100;"3";"Combined"
"hs_no2_yr_hs_h_Log";"hs_zbmi_who";0;0,0177735948319351;0,0177929286590962;0,00644350682398435;0,00514455352278775;0,0304026361410825;0,00647244633199041;0,029660362826743;2,7583729353366;0,00580898838127465;TRUE;100;"3";"Combined"
"hs_pm10_dy_hs_h_None";"hs_zbmi_who";0;0,00682959872055366;0,00558534320119476;0,00489120987899739;-0,00275699648310774;0,016416193924215;-0,00420509427565168;0,0135240656400507;1,39630048382909;0,162624028176955;FALSE;100;"3";"Combined"
"hs_pm10_wk_hs_h_None";"hs_zbmi_who";0;-0,0092797342493558;-0,00924222361942724;0,00429308858335283;-0,0176940332551674;-0,000865435243544167;-0,0174221316133087;-0,0019717636004567;-2,16155200834651;0,0306527240497193;TRUE;100;"3";"Combined"
"hs_pm10_yr_hs_h_None";"hs_zbmi_who";0;-0,0026885373273803;-0,00213868855717647;0,00498828152261458;-0,0124653894564515;0,00708831480169089;-0,0101918971795306;0,00728385657417463;-0,538970648547342;0,589907107456629;FALSE;100;"3";"Combined"
"hs_pm25_dy_hs_h_None";"hs_zbmi_who";0;0,00857938945802912;0,0079272297991168;0,00476561993832847;-0,000761053985100672;0,0179198329011589;-0,000291092922970203;0,0177077636727468;1,80026724099999;0,0718184509354168;FALSE;100;"3";"Combined"
"hs_pm25_wk_hs_h_None";"hs_zbmi_who";0;-0,00887181915035485;-0,00848985270168756;0,00545053440966345;-0,0195546702897915;0,0018110319890818;-0,0171792859401352;0,00343000583267266;-1,62769711803409;0,103589124504573;FALSE;100;"3";"Combined"
"hs_pm25_yr_hs_h_None";"hs_zbmi_who";0;0,0185796849854365;0,0156093305951614;0,00717656779166697;0,00451387058115907;0,0326454993897139;0,00344317123958602;0,0301696610266765;2,58893743148503;0,00962725852901009;TRUE;100;"3";"Combined"
"hs_pm25abs_dy_hs_h_Log";"hs_zbmi_who";0;-0,00427580266418664;-0,00373074158287904;0,00405412944008032;-0,0122217503554076;0,00367014502703432;-0,0112834618348481;0,00405932148147727;-1,05467837852309;0,291572443646024;FALSE;100;"3";"Combined"
"hs_pm25abs_wk_hs_h_Log";"hs_zbmi_who";0;-0,00186399186663337;-0,00231125036654093;0,00400830049354918;-0,00972011647320389;0,00599213273993714;-0,00989739540884159;0,00466899944238345;-0,465032965874993;0,641907849166016;FALSE;100;"3";"Combined"
"hs_pm25abs_yr_hs_h_Log";"hs_zbmi_who";0;0,0029199606530266;0,0018672832455179;0,00502071936545144;-0,00692046847974101;0,0127603897857942;-0,00925145968406801;0,0104970330894766;0,581582128074998;0,560848183904223;FALSE;100;"3";"Combined"
"hs_accesslines300_h_dic0";"hs_zbmi_who";0;-0,0343302830345763;-0,0329411473680281;0,0295898179410465;-0,0923252605081245;0,023664694438972;-0,0880077829672549;0,0249768682352044;-1,16020595675764;0,245964962313069;FALSE;100;"3";"Combined"
"hs_accesspoints300_h_Log";"hs_zbmi_who";0;-0,0018323578852682;-0,00306070410489621;0,00543939733785227;-0,0124933807650617;0,00882866499452529;-0,0133931769086233;0,00708509512454248;-0,336867813005126;0,736216550095045;FALSE;100;"3";"Combined"
"hs_builtdens300_h_Sqrt";"hs_zbmi_who";0;-0,0032500978477284;-0,0027853026504218;0,00455973262797753;-0,0121870095776965;0,00568681388223973;-0,0126623625084983;0,00536970587650382;-0,712782549526371;0,475980325557678;FALSE;100;"3";"Combined"
"hs_connind300_h_Log";"hs_zbmi_who";0;0,00785902938803587;0,00762776248051941;0,00552612317353889;-0,00297197300623254;0,0186900317823043;-0,00254804408498629;0,0178978361123832;1,42215964813593;0,154979910022095;FALSE;100;"3";"Combined"
"hs_fdensity300_h_Log";"hs_zbmi_who";0;0,00268740360793082;0,00368764732427686;0,00518686549730284;-0,00747866595943618;0,0128534731752978;-0,00675841771382089;0,0124991001829895;0,518117080407862;0,604376583768685;FALSE;100;"3";"Combined"
"hs_landuseshan300_h_None";"hs_zbmi_who";0;-0,00471614213043506;-0,00409647884668073;0,00398543018377298;-0,0125274417535289;0,00309515749265883;-0,0112584947389719;0,00280392104603831;-1,18334581537452;0,236672122247473;FALSE;100;"3";"Combined"
"hs_popdens_h_Sqrt";"hs_zbmi_who";0;-0,00105029277230494;-0,00140193313813915;0,00478039230368347;-0,010419689519497;0,00831910397488713;-0,0100142027810804;0,00965694243899032;-0,219708489509459;0,82609819254202;FALSE;100;"3";"Combined"
"hs_walkability_mean_h_None";"hs_zbmi_who";0;-0,0034593291131309;-0,00299707686748172;0,00391934467326963;-0,0111411035157383;0,00422244528947648;-0,0112482558820091;0,00343395180739767;-0,882629470361183;0,377436500400461;FALSE;100;"3";"Combined"
"hs_accesslines300_s_dic0";"hs_zbmi_who";0;-0,00117831958477365;-0,00282419828896331;0,0237912934193156;-0,047808397832257;0,0454517586627097;-0,0464822156202938;0,0399683073248583;-0,049527344478758;0,960499046191753;FALSE;100;"3";"Combined"
"hs_accesspoints300_s_Log";"hs_zbmi_who";0;-0,00800656641898585;-0,00720368512415028;0,00478575275196016;-0,0173864694517412;0,00137333661376951;-0,0158056048497582;0,00247135261795068;-1,67300043147998;0,0943272110966792;FALSE;100;"3";"Combined"
"hs_builtdens300_s_Sqrt";"hs_zbmi_who";0;-0,00063310660124846;-0,00101865986385505;0,00446612414243364;-0,00938654907090323;0,0081203358684063;-0,0104237870089087;0,00662076465436172;-0,141757501819793;0,887271553615758;FALSE;100;"3";"Combined"
"hs_connind300_s_Log";"hs_zbmi_who";0;-0,00615278491175194;-0,00507791290732822;0,00411326080394266;-0,0142146279464998;0,00190905812299593;-0,0128300272466356;0,0030857295002052;-1,4958411841657;0,134695046226928;FALSE;100;"3";"Combined"
"hs_fdensity300_s_Log";"hs_zbmi_who";0;0,00531135264227511;0,00478373090407192;0,00449269592952005;-0,00349416957307389;0,0141168748576241;-0,00238884554495439;0,0127619605003317;1,18221947926098;0,237118625435113;FALSE;100;"3";"Combined"
"hs_landuseshan300_s_None";"hs_zbmi_who";0;-0,0034455530002942;-0,0032119892449519;0,00407798436137588;-0,0114382554781085;0,00454714947752009;-0,0102880060295092;0,00385229709359153;-0,844915697305837;0,3981579095014;FALSE;100;"3";"Combined"
"hs_popdens_s_Sqrt";"hs_zbmi_who";0;-0,00454244874459688;-0,00381923302934068;0,0044170871818191;-0,0131997805375359;0,00411488304834208;-0,0123115062901576;0,00443117158828567;-1,02838104787557;0,303770619931789;FALSE;100;"3";"Combined"
"h_Absorbance_Log";"hs_zbmi_who";0;-0,00339113284274491;-0,00267255713278395;0,00487977249117921;-0,0129553111782055;0,00617304549271564;-0,0106212267800205;0,00799216538556532;-0,694936669460472;0,487094991026139;FALSE;100;"3";"Combined"
"h_Benzene_Log";"hs_zbmi_who";0;-0,0020337795342156;-0,00110485193069537;0,00449593848177116;-0,0108456570351948;0,00677809796676357;-0,00926959800728417;0,00733395843484516;-0,452359288825143;0,651010170417308;FALSE;100;"3";"Combined"
"h_NO2_Log";"hs_zbmi_who";0;0,0111499537117318;0,0105699850655236;0,00411863833360707;0,00307757091251592;0,0192223365109478;0,00300506294065596;0,0182899580116453;2,70719417647113;0,00678545564834091;TRUE;100;"3";"Combined"
"h_PM_Log";"hs_zbmi_who";0;0,00452704477949792;0,00468085009979401;0,00413423745381368;-0,00357591173351347;0,0126300012925093;-0,00287287666690209;0,0128089750195982;1,09501324732131;0,27351083284786;FALSE;100;"3";"Combined"
"h_TEX_Log";"hs_zbmi_who";0;0,00536777839728698;0,00453967653018386;0,0042719094465091;-0,00300501026308728;0,0137405670576613;-0,00348758469668495;0,0136586857873469;1,25652906844114;0,208924213618231;FALSE;100;"3";"Combined"
"hs_KIDMED_None";"hs_zbmi_who";0;0,00853264861275712;0,00754389799231128;0,00320320974236112;0,0022544728828015;0,0148108243427127;0,00142795312500339;0,0129930875047134;2,66378080083748;0,00772678935593473;TRUE;100;"3";"Combined"
"hs_mvpa_prd_alt_None";"hs_zbmi_who";0;-0,000779983442449563;-0,0016169107516316;0,00500159938512727;-0,0105829381023967;0,00902297121749757;-0,0107573963616971;0,0098812164181845;-0,155946804689899;0,876074951786148;FALSE;100;"3";"Combined"
"hs_sd_wk_None";"hs_zbmi_who";0;0,000931796698976039;0,000208139529836564;0,00416378550754245;-0,00722907293515699;0,00909266633310907;-0,00680651560513485;0,00866269255106083;0,223785950858454;0,822923862339586;FALSE;100;"3";"Combined"
"hs_dif_hours_total_None";"hs_zbmi_who";0;-0,00307880493222133;-0,00466913274780725;0,00385971445677086;-0,0106437062581008;0,00448609639365813;-0,0120989355709792;0,00351888436193892;-0,797676866178629;0,425058031978419;FALSE;100;"3";"Combined"
"hs_as_c_Log2";"hs_zbmi_who";0;0,000348336792550791;0,000479370584929592;0,00493860256578099;-0,00933114637033705;0,0100278199554386;-0,0078793034955693;0,0107783508208708;0,0705334733684336;0,943769058989297;FALSE;100;"3";"Combined"
"hs_cd_c_Log2";"hs_zbmi_who";0;0,00186222135495507;0,0015242920119165;0,00349788136862695;-0,00499350014974743;0,00871794285965757;-0,00675715048422552;0,00731166445059632;0,532385509599504;0,594459019128662;FALSE;100;"3";"Combined"
"hs_co_c_Log2";"hs_zbmi_who";0;-0,00206876872448598;-0,00292997198388217;0,00421785189487561;-0,0103356065305662;0,00619806908159424;-0,0116564457810179;0,00397487147505102;-0,4904792240333;0,623794827877158;FALSE;100;"3";"Combined"
"hs_cs_c_Log2";"hs_zbmi_who";0;0,00910155992409462;0,00923705328275797;0,00479581699439969;-0,000298068661373906;0,0185011885095631;0,000458149464342059;0,020048754791081;1,89781218397678;0,0577208276298774;FALSE;100;"3";"Combined"
"hs_cu_c_Log2";"hs_zbmi_who";0;0,00828397399785342;0,00818567783874515;0,00435065022295727;-0,000243143748473989;0,0168110917441808;0,000124715793257341;0,017116857601839;1,90407722370808;0,0569001275374177;FALSE;100;"3";"Combined"
"hs_hg_c_Log2";"hs_zbmi_who";0;-0,00166378317914043;-0,0017458044666587;0,00451758473991725;-0,010518086566486;0,00719052020820513;-0,0109372452553657;0,0077536351340909;-0,368290419533095;0,712656695391165;FALSE;100;"3";"Combined"
"hs_mn_c_Log2";"hs_zbmi_who";0;-0,00891912190778678;-0,00786239442488548;0,00435878064862445;-0,0174621749956008;-0,00037606881997272;-0,016539480255061;-0,000187615550569577;-2,04624243034608;0,0407325246602234;TRUE;100;"3";"Combined"
"hs_mo_c_Log2";"hs_zbmi_who";0;-0,0123873530486429;-0,0124248923862959;0,00381917585361679;-0,0198728001723569;-0,00490190592492902;-0,0201837027069732;-0,00592539583432592;-3,24346233937147;0,0011808642063612;TRUE;100;"3";"Combined"
"hs_pb_c_Log2";"hs_zbmi_who";0;0,000529989463841599;0,00054507318895187;0,00382470337234245;-0,00696629139749848;0,00802627032518168;-0,00649494748087725;0,00760869023766889;0,138570083022414;0,889789885477811;FALSE;100;"3";"Combined"
"hs_hum_mt_hs_h_None";"hs_zbmi_who";0;-0,00165855969935867;-0,00237042268964632;0,00504648100908726;-0,0115494807258351;0,00823236132711771;-0,0131556902489788;0,00623689911163986;-0,328656681036168;0,742415200448601;FALSE;100;"3";"Combined"
"hs_tm_mt_hs_h_None";"hs_zbmi_who";0;0,00534313445442805;0,0052007721524023;0,00455442094557873;-0,00358336656934111;0,0142696354781972;-0,00379254903450882;0,0132783385336204;1,17317536483205;0,240725488956537;FALSE;100;"3";"Combined"
"hs_uvdvf_mt_hs_h_None";"hs_zbmi_who";0;-0,00301673560094101;-0,00326482199664829;0,00535676401988056;-0,0135158001535869;0,0074823289517049;-0,0147467433871095;0,00552388553939417;-0,563163803696597;0,573323348011512;FALSE;100;"3";"Combined"
"hs_hum_dy_hs_h_None";"hs_zbmi_who";0;-0,00508449142817432;-0,00558749990176366;0,00522330924671674;-0,0153219894318542;0,00515300657550553;-0,015334788486467;0,00513758607093335;-0,973423396550821;0,330342915380159;FALSE;100;"3";"Combined"
"hs_hum_wk_hs_h_None";"hs_zbmi_who";0;-0,0127201671909434;-0,0115602824738376;0,00627293204077335;-0,0250148880683265;-0,000425446313560328;-0,0247018068416337;-0,000613904131061164;-2,02778654515365;0,042582038162718;TRUE;100;"3";"Combined"
"hs_tm_dy_hs_h_None";"hs_zbmi_who";0;0,00044710425815517;0,000591312848639467;0,00628262969322545;-0,0118666236687686;0,012760832185079;-0,010961976751985;0,0131918327387041;0,071165145804675;0,943266320676829;FALSE;100;"3";"Combined"
"hs_tm_wk_hs_h_None";"hs_zbmi_who";0;-0,000436648079325422;0,000112347126721921;0,00521345484595176;-0,0106548318124167;0,00978153565376585;-0,0104941018477399;0,0108119440597976;-0,0837540733021747;0,933251963854399;FALSE;100;"3";"Combined"
"hs_uvdvf_dy_hs_h_None";"hs_zbmi_who";0;0,000109920687528943;-0,00144113212140065;0,00492205166660676;-0,00953712330906564;0,00975696468412353;-0,0107748550674601;0,00805949073229869;0,0223322904703928;0,98218289122995;FALSE;100;"3";"Combined"
"hs_uvdvf_wk_hs_h_None";"hs_zbmi_who";0;-0,0130424585485826;-0,0128074864314135;0,00479912605354232;-0,0224485727707934;-0,0036363443263718;-0,0229528985644649;-0,00411362475260925;-2,71767367705537;0,00657426418399921;TRUE;100;"3";"Combined"
"hs_ndvi100_h_None";"hs_zbmi_who";0;0,00568596502747434;0,00403431677353448;0,00513169338922884;-0,00437196919511647;0,0157438992500651;-0,00459672489036302;0,0152318127041123;1,10800950021856;0,267857713031819;FALSE;100;"3";"Combined"
"hs_ndvi100_s_None";"hs_zbmi_who";0;0,00255455759340042;0,00148285876746804;0,00430952277176608;-0,00589195182981631;0,0110010670166172;-0,00687002241981287;0,00905619608166828;0,592770413034282;0,553334810985405;FALSE;100;"3";"Combined"
"hs_dde_cadj_Log2";"hs_zbmi_who";0;-0,0146575101824841;-0,0142016248921949;0,00548178508081999;-0,0254016115118803;-0,00391340885308793;-0,0252770209760596;-0,00482455536526552;-2,673857140764;0,00749843866335919;TRUE;100;"3";"Combined"
"hs_ddt_cadj_Log2";"hs_zbmi_who";0;-0,000690163374019955;-0,00183105463420525;0,00373006445981572;-0,00800095537527162;0,00662062862723171;-0,00865394457716506;0,005773913157857;-0,18502719764099;0,853207703240898;FALSE;100;"3";"Combined"
"hs_hcb_cadj_Log2";"hs_zbmi_who";0;-0,0188586240059402;-0,0244536711384483;0,0143458751073179;-0,0469760225429929;0,00925877453111252;-0,0511924083442165;-0,00685185381927443;-1,31456769732509;0,188655232378716;FALSE;100;"3";"Combined"
"hs_pcb118_cadj_Log2";"hs_zbmi_who";0;0,00703727565067173;0,0059956484830002;0,00515689975002485;-0,00307006213126057;0,017144613432604;-0,00461559435230924;0,0147438776995751;1,36463301436834;0,172368422897223;FALSE;100;"3";"Combined"
"hs_pcb138_cadj_Log2";"hs_zbmi_who";0;-0,000531654670091752;-0,000829226243531099;0,00666385806123003;-0,0135925764681895;0,012529267128006;-0,0146789232829796;0,0124839332291583;-0,0797818118583423;0,936410790240494;FALSE;100;"3";"Combined"
"hs_pcb153_cadj_Log2";"hs_zbmi_who";0;-0,00529062522483442;-0,00526079577939584;0,00579401916934531;-0,0166466941224859;0,00606544367281706;-0,0138684545980727;0,00645662789134089;-0,913118350181819;0,361180300288689;FALSE;100;"3";"Combined"
"hs_pcb170_cadj_Log2";"hs_zbmi_who";0;-0,0220040517023328;-0,020903270970796;0,00497658721622509;-0,0317579834120564;-0,0122501199926091;-0,0298626974495777;-0,0124475626644842;-4,42151433227038;9,80115618798777e-06;TRUE;100;"3";"Combined"
"hs_pcb180_cadj_Log2";"hs_zbmi_who";0;-0,00205495447879431;-0,00378973154207245;0,00486137399835055;-0,0115830724309409;0,00747316347335225;-0,0137654123160723;0,00449718351735954;-0,422710632732957;0,67250639696555;FALSE;100;"3";"Combined"
"hs_sumPCBs5_cadj_Log2";"hs_zbmi_who";0;-0,0202143247490103;-0,0178737006394592;0,00553573030609039;-0,0310641567770744;-0,00936449272094627;-0,0277358006721126;-0,00863993960881754;-3,65160938688986;0,00026060205475226;TRUE;100;"3";"Combined"
"hs_pfhxs_c_Log2";"hs_zbmi_who";0;0,0046227362971661;0,00534743047890146;0,00387870409927185;-0,0029793840440946;0,0122248566384268;-0,00129231450401071;0,0134564762528477;1,19182494432455;0,233329892792515;FALSE;100;"3";"Combined"
"hs_pfna_c_Log2";"hs_zbmi_who";0;-0,00379930764655168;-0,00367980301907128;0,00497568923356087;-0,0135514793425947;0,00595286404949134;-0,0133462425952741;0,00390032199807482;-0,763574143844327;0,445121062489946;FALSE;100;"3";"Combined"
"hs_pfoa_c_Log2";"hs_zbmi_who";0;0,00118831427195704;0,00145343714873789;0,00477730479673994;-0,00817503107282368;0,0105516596167378;-0,00731891728148065;0,00966552874978048;0,248741565069902;0,803560694809919;FALSE;100;"3";"Combined"
"hs_pfos_c_Log2";"hs_zbmi_who";0;-0,00438191007316203;-0,00425448135487179;0,00384828151878862;-0,0119244032523588;0,00316058310603477;-0,0122908284755777;0,00224622207133182;-1,13866671441994;0,254842190860377;FALSE;100;"3";"Combined"
"hs_pfunda_c_Log2";"hs_zbmi_who";0;-0,000885056929955636;0,000290728894212428;0,00359914663615269;-0,0079392547118934;0,00616914085198213;-0,00642172867849384;0,00651720146632339;-0,245907438464835;0,805753885550062;FALSE;100;"3";"Combined"
"hs_hm_pers_None";"hs_zbmi_who";0;0,000210329382401836;-0,000972576557356886;0,00385655228087214;-0,00734837419260336;0,00776903295740703;-0,00828802209084749;0,00533102847373937;0,0545381903533461;0,95650638235002;FALSE;100;"3";"Combined"
"hs_trafload_h_pow1over3";"hs_zbmi_who";0;-0,00676875695917384;-0,0061679043302662;0,003649443966539;-0,0139215356971873;0,000384021778839607;-0,0128685404838785;0,000856452579587371;-1,85473650814622;0,0636338626505011;FALSE;100;"3";"Combined"
"hs_trafnear_h_pow1over3";"hs_zbmi_who";0;0,00329204354286235;0,0025694738808073;0,00522726244711001;-0,00695320259121197;0,0135372896769367;-0,00696505544906759;0,0116154128463503;0,629783481539638;0,528836254549448;FALSE;100;"3";"Combined"
"FAS_cat_None_Low";"hs_zbmi_who";0;-0,0126903717206851;-0,0101314651984026;0,0124250038539515;-0,0370429317822013;0,0116621883408311;-0,0305313549460542;0,0185092471286305;-1,02135756816278;0,307085060933236;FALSE;100;"3";"Combined"
"FAS_cat_None_Middle";"hs_zbmi_who";0;0,00610804206256608;0,00663768081180826;0,00707723137835855;-0,00776307654927345;0,0199791606744056;-0,00611439588127741;0,0215975592415234;0,863055301716409;0,388107062034546;FALSE;100;"3";"Combined"
"hs_globalexp2_None_no exposure";"hs_zbmi_who";0;0,0101616382284492;0,01111274264414;0,00789136221125204;-0,00530514749456515;0,0256284239514636;-0,00571716151479158;0,0261804228486543;1,28769127007756;0,197853453665619;FALSE;100;"3";"Combined"
"h_abs_ratio_preg_Log";"hs_correct_raven";0;-0,00188619301007591;-0,00167566263521424;0,00824504573899076;-0,0180461857093832;0,0142737996892314;-0,017092012715512;0,0128264848297922;-0,22876683402205;0,819050145843662;FALSE;100;"3";"Combined"
"h_no2_ratio_preg_Log";"hs_correct_raven";0;0,015505569690561;0,0139804947367151;0,00649577048723364;0,00277409348374491;0,0282370458973772;0,000609574630169926;0,0268167409963669;2,3870254838952;0,0169853138394206;TRUE;100;"3";"Combined"
"h_pm10_ratio_preg_None";"hs_correct_raven";0;-0,00401296694598722;-0,00441748962283712;0,00933834654702216;-0,0223157898533046;0,0142898559613302;-0,0186313609477928;0,0124782285014604;-0,429729923362813;0,667392113688948;FALSE;100;"3";"Combined"
"h_pm25_ratio_preg_None";"hs_correct_raven";0;0,00900921827199939;0,0091872713524033;0,00595159517059489;-0,0026556939129291;0,0206741304569279;-0,00145353290417763;0,0198194301873138;1,51374850166412;0,130089638482832;FALSE;100;"3";"Combined"
"h_accesslines300_preg_dic0";"hs_correct_raven";0;-0,0145131322826982;-0,0115048162350021;0,0280498681172201;-0,0694898635635478;0,0404635989981515;-0,0545917806126686;0,0423316611091976;-0,517404653100256;0,604873712175644;FALSE;100;"3";"Combined"
"h_accesspoints300_preg_Log";"hs_correct_raven";0;-0,00640432509300973;-0,00498725505538226;0,00750173982170364;-0,0211074649649388;0,00829881477891934;-0,0189989430022729;0,00762068055564745;-0,853711971519069;0,393264599329419;FALSE;100;"3";"Combined"
"h_builtdens300_preg_Sqrt";"hs_correct_raven";0;0,00960965575461153;0,00915005787752128;0,00731106070398042;-0,00471975991397614;0,0239390714231992;-0,00369346994209434;0,0227614971038705;1,31439966698398;0,188711742487451;FALSE;100;"3";"Combined"
"h_connind300_preg_Sqrt";"hs_correct_raven";0;-0,00426699387318431;-0,00312825267525787;0,00821733862119054;-0,0203726816194878;0,0118386938731192;-0,0180199898310175;0,0105288796787112;-0,51926713378718;0,603574469166486;FALSE;100;"3";"Combined"
"h_fdensity300_preg_Log";"hs_correct_raven";0;0,00781444438812755;0,00781804168843288;0,0082999364762105;-0,0084531321792153;0,0240820209554704;-0,00695956495813144;0,0247258153496539;0,941506529661465;0,34644534465596;FALSE;100;"3";"Combined"
"h_frichness300_preg_None";"hs_correct_raven";0;0,00537225491941687;0,00666212110800858;0,00808861257532864;-0,010481134413125;0,0212256442519588;-0,00752984690791498;0,0201891659334201;0,664175081867931;0,506578259853871;FALSE;100;"3";"Combined"
"h_landuseshan300_preg_None";"hs_correct_raven";0;0,00254839271065551;0,00222367042145972;0,00495729531891718;-0,00716772757515117;0,0122645129964622;-0,00791527607981443;0,0100686033621141;0,514069174158491;0,607203628383965;FALSE;100;"3";"Combined"
"h_popdens_preg_Sqrt";"hs_correct_raven";0;-0,00645132937242832;-0,00588391678461844;0,00611411376668753;-0,0184347721525164;0,00553211340765978;-0,0171210395711454;0,00436697387879474;-1,05515363609655;0,291355064798131;FALSE;100;"3";"Combined"
"h_walkability_mean_preg_None";"hs_correct_raven";0;-0,00318184097866063;-0,00373110944810401;0,0070194241701199;-0,0169396595443056;0,0105759775869843;-0,0168890151790571;0,0104310701970899;-0,45329088277711;0,650339297057701;FALSE;100;"3";"Combined"
"hs_as_m_Log2";"hs_correct_raven";0;0,00340592555727141;0,00357733788003179;0,00524305841585036;-0,00687028010663493;0,0136821312211777;-0,00583091534478306;0,0142526022934284;0,649606639318552;0,515946343346254;FALSE;100;"3";"Combined"
"hs_cd_m_Log2";"hs_correct_raven";0;0,00664411359042666;0,00617310391365543;0,00634267495687766;-0,0057873008906977;0,019075528071551;-0,00626678654966697;0,0178071700215489;1,04752547396775;0,294857289566444;FALSE;100;"3";"Combined"
"hs_co_m_Log2";"hs_correct_raven";0;-0,000587098839555912;-0,000295734450195361;0,00502521160456738;-0,0104363325992007;0,00926213492008889;-0,00987162015077095;0,0086679151930397;-0,1168306701796;0,906994238886662;FALSE;100;"3";"Combined"
"hs_cs_m_Log2";"hs_correct_raven";0;9,52192596551246e-05;-0,000359469342712438;0,00561003282074527;-0,0109002430210933;0,0110906815404035;-0,0104175773236365;0,0115995078694003;0,016973030764279;0,986458131005058;FALSE;100;"3";"Combined"
"hs_cu_m_Log2";"hs_correct_raven";0;-0,00477194579667596;-0,00368650748363456;0,00566819115170141;-0,0158813963114993;0,00633750471814741;-0,0136712715803516;0,00673859818810415;-0,841881593079932;0,399854234477437;FALSE;100;"3";"Combined"
"hs_hg_m_Log2";"hs_correct_raven";0;-0,00395574576825461;-0,00381145069945929;0,00586549444141082;-0,0154519036249397;0,00754041208843047;-0,0139488238006533;0,00723521626834742;-0,674409601401504;0,500050940195326;FALSE;100;"3";"Combined"
"hs_mn_m_Log2";"hs_correct_raven";0;0,000428771009926447;0,0010375905604893;0,0047566702379642;-0,00889413134281696;0,00975167336266985;-0,00853970973608686;0,00826078121353856;0,0901409995808235;0,928175168861556;FALSE;100;"3";"Combined"
"hs_mo_m_Log2";"hs_correct_raven";0;0,00290958954657153;0,00346320727519085;0,00452131751511383;-0,00595202994572171;0,0117712090388648;-0,00566314621162683;0,0114483026079298;0,643526922593994;0,519882251143809;FALSE;100;"3";"Combined"
"hs_pb_m_Log2";"hs_correct_raven";0;0,00343939629658554;0,00320515797489744;0,00529027472530763;-0,00692935163333994;0,013808144226511;-0,00661849728392873;0,0113925052008716;0,650135668783352;0,515604590941713;FALSE;100;"3";"Combined"
"h_humidity_preg_None";"hs_correct_raven";0;0,00415236692703104;0,00503478561882575;0,0110544982407714;-0,0175140514920424;0,0258187853461045;-0,0155912821094115;0,025126586213581;0,37562690197156;0,707194288100821;FALSE;100;"3";"Combined"
"h_pressure_preg_None";"hs_correct_raven";0;-0,0269758603805777;-0,0264037644518102;0,00737320921354433;-0,0414270848896034;-0,0125246358715519;-0,0401557693505877;-0,013289366779326;-3,65863216400044;0,000253564969037411;TRUE;100;"3";"Combined"
"h_temperature_preg_None";"hs_correct_raven";0;0,0225964964587801;0,0204385489231616;0,00913662614262966;0,00468903827901882;0,0405039546385413;0,0027072855309287;0,0372524690783042;2,47317730922023;0,0133917682655593;TRUE;100;"3";"Combined"
"h_ndvi100_preg_None";"hs_correct_raven";0;0,00363936612714166;0,00314475257871895;0,00856615585895446;-0,0131499908423658;0,0204287230966492;-0,0128812556056838;0,0225417315757531;0,424854063720697;0,670943063213782;FALSE;100;"3";"Combined"
"hs_dde_madj_Log2";"hs_correct_raven";0;-0,00936169670568863;-0,00958374981343483;0,00606484978590396;-0,0212485838577058;0,00252519044632858;-0,020070832291879;0,00276016936345466;-1,54359910569381;0,122685481821412;FALSE;100;"3";"Combined"
"hs_ddt_madj_Log2";"hs_correct_raven";0;-0,000974683081157431;-0,000425206155661805;0,00466105858568057;-0,0101101900389225;0,00816082387660768;-0,00844413421752084;0,00926698470668796;-0,209111956702667;0,834360840943559;FALSE;100;"3";"Combined"
"hs_hcb_madj_Log2";"hs_correct_raven";0;0,0028371885006025;0,00283628104022799;0,00376552727412445;-0,00454310933948471;0,0102174863406897;-0,00442486291359732;0,0100685361998265;0,753463803090417;0,451171254805724;FALSE;100;"3";"Combined"
"hs_pcb118_madj_Log2";"hs_correct_raven";0;-0,0148989340866671;-0,0137730316928607;0,00831778748698018;-0,0312014979922062;0,00140362981887195;-0,0314286392801592;0,00149644654764897;-1,79121360217346;0,0732590242531897;FALSE;100;"3";"Combined"
"hs_pcb138_madj_Log2";"hs_correct_raven";0;0,00867894715252447;0,00753048126800167;0,00960405589338018;-0,0101446565040103;0,0275025508090593;-0,00716358806372923;0,0267871415559584;0,903675202318079;0,366167651906604;FALSE;100;"3";"Combined"
"hs_pcb153_madj_Log2";"hs_correct_raven";0;-0,0181791971311238;-0,0155907154839879;0,010150283000776;-0,038073386245534;0,00171499198328634;-0,0358163466728953;0,000844456867871378;-1,79100396804049;0,073292658241034;FALSE;100;"3";"Combined"
"hs_pcb170_madj_Log2";"hs_correct_raven";0;0,00242989243895514;0,00149468421593499;0,00905376694056145;-0,0153151646889647;0,020174949566875;-0,0151157868222103;0,0181654698227125;0,268384690583217;0,788403222532129;FALSE;100;"3";"Combined"
"hs_pcb180_madj_Log2";"hs_correct_raven";0;0,0148334711964037;0,0131500690838025;0,00874174164084077;-0,00230002758179829;0,0319669699746057;-0,00318757413312108;0,0296553917232068;1,69685536427922;0,0897240085805816;FALSE;100;"3";"Combined"
"hs_sumPCBs5_madj_Log2";"hs_correct_raven";0;0,00376985778537583;0,00340188361564993;0,00880697797888831;-0,0134915018658826;0,0210312174366343;-0,0141201772033679;0,0210036925284573;0,428053504211407;0,6686121670079;FALSE;100;"3";"Combined"
"hs_pfhxs_m_Log2";"hs_correct_raven";0;0,0118174920253287;0,0122119493270888;0,00758460306775208;-0,00304805682449738;0,0266830408751548;-0,00310146764930903;0,0258144183281799;1,55808971409115;0,119211982653387;FALSE;100;"3";"Combined"
"hs_pfna_m_Log2";"hs_correct_raven";0;-0,0133044267145733;-0,0125557491189698;0,00679080728290001;-0,0266141644150096;5,31098586299683e-06;-0,0243651840083619;-0,000945209813733916;-1,95918189993041;0,0500914880710668;FALSE;100;"3";"Combined"
"hs_pfoa_m_Log2";"hs_correct_raven";0;0,00940388904575361;0,00907027931269071;0,00674175643334511;-0,00380971075614402;0,0226174888476512;-0,00284241074115042;0,0229097869156627;1,39487226195854;0,163054363001818;FALSE;100;"3";"Combined"
"hs_pfos_m_Log2";"hs_correct_raven";0;0,00463254627323726;0,0038744341050332;0,00790463332906948;-0,0108602503627339;0,0201253429092084;-0,00984696200004445;0,0204425708891608;0,586054542998339;0,557838862255213;FALSE;100;"3";"Combined"
"hs_pfunda_m_Log2";"hs_correct_raven";0;0,00234785138061857;0,00205494486521383;0,00673808827462761;-0,0108585589623032;0,0155542617235403;-0,0105974652857478;0,0173877250790508;0,3484447346081;0,72750621156368;FALSE;100;"3";"Combined"
"e3_asmokcigd_p_None";"hs_correct_raven";0;-0,00839514333857778;-0,00779282501486176;0,00643256495798331;-0,0210027389844395;0,0042124523072839;-0,0188288231689523;0,00596910555030644;-1,30510043713725;0,191858649942545;FALSE;100;"3";"Combined"
"h_distinvnear1_preg_Log";"hs_correct_raven";0;0,00123825239338953;0,000134793485055858;0,0046073729955685;-0,00779203274126715;0,0102685375280462;-0,00839094615301836;0,0101019273350049;0,268754536387767;0,788118581173305;FALSE;100;"3";"Combined"
"h_trafload_preg_pow1over3";"hs_correct_raven";0;-0,00485252026642208;-0,00455100072027332;0,00547897410672655;-0,0155911121878336;0,00588607165498947;-0,0153520294277809;0,00559456527736793;-0,885662200970183;0,375799582672815;FALSE;100;"3";"Combined"
"h_trafnear_preg_pow1over3";"hs_correct_raven";0;-0,00909385232096334;-0,00923107360636098;0,00662512967666158;-0,0220788678801275;0,00389116323820084;-0,0211357240982977;0,00283558050341141;-1,37263008647187;0,169867373753645;FALSE;100;"3";"Combined"
"h_bro_preg_Log";"hs_correct_raven";0;0,00677091202715149;0,00768744891107238;0,00879623181483886;-0,0104693855295981;0,024011209583901;-0,00857738441642541;0,0254428903061315;0,769751431030871;0,441447355300359;FALSE;100;"3";"Combined"
"h_clf_preg_Log";"hs_correct_raven";0;-0,000567554583431158;-0,000224715512323863;0,00624805963778773;-0,0128135264467535;0,0116784172798912;-0,0107960355500589;0,011950330222656;-0,0908369343977827;0,927622161948239;FALSE;100;"3";"Combined"
"h_thm_preg_Log";"hs_correct_raven";0;-0,00052119057165829;0,000148031976452899;0,00754662404458016;-0,0153123019038994;0,0142699207605828;-0,0130213314986821;0,0124128155942978;-0,0690627449544937;0,944939675412368;FALSE;100;"3";"Combined"
"e3_alcpreg_yn_None_1";"hs_correct_raven";0;0,0210042237255082;0,0217210050166686;0,0119340024463012;-0,00238599126065495;0,0443944387116714;0,00124101006954487;0,0414001613717626;1,76003179319092;0,0784024161037016;FALSE;100;"3";"Combined"
"h_pamod_t3_None_Often";"hs_correct_raven";0;0,0838744987425822;0,0813477773740661;0,0149247982251495;0,0546224317447618;0,113126565740403;0,0501012040744383;0,108406693990634;5,61980788465513;1,91169916063731e-08;TRUE;100;"3";"Combined"
"h_pamod_t3_None_Sometimes";"hs_correct_raven";0;0,0749756289164672;0,0741594970279064;0,0148292942822194;0,0459107462071715;0,104040511625763;0,0488598277647371;0,10604770573505;5,05591348378355;4,28335495113637e-07;TRUE;100;"3";"Combined"
"h_pamod_t3_None_Very Often";"hs_correct_raven";0;0,0760218672407866;0,0735079536399524;0,0144576187488962;0,0476854551907391;0,104358279290834;0,0449841383417056;0,0984306742055272;5,25825646402461;1,45427612090946e-07;TRUE;100;"3";"Combined"
"h_pavig_t3_None_Low";"hs_correct_raven";0;0,0804440193077356;0,0785010029287357;0,0170937230979841;0,0469409376739863;0,113947100941485;0,0508531105828229;0,109942676390883;4,70605606786871;2,52555084962105e-06;TRUE;100;"3";"Combined"
"h_pavig_t3_None_Medium";"hs_correct_raven";0;0,0519199019732815;0,0506607883157451;0,0181426623976476;0,0163609370902231;0,0874788668563398;0,0200979745785768;0,085447386519967;2,8617575984886;0,00421298986714485;TRUE;100;"3";"Combined"
"hs_no2_dy_hs_h_Log";"hs_correct_raven";0;-0,0145976272271234;-0,0136147895853111;0,00817874352272138;-0,0306276699704476;0,00143241551620074;-0,0288951850887893;-8,92054452770349e-05;-1,784825161294;0,0742896807486593;FALSE;100;"3";"Combined"
"hs_no2_wk_hs_h_Log";"hs_correct_raven";0;0,00621988428991856;0,00672143867566617;0,00814216673163308;-0,00973846926020248;0,0221782378400396;-0,00818264922828892;0,0237248626375826;0,763910209029954;0,444920753177247;FALSE;100;"3";"Combined"
"hs_no2_yr_hs_h_Log";"hs_correct_raven";0;0,0230496826811694;0,0226204229030168;0,0086937237702412;0,0060102971999569;0,0400890681623819;0,00622351820883806;0,0390330508379574;2,65130147797759;0,00801822345774835;TRUE;100;"3";"Combined"
"hs_pm10_dy_hs_h_None";"hs_correct_raven";0;-0,0109200739436578;-0,00956304991394229;0,00782209465909431;-0,0262510977591458;0,00441094987183011;-0,0228070477184761;0,00599919504634003;-1,39605494686282;0,162697949406057;FALSE;100;"3";"Combined"
"hs_pm10_wk_hs_h_None";"hs_correct_raven";0;0,000590531417824365;0,00225881887366869;0,00879550798274282;-0,0166483474540861;0,0178294102897348;-0,0125576445838231;0,0188068474506479;0,0671401150431578;0,946470158740022;FALSE;100;"3";"Combined"
"hs_pm10_yr_hs_h_None";"hs_correct_raven";0;0,00216209223098085;0,00216136342227923;0,0113906040386709;-0,0201630814469706;0,0244872659089323;-0,0226368550783251;0,0224366569636472;0,18981365901585;0,849455152135012;FALSE;100;"3";"Combined"
"hs_pm25_dy_hs_h_None";"hs_correct_raven";0;0,00194276677178866;0,00132893383427271;0,00727886534847795;-0,0123235471595447;0,016209080703122;-0,0121169673556886;0,0154221768236152;0,266905167052569;0,78954217819337;FALSE;100;"3";"Combined"
"hs_pm25_wk_hs_h_None";"hs_correct_raven";0;-0,00210249003005882;-0,00237359741613019;0,00878926001658441;-0,0193291231133222;0,0151241430532045;-0,0158269788757128;0,0157053601280192;-0,239211267625675;0,8109417659636;FALSE;100;"3";"Combined"
"hs_pm25_yr_hs_h_None";"hs_correct_raven";0;-0,0148341022300495;-0,0120789571082071;0,0112647985635718;-0,0369127017077488;0,00724449724764984;-0,0302277742708643;0,0133121874883436;-1,31685463759823;0,187887354317213;FALSE;100;"3";"Combined"
"hs_pm25abs_dy_hs_h_Log";"hs_correct_raven";0;0,0160961109643304;0,0148409063279839;0,00531065210527033;0,00568742410357872;0,0265047978250821;0,00453213038505529;0,0251672974134622;3,03091045040523;0,00243817548077751;TRUE;100;"3";"Combined"
"hs_pm25abs_wk_hs_h_Log";"hs_correct_raven";0;-0,00990960010450819;-0,00942002870520555;0,00546745013441149;-0,0206256054552234;0,000806405246207008;-0,0212134465016904;0,00215796165360452;-1,81247196789932;0,0699133015066827;FALSE;100;"3";"Combined"
"hs_pm25abs_yr_hs_h_Log";"hs_correct_raven";0;0,00470320441808284;0,00407665322994874;0,00698673163612058;-0,00899053795836009;0,0183969467945258;-0,007070085014574;0,0203446840206179;0,673162311511699;0,500844035377851;FALSE;100;"3";"Combined"
"hs_accesslines300_h_dic0";"hs_correct_raven";0;0,0140787061812276;0,0125089351346497;0,0282067769280194;-0,0412055607176457;0,0693629730801009;-0,0373382121435092;0,0648221925315994;0,499124952033866;0,617691360279024;FALSE;100;"3";"Combined"
"hs_accesspoints300_h_Log";"hs_correct_raven";0;-0,00352709511946957;-0,00387639453299474;0,00806379054650591;-0,0193318341694957;0,0122776439305566;-0,0207087492296376;0,0113223211911012;-0,437399148592455;0,661821901483769;FALSE;100;"3";"Combined"
"hs_builtdens300_h_Sqrt";"hs_correct_raven";0;0,00352596014757818;0,00313768148564051;0,00711978007553548;-0,0104285523783172;0,0174804726734736;-0,0126583573154523;0,0151413987609993;0,495234418784065;0,620434657557534;FALSE;100;"3";"Combined"
"hs_connind300_h_Log";"hs_correct_raven";0;-0,0102066062920796;-0,00947657369410412;0,00730875048854284;-0,0245314940216131;0,00411828143745386;-0,0219961150803325;0,00515659182726277;-1,39649127550317;0,162566606031191;FALSE;100;"3";"Combined"
"hs_fdensity300_h_Log";"hs_correct_raven";0;0,0147970616634963;0,014638469739118;0,00797222001942552;-0,000828202451406929;0,0304223257783995;-7,8186999648939e-05;0,0296711982492007;1,85607793405614;0,0634424504364048;FALSE;100;"3";"Combined"
"hs_landuseshan300_h_None";"hs_correct_raven";0;0,00843486959253398;0,00825797138770049;0,00617881716576823;-0,0036753895194296;0,0205451287044976;-0,00348479572221993;0,0189608795154052;1,36512691122578;0,172213165137065;FALSE;100;"3";"Combined"
"hs_popdens_h_Sqrt";"hs_correct_raven";0;-0,0216717408774795;-0,0202456932176077;0,00727626194682252;-0,035932952235331;-0,0074105295196281;-0,0342602752879206;-0,00693426613601222;-2,97841680740252;0,00289741673467503;TRUE;100;"3";"Combined"
"hs_walkability_mean_h_None";"hs_correct_raven";0;-0,00320810243151394;-0,00291963859033712;0,00554969248879873;-0,0140852998348319;0,00766909497180402;-0,0133732877714829;0,00833747777219233;-0,578068503433125;0,563217870654786;FALSE;100;"3";"Combined"
"hs_accesslines300_s_dic0";"hs_correct_raven";0;0,00861225359919507;0,00352386538854602;0,0259622760984224;-0,0422728725103979;0,0594973797087881;-0,0459762647533662;0,0501911489087778;0,331721824640729;0,740099319282189;FALSE;100;"3";"Combined"
"hs_accesspoints300_s_Log";"hs_correct_raven";0;-0,00501558436435508;-0,00500791596456913;0,00780217120346984;-0,0203075589243715;0,0102763901956613;-0,0198932724177707;0,0125346539566604;-0,642844694579954;0,520324878652072;FALSE;100;"3";"Combined"
"hs_builtdens300_s_Sqrt";"hs_correct_raven";0;-0,00473287640323186;-0,00455800156242422;0,00684637435552631;-0,018151523564742;0,00868577075827833;-0,0173810231353364;0,0078901703089648;-0,69129675905197;0,489379068106121;FALSE;100;"3";"Combined"
"hs_connind300_s_Log";"hs_correct_raven";0;0,00370996304229671;0,00277800271806962;0,00757152326621205;-0,011129949867586;0,0185498759521794;-0,0130772688648169;0,0151839408306818;0,489988990571083;0,62414168940008;FALSE;100;"3";"Combined"
"hs_fdensity300_s_Log";"hs_correct_raven";0;0,0125976886398754;0,0116434220388933;0,00571243601982314;0,00140151977703274;0,0237938575027181;0,000582018080229909;0,0237068564730022;2,20530936296866;0,0274323932727308;TRUE;100;"3";"Combined"
"hs_landuseshan300_s_None";"hs_correct_raven";0;0,00108027622806467;0,00121116684408256;0,00600920515830453;-0,0106975494579245;0,0128581019140539;-0,00830468622505759;0,0120269785237921;0,179770235764336;0,857332951319075;FALSE;100;"3";"Combined"
"hs_popdens_s_Sqrt";"hs_correct_raven";0;0,0058256624513919;0,00585346660673042;0,00705112403584891;-0,00799428670939669;0,0196456116121805;-0,00614571773784073;0,0210330580830515;0,826203371515435;0,408688736028786;FALSE;100;"3";"Combined"
"h_Absorbance_Log";"hs_correct_raven";0;0,00959630087601153;0,00938377628040958;0,00623656625684503;-0,00262714437460251;0,0218197461266256;-0,00135194413292947;0,0210169879559059;1,53871545347233;0,123873777977739;FALSE;100;"3";"Combined"
"h_Benzene_Log";"hs_correct_raven";0;-0,0116755689738267;-0,0126065387572859;0,00617328118204055;-0,023774977757065;0,000423839809411663;-0,024196706242224;-0,00120893883713684;-1,89130684793583;0,058583395108478;FALSE;100;"3";"Combined"
"h_NO2_Log";"hs_correct_raven";0;0,0117547560568438;0,0114805458862806;0,00524678024970199;0,00147125573263178;0,0220382563810557;0,00267303177131076;0,0207056181610611;2,24037514388208;0,0250665785622961;TRUE;100;"3";"Combined"
"h_PM_Log";"hs_correct_raven";0;-0,00914808572779469;-0,00840022527397331;0,00594570631045172;-0,0208014559589326;0,0025052845033432;-0,0205159259535914;0,0024399765233254;-1,53860369990251;0,123901074742256;FALSE;100;"3";"Combined"
"h_TEX_Log";"hs_correct_raven";0;0,00161020542434791;0,00165468266604416;0,00562867051655221;-0,00942178606893688;0,0126421969176327;-0,0110442366916337;0,0131911334065338;0,286072069703278;0,774822923147345;FALSE;100;"3";"Combined"
"hs_KIDMED_None";"hs_correct_raven";0;0,0103356711060253;0,0101363039557413;0,00512108584146594;0,000298527295014027;0,0203728149170365;0,00119914276807579;0,0204323424620632;2,01825773400171;0,0435644261208764;TRUE;100;"3";"Combined"
"hs_mvpa_prd_alt_None";"hs_correct_raven";0;-0,0152718063230945;-0,0136060133609498;0,00650988056454541;-0,0280309377732608;-0,00251267487292823;-0,0265691897518367;-0,00135071541134145;-2,34594262854359;0,0189790285837218;TRUE;100;"3";"Combined"
"hs_sd_wk_None";"hs_correct_raven";0;-0,00792136658199296;-0,00805749984612583;0,00608664198567773;-0,0198509656607107;0,00400823249672474;-0,0187566711474516;0,0050450022053703;-1,30143461708976;0,193109730940785;FALSE;100;"3";"Combined"
"hs_dif_hours_total_None";"hs_correct_raven";0;-0,00577246885958112;-0,00514046265243992;0,00565113394155354;-0,0168484878568379;0,00530355013767571;-0,0163352592315596;0,0032575897228422;-1,0214708975725;0,30703139041522;FALSE;100;"3";"Combined"
"hs_as_c_Log2";"hs_correct_raven";0;0,0227756090733998;0,0208362199743111;0,00638308717496666;0,0102649881002857;0,035286230046514;0,00852242537674366;0,0331425861621254;3,56811812984816;0,000359554402431424;TRUE;100;"3";"Combined"
"hs_cd_c_Log2";"hs_correct_raven";0;-0,00749238954230342;-0,00726994654575113;0,00508900696940047;-0,0174666599194017;0,00248188083479483;-0,016826746238667;0,00258353891618417;-1,47226945990724;0,140948126919239;FALSE;100;"3";"Combined"
"hs_co_c_Log2";"hs_correct_raven";0;0,00644469021748166;0,00593989671058171;0,00519950391928325;-0,00374615020178835;0,0166355306367517;-0,00467588856769626;0,0158010463562439;1,23948175009166;0,215167143203644;FALSE;100;"3";"Combined"
"hs_cs_c_Log2";"hs_correct_raven";0;0,00503871916172603;0,00441922329458882;0,00646124410907974;-0,00762508658739185;0,0177025249108439;-0,00621449516683696;0,0178493649445005;0,779837300164114;0,435486648008077;FALSE;100;"3";"Combined"
"hs_cu_c_Log2";"hs_correct_raven";0;-0,000327198876706037;-0,0010100550386798;0,0054530009034466;-0,0110148842551258;0,0103604865017137;-0,0134511527285201;0,00795595080594723;-0,0600034517689569;0,952152885531858;FALSE;100;"3";"Combined"
"hs_hg_c_Log2";"hs_correct_raven";0;-0,0174668097792808;-0,0159727378579006;0,00607200380785563;-0,0293677185566679;-0,00556590100189375;-0,0268293862019316;-0,00315582443429351;-2,87661377232393;0,00401967260018979;TRUE;100;"3";"Combined"
"hs_mn_c_Log2";"hs_correct_raven";0;-0,00268090477327504;-0,00344864911553204;0,00437603618250775;-0,0112577780860344;0,00589596853948429;-0,0110661655369872;0,00558075815040139;-0,612633136808003;0,540118942530633;FALSE;100;"3";"Combined"
"hs_mo_c_Log2";"hs_correct_raven";0;-0,00788782489747891;-0,008060055476945;0,00501626038585919;-0,0177195145908379;0,0019438647958801;-0,0193169797791825;-0,000244349287834052;-1,57245124669258;0,115845937347374;FALSE;100;"3";"Combined"
"hs_pb_c_Log2";"hs_correct_raven";0;-0,0113720998048357;-0,0112794760631645;0,00513275198767757;-0,0214321088422601;-0,00131209076741126;-0,0214367315467166;-0,00163781111386903;-2,2155950320875;0,0267192494061057;TRUE;100;"3";"Combined"
"hs_hum_mt_hs_h_None";"hs_correct_raven";0;-0,0100831425370878;-0,0108819044260214;0,00903298661777224;-0,0277874709807536;0,00762118590657809;-0,0238885910996016;0,00871173386097915;-1,11625788498893;0,264311763272053;FALSE;100;"3";"Combined"
"hs_tm_mt_hs_h_None";"hs_correct_raven";0;0,0148918587380466;0,0144900106899121;0,00766059115827464;-0,000122624032457641;0,0299063415085509;0,00117103884041613;0,0290617937585801;1,94395686055652;0,0519006535008812;FALSE;100;"3";"Combined"
"hs_uvdvf_mt_hs_h_None";"hs_correct_raven";0;0,00318648869912505;0,00229674649564149;0,00952455946133669;-0,0154813048137051;0,0218542822119552;-0,0146616599518306;0,0217103337619412;0,334554969398853;0,737960818379284;FALSE;100;"3";"Combined"
"hs_hum_dy_hs_h_None";"hs_correct_raven";0;-0,00863685709919773;-0,00759710447545424;0,00683204030347379;-0,0220274100349325;0,004753695836537;-0,0187734318584548;0,00666547587098818;-1,26416951826327;0,206169188976863;FALSE;100;"3";"Combined"
"hs_hum_wk_hs_h_None";"hs_correct_raven";0;-0,00887115392251865;-0,00885195136143308;0,00839744911908936;-0,0253298517579414;0,0075875439129041;-0,0240079239706881;0,00693338680099483;-1,05641055952961;0,290780683745876;FALSE;100;"3";"Combined"
"hs_tm_dy_hs_h_None";"hs_correct_raven";0;-0,0069211160196975;-0,00546488835652385;0,00834554739923534;-0,0232780883534707;0,00943585631407567;-0,0214665571437117;0,0106534129886519;-0,829318400412134;0,406924261538683;FALSE;100;"3";"Combined"
"hs_tm_wk_hs_h_None";"hs_correct_raven";0;0,00432304544365576;0,00475108811751987;0,00737138326747625;-0,0101246002768389;0,0187706911641504;-0,00949476956337668;0,0175225207245896;0,586463257544856;0,557564245673683;FALSE;100;"3";"Combined"
"hs_uvdvf_dy_hs_h_None";"hs_correct_raven";0;-0,00708869481754603;-0,00709919448855928;0,00972069193343179;-0,0261409009118814;0,0119635112767893;-0,0278453498426145;0,0112787505493224;-0,729237678355623;0,465856287015974;FALSE;100;"3";"Combined"
"hs_uvdvf_wk_hs_h_None";"hs_correct_raven";0;-0,0158912874668361;-0,0157574090074237;0,00803026539326567;-0,0316303184239352;-0,000152256509736992;-0,0296137659594283;0,00351282170899757;-1,97892431801355;0,0478245278563959;TRUE;100;"3";"Combined"
"hs_ndvi100_h_None";"hs_correct_raven";0;0,00286845861770377;0,00357683737618493;0,00730505006160935;-0,0114491764083127;0,0171860936437202;-0,00973552147210185;0,0167037675621718;0,392667893239849;0,694564787254167;FALSE;100;"3";"Combined"
"hs_ndvi100_s_None";"hs_correct_raven";0;-0,0103629344044167;-0,00920597713811696;0,00613664360246803;-0,0223905348512122;0,00166466604237875;-0,0205647692932098;0,00232723134830031;-1,68869745022327;0,0912774245289942;FALSE;100;"3";"Combined"
"hs_dde_cadj_Log2";"hs_correct_raven";0;0,00380101571328883;0,0040677087453663;0,00662591199716741;-0,00918553316589116;0,0167875645924688;-0,00802408649025928;0,0172104272435143;0,573659250970096;0,566198408201238;FALSE;100;"3";"Combined"
"hs_ddt_cadj_Log2";"hs_correct_raven";0;-0,0149092619996347;-0,0140554211334124;0,00536115378612374;-0,0254169303360177;-0,0044015936632516;-0,021909011325432;-0,00303985476865369;-2,78098010137748;0,00541950589095573;TRUE;100;"3";"Combined"
"hs_hcb_cadj_Log2";"hs_correct_raven";0;0,00310713325540914;0,000871765136098093;0,00570943809720524;-0,00808315978707403;0,0142974262978923;-0,0134893978665742;0,0105080447508897;0,544209990984941;0,586296977382581;FALSE;100;"3";"Combined"
"hs_pcb118_cadj_Log2";"hs_correct_raven";0;-0,0144001884372445;-0,0139968306950309;0,00866783894531931;-0,031388840593864;0,00258846371937496;-0,0344785813730516;-0,00205263789644733;-1,66133548720592;0,0966460865783417;FALSE;100;"3";"Combined"
"hs_pcb138_cadj_Log2";"hs_correct_raven";0;0,00657533359608125;0,0043802764608428;0,00815681835202239;-0,00941173660231799;0,0225624037944805;-0,0153247549357416;0,0160781249686454;0,806114996351606;0,420176545466291;FALSE;100;"3";"Combined"
"hs_pcb153_cadj_Log2";"hs_correct_raven";0;-0,0132893421026298;-0,0111840349184866;0,00855452711639803;-0,0300559071555412;0,00347722295028161;-0,0258974640058602;0,0069774968995472;-1,55348646649979;0,120306959986908;FALSE;100;"3";"Combined"
"hs_pcb170_cadj_Log2";"hs_correct_raven";0;0,00587198385355406;0,00579141541862349;0,00745925948017004;-0,00874789607891817;0,0204918637860263;-0,00749290865508765;0,0192908723458363;0,7872073453356;0,431160498039637;FALSE;100;"3";"Combined"
"hs_pcb180_cadj_Log2";"hs_correct_raven";0;0,0047093129633695;0,00577533144464028;0,00569746576919654;-0,00645751474740551;0,0158761406741445;-0,00446093863184374;0,0164799505446115;0,826562748095916;0,408484938911823;FALSE;100;"3";"Combined"
"hs_sumPCBs5_cadj_Log2";"hs_correct_raven";0;-0,00198647126213175;-0,00210097709731247;0,00881213650189124;-0,0192579414326894;0,0152849989084259;-0,0179838987078065;0,0148879037952696;-0,225424476993226;0,82164907173997;FALSE;100;"3";"Combined"
"hs_pfhxs_c_Log2";"hs_correct_raven";0;0,022525034052073;0,0203975479456944;0,00748499453384182;0,00785471434126389;0,0371953537628822;0,00580964093394437;0,0340293473164784;3,00935878446281;0,0026179975133567;TRUE;100;"3";"Combined"
"hs_pfna_c_Log2";"hs_correct_raven";0;-0,0112694801002271;-0,0116751264406937;0,0062935660666396;-0,0236046429251641;0,00106568272470992;-0,0222945333664061;0,0015763418149236;-1,79063506776602;0,0733518757783019;FALSE;100;"3";"Combined"
"hs_pfoa_c_Log2";"hs_correct_raven";0;0,0132715830404966;0,0133938832542305;0,00597297096587967;0,00156477506666907;0,0249783910143242;0,00190654916478226;0,0243001719362615;2,2219399887108;0,0262873614736574;TRUE;100;"3";"Combined"
"hs_pfos_c_Log2";"hs_correct_raven";0;0,00316431644798983;0,00396114203382937;0,00695166853916164;-0,0104607035212272;0,0167893364172068;-0,00966762121731348;0,0171220145731844;0,455188050201749;0,648973956723676;FALSE;100;"3";"Combined"
"hs_pfunda_c_Log2";"hs_correct_raven";0;0,00630879315864073;0,00605251372773971;0,00569730486690561;-0,00485771918943903;0,0174753055067205;-0,00339418274226831;0,0169203098588343;1,1073293962707;0,268151539250433;FALSE;100;"3";"Combined"
"hs_hm_pers_None";"hs_correct_raven";0;-0,01310855011921;-0,0117979265904077;0,00562156318726503;-0,0241266115030656;-0,00209048873535435;-0,0217839518888449;-0,00143637948881712;-2,33183363462067;0,0197094448646398;TRUE;100;"3";"Combined"
"hs_trafload_h_pow1over3";"hs_correct_raven";0;0,00213519850698309;0,00163074901569499;0,00561142852479904;-0,00886299930344375;0,0131333963174099;-0,00713158663185052;0,0115773555565527;0,380508902064213;0,703567689741259;FALSE;100;"3";"Combined"
"hs_trafnear_h_pow1over3";"hs_correct_raven";0;-0,0141302959370453;-0,0134758068905715;0,00650196160264106;-0,0268739065070841;-0,00138668536700647;-0,0244778051580498;-2,20994088212462e-05;-2,17323583259945;0,0297625721718578;TRUE;100;"3";"Combined"
"FAS_cat_None_Low";"hs_correct_raven";0;0,0161919563934279;0,0133518046644553;0,0192141872262669;-0,0214671585622647;0,0538510713491206;-0,0196083971722795;0,0519652328005858;0,842708369745278;0,399391565047077;FALSE;100;"3";"Combined"
"FAS_cat_None_Middle";"hs_correct_raven";0;0,0395757848125079;0,0356734096712857;0,0123320619202205;0,0154053875937579;0,0637461820312579;0,014258523239328;0,0586628775489111;3,20917824355202;0,00133114942168938;TRUE;100;"3";"Combined"
"hs_globalexp2_None_no exposure";"hs_correct_raven";0;0,0184992813805146;0,0190711468322854;0,0103063159101093;-0,00170072661659174;0,038699289377621;0,00139968023991206;0,0375279843348731;1,79494608372804;0,0726622906075391;FALSE;100;"3";"Combined"
"h_abs_ratio_preg_Log";"hs_Gen_Tot";0;0,000969734054511492;-0,000534982594430396;0,00288117498972078;-0,00467726515849879;0,00661673326752178;-0,00813703975800783;0,00417256414381357;0,336575896282326;0,736436629058382;FALSE;100;"3";"Combined"
"h_no2_ratio_preg_Log";"hs_Gen_Tot";0;-0,000248340193877113;-0,00117891218175405;0,00326195770101802;-0,00664165980696551;0,00614497941921129;-0,00704950587314921;0,00429166375075934;-0,0761322545045904;0,939313879214455;FALSE;100;"3";"Combined"
"h_pm10_ratio_preg_None";"hs_Gen_Tot";0;-0,0016098087434222;-0,00198028444978356;0,0025149929488651;-0,00653910434456999;0,00331948685772558;-0,00773408921514577;0,00302615813837165;-0,640084793934963;0,522117474264612;FALSE;100;"3";"Combined"
"h_pm25_ratio_preg_None";"hs_Gen_Tot";0;-0,000871716466377198;-0,00302380647593292;0,00384265575486681;-0,00840318335090171;0,00665975041814731;-0,0121327179764883;0,00228972562098147;-0,22685260454912;0,820538357317991;FALSE;100;"3";"Combined"
"h_accesslines300_preg_dic0";"hs_Gen_Tot";0;0,00842458308113947;0,00612549914499629;0,0103206161150883;-0,0118034528026973;0,0286526189649762;-0,0146874580909011;0,0256961365387407;0,816286836676649;0,414336101242765;FALSE;100;"3";"Combined"
"h_accesspoints300_preg_Log";"hs_Gen_Tot";0;0,00152624716834922;0,00192929884924234;0,0026467211877911;-0,00366123103684041;0,00671372537353885;-0,00384708006314228;0,00689142894834257;0,57665581678552;0,564171985125148;FALSE;100;"3";"Combined"
"h_builtdens300_preg_Sqrt";"hs_Gen_Tot";0;-0,00188112353057278;-0,00286829214789946;0,00298215486720803;-0,00772603966662134;0,00396379260547578;-0,00956260103254934;0,00113963588706446;-0,630793374032228;0,52817563637023;FALSE;100;"3";"Combined"
"h_connind300_preg_Sqrt";"hs_Gen_Tot";0;0,000829908017156282;0,000897083756953607;0,00287367497060701;-0,00480239142850766;0,00646220746282023;-0,00590116978239202;0,00583005333929075;0,288796758730504;0,772736912636135;FALSE;100;"3";"Combined"
"h_fdensity300_preg_Log";"hs_Gen_Tot";0;0,00130635340429544;0,000236781642223914;0,00199849213735901;-0,00261061920831469;0,00522332601690558;-0,00382102795913555;0,00384471963709149;0,653669524075174;0,51332474179701;FALSE;100;"3";"Combined"
"h_frichness300_preg_None";"hs_Gen_Tot";0;0,00106985772077845;0,00141965680805419;0,0020992207975739;-0,00304453943806385;0,00518425487962074;-0,00301244385955753;0,00564626084463653;0,509645160725777;0,610300078916948;FALSE;100;"3";"Combined"
"h_landuseshan300_preg_None";"hs_Gen_Tot";0;0,00149279044073941;0,00138351990539331;0,00185662299893147;-0,00214612377003503;0,00513170465151384;-0,00188119040260176;0,00509233091757384;0,804035305820589;0,42137658521957;FALSE;100;"3";"Combined"
"h_popdens_preg_Sqrt";"hs_Gen_Tot";0;0,00207368620405327;0,00184307625030738;0,0026964479869599;-0,00321125473657367;0,00735862714468021;-0,00406108197710465;0,00701500238760844;0,769043650788621;0,441867397845486;FALSE;100;"3";"Combined"
"h_walkability_mean_preg_None";"hs_Gen_Tot";0;-0,00215164941057316;-0,00223161100863863;0,00233449505213861;-0,00672717563485179;0,00242387681370546;-0,00695919145428266;0,00191679618440987;-0,921676577811574;0,356697301358017;FALSE;100;"3";"Combined"
"hs_as_m_Log2";"hs_Gen_Tot";0;-0,000345908447868381;0,000541332178948125;0,00163397147327752;-0,00354843368725817;0,00285661679152141;-0,00287231445395616;0,0045636453391642;-0,211697972409846;0,832342670034285;FALSE;100;"3";"Combined"
"hs_cd_m_Log2";"hs_Gen_Tot";0;0,00193993995928122;-0,000207182875165647;0,0034349331290658;-0,00479240526299122;0,00867228518155366;-0,00984680429048005;0,00419585973578674;0,564767896896096;0,572231645465698;FALSE;100;"3";"Combined"
"hs_co_m_Log2";"hs_Gen_Tot";0;-0,000550241836357452;0,000367101077120173;0,00177213415996994;-0,00402356096567168;0,00292307729295677;-0,00287612469397523;0,00467114857833441;-0,310496715647525;0,756183256691674;FALSE;100;"3";"Combined"
"hs_cs_m_Log2";"hs_Gen_Tot";0;-0,000602434716645463;-0,00170667299266096;0,00231754967476944;-0,00514474861157609;0,00393987917828516;-0,00579392565867029;0,00220036097251759;-0,25994468347497;0,794906443230791;FALSE;100;"3";"Combined"
"hs_cu_m_Log2";"hs_Gen_Tot";0;0,00123002413858884;-0,000472573314718432;0,00296283750042923;-0,00457703065429712;0,0070370789314748;-0,00918968927277946;0,00312982886021529;0,415150725752136;0,678031567500236;FALSE;100;"3";"Combined"
"hs_hg_m_Log2";"hs_Gen_Tot";0;-0,000637719570081192;-0,000905701852266348;0,00199822451063438;-0,00455416764394976;0,00327872850378737;-0,00502377317236878;0,00240733968703648;-0,319143102633014;0,749618000061539;FALSE;100;"3";"Combined"
"hs_mn_m_Log2";"hs_Gen_Tot";0;-0,000291885591430033;-0,000838905226594669;0,00172110561293656;-0,00366519060637543;0,00308141942351536;-0,00521007539311361;0,00150521950778207;-0,169591911871124;0,865331083797576;FALSE;100;"3";"Combined"
"hs_mo_m_Log2";"hs_Gen_Tot";0;-0,00150535467921125;-0,00143747555882015;0,00204412471610961;-0,00551176550269425;0,00250105614427174;-0,00549553831591415;0,00238015643667402;-0,736429958185846;0,461469078498294;FALSE;100;"3";"Combined"
"hs_pb_m_Log2";"hs_Gen_Tot";0;-0,000973510154531213;-0,00151374345158362;0,00201564074603482;-0,00492409342253091;0,00297707311346849;-0,00602943930488869;0,00168711929935094;-0,48297800907543;0,629111350710949;FALSE;100;"3";"Combined"
"h_humidity_preg_None";"hs_Gen_Tot";0;0,00520024648502367;0,00593895639338535;0,00395712317579882;-0,00255557242193079;0,0129560653919781;-0,00454794450707684;0,0128145046206276;1,31414824709718;0,188796320558828;FALSE;100;"3";"Combined"
"h_pressure_preg_None";"hs_Gen_Tot";0;-0,0038347648750023;-0,00338774882071267;0,00242829926421086;-0,0085941439765407;0,00092461422653611;-0,00755555472250631;0,00229713793039424;-1,57919780791454;0,114290692616681;FALSE;100;"3";"Combined"
"h_temperature_preg_None";"hs_Gen_Tot";0;-0,000419542138334389;-0,0014341310179985;0,00333163996985029;-0,00694943648869507;0,00611035221202629;-0,00955702040160323;0,0035377514689856;-0,125926613358898;0,899790015949634;FALSE;100;"3";"Combined"
"h_ndvi100_preg_None";"hs_Gen_Tot";0;-0,00102224436065655;-9,58994566274682e-05;0,00239554512546454;-0,00571742652990753;0,00367293780859442;-0,00442876109515977;0,00444850092290257;-0,426727240405594;0,66957800723274;FALSE;100;"3";"Combined"
"hs_dde_madj_Log2";"hs_Gen_Tot";0;-0,00134875133008445;-0,000157334512710427;0,00233927321582708;-0,00593364258310472;0,00323613992293583;-0,00382712108417614;0,00579121028002569;-0,576568534602564;0,564230960158966;FALSE;100;"3";"Combined"
"hs_ddt_madj_Log2";"hs_Gen_Tot";0;0,000541914231213572;-0,000411393310049;0,001981529854025;-0,00334181291696634;0,00442564137939348;-0,00401212822361908;0,00391205747957759;0,273482748752336;0,78448215157527;FALSE;100;"3";"Combined"
"hs_hcb_madj_Log2";"hs_Gen_Tot";0;4,62321279497485e-05;-4,45089232962558e-05;0,00173194181790999;-0,00334831145847265;0,00344077571437215;-0,00347911814075695;0,00283642662795395;0,0266938112306445;0,978703949297525;FALSE;100;"3";"Combined"
"hs_pcb118_madj_Log2";"hs_Gen_Tot";0;-0,00104378222589886;0,00139014650983033;0,00335761580275602;-0,0076245882732232;0,00553702382142548;-0,00396087601939691;0,00924233174052244;-0,310870059952093;0,755899406211629;FALSE;100;"3";"Combined"
"hs_pcb138_madj_Log2";"hs_Gen_Tot";0;-0,00127052236605072;-0,00279073767815916;0,00386810822330798;-0,00885187517203758;0,00631083043993614;-0,0124689621496697;0,00196260222668339;-0,328460914923465;0,742563191801871;FALSE;100;"3";"Combined"
"hs_pcb153_madj_Log2";"hs_Gen_Tot";0;-0,000153841456644998;0,000676194580359869;0,0030199297390098;-0,00607279498094564;0,00576511206765565;-0,00495679722119006;0,00662182315156348;-0,0509420648625556;0,959371686092354;FALSE;100;"3";"Combined"
"hs_pcb170_madj_Log2";"hs_Gen_Tot";0;0,00165337960199216;0,000863766862766583;0,00255714973851569;-0,00335854178857462;0,00666530099255893;-0,00403440468887447;0,00582973703947001;0,646571288763038;0,517909444990839;FALSE;100;"3";"Combined"
"hs_pcb180_madj_Log2";"hs_Gen_Tot";0;0,000189115681711785;-0,00028867049963331;0,0025249559347751;-0,00475970701299807;0,00513793837642164;-0,005694125222566;0,00438202160845601;0,0748986067864308;0,94029538506868;FALSE;100;"3";"Combined"
"hs_sumPCBs5_madj_Log2";"hs_Gen_Tot";0;-0,000197822231457161;-0,000698960185883095;0,00203054784640597;-0,00417762287929823;0,00378197841638391;-0,00505373539849182;0,00336384315675724;-0,0974230830400293;0,922390414304104;FALSE;100;"3";"Combined"
"hs_pfhxs_m_Log2";"hs_Gen_Tot";0;0,00137483201717652;0,00108159955652878;0,00192462494999458;-0,00239736356856005;0,0051470276029131;-0,00259444859871287;0,00536486994426908;0,714337625717882;0,475018431401601;FALSE;100;"3";"Combined"
"hs_pfna_m_Log2";"hs_Gen_Tot";0;-0,0016745146867947;-0,00107260909627621;0,00227681483064682;-0,00613698975432912;0,00278796038073973;-0,0052871281326042;0,00294778032447922;-0,735463711960707;0,46205713230439;FALSE;100;"3";"Combined"
"hs_pfoa_m_Log2";"hs_Gen_Tot";0;-0,000806613597104198;-0,00185378742562586;0,00315102283437432;-0,00698250486694118;0,00536927767273279;-0,0102385914265582;0,0021859767509552;-0,255984687989214;0,797962660709284;FALSE;100;"3";"Combined"
"hs_pfos_m_Log2";"hs_Gen_Tot";0;-0,000681993221147368;-0,00134949193883599;0,00261177267815928;-0,00580097360614527;0,00443698716385054;-0,00801071262287785;0,00332050602843897;-0,261122733555825;0,793997860848138;FALSE;100;"3";"Combined"
"hs_pfunda_m_Log2";"hs_Gen_Tot";0;0,000136510176173486;-0,00050073031796012;0,0021322419986824;-0,00404260734756772;0,00431562769991469;-0,00404569587235213;0,00364128781703046;0,0640218963222005;0,948952791827642;FALSE;100;"3";"Combined"
"e3_asmokcigd_p_None";"hs_Gen_Tot";0;-0,0015271029668833;-0,000643182510187134;0,00187689413953167;-0,00520574788315966;0,00215154194939306;-0,00364438359422411;0,00380840529662315;-0,813632977331555;0,415855240142455;FALSE;100;"3";"Combined"
"h_distinvnear1_preg_Log";"hs_Gen_Tot";0;-0,000591953518420296;0,000243764615055121;0,00144206709468203;-0,00341835308728738;0,00223444605044679;-0,00218753903347202;0,00294135743468467;-0,410489581659042;0,681446844451702;FALSE;100;"3";"Combined"
"h_trafload_preg_pow1over3";"hs_Gen_Tot";0;-0,00117630567538857;-0,00102016703006757;0,00164234698542834;-0,00439524661694604;0,0020426352661689;-0,0046889787467128;0,00158792059102874;-0,716234562991437;0,473846524678695;FALSE;100;"3";"Combined"
"h_trafnear_preg_pow1over3";"hs_Gen_Tot";0;0,000551151084545292;0,000646630277373699;0,0022467138000344;-0,00385232704709126;0,00495462921618185;-0,00295689056920469;0,0058664453656524;0,245314327324135;0,806213059026607;FALSE;100;"3";"Combined"
"h_bro_preg_Log";"hs_Gen_Tot";0;0,00133244366275196;0,00167079709190035;0,00252059902156347;-0,00360783963897934;0,00627272696448326;-0,00315939005749268;0,00770646803893265;0,528621828126186;0,597067814954681;FALSE;100;"3";"Combined"
"h_clf_preg_Log";"hs_Gen_Tot";0;0,00150244075764091;0,000788654168694329;0,00183632240123968;-0,00209668501279297;0,00510156652807479;-0,00299634753523814;0,00380585766462706;0,818179180642044;0,413254881325628;FALSE;100;"3";"Combined"
"h_thm_preg_Log";"hs_Gen_Tot";0;0,000830329480274246;0,00132168949344171;0,0021833007285148;-0,00344886131503483;0,00510952027558332;-0,00318277062108808;0,00576425776037915;0,380309258101646;0,703715863955507;FALSE;100;"3";"Combined"
"e3_alcpreg_yn_None_1";"hs_Gen_Tot";0;0,00335189762813029;-0,000235082700156173;0,00561562503645112;-0,00765452519399533;0,0143583204502559;-0,0160762923734395;0,00840186957380365;0,596887720667435;0,550582346066953;FALSE;100;"3";"Combined"
"h_pamod_t3_None_Often";"hs_Gen_Tot";0;0,0145376431104891;0,0130160806953155;0,00504301168707328;0,00465352183021094;0,0244217643907674;0,00229225503146631;0,0211359495981737;2,88273040250004;0,00394244700476781;TRUE;100;"3";"Combined"
"h_pamod_t3_None_Sometimes";"hs_Gen_Tot";0;0,00878427263262807;0,00885396613489968;0,00533953608726958;-0,00168102579257223;0,0192495710578284;-0,00160191016314532;0,0197352932111517;1,64513779644103;0,099941397693157;FALSE;100;"3";"Combined"
"h_pamod_t3_None_Very Often";"hs_Gen_Tot";0;0,0117978885349761;0,0125879124970315;0,00485095423609161;0,00229019294158451;0,0213055841283676;0,00384097199193404;0,0225877728556842;2,43207582689578;0,0150125640638289;TRUE;100;"3";"Combined"
"h_pavig_t3_None_Low";"hs_Gen_Tot";0;0,0163622972274246;0,015420408724794;0,00570246800740628;0,00518566530991641;0,0275389291449328;0,00478248930598726;0,0250241553607296;2,86933608503783;0,00411334471981781;TRUE;100;"3";"Combined"
"h_pavig_t3_None_Medium";"hs_Gen_Tot";0;0,0141297304081745;0,0166473175984127;0,00644301637530543;0,00150165036077402;0,0267578104555749;0,00661338410253159;0,0352274901968749;2,1930303424853;0,0283051930337732;TRUE;100;"3";"Combined"
"hs_no2_dy_hs_h_Log";"hs_Gen_Tot";0;0,00283792964544651;0,00371648794527873;0,00403180546735497;-0,00506426386324091;0,0107401231541339;-0,00372149651984128;0,012610600112294;0,703885559068977;0,481504045337255;FALSE;100;"3";"Combined"
"hs_no2_wk_hs_h_Log";"hs_Gen_Tot";0;0,00107400180021889;0,00268865806761192;0,00293686565662499;-0,00468214911419867;0,00683015271463645;-0,00155937642512787;0,0101366746246308;0,365696605085137;0,714591479672664;FALSE;100;"3";"Combined"
"hs_no2_yr_hs_h_Log";"hs_Gen_Tot";0;0,00352305958092496;0,00341891327918546;0,00280708865029198;-0,00197873307505848;0,0090248522369084;-0,00210523691340703;0,0103787390060797;1,25505818298916;0,209457639285602;FALSE;100;"3";"Combined"
"hs_pm10_dy_hs_h_None";"hs_Gen_Tot";0;1,61898380324176e-05;0,000229405964886938;0,0029690052869922;-0,0058029535943813;0,00583533327044613;-0,00744292821702298;0,00587044637569029;0,00545295021984248;0,995649196770385;FALSE;100;"3";"Combined"
"hs_pm10_wk_hs_h_None";"hs_Gen_Tot";0;-8,60456937987888e-06;-0,00224319624579379;0,00325982382386596;-0,0063977418601028;0,00638053272134305;-0,0112629459280479;0,00214803389718769;-0,00263958110769138;0,997893921432831;FALSE;100;"3";"Combined"
"hs_pm10_yr_hs_h_None";"hs_Gen_Tot";0;0,000386289988161926;-0,000446463451501638;0,00290700464784655;-0,00531133442450785;0,0060839144008317;-0,00729642608770751;0,00443507556773434;0,132882480407481;0,894286322628296;FALSE;100;"3";"Combined"
"hs_pm25_dy_hs_h_None";"hs_Gen_Tot";0;0,000646678451230124;0,000761744461796888;0,0021027261235472;-0,00347458902027391;0,00476794592273415;-0,00300310442370766;0,00432169447700545;0,307542881589928;0,758430188640942;FALSE;100;"3";"Combined"
"hs_pm25_wk_hs_h_None";"hs_Gen_Tot";0;-0,000555968893704459;-0,00117300821604433;0,00218843524632333;-0,00484522315899622;0,0037332853715873;-0,00578154517334199;0,00281203739591788;-0,254048592316593;0,799458017991812;FALSE;100;"3";"Combined"
"hs_pm25_yr_hs_h_None";"hs_Gen_Tot";0;0,00491094824454409;0,00534987551387032;0,0050012289997724;-0,00489128047344709;0,0147131769625353;-0,00712275517048344;0,0133125679668134;0,981948286064801;0,326125325803793;FALSE;100;"3";"Combined"
"hs_pm25abs_dy_hs_h_Log";"hs_Gen_Tot";0;-0,00122868311584503;-0,00254724119216345;0,00339414084166812;-0,00788107692397101;0,00542371069228095;-0,0101405990615979;0,00370841245729475;-0,362001217144887;0,717351120891522;FALSE;100;"3";"Combined"
"hs_pm25abs_wk_hs_h_Log";"hs_Gen_Tot";0;-0,00102352132836575;-0,00051907958677365;0,00169894116479554;-0,00435338482321753;0,00230634216648604;-0,00330686977324803;0,0034084264740023;-0,602446600020385;0,546876898679022;FALSE;100;"3";"Combined"
"hs_pm25abs_yr_hs_h_Log";"hs_Gen_Tot";0;0,0012903677204581;0,000213604340306408;0,00254492004599935;-0,00369758391323466;0,00627831935415085;-0,00539598582234799;0,00387457860729965;0,507036644426834;0,612129107125717;FALSE;100;"3";"Combined"
"hs_accesslines300_h_dic0";"hs_Gen_Tot";0;-0,00325368107660908;-0,00449242834960087;0,0107737267871243;-0,0243697975586472;0,017862435405429;-0,0289081037428943;0,0127441865295727;-0,302001446750771;0,762650960068832;FALSE;100;"3";"Combined"
"hs_accesspoints300_h_Log";"hs_Gen_Tot";0;0,00132979242283766;-0,000245789810559931;0,00263454571126204;-0,0038338222868604;0,00649340713253573;-0,00453266903790956;0,00533198946013743;0,50475207818681;0,613732978170445;FALSE;100;"3";"Combined"
"hs_builtdens300_h_Sqrt";"hs_Gen_Tot";0;9,60195319524878e-05;7,0982089464664e-05;0,0020598625614855;-0,00394123690166152;0,0041332759655665;-0,0036723022233002;0,00367629525586618;0,0466145332935426;0,96282044872907;FALSE;100;"3";"Combined"
"hs_connind300_h_Log";"hs_Gen_Tot";0;0,000896902312471563;0,00242513544926472;0,00314550085858617;-0,00526816608369714;0,00706197070864026;-0,00357744669783854;0,00837476016370656;0,285138155350783;0,775538299096962;FALSE;100;"3";"Combined"
"hs_fdensity300_h_Log";"hs_Gen_Tot";0;0,000501719720787271;0,000491959290572392;0,00229757915268834;-0,00400145267011192;0,00500489211168647;-0,00517783146814743;0,00533111808599551;0,218368851493199;0,827141732821265;FALSE;100;"3";"Combined"
"hs_landuseshan300_h_None";"hs_Gen_Tot";0;-0,000985354895382685;-0,00186904742596096;0,00261056878208661;-0,00610197568743704;0,00413126589667167;-0,0068355777423143;0,00251774783708338;-0,377448356137583;0,70584043671371;FALSE;100;"3";"Combined"
"hs_popdens_h_Sqrt";"hs_Gen_Tot";0;-0,000441200344004742;0,00113053131558887;0,00295381263942111;-0,00623056673434932;0,00534816604633983;-0,00350523626328472;0,00600491666570003;-0,149366394508762;0,881264527522213;FALSE;100;"3";"Combined"
"hs_walkability_mean_h_None";"hs_Gen_Tot";0;-0,00207196236572225;-0,00174837241977245;0,00195813363392028;-0,00590983376512254;0,00176590903367804;-0,00636579663479253;0,00189445666923237;-1,05813123774095;0,289995614766024;FALSE;100;"3";"Combined"
"hs_accesslines300_s_dic0";"hs_Gen_Tot";0;0,00278426769877056;0,00915083924251454;0,012766528250156;-0,0222376678791484;0,0278062032766896;-0,00704914423202889;0,0365569203604934;0,218091218239895;0,82735803955853;FALSE;100;"3";"Combined"
"hs_accesspoints300_s_Log";"hs_Gen_Tot";0;0,00200557738336936;0,00190406437439178;0,00241999755382178;-0,00273753066479636;0,00674868543153508;-0,00239176333210524;0,00724608809097007;0,828751822580172;0,407244854888518;FALSE;100;"3";"Combined"
"hs_builtdens300_s_Sqrt";"hs_Gen_Tot";0;-6,37997425037492e-05;0,000309569857482966;0,00180261090988394;-0,00359685220401525;0,00346925271900775;-0,00242497680177765;0,00520928246971384;-0,0353929637027754;0,971766395350235;FALSE;100;"3";"Combined"
"hs_connind300_s_Log";"hs_Gen_Tot";0;-0,000671776706481618;-0,00070506464758387;0,00239304014735539;-0,00536204920885661;0,00401849579589337;-0,00515570199522048;0,00497119510654554;-0,280721034799193;0,778924373802298;FALSE;100;"3";"Combined"
"hs_fdensity300_s_Log";"hs_Gen_Tot";0;0,00219849034414967;0,00142705735009013;0,00226073571691208;-0,00223247023956134;0,00662945092786069;-0,00234562225147902;0,00618492369143853;0,972466762790199;0,330818392234446;FALSE;100;"3";"Combined"
"hs_landuseshan300_s_None";"hs_Gen_Tot";0;0,0014874793904009;0,00095428449567226;0,00217097842960208;-0,00276756014283251;0,00574251892363431;-0,00289648884281729;0,00482996251648345;0,685165439747615;0,493239529651038;FALSE;100;"3";"Combined"
"hs_popdens_s_Sqrt";"hs_Gen_Tot";0;-5,30654610878392e-05;-0,00103888145721117;0,00246102511907919;-0,00487658605953145;0,00477045513735577;-0,00766907845867754;0,00256284569859975;-0,0215623402932571;0,982797074634532;FALSE;100;"3";"Combined"
"h_Absorbance_Log";"hs_Gen_Tot";0;-0,00122982038247567;-0,00118596959532675;0,00241961552188023;-0,005972179661795;0,00351253889684366;-0,00641258122200276;0,00326687708089575;-0,508270992376511;0,611263310070109;FALSE;100;"3";"Combined"
"h_Benzene_Log";"hs_Gen_Tot";0;-0,00236086854379192;0,000940546415493801;0,00405182845387623;-0,0103023063849239;0,0055805692973401;-0,00484710897502227;0,0106123621373589;-0,582667447713233;0,560117190965022;FALSE;100;"3";"Combined"
"h_NO2_Log";"hs_Gen_Tot";0;0,000911239885886455;0,000687084365635524;0,00162611201079369;-0,00227588109009719;0,0040983608618701;-0,00288846764829509;0,00363581053687892;0,560379530953521;0,5752205903459;FALSE;100;"3";"Combined"
"h_PM_Log";"hs_Gen_Tot";0;0,000492943315752251;0,00202850580553029;0,00311626427930087;-0,00561482243798613;0,00660070906949063;-0,00242408489995893;0,00964298093262106;0,158184053588305;0,874311768941739;FALSE;100;"3";"Combined"
"h_TEX_Log";"hs_Gen_Tot";0;0,000248212773683671;0,000153867199888636;0,00201307578174892;-0,00369734325669402;0,00419376880406137;-0,00433651205222777;0,00340290835099429;0,123300263176396;0,90186933243928;FALSE;100;"3";"Combined"
"hs_KIDMED_None";"hs_Gen_Tot";0;0,000207148750578409;-0,00162927178925493;0,00321732848711948;-0,0060986992106105;0,00651299671176732;-0,00964183036488503;0,00428538637601415;0,0643853282024902;0,948663412184568;FALSE;100;"3";"Combined"
"hs_mvpa_prd_alt_None";"hs_Gen_Tot";0;0,0020440731784052;0,00194845328594104;0,00305826053440823;-0,00395000732437514;0,00803815368118554;-0,00376099358377285;0,00646439252928022;0,668377711907637;0,503892518904092;FALSE;100;"3";"Combined"
"hs_sd_wk_None";"hs_Gen_Tot";0;0,000477126662187507;0,00135111953309453;0,00278763728775087;-0,00498654202376512;0,00594079534814014;-0,00176161178135278;0,00922904414751067;0,171158085839949;0,864099463754928;FALSE;100;"3";"Combined"
"hs_dif_hours_total_None";"hs_Gen_Tot";0;0,00191990526262382;-0,000200486459432117;0,00302644423330039;-0,00401181643586389;0,00785162696111152;-0,00826337240275058;0,00476769908891437;0,634376553679341;0,525835107225522;FALSE;100;"3";"Combined"
"hs_as_c_Log2";"hs_Gen_Tot";0;0,000383019283452682;-0,00202452465268869;0,00343749125258542;-0,00635433976878621;0,00712037833569158;-0,00826828311774725;0,00430476765636034;0,111424075090985;0,911280069767386;FALSE;100;"3";"Combined"
"hs_cd_c_Log2";"hs_Gen_Tot";0;-0,00102397843966538;3,58080048163017e-05;0,00185196623789889;-0,00465376556653134;0,00260580868720057;-0,00352148579076459;0,00415833676590323;-0,552914204757382;0,580322160184103;FALSE;100;"3";"Combined"
"hs_co_c_Log2";"hs_Gen_Tot";0;0,00125452263562641;-0,0010161945776731;0,00292620672585749;-0,00448073715837314;0,00698978242962595;-0,00881342301132423;0,00387013032805975;0,428719756721488;0,668127181105828;FALSE;100;"3";"Combined"
"hs_cs_c_Log2";"hs_Gen_Tot";0;-0,00223305934766267;-0,00218050440569729;0,0029295059743306;-0,00797478554984556;0,00350866685452022;-0,00858058968303695;0,00347184608192164;-0,76226482117789;0,445901965365532;FALSE;100;"3";"Combined"
"hs_cu_c_Log2";"hs_Gen_Tot";0;-0,00139496038122466;-0,000325785732763685;0,00238436221397011;-0,00606822444670427;0,00327830368425494;-0,00343569859378809;0,00609369245564602;-0,585045498981452;0,558517123716424;FALSE;100;"3";"Combined"
"hs_hg_c_Log2";"hs_Gen_Tot";0;-2,78638665338147e-05;0,00110849139973664;0,00268446563880797;-0,00528931983633275;0,00523359210326512;-0,00343697602704723;0,00647802317656087;-0,0103796696560391;0,991718370542547;FALSE;100;"3";"Combined"
"hs_mn_c_Log2";"hs_Gen_Tot";0;-0,00153168964776248;-0,000256429764342979;0,00228295301943098;-0,00600619534424418;0,00294281604871922;-0,00449211831964823;0,00522546928263592;-0,670924734204231;0,502268478585721;FALSE;100;"3";"Combined"
"hs_mo_c_Log2";"hs_Gen_Tot";0;-0,000344630920348299;-0,000788359212478924;0,00167277393945811;-0,00362320759596338;0,00293394575526678;-0,00396047330032904;0,0027008361061752;-0,2060236067881;0,836772471299689;FALSE;100;"3";"Combined"
"hs_pb_c_Log2";"hs_Gen_Tot";0;0,00095277926927553;0,00215948409343729;0,00304847623083477;-0,00502212435088703;0,00692768288943809;-0,00178044466305252;0,0103003767208847;0,312542790932186;0,754628048107483;FALSE;100;"3";"Combined"
"hs_hum_mt_hs_h_None";"hs_Gen_Tot";0;-0,00277095788269378;-0,00224462320633774;0,00259101514345405;-0,0078492542472616;0,00230733848187404;-0,00750120194874907;0,00281126366637232;-1,06944874085138;0,284867514590525;FALSE;100;"3";"Combined"
"hs_tm_mt_hs_h_None";"hs_Gen_Tot";0;0,00147388122892665;0,000396006086210193;0,00285463634255688;-0,00412110319144397;0,00706886564929727;-0,00759972415010843;0,00443676660836461;0,516311379825883;0,605636949470597;FALSE;100;"3";"Combined"
"hs_uvdvf_mt_hs_h_None";"hs_Gen_Tot";0;-0,00241831797984452;-0,00355230065846514;0,00317417145080469;-0,00863957970417695;0,00380294374448792;-0,0108192359097448;0,000935575696272048;-0,761873773148406;0,446135344479031;FALSE;100;"3";"Combined"
"hs_hum_dy_hs_h_None";"hs_Gen_Tot";0;-0,00158314494664798;-0,00244818488658564;0,00273778957591524;-0,00694911391269104;0,00378282401939508;-0,0104691699147986;0,000812527706897366;-0,578256620075974;0,563090877284378;FALSE;100;"3";"Combined"
"hs_hum_wk_hs_h_None";"hs_Gen_Tot";0;-0,00489675518938212;-0,00355138289949729;0,00277773776312187;-0,0103410211635978;0,0005475107848336;-0,00868858277059177;0,0024886656713819;-1,7628572626232;0,0779245666488697;FALSE;100;"3";"Combined"
"hs_tm_dy_hs_h_None";"hs_Gen_Tot";0;0,000978230987303279;0,00165351518082604;0,00272659573533844;-0,00436579845436056;0,00632226042896712;-0,00273536895881297;0,00733522654780643;0,358773753888329;0,719764348622836;FALSE;100;"3";"Combined"
"hs_tm_wk_hs_h_None";"hs_Gen_Tot";0;-0,000555500493663209;-0,000360976920817852;0,0022777534219791;-0,00501981516640511;0,0039088141790787;-0,00526216221687065;0,00315729388831854;-0,243880873277558;0,80732308290022;FALSE;100;"3";"Combined"
"hs_uvdvf_dy_hs_h_None";"hs_Gen_Tot";0;0,00195331029401066;0,00182464633045725;0,00281481857776962;-0,00356363274143205;0,00747025332945336;-0,00208500250588765;0,00790737104503846;0,693938255714655;0,4877209311367;FALSE;100;"3";"Combined"
"hs_uvdvf_wk_hs_h_None";"hs_Gen_Tot";0;-0,00178594473149374;-0,00133984622018017;0,00240200746448816;-0,00649379285248691;0,00292190338949942;-0,00566153936732198;0,00368806289529168;-0,74352172418178;0,457165874037251;FALSE;100;"3";"Combined"
"hs_ndvi100_h_None";"hs_Gen_Tot";0;0,00243456262050913;0,000506735853152424;0,00312456547024093;-0,00368947316850056;0,00855859840951882;-0,00639559086062263;0,00532430563894557;0,779168381554636;0,435880532891809;FALSE;100;"3";"Combined"
"hs_ndvi100_s_None";"hs_Gen_Tot";0;0,00360558825320566;0,00349361212057834;0,00361542089213744;-0,00348050648433739;0,0106916829907487;-0,00288162481462142;0,0106670005350785;0,997280361201331;0,318628443522578;FALSE;100;"3";"Combined"
"hs_dde_cadj_Log2";"hs_Gen_Tot";0;0,000890082236923005;-0,00120179902042003;0,00311532759999838;-0,00521584765911742;0,00699601213296343;-0,00894935692422832;0,00288726873321244;0,285710638240251;0,775099756065966;FALSE;100;"3";"Combined"
"hs_ddt_cadj_Log2";"hs_Gen_Tot";0;-0,000934468369335328;-0,000237670730920388;0,00222224073089015;-0,00528998016685798;0,00342104342818733;-0,00393982120134104;0,00442416642903034;-0,420507263837709;0,674114924094436;FALSE;100;"3";"Combined"
"hs_hcb_cadj_Log2";"hs_Gen_Tot";0;0,000683232634156797;-0,000983472680443563;0,00388255822826895;-0,00692644166112999;0,00829290692944358;-0,0111754195985824;0,00571795023963584;0,175974858324641;0,86031369434694;FALSE;100;"3";"Combined"
"hs_pcb118_cadj_Log2";"hs_Gen_Tot";0;0,000392921591101358;0,00245614571953848;0,00384168498888697;-0,00713664262706526;0,00792248580926797;-0,00300266065330471;0,0132210010781154;0,102278451314457;0,918535658959531;FALSE;100;"3";"Combined"
"hs_pcb138_cadj_Log2";"hs_Gen_Tot";0;-0,00109421052691864;-0,000365419935067094;0,0023742299634079;-0,00574761574621398;0,00355919469237669;-0,00361520448163831;0,0066961550729845;-0,460869647752253;0,644892129148004;FALSE;100;"3";"Combined"
"hs_pcb153_cadj_Log2";"hs_Gen_Tot";0;0,0028338959551132;0,00235456093376614;0,003103526547301;-0,0032489043026607;0,00891669621288709;-0,00349843272050826;0,00814068506163315;0,913121222558163;0,361178789767943;FALSE;100;"3";"Combined"
"hs_pcb170_cadj_Log2";"hs_Gen_Tot";0;-0,00101997165148499;-0,002965547869161;0,00380179092549013;-0,00847134494219685;0,00643140163922687;-0,0125775883327688;0,00316677202068069;-0,26828714978678;0,788478296756276;FALSE;100;"3";"Combined"
"hs_pcb180_cadj_Log2";"hs_Gen_Tot";0;0,00178573499677692;-0,00139723874983831;0,00423057935500921;-0,00650604817277982;0,0100775181663337;-0,0164613380991482;0,00370409061102659;0,422101761231006;0,672950742452694;FALSE;100;"3";"Combined"
"hs_sumPCBs5_cadj_Log2";"hs_Gen_Tot";0;-0,000520104626724735;-0,00173118199112153;0,00257857317181052;-0,00557401517497457;0,0045338059215251;-0,00708479245708073;0,00280362654645747;-0,201702488961967;0,840149316683815;FALSE;100;"3";"Combined"
"hs_pfhxs_c_Log2";"hs_Gen_Tot";0;-0,000347514563599033;-0,00146813665560897;0,00328334429044004;-0,00678275112170673;0,00608772199450866;-0,00708002695343052;0,00451236060946237;-0,105841645852028;0,915707993736208;FALSE;100;"3";"Combined"
"hs_pfna_c_Log2";"hs_Gen_Tot";0;-0,00119696603033215;0,000219335158366738;0,00262610311024838;-0,00634403354610759;0,0039501014854433;-0,00308187699761803;0,00664859609740109;-0,455795519094807;0,648537026626638;FALSE;100;"3";"Combined"
"hs_pfoa_c_Log2";"hs_Gen_Tot";0;0,000686334038618565;-0,000360417126585081;0,00240748430985105;-0,00403224850203477;0,0054049165792719;-0,00561896694593998;0,00319896213493743;0,285083493923592;0,775580175514724;FALSE;100;"3";"Combined"
"hs_pfos_c_Log2";"hs_Gen_Tot";0;-0,000300920661231405;-0,00179666102749389;0,0029436701338779;-0,00607040810599829;0,00546856678353548;-0,00763245322433658;0,0024342994242663;-0,102226352663701;0,918577010923709;FALSE;100;"3";"Combined"
"hs_pfunda_c_Log2";"hs_Gen_Tot";0;-0,00130792263971029;-0,000899944376309229;0,00190675449307667;-0,00504509277350049;0,0024292474940799;-0,0045144841556314;0,00277442708623991;-0,685941816033106;0,49274979973258;FALSE;100;"3";"Combined"
"hs_hm_pers_None";"hs_Gen_Tot";0;0,00183413112823324;0,00155297121450046;0,00236611095780457;-0,00280336113248928;0,00647162338895576;-0,00348857555419947;0,00587011195106095;0,775166998057887;0,438240986363576;FALSE;100;"3";"Combined"
"hs_trafload_h_pow1over3";"hs_Gen_Tot";0;-0,000786551693797535;-0,0012666280905518;0,00194813059755086;-0,00460481750217772;0,00303171411458265;-0,00571594730392885;0,00232023077128043;-0,403746902177075;0,686398845914282;FALSE;100;"3";"Combined"
"hs_trafnear_h_pow1over3";"hs_Gen_Tot";0;0,000102942141125934;0,00149922119959098;0,00318306912057757;-0,00613575869550769;0,00634164297775955;-0,00329868632424714;0,00632860677556811;0,0323405296040996;0,97420048814636;FALSE;100;"3";"Combined"
"FAS_cat_None_Low";"hs_Gen_Tot";0;0,0054278682827971;0,00738032771299504;0,00874283620665758;-0,0117077758049845;0,0225635123705787;-0,00521561552809148;0,0323075497682929;0,620836094202912;0,534707472047508;FALSE;100;"3";"Combined"
"FAS_cat_None_Middle";"hs_Gen_Tot";0;0,00361646961622547;0,0017782595890854;0,00446907879758405;-0,00514276387111083;0,0123757031035618;-0,00538934679389412;0,0110750840712539;0,809220374046774;0,41838839770882;FALSE;100;"3";"Combined"
"hs_globalexp2_None_no exposure";"hs_Gen_Tot";0;0,00311047547892497;0,00338280519979526;0,003233778082339;-0,00322761309645447;0,00944856405430441;-0,00301100609845872;0,0103028917745769;0,961870418972955;0,336114699430822;FALSE;100;"3";"Combined"
"h_abs_ratio_preg_Log";"hs_bmi_c_cat";0;-0,0228927771043678;-0,0187180742200589;0,079084111940202;-0,177894788256498;0,132109234047762;-0,161627099720998;0,12950910564006;-0,289473783579662;0,772218839198145;FALSE;100;"3";"Combined"
"h_no2_ratio_preg_Log";"hs_bmi_c_cat";0;-0,0497811475428088;-0,0533747192817966;0,075913002286678;-0,198567897983005;0,0990056028973869;-0,205031420352058;0,0906067770770281;-0,655765758740711;0,51197485104235;FALSE;100;"3";"Combined"
"h_pm10_ratio_preg_None";"hs_bmi_c_cat";0;-0,0113292858049076;-0,0073715590260128;0,0724332673253005;-0,153295881045058;0,130637309435243;-0,134035100911844;0,125976102503003;-0,156409978774358;0,875709872055674;FALSE;100;"3";"Combined"
"h_pm25_ratio_preg_None";"hs_bmi_c_cat";0;-0,0120473063921075;-0,0110690272572016;0,072896967283434;-0,154922736849833;0,130828124065618;-0,127962999060551;0,129973171628954;-0,165264850391729;0,868735523678708;FALSE;100;"3";"Combined"
"h_accesslines300_preg_dic0";"hs_bmi_c_cat";0;-0,214955001950426;-0,235759479178228;0,365736729530098;-0,931785819652884;0,501875815752032;-0,964295821707779;0,382887921398786;-0,587731514487491;0,556712518988165;FALSE;100;"3";"Combined"
"h_accesspoints300_preg_Log";"hs_bmi_c_cat";0;-0,10075053865557;-0,105684701537109;0,0688158153063585;-0,235627058222793;0,0341259809116528;-0,237307389738311;0,0657509865953197;-1,46406081519259;0,143177332518319;FALSE;100;"3";"Combined"
"h_builtdens300_preg_Sqrt";"hs_bmi_c_cat";0;0,028437686941191;0,0310659995499441;0,0793290243210212;-0,127044343656713;0,183919717539095;-0,0989582120654917;0,158206874405553;0,358477709572124;0,719985846187897;FALSE;100;"3";"Combined"
"h_connind300_preg_Sqrt";"hs_bmi_c_cat";0;-0,0963997679785878;-0,0987110076012122;0,073844907893685;-0,241133127891888;0,0483335919347122;-0,232212981015452;0,0292333008870978;-1,30543555037505;0,191744579647577;FALSE;100;"3";"Combined"
"h_fdensity300_preg_Log";"hs_bmi_c_cat";0;-0,0714760220817797;-0,0792474909724559;0,0598005169370923;-0,188682881535358;0,0457308373717987;-0,174217755384754;0,0311397092229996;-1,19524087320131;0,23199293342524;FALSE;100;"3";"Combined"
"h_frichness300_preg_None";"hs_bmi_c_cat";0;-0,0580914956991232;-0,057202617950452;0,0804614032912837;-0,215792948295592;0,0996099568973453;-0,208525562296106;0,0952011190699104;-0,721979648910949;0,470306989776087;FALSE;100;"3";"Combined"
"h_landuseshan300_preg_None";"hs_bmi_c_cat";0;0,0359132575042146;0,0351270686048158;0,0707542994546316;-0,102762621178225;0,174589136186655;-0,100537112315164;0,15599138890341;0,507577034625896;0,611749999554805;FALSE;100;"3";"Combined"
"h_popdens_preg_Sqrt";"hs_bmi_c_cat";0;0,0752344606081385;0,081273719465015;0,0868716815769042;-0,0950309065590253;0,245499827775302;-0,0672953032147539;0,282478141950425;0,866041260425428;0,386467535405723;FALSE;100;"3";"Combined"
"h_walkability_mean_preg_None";"hs_bmi_c_cat";0;-0,0601776869013729;-0,0646374056087929;0,0814554467757097;-0,219827428926383;0,0994720551236373;-0,227955032371298;0,0977632730729195;-0,738780392023067;0,460040360170749;FALSE;100;"3";"Combined"
"hs_as_m_Log2";"hs_bmi_c_cat";0;0,0979288655117426;0,100622101496307;0,0703792714055072;-0,0400119717012212;0,235869702724706;-0,0287914592207386;0,216354408958343;1,39144471882213;0,164090612078044;FALSE;100;"3";"Combined"
"hs_cd_m_Log2";"hs_bmi_c_cat";0;0,0169163850865082;0,0184403877363046;0,0701991365145775;-0,120671394227874;0,154504164400891;-0,119834762598671;0,147336195659;0,240977110637185;0,809572856900427;FALSE;100;"3";"Combined"
"hs_co_m_Log2";"hs_bmi_c_cat";0;0,0782631564106557;0,0876780508130848;0,0649206683098871;-0,0489790153289937;0,205505328150305;-0,0351714510533774;0,194387876459062;1,20551988215957;0,22800266735321;FALSE;100;"3";"Combined"
"hs_cs_m_Log2";"hs_bmi_c_cat";0;0,0305114745908022;0,0337612543993477;0,0733396853285516;-0,11323166729066;0,174254616472264;-0,101844768337734;0,166757527168933;0,416029526907772;0,677388397098434;FALSE;100;"3";"Combined"
"hs_cu_m_Log2";"hs_bmi_c_cat";0;-0,138302389331595;-0,141166672046899;0,0626911094119097;-0,261174705929798;-0,0154300727333923;-0,274840390542718;-0,0227952117043081;-2,20609254851249;0,0273775203494424;TRUE;100;"3";"Combined"
"hs_hg_m_Log2";"hs_bmi_c_cat";0;0,000916343036672471;0,0086252860537156;0,0679289065942558;-0,132221867397254;0,134054553470599;-0,111700267033376;0,130340256412576;0,0134897362936497;0,989237074109944;FALSE;100;"3";"Combined"
"hs_mn_m_Log2";"hs_bmi_c_cat";0;-0,0029384431418431;-0,00772452635793183;0,0730915560825402;-0,146195260637611;0,140318374353925;-0,141177093305361;0,150073794564889;-0,0402022244337609;0,967931904223768;FALSE;100;"3";"Combined"
"hs_mo_m_Log2";"hs_bmi_c_cat";0;0,0336606228899263;0,0293129859212958;0,0700534870128147;-0,103641688646635;0,170962934426487;-0,0979739129923537;0,176166766384144;0,480498891993326;0,630872690855116;FALSE;100;"3";"Combined"
"hs_pb_m_Log2";"hs_bmi_c_cat";0;0,0697366742798929;0,0756511330134193;0,0669943971152274;-0,0615699312319269;0,201043279791713;-0,0396630863579133;0,217447957191688;1,04093293294287;0,297906675870532;FALSE;100;"3";"Combined"
"h_humidity_preg_None";"hs_bmi_c_cat";0;-0,0499354396818813;-0,0579150709478763;0,0665458663796216;-0,180362941105955;0,080492061742192;-0,201824893222627;0,0632473130456834;-0,750391307508366;0,453019064662839;FALSE;100;"3";"Combined"
"h_pressure_preg_None";"hs_bmi_c_cat";0;-0,00184760777312047;0,00440809509214579;0,066264367326507;-0,131723381191407;0,128028165645166;-0,127716979108654;0,120602677495912;-0,0278823724976755;0,977755967686979;FALSE;100;"3";"Combined"
"h_temperature_preg_None";"hs_bmi_c_cat";0;-6,58486491001741e-05;0,00736537328554763;0,0836588904576596;-0,164034260932695;0,163902563634494;-0,160159103334659;0,156842550492235;-0,00078710880266217;0,999371978103531;FALSE;100;"3";"Combined"
"h_ndvi100_preg_None";"hs_bmi_c_cat";0;-0,0293141262243006;-0,0322372984242819;0,0742889873963986;-0,174917865969192;0,116289613520591;-0,163269124174575;0,100468903947028;-0,394595851305435;0,693141175776879;FALSE;100;"3";"Combined"
"hs_dde_madj_Log2";"hs_bmi_c_cat";0;0,183584661347054;0,186622968799649;0,0747402666227286;0,0370964305715843;0,330072892122523;0,0621320112949042;0,332832881665445;2,45630193258135;0,0140375160488217;TRUE;100;"3";"Combined"
"hs_ddt_madj_Log2";"hs_bmi_c_cat";0;0,0309790546399212;0,0272500759046458;0,0804340525106656;-0,126668791411587;0,188626900691429;-0,108278705030854;0,195203247872323;0,385148499583722;0,700127396900818;FALSE;100;"3";"Combined"
"hs_hcb_madj_Log2";"hs_bmi_c_cat";0;-0,0766704692244664;-0,0815046475861212;0,0697427755873488;-0,213363797557529;0,0600228591085966;-0,241793102507444;0,0566807506249031;-1,0993320609737;0,271623252751748;FALSE;100;"3";"Combined"
"hs_pcb118_madj_Log2";"hs_bmi_c_cat";0;-0,0255774436393215;-0,0200881675653578;0,083129149767453;-0,188507583248966;0,137352695970322;-0,181608005533535;0,134389077682052;-0,307683209931442;0,758323396885546;FALSE;100;"3";"Combined"
"hs_pcb138_madj_Log2";"hs_bmi_c_cat";0;0,0636570127498763;0,0536413766364445;0,073638683501491;-0,0806721547819899;0,207986180281743;-0,0696675787830256;0,213349660872059;0,864450716973877;0,3873403423062;FALSE;100;"3";"Combined"
"hs_pcb153_madj_Log2";"hs_bmi_c_cat";0;-0,0394678427676883;-0,0372918359425754;0,0782385599509425;-0,192812602473813;0,113876916938437;-0,182582458561799;0,103843020414054;-0,504455127911807;0,613941587016211;FALSE;100;"3";"Combined"
"hs_pcb170_madj_Log2";"hs_bmi_c_cat";0;-0,131182644038679;-0,1238451054374;0,0693267685993989;-0,267060613658043;0,00469532558068517;-0,276338627680885;-0,00466175910280756;-1,89223652982748;0,0584594732548275;FALSE;100;"3";"Combined"
"hs_pcb180_madj_Log2";"hs_bmi_c_cat";0;-0,0413472493322783;-0,0406701845769688;0,077667368230623;-0,19357249383831;0,110877995173753;-0,177175022378799;0,109128973579808;-0,532363208310382;0,59447446191365;FALSE;100;"3";"Combined"
"hs_sumPCBs5_madj_Log2";"hs_bmi_c_cat";0;0,0202061191851201;0,0116856237408092;0,083024863534202;-0,142519623163269;0,182931861533509;-0,144622287571974;0,184289118701666;0,24337431372948;0,807715440363227;FALSE;100;"3";"Combined"
"hs_pfhxs_m_Log2";"hs_bmi_c_cat";0;-0,144671890174351;-0,141653619621865;0,0613496974779255;-0,264915087693513;-0,0244286926551897;-0,239397550077888;-0,0155225859833897;-2,35815164738842;0,0183661884351688;TRUE;100;"3";"Combined"
"hs_pfna_m_Log2";"hs_bmi_c_cat";0;0,0293953900582738;0,0349494621362691;0,0590345741660425;-0,0863102491498281;0,145101029266376;-0,0798093621957209;0,129306406072731;0,497935158735886;0,618529745232599;FALSE;100;"3";"Combined"
"hs_pfoa_m_Log2";"hs_bmi_c_cat";0;-0,00855991819690398;-0,0129093135405355;0,0691476495143472;-0,144086820860623;0,126966984466815;-0,138354875934945;0,119824124764662;-0,123791889630723;0,901480053556179;FALSE;100;"3";"Combined"
"hs_pfos_m_Log2";"hs_bmi_c_cat";0;0,0279324364857922;0,0263738280782112;0,0671438517980098;-0,103667094821602;0,159531967793186;-0,0792678373656372;0,173492758889509;0,416008848730066;0,677403528188806;FALSE;100;"3";"Combined"
"hs_pfunda_m_Log2";"hs_bmi_c_cat";0;-0,0678516322564724;-0,0865481505433586;0,0953851615199225;-0,254803113495056;0,119099848982112;-0,284269554519224;0,0648080570210274;-0,711343684649532;0,476871287279128;FALSE;100;"3";"Combined"
"e3_asmokcigd_p_None";"hs_bmi_c_cat";0;0,00448506705119711;0,00579237074770261;0,0674275785514399;-0,12767055847437;0,136640692576765;-0,113591649950135;0,14363274809442;0,0665168043632991;0,946966379390567;FALSE;100;"3";"Combined"
"h_distinvnear1_preg_Log";"hs_bmi_c_cat";0;0,0201700644966884;0,0146608870079304;0,065488073687583;-0,10818420134788;0,148524330341256;-0,108302954147854;0,159019823756335;0,30799599623149;0,758085378899375;FALSE;100;"3";"Combined"
"h_trafload_preg_pow1over3";"hs_bmi_c_cat";0;0,140329925027672;0,147694431019449;0,0757287882198248;-0,00809577247604526;0,28875562253139;-0,0125532153070539;0,273917988341055;1,8530591645059;0,0638738789879734;FALSE;100;"3";"Combined"
"h_trafnear_preg_pow1over3";"hs_bmi_c_cat";0;0,0158038920025413;0,017902068300184;0,0787605064931716;-0,138563864128208;0,170171648133291;-0,103328721328326;0,172761690445029;0,200657572001667;0,840966337520786;FALSE;100;"3";"Combined"
"h_bro_preg_Log";"hs_bmi_c_cat";0;-0,0430039989945266;-0,0510077898526121;0,0669521503628082;-0,174227802393141;0,0882198044040878;-0,200018393696964;0,0529848347605501;-0,642309451772519;0,520672278523071;FALSE;100;"3";"Combined"
"h_clf_preg_Log";"hs_bmi_c_cat";0;-0,0429292897799858;-0,052788031159584;0,0770579700803003;-0,193960135859139;0,108101556299168;-0,199342961449203;0,0809667197378204;-0,557103823721936;0,577456495201428;FALSE;100;"3";"Combined"
"h_thm_preg_Log";"hs_bmi_c_cat";0;-0,115822784628155;-0,114123723983623;0,0758798196590028;-0,264544498313195;0,0328989290568844;-0,255476490810382;0,0285120611419425;-1,5263977319484;0,1269108421581;FALSE;100;"3";"Combined"
"e3_alcpreg_yn_None_1";"hs_bmi_c_cat";0;-0,200623069199913;-0,219726591535732;0,136474348132203;-0,468107876352611;0,0668617379527851;-0,505970024020204;-0,00772407613400399;-1,47004233356418;0,141550288881716;FALSE;100;"3";"Combined"
"h_pamod_t3_None_Often";"hs_bmi_c_cat";0;-0,19908821056381;-0,211593244487445;0,12344894371641;-0,441043694177487;0,0428672730498662;-0,41783006971452;0,018975046578138;-1,61271700324273;0,106806004753544;FALSE;100;"3";"Combined"
"h_pamod_t3_None_Sometimes";"hs_bmi_c_cat";0;-0,00614026462645748;-0,00784376343012183;0,180840097852553;-0,360580343378161;0,348299814125246;-0,32508018828776;0,353599248168767;-0,03395411028512;0,972913744268676;FALSE;100;"3";"Combined"
"h_pamod_t3_None_Very Often";"hs_bmi_c_cat";0;0,023136792120227;0,0174947292845976;0,120447356792389;-0,212935689225901;0,259209273466355;-0,191736928338949;0,275555179376138;0,192090492779406;0,847671321901181;FALSE;100;"3";"Combined"
"h_pavig_t3_None_Low";"hs_bmi_c_cat";0;-0,402734358020223;-0,39545439769795;0,156969150905888;-0,710388240479597;-0,0950804755608489;-0,672805500161034;-0,0683442810166945;-2,56569112909125;0,0102970474379239;TRUE;100;"3";"Combined"
"h_pavig_t3_None_Medium";"hs_bmi_c_cat";0;-0,134957763792243;-0,135912240536136;0,159467129626334;-0,447507594577837;0,177592066993351;-0,42928232830385;0,200965857972314;-0,846304590221686;0,397382847822242;FALSE;100;"3";"Combined"
"hs_no2_dy_hs_h_Log";"hs_bmi_c_cat";0;-0,150953109623528;-0,143747621384583;0,0781841699094291;-0,304191266807169;0,0022850475601135;-0,299037430218552;-0,0290550451857447;-1,93073751116622;0,0535155215575135;FALSE;100;"3";"Combined"
"hs_no2_wk_hs_h_Log";"hs_bmi_c_cat";0;-0,00240279598106055;-0,0105930274872779;0,0698478038674139;-0,139301975960409;0,134496383998288;-0,128366460927339;0,12703643327304;-0,0344004513817152;0,972557823535625;FALSE;100;"3";"Combined"
"hs_no2_yr_hs_h_Log";"hs_bmi_c_cat";0;-0,0506316539582694;-0,0562067206877986;0,0661130606730557;-0,18021087178517;0,0789475638686312;-0,159717290242425;0,080734011168536;-0,765834366807711;0,44377486260289;FALSE;100;"3";"Combined"
"hs_pm10_dy_hs_h_None";"hs_bmi_c_cat";0;0,105443065150973;0,104473365613206;0,0778626896384691;-0,0471650022798462;0,258051132581793;-0,0574126756321816;0,251701894879812;1,3542181196227;0,175666799842192;FALSE;100;"3";"Combined"
"hs_pm10_wk_hs_h_None";"hs_bmi_c_cat";0;-0,11242907009236;-0,0923046070677553;0,0626667697635207;-0,235253681856324;0,0103955416716042;-0,208611288823723;0,0363828179501691;-1,79407795417926;0,0728007272792724;FALSE;100;"3";"Combined"
"hs_pm10_yr_hs_h_None";"hs_bmi_c_cat";0;-0,0587196773630743;-0,0509486226524496;0,0567316869547517;-0,169911740576588;0,0524723858504399;-0,155891740882087;0,0418631211147529;-1,0350419759227;0,300649308432521;FALSE;100;"3";"Combined"
"hs_pm25_dy_hs_h_None";"hs_bmi_c_cat";0;0,10675313867789;0,0973097967773436;0,0751924982979226;-0,0406214498936274;0,254127727249408;-0,0439677671137965;0,217191000823246;1,41973123774822;0,155685940271455;FALSE;100;"3";"Combined"
"hs_pm25_wk_hs_h_None";"hs_bmi_c_cat";0;-0,0612047754241588;-0,0577342983174369;0,0694258361426482;-0,197276913860329;0,0748673630120109;-0,178350143225768;0,0649151561846132;-0,881584995222848;0,37800127224265;FALSE;100;"3";"Combined"
"hs_pm25_yr_hs_h_None";"hs_bmi_c_cat";0;-0,032455191497611;-0,0327035571650456;0,0589059039903026;-0,147908641795378;0,0829982588001563;-0,161538049386967;0,0910877407156878;-0,550966699415291;0,581656502666469;FALSE;100;"3";"Combined"
"hs_pm25abs_dy_hs_h_Log";"hs_bmi_c_cat";0;-0,0458138419390088;-0,0452074939419848;0,0710824653995375;-0,185132914054417;0,0935052301763992;-0,195650149497723;0,0741882948317065;-0,644516783168679;0,519240378025242;FALSE;100;"3";"Combined"
"hs_pm25abs_wk_hs_h_Log";"hs_bmi_c_cat";0;0,0943873138579705;0,0952503489468501;0,0660450064214024;-0,0350585200866948;0,223833147802636;-0,0254099801859918;0,204183057777459;1,42913626589312;0,15296507175056;FALSE;100;"3";"Combined"
"hs_pm25abs_yr_hs_h_Log";"hs_bmi_c_cat";0;0,000931432125053577;-0,00369713924934303;0,0818698374065887;-0,15953050061201;0,161393364862117;-0,156675808662091;0,136409967025056;0,0113769876007915;0,990922673067222;FALSE;100;"3";"Combined"
"hs_accesslines300_h_dic0";"hs_bmi_c_cat";0;-0,465924288908512;-0,470685352779821;0,449640551694682;-1,34720357621881;0,415354998401785;-1,25323369767361;0,337106190273235;-1,03621501030647;0,300101845572101;FALSE;100;"3";"Combined"
"hs_accesspoints300_h_Log";"hs_bmi_c_cat";0;0,0256765676616955;0,0183614129992128;0,0678176790579863;-0,107243640807054;0,158596776130445;-0,120087523883536;0,132170508118902;0,378611713322439;0,704976222669477;FALSE;100;"3";"Combined"
"hs_builtdens300_h_Sqrt";"hs_bmi_c_cat";0;-0,0623142718200726;-0,0608327475077393;0,0830618915316127;-0,225112587709806;0,100484044069661;-0,219726944961502;0,109151021982098;-0,750214938174822;0,453125263328151;FALSE;100;"3";"Combined"
"hs_connind300_h_Log";"hs_bmi_c_cat";0;0,0616518172082739;0,0601588469331825;0,0791907566549874;-0,093559213743977;0,216862848160525;-0,0887203444410404;0,226294587449399;0,778522896010125;0,436260814172707;FALSE;100;"3";"Combined"
"hs_fdensity300_h_Log";"hs_bmi_c_cat";0;-0,0829578174140739;-0,0891005132200523;0,0684077788374256;-0,217034600197809;0,0511189653696615;-0,214565742080362;0,0355930831200266;-1,21269567326878;0,225246194683705;FALSE;100;"3";"Combined"
"hs_landuseshan300_h_None";"hs_bmi_c_cat";0;-0,0557481415162966;-0,0577528067691939;0,0608734918143566;-0,175057993085629;0,0635617100530361;-0,157740174218985;0,0670955513941439;-0,915803247927841;0,359770099686283;FALSE;100;"3";"Combined"
"hs_popdens_h_Sqrt";"hs_bmi_c_cat";0;0,0639241994211521;0,0631561401208142;0,0735253233001907;-0,0801827861988852;0,208031185041189;-0,0738084840325092;0,189896500182087;0,869417454448464;0,384618839531782;FALSE;100;"3";"Combined"
"hs_walkability_mean_h_None";"hs_bmi_c_cat";0;0,0508293068309393;0,0469408703054892;0,0814793971010245;-0,108867376969106;0,210525990630985;-0,109156990343855;0,188748768427431;0,623830178418197;0,532739118233834;FALSE;100;"3";"Combined"
"hs_accesslines300_s_dic0";"hs_bmi_c_cat";0;-0,0645793675654337;-0,110013067745266;0,382304946154282;-0,81388329313935;0,684724558008483;-0,975119377954632;0,45897989005732;-0,168921088296284;0,865858711497611;FALSE;100;"3";"Combined"
"hs_accesspoints300_s_Log";"hs_bmi_c_cat";0;-0,211954559301581;-0,213086287063251;0,0776805100187545;-0,364205561239042;-0,0597035573641193;-0,376003738000043;-0,0883970037044317;-2,72854232355591;0,00636149262701729;TRUE;100;"3";"Combined"
"hs_builtdens300_s_Sqrt";"hs_bmi_c_cat";0;0,0172958502115638;0,0185099414318234;0,0693021120875971;-0,118533793532684;0,153125493955812;-0,118292503075644;0,146295312708732;0,249571761820217;0,802918538453269;FALSE;100;"3";"Combined"
"hs_connind300_s_Log";"hs_bmi_c_cat";0;-0,0452842742447921;-0,042354703141691;0,0750363782904384;-0,192352873224374;0,10178432473479;-0,199364828272133;0,0724554504802199;-0,60349760045072;0,54617771133637;FALSE;100;"3";"Combined"
"hs_fdensity300_s_Log";"hs_bmi_c_cat";0;-0,0671603678233988;-0,0751585726521419;0,0794565803525575;-0,222892403649124;0,0885716680023268;-0,265681098766426;0,0520422720528666;-0,845246139783526;0,397973425939443;FALSE;100;"3";"Combined"
"hs_landuseshan300_s_None";"hs_bmi_c_cat";0;-0,117422519069168;-0,122491074240361;0,0698123792036876;-0,254252267983449;0,0194072298451123;-0,243641852608188;0,0208757867766814;-1,68197274478458;0,0925741251353098;FALSE;100;"3";"Combined"
"hs_popdens_s_Sqrt";"hs_bmi_c_cat";0;-0,0802934729986967;-0,0761489506622108;0,0728774884676651;-0,223130725679053;0,06254377968166;-0,231938586395547;0,0610763610655576;-1,101759606251;0,270566195673033;FALSE;100;"3";"Combined"
"h_Absorbance_Log";"hs_bmi_c_cat";0;-0,046232741461266;-0,050192692837044;0,0776526326506606;-0,19842910476128;0,105963621838748;-0,216077781292712;0,0676553494498802;-0,59537893157152;0,551590205310777;FALSE;100;"3";"Combined"
"h_Benzene_Log";"hs_bmi_c_cat";0;0,0784694424860404;0,0754150995089918;0,0591225207974612;-0,0374085689522039;0,194347453924285;-0,0325162306260493;0,177330562787928;1,32723438425193;0,184431161538891;FALSE;100;"3";"Combined"
"h_NO2_Log";"hs_bmi_c_cat";0;0,0644317550485119;0,0589797474257388;0,0731975118112477;-0,0790327318594788;0,207896241956503;-0,0788255807151487;0,179644754033823;0,88024515388802;0,378726517167658;FALSE;100;"3";"Combined"
"h_PM_Log";"hs_bmi_c_cat";0;0,0449939025359783;0,0473552240442118;0,0719963637032957;-0,096116377340328;0,186104182412285;-0,0934293103998948;0,198498953632395;0,624946875392245;0,5320059255217;FALSE;100;"3";"Combined"
"h_TEX_Log";"hs_bmi_c_cat";0;0,0593271678783049;0,0559102242498444;0,0787957935456869;-0,095109749604495;0,213764085361105;-0,0863513561251513;0,191097841227403;0,752923033180777;0,45149616615129;FALSE;100;"3";"Combined"
"hs_KIDMED_None";"hs_bmi_c_cat";0;0,142232590273045;0,14347253852071;0,062275069080207;0,0201756977410959;0,264289482804995;0,00970923001054584;0,237262588874016;2,28394110795538;0,02237499227821;TRUE;100;"3";"Combined"
"hs_mvpa_prd_alt_None";"hs_bmi_c_cat";0;-0,0905825673655569;-0,0897643133135592;0,075303829579457;-0,238175361239235;0,0570102265081209;-0,236802309574703;0,0657458345159999;-1,20289456554103;0,229017123611657;FALSE;100;"3";"Combined"
"hs_sd_wk_None";"hs_bmi_c_cat";0;0,0338558359709849;0,0269023445118684;0,0701998738259387;-0,103733388447111;0,171445060389081;-0,12480830033551;0,14496219200886;0,482277732506055;0,629608663487371;FALSE;100;"3";"Combined"
"hs_dif_hours_total_None";"hs_bmi_c_cat";0;-0,0651886308826507;-0,0688790333751361;0,0676737134355115;-0,197826671916338;0,0674494101510362;-0,191554634716339;0,0737965215006508;-0,963278466235949;0,335407796777852;FALSE;100;"3";"Combined"
"hs_as_c_Log2";"hs_bmi_c_cat";0;-0,0152054951031523;-0,0147505924813173;0,0696656792394636;-0,151747717371021;0,121336727164716;-0,144780740252272;0,131234012843593;-0,218263788843372;0,827223586600573;FALSE;100;"3";"Combined"
"hs_cd_c_Log2";"hs_bmi_c_cat";0;0,0817254056099894;0,0806959426629939;0,067053732209217;-0,0496974945490692;0,213148305769048;-0,0621973110169089;0,186380251250868;1,21880472447074;0,2229183179181;FALSE;100;"3";"Combined"
"hs_co_c_Log2";"hs_bmi_c_cat";0;-0,0546819162874252;-0,0560315732527816;0,0646637190317684;-0,181420476696108;0,072056644121258;-0,161201516347409;0,0730050999370002;-0,845635189348771;0,397756288516296;FALSE;100;"3";"Combined"
"hs_cs_c_Log2";"hs_bmi_c_cat";0;0,277119978181231;0,286330898145154;0,0746024494843267;0,130901864033482;0,42333809232898;0,141713410183559;0,431738545958497;3,71462304651876;0,000203506827994671;TRUE;100;"3";"Combined"
"hs_cu_c_Log2";"hs_bmi_c_cat";0;0,219844931766439;0,226177261855118;0,0701975878013782;0,0822601878741497;0,357429675658729;0,091449027001377;0,363079194248186;3,13180179906585;0,00173737119437676;TRUE;100;"3";"Combined"
"hs_hg_c_Log2";"hs_bmi_c_cat";0;0,0136316752793939;0,0172510005279924;0,0782009894301694;-0,139639447559135;0,166902798117923;-0,175648743003726;0,149809448440283;0,174315892659728;0,861617209917692;FALSE;100;"3";"Combined"
"hs_mn_c_Log2";"hs_bmi_c_cat";0;-0,0753623813955675;-0,0802325407388522;0,0691530500399554;-0,210899868894976;0,0601751061038412;-0,21730100859848;0,0407268815764415;-1,08979114228547;0,275805156680071;FALSE;100;"3";"Combined"
"hs_mo_c_Log2";"hs_bmi_c_cat";0;-0,107301082368181;-0,11585559947674;0,070906843377316;-0,246275941645143;0,0316737769087803;-0,259985218187751;0,0339490730346266;-1,5132683568665;0,130211506970958;FALSE;100;"3";"Combined"
"hs_pb_c_Log2";"hs_bmi_c_cat";0;-0,012179560497671;-0,0113480360575366;0,0707255690877522;-0,150799128695765;0,126440007700423;-0,159696020743559;0,107388942468119;-0,172208730940847;0,863273434126485;FALSE;100;"3";"Combined"
"hs_hum_mt_hs_h_None";"hs_bmi_c_cat";0;0,227458229926942;0,228345650109436;0,0704044457255705;0,0894680519533192;0,365448407900565;0,0993912876313984;0,35046415231941;3,23073674656217;0,00123471603201233;TRUE;100;"3";"Combined"
"hs_tm_mt_hs_h_None";"hs_bmi_c_cat";0;-0,0635272301577092;-0,0621605886061301;0,0599478034860249;-0,181022765942603;0,0539683056271843;-0,160642684805832;0,0584437315069208;-1,05970905460312;0,289276982223471;FALSE;100;"3";"Combined"
"hs_uvdvf_mt_hs_h_None";"hs_bmi_c_cat";0;0,117281247504254;0,105664358469363;0,0614386219558253;-0,00313623878893499;0,237698733797444;0,00338067448940088;0,238274490991326;1,90891728640301;0,0562727626804377;FALSE;100;"3";"Combined"
"hs_hum_dy_hs_h_None";"hs_bmi_c_cat";0;0,0336469279480903;0,0369250398805423;0,0812179814613543;-0,125537390613206;0,192831246509386;-0,104495235883391;0,19025735669858;0,414279293115656;0,678669576836921;FALSE;100;"3";"Combined"
"hs_hum_wk_hs_h_None";"hs_bmi_c_cat";0;0,100315415247229;0,104253491972398;0,0822906962587776;-0,0609713856827001;0,261602216177158;-0,0437040270646845;0,289301479825037;1,21903714281101;0,222830095291643;FALSE;100;"3";"Combined"
"hs_tm_dy_hs_h_None";"hs_bmi_c_cat";0;-0,0661663040603635;-0,0653745182262283;0,0899560452959407;-0,242476913032061;0,110144304911334;-0,228489551214659;0,0951995981705692;-0,735540383558294;0,462010454986394;FALSE;100;"3";"Combined"
"hs_tm_wk_hs_h_None";"hs_bmi_c_cat";0;-0,0167361036511041;-0,0215873867466697;0,0610013854639785;-0,136296622167547;0,102824414865339;-0,149365660019282;0,0933316100809584;-0,274356123616025;0,78381095802222;FALSE;100;"3";"Combined"
"hs_uvdvf_dy_hs_h_None";"hs_bmi_c_cat";0;-0,0616913112993432;-0,0565342917834488;0,0577581327527267;-0,174895171308971;0,0515125487102844;-0,176983002936528;0,0407127202959677;-1,06809739787564;0,285476579530051;FALSE;100;"3";"Combined"
"hs_uvdvf_wk_hs_h_None";"hs_bmi_c_cat";0;0,00596566084737784;0,00221024252910052;0,0693246433234088;-0,129908143307588;0,141839465002344;-0,128990621246541;0,126547286692344;0,086053971017885;0,931423513636525;FALSE;100;"3";"Combined"
"hs_ndvi100_h_None";"hs_bmi_c_cat";0;-0,016388921151449;-0,0130086818890297;0,0824422200444307;-0,177972703244059;0,145194860941161;-0,157576865222525;0,140709393131448;-0,198792816867577;0,842424815162674;FALSE;100;"3";"Combined"
"hs_ndvi100_s_None";"hs_bmi_c_cat";0;-0,127142491478275;-0,120525494481538;0,0699599528079743;-0,264261479342026;0,00997649638547651;-0,260186646383597;0,0167001185692128;-1,81736102405979;0,0691618516084735;FALSE;100;"3";"Combined"
"hs_dde_cadj_Log2";"hs_bmi_c_cat";0;-0,263237080938671;-0,254308460609097;0,0918034114390968;-0,443168461017214;-0,0833057008601294;-0,440834173499788;-0,0779194324306463;-2,86739977101292;0,00413859870440783;TRUE;100;"3";"Combined"
"hs_ddt_cadj_Log2";"hs_bmi_c_cat";0;0,0871351842934949;0,077823776564923;0,0720949311100458;-0,0541682841500912;0,228438652737081;-0,0498116864098068;0,210942465449441;1,20861734593368;0,226809889222611;FALSE;100;"3";"Combined"
"hs_hcb_cadj_Log2";"hs_bmi_c_cat";0;-0,288366809390505;-0,373382753744562;0,195109755075046;-0,670774902370026;0,0940412835890165;-0,748546297872756;-0,134574691961084;-1,47797227913893;0,139415198193211;FALSE;100;"3";"Combined"
"hs_pcb118_cadj_Log2";"hs_bmi_c_cat";0;0,0813616102363217;0,0709734723725127;0,0647324675776396;-0,0455116948462586;0,208234915318902;-0,0397943671503201;0,190572864466673;1,25689029448379;0,20879336344432;FALSE;100;"3";"Combined"
"hs_pcb138_cadj_Log2";"hs_bmi_c_cat";0;0,0296475757737977;0,0128334080803799;0,0849059703571748;-0,13676506819869;0,196060219746286;-0,179360677224431;0,144194330491952;0,349181284296957;0,726953215950045;FALSE;100;"3";"Combined"
"hs_pcb153_cadj_Log2";"hs_bmi_c_cat";0;-0,202641199552847;-0,188578074751148;0,0695627175721365;-0,338981620660966;-0,066300778444728;-0,316953992926044;-0,0633810185921547;-2,91307192452204;0,00357892158370896;TRUE;100;"3";"Combined"
"hs_pcb170_cadj_Log2";"hs_bmi_c_cat";0;-0,269529632002564;-0,274669641001839;0,0798718360843104;-0,426075554106899;-0,112983709898229;-0,430474594090466;-0,145397403722169;-3,37452655674594;0,000739427810968407;TRUE;100;"3";"Combined"
"hs_pcb180_cadj_Log2";"hs_bmi_c_cat";0;-0,0941913405810694;-0,105103960073715;0,0799257871421345;-0,250843004815667;0,0624603236535287;-0,266726393825794;0,0255261016621914;-1,17848499150301;0,23860331223196;FALSE;100;"3";"Combined"
"hs_sumPCBs5_cadj_Log2";"hs_bmi_c_cat";0;-0,21441824632517;-0,201620728257738;0,063940717176231;-0,339739749136244;-0,0890967435140951;-0,317525113230404;-0,0753392569853122;-3,35339132550231;0,000798277551262876;TRUE;100;"3";"Combined"
"hs_pfhxs_c_Log2";"hs_bmi_c_cat";0;0,0438345612164961;0,0479871973968531;0,0703413933283544;-0,0940320363294445;0,181701158762437;-0,111771036549028;0,16634738389026;0,623168793542032;0,533173606424671;FALSE;100;"3";"Combined"
"hs_pfna_c_Log2";"hs_bmi_c_cat";0;0,0485083693625562;0,0489424358142058;0,0761416687018013;-0,100726559015755;0,197743297740867;-0,0759325683584606;0,2243111356959;0,637080460536435;0,524072435278193;FALSE;100;"3";"Combined"
"hs_pfoa_c_Log2";"hs_bmi_c_cat";0;-0,0645480271971555;-0,0656476533395424;0,0724036466251778;-0,206456566931869;0,077360512537558;-0,171802695266315;0,0813901696323422;-0,891502434004607;0,372659686353556;FALSE;100;"3";"Combined"
"hs_pfos_c_Log2";"hs_bmi_c_cat";0;-0,0416195050470806;-0,0393928691986567;0,0733491810195483;-0,185381258140904;0,102142248046743;-0,190741282259824;0,114209449141394;-0,567416083841326;0,570431524956445;FALSE;100;"3";"Combined"
"hs_pfunda_c_Log2";"hs_bmi_c_cat";0;0,0183193105932018;0,0251770849044068;0,0698634869588124;-0,118610607680454;0,155249228866858;-0,0879757295898169;0,177057574156803;0,262215806720352;0,793155067640487;FALSE;100;"3";"Combined"
"hs_hm_pers_None";"hs_bmi_c_cat";0;-0,0500119957788903;-0,0526536606214966;0,0734340479156628;-0,193940084932578;0,0939160933747974;-0,190820206787703;0,105710435090438;-0,681046424627549;0,49584211547707;FALSE;100;"3";"Combined"
"hs_trafload_h_pow1over3";"hs_bmi_c_cat";0;-0,0375959831345234;-0,034507094002287;0,0736172897275209;-0,181883219639915;0,106691253370868;-0,168514776190664;0,118988020920796;-0,510695018434897;0,609564629494047;FALSE;100;"3";"Combined"
"hs_trafnear_h_pow1over3";"hs_bmi_c_cat";0;0,0718737772337967;0,0636417627612917;0,0795733024034058;-0,0840870296077931;0,227834584075387;-0,0754942410610333;0,211223751912018;0,903239843803699;0,366398615654005;FALSE;100;"3";"Combined"
"FAS_cat_None_Low";"hs_bmi_c_cat";0;-0,593020367653172;-0,60665134331244;0,208897097599836;-1,0024511554238;-0,183589579882545;-0,945674847098953;-0,189727281527918;-2,83881573495657;0,00452812970002228;TRUE;100;"3";"Combined"
"FAS_cat_None_Middle";"hs_bmi_c_cat";0;-0,177690135425006;-0,175437377796503;0,137051333941726;-0,446305813983961;0,0909255431339486;-0,408145101110412;0,0582889570831924;-1,29652248040548;0,194795540198927;FALSE;100;"3";"Combined"
"hs_globalexp2_None_no exposure";"hs_bmi_c_cat";0;-0,174196961520407;-0,187712828983878;0,145076891056586;-0,458542442980357;0,110148519939544;-0,451827941755147;0,0813444098942201;-1,20072163286475;0,229859199702196;FALSE;100;"3";"Combined"
