"exposure";"outcome";"lambda";"beta_unpenalized";"bootstrap_mean";"bootstrap_standard_error";"ci95_lower";"ci95_upper";"bootstrap_q025";"bootstrap_q975";"z_value";"p_value";"significant";"n_valid_bootstrap";"omitted_cohort";"scenario"
"hs_no2_dy_hs_h_Log";"e3_bw";0;-0,0195875259263311;-0,016472989166942;0,0055727659716383;-0,0305099465250125;-0,00866510532764965;-0,0265255422561144;-0,00498106291045564;-3,51486605143992;0,000439975847413655;TRUE;100;"1";"Childhood"
"hs_no2_wk_hs_h_Log";"e3_bw";0;-0,0216097274219128;-0,0200905902986251;0,00488651149906798;-0,0311871139701268;-0,0120323408736987;-0,0295233578835297;-0,0112319716376199;-4,42232202380665;9,76457754783683e-06;TRUE;100;"1";"Childhood"
"hs_no2_yr_hs_h_Log";"e3_bw";0;-0,0236424769414023;-0,0242414732841284;0,00615629658839572;-0,0357085965328047;-0,0115763573499999;-0,0359102108972599;-0,0130449990601131;-3,84037328317922;0,00012284737094593;TRUE;100;"1";"Childhood"
"hs_pm10_dy_hs_h_None";"e3_bw";0;0,0013576961517327;0,00254082380035214;0,00367409382015029;-0,00584339541158305;0,00855878771504846;-0,00340855745867971;0,0109994363822169;0,369532248819157;0,711731040379332;FALSE;100;"1";"Childhood"
"hs_pm10_wk_hs_h_None";"e3_bw";0;-0,00035979568170237;-0,000791556029448497;0,00457672434166143;-0,00933001055852656;0,00861041919512182;-0,0106802162793168;0,00793491415328818;-0,0786142347327299;0,937339464902676;FALSE;100;"1";"Childhood"
"hs_pm10_yr_hs_h_None";"e3_bw";0;0,00229544667836446;0,000312870573715847;0,00567015589510594;-0,00881785466277065;0,0134087480194996;-0,00950550341474759;0,0111706233874395;0,404829553336571;0,68560280370567;FALSE;100;"1";"Childhood"
"hs_pm25_dy_hs_h_None";"e3_bw";0;0,0058827982966444;0,00549330310897524;0,00406853536853685;-0,00209138449551521;0,013856981088804;-0,00180714439280893;0,0124113494077427;1,44592531802421;0,148198149820565;FALSE;100;"1";"Childhood"
"hs_pm25_wk_hs_h_None";"e3_bw";0;0,00599601329041862;0,00470277921325595;0,00458498816182043;-0,00299039837629193;0,0149824249571292;-0,00291777859252237;0,0135972747817048;1,30774891423884;0,190958486623528;FALSE;100;"1";"Childhood"
"hs_pm25_yr_hs_h_None";"e3_bw";0;-0,017650885442241;-0,0153280456702001;0,00534847951371967;-0,0281337126611818;-0,00716805822330012;-0,0252348443816327;-0,0053410464208991;-3,30016884181079;0,000966266763473034;TRUE;100;"1";"Childhood"
"hs_pm25abs_dy_hs_h_Log";"e3_bw";0;0,0116794176219765;0,00945539533090064;0,00434659109105244;0,00316025562799103;0,0201985796159619;0,00127761068852717;0,0173673249735108;2,68702930119625;0,00720906284537144;TRUE;100;"1";"Childhood"
"hs_pm25abs_wk_hs_h_Log";"e3_bw";0;-0,00826758282251066;-0,00884182192906561;0,00397372635816832;-0,0160559433689381;-0,000479222276083246;-0,0188353687357099;-0,00191207711962989;-2,08056168878261;0,0374740436519932;TRUE;100;"1";"Childhood"
"hs_pm25abs_yr_hs_h_Log";"e3_bw";0;0,0243418557555824;0,0223293939247792;0,00516243623722373;0,0142236666581394;0,0344600448530254;0,0122747459131644;0,0325006820896533;4,71518768213843;2,41488048546532e-06;TRUE;100;"1";"Childhood"
"hs_accesslines300_h_dic0";"e3_bw";0;0,0685948221381093;0,0695185526282852;0,0157569551486081;0,0377117575408245;0,099477886735394;0,0400086217625889;0,0983707432999135;4,35330439740249;1,34100746387917e-05;TRUE;100;"1";"Childhood"
"hs_accesspoints300_h_Log";"e3_bw";0;0,0183508734860825;0,0176805289271239;0,00425003773315774;0,0100209525961571;0,0266807943760079;0,00917939269592668;0,0259078073986766;4,31781424972149;1,57581958138896e-05;TRUE;100;"1";"Childhood"
"hs_builtdens300_h_Sqrt";"e3_bw";0;-0,000464955687030642;-0,000799484383081617;0,00420648335007936;-0,00870951155475358;0,00777960018069229;-0,00838626247464574;0,0083226078106031;-0,11053311004354;0,911986592719685;FALSE;100;"1";"Childhood"
"hs_connind300_h_Log";"e3_bw";0;-0,00302055444262722;-0,00194337928356719;0,00376587245444106;-0,0104015288237032;0,00436041993844872;-0,00865490954160563;0,00466108661241769;-0,802086230792311;0,422503079279583;FALSE;100;"1";"Childhood"
"hs_fdensity300_h_Log";"e3_bw";0;0,000462359496183205;-0,00168963436608638;0,00432270900839201;-0,00800999447591199;0,0089347134682784;-0,00895807979449824;0,00597887826803755;0,106960587743841;0,914820246751521;FALSE;100;"1";"Childhood"
"hs_landuseshan300_h_None";"e3_bw";0;0,00376545993183471;0,00274055209447999;0,00344409787286861;-0,00298484785821877;0,0105157677218882;-0,00381218835158538;0,0100984794676373;1,09330805070834;0,274258569320742;FALSE;100;"1";"Childhood"
"hs_popdens_h_Sqrt";"e3_bw";0;-0,00446187069173176;-0,00338234227453853;0,00392024383724532;-0,0121454074233477;0,00322166603988416;-0,0111742018137122;0,00277759406316519;-1,13816152182693;0,255053042557098;FALSE;100;"1";"Childhood"
"hs_walkability_mean_h_None";"e3_bw";0;0,00180981210981969;0,00187030995673133;0,00332407425765973;-0,00470525371713009;0,00832487793676948;-0,00448797736358997;0,00781294186739526;0,544455980683737;0,586127732088631;FALSE;100;"1";"Childhood"
"hs_accesslines300_s_dic0";"e3_bw";0;0,0391353594161467;0,0385797706662837;0,012889809969392;0,0138717961085731;0,0643989227237203;0,0150804063282112;0,0674412653614269;3,03614712001784;0,00239622413222064;TRUE;100;"1";"Childhood"
"hs_accesspoints300_s_Log";"e3_bw";0;0,00527444314433323;0,005861974718567;0,00472051062227876;-0,0039775876639719;0,0145264739526384;-0,00203521640508806;0,0150142200096593;1,1173458903874;0,263846461195994;FALSE;100;"1";"Childhood"
"hs_builtdens300_s_Sqrt";"e3_bw";0;-0,00447745279769425;-0,00441763024527197;0,00391152210881162;-0,0121438952556972;0,00318898966030868;-0,0113963469457654;0,00304576546276366;-1,14468298353926;0,252340502885127;FALSE;100;"1";"Childhood"
"hs_connind300_s_Log";"e3_bw";0;0,010849659533606;0,0103784224171862;0,00395612828247296;0,00309579058173869;0,0186035284854733;0,00204084726653751;0,0170760321683123;2,74249436795915;0,00609744955329444;TRUE;100;"1";"Childhood"
"hs_fdensity300_s_Log";"e3_bw";0;0,000225580482360709;0,000974065239766153;0,00353501358732119;-0,00670291883364857;0,00715407979836999;-0,00635182973285816;0,00742348213807376;0,0638131867922048;0,949118978118988;FALSE;100;"1";"Childhood"
"hs_landuseshan300_s_None";"e3_bw";0;0,00460070355205446;0,00564003503426301;0,00365038238754244;-0,00255391445732805;0,011755321561437;-0,000803634984358638;0,0130046797349731;1,26033468925205;0,20754865111967;FALSE;100;"1";"Childhood"
"hs_popdens_s_Sqrt";"e3_bw";0;-0,00236092208272989;-0,00240544084396098;0,00396321369543608;-0,0101286781888205;0,00540683402336071;-0,0109156046933522;0,00463504045982277;-0,595709003894658;0,551369642143418;FALSE;100;"1";"Childhood"
"h_Absorbance_Log";"e3_bw";0;0,00400627715240253;0,00262207100496887;0,00431166722978235;-0,00444443533129245;0,0124569896360975;-0,00533289264209613;0,0105229959609094;0,929171232123303;0,352800353612672;FALSE;100;"1";"Childhood"
"h_Benzene_Log";"e3_bw";0;0,0014457436994233;0,00313636203042071;0,00383125027939727;-0,00606336886395436;0,00895485626280096;-0,00424286394769801;0,0103526886528294;0,377355587338644;0,705909367498892;FALSE;100;"1";"Childhood"
"h_NO2_Log";"e3_bw";0;-0,00109792241560398;-0,000952296411734792;0,00328526700322782;-0,00753692742152834;0,00534108259032038;-0,00680349201146022;0,00517505664525796;-0,334195794291684;0,738231817405577;FALSE;100;"1";"Childhood"
"h_PM_Log";"e3_bw";0;-0,000179483676910574;0,00138755695489853;0,00337850474403761;-0,006801231296822;0,00644226394300085;-0,00513683544837126;0,00804898632862062;-0,0531251812587585;0,957632168035798;FALSE;100;"1";"Childhood"
"h_TEX_Log";"e3_bw";0;0,00031278098355418;0,000967674160502218;0,00308684136561551;-0,00573731691904066;0,00636287888614902;-0,00446294164898814;0,00683339794556826;0,10132719712722;0,919290727112135;FALSE;100;"1";"Childhood"
"hs_KIDMED_None";"e3_bw";0;-0,00173107134818133;-0,00327351460593342;0,00359457466538788;-0,00877630823208169;0,00531416553571903;-0,0106274284927653;0,0029487596910436;-0,481578909696826;0,630105111314517;FALSE;100;"1";"Childhood"
"hs_mvpa_prd_alt_None";"e3_bw";0;-0,0239265381492101;-0,0238204100612335;0,00406913296499647;-0,0319018922089079;-0,0159511840895123;-0,0310310186484106;-0,0154019817025671;-5,88000892451321;4,10244362535863e-09;TRUE;100;"1";"Childhood"
"hs_sd_wk_None";"e3_bw";0;-0,00528642518390794;-0,0042138517747001;0,00376457265650681;-0,0126648520078456;0,00209200164002968;-0,0123475386030582;0,00259228620062702;-1,40425638346247;0,160242517365332;FALSE;100;"1";"Childhood"
"hs_dif_hours_total_None";"e3_bw";0;-0,00221110249567761;-0,00347727924986147;0,00323085557008886;-0,0085434630523024;0,00412125806094718;-0,00946081700260258;0,00279192109848319;-0,684370578538983;0,493741189620882;FALSE;100;"1";"Childhood"
"hs_as_c_Log2";"e3_bw";0;0,00193197892303152;0,000510597788318144;0,00309639668522612;-0,00413684706186088;0,00800080490792392;-0,00640026189905699;0,00682979164906443;0,62394425502701;0,532664195209276;FALSE;100;"1";"Childhood"
"hs_cd_c_Log2";"e3_bw";0;-0,00345393429786063;-0,00225413347247062;0,0028147263882358;-0,00897069664513731;0,00206282804941605;-0,00779030968885242;0,00313963645317432;-1,22709415462064;0,219787204619378;FALSE;100;"1";"Childhood"
"hs_co_c_Log2";"e3_bw";0;0,00303626019359542;0,00168189060764907;0,00300650327089183;-0,00285637793675444;0,00892889832394528;-0,00445860318515517;0,00680684171641693;1,00989751881918;0,312544391542251;FALSE;100;"1";"Childhood"
"hs_cs_c_Log2";"e3_bw";0;0,0110463464477209;0,0111477583286095;0,00345419056610648;0,00427625734241414;0,0178164355530276;0,00436519525419764;0,0173177370859939;3,19795513198108;0,00138405813102864;TRUE;100;"1";"Childhood"
"hs_cu_c_Log2";"e3_bw";0;5,38265199763805e-05;-0,00040140641997791;0,00294848756379143;-0,00572510291391906;0,00583275595387182;-0,00558291509354543;0,00512201741370193;0,0182556374452418;0,985434917752683;FALSE;100;"1";"Childhood"
"hs_hg_c_Log2";"e3_bw";0;-0,00248766343213769;-0,00162057248603526;0,00383798588109925;-0,0100099775322655;0,00503465066799007;-0,00909552928413158;0,00546445512053985;-0,648168989987317;0,51687565629596;FALSE;100;"1";"Childhood"
"hs_mn_c_Log2";"e3_bw";0;-0,00149224216240902;-0,000928384580179838;0,00305700136708268;-0,00748385474258079;0,00449937041776274;-0,00719173212746873;0,0052112871727557;-0,4881391871385;0,625451255784509;FALSE;100;"1";"Childhood"
"hs_mo_c_Log2";"e3_bw";0;-0,00526203019110096;-0,00576542432285336;0,00308282171695245;-0,0113042497270857;0,000780189344883771;-0,0108160524093419;-0,000331824679050442;-1,70688760954454;0,087842944244678;FALSE;100;"1";"Childhood"
"hs_pb_c_Log2";"e3_bw";0;0,00317778365112639;0,00354257016071581;0,00291878702545077;-0,00254293379729991;0,00889850109955268;-0,00219097737255245;0,00878597799919615;1,08873433498822;0,276271056045772;FALSE;100;"1";"Childhood"
"hs_hum_mt_hs_h_None";"e3_bw";0;0,000580510542373359;0,000683464128037043;0,00434485245301006;-0,00793524378366686;0,00909626486841357;-0,0074531655056195;0,00987227854833813;0,133608804591555;0,893711921561575;FALSE;100;"1";"Childhood"
"hs_tm_mt_hs_h_None";"e3_bw";0;-0,00626487041181821;-0,00796793031678084;0,0048416422012427;-0,0157543147522831;0,00322457392864672;-0,0179052585292012;0,0015686753758272;-1,29395567690033;0,195680731100196;FALSE;100;"1";"Childhood"
"hs_uvdvf_mt_hs_h_None";"e3_bw";0;-0,000826836131117497;-0,00202170729655872;0,00482151541624552;-0,0102768326978634;0,00862316043562836;-0,010796238026437;0,00649005662266858;-0,171488849404395;0,863839397456886;FALSE;100;"1";"Childhood"
"hs_hum_dy_hs_h_None";"e3_bw";0;-0,00154126149552341;-0,00204750665603479;0,00346239667918689;-0,00832743428692079;0,00524491129587398;-0,0075385048014908;0,00592300635521492;-0,44514295683918;0,656216446922752;FALSE;100;"1";"Childhood"
"hs_hum_wk_hs_h_None";"e3_bw";0;0,000511906774445421;0,000178596513292612;0,00391479704385923;-0,00716095443830253;0,00818476798719337;-0,00754904805190509;0,00725367755885883;0,130762021302842;0,89596356757462;FALSE;100;"1";"Childhood"
"hs_tm_dy_hs_h_None";"e3_bw";0;-0,00320354696016314;-0,00304932388530575;0,00472018074423325;-0,0124549312193798;0,0060478372990535;-0,0126859409113242;0,00570133605877307;-0,678691586985727;0,497333297894156;FALSE;100;"1";"Childhood"
"hs_tm_wk_hs_h_None";"e3_bw";0;0,00328928011108086;0,00335295717349177;0,00475052983520727;-0,00602158727340837;0,0126001474955701;-0,00663202829608551;0,011740042996983;0,692402789832674;0,488684414315865;FALSE;100;"1";"Childhood"
"hs_uvdvf_dy_hs_h_None";"e3_bw";0;0,00397158680407738;0,00527884239827423;0,00415136596134396;-0,00416494096680228;0,012108114574957;-0,00276397983569221;0,0125714053589641;0,956693975202229;0,338721739960241;FALSE;100;"1";"Childhood"
"hs_uvdvf_wk_hs_h_None";"e3_bw";0;-0,00523910775238525;-0,00380899724574559;0,00422406267257465;-0,0135181184590716;0,00303990295430106;-0,012257697691746;0,00406112316056604;-1,24030066750688;0,214864205616825;FALSE;100;"1";"Childhood"
"hs_ndvi100_h_None";"e3_bw";0;-0,0104644252751343;-0,0102604788853248;0,00484312899129956;-0,0199567836705632;-0,000972066879705316;-0,0194380759770631;-0,00235469455844057;-2,16067449244756;0,0307204926251471;TRUE;100;"1";"Childhood"
"hs_ndvi100_s_None";"e3_bw";0;-0,00233083488234662;-0,000778184512143065;0,00508458327679445;-0,0122964349812584;0,00763476521656514;-0,00886299383002975;0,00935276914427573;-0,45841217568101;0,646656345808222;FALSE;100;"1";"Childhood"
"hs_dde_cadj_Log2";"e3_bw";0;-0,0125048951748311;-0,0117708411720429;0,00370590240036207;-0,0197683304097613;-0,0052414599399009;-0,0192311255297841;-0,00432385293601649;-3,37431853942224;0,000739986851256251;TRUE;100;"1";"Childhood"
"hs_ddt_cadj_Log2";"e3_bw";0;-0,000696181560044198;-0,00126656702915575;0,00306610345699223;-0,00670563390862272;0,00531327078853433;-0,00720224577999211;0,00486604795392189;-0,227057426407631;0,820379088257778;FALSE;100;"1";"Childhood"
"hs_hcb_cadj_Log2";"e3_bw";0;-0,0136777704967435;-0,0182000144681226;0,0087909490840321;-0,0309077140913718;0,00355217309788477;-0,0350990302250981;-0,00786184905601507;-1,55589235769638;0,119733690979257;FALSE;100;"1";"Childhood"
"hs_pcb118_cadj_Log2";"e3_bw";0;0,0018382618930558;0,00414455753869754;0,00456765752978363;-0,0071141823590333;0,0107907061451449;-0,00460773285184067;0,0127786493659846;0,402451777759022;0,687351570719487;FALSE;100;"1";"Childhood"
"hs_pcb138_cadj_Log2";"e3_bw";0;0,00756628618625722;0,00797089794349668;0,00437393920266069;-0,00100647712152558;0,01613904949404;-0,00115308952889716;0,0163163085189162;1,72985627730139;0,0836559566711336;FALSE;100;"1";"Childhood"
"hs_pcb153_cadj_Log2";"e3_bw";0;-0,00175633530143016;-0,000944564991912566;0,00435989706685681;-0,0103015765287713;0,00678890592591099;-0,00839434044368088;0,00778794779184705;-0,40283870800105;0,687066883395283;FALSE;100;"1";"Childhood"
"hs_pcb170_cadj_Log2";"e3_bw";0;-0,000433916905873809;-0,00123771168081418;0,00415900096541694;-0,00858540900975832;0,0077175751980107;-0,008676622994662;0,00736379835283286;-0,104332004123569;0,916905880878078;FALSE;100;"1";"Childhood"
"hs_pcb180_cadj_Log2";"e3_bw";0;0,00249907369289867;0,00124796243075346;0,00470963340092258;-0,00673163815329646;0,0117297855390938;-0,00748012142238936;0,0100717368102392;0,530630195634575;0,595675066810555;FALSE;100;"1";"Childhood"
"hs_sumPCBs5_cadj_Log2";"e3_bw";0;-0,0071867489117953;-0,00758236593394721;0,00424045649656483;-0,0154978909230713;0,00112439309948065;-0,0150574647056805;0,00111090181362725;-1,69480548087623;0,0901123274220927;FALSE;100;"1";"Childhood"
"hs_pfhxs_c_Log2";"e3_bw";0;0,0193582551304242;0,0191373719721824;0,00359100193486042;0,0123200206696841;0,0263964895911642;0,0114534297754542;0,0254953473502348;5,39076711223677;7,01575477587743e-08;TRUE;100;"1";"Childhood"
"hs_pfna_c_Log2";"e3_bw";0;-0,00211152245692473;-0,00156544569926444;0,00337610790016332;-0,00872857234916599;0,00450552743531653;-0,00943118536696664;0,00501875716551757;-0,625430975361475;0,531688237613987;FALSE;100;"1";"Childhood"
"hs_pfoa_c_Log2";"e3_bw";0;-0,00464526688965614;-0,00548032588882879;0,00395692880305891;-0,0124007048330408;0,0031101710537285;-0,0131684374953517;0,00149530321119082;-1,17395766283819;0,240411983982608;FALSE;100;"1";"Childhood"
"hs_pfos_c_Log2";"e3_bw";0;0,00599331391523394;0,00418365685882518;0,00460983393735787;-0,00304179457669795;0,0150284224071658;-0,00469582229820227;0,0130379233165533;1,30011492749542;0,193561582187547;FALSE;100;"1";"Childhood"
"hs_pfunda_c_Log2";"e3_bw";0;0,00194542718760313;0,00185717838935384;0,00286410287567954;-0,00366811129674636;0,00755896567195263;-0,00335076279941569;0,00753856699439116;0,67924487074912;0,496982720771978;FALSE;100;"1";"Childhood"
"hs_hm_pers_None";"e3_bw";0;-0,00430599362549582;-0,00292784933119727;0,00284448346088848;-0,00988107876345709;0,00126909151246545;-0,00821979902842017;0,00256372949284941;-1,51380511952453;0,130075273794127;FALSE;100;"1";"Childhood"
"hs_trafload_h_pow1over3";"e3_bw";0;0,00078942553671127;0,000501868497399276;0,00273630939959838;-0,00457364233705997;0,00615249341048251;-0,0048943731326846;0,00605347543328826;0,288500100473703;0,77296395361205;FALSE;100;"1";"Childhood"
"hs_trafnear_h_pow1over3";"e3_bw";0;-0,00479248706190749;-0,00369458505059718;0,00382217968352443;-0,0122838215840561;0,00269884746024109;-0,0101533727679883;0,00339826080500371;-1,25386231384296;0,209892055000083;FALSE;100;"1";"Childhood"
"FAS_cat_None_Low";"e3_bw";0;0,0042644939898992;0,00463253869776357;0,0113551417938881;-0,017991174965467;0,0265201629452654;-0,0181477642470457;0,0236004513795094;0,375556207690384;0,707246852486926;FALSE;100;"1";"Childhood"
"FAS_cat_None_Middle";"e3_bw";0;0,0159576356501713;0,0148696260334876;0,00623607283789313;0,00373515748293225;0,0281801138174103;0,00288602644608051;0,0275414206366137;2,55892387164012;0,0104996731682526;TRUE;100;"1";"Childhood"
"hs_globalexp2_None_no exposure";"e3_bw";0;0,0232192448670888;0,0225353950233835;0,00512479473046668;0,0131748317672135;0,0332636579669641;0,0130779771438756;0,0319233799204807;4,53076583322478;5,87702521198965e-06;TRUE;100;"1";"Childhood"
"hs_no2_dy_hs_h_Log";"hs_asthma";0;0,035270229174732;0,0400740345958926;0,0650285007142803;-0,0921832901938945;0,162723748543359;-0,0700058946190057;0,17231374335075;0,542381091172638;0,58755600301883;FALSE;100;"1";"Childhood"
"hs_no2_wk_hs_h_Log";"hs_asthma";0;0,176370106490063;0,170795911138629;0,0499414465407338;0,0784866699343926;0,274253543045734;0,0622116242359423;0,252064405031209;3,53153780490139;0,000413150799880967;TRUE;100;"1";"Childhood"
"hs_no2_yr_hs_h_Log";"hs_asthma";0;0,0614664806063956;0,0637724008211853;0,0456173697942283;-0,0279419212597372;0,150874882472528;-0,0222855423855591;0,136040113658137;1,34743587549347;0,177839892800351;FALSE;100;"1";"Childhood"
"hs_pm10_dy_hs_h_None";"hs_asthma";0;-0,0600012376831279;-0,062119728616057;0,0599559325749734;-0,177512706189588;0,0575102308233317;-0,177277065442405;0,0625258494337187;-1,00075564012115;0,316944960451067;FALSE;100;"1";"Childhood"
"hs_pm10_wk_hs_h_None";"hs_asthma";0;-0,0801685598506636;-0,079266556386097;0,0675757059512721;-0,212614509745026;0,0522773900436987;-0,211654385467809;0,0404868641456434;-1,18635179199566;0,235483401211445;FALSE;100;"1";"Childhood"
"hs_pm10_yr_hs_h_None";"hs_asthma";0;-0,0576111616398171;-0,05631790697581;0,0453313774033133;-0,146459028719904;0,0312367054402698;-0,135397729910522;0,0394431251190465;-1,27088928110987;0,203768040241928;FALSE;100;"1";"Childhood"
"hs_pm25_dy_hs_h_None";"hs_asthma";0;-0,069372266800061;-0,0739077085720391;0,0704619387531265;-0,207475129037056;0,068730595436934;-0,176975082064232;0,0787692842184388;-0,984535311228331;0,324852378337788;FALSE;100;"1";"Childhood"
"hs_pm25_wk_hs_h_None";"hs_asthma";0;-0,0116591329774169;-0,0134785858106087;0,0592641965109829;-0,127814823711648;0,104496557756814;-0,12460873299646;0,091150582529867;-0,196731478089916;0,844037675496443;FALSE;100;"1";"Childhood"
"hs_pm25_yr_hs_h_None";"hs_asthma";0;-0,0256617626148703;-0,0252876262360429;0,0598394485808367;-0,142944926688047;0,0916214014583061;-0,127901110956359;0,106602123750624;-0,42884356763756;0,668037070549389;FALSE;100;"1";"Childhood"
"hs_pm25abs_dy_hs_h_Log";"hs_asthma";0;0,0860885058730205;0,0855604161224943;0,0781357595639431;-0,0670547687769891;0,23923178052303;-0,04661942452035;0,236778197122034;1,10178113521209;0,270556833675039;FALSE;100;"1";"Childhood"
"hs_pm25abs_wk_hs_h_Log";"hs_asthma";0;-0,12603670286642;-0,120752767543035;0,0704004633649365;-0,264019075556627;0,0119456698237873;-0,231852429017852;0,0227415425866113;-1,79028229136903;0,0734085416396691;FALSE;100;"1";"Childhood"
"hs_pm25abs_yr_hs_h_Log";"hs_asthma";0;-0,141570245281665;-0,133205492157452;0,0842188639905476;-0,306636185522015;0,0234956949586857;-0,299248249326108;0,0194273549559157;-1,68098022905598;0,0927667548933183;FALSE;100;"1";"Childhood"
"hs_accesslines300_h_dic0";"hs_asthma";0;0,00905128349128561;0,00469195235040832;0,179805040073584;-0,343360119291719;0,36146268627429;-0,329625959830589;0,389922865710515;0,0503394314618848;0,959851901823266;FALSE;100;"1";"Childhood"
"hs_accesspoints300_h_Log";"hs_asthma";0;-0,278969404144016;-0,278047921376928;0,0784510647864068;-0,432730665674192;-0,12520814261384;-0,434816182587613;-0,113681635966829;-3,55596708474954;0,000376591228568853;TRUE;100;"1";"Childhood"
"hs_builtdens300_h_Sqrt";"hs_asthma";0;-0,0558366303082203;-0,0556315185920924;0,0619349631368106;-0,177226927440185;0,0655536668237443;-0,154192783439827;0,0594052617557785;-0,901536506688162;0,367303132591521;FALSE;100;"1";"Childhood"
"hs_connind300_h_Log";"hs_asthma";0;0,0232886331538779;0,027227156143362;0,0763397399081015;-0,126334507655156;0,172911773962912;-0,107281773208563;0,167972286206717;0,305065660191048;0,760316144521573;FALSE;100;"1";"Childhood"
"hs_fdensity300_h_Log";"hs_asthma";0;0,0280348069788941;0,0303408255387793;0,0771959573634703;-0,123266489205597;0,179336103163385;-0,098914210402093;0,151092970959896;0,363164185488298;0,716482239677546;FALSE;100;"1";"Childhood"
"hs_landuseshan300_h_None";"hs_asthma";0;0,0602218800110118;0,0620649125771837;0,0863743891053482;-0,10906881182212;0,229512571844143;-0,0821631573092156;0,207451060215199;0,697219171501878;0,485665642838343;FALSE;100;"1";"Childhood"
"hs_popdens_h_Sqrt";"hs_asthma";0;0,0366444061586897;0,036316558427136;0,0658337053861542;-0,092387285366993;0,165676097684372;-0,0946957224630932;0,153876559326782;0,556620745311969;0,577786576775689;FALSE;100;"1";"Childhood"
"hs_walkability_mean_h_None";"hs_asthma";0;0,134590736978893;0,131400160100849;0,0802731116626165;-0,0227416708067974;0,291923144764584;-0,0177116258623878;0,289155179556639;1,67666026881542;0,0936089340989144;FALSE;100;"1";"Childhood"
"hs_accesslines300_s_dic0";"hs_asthma";0;-0,241884823669741;-0,239855235518327;0,167456846031134;-0,570094210855433;0,0863245635159513;-0,569675284806752;0,0712316442667601;-1,44446064405613;0,148609442599227;FALSE;100;"1";"Childhood"
"hs_accesspoints300_s_Log";"hs_asthma";0;-0,0203911496115723;-0,0192757471893506;0,0718155119475263;-0,16114696656003;0,120364667336885;-0,169232198897485;0,136693911480003;-0,283937955165892;0,77645792897476;FALSE;100;"1";"Childhood"
"hs_builtdens300_s_Sqrt";"hs_asthma";0;-0,0749108450003983;-0,0752078453657872;0,0792674053181752;-0,23027210457196;0,0804504145711637;-0,225707951961056;0,0734319695569439;-0,94503970074093;0,344638607945651;FALSE;100;"1";"Childhood"
"hs_connind300_s_Log";"hs_asthma";0;0,0487292677006155;0,0487248033292679;0,0770100327525713;-0,102207622942674;0,199666158343905;-0,0971040725934635;0,191924210858286;0,632765186026861;0,526886994390586;FALSE;100;"1";"Childhood"
"hs_fdensity300_s_Log";"hs_asthma";0;-0,0452929925026191;-0,0479066558355663;0,0739006072901406;-0,190135521226933;0,0995495362216945;-0,201787744931774;0,101850429947864;-0,612890667119888;0,539948634711479;FALSE;100;"1";"Childhood"
"hs_landuseshan300_s_None";"hs_asthma";0;-0,10101614633112;-0,103969489934859;0,0812888848891501;-0,260339433057276;0,0583071403950361;-0,264804840520983;0,0513563894253884;-1,24268092087708;0,213985437290261;FALSE;100;"1";"Childhood"
"hs_popdens_s_Sqrt";"hs_asthma";0;-0,00860071263933546;-0,00338214493778581;0,0708373599511087;-0,147439386903409;0,130237961624738;-0,142365344741229;0,134071870614392;-0,121414923499007;0,903362397083788;FALSE;100;"1";"Childhood"
"h_Absorbance_Log";"hs_asthma";0;0,086966284577577;0,0826148196699011;0,0761125621265487;-0,0622115959615257;0,23614416511668;-0,0615381596696245;0,221643236200299;1,14260093403481;0,253204317573083;FALSE;100;"1";"Childhood"
"h_Benzene_Log";"hs_asthma";0;0,0985506912943644;0,0983188325463284;0,0843805040022832;-0,0668320575474486;0,263933440136177;-0,0744839774426242;0,255508147532332;1,16793200585407;0,242834192713647;FALSE;100;"1";"Childhood"
"h_NO2_Log";"hs_asthma";0;-0,0389324548632161;-0,0359115727378437;0,0815277641188134;-0,198723936276167;0,120859026549735;-0,181432597680055;0,141107177426299;-0,477536153284891;0,632980382943624;FALSE;100;"1";"Childhood"
"h_PM_Log";"hs_asthma";0;0,0553521255825203;0,0561775401562952;0,061664092681521;-0,0655072752126007;0,176211526377641;-0,0608997080215801;0,171767500594832;0,897639504215195;0,36937777104211;FALSE;100;"1";"Childhood"
"h_TEX_Log";"hs_asthma";0;-0,0525836681450312;-0,0482772428719171;0,0838297849534937;-0,216887027485617;0,111719691195554;-0,186970620275181;0,116183862409686;-0,627267124378323;0,530484149596285;FALSE;100;"1";"Childhood"
"hs_KIDMED_None";"hs_asthma";0;-0,137320374939541;-0,139404753955887;0,0733787098709996;-0,281140003518714;0,00649925363963219;-0,277551349814865;0,00214566707244471;-1,87139260394399;0,0612906833010966;FALSE;100;"1";"Childhood"
"hs_mvpa_prd_alt_None";"hs_asthma";0;0,165230568732148;0,166619095334095;0,0782578472168644;0,0118480066794555;0,31861313078484;0,0125759848563989;0,334735312033472;2,11136102778637;0,0347412921769931;TRUE;100;"1";"Childhood"
"hs_sd_wk_None";"hs_asthma";0;-0,0519277431149379;-0,0545029270067493;0,0613848302471012;-0,172239799596361;0,0683843133664855;-0,171795359012523;0,0458080173053274;-0,845937716303941;0,397587490696551;FALSE;100;"1";"Childhood"
"hs_dif_hours_total_None";"hs_asthma";0;-0,137509609687232;-0,137576240225877;0,0696914727649526;-0,274102386336094;-0,000916833038371118;-0,303067177556538;0,00363937780277744;-1,9731195830946;0,0484819396360721;TRUE;100;"1";"Childhood"
"hs_as_c_Log2";"hs_asthma";0;-0,0207069706378458;-0,0149882422586541;0,077010270123827;-0,171644326520248;0,130230385244556;-0,149768052486383;0,146966557566957;-0,268885833078504;0,788017539192907;FALSE;100;"1";"Childhood"
"hs_cd_c_Log2";"hs_asthma";0;0,0535442117139696;0,0564857927460045;0,0698201437672178;-0,0833007554651859;0,190389178893125;-0,0768021274922096;0,191620907376232;0,7668877321778;0,443148268209206;FALSE;100;"1";"Childhood"
"hs_co_c_Log2";"hs_asthma";0;-0,131164864764934;-0,130782399290392;0,0673708329449476;-0,263209270945495;0,000879541415628265;-0,261829260734729;-0,00930462770508811;-1,94690875904882;0,051545674353235;FALSE;100;"1";"Childhood"
"hs_cs_c_Log2";"hs_asthma";0;-0,0472709483669193;-0,0521428802338442;0,0770641320797405;-0,198313871743048;0,10377197500921;-0,184523961113236;0,0988489636814922;-0,613397531266643;0,539613518017953;FALSE;100;"1";"Childhood"
"hs_cu_c_Log2";"hs_asthma";0;-0,0579242627334601;-0,0572031463812435;0,0750250153988407;-0,204970590854751;0,0891220653878306;-0,206326594699802;0,0751202107147328;-0,772065989264098;0,440075344668483;FALSE;100;"1";"Childhood"
"hs_hg_c_Log2";"hs_asthma";0;0,0073864248906336;0,00532066350328469;0,0698640314860251;-0,129544560636748;0,144317410418015;-0,131462881270883;0,129313248200304;0,105725717991397;0,915799974701777;FALSE;100;"1";"Childhood"
"hs_mn_c_Log2";"hs_asthma";0;0,0899464555510999;0,0881350634552273;0,0753576643302541;-0,0577518524952568;0,237644763597457;-0,0506218206540159;0,242732479895006;1,19359399406158;0,232636824477381;FALSE;100;"1";"Childhood"
"hs_mo_c_Log2";"hs_asthma";0;0,0949930011467928;0,0984388356850612;0,0716297646210994;-0,0453987577316434;0,235384760025229;-0,0380538000680788;0,239366139830124;1,32616659637621;0,184784521044975;FALSE;100;"1";"Childhood"
"hs_pb_c_Log2";"hs_asthma";0;-0,092720008217107;-0,0960889237280108;0,0675445067345143;-0,225104808770278;0,0396647923360642;-0,213589827522966;0,0375658240424339;-1,37272463298231;0,169837968334911;FALSE;100;"1";"Childhood"
"hs_hum_mt_hs_h_None";"hs_asthma";0;-0,136432273824246;-0,130367408209956;0,0709165737003058;-0,275426204183825;0,00256165653533411;-0,268757271491498;0,00181666899340671;-1,92384187088352;0,0543744072962639;FALSE;100;"1";"Childhood"
"hs_tm_mt_hs_h_None";"hs_asthma";0;-0,0156114608843566;-0,0160622375230654;0,0521834389842008;-0,117889121882834;0,0866662001141204;-0,109308935076194;0,0741475473879751;-0,299165045237496;0,764814118465792;FALSE;100;"1";"Childhood"
"hs_uvdvf_mt_hs_h_None";"hs_asthma";0;-0,00791457055580079;-0,00602656545217888;0,0516725656142872;-0,109190938148587;0,093361797036985;-0,114715872088332;0,0807468756015016;-0,153167748914957;0,878265990167178;FALSE;100;"1";"Childhood"
"hs_hum_dy_hs_h_None";"hs_asthma";0;0,063855401171945;0,0604968054896175;0,0691011229376783;-0,0715803110771792;0,199291113421069;-0,0596933021311231;0,184068704030853;0,924086302179713;0,355441384454511;FALSE;100;"1";"Childhood"
"hs_hum_wk_hs_h_None";"hs_asthma";0;0,137592624485143;0,138691726524456;0,0615897689807623;0,0168788954667064;0,258306353503579;0,0074094736580032;0,252992204510467;2,23401754483151;0,0254819186728236;TRUE;100;"1";"Childhood"
"hs_tm_dy_hs_h_None";"hs_asthma";0;0,0624840685555684;0,0644554860214835;0,0668268197530678;-0,0684940913617943;0,193462228472931;-0,0502136398092559;0,207669487617796;0,93501484563314;0,349780648743142;FALSE;100;"1";"Childhood"
"hs_tm_wk_hs_h_None";"hs_asthma";0;0,0640615550109695;0,0582013680354399;0,0537222382843345;-0,0412320971952049;0,169355207217144;-0,0341946823699008;0,150730541083998;1,19245878535277;0,233081402017962;FALSE;100;"1";"Childhood"
"hs_uvdvf_dy_hs_h_None";"hs_asthma";0;-0,07488905606397;-0,0712042032829252;0,0619242971509718;-0,196258448247831;0,046480336119891;-0,183458088703028;0,0299385291786326;-1,20936465183271;0,22652278260259;FALSE;100;"1";"Childhood"
"hs_uvdvf_wk_hs_h_None";"hs_asthma";0;-0,00447919191408125;-0,00335390958788326;0,0646093725667052;-0,131111235208554;0,122152851380391;-0,12074398009732;0,111328937249004;-0,0693272777019581;0,944729113501718;FALSE;100;"1";"Childhood"
"hs_ndvi100_h_None";"hs_asthma";0;-0,127188173173961;-0,122930898820734;0,0858757628767677;-0,295501575557327;0,041125229209406;-0,278192667872356;0,0898595793679237;-1,48107182880548;0,138587433869825;FALSE;100;"1";"Childhood"
"hs_ndvi100_s_None";"hs_asthma";0;-0,00468852486302212;-0,00859577053468862;0,0669275414374506;-0,135864095654237;0,126487045928193;-0,129699330419569;0,114633905326032;-0,0700537441286999;0,944150883040272;FALSE;100;"1";"Childhood"
"hs_dde_cadj_Log2";"hs_asthma";0;0,150446295798419;0,147312698026611;0,10369201692526;-0,0527863228594091;0,353678914456246;-0,0115713301085888;0,362235425589252;1,4508956451957;0,146808920728793;FALSE;100;"1";"Childhood"
"hs_ddt_cadj_Log2";"hs_asthma";0;-0,0358647063940124;-0,0299450217865738;0,0751926809369309;-0,183239652931409;0,111510240143384;-0,162676773693886;0,127654431145749;-0,476970709743605;0,633382978980816;FALSE;100;"1";"Childhood"
"hs_hcb_cadj_Log2";"hs_asthma";0;0,0713078534544217;0,0728522472756032;0,0521415374973623;-0,030887682138953;0,173503389047796;-0,0279004387275841;0,168026548539628;1,36758248561483;0,17144280180444;FALSE;100;"1";"Childhood"
"hs_pcb118_cadj_Log2";"hs_asthma";0;-0,010562712505659;-0,00692346744336507;0,0598302061942728;-0,127827761834039;0,106702336822721;-0,111247733313746;0,094147550344327;-0,176544812019554;0,859865946608481;FALSE;100;"1";"Childhood"
"hs_pcb138_cadj_Log2";"hs_asthma";0;-0,0315718886888849;-0,010344983995732;0,119444545750017;-0,265678896508666;0,202535119130896;-0,198857825968908;0,194780508735155;-0,264322564840767;0,791531374171523;FALSE;100;"1";"Childhood"
"hs_pcb153_cadj_Log2";"hs_asthma";0;-0,0445679477536236;-0,0534771361159596;0,0574090650429047;-0,157087647623834;0,0679517521165869;-0,186465748702867;0,0344161772307777;-0,776322480087696;0,437558603043518;FALSE;100;"1";"Childhood"
"hs_pcb170_cadj_Log2";"hs_asthma";0;0,188013715241762;0,183205423868022;0,0542768055717857;0,081633131125179;0,294394299358345;0,08015028308345;0,27840928032065;3,46397901020718;0,000532248039532643;TRUE;100;"1";"Childhood"
"hs_pcb180_cadj_Log2";"hs_asthma";0;-0,185606874198758;-0,175748943749048;0,0847161647766454;-0,351647506069343;-0,0195662423281718;-0,33805054313918;-0,0258914626923903;-2,19092630890587;0,02845712554126;TRUE;100;"1";"Childhood"
"hs_sumPCBs5_cadj_Log2";"hs_asthma";0;0,0336536729056937;0,0249041460021441;0,0528927220283697;-0,0700141573141992;0,137321503125587;-0,0703754505163005;0,125291470481776;0,636262828138116;0,524605128710205;FALSE;100;"1";"Childhood"
"hs_pfhxs_c_Log2";"hs_asthma";0;-0,0142615665151696;-0,0109564289310016;0,0636671554410745;-0,139046898177789;0,11052376514745;-0,117947951968159;0,096116278026286;-0,224001942859988;0,82275579146334;FALSE;100;"1";"Childhood"
"hs_pfna_c_Log2";"hs_asthma";0;0,0170362598273058;0,0162228133717336;0,0698827418212632;-0,119931397283281;0,154003916937893;-0,0983928184186025;0,141043805302408;0,24378350624649;0,807398495113511;FALSE;100;"1";"Childhood"
"hs_pfoa_c_Log2";"hs_asthma";0;-0,0198617157707463;-0,0179023937818497;0,0819696512402613;-0,180519280026967;0,140795848485475;-0,175781477646209;0,152772203655616;-0,242305724987528;0,808543278037188;FALSE;100;"1";"Childhood"
"hs_pfos_c_Log2";"hs_asthma";0;0,0216385540520954;0,0187766645327272;0,0780126754336782;-0,131263480135526;0,174540588239717;-0,097105101843941;0,179688863800824;0,277372285103736;0,781494260337494;FALSE;100;"1";"Childhood"
"hs_pfunda_c_Log2";"hs_asthma";0;0,0781815733973533;0,0748579269857276;0,0602237646144475;-0,0398548362603815;0,196217983055088;-0,039699647188664;0,18800231381003;1,29818475975176;0,194223853816858;FALSE;100;"1";"Childhood"
"hs_hm_pers_None";"hs_asthma";0;-0,0103040771770813;-0,00987750304128787;0,0734682960302487;-0,154299291401896;0,133691137047733;-0,163361904958895;0,126412040386786;-0,140252023442042;0,888460869304119;FALSE;100;"1";"Childhood"
"hs_trafload_h_pow1over3";"hs_asthma";0;-0,00182430756033725;0,000354507579106227;0,0640362571915589;-0,127333065360537;0,123684450239862;-0,121852128135149;0,119051553047379;-0,0284886662704223;0,977272407367791;FALSE;100;"1";"Childhood"
"hs_trafnear_h_pow1over3";"hs_asthma";0;0,0207338825772883;0,0218448179270419;0,0795251175474407;-0,13513248368201;0,176600248836586;-0,13092806289692;0,197605742734397;0,260721181140279;0,794307530652117;FALSE;100;"1";"Childhood"
"FAS_cat_None_Low";"hs_asthma";0;0,0371411939966697;0,0275170710362973;0,256957436613368;-0,466486127325266;0,540768515318605;-0,492869176568918;0,51110042692707;0,144542203121968;0,885072333057242;FALSE;100;"1";"Childhood"
"FAS_cat_None_Middle";"hs_asthma";0;-0,103673923692453;-0,105093835386353;0,153346504208071;-0,404227549095393;0,196879701710486;-0,383481865910565;0,174295237097212;-0,676076212026204;0,498992258880675;FALSE;100;"1";"Childhood"
"hs_globalexp2_None_no exposure";"hs_asthma";0;-0,00275130408988067;-0,00415675169421304;0,146534937173823;-0,289954503427413;0,284451895247652;-0,243895216806142;0,290846920693677;-0,018775755072096;0,985019995063369;FALSE;100;"1";"Childhood"
"hs_no2_dy_hs_h_Log";"hs_zbmi_who";0;-0,017906966180893;-0,0162593809138487;0,00596933705494404;-0,0296066518201637;-0,00620728054162232;-0,0294403856295734;-0,00630332017093055;-2,99982494137465;0,00270134813735404;TRUE;100;"1";"Childhood"
"hs_no2_wk_hs_h_Log";"hs_zbmi_who";0;-0,00892438667853402;-0,00869429016802022;0,00615367814956485;-0,0209853742241322;0,00313660086706417;-0,0188413495534473;0,00323345191678314;-1,45025242816203;0,14698813969778;FALSE;100;"1";"Childhood"
"hs_no2_yr_hs_h_Log";"hs_zbmi_who";0;-0,0134081720913581;-0,0138581635910277;0,0066118515442641;-0,0263671629892413;-0,000449181193474939;-0,0263762008849225;-0,00137192455337665;-2,02789974965332;0,0425704807081199;TRUE;100;"1";"Childhood"
"hs_pm10_dy_hs_h_None";"hs_zbmi_who";0;0,00813227678906476;0,00818443008340296;0,00522173302685892;-0,00210213188046205;0,0183666854585916;-0,00164265928660884;0,0191380013916582;1,55739038116942;0,119377828473151;FALSE;100;"1";"Childhood"
"hs_pm10_wk_hs_h_None";"hs_zbmi_who";0;-0,0122301488392628;-0,00999863082460829;0,00648978438583428;-0,0249498925029283;0,000489594824402832;-0,023251484873564;0,00242752969351418;-1,88452313854346;0,0594942479896059;FALSE;100;"1";"Childhood"
"hs_pm10_yr_hs_h_None";"hs_zbmi_who";0;-0,00777700922617283;-0,00720236878654349;0,00635186457321228;-0,0202264350243448;0,00467241657199911;-0,0175990067774157;0,00605341890547236;-1,22436634731962;0,220814058434418;FALSE;100;"1";"Childhood"
"hs_pm25_dy_hs_h_None";"hs_zbmi_who";0;0,0128485764366314;0,0116873188364268;0,00532978276368425;0,00240239417438795;0,0232947586988749;0,000971173864646051;0,0223097187760244;2,4107129701755;0,015921372860703;TRUE;100;"1";"Childhood"
"hs_pm25_wk_hs_h_None";"hs_zbmi_who";0;0,00325290600676644;0,00208525526524531;0,0073736676839783;-0,0111992170877979;0,0177050291013308;-0,0100761188562522;0,0142852102492891;0,441151696303651;0,659103180007235;FALSE;100;"1";"Childhood"
"hs_pm25_yr_hs_h_None";"hs_zbmi_who";0;-0,0113938676898536;-0,00959053362626669;0,00622734971491114;-0,0235992488502152;0,000811513470508046;-0,0202261060967557;0,00247088012981106;-1,82964956385401;0,067302357245991;FALSE;100;"1";"Childhood"
"hs_pm25abs_dy_hs_h_Log";"hs_zbmi_who";0;0,0037702641664773;0,00381889901534488;0,0054778426952529;-0,00696611022919421;0,0145066385621488;-0,00603342653788753;0,0156071200474972;0,688275362442336;0,491279393670519;FALSE;100;"1";"Childhood"
"hs_pm25abs_wk_hs_h_Log";"hs_zbmi_who";0;-0,00486758843443368;-0,00583240028381344;0,00476212722659322;-0,014201186288354;0,00446600941948664;-0,0146297025161023;0,00351157924560777;-1,02214581904732;0,306711889915417;FALSE;100;"1";"Childhood"
"hs_pm25abs_yr_hs_h_Log";"hs_zbmi_who";0;0,0229851303063991;0,0217971399024505;0,00614769920380229;0,0109358612791611;0,0350343993336372;0,0103976760301833;0,035154848427261;3,73881830330655;0,000184887291244835;TRUE;100;"1";"Childhood"
"hs_accesslines300_h_dic0";"hs_zbmi_who";0;0,045258261732984;0,0465511094161206;0,0141432619464094;0,0175379776941057;0,0729785457718622;0,0170818956684589;0,0727251778042308;3,19998752087555;0,00137433537968653;TRUE;100;"1";"Childhood"
"hs_accesspoints300_h_Log";"hs_zbmi_who";0;0,0154668257503599;0,0141825260020739;0,00524121001935391;0,00519424287701573;0,025739408623704;0,00339066014667237;0,0234004986337955;2,95100285873804;0,00316743985430046;TRUE;100;"1";"Childhood"
"hs_builtdens300_h_Sqrt";"hs_zbmi_who";0;-0,005054703207601;-0,00485441856426962;0,00554649653687374;-0,0159256366602497;0,00581623024504766;-0,015335292251943;0,00502487341830088;-0,911332617625695;0,362120145284811;FALSE;100;"1";"Childhood"
"hs_connind300_h_Log";"hs_zbmi_who";0;0,00362425207407295;0,0035570406797033;0,00534940681194618;-0,00686039261599478;0,0141088967641407;-0,0066683420356616;0,0142819631798737;0,677505413493577;0,49808533651487;FALSE;100;"1";"Childhood"
"hs_fdensity300_h_Log";"hs_zbmi_who";0;-0,00677348895932262;-0,00687200764852387;0,00638917352582434;-0,0192960389609151;0,00574906104226988;-0,0169477339699496;0,0049304407197027;-1,06015104018461;0,289075890717884;FALSE;100;"1";"Childhood"
"hs_landuseshan300_h_None";"hs_zbmi_who";0;-0,00227723206576116;-0,00187273621829281;0,00535105328419387;-0,0127651037821359;0,0082106396506136;-0,0107847593420784;0,00806308560723955;-0,42556706966229;0,670423340009395;FALSE;100;"1";"Childhood"
"hs_popdens_h_Sqrt";"hs_zbmi_who";0;0,00377065301016203;0,00472372983953048;0,00601700539491323;-0,00802246085865111;0,0155637668789752;-0,00746108509780344;0,0157276719831584;0,626666051080781;0,530878161835793;FALSE;100;"1";"Childhood"
"hs_walkability_mean_h_None";"hs_zbmi_who";0;-0,000242507186279473;-1,84117070932286e-05;0,00503676650805178;-0,0101143881405985;0,00962937376803958;-0,0100257258676035;0,00913042205473152;-0,0481473949391542;0,961598774280123;FALSE;100;"1";"Childhood"
"hs_accesslines300_s_dic0";"hs_zbmi_who";0;0,0426360572424241;0,0397986786736143;0,0151931903412027;0,0128579513634049;0,0724141631214433;0,0173358841649046;0,0717821446223106;2,80626098172406;0,00501200804741988;TRUE;100;"1";"Childhood"
"hs_accesspoints300_s_Log";"hs_zbmi_who";0;-0,00670709246119069;-0,00627670016827463;0,00537199858298239;-0,0172360162088364;0,00382183128645501;-0,0161244171540879;0,00399068986080346;-1,24852833774708;0,211837637446136;FALSE;100;"1";"Childhood"
"hs_builtdens300_s_Sqrt";"hs_zbmi_who";0;-0,0020745474210133;-0,00269872706872662;0,00486693063548204;-0,0116135561818127;0,00746446133978613;-0,0111641064709033;0,00663333842734771;-0,426253747256833;0,669922957071725;FALSE;100;"1";"Childhood"
"hs_connind300_s_Log";"hs_zbmi_who";0;0,00539076109780444;0,00534381465911163;0,00506753622769059;-0,00454142739882108;0,01532294959443;-0,00544269760929588;0,0121513160246045;1,06378343549823;0,287426816901101;FALSE;100;"1";"Childhood"
"hs_fdensity300_s_Log";"hs_zbmi_who";0;-0,00159005571667633;-0,00154759794588729;0,00477484269740131;-0,010948575435427;0,00776846400207432;-0,0108785792527647;0,00754590537969871;-0,333006931839182;0,739129050660289;FALSE;100;"1";"Childhood"
"hs_landuseshan300_s_None";"hs_zbmi_who";0;-0,000963137290622206;-0,00076471256745399;0,00502715593022297;-0,0108161818585262;0,00888990727728177;-0,00926120472514537;0,00880025438617839;-0,191586913951063;0,84806579377966;FALSE;100;"1";"Childhood"
"hs_popdens_s_Sqrt";"hs_zbmi_who";0;-0,00595643258949088;-0,00613385515674503;0,00517164869876386;-0,0160926777797615;0,00417981260077972;-0,0170261057348754;0,00393179108167781;-1,15174733173864;0,249424916270723;FALSE;100;"1";"Childhood"
"h_Absorbance_Log";"hs_zbmi_who";0;-0,00137838464955268;-0,0012479576951813;0,00563546535797866;-0,012423693787314;0,00966692448820861;-0,0116890583388154;0,00796027056073563;-0,244591096208438;0,806773058892663;FALSE;100;"1";"Childhood"
"h_Benzene_Log";"hs_zbmi_who";0;0,00573812944354505;0,00576744712435839;0,00522036442492054;-0,00449359681547335;0,0159698557025635;-0,00378686899805015;0,0160732443822341;1,0991817766884;0,271688785795259;FALSE;100;"1";"Childhood"
"h_NO2_Log";"hs_zbmi_who";0;0,000948956464473961;0,000643751204409722;0,00487180786229806;-0,00859961148522931;0,0104975244141772;-0,00932096113108318;0,00944298126709337;0,194785281213108;0,845561045476108;FALSE;100;"1";"Childhood"
"h_PM_Log";"hs_zbmi_who";0;0,0092428670635246;0,00917197847538893;0,00421449331798393;0,000982611947191389;0,0175031221798578;0,00157477603501377;0,0170499384318853;2,19311465605694;0,0282991193336235;TRUE;100;"1";"Childhood"
"h_TEX_Log";"hs_zbmi_who";0;0,00201183110285008;0,00176437204232816;0,00476027908535515;-0,00731814446080528;0,0113418066665054;-0,0088526565689975;0,00960183684885296;0,422628813726367;0,672566100628275;FALSE;100;"1";"Childhood"
"hs_KIDMED_None";"hs_zbmi_who";0;0,00280128913202813;0,00224469027361359;0,0046273839217322;-0,0062682166972067;0,011870794961263;-0,00627722039422937;0,00999610466446953;0,605372102122769;0,544931783305074;FALSE;100;"1";"Childhood"
"hs_mvpa_prd_alt_None";"hs_zbmi_who";0;-0,0238809104843754;-0,0227643153960496;0,00511788719539237;-0,0339117850642831;-0,0138500359044676;-0,0338253677571511;-0,0130486906554943;-4,66616585568267;3,06872031791867e-06;TRUE;100;"1";"Childhood"
"hs_sd_wk_None";"hs_zbmi_who";0;0,00115179768273202;0,000225435066339891;0,00442679057306928;-0,0075245524075852;0,00982814777304923;-0,00761719477796503;0,00864735323395411;0,260187976756584;0,794718778122995;FALSE;100;"1";"Childhood"
"hs_dif_hours_total_None";"hs_zbmi_who";0;-0,00904115214542916;-0,00882289382466499;0,00452596874864239;-0,017911887887922;-0,000170416402936269;-0,0172134280294018;-0,00050595844989474;-1,99761700699793;0,0457581980102305;TRUE;100;"1";"Childhood"
"hs_as_c_Log2";"hs_zbmi_who";0;0,000119494282176794;-0,000294071953891644;0,00475469060787023;-0,00919952806687972;0,00943851663123331;-0,00752962660474476;0,00957376912758744;0,0251318733502871;0,979949776949067;FALSE;100;"1";"Childhood"
"hs_cd_c_Log2";"hs_zbmi_who";0;-0,00161482279844477;-0,00187519356389279;0,00486364824920244;-0,0111473982003528;0,0079177526034633;-0,0104851540243934;0,00690739968128127;-0,332018829426979;0,739875040926191;FALSE;100;"1";"Childhood"
"hs_co_c_Log2";"hs_zbmi_who";0;-0,0034102660526932;-0,00384116596302087;0,00423783805618383;-0,0117162760151267;0,00489574390974033;-0,012342158437865;0,00358175174254355;-0,804718351074543;0,420982227381954;FALSE;100;"1";"Childhood"
"hs_cs_c_Log2";"hs_zbmi_who";0;0,0222911157834771;0,0214575868437722;0,00485413596502748;0,0127771841159626;0,0318050474509915;0,0118758663820078;0,0298426710295974;4,59219023613626;4,38618261900755e-06;TRUE;100;"1";"Childhood"
"hs_cu_c_Log2";"hs_zbmi_who";0;0,0148542975075546;0,014064215257879;0,0043924874416141;0,00624518031944651;0,0234634146956627;0,0042008417517704;0,0212340349139492;3,38175070617758;0,000720254758776703;TRUE;100;"1";"Childhood"
"hs_hg_c_Log2";"hs_zbmi_who";0;-0,00476561575700038;-0,00415711277715892;0,0054985303251881;-0,0155425371622704;0,00601130564826962;-0,0141060373104281;0,00763499989111424;-0,866707188131648;0,386102465955551;FALSE;100;"1";"Childhood"
"hs_mn_c_Log2";"hs_zbmi_who";0;-0,00188679720756555;-0,00136486750762847;0,00374700878991155;-0,0092307994855472;0,00545720507041609;-0,00835000263835262;0,00560518632776729;-0,503547579777653;0,614579337135799;FALSE;100;"1";"Childhood"
"hs_mo_c_Log2";"hs_zbmi_who";0;-0,00840471946979219;-0,00844206359592035;0,00518597896772248;-0,0185690514711105;0,00175961253152608;-0,0184614310947561;0,00174724221318153;-1,6206620817599;0,1050901299575;FALSE;100;"1";"Childhood"
"hs_pb_c_Log2";"hs_zbmi_who";0;-0,0026521637311956;-0,00262565819826217;0,00477741570211197;-0,0120157264465112;0,00671139898411999;-0,010752750625112;0,007004622071115;-0,555146107554164;0,578794727578634;FALSE;100;"1";"Childhood"
"hs_hum_mt_hs_h_None";"hs_zbmi_who";0;0,0108782003833278;0,00991809531722718;0,00483384891080217;0,00140403061144733;0,0203523701552082;0,00206142486940658;0,0205460646965768;2,25042209304852;0,0244221638573911;TRUE;100;"1";"Childhood"
"hs_tm_mt_hs_h_None";"hs_zbmi_who";0;-0,00544835487537494;-0,0058813143996473;0,00508922367392703;-0,0154230499855405;0,00452634023479065;-0,0170266796092292;0,00356411897684418;-1,0705669910497;0,284364172188639;FALSE;100;"1";"Childhood"
"hs_uvdvf_mt_hs_h_None";"hs_zbmi_who";0;0,00589534715166131;0,00496896116288066;0,00545300210263813;-0,00479234057713061;0,0165830348804532;-0,00680159596133108;0,0135765945780107;1,08111954492172;0,279643940367688;FALSE;100;"1";"Childhood"
"hs_hum_dy_hs_h_None";"hs_zbmi_who";0;-0,00169005790058991;-0,00107512844919795;0,00477682609223968;-0,0110524650017909;0,00767234920061107;-0,00962847172737675;0,00771103170022757;-0,353803523083149;0,723486133021973;FALSE;100;"1";"Childhood"
"hs_hum_wk_hs_h_None";"hs_zbmi_who";0;-0,00118011836745585;-0,000984954077713095;0,00528397403432086;-0,0115365171699695;0,00917628043505784;-0,0107851892829171;0,0103389838291364;-0,223339168548267;0,823271544943046;FALSE;100;"1";"Childhood"
"hs_tm_dy_hs_h_None";"hs_zbmi_who";0;-0,00928362842083889;-0,00794730018724284;0,00461681857438708;-0,0183324265497931;-0,000234830291884666;-0,0166123809810025;0,000855915798955095;-2,01082807809301;0,0443436192597836;TRUE;100;"1";"Childhood"
"hs_tm_wk_hs_h_None";"hs_zbmi_who";0;0,00326715260060487;0,00311585617749335;0,00424812952473673;-0,00505902826954039;0,0115933334707501;-0,00525963674862888;0,010955119823639;0,769080269699954;0,441845660205749;FALSE;100;"1";"Childhood"
"hs_uvdvf_dy_hs_h_None";"hs_zbmi_who";0;0,000978235338889157;0,00128085311469471;0,00452694238315144;-0,00789440869217559;0,0098508793699539;-0,00816718366006619;0,00887739551046984;0,216091846569551;0,82891615507425;FALSE;100;"1";"Childhood"
"hs_uvdvf_wk_hs_h_None";"hs_zbmi_who";0;-0,00765415177488962;-0,00719439271256182;0,00495780027706632;-0,0173712617604823;0,00206295821070308;-0,0153434525371186;0,00305262931590115;-1,54386045163941;0,122622142721646;FALSE;100;"1";"Childhood"
"hs_ndvi100_h_None";"hs_zbmi_who";0;-0,00904594592584619;-0,00848487919055893;0,00507889570947245;-0,0190003985976472;0,000908506745954815;-0,0180595591943924;3,48473788837508e-05;-1,78108518924201;0,0748985349037333;FALSE;100;"1";"Childhood"
"hs_ndvi100_s_None";"hs_zbmi_who";0;-0,00665748247389527;-0,00545914007169493;0,00611271929040718;-0,0186381921306966;0,00532322718290604;-0,0173096825216511;0,00557734639623546;-1,08911961397328;0,276101141544133;FALSE;100;"1";"Childhood"
"hs_dde_cadj_Log2";"hs_zbmi_who";0;-0,0244249370665971;-0,0222747053345561;0,00557801899423777;-0,0353576534003835;-0,0134922207328108;-0,0319193610615005;-0,0112149234146411;-4,37878341608888;1,19343663757275e-05;TRUE;100;"1";"Childhood"
"hs_ddt_cadj_Log2";"hs_zbmi_who";0;-0,00356744907428441;-0,00375338689048317;0,00449988951374766;-0,0123870704556393;0,00525217230707046;-0,01196533918562;0,00528406696728308;-0,792785925828948;0,427902557791514;FALSE;100;"1";"Childhood"
"hs_hcb_cadj_Log2";"hs_zbmi_who";0;-0,0241567367595123;-0,030763204257743;0,0157065449983721;-0,0549409992778793;0,00662752575885477;-0,0612059043925304;-0,0127983912667943;-1,53800449188641;0,124047516491337;FALSE;100;"1";"Childhood"
"hs_pcb118_cadj_Log2";"hs_zbmi_who";0;0,00852432485927334;0,00867298655816396;0,00516198269062454;-0,00159297530316992;0,0186416250217166;-0,0011723272260579;0,017727576840901;1,65136641677541;0,0986637779487716;FALSE;100;"1";"Childhood"
"hs_pcb138_cadj_Log2";"hs_zbmi_who";0;0,0156507075272175;0,0134552268681295;0,0070387550487718;0,00185500113562535;0,0294464139188097;-0,00532275394753749;0,023867270668418;2,2235050685488;0,026181761993738;TRUE;100;"1";"Childhood"
"hs_pcb153_cadj_Log2";"hs_zbmi_who";0;-0,0133068982323448;-0,011857469412874;0,00566390618510091;-0,0244079503669562;-0,00220584609773333;-0,0226307176608476;-1,61117233929958e-05;-2,34942066437276;0,018802650593941;TRUE;100;"1";"Childhood"
"hs_pcb170_cadj_Log2";"hs_zbmi_who";0;-0,0213420484969661;-0,0202402689344522;0,00497639559205445;-0,0310956046302167;-0,0115884923637155;-0,0303925847613506;-0,0105429857749558;-4,28865593624466;1,7975757677148e-05;TRUE;100;"1";"Childhood"
"hs_pcb180_cadj_Log2";"hs_zbmi_who";0;-0,00202541497211529;-0,00263645025828666;0,00625718691470769;-0,0142892759694777;0,0102384460252471;-0,0152509420940647;0,00791669299112781;-0,323694177547181;0,746169579381482;FALSE;100;"1";"Childhood"
"hs_sumPCBs5_cadj_Log2";"hs_zbmi_who";0;-0,0259020694912438;-0,0235894057007628;0,00524094128606965;-0,0361741256570293;-0,0156300133254583;-0,0341798864320333;-0,0148050044600864;-4,94225523191629;7,72240264752714e-07;TRUE;100;"1";"Childhood"
"hs_pfhxs_c_Log2";"hs_zbmi_who";0;0,0171527197691136;0,0167689368752367;0,00521590896470952;0,00692972605164336;0,0273757134865839;0,00686374050109646;0,0267021338213343;3,28853894597619;0,00100708849897245;TRUE;100;"1";"Childhood"
"hs_pfna_c_Log2";"hs_zbmi_who";0;-0,00103962712909081;-0,00107568297762055;0,00519802362083162;-0,0112275662167093;0,00914831195852764;-0,0114475793094221;0,00953971702248717;-0,200004310277545;0,841477210118161;FALSE;100;"1";"Childhood"
"hs_pfoa_c_Log2";"hs_zbmi_who";0;-0,0072414449893264;-0,00733006853174193;0,00463677432637301;-0,0163293556734575;0,00184646569480467;-0,0151934082685734;0,00128829797637373;-1,56174195240397;0,118348791439299;FALSE;100;"1";"Childhood"
"hs_pfos_c_Log2";"hs_zbmi_who";0;-0,000328540229238931;0,000763000649177628;0,00635429931617016;-0,0127827380359199;0,0121256575774421;-0,0116120845128529;0,0131695862273103;-0,0517036124506876;0,95876485877245;FALSE;100;"1";"Childhood"
"hs_pfunda_c_Log2";"hs_zbmi_who";0;0,000786805700054464;0,000959452283583469;0,00449529329193948;-0,00802380725209141;0,00959741865220034;-0,00696263138335984;0,011860909584078;0,175028779871891;0,861057019568922;FALSE;100;"1";"Childhood"
"hs_hm_pers_None";"hs_zbmi_who";0;-0,001576102162702;-0,000958938705252251;0,00439677568433554;-0,0101936241521011;0,00704141982669711;-0,00765171771706761;0,00781746266387269;-0,358467721771026;0,719993319376492;FALSE;100;"1";"Childhood"
"hs_trafload_h_pow1over3";"hs_zbmi_who";0;-0,00169310174777464;-0,00180972686451589;0,00444019636122622;-0,0103957267000638;0,00700952320451455;-0,0107566602794004;0,00751570823046281;-0,381312358741509;0,702971484223299;FALSE;100;"1";"Childhood"
"hs_trafnear_h_pow1over3";"hs_zbmi_who";0;0,00218402327656735;0,00225675183461866;0,00538158721026947;-0,0083636938352222;0,0127317403883569;-0,00687661086594236;0,012242186678006;0,405832552968697;0,684865638223225;FALSE;100;"1";"Childhood"
"FAS_cat_None_Low";"hs_zbmi_who";0;-0,0140663686927581;-0,0121783456667047;0,0168349274835383;-0,0470622202428367;0,0189294828573205;-0,0397451119774324;0,0273596660873799;-0,8355467349956;0,403409944750018;FALSE;100;"1";"Childhood"
"FAS_cat_None_Middle";"hs_zbmi_who";0;0,00531779664645475;0,00478427697645655;0,00921493932302069;-0,0127431525463877;0,0233787458392972;-0,0120162120388451;0,020864644181944;0,577084282385872;0,563882521520602;FALSE;100;"1";"Childhood"
"hs_globalexp2_None_no exposure";"hs_zbmi_who";0;0,0156622554925313;0,016142824044115;0,00834901346934723;-0,000701510213829092;0,0320260211988917;-0,000603947452370142;0,0314089278422591;1,87594085816654;0,0606634013936106;FALSE;100;"1";"Childhood"
"hs_no2_dy_hs_h_Log";"hs_correct_raven";0;-0,0438526971640384;-0,044440389468849;0,00966059129678088;-0,0627871081750901;-0,0249182861529868;-0,0611497638517798;-0,0273979058241527;-4,539338826874;5,64308951109978e-06;TRUE;100;"1";"Childhood"
"hs_no2_wk_hs_h_Log";"hs_correct_raven";0;-0,0464325468296826;-0,0461963938396948;0,00910163843334843;-0,0642714303593511;-0,0285936633000142;-0,0662218685403765;-0,0294203308849645;-5,10155915000465;3,36866702545659e-07;TRUE;100;"1";"Childhood"
"hs_no2_yr_hs_h_Log";"hs_correct_raven";0;-0,0484589853438035;-0,048144625653469;0,0130340960740439;-0,0740053442199644;-0,0229126264676427;-0,0714800723399943;-0,0254244900042869;-3,71786313899472;0,000200915060588796;TRUE;100;"1";"Childhood"
"hs_pm10_dy_hs_h_None";"hs_correct_raven";0;0,00075371180524056;-0,000871321467745181;0,00689699362032708;-0,012764147292203;0,0142715709026841;-0,0154122322385729;0,0117505100211078;0,109281209572123;0,912979449916431;FALSE;100;"1";"Childhood"
"hs_pm10_wk_hs_h_None";"hs_correct_raven";0;0,00443327932696442;0,00573889928996469;0,00932642231012179;-0,0138461725054851;0,022712731159414;-0,0112756676287895;0,0258524404598478;0,475346191663771;0,63454024035878;FALSE;100;"1";"Childhood"
"hs_pm10_yr_hs_h_None";"hs_correct_raven";0;0,00896663650426177;0,00882947030779973;0,0118845306921496;-0,0143266156255122;0,0322598886340358;-0,0138710810619683;0,0289258714832978;0,754479645560154;0,450561263005449;FALSE;100;"1";"Childhood"
"hs_pm25_dy_hs_h_None";"hs_correct_raven";0;0,00853523463642695;0,00880077757873153;0,0075507389582888;-0,00626394177848257;0,0233344110513365;-0,00447266875635294;0,0225085060814417;1,13038401719045;0,258314445840322;FALSE;100;"1";"Childhood"
"hs_pm25_wk_hs_h_None";"hs_correct_raven";0;0,0138663693250044;0,0134026612879155;0,00895520308378981;-0,00368550619346566;0,0314182448434744;-0,00373853006841313;0,0292889513474239;1,54841483719163;0,121522451241582;FALSE;100;"1";"Childhood"
"hs_pm25_yr_hs_h_None";"hs_correct_raven";0;-0,0371787279467738;-0,0380584849123941;0,0125622123039913;-0,0618002116287426;-0,0125572442648049;-0,0616338516488056;-0,0141003411198798;-2,95956850967734;0,00308070195150797;TRUE;100;"1";"Childhood"
"hs_pm25abs_dy_hs_h_Log";"hs_correct_raven";0;0,0310603788684058;0,0313183707712778;0,00740511152310605;0,0165466269816154;0,0455741307551962;0,0159005458623663;0,0445245977713513;4,19445119381236;2,73533037065504e-05;TRUE;100;"1";"Childhood"
"hs_pm25abs_wk_hs_h_Log";"hs_correct_raven";0;-0,0195601822013404;-0,0177586681150166;0,00833280164390471;-0,0358921733137097;-0,00322819108897099;-0,0347223079828353;-0,00200085430759786;-2,34737163288271;0,0189063866466514;TRUE;100;"1";"Childhood"
"hs_pm25abs_yr_hs_h_Log";"hs_correct_raven";0;0,0530801100454234;0,0515199894588899;0,00979571928557409;0,0338808530430337;0,072279367047813;0,0332970401260726;0,0705590933275761;5,4187046910984;6,00323811006658e-08;TRUE;100;"1";"Childhood"
"hs_accesslines300_h_dic0";"hs_correct_raven";0;0,144728548040427;0,137741546922974;0,0265138480282269;0,0927623608135336;0,19669473526732;0,0869924212795226;0,187931984928794;5,45860215711983;4,79897719654262e-08;TRUE;100;"1";"Childhood"
"hs_accesspoints300_h_Log";"hs_correct_raven";0;0,033650791943786;0,0339691846320252;0,00863066365434337;0,0167350020185942;0,0505665818689779;0,0200962670946538;0,0500843277360114;3,89898080744362;9,65984301685337e-05;TRUE;100;"1";"Childhood"
"hs_builtdens300_h_Sqrt";"hs_correct_raven";0;5,45103363351306e-05;0,000139035080670466;0,00774686896619127;-0,0151290738303508;0,0152380945030211;-0,0126927218221232;0,0165628404347397;0,00703643453542631;0,994385783849082;FALSE;100;"1";"Childhood"
"hs_connind300_h_Log";"hs_correct_raven";0;-0,00956157375462132;-0,0101209330871632;0,00715975233994012;-0,0235944304791303;0,00447128296988768;-0,0219365426911457;0,00548342180546252;-1,33546152166226;0,181725340830668;FALSE;100;"1";"Childhood"
"hs_fdensity300_h_Log";"hs_correct_raven";0;0,00670397126239313;0,00673500462070511;0,00940928762469815;-0,0117378936021937;0,0251458361269799;-0,0117867730282135;0,0232693997188834;0,712484465327225;0,476164827756592;FALSE;100;"1";"Childhood"
"hs_landuseshan300_h_None";"hs_correct_raven";0;0,0124249512453725;0,0122987784614502;0,00595187395154641;0,000759492659819439;0,0240904098309256;0,00189827984942762;0,0233014143475791;2,08756962034525;0,0368366748025753;TRUE;100;"1";"Childhood"
"hs_popdens_h_Sqrt";"hs_correct_raven";0;-0,0109105521084842;-0,0117506721114306;0,00736717973540771;-0,0253499590575166;0,00352885484054822;-0,0260494122202284;0,00171202451421463;-1,48096727653413;0,138615293713043;FALSE;100;"1";"Childhood"
"hs_walkability_mean_h_None";"hs_correct_raven";0;0,00668175149199228;0,00660933251579252;0,00653579536164696;-0,00612817202715969;0,0194916750111443;-0,00594211722136834;0,0176710391005842;1,02233180848988;0,306623883258107;FALSE;100;"1";"Childhood"
"hs_accesslines300_s_dic0";"hs_correct_raven";0;0,0697954340746424;0,0694557244158015;0,0240833340598782;0,0225929666896343;0,116997901459651;0,0267996980969354;0,118967487316192;2,89808022016846;0,00375454542958613;TRUE;100;"1";"Childhood"
"hs_accesspoints300_s_Log";"hs_correct_raven";0;0,0104605133361795;0,0102137602868308;0,00822170166984976;-0,00565372582835882;0,0265747525007179;-0,00561419592596513;0,0237869536508684;1,27230514511854;0,203264721227161;FALSE;100;"1";"Childhood"
"hs_builtdens300_s_Sqrt";"hs_correct_raven";0;-0,0124450911866277;-0,0117859239282516;0,00836385206897362;-0,0288379400138368;0,00394775764058146;-0,0286726693160824;0,00401482853680211;-1,48796165737958;0,136761005677007;FALSE;100;"1";"Childhood"
"hs_connind300_s_Log";"hs_correct_raven";0;0,0225996441105479;0,0226502921435174;0,00765963295746427;0,00758703937912191;0,0376122488419739;0,00882306039087931;0,0383119662809868;2,95048656196048;0,00317273845788167;TRUE;100;"1";"Childhood"
"hs_fdensity300_s_Log";"hs_correct_raven";0;-0,0018170059429813;-0,000789543182997233;0,00723057336886556;-0,0159886693335322;0,0123546574475696;-0,0146079196070834;0,0126771329018937;-0,251294862839678;0,801586146623637;FALSE;100;"1";"Childhood"
"hs_landuseshan300_s_None";"hs_correct_raven";0;0,00693928356834804;0,00683357999745288;0,00637225685791273;-0,00555011037339928;0,0194286775100954;-0,006346675882167;0,0182266145305945;1,08898365572493;0,276161093275245;FALSE;100;"1";"Childhood"
"hs_popdens_s_Sqrt";"hs_correct_raven";0;-0,00453225686435426;-0,00453815633251806;0,00778643433961749;-0,0197933877379905;0,0107288740092819;-0,020619848003437;0,0113819856342693;-0,582070902633066;0,560518923496503;FALSE;100;"1";"Childhood"
"h_Absorbance_Log";"hs_correct_raven";0;0,0121623461410245;0,012009331798564;0,00890418915168607;-0,00528954390781243;0,0296142361898615;-0,00292899710768524;0,0293462575086637;1,36591282303583;0,171966327445607;FALSE;100;"1";"Childhood"
"h_Benzene_Log";"hs_correct_raven";0;-0,00202135096439642;-0,00199385323613449;0,0068102265993182;-0,0153691498256168;0,0113264478968239;-0,0134301828225956;0,0103713590065993;-0,296811117063092;0,766610717558762;FALSE;100;"1";"Childhood"
"h_NO2_Log";"hs_correct_raven";0;-0,00330894699056451;-0,0034901961181869;0,00730321112547007;-0,0176229777679781;0,0110050837868491;-0,0153602816431377;0,00933244947589804;-0,453081108257229;0,65049033832784;FALSE;100;"1";"Childhood"
"h_PM_Log";"hs_correct_raven";0;-0,00537664091630394;-0,00564670976635264;0,00629829152630927;-0,0177210654720039;0,00696778363939603;-0,0176860976673955;0,00648830581737125;-0,853666568758305;0,393289762687082;FALSE;100;"1";"Childhood"
"h_TEX_Log";"hs_correct_raven";0;0,000135173986870679;-0,000814475372014127;0,0069103203680421;-0,0134088050561254;0,0136791530298668;-0,0135434609052706;0,0124093732566005;0,0195611751223306;0,984393435666595;FALSE;100;"1";"Childhood"
"hs_KIDMED_None";"hs_correct_raven";0;-0,0021370725296114;-0,00164555370169085;0,00604123073730281;-0,0139776671970213;0,00970352213779845;-0,0139518901091133;0,00880975162641632;-0,35374787399124;0,723527841139905;FALSE;100;"1";"Childhood"
"hs_mvpa_prd_alt_None";"hs_correct_raven";0;-0,0459230721682678;-0,0459878963427711;0,00775842205118579;-0,0611292999654534;-0,0307168443710823;-0,0593829540382671;-0,0323264326499636;-5,91912528930403;3,23658342035498e-09;TRUE;100;"1";"Childhood"
"hs_sd_wk_None";"hs_correct_raven";0;-0,0172294812294836;-0,0169767214106457;0,00660083968188549;-0,030166889273702;-0,00429207318526522;-0,0294732579349409;-0,00391576006445938;-2,61019537813742;0,00904905243218925;TRUE;100;"1";"Childhood"
"hs_dif_hours_total_None";"hs_correct_raven";0;-0,0020065849397497;-0,00172183820381109;0,00605414411361727;-0,0138724893596547;0,00985931948015531;-0,0139255825472424;0,00999243073169975;-0,331439903327771;0,740312228040599;FALSE;100;"1";"Childhood"
"hs_as_c_Log2";"hs_correct_raven";0;0,0055581089851518;0,00725083583836186;0,00669958181270227;-0,00757283007922422;0,0186890480495278;-0,00347069498781422;0,0210314916583617;0,829620286838461;0,40675350311596;FALSE;100;"1";"Childhood"
"hs_cd_c_Log2";"hs_correct_raven";0;-0,00859358058932939;-0,00929781125319344;0,00545824354310733;-0,019291541352668;0,00210438017400928;-0,0199582467853393;0,000471737087085392;-1,57442234327953;0,115389841708306;FALSE;100;"1";"Childhood"
"hs_co_c_Log2";"hs_correct_raven";0;0,00763061720263962;0,00763274552229887;0,00538761144605062;-0,00292890719431537;0,0181901415995946;-0,00501465840159267;0,0169749791538707;1,41632656308822;0,15667991404411;FALSE;100;"1";"Childhood"
"hs_cs_c_Log2";"hs_correct_raven";0;0,018950363490977;0,0194268602712597;0,00702586178124026;0,00517992743938962;0,0327207995425643;0,00621872641461239;0,0334639653762317;2,69722976070726;0,00699190096339309;TRUE;100;"1";"Childhood"
"hs_cu_c_Log2";"hs_correct_raven";0;-0,00395852086008681;-0,00370287708810204;0,00523659534278796;-0,0142220591335614;0,00630501741338776;-0,0133431705909154;0,00616736102424773;-0,755934075665908;0,449688722278612;FALSE;100;"1";"Childhood"
"hs_hg_c_Log2";"hs_correct_raven";0;-0,00480662876411886;-0,00514558982862462;0,00788163813850758;-0,020254355654771;0,0106410981265333;-0,0207306193539023;0,0114119415179649;-0,609851490216856;0,541960189262487;FALSE;100;"1";"Childhood"
"hs_mn_c_Log2";"hs_correct_raven";0;-0,00293526045037814;-0,00369352083164023;0,00608242542439335;-0,0148565952208399;0,00898607432008358;-0,0160346541171145;0,00678621041312703;-0,482580590072898;0,629393563642483;FALSE;100;"1";"Childhood"
"hs_mo_c_Log2";"hs_correct_raven";0;-0,00895534545706195;-0,00830255332534698;0,00528333876205928;-0,0193104991488226;0,00139980823469868;-0,017800709033968;0,0020747744528201;-1,69501632592104;0,090072323774312;FALSE;100;"1";"Childhood"
"hs_pb_c_Log2";"hs_correct_raven";0;0,00481596579037618;0,00478153765161645;0,00595082895282203;-0,0068474446353132;0,0164793762160656;-0,00564687480264322;0,0155453142411054;0,80929326461187;0,418346479531649;FALSE;100;"1";"Childhood"
"hs_hum_mt_hs_h_None";"hs_correct_raven";0;-0,00273530027157376;-0,00188726750278603;0,00877555408242705;-0,0199350702175142;0,0144644696743667;-0,0174684860057564;0,0140296142170221;-0,311695449185501;0,755271986810578;FALSE;100;"1";"Childhood"
"hs_tm_mt_hs_h_None";"hs_correct_raven";0;-0,0111840495459911;-0,00904387097517294;0,00995897462117483;-0,0307032811264422;0,00833518203445998;-0,0253337318121571;0,0108527535344802;-1,1230121545055;0,261432332383299;FALSE;100;"1";"Childhood"
"hs_uvdvf_mt_hs_h_None";"hs_correct_raven";0;-0,000942565089381405;-0,00117898104986195;0,0104255615064043;-0,021376290160541;0,0194911599817782;-0,0213305312985979;0,0183913384374189;-0,0904090478774113;0,927962166973484;FALSE;100;"1";"Childhood"
"hs_hum_dy_hs_h_None";"hs_correct_raven";0;0,000167171268269425;0,000132514627072838;0,00748401364474807;-0,0145012259352431;0,014835568471782;-0,0118339586799065;0,0171254433467804;0,022337114308542;0,982179043323829;FALSE;100;"1";"Childhood"
"hs_hum_wk_hs_h_None";"hs_correct_raven";0;0,00461756042390897;0,00539918715048387;0,00815842948092658;-0,0113726675291169;0,0206077883769349;-0,0090171625143856;0,0200001953347958;0,565986435833547;0,571403001355424;FALSE;100;"1";"Childhood"
"hs_tm_dy_hs_h_None";"hs_correct_raven";0;-0,00280216968779323;-0,00283772884722674;0,0108859015070027;-0,0241381445807688;0,0185338052051823;-0,0240138552401317;0,0187826944969716;-0,257412735728929;0,796860172373849;FALSE;100;"1";"Childhood"
"hs_tm_wk_hs_h_None";"hs_correct_raven";0;0,00822221252190039;0,00758179855000855;0,0109794297104623;-0,0132970742813947;0,0297414993251955;-0,011733570296249;0,0284045152137971;0,748874280242939;0,453932983616121;FALSE;100;"1";"Childhood"
"hs_uvdvf_dy_hs_h_None";"hs_correct_raven";0;0,00569830546222358;0,00533293063827255;0,00936676693997062;-0,0126602203916993;0,0240568313161465;-0,0136965449809366;0,0228637151070913;0,608353501132532;0,542953044172551;FALSE;100;"1";"Childhood"
"hs_uvdvf_wk_hs_h_None";"hs_correct_raven";0;-0,0133844821371583;-0,0127347382560777;0,0091411442030397;-0,0313007955526032;0,00453183127828658;-0,0289361418668982;0,00244864085190937;-1,46420205609573;0,143138748614758;FALSE;100;"1";"Childhood"
"hs_ndvi100_h_None";"hs_correct_raven";0;-0,0212721667909977;-0,020578821760734;0,0100449391108817;-0,0409598856752236;-0,00158444790677187;-0,0393421782402939;-0,0022216222965364;-2,11769992393021;0,0342004893161143;TRUE;100;"1";"Childhood"
"hs_ndvi100_s_None";"hs_correct_raven";0;-0,00669801860741727;-0,0077389242043465;0,00994843880399923;-0,0261966003656565;0,0128005631508219;-0,0307763567747671;0,0114392341186981;-0,673273338599087;0,500773411257855;FALSE;100;"1";"Childhood"
"hs_dde_cadj_Log2";"hs_correct_raven";0;-0,0206065007726563;-0,0210360739522358;0,00752593898442614;-0,0353570701319775;-0,0058559314133351;-0,0346832824483179;-0,00863939614388422;-2,7380637572665;0,00618020931787466;TRUE;100;"1";"Childhood"
"hs_ddt_cadj_Log2";"hs_correct_raven";0;0,000728288603212798;0,0007077539968666;0,00593785229161142;-0,0109096880338642;0,0123662652402898;-0,00976684274128555;0,013406906331546;0,122651855830377;0,902382789391495;FALSE;100;"1";"Childhood"
"hs_hcb_cadj_Log2";"hs_correct_raven";0;-0,0261709814518628;-0,0307843464718925;0,0155866596601132;-0,056720273024968;0,00437831012124245;-0,0678378647981349;-0,0127636463039314;-1,67906286674336;0,0931397922068068;FALSE;100;"1";"Childhood"
"hs_pcb118_cadj_Log2";"hs_correct_raven";0;-0,00197689448743943;-0,00326764090976479;0,00776115411225614;-0,0171884770259264;0,0132346880510475;-0,0198052243073492;0,0109109292238855;-0,254716561331721;0,798942023974946;FALSE;100;"1";"Childhood"
"hs_pcb138_cadj_Log2";"hs_correct_raven";0;0,0125022556440203;0,0112235018216644;0,00829383850625135;-0,00375336912182385;0,0287578804098644;-0,0106240719942917;0,0224124011369347;1,50741488812411;0,131704344962959;FALSE;100;"1";"Childhood"
"hs_pcb153_cadj_Log2";"hs_correct_raven";0;-0,00319070015908667;-0,00238301121943097;0,00988124027701505;-0,0225575752246227;0,0161761749064494;-0,0187967916719077;0,0207624023924438;-0,322904824661396;0,746767322335207;FALSE;100;"1";"Childhood"
"hs_pcb170_cadj_Log2";"hs_correct_raven";0;0,00663261201476184;0,0070878023864481;0,00741217221171328;-0,00789497856740478;0,0211602025969285;-0,00675686124376746;0,0216750663811688;0,894827025778015;0,370879560922863;FALSE;100;"1";"Childhood"
"hs_pcb180_cadj_Log2";"hs_correct_raven";0;0,00769944082297684;0,0074743242766933;0,00825146832156936;-0,00847313990687227;0,023872021552826;-0,00930405786784946;0,0232163106656563;0,933099482773324;0,350768606164925;FALSE;100;"1";"Childhood"
"hs_sumPCBs5_cadj_Log2";"hs_correct_raven";0;-0,00869209873944675;-0,00621761840320128;0,0104045322444061;-0,0290846072144683;0,0117004097355748;-0,0255371139740884;0,0128742695324248;-0,835414657311482;0,403484279973898;FALSE;100;"1";"Childhood"
"hs_pfhxs_c_Log2";"hs_correct_raven";0;0,0391217121384958;0,0403770747018004;0,00848578368993109;0,0224898817256334;0,0557535425513581;0,0234074544418501;0,0547438921690219;4,61026507014504;4,02155872548671e-06;TRUE;100;"1";"Childhood"
"hs_pfna_c_Log2";"hs_correct_raven";0;-0,00535492855069349;-0,00615643961194437;0,00658314223817238;-0,0182576502426158;0,00754779314122877;-0,0191771906212178;0,00755562237295831;-0,813430479998278;0,415971289828511;FALSE;100;"1";"Childhood"
"hs_pfoa_c_Log2";"hs_correct_raven";0;-0,0068141189344743;-0,00625756265531518;0,00736559923663098;-0,0212504281628267;0,00762219029387812;-0,021726978705416;0,00508490502181594;-0,925127571506467;0,354899552773598;FALSE;100;"1";"Childhood"
"hs_pfos_c_Log2";"hs_correct_raven";0;0,0184226485003214;0,0195132766235723;0,00888824575642992;0,00100200693197777;0,035843290068665;0,00294757038526148;0,03819425016408;2,0726979209586;0,0382004013905735;TRUE;100;"1";"Childhood"
"hs_pfunda_c_Log2";"hs_correct_raven";0;0,00521605287402612;0,00547050018054063;0,00642725321700804;-0,00738113195082883;0,0178132376988811;-0,0070074942331693;0,0173044582660109;0,811552415614062;0,41704850491229;FALSE;100;"1";"Childhood"
"hs_hm_pers_None";"hs_correct_raven";0;-0,0105893107371817;-0,0116752967693814;0,00598555649976281;-0,0223207859041464;0,00114216442978304;-0,023203987830472;7,71668740306596e-05;-1,76914389457377;0,0768698643131043;FALSE;100;"1";"Childhood"
"hs_trafload_h_pow1over3";"hs_correct_raven";0;0,00117806387281309;0,00162463076282277;0,0053076831573623;-0,00922480395696686;0,011580931702593;-0,00849787331981397;0,0117761577966154;0,221954445637735;0,82434934591261;FALSE;100;"1";"Childhood"
"hs_trafnear_h_pow1over3";"hs_correct_raven";0;-0,0126881745936316;-0,013428720657328;0,00693087065567015;-0,0262724314602506;0,000896082272987427;-0,0288911556429364;-0,00120606220186735;-1,83067542650668;0,0671490030088087;FALSE;100;"1";"Childhood"
"FAS_cat_None_Low";"hs_correct_raven";0;0,00244774322648107;0,00325386233191978;0,0227520195337148;-0,0421453956351518;0,047040882088114;-0,0380945127478891;0,0489137932912201;0,107583558587136;0,914326039631936;FALSE;100;"1";"Childhood"
"FAS_cat_None_Middle";"hs_correct_raven";0;0,0322362959141657;0,0334025180959484;0,0129891728940803;0,00677798485280441;0,057694606975527;0,0129890230712043;0,0586927038208648;2,48178203316218;0,0130727212856519;TRUE;100;"1";"Childhood"
"hs_globalexp2_None_no exposure";"hs_correct_raven";0;0,0483800434026755;0,0478712910653642;0,0129411330137082;0,0230158887766652;0,0737441980286858;0,0223371100536952;0,0749737334100826;3,73847045319972;0,000185143247040844;TRUE;100;"1";"Childhood"
"hs_no2_dy_hs_h_Log";"hs_Gen_Tot";0;0,00223788108578149;0,00154420538659833;0,00582116439203389;-0,00917139147069193;0,0136471536422549;-0,0104105806173651;0,0120058374512795;0,384438736834845;0,700653294398724;FALSE;100;"1";"Childhood"
"hs_no2_wk_hs_h_Log";"hs_Gen_Tot";0;-0,00384188917881603;-0,00459907711447534;0,00497644181698091;-0,0135955359112577;0,00591175755362561;-0,0125627235493592;0,0070102749300536;-0,772015291268253;0,440105370908071;FALSE;100;"1";"Childhood"
"hs_no2_yr_hs_h_Log";"hs_Gen_Tot";0;-0,0148793493314019;-0,0150149558188579;0,00519631028546642;-0,0250639303434111;-0,00469476831939267;-0,0241444682004197;-0,00686793033403945;-2,86344512047674;0,00419061400752849;TRUE;100;"1";"Childhood"
"hs_pm10_dy_hs_h_None";"hs_Gen_Tot";0;0,000290511617230617;0,00116457651935977;0,00467074853384361;-0,00886398728994612;0,00944501052440735;-0,00907310706209158;0,00947192535425828;0,0621980856228096;0,950405086991837;FALSE;100;"1";"Childhood"
"hs_pm10_wk_hs_h_None";"hs_Gen_Tot";0;-0,012441087067524;-0,0106124072868778;0,00660415341420571;-0,0253849899077444;0,000502815772696456;-0,0242653990430142;-0,000656333096363886;-1,88382768952079;0,0595882868322048;FALSE;100;"1";"Childhood"
"hs_pm10_yr_hs_h_None";"hs_Gen_Tot";0;-0,0084524549515143;-0,00758347320788298;0,005683189755742;-0,0195913021900756;0,00268639228704701;-0,0181639519133355;0,00327688127035707;-1,48727304819875;0,136942709835293;FALSE;100;"1";"Childhood"
"hs_pm25_dy_hs_h_None";"hs_Gen_Tot";0;0,00653025093562392;0,00551310025586145;0,00553809261694104;-0,0043242111366277;0,0173847130078755;-0,0044686156667941;0,0176288863318712;1,17915162986763;0,238337802879294;FALSE;100;"1";"Childhood"
"hs_pm25_wk_hs_h_None";"hs_Gen_Tot";0;-0,000767361506105152;-0,00173379542505386;0,00609015247568583;-0,0127038410188068;0,0111691180065965;-0,01383283156032;0,00867333533735206;-0,126000376701363;0,899731626387707;FALSE;100;"1";"Childhood"
"hs_pm25_yr_hs_h_None";"hs_Gen_Tot";0;-0,0103476422484726;-0,00875217289156811;0,00814538359216505;-0,0263123007293796;0,0056170162324344;-0,0276813936451894;0,00578545979685014;-1,27036893123436;0,203953244796459;FALSE;100;"1";"Childhood"
"hs_pm25abs_dy_hs_h_Log";"hs_Gen_Tot";0;-0,00762091768598008;-0,00589056340565979;0,00476779710547641;-0,0169656282983082;0,001723792926348;-0,0143151973482831;0,00250376846190164;-1,5984148480703;0,109950682317512;FALSE;100;"1";"Childhood"
"hs_pm25abs_wk_hs_h_Log";"hs_Gen_Tot";0;-0,00351706884844429;-0,00394135350646114;0,00479617116936882;-0,0129173916040965;0,00588325390720794;-0,0115687724300856;0,00560601962599937;-0,733307616480907;0,463370830675942;FALSE;100;"1";"Childhood"
"hs_pm25abs_yr_hs_h_Log";"hs_Gen_Tot";0;-0,00312020065379701;-0,00107283743190614;0,00673801567309431;-0,0163264687003283;0,0100860673927342;-0,0171343464374677;0,0124868273248582;-0,463074116353921;0,643311242339077;FALSE;100;"1";"Childhood"
"hs_accesslines300_h_dic0";"hs_Gen_Tot";0;0,0349798312359498;0,0357323532788481;0,0130654025197373;0,00937211285374586;0,0605875496181537;0,0127951853115964;0,0599782992285579;2,67728691734583;0,00742210460399324;TRUE;100;"1";"Childhood"
"hs_accesspoints300_h_Log";"hs_Gen_Tot";0;0,0106606641180142;0,0105115318668179;0,00533954671830233;0,000195344856372652;0,0211259833796558;0,00227867102615783;0,0211151148685755;1,99654852376753;0,04587424954802;TRUE;100;"1";"Childhood"
"hs_builtdens300_h_Sqrt";"hs_Gen_Tot";0;-0,00302516277519955;-0,00224616831120633;0,0051972812040747;-0,0132116467527129;0,00716132120231383;-0,0122208448601553;0,00768964741597495;-0,582066402877682;0,560521954305941;FALSE;100;"1";"Childhood"
"hs_connind300_h_Log";"hs_Gen_Tot";0;0,00590461564287189;0,00450315727522451;0,00462420962874827;-0,00315866868643804;0,0149678999721818;-0,00526680806931606;0,013296614663585;1,27689186194403;0,201640427646234;FALSE;100;"1";"Childhood"
"hs_fdensity300_h_Log";"hs_Gen_Tot";0;-0,0118522700930325;-0,00971758059620948;0,00526063536521055;-0,0221629259446429;-0,00154161424142216;-0,0192750068406891;-0,000602968990639379;-2,25301114223076;0,0242584464366731;TRUE;100;"1";"Childhood"
"hs_landuseshan300_h_None";"hs_Gen_Tot";0;-0,00635109393580821;-0,00511686530491124;0,00441426966000337;-0,0150029034874627;0,00230071561584626;-0,0148160973218626;0,00281998109283687;-1,43876437666551;0,150217292637599;FALSE;100;"1";"Childhood"
"hs_popdens_h_Sqrt";"hs_Gen_Tot";0;-3,40343014174345e-05;-0,000185331356375589;0,00534143446716938;-0,0105030534828503;0,0104349848800154;-0,011006379513064;0,00883448184269592;-0,00637175306120915;0,994916111007572;FALSE;100;"1";"Childhood"
"hs_walkability_mean_h_None";"hs_Gen_Tot";0;-0,00114622515595158;-0,00083238547712048;0,00379862123523747;-0,00859138596792607;0,00629893565602292;-0,00746455225703645;0,00633345611832028;-0,301747682901036;0,762844415784673;FALSE;100;"1";"Childhood"
"hs_accesslines300_s_dic0";"hs_Gen_Tot";0;0,0383413445139001;0,0354963339611842;0,0133946114248933;0,0120883885342005;0,0645943004935997;0,00905799801892217;0,059862797659098;2,86244544896946;0,00420385619597861;TRUE;100;"1";"Childhood"
"hs_accesspoints300_s_Log";"hs_Gen_Tot";0;0,00975869076179225;0,00887092942481822;0,00514810945379177;-0,000331418356109782;0,0198487998796943;0,000132871397729017;0,0191946281620862;1,89558727322797;0,0580146414593775;FALSE;100;"1";"Childhood"
"hs_builtdens300_s_Sqrt";"hs_Gen_Tot";0;0,00311457323561722;0,00245323909050268;0,00509944649970473;-0,0068801582448929;0,0131093047161273;-0,00689860846378129;0,0126104281645575;0,610766920644732;0,541353895678991;FALSE;100;"1";"Childhood"
"hs_connind300_s_Log";"hs_Gen_Tot";0;0,00949664261828252;0,00835685331111047;0,00505091114497916;-0,000402961314988601;0,0193962465515536;-0,00185005575745588;0,018957781620231;1,88018405901332;0,0600829973870312;FALSE;100;"1";"Childhood"
"hs_fdensity300_s_Log";"hs_Gen_Tot";0;0,00614879912104488;0,00456292267950682;0,00470308429437193;-0,00306907671218007;0,0153666749542698;-0,00285939876467925;0,0154546373691724;1,30739717516928;0,191077856232634;FALSE;100;"1";"Childhood"
"hs_landuseshan300_s_None";"hs_Gen_Tot";0;0,00871173804915227;0,00793233687291332;0,00435728892990532;0,000171608676302767;0,0172518674220018;0,000462139604854115;0,0176638870057373;1,99934826202621;0,0455706857042062;TRUE;100;"1";"Childhood"
"hs_popdens_s_Sqrt";"hs_Gen_Tot";0;-0,000360309048167127;-0,00054074835954389;0,00437108424257518;-0,00892747673700502;0,00820685864067077;-0,0087323807423552;0,00763735890711522;-0,0824301313293506;0,934304676237592;FALSE;100;"1";"Childhood"
"h_Absorbance_Log";"hs_Gen_Tot";0;-0,00316148084463916;-0,00318766527631696;0,00540700471897318;-0,0137590153580647;0,00743605366878639;-0,0150336636009584;0,00478789697256596;-0,584700959025525;0,558748809103974;FALSE;100;"1";"Childhood"
"h_Benzene_Log";"hs_Gen_Tot";0;0,0176239270771576;0,0144098290547315;0,00564603805640198;0,00655789583126716;0,028689958323048;0,0022249379143884;0,0242334873195217;3,12146799244011;0,00179951808617194;TRUE;100;"1";"Childhood"
"h_NO2_Log";"hs_Gen_Tot";0;-0,000192792340286154;7,21137231704033e-05;0,00436830855943725;-0,00875451979014122;0,00836893510956891;-0,00812362927186922;0,0079823936702004;-0,0441343228535556;0,964797333748974;FALSE;100;"1";"Childhood"
"h_PM_Log";"hs_Gen_Tot";0;0,0120417598979168;0,00999707989300139;0,00449696447778578;0,0032278714817007;0,0208556483141329;-3,39706379400779e-05;0,0185920698415094;2,67775295032927;0,00741178641131457;TRUE;100;"1";"Childhood"
"h_TEX_Log";"hs_Gen_Tot";0;-0,00157116410610866;-0,000594272422054735;0,00406098438779954;-0,00953054724797519;0,00638821903575787;-0,00862815829581925;0,00614811143296455;-0,386892427074807;0,698835847751438;FALSE;100;"1";"Childhood"
"hs_KIDMED_None";"hs_Gen_Tot";0;-0,0137173279633479;-0,0115189207501635;0,00431374474297871;-0,0221721122980851;-0,00526254362861061;-0,0207168419284265;-0,00323721435686364;-3,17991183545919;0,00147319866457635;TRUE;100;"1";"Childhood"
"hs_mvpa_prd_alt_None";"hs_Gen_Tot";0;-0,0140747676653547;-0,0140636769518693;0,0046452821781976;-0,0231793534326478;-0,00497018189806163;-0,0239765626955763;-0,00683402806683359;-3,0299058540327;0,00244629981129847;TRUE;100;"1";"Childhood"
"hs_sd_wk_None";"hs_Gen_Tot";0;0,0108677712541976;0,00882197529185323;0,00614127749254226;-0,00116891145025168;0,0229044539586469;-0,00222600386277916;0,0205891061446323;1,76962712845902;0,0767892765436026;FALSE;100;"1";"Childhood"
"hs_dif_hours_total_None";"hs_Gen_Tot";0;-0,0107173179104752;-0,00908261323109299;0,0050260570728669;-0,0205682087575371;-0,000866427063413236;-0,0182784826819568;0,000292466523488329;-2,13235101692984;0,0329780009737177;TRUE;100;"1";"Childhood"
"hs_as_c_Log2";"hs_Gen_Tot";0;-0,00375433419460324;-0,00371949963702947;0,00360695078663579;-0,0108238278304178;0,00331515944121133;-0,00954614514128443;0,00250293002738718;-1,04086094229883;0,297940091094269;FALSE;100;"1";"Childhood"
"hs_cd_c_Log2";"hs_Gen_Tot";0;0,00415749785503686;0,00339899359614147;0,00375443544352317;-0,00320106039654921;0,0115160561066229;-0,00385847229296778;0,0105022069080602;1,10735633028636;0,268139898702095;FALSE;100;"1";"Childhood"
"hs_co_c_Log2";"hs_Gen_Tot";0;-0,00469968455369139;-0,00372162853840968;0,00372087177510418;-0,0119924592239872;0,00259309011660442;-0,0102787014932461;0,00396433870511216;-1,26306006703491;0,206567593663406;FALSE;100;"1";"Childhood"
"hs_cs_c_Log2";"hs_Gen_Tot";0;0,00802379895905817;0,00746747518477988;0,0040688578660144;4,89840834574408e-05;0,0159986138346589;0,000660720509826772;0,0155294363071273;1,97200276423462;0,0486092909635296;TRUE;100;"1";"Childhood"
"hs_cu_c_Log2";"hs_Gen_Tot";0;0,00126314428057373;0,000783423976011698;0,00374010759129485;-0,00606733189666902;0,00859362045781648;-0,00645402174101495;0,00664650732503425;0,337729396746157;0,735567119675889;FALSE;100;"1";"Childhood"
"hs_hg_c_Log2";"hs_Gen_Tot";0;-0,000456473012013861;-0,000124372706473471;0,00403326331952705;-0,00836152385845334;0,00744857783442562;-0,00778956030644847;0,00739330724228543;-0,11317709156351;0,909890157242987;FALSE;100;"1";"Childhood"
"hs_mn_c_Log2";"hs_Gen_Tot";0;0,00301092473293606;0,00240780597549505;0,00329863010175315;-0,0034542714648198;0,00947612093069192;-0,00402180301696591;0,00913959954780215;0,912780348222683;0,361358075888755;FALSE;100;"1";"Childhood"
"hs_mo_c_Log2";"hs_Gen_Tot";0;-0,00220254218495639;-0,00258765731835295;0,00419373733580976;-0,0104221163237645;0,0060170319538517;-0,00887124103033659;0,00463978346071096;-0,525197934107407;0,59944560092094;FALSE;100;"1";"Childhood"
"hs_pb_c_Log2";"hs_Gen_Tot";0;0,00611646754852649;0,00571838281300211;0,00403411667038901;-0,00179025583486861;0,0140231909319216;-0,000629620975920487;0,0137197019064333;1,51618509038725;0,129472557019205;FALSE;100;"1";"Childhood"
"hs_hum_mt_hs_h_None";"hs_Gen_Tot";0;0,000320895964114728;0,000706075093882222;0,00517639632747174;-0,00982465440743529;0,0104664463356647;-0,00809750647638054;0,0107701381493906;0,0619921551237674;0,950569079291292;FALSE;100;"1";"Childhood"
"hs_tm_mt_hs_h_None";"hs_Gen_Tot";0;-0,00925500913775367;-0,00921713956949709;0,00483128909928533;-0,0187241617712539;0,000214143495746518;-0,0187597672139386;0,00043169963629264;-1,91563968695699;0,05541097430217;FALSE;100;"1";"Childhood"
"hs_uvdvf_mt_hs_h_None";"hs_Gen_Tot";0;-0,00695909332185257;-0,00607507436977401;0,00483415206264564;-0,016433857260428;0,0025156706167229;-0,0164874398912202;0,00347844522258348;-1,43956855962946;0,149989500069663;FALSE;100;"1";"Childhood"
"hs_hum_dy_hs_h_None";"hs_Gen_Tot";0;-0,00802850090887272;-0,00717294681758995;0,00466282727782155;-0,0171674744395339;0,00111047262178845;-0,0170281939005591;0,00070883894094657;-1,72180962976257;0,0851040095953506;FALSE;100;"1";"Childhood"
"hs_hum_wk_hs_h_None";"hs_Gen_Tot";0;-0,00367504960914346;-0,00363917436747691;0,00537171670438778;-0,0142034208848957;0,00685332166660877;-0,0143934887087844;0,0061608750823956;-0,684148068743381;0,493881670917686;FALSE;100;"1";"Childhood"
"hs_tm_dy_hs_h_None";"hs_Gen_Tot";0;-0,00676971367432599;-0,0059614396856539;0,00577291162543995;-0,0180844125461209;0,0045449851974689;-0,0180627777615564;0,0035796174742685;-1,17266885647328;0,240928625085249;FALSE;100;"1";"Childhood"
"hs_tm_wk_hs_h_None";"hs_Gen_Tot";0;-0,000115467513886531;-2,37928415569267e-05;0,00474619758912917;-0,00941784385209054;0,00918690882431747;-0,00992574314382189;0,00872869359009246;-0,0243284253801404;0,980590639663156;FALSE;100;"1";"Childhood"
"hs_uvdvf_dy_hs_h_None";"hs_Gen_Tot";0;0,00788453337062722;0,00739283509408457;0,00498180057721882;-0,00187961633888252;0,017648683080137;-0,00161520866438854;0,0165283891732998;1,58266740075511;0,11349729224327;FALSE;100;"1";"Childhood"
"hs_uvdvf_wk_hs_h_None";"hs_Gen_Tot";0;0,00670568862769095;0,00579335426212994;0,00514051205035394;-0,00336952985309691;0,0167809071084788;-0,0038080514065265;0,0167512728818424;1,30447872935718;0,192070407263347;FALSE;100;"1";"Childhood"
"hs_ndvi100_h_None";"hs_Gen_Tot";0;-0,0119751643551363;-0,0103940975100876;0,00541733592034769;-0,0225929476511729;-0,00135738105909967;-0,0207096894380257;-0,000785408604681525;-2,21052645270846;0,0270686467342544;TRUE;100;"1";"Childhood"
"hs_ndvi100_s_None";"hs_Gen_Tot";0;0,00702725868488478;0,00613558946138693;0,00510291870204999;-0,00297427818716908;0,0170287955569386;-0,00305988185894219;0,016550051828715;1,37710574970785;0,16847955531697;FALSE;100;"1";"Childhood"
"hs_dde_cadj_Log2";"hs_Gen_Tot";0;-0,00794271965502943;-0,00686410028269041;0,00427089768373143;-0,0163135252967986;0,000428085986739712;-0,0148065117833847;0,000668237175406032;-1,85973072716881;0,0629236324350655;FALSE;100;"1";"Childhood"
"hs_ddt_cadj_Log2";"hs_Gen_Tot";0;-0,00677069734135341;-0,00503951040927445;0,00411270998398874;-0,0148314607888297;0,00129006610612283;-0,0119062951864706;0,00259941973010532;-1,64628611492484;0,0997048668099013;FALSE;100;"1";"Childhood"
"hs_hcb_cadj_Log2";"hs_Gen_Tot";0;-0,00316015498128871;-0,00635019140571633;0,00692807224884958;-0,0167389270713253;0,0104186171087479;-0,021520184790436;0,00624335958824928;-0,45613770581181;0,648290957521448;FALSE;100;"1";"Childhood"
"hs_pcb118_cadj_Log2";"hs_Gen_Tot";0;0,0140175726630241;0,0125005069957218;0,00472994090832372;0,00474705883370689;0,0232880864923412;0,00287079789693002;0,0207144049026757;2,96358304146168;0,00304080003596113;TRUE;100;"1";"Childhood"
"hs_pcb138_cadj_Log2";"hs_Gen_Tot";0;0,00676185483691142;0,00650947094575055;0,0043516964808792;-0,0017673135372615;0,0152910232110843;-0,000842476093303309;0,0141014283660913;1,55384339570146;0,120221776402564;FALSE;100;"1";"Childhood"
"hs_pcb153_cadj_Log2";"hs_Gen_Tot";0;0,00271439262693326;0,00214173136102878;0,0043821700162604;-0,00587450277906842;0,0113032880329349;-0,00735731868496914;0,00997385206731488;0,619417461408683;0,535641380905755;FALSE;100;"1";"Childhood"
"hs_pcb170_cadj_Log2";"hs_Gen_Tot";0;-0,00277012345696987;-0,00269593243327651;0,00439222852618265;-0,0113787331801573;0,00583848626621757;-0,0100740862575213;0,00636882920250719;-0,630687460922582;0,528244899376776;FALSE;100;"1";"Childhood"
"hs_pcb180_cadj_Log2";"hs_Gen_Tot";0;-0,0119955299938242;-0,00905361859168975;0,00569923313891892;-0,0231658216856025;-0,000825238302046005;-0,0193316426642515;0,000365506074562355;-2,10476211473245;0,0353120205129479;TRUE;100;"1";"Childhood"
"hs_sumPCBs5_cadj_Log2";"hs_Gen_Tot";0;-0,00950563820989292;-0,00829186453345884;0,00462808466222921;-0,0185765174652644;-0,000434758954521447;-0,0165506456599708;0,0010907860506442;-2,05390326747271;0,0399850550280462;TRUE;100;"1";"Childhood"
"hs_pfhxs_c_Log2";"hs_Gen_Tot";0;0,0118284063406445;0,0107977893186404;0,00497043108812522;0,00208654042028086;0,0215702722610082;0,0029495812266201;0,0197369170920927;2,37975461905177;0,0173241698984514;TRUE;100;"1";"Childhood"
"hs_pfna_c_Log2";"hs_Gen_Tot";0;0,00220250453266456;0,00206844055173167;0,00413306839273743;-0,00589816066274165;0,0103031697280708;-0,00721567630517759;0,00858529345175421;0,532898157827432;0,594104080508909;FALSE;100;"1";"Childhood"
"hs_pfoa_c_Log2";"hs_Gen_Tot";0;-0,00984993403239709;-0,00882809850010065;0,00422232745373862;-0,0181255437726595;-0,00157432429213468;-0,0167768900111452;-2,21294362954438e-05;-2,33282097144682;0,0196575435174514;TRUE;100;"1";"Childhood"
"hs_pfos_c_Log2";"hs_Gen_Tot";0;-0,0111204720608385;-0,00932725667613119;0,00578502018155673;-0,022458903266527;0,000217959144850084;-0,0207999120918365;0,000578991950550734;-1,92228751358409;0,0545695902690572;FALSE;100;"1";"Childhood"
"hs_pfunda_c_Log2";"hs_Gen_Tot";0;0,00126677662592979;0,000816260357975686;0,00370600055962538;-0,00599685099762122;0,00853040424948081;-0,00521994394128539;0,00821548620161238;0,34181771037235;0,732488080580871;FALSE;100;"1";"Childhood"
"hs_hm_pers_None";"hs_Gen_Tot";0;0,00122130366255174;0,00180573372020185;0,00375553532573188;-0,00613941031855063;0,00858201764365411;-0,00562132331366464;0,00891735409089403;0,325200951828015;0,745028988346773;FALSE;100;"1";"Childhood"
"hs_trafload_h_pow1over3";"hs_Gen_Tot";0;0,0030951656308894;0,0024679797453182;0,00373015994724756;-0,00421581352228964;0,0104061447840684;-0,00388763403749337;0,00917897916995184;0,829767536690561;0,406670228525048;FALSE;100;"1";"Childhood"
"hs_trafnear_h_pow1over3";"hs_Gen_Tot";0;0,00319699396682539;0,00250204643031272;0,00482105065233182;-0,0062520916793883;0,0126460796130391;-0,00716682516366375;0,0103620361259263;0,663132208594217;0,507245884085322;FALSE;100;"1";"Childhood"
"FAS_cat_None_Low";"hs_Gen_Tot";0;0,0335377833763464;0,0299691099501107;0,0163963854505265;0,00140145841667795;0,0656741083360149;-0,00208126727124124;0,0615873168955929;2,04543760437576;0,0408117347837638;TRUE;100;"1";"Childhood"
"FAS_cat_None_Middle";"hs_Gen_Tot";0;0,0109697051071016;0,00985825277836475;0,00830779007544456;-0,00531326423188901;0,0272526744460922;-0,0048340366456251;0,025511970827677;1,32041192753834;0,186697523445836;FALSE;100;"1";"Childhood"
"hs_globalexp2_None_no exposure";"hs_Gen_Tot";0;0,0132465473245832;0,0126552629081333;0,00795661719135457;-0,00234813580924397;0,0288412304584104;-0,000548863964760406;0,0316981968176231;1,66484663092458;0,095943357998939;FALSE;100;"1";"Childhood"
"hs_no2_dy_hs_h_Log";"hs_bmi_c_cat";0;-0,0541081320018153;-0,043019285494929;0,0733229814027164;-0,19781853479024;0,0896022707866089;-0,175102880114106;0,0772118987754118;-0,737942333586163;0,460549492374339;FALSE;100;"1";"Childhood"
"hs_no2_wk_hs_h_Log";"hs_bmi_c_cat";0;0,163722621559441;0,162756729929515;0,0640198280765322;0,0382460642329917;0,28919917888589;0,0306579149152646;0,279439321548312;2,55737365248341;0,0105465863290182;TRUE;100;"1";"Childhood"
"hs_no2_yr_hs_h_Log";"hs_bmi_c_cat";0;0,15101317777307;0,151251214917543;0,0645349196461344;0,02452705952146;0,277499296024679;0,025351753114078;0,296803763866371;2,34002271330194;0,0192825671625345;TRUE;100;"1";"Childhood"
"hs_pm10_dy_hs_h_None";"hs_bmi_c_cat";0;0,107601393205554;0,101343836065131;0,0733417176367448;-0,0361457319267714;0,25134851833788;-0,0270864774712934;0,238062394468797;1,46712398717596;0,14234232994482;FALSE;100;"1";"Childhood"
"hs_pm10_wk_hs_h_None";"hs_bmi_c_cat";0;-0,150091081129105;-0,12965326550072;0,0792461172653785;-0,305410616883884;0,00522845462567501;-0,281566261862232;0,0178102223256044;-1,89398656121512;0,0582267936739538;FALSE;100;"1";"Childhood"
"hs_pm10_yr_hs_h_None";"hs_bmi_c_cat";0;-0,12545426475602;-0,114123437395026;0,0613523737519128;-0,245702707675809;-0,00520582183623015;-0,223404564510814;0,00137481218562928;-2,04481517313922;0,0408730832938;TRUE;100;"1";"Childhood"
"hs_pm25_dy_hs_h_None";"hs_bmi_c_cat";0;0,0989749042301417;0,0950204200239346;0,074311009531353;-0,0466719981061228;0,244621806566406;-0,041939100429616;0,228279582453289;1,33190095053658;0,182892738665964;FALSE;100;"1";"Childhood"
"hs_pm25_wk_hs_h_None";"hs_bmi_c_cat";0;-0,0197426013433476;-0,0176521046808566;0,0806671881791609;-0,177847384908618;0,138362182221923;-0,159540906549918;0,125844505557598;-0,244741409598901;0,806656662651405;FALSE;100;"1";"Childhood"
"hs_pm25_yr_hs_h_None";"hs_bmi_c_cat";0;0,0776417337536871;0,0768478929260438;0,0700470581858851;-0,0596479775136291;0,214931445021003;-0,0385893899441825;0,215726310090358;1,10842247718167;0,267679402048681;FALSE;100;"1";"Childhood"
"hs_pm25abs_dy_hs_h_Log";"hs_bmi_c_cat";0;-0,039291681042073;-0,0399970095914588;0,0731127158318098;-0,182589970884332;0,104006608800186;-0,171801569709919;0,0858901652211026;-0,537412413080927;0,590982770852163;FALSE;100;"1";"Childhood"
"hs_pm25abs_wk_hs_h_Log";"hs_bmi_c_cat";0;0,0237829848760478;0,0271447617215501;0,0700098951432675;-0,113433888166182;0,160999857918278;-0,107152294459702;0,158141927344917;0,339708905825077;0,734075754322212;FALSE;100;"1";"Childhood"
"hs_pm25abs_yr_hs_h_Log";"hs_bmi_c_cat";0;0,0685326239329386;0,0635890264915408;0,0653226734137219;-0,0594974633318283;0,196562711197706;-0,0683654551771931;0,188761733576968;1,04913991347057;0,294113728379684;FALSE;100;"1";"Childhood"
"hs_accesslines300_h_dic0";"hs_bmi_c_cat";0;-0,273412501197907;-0,257698797006343;0,150338580198042;-0,568070703872957;0,0212457014771424;-0,5479184018839;0,0626502568123222;-1,8186449601808;0,0689656138261536;FALSE;100;"1";"Childhood"
"hs_accesspoints300_h_Log";"hs_bmi_c_cat";0;-0,0591586655257767;-0,0613211367818792;0,0839972399322102;-0,223790230593678;0,105472899542125;-0,206348639731033;0,0992219259050467;-0,704292969310904;0,48125034382152;FALSE;100;"1";"Childhood"
"hs_builtdens300_h_Sqrt";"hs_bmi_c_cat";0;-0,0704637664710277;-0,0699358345470706;0,0851964800864121;-0,237445799049979;0,0965182661079239;-0,25109420669964;0,0825611968071048;-0,827073681912193;0,408195300141392;FALSE;100;"1";"Childhood"
"hs_connind300_h_Log";"hs_bmi_c_cat";0;0,0735914929179433;0,0731848199602059;0,0728013858852491;-0,0690966014417475;0,216279587277634;-0,0666564373753968;0,193833941214915;1,01085291197532;0,312086834047783;FALSE;100;"1";"Childhood"
"hs_fdensity300_h_Log";"hs_bmi_c_cat";0;-0,0599550542942567;-0,0596802433168167;0,0792655919756597;-0,215312759779797;0,0954026511912833;-0,206347397335477;0,0937852156836619;-0,756381839836222;0,449420292887629;FALSE;100;"1";"Childhood"
"hs_landuseshan300_h_None";"hs_bmi_c_cat";0;-0,0483441474775903;-0,0494579289736999;0,0697743565278363;-0,185099373316607;0,0884110783614261;-0,188149640978576;0,108379450851793;-0,69286411058916;0,488394834292004;FALSE;100;"1";"Childhood"
"hs_popdens_h_Sqrt";"hs_bmi_c_cat";0;0,122514601776723;0,128906178664344;0,0703967373430014;-0,0154604680446857;0,260489671598131;0,0139148610747332;0,264035904085991;1,74034488530033;0,0817984769776057;FALSE;100;"1";"Childhood"
"hs_walkability_mean_h_None";"hs_bmi_c_cat";0;-0,00461936811927707;-0,0113811823857531;0,0766470341235183;-0,154844794523185;0,145606058284631;-0,148211378118427;0,133090906683722;-0,0602680608858636;0,95194213940973;FALSE;100;"1";"Childhood"
"hs_accesslines300_s_dic0";"hs_bmi_c_cat";0;0,00603017327233262;0,00361350657407293;0,174444892672698;-0,335875533653111;0,347935880197776;-0,311118770191524;0,370760106848685;0,0345677834411966;0,972424391228388;FALSE;100;"1";"Childhood"
"hs_accesspoints300_s_Log";"hs_bmi_c_cat";0;-0,222711009367797;-0,227314579400038;0,0676464684951063;-0,355295651299529;-0,0901263674360651;-0,361937894725766;-0,104865131211929;-3,29227843407536;0,000993791694934464;TRUE;100;"1";"Childhood"
"hs_builtdens300_s_Sqrt";"hs_bmi_c_cat";0;-0,00138196143839027;-0,00341731627076956;0,07709943258197;-0,152494072527525;0,149730149650745;-0,154302637376235;0,140934641825164;-0,0179244047862609;0,985699159936095;FALSE;100;"1";"Childhood"
"hs_connind300_s_Log";"hs_bmi_c_cat";0;-0,0842079788572765;-0,0865372128945008;0,0725008312356231;-0,226306996928314;0,0578910392137614;-0,23152432233132;0,0431963074452207;-1,16147604685532;0,245448358699797;FALSE;100;"1";"Childhood"
"hs_fdensity300_s_Log";"hs_bmi_c_cat";0;-0,0623298159515537;-0,0615758397713977;0,0768265681932505;-0,212907122666135;0,0882474907630277;-0,217241650299235;0,067693893294356;-0,81130548217081;0,417190262577505;FALSE;100;"1";"Childhood"
"hs_landuseshan300_s_None";"hs_bmi_c_cat";0;-0,125398652725056;-0,128585429051502;0,0761410323736271;-0,274632333923063;0,0238350284729517;-0,260176300252827;0,0180879539513984;-1,64692608986071;0,0995732385336113;FALSE;100;"1";"Childhood"
"hs_popdens_s_Sqrt";"hs_bmi_c_cat";0;-0,0676104968252372;-0,069741481477122;0,075056739028356;-0,214719002117837;0,0794980084673624;-0,197070097156288;0,0740475438248964;-0,900791823632177;0,367699015672015;FALSE;100;"1";"Childhood"
"h_Absorbance_Log";"hs_bmi_c_cat";0;-0,0476506485651536;-0,0450965519602468;0,074039769356026;-0,192765929926617;0,0974646327963098;-0,17704605277023;0,0847898848667392;-0,64358180717746;0,519846650631271;FALSE;100;"1";"Childhood"
"h_Benzene_Log";"hs_bmi_c_cat";0;0,00888372109355678;0,00676087115668772;0,0668129579899455;-0,122067270267324;0,139834712454438;-0,117717563269047;0,138269766934153;0,132964044113923;0,894221816596265;FALSE;100;"1";"Childhood"
"h_NO2_Log";"hs_bmi_c_cat";0;0,0253179109651555;0,0273247126963579;0,0694629165687151;-0,110826903770637;0,161462725700948;-0,119801836067003;0,155313149467343;0,364480966475258;0,715498884335387;FALSE;100;"1";"Childhood"
"h_PM_Log";"hs_bmi_c_cat";0;0,106522572964498;0,105718315134678;0,0589020818985897;-0,00892338617116603;0,221968532100163;-0,01193587068428;0,215861277727884;1,80846872522937;0,0705335800928412;FALSE;100;"1";"Childhood"
"h_TEX_Log";"hs_bmi_c_cat";0;0,0295924123276636;0,0266744264896211;0,0781619491431427;-0,123602192954347;0,182787017609675;-0,0970883136709404;0,182182236483155;0,378603817485018;0,704982086906825;FALSE;100;"1";"Childhood"
"hs_KIDMED_None";"hs_bmi_c_cat";0;0,112329456138117;0,117028579724989;0,0615870773134019;-0,00837899730923428;0,233037909585469;0,00147588319722029;0,232595239913833;1,82391275959565;0,0681652623553681;FALSE;100;"1";"Childhood"
"hs_mvpa_prd_alt_None";"hs_bmi_c_cat";0;-0,00789970444019475;-0,00416481753497863;0,0730654723424394;-0,151105398744783;0,135305989864394;-0,150866751486896;0,132833624541203;-0,108118160150541;0,913901962879057;FALSE;100;"1";"Childhood"
"hs_sd_wk_None";"hs_bmi_c_cat";0;0,0295957656539072;0,0272028031493552;0,0678020030526242;-0,103293718408911;0,162485249716725;-0,0905797413409641;0,163748115096466;0,436502821766734;0,662471952369692;FALSE;100;"1";"Childhood"
"hs_dif_hours_total_None";"hs_bmi_c_cat";0;-0,0895312417823577;-0,0885555837151551;0,0595180699138077;-0,206184515242758;0,0271220316780424;-0,231563763629453;0,00542892490086405;-1,50426991184382;0,13251188297685;FALSE;100;"1";"Childhood"
"hs_as_c_Log2";"hs_bmi_c_cat";0;-0,0079011459932976;-0,00389175614788522;0,0693926494788118;-0,143908239763581;0,128105947776986;-0,109510613212342;0,144655715859848;-0,11386142556367;0,909347644583919;FALSE;100;"1";"Childhood"
"hs_cd_c_Log2";"hs_bmi_c_cat";0;0,00472763712549756;-0,00244499891664066;0,0686475136833256;-0,129819017322041;0,139274291573036;-0,146631984563768;0,130734207643793;0,068868293574424;0,94509445663953;FALSE;100;"1";"Childhood"
"hs_co_c_Log2";"hs_bmi_c_cat";0;-0,0892283355300591;-0,0895158766275003;0,0602000283395279;-0,207218222943824;0,0287615518837062;-0,211156733549484;0,0219339787842264;-1,48219756686511;0,138287733809956;FALSE;100;"1";"Childhood"
"hs_cs_c_Log2";"hs_bmi_c_cat";0;0,185254754182434;0,181464007602016;0,0653680524337059;0,0571357256728446;0,313373782692023;0,0492263492006843;0,304144292631466;2,83402590845602;0,00459656052028872;TRUE;100;"1";"Childhood"
"hs_cu_c_Log2";"hs_bmi_c_cat";0;0,230107518382574;0,24266021982495;0,0683785802820208;0,0960879637158328;0,364127073049315;0,104023221616585;0,367201172179659;3,36519883029917;0,000764885185986985;TRUE;100;"1";"Childhood"
"hs_hg_c_Log2";"hs_bmi_c_cat";0;-0,0440462815228302;-0,0439905033854608;0,0736973512076077;-0,188490435645741;0,10039787260008;-0,18824719727918;0,108021133181721;-0,597664377363448;0,550063899114975;FALSE;100;"1";"Childhood"
"hs_mn_c_Log2";"hs_bmi_c_cat";0;-0,0145782729663943;-0,0145831852793234;0,0627776482778928;-0,137620202625187;0,108463656692398;-0,119281630097657;0,0987479218660444;-0,232220756372743;0,81636655710491;FALSE;100;"1";"Childhood"
"hs_mo_c_Log2";"hs_bmi_c_cat";0;-0,0501480249893119;-0,0550021619146974;0,0698059432677344;-0,186965159700917;0,0866691097222937;-0,191950579774066;0,0758159518870687;-0,71839191108662;0,472515672933873;FALSE;100;"1";"Childhood"
"hs_pb_c_Log2";"hs_bmi_c_cat";0;-0,122539317007233;-0,122229062492124;0,0690575239301855;-0,25788957677191;0,0128109427574432;-0,224309054918172;-0,00347535731285755;-1,77445280446365;0,0759882820993039;FALSE;100;"1";"Childhood"
"hs_hum_mt_hs_h_None";"hs_bmi_c_cat";0;0,152681761525558;0,155501413769098;0,0614043746958747;0,0323313986284413;0,273032124422675;0,0460138423272148;0,278658819066379;2,48649647979912;0,0129007845936679;TRUE;100;"1";"Childhood"
"hs_tm_mt_hs_h_None";"hs_bmi_c_cat";0;0,028883157360784;0,0294418729869771;0,0551527080261843;-0,0792141640203904;0,136980478741958;-0,0729922671988478;0,125892413958697;0,523694273490096;0,600491199231792;FALSE;100;"1";"Childhood"
"hs_uvdvf_mt_hs_h_None";"hs_bmi_c_cat";0;0,137495158302992;0,13141662389353;0,0607055353422296;0,0185144953699986;0,256475821235985;0,0129153693331459;0,245952546784213;2,26495257026988;0,023515590231736;TRUE;100;"1";"Childhood"
"hs_hum_dy_hs_h_None";"hs_bmi_c_cat";0;0,0357963772536678;0,0365683166198272;0,0778996205518706;-0,116884073437335;0,18847682794467;-0,115850252541096;0,201103466243396;0,459519276218198;0,645861312837555;FALSE;100;"1";"Childhood"
"hs_hum_wk_hs_h_None";"hs_bmi_c_cat";0;0,00804033713381638;0,00975398541057897;0,0771089498300887;-0,143090427418863;0,159171101686496;-0,135129263478496;0,156689828846096;0,104272424297484;0,916953160822593;FALSE;100;"1";"Childhood"
"hs_tm_dy_hs_h_None";"hs_bmi_c_cat";0;-0,0738281389616607;-0,0734312034475681;0,0611195657821607;-0,193620286645422;0,0459640087221009;-0,188394710789374;0,0551792905435503;-1,20792970330966;0,227074303065484;FALSE;100;"1";"Childhood"
"hs_tm_wk_hs_h_None";"hs_bmi_c_cat";0;0,0209476051062807;0,0195125456887664;0,0488089403171406;-0,0747161600388799;0,116611370251441;-0,082814935944863;0,110669668761846;0,429175576649926;0,667795455404149;FALSE;100;"1";"Childhood"
"hs_uvdvf_dy_hs_h_None";"hs_bmi_c_cat";0;-0,0786567754538992;-0,0756512213786686;0,052168672241637;-0,180905494168782;0,0235919432609836;-0,179866407887574;0,0138924684589668;-1,50773964669014;0,131621174183571;FALSE;100;"1";"Childhood"
"hs_uvdvf_wk_hs_h_None";"hs_bmi_c_cat";0;-0,090769067141349;-0,0872677056202783;0,0612325390793299;-0,210782638418777;0,029244504136079;-0,197630834437455;0,0149527667498974;-1,48236654083139;0,1382427917878;FALSE;100;"1";"Childhood"
"hs_ndvi100_h_None";"hs_bmi_c_cat";0;0,0207566418106613;0,0227871796887092;0,0693533778550284;-0,115173480991392;0,156686764612715;-0,104491948627669;0,156268267386373;0,299288116204659;0,764720221175233;FALSE;100;"1";"Childhood"
"hs_ndvi100_s_None";"hs_bmi_c_cat";0;-0,112327392301202;-0,109540297306695;0,076492736948728;-0,262250401799605;0,0375956171972015;-0,275542663029721;0,0299046368855077;-1,4684713448872;0,141976234366209;FALSE;100;"1";"Childhood"
"hs_dde_cadj_Log2";"hs_bmi_c_cat";0;-0,18943387039551;-0,182651618224791;0,0806461036008013;-0,347497328946566;-0,0313704118444534;-0,32888866097515;-0,0254596538074144;-2,3489525462161;0,0188263059738865;TRUE;100;"1";"Childhood"
"hs_ddt_cadj_Log2";"hs_bmi_c_cat";0;-0,0237641102765973;-0,030096429086706;0,0670088687080486;-0,155099079589146;0,107570859035951;-0,178331231389274;0,0885144135953763;-0,354641269652459;0,722858354457326;FALSE;100;"1";"Childhood"
"hs_hcb_cadj_Log2";"hs_bmi_c_cat";0;-0,201829374489293;-0,258846565710842;0,144140257090144;-0,48433908710832;0,0806803381297341;-0,569351463655013;-0,0868438218189646;-1,40022904470796;0,161444740896579;FALSE;100;"1";"Childhood"
"hs_pcb118_cadj_Log2";"hs_bmi_c_cat";0;0,0522820563806727;0,0444465672532738;0,072680678416691;-0,0901694556879792;0,194733568449325;-0,0961306911532711;0,188872434891413;0,719339135511788;0,471931988280727;FALSE;100;"1";"Childhood"
"hs_pcb138_cadj_Log2";"hs_bmi_c_cat";0;0,127553892988481;0,10740469380647;0,0770960254360264;-0,0235515402173145;0,278659326194277;-0,0681669727637433;0,222238750047683;1,65448078895227;0,098029863509512;FALSE;100;"1";"Childhood"
"hs_pcb153_cadj_Log2";"hs_bmi_c_cat";0;-0,214172185689755;-0,207387116259536;0,0582780776636613;-0,328395118998759;-0,0999492523807509;-0,306371424352411;-0,0824098748018039;-3,67500429451022;0,000237845413906702;TRUE;100;"1";"Childhood"
"hs_pcb170_cadj_Log2";"hs_bmi_c_cat";0;-0,308703300304413;-0,312346375591757;0,0747292050558477;-0,455169850807183;-0,162236749801643;-0,463012985604475;-0,184940611596878;-4,13095924242347;3,61252633889348e-05;TRUE;100;"1";"Childhood"
"hs_pcb180_cadj_Log2";"hs_bmi_c_cat";0;-0,033682784358698;-0,0477166603435987;0,0879592298590723;-0,20607970699036;0,138714138272964;-0,238898953384874;0,116347356532202;-0,382936326439696;0,701766975966298;FALSE;100;"1";"Childhood"
"hs_sumPCBs5_cadj_Log2";"hs_bmi_c_cat";0;-0,287880097795435;-0,274252069467217;0,0569848991317557;-0,399568447756324;-0,176191747834546;-0,391251927514958;-0,171420113020422;-5,05186640990313;4,37513669146375e-07;TRUE;100;"1";"Childhood"
"hs_pfhxs_c_Log2";"hs_bmi_c_cat";0;-0,0162195167831032;-0,01641218845042;0,0773757289501438;-0,167873158802918;0,135434125236712;-0,15468611059143;0,159340734968592;-0,209620212994104;0,833964102437251;FALSE;100;"1";"Childhood"
"hs_pfna_c_Log2";"hs_bmi_c_cat";0;0,00159319780554896;-0,00117215871969812;0,0825266323471413;-0,160156029360226;0,163342424971324;-0,151587744598869;0,178029587478079;0,0193052565000751;0,984597590630369;FALSE;100;"1";"Childhood"
"hs_pfoa_c_Log2";"hs_bmi_c_cat";0;-0,0186781686598456;-0,0178967348842182;0,0632663076885635;-0,142677853164259;0,105321515844568;-0,141436768909192;0,11429149451878;-0,295230895278279;0,76781750224867;FALSE;100;"1";"Childhood"
"hs_pfos_c_Log2";"hs_bmi_c_cat";0;-0,0275982059978905;-0,0191503455967778;0,084314480788307;-0,192851551718166;0,137655139722385;-0,17203197991348;0,15094576430732;-0,327324627274677;0,743422367590048;FALSE;100;"1";"Childhood"
"hs_pfunda_c_Log2";"hs_bmi_c_cat";0;-0,00738179843968481;-0,00929036990631431;0,0699111761115828;-0,144405185735224;0,129641588855854;-0,157912632070576;0,119368481082163;-0,105588245689115;0,915909051194755;FALSE;100;"1";"Childhood"
"hs_hm_pers_None";"hs_bmi_c_cat";0;0,0212841145147996;0,0216018657575734;0,0710368521287641;-0,117945557232675;0,160513786262275;-0,102850998956767;0,132851370514261;0,299620744402063;0,764466459000833;FALSE;100;"1";"Childhood"
"hs_trafload_h_pow1over3";"hs_bmi_c_cat";0;-0,0518629040095383;-0,0471616081597463;0,0698669104755128;-0,188799532252628;0,085073724233551;-0,171942094034297;0,0909898560029636;-0,742309967000979;0,457899554387626;FALSE;100;"1";"Childhood"
"hs_trafnear_h_pow1over3";"hs_bmi_c_cat";0;0,0840530802565718;0,0844381418302119;0,0680035360634003;-0,0492314012490635;0,217337561762207;-0,0361411479199655;0,204257165874357;1,23601043596039;0,216454684533008;FALSE;100;"1";"Childhood"
"FAS_cat_None_Low";"hs_bmi_c_cat";0;-0,430877682353326;-0,453013133893456;0,242278311789678;-0,90573444769626;0,0439790829896081;-0,886604186034774;-0,0223591399744451;-1,77844099692824;0,0753314544387251;FALSE;100;"1";"Childhood"
"FAS_cat_None_Middle";"hs_bmi_c_cat";0;-0,175138339578303;-0,179235176741305;0,136426679574602;-0,442529718074909;0,0922530389183028;-0,438665244390755;0,0489451242438741;-1,28375432228073;0,199227930627045;FALSE;100;"1";"Childhood"
"hs_globalexp2_None_no exposure";"hs_bmi_c_cat";0;-0,0940024176342105;-0,0936766609603716;0,127601004853282;-0,344095791537764;0,156090956269343;-0,368468489647314;0,159960629368651;-0,736690261509273;0,461310730389778;FALSE;100;"1";"Childhood"
