"exposure";"outcome";"lambda";"beta_unpenalized";"bootstrap_mean";"bootstrap_standard_error";"ci95_lower";"ci95_upper";"bootstrap_q025";"bootstrap_q975";"z_value";"p_value";"significant";"n_valid_bootstrap";"omitted_cohort";"scenario"
"h_abs_ratio_preg_Log";"e3_bw";0;0,0850584488834011;0,0779097715515513;0,0500789551514956;-0,0130944995969269;0,183211397363729;-0,0174981416970968;0,167520047012556;1,6984868918708;0,0894159046218943;FALSE;100;"5";"Combined"
"h_no2_ratio_preg_Log";"e3_bw";0;0,00458521330758976;-0,000755350591113299;0,0499910219503756;-0,0933953892654976;0,102565815880677;-0,105345159487882;0,079327232546659;0,0917207356181147;0,926919922194195;FALSE;100;"5";"Combined"
"h_pm25_ratio_preg_None";"e3_bw";0;0,0308040452167053;0,015394025331196;0,0323404298616802;-0,0325820325567315;0,0941901229901421;-0,0582132696275936;0,07464076468259;0,952493375890613;0,340846823783333;FALSE;100;"5";"Combined"
"h_accesslines300_preg_dic0";"e3_bw";0;-0,0197668489530133;-0,00218650285781993;0,0981608082931175;-0,212158497900864;0,172624799994838;-0,170834017651592;0,23758270064767;-0,201372108652443;0,84040762255904;FALSE;100;"5";"Combined"
"h_accesspoints300_preg_Log";"e3_bw";0;0,044209940306937;0,0527449544773765;0,0417911607334914;-0,0376992296028308;0,126119110216705;-0,0228974837776834;0,130152458463255;1,05787777920002;0,290111166938848;FALSE;100;"5";"Combined"
"h_builtdens300_preg_Sqrt";"e3_bw";0;0,0191798132885665;0,0161682577121182;0,0340273725024833;-0,0475126113048293;0,0858722378819622;-0,0535719494436937;0,0717721034715873;0,563658369072333;0,572986654867947;FALSE;100;"5";"Combined"
"h_connind300_preg_Sqrt";"e3_bw";0;0,014211382393114;0,016139958667841;0,0318842173278408;-0,0482805352447019;0,0767033000309299;-0,0408251678114192;0,0763232445962179;0,445718401897381;0,655800670301915;FALSE;100;"5";"Combined"
"h_fdensity300_preg_Log";"e3_bw";0;-0,0196727480019336;-0,0305821878014665;0,0488840310875664;-0,1154836883527;0,076138192348833;-0,123356288372262;0,0643529102000152;-0,402437106029443;0,687362366446049;FALSE;100;"5";"Combined"
"h_frichness300_preg_None";"e3_bw";0;0,0662269946947049;0,0691583339704004;0,0408593738848527;-0,0138559065504627;0,146309895939873;-0,00629001392442989;0,138714383590578;1,62085192204221;0,105049399949446;FALSE;100;"5";"Combined"
"h_landuseshan300_preg_None";"e3_bw";0;0,0371814953258519;0,0524945075048996;0,0326633984237726;-0,0268375891974247;0,101200579849129;-0,00280539713866541;0,106112039025659;1,13832292780628;0,254985663532047;FALSE;100;"5";"Combined"
"h_popdens_preg_Sqrt";"e3_bw";0;-0,0260965015205617;-0,0211749327542826;0,0284918946105674;-0,0819395888085847;0,0297465857674613;-0,0758820469313333;0,0325785691632523;-0,915927209378442;0,359705074496903;FALSE;100;"5";"Combined"
"h_walkability_mean_preg_None";"e3_bw";0;-0,0427505839220778;-0,0552174810505849;0,0353872396616758;-0,11210829917125;0,026607131327094;-0,124800457334394;0,0123000976702793;-1,20807907965697;0,227016845867649;FALSE;100;"5";"Combined"
"hs_as_m_Log2";"e3_bw";0;0,00355917047966283;0,00595087032718453;0,0237922743317593;-0,0430728303208821;0,0501911712802078;-0,0414962554654129;0,0531472735880721;0,149593537382504;0,88108530722956;FALSE;100;"5";"Combined"
"hs_cd_m_Log2";"e3_bw";0;0,0155482886803088;0,0138554001648586;0,029778555110563;-0,0428166068480358;0,0739131842086534;-0,0410764161899668;0,0775043665107943;0,52213039291465;0,601579546415283;FALSE;100;"5";"Combined"
"hs_co_m_Log2";"e3_bw";0;0,00673942843049709;0,00235260034878655;0,0271747245155191;-0,0465220529097181;0,0600009097707123;-0,0412636493271218;0,0607695474340129;0,24800356031754;0,804131652109595;FALSE;100;"5";"Combined"
"hs_cu_m_Log2";"e3_bw";0;0,0278448471929765;0,0118207435298735;0,0248476307971128;-0,0208556142705129;0,0765453086564659;-0,0303611052668384;0,0581165947462364;1,12062383010826;0,262448017052374;FALSE;100;"5";"Combined"
"hs_mn_m_Log2";"e3_bw";0;0,0239910856245314;0,0170825666336337;0,0238485877699337;-0,0227512874866811;0,0707334587357439;-0,023470756827077;0,0648813269941806;1,00597510661731;0,314427544871421;FALSE;100;"5";"Combined"
"hs_mo_m_Log2";"e3_bw";0;0,0143607567831941;0,00855487076056939;0,0252922599077261;-0,0352111617235754;0,0639326752899635;-0,0356505849538675;0,0560754641819872;0,567792551380799;0,570175838186697;FALSE;100;"5";"Combined"
"h_humidity_preg_None";"e3_bw";0;-0,102134204857911;-0,0923739725772736;0,055964511537817;-0,211822631884409;0,00755422216858648;-0,184982724117212;0,0199532965687608;-1,82498161873343;0,0680038032137719;FALSE;100;"5";"Combined"
"h_ndvi100_preg_None";"e3_bw";0;0,0224573927997547;0,0307406232770429;0,0452496389542848;-0,0662302698640841;0,111145055463593;-0,0608573843527431;0,114278737698712;0,496299933408158;0,619682813267208;FALSE;100;"5";"Combined"
"hs_dde_madj_Log2";"e3_bw";0;-0,0623048293324165;-0,067366667938794;0,0320905640882182;-0,125201179188899;0,000591520524065636;-0,128026845989971;-0,00773485487747629;-1,94153113548076;0,0521938866330595;FALSE;100;"5";"Combined"
"hs_hcb_madj_Log2";"e3_bw";0;0,0302236154832772;0,0222921461665153;0,0318521991283911;-0,0322055476367673;0,0926527786033218;-0,051239859135146;0,078246163495629;0,948870605808119;0,342686426107793;FALSE;100;"5";"Combined"
"hs_pcb118_madj_Log2";"e3_bw";0;-0,0649530303815159;-0,0396965247445956;0,0405849106779378;-0,144497993626049;0,0145919328630173;-0,126124866689661;0,0566876491565204;-1,60042314487154;0,109504744006944;FALSE;100;"5";"Combined"
"hs_pcb138_madj_Log2";"e3_bw";0;0,028874148612384;0,00562127230969456;0,0389324476265866;-0,0474320465657177;0,105180343790486;-0,0834091550628258;0,0698146505620908;0,741647401399599;0,458300995971921;FALSE;100;"5";"Combined"
"hs_pcb170_madj_Log2";"e3_bw";0;0,046867250575457;0,0485269658321783;0,0447495113189617;-0,0408401799354754;0,13457468108639;-0,0443738662945324;0,128660299269473;1,04732429906107;0,294950032722836;FALSE;100;"5";"Combined"
"hs_pcb180_madj_Log2";"e3_bw";0;0,016461798067304;0,0125055138813972;0,0500954900757217;-0,0817235582689942;0,114647154403602;-0,093675493427842;0,0851464682429054;0,328608384555601;0,742451709772176;FALSE;100;"5";"Combined"
"hs_pfhxs_m_Log2";"e3_bw";0;0,0080078860497105;0,0111662764061062;0,0285152881435914;-0,0478810517205106;0,0638968238199316;-0,0370954845485829;0,0616404678822127;0,280827814517814;0,778842468845131;FALSE;100;"5";"Combined"
"hs_pfna_m_Log2";"e3_bw";0;0,0145063683599919;-0,0150604833645199;0,0385874335723755;-0,0611236116976958;0,0901363484176797;-0,0873770169465428;0,0447837466371388;0,37593503939005;0,706965190338444;FALSE;100;"5";"Combined"
"e3_asmokcigd_p_None";"e3_bw";0;-0,0404984321439555;-0,0442233024106545;0,0256466623881426;-0,090764966748373;0,00976810246046193;-0,0966916816154809;0,00621249366971663;-1,57909171692764;0,114315021314912;FALSE;100;"5";"Combined"
"h_trafload_preg_pow1over3";"e3_bw";0;-0,00984581765066934;-0,0104626621502023;0,0225868662571313;-0,0541152620382697;0,034423626736931;-0,0538823049323465;0,0370002416891197;-0,435908971992109;0,662902775323605;FALSE;100;"5";"Combined"
"h_trafnear_preg_pow1over3";"e3_bw";0;-0,027928043588877;-0,0232693384765752;0,0348747936339554;-0,0962813830796963;0,0404252959019423;-0,0934397020954361;0,0406497494527107;-0,800808855874784;0,423242311380572;FALSE;100;"5";"Combined"
"h_clf_preg_Log";"e3_bw";0;-0,0465881175214055;-0,0498585194093912;0,0324877295748726;-0,110262897427633;0,0170866623848215;-0,115353734909009;0,00834942192626217;-1,43402195632159;0,151565997277483;FALSE;100;"5";"Combined"
"h_thm_preg_Log";"e3_bw";0;0,00709086688998895;0,00659125267964076;0,0385305259091406;-0,0684275761973139;0,0826093099772918;-0,0562287543759132;0,097800742869638;0,184032444994653;0,853988002170744;FALSE;100;"5";"Combined"
"e3_alcpreg_yn_None_1";"e3_bw";0;0,0465146714336256;0,0266481816922423;0,0513594234542075;-0,0541479488033629;0,147177291670614;-0,0773562107976845;0,115743442732133;0,905669657197348;0,365110727397679;FALSE;100;"5";"Combined"
"h_pamod_t3_None_Often";"e3_bw";0;0,101610993426795;0,0929840957749919;0,0894710848344466;-0,0737491105064486;0,276971097360038;-0,0723745879659576;0,291741766678183;1,13568527323449;0,256088306143132;FALSE;100;"5";"Combined"
"h_pamod_t3_None_Sometimes";"e3_bw";0;0,0412900103732758;0,0250179713713812;0,0978245822995945;-0,150442647736604;0,233022668483155;-0,161321796851152;0,231444641764536;0,422082153612701;0,672965053703776;FALSE;100;"5";"Combined"
"h_pamod_t3_None_Very Often";"e3_bw";0;0,0523049515272798;0,0388191989336605;0,0888251322268994;-0,121789108559451;0,226399011614011;-0,118634102222189;0,23945052188422;0,588853066873791;0,55595984380789;FALSE;100;"5";"Combined"
"h_pavig_t3_None_Low";"e3_bw";0;-0,173783075497965;-0,187251585149836;0,0852118429554317;-0,340795218746895;-0,00677093224903624;-0,360449254860092;-0,0169144587969268;-2,0394239752432;0,0414077316177691;TRUE;100;"5";"Combined"
"h_pavig_t3_None_Medium";"e3_bw";0;-0,199681786485221;-0,201703069679842;0,0910344205636446;-0,378105972143437;-0,0212576008270055;-0,364002268725819;0,00229557023464442;-2,19347566831184;0,0282731257756088;TRUE;100;"5";"Combined"
"hs_no2_dy_hs_h_Log";"e3_bw";0;0,00378069813106213;0,0316165895199836;0,0573109758556419;-0,108546750464841;0,116108146726965;-0,054424513566971;0,153443186257247;0,0659681339327595;0,94740319560954;FALSE;100;"5";"Combined"
"hs_pm10_dy_hs_h_None";"e3_bw";0;0,0217228854762014;0,0218285494552867;0,0360551122318128;-0,0489438359567013;0,092389606909104;-0,0373553689160989;0,0982013329167862;0,602491134586856;0,54684726267597;FALSE;100;"5";"Combined"
"hs_pm10_wk_hs_h_None";"e3_bw";0;0,0149158164017918;0,00287464220199411;0,0353741364853884;-0,0544162170937738;0,0842478498973575;-0,06557698589369;0,0745851477348939;0,421658813013087;0,673274071337999;FALSE;100;"5";"Combined"
"hs_pm25_dy_hs_h_None";"e3_bw";0;-0,0409304997013354;-0,0369733705998662;0,0371487614930308;-0,113740734297944;0,0318797348952734;-0,11155888694152;0,0194090786732373;-1,10179984624828;0,270548697248978;FALSE;100;"5";"Combined"
"hs_pm25_yr_hs_h_None";"e3_bw";0;0,0216270121600054;0,0122380658265914;0,0440065108139748;-0,0646241641206576;0,107878188440668;-0,0758071777822731;0,0958832905511898;0,491450282241815;0,623108008160514;FALSE;100;"5";"Combined"
"hs_pm25abs_dy_hs_h_Log";"e3_bw";0;0,0454193780353358;0,0361608485032473;0,0297118977978827;-0,0128148715608491;0,103653627631521;-0,021713391200409;0,090624912626499;1,52865960782123;0,126348850619937;FALSE;100;"5";"Combined"
"hs_pm25abs_yr_hs_h_Log";"e3_bw";0;-0,0327125737080035;-0,044205912633019;0,03777768510349;-0,106755475930139;0,0413303285141321;-0,124036968238683;0,0204903755084521;-0,865923192974614;0,386532283360716;FALSE;100;"5";"Combined"
"hs_accesslines300_h_dic0";"e3_bw";0;0,0547526592150616;0,0501065875975533;0,132479564281871;-0,204902515464965;0,314407833895088;-0,212105965274927;0,310572388119952;0,413291359402169;0,67939315969931;FALSE;100;"5";"Combined"
"hs_accesspoints300_h_Log";"e3_bw";0;-0,0832410398509517;-0,087182223210812;0,0454657753852626;-0,172352322135254;0,00587024243335069;-0,172732788368875;-0,012172353860942;-1,83085054957478;0,0671228529598105;FALSE;100;"5";"Combined"
"hs_connind300_h_Log";"e3_bw";0;-0,0284086648167886;-0,0171005299897772;0,0397503362229026;-0,106317892187035;0,0495005625534584;-0,0770559202464081;0,078658428604054;-0,714677346563439;0,474808438777029;FALSE;100;"5";"Combined"
"hs_fdensity300_h_Log";"e3_bw";0;0,0582531668858522;0,0603446487619147;0,0437260871380757;-0,0274483890896363;0,143954722861341;-0,00949756470046753;0,149207173980214;1,33222912678886;0,182784908135126;FALSE;100;"5";"Combined"
"hs_landuseshan300_h_None";"e3_bw";0;0,0133558922272422;-0,00214695292490239;0,0320348697843952;-0,0494312987996028;0,0761430832540873;-0,060888504670284;0,0539686133713626;0,416917325312436;0,676738880586494;FALSE;100;"5";"Combined"
"hs_walkability_mean_h_None";"e3_bw";0;0,0327642180519399;0,0357830495024077;0,034573259413023;-0,0349981252257457;0,100526561329625;-0,0246119892540186;0,108976867000834;0,94767512835652;0,34329486644082;FALSE;100;"5";"Combined"
"hs_accesslines300_s_dic0";"e3_bw";0;-0,104570998364827;-0,10253304472587;0,102485882945909;-0,305439637862596;0,096297641132942;-0,312127305205517;0,05928675529053;-1,02034539156987;0,307564682845501;FALSE;100;"5";"Combined"
"hs_accesspoints300_s_Log";"e3_bw";0;-0,0464484361854291;-0,0415423149068832;0,032814499756568;-0,110763673879001;0,0178668015081425;-0,090796175112938;0,0219143834618327;-1,41548512182125;0,156926307633737;FALSE;100;"5";"Combined"
"hs_builtdens300_s_Sqrt";"e3_bw";0;-0,019014625483878;-0,00384527920130907;0,0281802399098816;-0,0742468807829443;0,0362176298151882;-0,0566784501861466;0,0567566143759721;-0,674750305344646;0,499834417907933;FALSE;100;"5";"Combined"
"hs_connind300_s_Log";"e3_bw";0;-0,029513879021417;-0,0297467870074654;0,0309587056219783;-0,0901918270484721;0,0311640690056381;-0,0963691721487488;0,0248869363908389;-0,953330522981052;0,340422631079005;FALSE;100;"5";"Combined"
"hs_landuseshan300_s_None";"e3_bw";0;-0,0157943550694295;-0,00708945509720028;0,0241264787303612;-0,0630813844547091;0,0314926743158501;-0,0505803826381857;0,0321568009458789;-0,654648166686404;0,512694304785489;FALSE;100;"5";"Combined"
"h_Absorbance_Log";"e3_bw";0;0,0413628600724279;0,0333353077814511;0,0348349505015508;-0,0269123883138471;0,109638108458703;-0,0308512071398509;0,0909372918893593;1,1873954025164;0,235071692605341;FALSE;100;"5";"Combined"
"h_Benzene_Log";"e3_bw";0;-0,101336809926647;-0,0892304116212578;0,0346100130010809;-0,169171188913228;-0,0335024309400649;-0,148889427350186;-0,0239349785495852;-2,92796220340864;0,00341191518959002;TRUE;100;"5";"Combined"
"h_NO2_Log";"e3_bw";0;0,0694412464917537;0,0822897311888413;0,0368217278673195;-0,00272801397672749;0,141610506960235;0,00623660923762516;0,141593692366839;1,88587691327177;0,0593115432622125;FALSE;100;"5";"Combined"
"h_PM_Log";"e3_bw";0;-0,0544348320265315;-0,0409568194622191;0,0267493275845241;-0,106862550702863;-0,00200711335020051;-0,0940634379821226;0,0125430216217891;-2,03499814544964;0,0418510595857112;TRUE;100;"5";"Combined"
"h_TEX_Log";"e3_bw";0;0,0242071138268404;0,0203478280697996;0,024115748802319;-0,0230588852859198;0,0714731129396007;-0,0189701282001977;0,0750628460781009;1,00378860408898;0,315480518433818;FALSE;100;"5";"Combined"
"hs_KIDMED_None";"e3_bw";0;0,062352050647695;0,0483884273014448;0,0315352314816785;0,000544132699471421;0,124159968595919;-0,0199328322613407;0,102606210622907;1,97721873974258;0,0480169102467468;TRUE;100;"5";"Combined"
"hs_mvpa_prd_alt_None";"e3_bw";0;-0,00476359183228985;-0,00181960116923665;0,0319022570288093;-0,0672908666342959;0,0577636829697162;-0,0554699975174427;0,0644678654635986;-0,149318332805986;0,881302449951408;FALSE;100;"5";"Combined"
"hs_sd_wk_None";"e3_bw";0;-0,0238691642543954;-0,0099544527835828;0,0229533085921145;-0,0688568224209735;0,0211184939121827;-0,0496731832550208;0,0384383741268638;-1,03990081249531;0,298385984959255;FALSE;100;"5";"Combined"
"hs_dif_hours_total_None";"e3_bw";0;-0,0249074160264378;-0,0457477291215902;0,029315803081815;-0,0823653342446636;0,032550502191788;-0,0983574585465187;0,00504240978068642;-0,849624209745362;0,395534047634382;FALSE;100;"5";"Combined"
"hs_as_c_Log2";"e3_bw";0;0,0477870448999169;0,0457700627260692;0,0292296076932602;-0,00950193346110791;0,105076023260942;-0,00971493261225238;0,106951516509493;1,63488492221316;0,102073173825921;FALSE;100;"5";"Combined"
"hs_co_c_Log2";"e3_bw";0;0,0155808966558907;0,00458892949443759;0,0220977087365151;-0,0277298166085349;0,0588916099203164;-0,0430332645554461;0,0386313398169194;0,705091050012089;0,48075357590841;FALSE;100;"5";"Combined"
"hs_cs_c_Log2";"e3_bw";0;0,00800191902884887;0,0112171437100727;0,0304513431889259;-0,0516816169023149;0,0676854549600127;-0,0541913084506287;0,0621292333285452;0,26277721081804;0,792722301543848;FALSE;100;"5";"Combined"
"hs_cu_c_Log2";"e3_bw";0;-0,0225070174568649;-0,0220816720366187;0,0271882108070409;-0,0757949314427478;0,030780896529018;-0,0830177330586859;0,0265690910645712;-0,827822677137559;0,407770930019304;FALSE;100;"5";"Combined"
"hs_hg_c_Log2";"e3_bw";0;-0,0534930281695972;-0,0612309564389379;0,0297489272384607;-0,111799854135683;0,00481379779648834;-0,116165329122985;-0,000294334736070069;-1,79814982035517;0,0721532690178412;FALSE;100;"5";"Combined"
"hs_mn_c_Log2";"e3_bw";0;-0,0397553069912358;-0,0372101441844648;0,0219353816921818;-0,0827478650950515;0,00323725111257986;-0,0805796100329336;0,0057563298699658;-1,81238273165793;0,0699270791805962;FALSE;100;"5";"Combined"
"hs_mo_c_Log2";"e3_bw";0;-0,0497268165433204;-0,0528851973379756;0,0282211133082523;-0,105039182231119;0,00558554914447809;-0,111148065026258;-0,00123349591825969;-1,76204304912307;0,0780620243231575;FALSE;100;"5";"Combined"
"hs_pb_c_Log2";"e3_bw";0;-0,0137940520982082;-0,00182750076302065;0,0258321902032613;-0,0644242145383888;0,0368361103419724;-0,0487612060220183;0,047062207502842;-0,533986936054175;0,593350572542741;FALSE;100;"5";"Combined"
"hs_hum_mt_hs_h_None";"e3_bw";0;0,0486442276015773;0,0511492432787794;0,0398292781360516;-0,0294197230753124;0,126708178278467;-0,0242556206046358;0,123859390908887;1,22131833359909;0,221965514497833;FALSE;100;"5";"Combined"
"hs_hum_dy_hs_h_None";"e3_bw";0;-0,00261105955872249;-0,0162561216402477;0,0283606914578076;-0,0581969933926781;0,0529748742752331;-0,077553700819795;0,0353332520755565;-0,0920661459403056;0,926645485807892;FALSE;100;"5";"Combined"
"hs_hum_wk_hs_h_None";"e3_bw";0;0,00144164834390455;-0,00422858562571706;0,0375670162768965;-0,0721883505654427;0,0750716472532518;-0,0706528875374006;0,0745706023313864;0,0383753751769514;0,969388394278243;FALSE;100;"5";"Combined"
"hs_tm_dy_hs_h_None";"e3_bw";0;0,010917840292663;0,00975120967284761;0,0299220285829618;-0,0477282580743202;0,0695639386596461;-0,0557048854512733;0,0718805648591429;0,364876340599441;0,715203715992332;FALSE;100;"5";"Combined"
"hs_ndvi100_h_None";"e3_bw";0;0,0232416315202967;0,015762752328326;0,032269093419965;-0,0400046293965931;0,0864878924371864;-0,0559918434881469;0,0810593251756028;0,720244328460651;0,471374575141943;FALSE;100;"5";"Combined"
"hs_ndvi100_s_None";"e3_bw";0;-0,00947491517883337;-0,00270022984838019;0,0385124018442256;-0,0849578357516494;0,0660080053939827;-0,0634715689303513;0,0844395261384259;-0,2460224427746;0,805664859513311;FALSE;100;"5";"Combined"
"hs_dde_cadj_Log2";"e3_bw";0;0,023006478253027;0,0312572643352034;0,034750917430092;-0,0451040683396784;0,0911170248457325;-0,0376553383605728;0,0986392606086582;0,662039449729893;0,507945939485198;FALSE;100;"5";"Combined"
"hs_ddt_cadj_Log2";"e3_bw";0;0,0106199589516203;0,00271407393128559;0,0225594395737395;-0,0335957301243167;0,0548356480275573;-0,037812616849147;0,0492113474804766;0,470754555622141;0,637816020442149;FALSE;100;"5";"Combined"
"hs_hcb_cadj_Log2";"e3_bw";0;-0,0304486126967175;-0,0297317838216316;0,0411136154613665;-0,111029818275225;0,05013259288179;-0,10419083658711;0,0581810385750544;-0,740596815800093;0,458937939270379;FALSE;100;"5";"Combined"
"hs_pcb118_cadj_Log2";"e3_bw";0;-0,0189755695842987;-0,00966016545740424;0,039220338318758;-0,0958460201505407;0,0578948809819432;-0,0923787615087907;0,057536835277219;-0,483819630266249;0,628513882286571;FALSE;100;"5";"Combined"
"hs_pcb153_cadj_Log2";"e3_bw";0;-0,0519687151587605;-0,0466575126022873;0,0471725432068146;-0,144425200903277;0,0404877705857556;-0,135611517725786;0,0469972504881206;-1,10167295689186;0,270603877912624;FALSE;100;"5";"Combined"
"hs_pcb170_cadj_Log2";"e3_bw";0;-0,0173184821653363;-0,0283599944576518;0,0296798643056954;-0,0754899472705351;0,0408529829398625;-0,0804949331660562;0,026182884382095;-0,583509479253683;0,559550377636889;FALSE;100;"5";"Combined"
"hs_pcb180_cadj_Log2";"e3_bw";0;0,0502034768801841;0,0346634368758394;0,0343408920340189;-0,0171034347034714;0,117510388463839;-0,0394593564381105;0,102374543568057;1,46191534076783;0,14376441057809;FALSE;100;"5";"Combined"
"hs_sumPCBs5_cadj_Log2";"e3_bw";0;0,0658602328589475;0,0668833171934557;0,0528872246545742;-0,0377968227062967;0,169517288424192;-0,0429692979578186;0,172396380934725;1,24529568887581;0,213023079788448;FALSE;100;"5";"Combined"
"hs_pfhxs_c_Log2";"e3_bw";0;0,0309210390956288;0,0299494052525379;0,0317498394880925;-0,0313075028159601;0,0931495810072177;-0,0375627894551116;0,082085804900968;0,97389591866206;0,330108220421061;FALSE;100;"5";"Combined"
"hs_pfoa_c_Log2";"e3_bw";0;0,0311614195449694;0,0283853857791073;0,0272402966224573;-0,0222285807632349;0,0845514198531738;-0,017547193110775;0,0805216130956428;1,14394567639471;0,252646166612209;FALSE;100;"5";"Combined"
"hs_pfos_c_Log2";"e3_bw";0;-0,00547993180180951;-0,0184829745326343;0,0337141067639836;-0,0715583668301557;0,0605985032265366;-0,0799668177771069;0,0422622685485509;-0,162541212797714;0,870879676635124;FALSE;100;"5";"Combined"
"hs_pfunda_c_Log2";"e3_bw";0;0,00303229045669308;0,00470269220854219;0,0234376942224775;-0,0429047461000254;0,0489693270134115;-0,0372002390562885;0,0480460622710263;0,129376654030455;0,897059619796995;FALSE;100;"5";"Combined"
"hs_hm_pers_None";"e3_bw";0;-0,0103308901012366;-0,00913194057185303;0,0237721616739673;-0,0569234708168759;0,0362616906144026;-0,0487494058810604;0,0457162507331563;-0,434579330349664;0,663867800890539;FALSE;100;"5";"Combined"
"hs_trafload_h_pow1over3";"e3_bw";0;-0,0222984441762479;-0,0239544044197439;0,0255189034470752;-0,0723145758574704;0,0277176875049746;-0,0700371149593795;0,0277270143531328;-0,873801032340344;0,382226618157464;FALSE;100;"5";"Combined"
"FAS_cat_None_Low";"e3_bw";0;-0,153739691876797;-0,163114144118368;0,0727438337733039;-0,296314986169841;-0,0111643975837525;-0,327308501667726;-0,0256677243873723;-2,11343950273373;0,0345631678922355;TRUE;100;"5";"Combined"
"FAS_cat_None_Middle";"e3_bw";0;-0,0236527179796959;-0,0384881406435226;0,0532961990411193;-0,128111348613168;0,0808059126537761;-0,165109252289305;0,033211296916385;-0,443797464082706;0,657189022016238;FALSE;100;"5";"Combined"
"hs_globalexp2_None_no exposure";"e3_bw";0;-0,0687758302283508;-0,0745835168903116;0,0496508775986494;-0,16608976212251;0,0285381016658086;-0,17354603323846;0,0133321308684728;-1,38518861205832;0,165994801936425;FALSE;100;"5";"Combined"
"h_abs_ratio_preg_Log";"hs_asthma";0;-0,0254936598770401;-0,0274881565706176;0,0753088889700998;-0,173096369974161;0,122109050220081;-0,17128687913024;0,106165355051149;-0,338521258588239;0,734970409701449;FALSE;100;"5";"Combined"
"h_no2_ratio_preg_Log";"hs_asthma";0;0,00813653228237102;0,0109057145197518;0,0766841366134172;-0,142161613665476;0,158434678230218;-0,129952648714375;0,142569383292945;0,106104504030465;0,915499437621682;FALSE;100;"5";"Combined"
"h_pm25_ratio_preg_None";"hs_asthma";0;-0,0697662605154867;-0,0646212420935734;0,0698539825028221;-0,206677550397709;0,0671450293667358;-0,197731146110061;0,0623478354617853;-0,998744209217679;0,31791861866407;FALSE;100;"5";"Combined"
"h_accesslines300_preg_dic0";"hs_asthma";0;-0,295369787651443;-0,279902936221011;0,193021890986698;-0,673685742213187;0,0829461669103012;-0,61941068945454;0,131906350396255;-1,53023984037022;0,125957373193139;FALSE;100;"5";"Combined"
"h_accesspoints300_preg_Log";"hs_asthma";0;0,031415782205454;0,0259470700546223;0,0580460095641313;-0,0823523059865108;0,145183870397419;-0,0730693943376125;0,139273444405;0,541222082988233;0,58835451824254;FALSE;100;"5";"Combined"
"h_builtdens300_preg_Sqrt";"hs_asthma";0;-0,0154970788237873;-0,0150989656351008;0,0684688519306748;-0,149693562670716;0,118699405023141;-0,152864980210083;0,11867305344193;-0,226337646781024;0,820938820108656;FALSE;100;"5";"Combined"
"h_connind300_preg_Sqrt";"hs_asthma";0;0,0699026928836606;0,064947706598308;0,0648256295471728;-0,0571532063039336;0,196958592071255;-0,0630933167487418;0,208541353077784;1,07831876638843;0,280891525015298;FALSE;100;"5";"Combined"
"h_fdensity300_preg_Log";"hs_asthma";0;-0,0580282709315884;-0,0538233884822665;0,0713736544957808;-0,197918063188324;0,0818615213251473;-0,179009051244981;0,062587457025567;-0,813020873619672;0,416206090580505;FALSE;100;"5";"Combined"
"h_frichness300_preg_None";"hs_asthma";0;0,0643033349383493;0,0614348652825309;0,0734451932080359;-0,0796465985869868;0,208253268463685;-0,0702599046025238;0,200205634770977;0,875528160926856;0,381286594472418;FALSE;100;"5";"Combined"
"h_landuseshan300_preg_None";"hs_asthma";0;-0,0665925325710638;-0,0639677195282942;0,0797343420605214;-0,222868971340683;0,0896839061985554;-0,190791715133271;0,102090529617772;-0,835180059810583;0,403616335051697;FALSE;100;"5";"Combined"
"h_popdens_preg_Sqrt";"hs_asthma";0;-0,192597907280318;-0,187260537216626;0,0698259467124928;-0,329454248023217;-0,0557415665374188;-0,342756794240419;-0,067429416052427;-2,75825701401997;0,00581104892430986;TRUE;100;"5";"Combined"
"h_walkability_mean_preg_None";"hs_asthma";0;0,144093844179428;0,139784140677928;0,0792041059236365;-0,0111433508585952;0,299331039217451;-0,0163733421793021;0,280767963438641;1,81927240386191;0,0688698813822717;FALSE;100;"5";"Combined"
"hs_as_m_Log2";"hs_asthma";0;0,00433659657710084;0,000705506787312974;0,0657248036271094;-0,124481651423001;0,133154844577203;-0,11030635052151;0,128219228186646;0,0659811264207738;0,94739285164031;FALSE;100;"5";"Combined"
"hs_cd_m_Log2";"hs_asthma";0;-0,288773222290284;-0,286420901731276;0,0688963879806845;-0,423807661397324;-0,153738783183245;-0,399778235486064;-0,148976744829472;-4,19141308788559;2,77222384878516e-05;TRUE;100;"5";"Combined"
"hs_co_m_Log2";"hs_asthma";0;0,0210786878558007;0,0224054256275757;0,0752610120841189;-0,126430185269106;0,168587560980707;-0,112603277343502;0,168397711170244;0,28007446713899;0,779420373357929;FALSE;100;"5";"Combined"
"hs_cu_m_Log2";"hs_asthma";0;0,0147277594755486;0,014573582574663;0,0745029056001305;-0,131295252244295;0,160750771195392;-0,126669055348986;0,145063964083629;0,197680336852833;0,843295175039128;FALSE;100;"5";"Combined"
"hs_mn_m_Log2";"hs_asthma";0;-0,00716436003689765;-0,00435778885979627;0,0764327153357498;-0,15696972933557;0,142641009261774;-0,147628286829919;0,150355780156105;-0,0937342079949196;0,925320295845199;FALSE;100;"5";"Combined"
"hs_mo_m_Log2";"hs_asthma";0;0,0534676101926306;0,0454612411045958;0,086167062458871;-0,11541672888037;0,222351949265631;-0,141858281398952;0,207644525806658;0,620511001151416;0,534921413474498;FALSE;100;"5";"Combined"
"h_humidity_preg_None";"hs_asthma";0;-0,114164861543333;-0,115729274364462;0,0733285569964857;-0,257886192294737;0,0295564692080716;-0,256737681287074;0,0238162186291589;-1,55689496997472;0,119495423896778;FALSE;100;"5";"Combined"
"h_ndvi100_preg_None";"hs_asthma";0;0,123672750105878;0,119195229880651;0,0745748592781821;-0,0224912882315015;0,269836788443258;-0,0128933679147538;0,288741912357353;1,6583705460918;0,0972426978247238;FALSE;100;"5";"Combined"
"hs_dde_madj_Log2";"hs_asthma";0;-0,0623743833289634;-0,0652809086038267;0,0694372692797356;-0,198468930302055;0,0737201636441278;-0,191669198399297;0,0779653221749614;-0,898283932763563;0,369034196198713;FALSE;100;"5";"Combined"
"hs_hcb_madj_Log2";"hs_asthma";0;0,125856886717779;0,12715010481896;0,0509171420247098;0,0260611221536365;0,225652651281921;0,029210534312507;0,228885264552066;2,47179793902613;0,0134435477397654;TRUE;100;"5";"Combined"
"hs_pcb118_madj_Log2";"hs_asthma";0;0,089818960178709;0,0863420574475486;0,0758099286983293;-0,0587657697405659;0,238403690097984;-0,0720576464151246;0,229504090948295;1,18479151373596;0,236099888727318;FALSE;100;"5";"Combined"
"hs_pcb138_madj_Log2";"hs_asthma";0;0,058188731015544;0,0589346271704118;0,0601794836785226;-0,0597608896025762;0,176138351633664;-0,0493934057722969;0,164662002876207;0,966919745047778;0,333584155126109;FALSE;100;"5";"Combined"
"hs_pcb170_madj_Log2";"hs_asthma";0;-0,104212248427787;-0,102262596026699;0,0564879920975174;-0,214926678497904;0,00650218164233063;-0,216940397976856;0,00503305732794928;-1,84485665994077;0,0650583926629853;FALSE;100;"5";"Combined"
"hs_pcb180_madj_Log2";"hs_asthma";0;0,0351292167106245;0,0379858748284618;0,0675159846401784;-0,0971996815648845;0,167458114986134;-0,088906229131826;0,15957717851538;0,520309625903305;0,602847787851194;FALSE;100;"5";"Combined"
"hs_pfhxs_m_Log2";"hs_asthma";0;-0,00853741421753826;-0,00787168819351314;0,0650757614385076;-0,136083562903534;0,119008734468457;-0,121752510651482;0,101154274905986;-0,131191921981667;0,895623486052854;FALSE;100;"5";"Combined"
"hs_pfna_m_Log2";"hs_asthma";0;0,156665151773447;0,162862952209485;0,0766906814634562;0,00635417815523975;0,306976125391655;0,0134138411998558;0,32306463013457;2,04281861608049;0,0410703970102104;TRUE;100;"5";"Combined"
"e3_asmokcigd_p_None";"hs_asthma";0;0,089867864492276;0,0871381149376949;0,0924589875586817;-0,0913484211697771;0,271084150154329;-0,0734674687350981;0,263023759788396;0,971975433272387;0,331062770363136;FALSE;100;"5";"Combined"
"h_trafload_preg_pow1over3";"hs_asthma";0;0,0146093255770871;0,0131099504875712;0,0628977568092891;-0,108668012477478;0,137886663631653;-0,0942608286831208;0,129917772220315;0,232271011212431;0,816327526486463;FALSE;100;"5";"Combined"
"h_trafnear_preg_pow1over3";"hs_asthma";0;-0,0214022883028732;-0,0246012399599369;0,0695121128000973;-0,15764352588035;0,114838949274603;-0,149733447214028;0,125966647595615;-0,307892933198877;0,758163803253499;FALSE;100;"5";"Combined"
"h_clf_preg_Log";"hs_asthma";0;-0,131640757564016;-0,129372789090788;0,0819802363429368;-0,292319068240254;0,0290375531122219;-0,287172946538211;0,0467859165816437;-1,6057621133628;0,108326187970722;FALSE;100;"5";"Combined"
"h_thm_preg_Log";"hs_asthma";0;0,0967843515641326;0,087714337462251;0,0723110380218056;-0,0449426786433128;0,238511381771578;-0,0887927273684606;0,203148430094574;1,33844505917543;0,180751398737316;FALSE;100;"5";"Combined"
"e3_alcpreg_yn_None_1";"hs_asthma";0;-0,245418069386744;-0,252723509416425;0,152237835827735;-0,543798744693425;0,052962605919937;-0,604321462498079;0,0289695299065043;-1,61207014046395;0,106946677513766;FALSE;100;"5";"Combined"
"h_pamod_t3_None_Often";"hs_asthma";0;-0,290195113227728;-0,289284947928494;0,136674281590299;-0,558071782757599;-0,022318443697857;-0,513337042043599;0,00462377665949203;-2,12326057141921;0,0337320227446041;TRUE;100;"5";"Combined"
"h_pamod_t3_None_Sometimes";"hs_asthma";0;-0,0413249448681282;-0,0528853379111526;0,189893998297322;-0,41351034241119;0,330860452674934;-0,372057762486557;0,3410499893746;-0,217621121460746;0,827724326335346;FALSE;100;"5";"Combined"
"h_pamod_t3_None_Very Often";"hs_asthma";0;-0,18876409693026;-0,190512372390691;0,121416956121674;-0,426736958041221;0,0492087641807016;-0,38668000362328;0,0224640158526799;-1,55467657038854;0,120023117366336;FALSE;100;"5";"Combined"
"h_pavig_t3_None_Low";"hs_asthma";0;-0,572948230924987;-0,576057320898889;0,165193881468919;-0,896722289070446;-0,249174172779528;-0,875141768438721;-0,244231522247303;-3,46833808752649;0,000523687993954772;TRUE;100;"5";"Combined"
"h_pavig_t3_None_Medium";"hs_asthma";0;-0,333733625993369;-0,319768873025735;0,165397252059477;-0,657906283171836;-0,00956096881490115;-0,622900636047752;-0,0175886048094893;-2,01777007681699;0,0436152126571386;TRUE;100;"5";"Combined"
"hs_no2_dy_hs_h_Log";"hs_asthma";0;-0,0937947996890557;-0,10157781474938;0,0678066459395805;-0,226693383643093;0,0391037842649812;-0,224490395431478;0,0320093446194911;-1,38326853348021;0,16658254260309;FALSE;100;"5";"Combined"
"hs_pm10_dy_hs_h_None";"hs_asthma";0;-0,0403567524757663;-0,0485715410081102;0,075539602625298;-0,188411653027818;0,107698148076285;-0,201013755186747;0,0877584290676294;-0,534246290332628;0,593171146453397;FALSE;100;"5";"Combined"
"hs_pm10_wk_hs_h_None";"hs_asthma";0;0,0105823223840779;0,0160240476319153;0,0676650491125511;-0,122038736888656;0,143203381656812;-0,0978837198226075;0,168992243157052;0,156392739277788;0,875723459973712;FALSE;100;"5";"Combined"
"hs_pm25_dy_hs_h_None";"hs_asthma";0;-0,0743985426821072;-0,0800230451826133;0,0680979093368668;-0,20786799240484;0,0590709070406256;-0,231666133962818;0,0466547573514778;-1,09252315389115;0,274603219063017;FALSE;100;"5";"Combined"
"hs_pm25_yr_hs_h_None";"hs_asthma";0;-0,124139108466872;-0,115948132242947;0,0763703656565456;-0,273822274639856;0,0255440577061117;-0,283611033127303;0,00758708535145584;-1,62548794155515;0,104058631145932;FALSE;100;"5";"Combined"
"hs_pm25abs_dy_hs_h_Log";"hs_asthma";0;0,100757164566383;0,104935275176061;0,0856222347003512;-0,067059331722141;0,268573660854907;-0,0416387370478533;0,253804882806116;1,17676401368171;0,239289709706964;FALSE;100;"5";"Combined"
"hs_pm25abs_yr_hs_h_Log";"hs_asthma";0;-0,1420753879827;-0,140234006064395;0,0786766565058647;-0,296278801158224;0,0121280251928239;-0,284320793615533;0,0136583682758746;-1,80581374822543;0,070947437240494;FALSE;100;"5";"Combined"
"hs_accesslines300_h_dic0";"hs_asthma";0;0,187382522250941;0,173110966488804;0,185191184505977;-0,175585529635086;0,550350574136968;-0,157025855841849;0,508910416324457;1,01183284048217;0,311617984905514;FALSE;100;"5";"Combined"
"hs_accesspoints300_h_Log";"hs_asthma";0;-0,169022879985217;-0,162628891479803;0,0685419670769769;-0,303362666885622;-0,0346830930848122;-0,285980137567542;-0,0272077328361292;-2,46597649868137;0,01366402989977;TRUE;100;"5";"Combined"
"hs_connind300_h_Log";"hs_asthma";0;-0,0618644780490081;-0,0618805424213428;0,0703105027478437;-0,199670531169686;0,07594157507167;-0,204097545242013;0,0523246048385878;-0,879875347654307;0,378926840915973;FALSE;100;"5";"Combined"
"hs_fdensity300_h_Log";"hs_asthma";0;0,017372068741023;0,0220487229665051;0,0917695766872207;-0,162492996442416;0,197237133924462;-0,176253764163871;0,193437574031081;0,189300957551896;0,849856944875364;FALSE;100;"5";"Combined"
"hs_landuseshan300_h_None";"hs_asthma";0;0,13316023167948;0,136528042609102;0,0734794600847493;-0,010856863690077;0,277177327049037;0,0101124985505277;0,269538670231942;1,81221026292105;0,0699537138928689;FALSE;100;"5";"Combined"
"hs_walkability_mean_h_None";"hs_asthma";0;0,103296745293155;0,100483014065443;0,09307496744873;-0,0791268387685933;0,285720329354904;-0,0879024540504584;0,268058175000108;1,10982306117975;0,267075279798919;FALSE;100;"5";"Combined"
"hs_accesslines300_s_dic0";"hs_asthma";0;-0,169361696344166;-0,162390701673791;0,20132470381525;-0,56395086502025;0,225227472331917;-0,552431639889894;0,210008221362452;-0,841236535480438;0,400215436502245;FALSE;100;"5";"Combined"
"hs_accesspoints300_s_Log";"hs_asthma";0;-0,000870492447172047;0,00252702976110857;0,0703361279513203;-0,138726770043761;0,136985785149417;-0,131652445853123;0,121393024578969;-0,0123761781111197;0,990125490643447;FALSE;100;"5";"Combined"
"hs_builtdens300_s_Sqrt";"hs_asthma";0;-0,0377907748574903;-0,0334522766877127;0,0793764279286277;-0,19336571481904;0,117784165104059;-0,191033157436019;0,101404140422713;-0,476095685377405;0,634006210713103;FALSE;100;"5";"Combined"
"hs_connind300_s_Log";"hs_asthma";0;-0,000558396902178769;-0,000562632999883531;0,0672797995176206;-0,13242438084379;0,131307587039433;-0,119918646151762;0,13620629540605;-0,00829962196948171;0,993377935795546;FALSE;100;"5";"Combined"
"hs_landuseshan300_s_None";"hs_asthma";0;-0,0453599559692196;-0,0510184376974361;0,086670521760348;-0,215231057140797;0,124511145202357;-0,202017679665216;0,104293643821582;-0,523360827279246;0,600723178883932;FALSE;100;"5";"Combined"
"h_Absorbance_Log";"hs_asthma";0;0,138554102179863;0,136800980690953;0,0793296010404715;-0,0169290587673922;0,294037263127119;-0,00799473218232063;0,295208001850125;1,74656244784563;0,0807132658614711;FALSE;100;"5";"Combined"
"h_Benzene_Log";"hs_asthma";0;0,156791187890457;0,154942597676975;0,0710600983598253;0,0175159543673258;0,296066421413589;0,0290819886149831;0,303947199067721;2,20645892011741;0,0273518835065237;TRUE;100;"5";"Combined"
"h_NO2_Log";"hs_asthma";0;-0,038848192559545;-0,0415221487566982;0,0857074784678948;-0,206831763562361;0,129135378443271;-0,211617586682587;0,123873718985324;-0,453264910530499;0,650357996744059;FALSE;100;"5";"Combined"
"h_PM_Log";"hs_asthma";0;0,0526518837672538;0,0485328983257751;0,0741156289440242;-0,0926120796545681;0,197915847189076;-0,103304656215937;0,175515773128848;0,710401901966171;0,477454944065695;FALSE;100;"5";"Combined"
"h_TEX_Log";"hs_asthma";0;-0,108584289841632;-0,102118377768834;0,0737096789634267;-0,253052605921958;0,0358840262386942;-0,22879563517881;0,0271685341335993;-1,47313475473837;0,140714703692541;FALSE;100;"5";"Combined"
"hs_KIDMED_None";"hs_asthma";0;-0,155960389499492;-0,150937923341695;0,0727308129956324;-0,298510163537249;-0,0134106154617346;-0,282610025236256;-0,0333043721392876;-2,14435097142194;0,0320047755528406;TRUE;100;"5";"Combined"
"hs_mvpa_prd_alt_None";"hs_asthma";0;0,0440550839579196;0,0365989762442452;0,0783989583119931;-0,109604050759044;0,197714218674883;-0,098291877098499;0,182045301097009;0,561934557632768;0,574160607561665;FALSE;100;"5";"Combined"
"hs_sd_wk_None";"hs_asthma";0;-0,0402801659533166;-0,0473728643583372;0,0738086012189159;-0,184942366091671;0,104382034185038;-0,196943046175009;0,0840291988993692;-0,545738102173835;0,585245976765606;FALSE;100;"5";"Combined"
"hs_dif_hours_total_None";"hs_asthma";0;-0,243075789398384;-0,252404308951229;0,0721118095275155;-0,384412338932326;-0,101739239864441;-0,388288855468592;-0,117878490026921;-3,37081805311839;0,000749453383618092;TRUE;100;"5";"Combined"
"hs_as_c_Log2";"hs_asthma";0;-0,122954118504154;-0,111000803796934;0,0597179023216077;-0,239999056286786;-0,00590918072152177;-0,245535001131173;0,00874943398736838;-2,05891556340996;0,0395023278982636;TRUE;100;"5";"Combined"
"hs_co_c_Log2";"hs_asthma";0;-0,107928264682445;-0,107166079193805;0,0638839590919139;-0,233138523692426;0,0172819943275366;-0,218705792559225;0,00521374839413412;-1,68944232975858;0,0911346948262085;FALSE;100;"5";"Combined"
"hs_cs_c_Log2";"hs_asthma";0;-0,036815654234457;-0,0380632290480687;0,0774046912448029;-0,188526061308714;0,1148947528398;-0,170157039307899;0,126145606938905;-0,475625619615515;0,634341119951101;FALSE;100;"5";"Combined"
"hs_cu_c_Log2";"hs_asthma";0;-0,0143713349853135;-0,0162391917990088;0,0646854474697118;-0,141152482349806;0,112409812379179;-0,125847562764506;0,106755279777772;-0,222172614513376;0,824179511832419;FALSE;100;"5";"Combined"
"hs_hg_c_Log2";"hs_asthma";0;0,0196116522785018;0,0118735560853916;0,0662619534257607;-0,11025938998126;0,149482694538263;-0,105524692227866;0,13040014292025;0,295971538184042;0,767251817361103;FALSE;100;"5";"Combined"
"hs_mn_c_Log2";"hs_asthma";0;0,192245591283835;0,186487576010726;0,0599105556314362;0,0748230599524368;0,309668122615233;0,0721903692652269;0,291113362864109;3,20887678736466;0,00133254583157433;TRUE;100;"5";"Combined"
"hs_mo_c_Log2";"hs_asthma";0;-0,00799587930622912;-0,00415330514620244;0,0659266943392708;-0,13720982583098;0,121218067218522;-0,125678925011116;0,126164019172306;-0,121284396045718;0,903465778927234;FALSE;100;"5";"Combined"
"hs_pb_c_Log2";"hs_asthma";0;-0,0505891574116528;-0,0607166127757176;0,0678165902289121;-0,183507231814632;0,0823289169913259;-0,183720165101641;0,0642854628484253;-0,745970230011435;0,455685398679358;FALSE;100;"5";"Combined"
"hs_hum_mt_hs_h_None";"hs_asthma";0;-0,00436637606507352;0,00558839770748844;0,0778699333044698;-0,15698864082037;0,148255888690223;-0,137739670962971;0,184663919731903;-0,0560726827388061;0,955283905706443;FALSE;100;"5";"Combined"
"hs_hum_dy_hs_h_None";"hs_asthma";0;0,103913483686127;0,10752422079279;0,0837679458394241;-0,0602686732180464;0,2680956405903;-0,0390811913838874;0,284366211272387;1,24049220313125;0,214793396284172;FALSE;100;"5";"Combined"
"hs_hum_wk_hs_h_None";"hs_asthma";0;0,151255565126713;0,154007905715161;0,0702856713787437;0,0134981805951575;0,289012949658268;0,00109114737763389;0,276812152470437;2,15201138666873;0,0313964575552865;TRUE;100;"5";"Combined"
"hs_tm_dy_hs_h_None";"hs_asthma";0;0,0598718434296868;0,0595965479757239;0,0689443775775474;-0,0752566535588368;0,19500034041821;-0,0724492028749789;0,189957939859328;0,868407918576741;0,385171061443697;FALSE;100;"5";"Combined"
"hs_ndvi100_h_None";"hs_asthma";0;-0,304171426751757;-0,294406034621176;0,0816343310209412;-0,464171775454823;-0,144171078048691;-0,426388136427545;-0,121617111290363;-3,72602338927393;0,000194524361944709;TRUE;100;"5";"Combined"
"hs_ndvi100_s_None";"hs_asthma";0;-0,137522910884176;-0,139222685984779;0,0688964619107146;-0,272557494891412;-0,00248832687693942;-0,250803387820923;-0,00505691312572343;-1,99608088819418;0,0459251189587562;TRUE;100;"5";"Combined"
"hs_dde_cadj_Log2";"hs_asthma";0;0,151431097944065;0,144654859378601;0,0945937795434582;-0,0339693031226346;0,336831499010765;-0,0362217859472516;0,291002633970273;1,60085682879914;0,109408633324716;FALSE;100;"5";"Combined"
"hs_ddt_cadj_Log2";"hs_asthma";0;0,0030576289815417;0,00867172013651738;0,0707936076507408;-0,13569529234957;0,141810550312653;-0,11821201421499;0,152014589538956;0,0431907496030781;0,965549478956598;FALSE;100;"5";"Combined"
"hs_hcb_cadj_Log2";"hs_asthma";0;-0,0182180435850694;-0,0173403525804737;0,0692206875547693;-0,153888098177517;0,117452011007378;-0,153920589563121;0,116692645167433;-0,263187844972715;0,792405798955589;FALSE;100;"5";"Combined"
"hs_pcb118_cadj_Log2";"hs_asthma";0;0,0248774644921326;0,0282336800188752;0,060329638472121;-0,0933664541135465;0,143121383097812;-0,0952995726548171;0,154012662459244;0,412358918802883;0,680076369350317;FALSE;100;"5";"Combined"
"hs_pcb153_cadj_Log2";"hs_asthma";0;-0,0329319809361875;-0,0327143566517588;0,0605109100795036;-0,151531185363756;0,0856672234913813;-0,154145160739448;0,0669921803642787;-0,544232120999653;0,586281750610689;FALSE;100;"5";"Combined"
"hs_pcb170_cadj_Log2";"hs_asthma";0;0,168538607788576;0,166155754522918;0,0657655946024713;0,0396404109458705;0,297436804631281;0,0593903930783421;0,316092703340591;2,56271700738554;0,010385666191402;TRUE;100;"5";"Combined"
"hs_pcb180_cadj_Log2";"hs_asthma";0;-0,149391283638697;-0,138514922041956;0,0738397628478347;-0,294114559447432;-0,0046680078299626;-0,283426604633052;0,0103543030604479;-2,02318206176468;0,0430543804057215;TRUE;100;"5";"Combined"
"hs_sumPCBs5_cadj_Log2";"hs_asthma";0;-0,0021193207872808;0,00082133852931306;0,0613042943020104;-0,122273529716865;0,118034888142304;-0,11702714625315;0,103020513379598;-0,034570511110366;0,972422216163289;FALSE;100;"5";"Combined"
"hs_pfhxs_c_Log2";"hs_asthma";0;-0,0149349864464659;-0,000407869072187208;0,0720348102871115;-0,15612062024238;0,126250647349448;-0,133041441588996;0,13419642129495;-0,207330128127485;0,835752046455399;FALSE;100;"5";"Combined"
"hs_pfoa_c_Log2";"hs_asthma";0;-0,0407388021014605;-0,044531691157577;0,0729896065233838;-0,183795802133043;0,102318197930121;-0,189880963217969;0,111658458491431;-0,558145248918542;0,576745204300251;FALSE;100;"5";"Combined"
"hs_pfos_c_Log2";"hs_asthma";0;-0,000578936608545785;0,00369138514534358;0,074203033706513;-0,146014210216923;0,144856336999831;-0,116854828610682;0,15730888641032;-0,00780206117765466;0,99377491899966;FALSE;100;"5";"Combined"
"hs_pfunda_c_Log2";"hs_asthma";0;0,10575125242802;0,107359666426562;0,0598809989953837;-0,0116133489612108;0,223115853817251;0,0103526989080339;0,211902012076201;1,76602351667802;0,0773919035883071;FALSE;100;"5";"Combined"
"hs_hm_pers_None";"hs_asthma";0;-0,154922748078825;-0,158599815168735;0,0701275209517773;-0,292370163469387;-0,0174753326882639;-0,271352538473446;-0,0177162792866879;-2,20915763135784;0,0271636787027692;TRUE;100;"5";"Combined"
"hs_trafload_h_pow1over3";"hs_asthma";0;0,0291139458982647;0,0307216920973378;0,069132080336562;-0,106382441737726;0,164610333534256;-0,0779706397577169;0,153621679537935;0,421135104809904;0,673656428673468;FALSE;100;"5";"Combined"
"FAS_cat_None_Low";"hs_asthma";0;0,0470006260874827;0,0487032723296938;0,211207307292984;-0,36695808947845;0,460959341653415;-0,34806521055044;0,457597655380065;0,222533143809669;0,823898874989396;FALSE;100;"5";"Combined"
"FAS_cat_None_Middle";"hs_asthma";0;-0,174510203862235;-0,169241553354865;0,152864178461301;-0,474118488172689;0,125098080448219;-0,401778192034728;0,159006872174132;-1,14160299436283;0,25361907881635;FALSE;100;"5";"Combined"
"hs_globalexp2_None_no exposure";"hs_asthma";0;-0,0593552884856993;-0,0762606460671889;0,150926685238298;-0,355166155858776;0,236455578887377;-0,372941267754328;0,13857697688106;-0,393272325513434;0,694118355961911;FALSE;100;"5";"Combined"
"h_abs_ratio_preg_Log";"hs_zbmi_who";0;-0,00778014342883687;-0,00465154776379127;0,0399763906591383;-0,0861324293526513;0,0705721424949776;-0,0811118519510974;0,0709426664459962;-0,194618456057598;0,845691653483641;FALSE;100;"5";"Combined"
"h_no2_ratio_preg_Log";"hs_zbmi_who";0;-0,0318376116696444;-0,0306013900062573;0,034678598833436;-0,0998064164174917;0,0361311930782028;-0,0916487852009631;0,0377666556124134;-0,918076644981043;0,358578741019741;FALSE;100;"5";"Combined"
"h_pm25_ratio_preg_None";"hs_zbmi_who";0;-0,0309848352538918;-0,0308332649191234;0,0288921523642165;-0,0876124133236;0,0256427428158163;-0,0766870891622285;0,0320521902774992;-1,07243084084892;0,28352656175377;FALSE;100;"5";"Combined"
"h_accesslines300_preg_dic0";"hs_zbmi_who";0;-0,0532605117056646;-0,0654820819989991;0,0980145816415648;-0,245365561682892;0,138844538271563;-0,266224316095782;0,109518519379747;-0,543393756455912;0,586858723565223;FALSE;100;"5";"Combined"
"h_accesspoints300_preg_Log";"hs_zbmi_who";0;-0,0733384231129841;-0,0657064471955789;0,0378836047982544;-0,147588924122112;0,000912077896143296;-0,147044430207966;-5,88206747525811e-05;-1,93588818972062;0,0528813965372396;FALSE;100;"5";"Combined"
"h_builtdens300_preg_Sqrt";"hs_zbmi_who";0;-0,0258292816667037;-0,0255304825624737;0,0376058981260152;-0,0995354875999758;0,0478769242665685;-0,0904791010793193;0,0477527912385354;-0,686841239109653;0,4921827792108;FALSE;100;"5";"Combined"
"h_connind300_preg_Sqrt";"hs_zbmi_who";0;-0,0411109831990198;-0,0337816601143885;0,0338368670180233;-0,107430023904017;0,0252080575059771;-0,0915642249343454;0,0229183889733409;-1,2149760548789;0,22437522420887;FALSE;100;"5";"Combined"
"h_fdensity300_preg_Log";"hs_zbmi_who";0;-0,0545551674211442;-0,0493012319169946;0,0391706414968474;-0,131328214006295;0,0222178791640067;-0,133556889412684;0,0202615314397445;-1,39275654766938;0,163693422323646;FALSE;100;"5";"Combined"
"h_frichness300_preg_None";"hs_zbmi_who";0;-0,0367164837751334;-0,0269836237050492;0,0341527384570826;-0,103654621124431;0,0302216535741645;-0,0937045750395725;0,0344482303886147;-1,07506704978497;0,282344710381033;FALSE;100;"5";"Combined"
"h_landuseshan300_preg_None";"hs_zbmi_who";0;0,0166277649435353;0,0193460860141677;0,0326989940524912;-0,0474610857300369;0,0807166156171076;-0,0376013390207664;0,0808091631118215;0,508509984033241;0,611095739120123;FALSE;100;"5";"Combined"
"h_popdens_preg_Sqrt";"hs_zbmi_who";0;0,0743895161305154;0,0715949904582138;0,0396550032753567;-0,00333286209600157;0,152111894357032;0,00228191108982023;0,153712236446709;1,87591753842432;0,0606666039641361;FALSE;100;"5";"Combined"
"h_walkability_mean_preg_None";"hs_zbmi_who";0;-0,0333515838336704;-0,0304601450940814;0,0410850051326982;-0,113876714198402;0,0471735465310613;-0,103948367186632;0,0442587493304084;-0,811770224342189;0,416923490518468;FALSE;100;"5";"Combined"
"hs_as_m_Log2";"hs_zbmi_who";0;0,0521027647172025;0,0513426731882933;0,0299660733924837;-0,00662965989014953;0,110835189324555;-0,000378080702319044;0,104723043434304;1,73872512540369;0,0820831243307423;FALSE;100;"5";"Combined"
"hs_cd_m_Log2";"hs_zbmi_who";0;0,0232941618244905;0,0181798829151916;0,0268239668843122;-0,0292798471912564;0,0758681708402374;-0,0401964954481786;0,0616424087730424;0,868408536476161;0,385170723301024;FALSE;100;"5";"Combined"
"hs_co_m_Log2";"hs_zbmi_who";0;0,0367425604190801;0,0364171162015419;0,0307827226019428;-0,0235904672268149;0,0970755880649751;-0,0205420622169341;0,0938591396135803;1,19360983413342;0,232630625348343;FALSE;100;"5";"Combined"
"hs_cu_m_Log2";"hs_zbmi_who";0;-0,0629721450870852;-0,0593137440912108;0,028185575301778;-0,118214857562112;-0,00772943261205872;-0,119936308698482;-0,0065879108885919;-2,23419761395159;0,0254700733736792;TRUE;100;"5";"Combined"
"hs_mn_m_Log2";"hs_zbmi_who";0;0,0148272928647535;0,0163919762258828;0,0310671542753535;-0,0460632106170889;0,0757177963465959;-0,0342934962723418;0,0800668070791395;0,477265884520245;0,63317280086245;FALSE;100;"5";"Combined"
"hs_mo_m_Log2";"hs_zbmi_who";0;-0,00252590841995066;-0,00208255965613226;0,0374907393829499;-0,0760064073643099;0,0709545905244086;-0,0722019543109612;0,0549535566261736;-0,0673741959087473;0,946283811182724;FALSE;100;"5";"Combined"
"h_humidity_preg_None";"hs_zbmi_who";0;-0,00641729437623582;-0,0161484349213021;0,0406238285735993;-0,0860385352946195;0,0732039465421479;-0,10041069483463;0,0550463097873884;-0,157968724306953;0,874481443624141;FALSE;100;"5";"Combined"
"h_ndvi100_preg_None";"hs_zbmi_who";0;-0,0597992960973871;-0,0522812628971629;0,0413748251968276;-0,14089246334981;0,0212938711550354;-0,130676367805839;0,0290065282197821;-1,44530631399434;0,148371865146916;FALSE;100;"5";"Combined"
"hs_dde_madj_Log2";"hs_zbmi_who";0;0,0830742234710576;0,0728462337446079;0,0290390998746334;0,0261586335733147;0,139989813368801;0,0143462556686967;0,132001290647985;2,86077129903141;0,00422611792595337;TRUE;100;"5";"Combined"
"hs_hcb_madj_Log2";"hs_zbmi_who";0;-0,0221474223729415;-0,0195546232700326;0,033494267222269;-0,0877949798171491;0,0435001350712661;-0,0876399201465173;0,0401721616316478;-0,661230240565363;0,50846467063259;FALSE;100;"5";"Combined"
"hs_pcb118_madj_Log2";"hs_zbmi_who";0;-0,00100935976826037;-0,00570201544813937;0,037072973475179;-0,07367105257942;0,0716523330428992;-0,0799631805785345;0,0629926366443471;-0,0272262965077823;0,978279241897228;FALSE;100;"5";"Combined"
"hs_pcb138_madj_Log2";"hs_zbmi_who";0;-0,019006524885075;-0,0104510444012427;0,0364959776391394;-0,0905373266383674;0,0525242768682174;-0,0746148720487512;0,048152246987962;-0,520784100456369;0,602517180272297;FALSE;100;"5";"Combined"
"hs_pcb170_madj_Log2";"hs_zbmi_who";0;-0,0751896533902258;-0,0691747678667506;0,0394798591123121;-0,152568755365073;0,00218944858462136;-0,14546745027129;0,00300575236226864;-1,90450662897065;0,0568442341579321;FALSE;100;"5";"Combined"
"hs_pcb180_madj_Log2";"hs_zbmi_who";0;-0,0108092942048663;-0,00437052314608735;0,0347640547289773;-0,0789455894302412;0,0573270010205086;-0,0703118941955781;0,0590326762053651;-0,310933068341315;0,755851504720418;FALSE;100;"5";"Combined"
"hs_pfhxs_m_Log2";"hs_zbmi_who";0;-0,0652412111507572;-0,0609504740276902;0,0295502529190277;-0,123158642606101;-0,00732377969541338;-0,115737248066288;-0,000667958891023595;-2,20780550777445;0,0272578339683796;TRUE;100;"5";"Combined"
"hs_pfna_m_Log2";"hs_zbmi_who";0;0,0666094153997333;0,0692213530848461;0,0293869268428051;0,00901209717152188;0,124206733627945;0,0206621601999807;0,121672933007487;2,26663426754477;0,0234125769353557;TRUE;100;"5";"Combined"
"e3_asmokcigd_p_None";"hs_zbmi_who";0;-0,0393496369396755;-0,0373001650622665;0,0276717517368958;-0,0935852737331249;0,014885999853774;-0,0862789035052487;0,0220377731103392;-1,4220146709111;0,15502199199128;FALSE;100;"5";"Combined"
"h_trafload_preg_pow1over3";"hs_zbmi_who";0;0,0887072812317316;0,0816060844560874;0,0286761716086631;0,0325030176642619;0,144911544799201;0,0270386282875164;0,143292399983121;3,09341436654442;0,00197867648040138;TRUE;100;"5";"Combined"
"h_trafnear_preg_pow1over3";"hs_zbmi_who";0;0,00791835552010948;0,00535095143468971;0,0337076956340569;-0,05814751392448;0,073984224964699;-0,0605321203380222;0,0702104031899592;0,234912395260538;0,814276728721622;FALSE;100;"5";"Combined"
"h_clf_preg_Log";"hs_zbmi_who";0;-0,0105148301558038;-0,0149980924124931;0,0337290995608372;-0,0766226505260104;0,0555929902144029;-0,0830821350983654;0,0548726383632308;-0,311743577288156;0,755235407222535;FALSE;100;"5";"Combined"
"h_thm_preg_Log";"hs_zbmi_who";0;-0,0460392581517255;-0,0378104349136733;0,0435417667944597;-0,131379552892109;0,0393010365886575;-0,117839855716421;0,0504401082229467;-1,05735852128039;0,290347994263477;FALSE;100;"5";"Combined"
"e3_alcpreg_yn_None_1";"hs_zbmi_who";0;-0,0549470377984022;-0,0538294573124159;0,0691054434485513;-0,190391218093232;0,0804971424964276;-0,180024878790933;0,0817944910556684;-0,795118807671209;0,42654439522979;FALSE;100;"5";"Combined"
"h_pamod_t3_None_Often";"hs_zbmi_who";0;-0,107101925869887;-0,104290300962551;0,0757284474034652;-0,255526955385815;0,0413231036460402;-0,260642323805726;0,0320322624733608;-1,41428920758498;0,157277004452424;FALSE;100;"5";"Combined"
"h_pamod_t3_None_Sometimes";"hs_zbmi_who";0;-0,109888981689976;-0,104710280977575;0,0906339888834222;-0,287528335676687;0,0677503722967355;-0,30747766465123;0,041440136768754;-1,21244781393568;0,225341007530226;FALSE;100;"5";"Combined"
"h_pamod_t3_None_Very Often";"hs_zbmi_who";0;-0,062897155023664;-0,0656937931879716;0,0709490310255874;-0,20195470057183;0,0761603905245022;-0,217816794587176;0,0759324933606932;-0,88651182566511;0,375341784571588;FALSE;100;"5";"Combined"
"h_pavig_t3_None_Low";"hs_zbmi_who";0;-0,0832079899346973;-0,0938492787460959;0,07067102277578;-0,221720649325836;0,0553046694564413;-0,208408788416212;0,0544608032415814;-1,17739897721155;0,239036297916901;FALSE;100;"5";"Combined"
"h_pavig_t3_None_Medium";"hs_zbmi_who";0;-0,0354342865669714;-0,0464111318169741;0,0819525636649092;-0,196058359790919;0,125189786656976;-0,189437569036909;0,111127620436014;-0,432375571700923;0,66546846964271;FALSE;100;"5";"Combined"
"hs_no2_dy_hs_h_Log";"hs_zbmi_who";0;-0,0804580350086149;-0,0754764389458142;0,0403783343668495;-0,159598116123356;-0,00131795389387401;-0,158808501568195;-0,00467905851651501;-1,99260410985825;0,0463048148035194;TRUE;100;"5";"Combined"
"hs_pm10_dy_hs_h_None";"hs_zbmi_who";0;0,0611682572927097;0,0597059410109824;0,0330332920852005;-0,00357580548507515;0,125912320070495;0,000682587737841128;0,121607741468997;1,8517154492184;0,0640666943624118;FALSE;100;"5";"Combined"
"hs_pm10_wk_hs_h_None";"hs_zbmi_who";0;-0,0633503860575664;-0,0497694762814814;0,0280069830262438;-0,118243064104629;-0,00845770801050398;-0,0927262360415519;0,011323960685038;-2,26194967155885;0,0237005129588079;TRUE;100;"5";"Combined"
"hs_pm25_dy_hs_h_None";"hs_zbmi_who";0;0,0661786962733495;0,0555933356590616;0,0387317807122148;-0,00973419897969474;0,142091591526394;-0,0144223933861563;0,12716732864514;1,70864068360479;0,0875175277661478;FALSE;100;"5";"Combined"
"hs_pm25_yr_hs_h_None";"hs_zbmi_who";0;0,0245956123167834;0,0243746250455864;0,0372180712184139;-0,0483504668453545;0,0975416914789214;-0,0404359592874794;0,0993679759971109;0,660851342146247;0,508707653108657;FALSE;100;"5";"Combined"
"hs_pm25abs_dy_hs_h_Log";"hs_zbmi_who";0;-0,0124853952233938;-0,00700402057533135;0,0316262539442315;-0,0744717139200054;0,0495009234732178;-0,0607401511222053;0,0564259710220965;-0,394779452710715;0,693005660197993;FALSE;100;"5";"Combined"
"hs_pm25abs_yr_hs_h_Log";"hs_zbmi_who";0;0,0483558832739585;0,0431787161449898;0,0402950137537052;-0,0306208924398497;0,127332658987767;-0,0267262807417065;0,128293359404469;1,20004632755615;0,230121348612806;FALSE;100;"5";"Combined"
"hs_accesslines300_h_dic0";"hs_zbmi_who";0;0,00466958042627083;0,019286835949226;0,0846723860685918;-0,16128524675324;0,170624407605782;-0,147618343784316;0,168524462234614;0,0551487993085264;0,956019919044275;FALSE;100;"5";"Combined"
"hs_accesspoints300_h_Log";"hs_zbmi_who";0;0,00539715681367127;-0,00698298848414967;0,0400913058711987;-0,0731803587870574;0,0839746724143999;-0,0875720788781057;0,0597334116752799;0,134621626719037;0,892911041613058;FALSE;100;"5";"Combined"
"hs_connind300_h_Log";"hs_zbmi_who";0;0,0519387548779571;0,0503242884222753;0,0343123253725913;-0,0153121670781418;0,119189676834056;-0,0168175250208792;0,106512741561198;1,51370547795766;0,130100554980847;FALSE;100;"5";"Combined"
"hs_fdensity300_h_Log";"hs_zbmi_who";0;-0,043472536713324;-0,0391890733778642;0,0360044243310703;-0,114039911686319;0,0270948382596713;-0,107105789194334;0,0280806955741563;-1,20742207439793;0,227269638609425;FALSE;100;"5";"Combined"
"hs_landuseshan300_h_None";"hs_zbmi_who";0;-0,0348772137774885;-0,0258661172140527;0,0341063253674591;-0,101724383142713;0,0319699555877362;-0,0825569071398632;0,0435612971175907;-1,02260250559753;0,306495824447564;FALSE;100;"5";"Combined"
"hs_walkability_mean_h_None";"hs_zbmi_who";0;0,00837179196706678;0,00679107435386388;0,0336528492092533;-0,0575865804602269;0,0743301643943605;-0,0499847971794005;0,0755104061645734;0,248769187863144;0,803539326471729;FALSE;100;"5";"Combined"
"hs_accesslines300_s_dic0";"hs_zbmi_who";0;0,109198364749352;0,0905140761863271;0,0915694279270122;-0,070274416072528;0,288671145571232;-0,0750139285100936;0,257360656591826;1,19251989688514;0,233057453802088;FALSE;100;"5";"Combined"
"hs_accesspoints300_s_Log";"hs_zbmi_who";0;-0,0893949579478264;-0,091660019551754;0,0433085643218975;-0,174278184240882;-0,00451173165477096;-0,175691608755605;-0,0189355005614149;-2,06414041535491;0,0390044049916648;TRUE;100;"5";"Combined"
"hs_builtdens300_s_Sqrt";"hs_zbmi_who";0;0,00191645458720353;-0,00606871244603768;0,0342786362148186;-0,0652684378329914;0,0691013470073984;-0,0623661401080896;0,0548701238984188;0,0559081340107414;0,955414990963521;FALSE;100;"5";"Combined"
"hs_connind300_s_Log";"hs_zbmi_who";0;-0,0298206796697929;-0,027985884785338;0,0353176280255911;-0,0990419586193338;0,0394005992797481;-0,100812131868883;0,0245220521109117;-0,844356808112506;0,398470050397024;FALSE;100;"5";"Combined"
"hs_landuseshan300_s_None";"hs_zbmi_who";0;0,004549044192228;0,00297432011895433;0,03075793203058;-0,0557353948266397;0,0648334832110957;-0,0449284847396486;0,0735476776368167;0,147898245815267;0,882423072619151;FALSE;100;"5";"Combined"
"h_Absorbance_Log";"hs_zbmi_who";0;-0,0249619526066716;-0,0157281487419169;0,0379957756354506;-0,0994323044168193;0,0495083992034761;-0,0909954288471303;0,0544037162142483;-0,656966522967405;0,511202442317406;FALSE;100;"5";"Combined"
"h_Benzene_Log";"hs_zbmi_who";0;0,0361727592518009;0,0294452058283566;0,0321734891591286;-0,0268861207570811;0,0992316392606828;-0,0318720175794088;0,0942293174630574;1,12430327568428;0,26088438920849;FALSE;100;"5";"Combined"
"h_NO2_Log";"hs_zbmi_who";0;0,0260159117877417;0,0278510815955685;0,036875220071542;-0,0462581914744691;0,0982900150499526;-0,0255397852705551;0,0978460247070051;0,705512041345597;0,480491641072099;FALSE;100;"5";"Combined"
"h_PM_Log";"hs_zbmi_who";0;0,0614076435119846;0,0583859549834044;0,0301534364492163;0,00230799406140342;0,120507292962566;0,00230121117731429;0,119409594252157;2,03650564390583;0,0416996069468565;TRUE;100;"5";"Combined"
"h_TEX_Log";"hs_zbmi_who";0;0,0319707549218337;0,027832185999198;0,0259059890131914;-0,0188040505279118;0,0827455603715793;-0,0195125694385639;0,0804826117607632;1,23410671198672;0,217163142775262;FALSE;100;"5";"Combined"
"hs_KIDMED_None";"hs_zbmi_who";0;0,0647027377536184;0,0629173896013389;0,0283993331788097;0,00904106753819803;0,120364407969039;0,0132703624719011;0,116050410923399;2,27831890792058;0,0227075839273452;TRUE;100;"5";"Combined"
"hs_mvpa_prd_alt_None";"hs_zbmi_who";0;-0,0366041044119888;-0,0283150352539088;0,0368843134623233;-0,108896030392628;0,0356878215686507;-0,100518164262887;0,0350981098142799;-0,99240302925468;0,321000961848979;FALSE;100;"5";"Combined"
"hs_sd_wk_None";"hs_zbmi_who";0;0,0100308990845816;0,00462986733034232;0,0295899299703827;-0,0479642979624307;0,068026096131594;-0,0547818851181266;0,059279680233097;0,338997053883596;0,734611949562296;FALSE;100;"5";"Combined"
"hs_dif_hours_total_None";"hs_zbmi_who";0;-0,0448612118957132;-0,0482395184325122;0,0287654905673271;-0,101240537405301;0,0115181136138747;-0,104781959034104;0,00798546858807369;-1,5595496899562;0,118866333405509;FALSE;100;"5";"Combined"
"hs_as_c_Log2";"hs_zbmi_who";0;-0,01040864496568;-0,0104677461145552;0,0282083618483915;-0,0656960182514011;0,044878728320041;-0,0625292919472991;0,0411690061076854;-0,368991472160712;0,712134081195916;FALSE;100;"5";"Combined"
"hs_co_c_Log2";"hs_zbmi_who";0;-0,0415759113470827;-0,0409726742230746;0,0298844091661817;-0,100148277012057;0,016996454317892;-0,0923139404739088;0,018459860065549;-1,39122413683626;0,164157470170357;FALSE;100;"5";"Combined"
"hs_cs_c_Log2";"hs_zbmi_who";0;0,118624758875511;0,111188444487453;0,0319266146044957;0,0560497441024085;0,181199773648613;0,0512263828485269;0,172660320363196;3,71554454943076;0,000202766534661756;TRUE;100;"5";"Combined"
"hs_cu_c_Log2";"hs_zbmi_who";0;0,11601164249103;0,11351838704019;0,0316362968205493;0,0540056401185343;0,178017644863526;0,0564431116196139;0,183841745456017;3,66704242121267;0,000245372100700441;TRUE;100;"5";"Combined"
"hs_hg_c_Log2";"hs_zbmi_who";0;-0,00775361903232614;-0,013204623012811;0,0356201897169917;-0,0775679080001139;0,0620606699354616;-0,083641878694252;0,0495329286432054;-0,217674838172674;0,827682469819172;FALSE;100;"5";"Combined"
"hs_mn_c_Log2";"hs_zbmi_who";0;-0,0205749767925901;-0,0199953860946925;0,0229390256021392;-0,0655346408132251;0,0243846872280449;-0,0590770225862279;0,0191938131952059;-0,896942056277726;0,369749836998446;FALSE;100;"5";"Combined"
"hs_mo_c_Log2";"hs_zbmi_who";0;-0,0356043141396033;-0,0387427961067234;0,0262288675887646;-0,0870119499688519;0,0158033216896452;-0,0885536274931985;0,0148168710179906;-1,35744762975794;0,174639022978898;FALSE;100;"5";"Combined"
"hs_pb_c_Log2";"hs_zbmi_who";0;0,00387647284436092;0,000812246692054718;0,028488615422391;-0,0519601873529378;0,0597131330416596;-0,0541242898484093;0,0486356306230193;0,136070945775559;0,891765195780393;FALSE;100;"5";"Combined"
"hs_hum_mt_hs_h_None";"hs_zbmi_who";0;0,109412985900082;0,106216274691294;0,0345460397895851;0,0417039921040072;0,177121979696156;0,0400767145254123;0,1742746640766;3,16716435708696;0,00153933291662866;TRUE;100;"5";"Combined"
"hs_hum_dy_hs_h_None";"hs_zbmi_who";0;0,0021840130263202;0,00592694452263821;0,0350668884389831;-0,0665458253639706;0,070913851416611;-0,0558784877181996;0,0673674923417919;0,0622813464080343;0,950338783044783;FALSE;100;"5";"Combined"
"hs_hum_wk_hs_h_None";"hs_zbmi_who";0;0,0230302120174724;0,0189742264676614;0,0310602889283143;-0,0378468356314318;0,0839072596663766;-0,0394797346172643;0,0826938054458106;0,741468054937451;0,458409694058637;FALSE;100;"5";"Combined"
"hs_tm_dy_hs_h_None";"hs_zbmi_who";0;-0,0459290066038058;-0,0400718199522164;0,0358934541084003;-0,116278883937012;0,0244208707294001;-0,120026441734643;0,0134263725581408;-1,27959283230579;0,200688372012653;FALSE;100;"5";"Combined"
"hs_ndvi100_h_None";"hs_zbmi_who";0;-0,0161156804825027;-0,018642055857144;0,033422783704296;-0,0816231328059951;0,0493917718409896;-0,0814389585355896;0,0415159168090159;-0,482176488502102;0,629680577464166;FALSE;100;"5";"Combined"
"hs_ndvi100_s_None";"hs_zbmi_who";0;-0,0180113092556593;-0,0210229362343533;0,0371623271953599;-0,0908481321402582;0,0548255136289396;-0,0825721240348962;0,0452376878691281;-0,484665805803147;0,62791342593742;FALSE;100;"5";"Combined"
"hs_dde_cadj_Log2";"hs_zbmi_who";0;-0,130885006144703;-0,122300206865439;0,044523607977237;-0,218149674241868;-0,0436203380475386;-0,199145583956909;-0,0418369972492071;-2,93967654669;0,00328555033777512;TRUE;100;"5";"Combined"
"hs_ddt_cadj_Log2";"hs_zbmi_who";0;0,00714699185594077;0,00379914883506366;0,0306638547229336;-0,0529530590281775;0,067247042740059;-0,0481053042202683;0,0526462824942962;0,233075453837039;0,81570281504398;FALSE;100;"5";"Combined"
"hs_hcb_cadj_Log2";"hs_zbmi_who";0;-0,238122608373788;-0,234661809706061;0,0486048650871311;-0,333386393417993;-0,142858823329583;-0,32652566485486;-0,149432911116256;-4,89915171962559;9,62513009308914e-07;TRUE;100;"5";"Combined"
"hs_pcb118_cadj_Log2";"hs_zbmi_who";0;0,0428055778015625;0,0370209632781573;0,034904769350349;-0,025606513013799;0,111217668616924;-0,0245165862255379;0,10720348068507;1,22635326341541;0,220065765579499;FALSE;100;"5";"Combined"
"hs_pcb153_cadj_Log2";"hs_zbmi_who";0;-0,0158653535693113;-0,0247860366922996;0,0346008795123689;-0,0836818312469641;0,0519511241083415;-0,0847006895188871;0,0415183259733842;-0,458524574892376;0,646575611070113;FALSE;100;"5";"Combined"
"hs_pcb170_cadj_Log2";"hs_zbmi_who";0;-0,128890334402306;-0,124155132573701;0,0346713588593868;-0,196844949061768;-0,0609357197428445;-0,179802168166001;-0,0512936895537715;-3,71748724718388;0,000201214140543906;TRUE;100;"5";"Combined"
"hs_pcb180_cadj_Log2";"hs_zbmi_who";0;-0,0380401517057363;-0,0376499891485064;0,0399312323686234;-0,116303929006538;0,0402236255950655;-0,1116014349394;0,0337161358811723;-0,952641565243226;0,34077170977129;FALSE;100;"5";"Combined"
"hs_sumPCBs5_cadj_Log2";"hs_zbmi_who";0;-0,0786870686810728;-0,0741188980744419;0,0389152411817861;-0,154959539847064;-0,00241459751508211;-0,153549022216018;-0,00550372770215808;-2,02201158958515;0,0431751545690396;TRUE;100;"5";"Combined"
"hs_pfhxs_c_Log2";"hs_zbmi_who";0;0,0181644937297183;0,0206933099216364;0,0344133503343699;-0,0492844335130061;0,0856134209724427;-0,0444356938837032;0,0883918180831436;0,527832761216997;0,597615416388074;FALSE;100;"5";"Combined"
"hs_pfoa_c_Log2";"hs_zbmi_who";0;-0,0386879131058885;-0,038643284026423;0,0297990894201713;-0,0970930551415128;0,0197172289297358;-0,0933440951447811;0,0106257241522959;-1,29829178873165;0,194187086953873;FALSE;100;"5";"Combined"
"hs_pfos_c_Log2";"hs_zbmi_who";0;-0,0382173416704408;-0,0359957728482144;0,0356580533602991;-0,108105842015434;0,0316711586745528;-0,107177274468607;0,0427197956959614;-1,07177307982245;0,283821967265094;FALSE;100;"5";"Combined"
"hs_pfunda_c_Log2";"hs_zbmi_who";0;0,011856345588597;0,0109947108220853;0,0298450142070076;-0,0466388073752241;0,0703514985524181;-0,0476802764364016;0,0632889371583623;0,397263861439648;0,69117289374322;FALSE;100;"5";"Combined"
"hs_hm_pers_None";"hs_zbmi_who";0;-0,022476442775506;-0,026245732197077;0,0287337598753758;-0,0787935772716647;0,0338406917206528;-0,0814245107921408;0,0315543904769182;-0,782231175905655;0,434078725787116;FALSE;100;"5";"Combined"
"hs_trafload_h_pow1over3";"hs_zbmi_who";0;-0,0453715584740669;-0,0433397328940298;0,0290304460272945;-0,102270187142698;0,0115270701945641;-0,102780813704219;0,00737078137034283;-1,56289567275021;0,118077135652654;FALSE;100;"5";"Combined"
"FAS_cat_None_Low";"hs_zbmi_who";0;-0,208292903320606;-0,208775707708626;0,0818875123052409;-0,368789478222459;-0,0477963284187534;-0,363685263911316;-0,0513388421646718;-2,54364673509901;0,0109701969559148;TRUE;100;"5";"Combined"
"FAS_cat_None_Middle";"hs_zbmi_who";0;-0,0728286374325455;-0,077499850338738;0,0577042382051534;-0,185926866069966;0,0402695912048753;-0,200751946585873;0,0208089869236967;-1,26210205173528;0,206912067090421;FALSE;100;"5";"Combined"
"hs_globalexp2_None_no exposure";"hs_zbmi_who";0;-0,0588436461342283;-0,0570865683629068;0,055977359089623;-0,168557253899555;0,0508699616310985;-0,184545426919658;0,0484222202747845;-1,05120439926464;0,293164723110576;FALSE;100;"5";"Combined"
"h_abs_ratio_preg_Log";"hs_correct_raven";0;0,0260419949441821;0,0249405649621932;0,0359140192308337;-0,0443481892883308;0,096432179176695;-0,0303284404413477;0,090094729017734;0,72512059362668;0,468378051603158;FALSE;100;"5";"Combined"
"h_no2_ratio_preg_Log";"hs_correct_raven";0;0,0650536227478886;0,040139953084563;0,0404590687139228;-0,0142446947794314;0,144351940275208;-0,028127271659493;0,117969185126049;1,60788729982562;0,107859863840431;FALSE;100;"5";"Combined"
"h_pm25_ratio_preg_None";"hs_correct_raven";0;-0,000826583187336267;0,00333963382345987;0,0201136308889985;-0,0402485753281056;0,0385954089534331;-0,0387646378175086;0,0440460917691005;-0,0410956724769361;0,967219624554092;FALSE;100;"5";"Combined"
"h_accesslines300_preg_dic0";"hs_correct_raven";0;-0,0652528582369275;-0,0529931512859971;0,0667296836326638;-0,196040634856701;0,0655349183828455;-0,199108023418861;0,0768787749584755;-0,977868538926904;0,328139347127172;FALSE;100;"5";"Combined"
"h_accesspoints300_preg_Log";"hs_correct_raven";0;0,0327617186652541;0,0262144192039482;0,0303996536268683;-0,0268205075859002;0,0923439449164083;-0,0367350534860252;0,0802584825113721;1,0777003931485;0,281167482978303;FALSE;100;"5";"Combined"
"h_builtdens300_preg_Sqrt";"hs_correct_raven";0;0,0399165211890838;0,0256869865395568;0,0290501339214415;-0,0170206950430069;0,0968537374211744;-0,0200637472651613;0,095488554198218;1,37405635709039;0,169424186986449;FALSE;100;"5";"Combined"
"h_connind300_preg_Sqrt";"hs_correct_raven";0;-0,0085705578847918;0,00119607975045357;0,0222448292818627;-0,0521696221194847;0,0350285063499011;-0,04752688095596;0,0461578835145982;-0,385283149454413;0,700027644523335;FALSE;100;"5";"Combined"
"h_fdensity300_preg_Log";"hs_correct_raven";0;-0,0452914522266981;-0,0265795297598331;0,0342889041862599;-0,112496469501112;0,021913565047716;-0,0955870078436598;0,0375791670045092;-1,3208777971052;0,186542114046111;FALSE;100;"5";"Combined"
"h_frichness300_preg_None";"hs_correct_raven";0;0,043487113494375;0,0403123542861151;0,0339982111534194;-0,023148155905115;0,110122382893865;-0,026294292513989;0,0992978808456842;1,27910004729767;0,200861826975784;FALSE;100;"5";"Combined"
"h_landuseshan300_preg_None";"hs_correct_raven";0;0,063097337125631;0,0386192270356892;0,0258359167895723;0,0124598707104957;0,113734803540766;-0,018647061566788;0,0819962169936553;2,44223333120108;0,0145967090340525;TRUE;100;"5";"Combined"
"h_popdens_preg_Sqrt";"hs_correct_raven";0;-0,0339527448274484;-0,0291890417156592;0,0222474556154421;-0,0775569565813683;0,00965146692647148;-0,0767744885292178;0,00610353177086824;-1,52614058049324;0,126974857649898;FALSE;100;"5";"Combined"
"h_walkability_mean_preg_None";"hs_correct_raven";0;-0,0398477443066922;-0,0264541247752126;0,0280118142653191;-0,0947498914083429;0,0150544027949585;-0,0729764006835104;0,0295688385945756;-1,42253350423028;0,154871432312446;FALSE;100;"5";"Combined"
"hs_as_m_Log2";"hs_correct_raven";0;0,00908486082307017;0,00888355939789843;0,0187041503466453;-0,027574600217777;0,0457443218639174;-0,0296897764355144;0,0437938679675462;0,485713633322007;0,627170216154622;FALSE;100;"5";"Combined"
"hs_cd_m_Log2";"hs_correct_raven";0;0,00218975211896569;-0,00508116987842335;0,0234379950971649;-0,0437478741413039;0,0481273783792353;-0,0517675863979747;0,0373401384775032;0,0934274501674661;0,925563983806153;FALSE;100;"5";"Combined"
"hs_co_m_Log2";"hs_correct_raven";0;-0,0191948349550079;-0,00944466545218678;0,0192584656538187;-0,0569407340339942;0,0185510641239785;-0,0506267533295133;0,0243072956934708;-0,99669596218335;0,318912110220328;FALSE;100;"5";"Combined"
"hs_cu_m_Log2";"hs_correct_raven";0;-0,0208440179423654;-0,00763737189039446;0,0192472186200179;-0,0585678732401692;0,0168798373554384;-0,0403705767446419;0,0324496060896509;-1,08296260118783;0,278825023383361;FALSE;100;"5";"Combined"
"hs_mn_m_Log2";"hs_correct_raven";0;-0,0132201267951045;-0,00676648099173936;0,0212046685097604;-0,0547805133783455;0,0283402597881365;-0,056756216127757;0,0259126104079322;-0,623453594146936;0,532986488407323;FALSE;100;"5";"Combined"
"hs_mo_m_Log2";"hs_correct_raven";0;-0,00184790024905425;0,00255146916212988;0,0151154249430774;-0,0314735887485043;0,0277777882503958;-0,0247232062364719;0,0286763584417241;-0,122252616516783;0,902698956970484;FALSE;100;"5";"Combined"
"h_humidity_preg_None";"hs_correct_raven";0;-0,136091076888934;-0,0950643021206274;0,0574516928775312;-0,248694325779752;-0,023487827998117;-0,214017815593116;-0,00930243581705974;-2,36879141540768;0,0178463149944441;TRUE;100;"5";"Combined"
"h_ndvi100_preg_None";"hs_correct_raven";0;0,0388195244827776;0,0300170513886614;0,0354464579970584;-0,0306542565709686;0,108293305536524;-0,0423259334879984;0,0955191873267976;1,09515947929125;0,273446774409124;FALSE;100;"5";"Combined"
"hs_dde_madj_Log2";"hs_correct_raven";0;-0,0566167090562528;-0,0456288242680598;0,0246271680609981;-0,104885071497024;-0,00834834661548154;-0,0880403732752214;0,00536554968613225;-2,29895329077307;0,0215075918141206;TRUE;100;"5";"Combined"
"hs_hcb_madj_Log2";"hs_correct_raven";0;0,00878567807829835;0,0129835977574298;0,02265464508177;-0,0356166103645083;0,053187966521105;-0,0307933144735469;0,0551547208141692;0,387809124644733;0,698157292491733;FALSE;100;"5";"Combined"
"hs_pcb118_madj_Log2";"hs_correct_raven";0;-0,0235025755854097;-0,022946495294456;0,0330929796484944;-0,0883636238375758;0,0413584726667564;-0,0962128952801795;0,0356061563647899;-0,710198230411657;0,477581218075147;FALSE;100;"5";"Combined"
"hs_pcb138_madj_Log2";"hs_correct_raven";0;-0,00710822972548231;0,00112528503560683;0,0294186832302024;-0,0647677893292714;0,0505513298783068;-0,0648659547574865;0,0515754470660193;-0,241622973736116;0,809072318992515;FALSE;100;"5";"Combined"
"hs_pcb170_madj_Log2";"hs_correct_raven";0;0,0276403026418844;0,0203406082420908;0,0351343497849991;-0,0412217575569463;0,0965023628407152;-0,0526103761190984;0,0957615249700675;0,786703121333576;0,431455676460938;FALSE;100;"5";"Combined"
"hs_pcb180_madj_Log2";"hs_correct_raven";0;0,0463329811071984;0,0311738402411791;0,0393870952463269;-0,0308643070312511;0,123530269245648;-0,0423112028592882;0,109495997844892;1,17634927931171;0,239455331050861;FALSE;100;"5";"Combined"
"hs_pfhxs_m_Log2";"hs_correct_raven";0;0,0369735533766961;0,0253930776760287;0,0220408453168313;-0,00622570963311161;0,0801728163865038;-0,0162816953117527;0,0630960090013721;1,67750160419036;0,0934444360303904;FALSE;100;"5";"Combined"
"hs_pfna_m_Log2";"hs_correct_raven";0;-0,0280965186455031;-0,00953086159558678;0,0315048271126597;-0,0898448451254771;0,0336518078344709;-0,0642834790570646;0,0547332271082465;-0,891816309450974;0,372491398375247;FALSE;100;"5";"Combined"
"e3_asmokcigd_p_None";"hs_correct_raven";0;-0,0312166005259388;-0,0215760898770286;0,0216611174403164;-0,0736716105738513;0,0112384095219738;-0,062127080887513;0,020193137911058;-1,44113527900631;0,149546468480538;FALSE;100;"5";"Combined"
"h_trafload_preg_pow1over3";"hs_correct_raven";0;-0,0151051096340123;-0,011535223581452;0,0191740202551984;-0,0526854987730427;0,0224752795050181;-0,0509268443025805;0,0205730139194781;-0,787790428557468;0,430819300598055;FALSE;100;"5";"Combined"
"h_trafnear_preg_pow1over3";"hs_correct_raven";0;-0,0254065744134184;-0,0256440166407203;0,0268889841015395;-0,078108014833306;0,0272948660064691;-0,0847186945795195;0,0190570636726702;-0,944869256401687;0,344725628813594;FALSE;100;"5";"Combined"
"h_clf_preg_Log";"hs_correct_raven";0;-0,0348858485631722;-0,0313967587306398;0,0257045058107908;-0,0852657541927227;0,0154940570663783;-0,0721204527726572;0,0122341706250623;-1,35718806733592;0,174721461267762;FALSE;100;"5";"Combined"
"h_thm_preg_Log";"hs_correct_raven";0;-0,0157181705269621;-0,00088167569094948;0,0271245769103744;-0,0688813643671826;0,0374450233132583;-0,056351236057381;0,0551244420773343;-0,579480763106406;0,562264823045422;FALSE;100;"5";"Combined"
"e3_alcpreg_yn_None_1";"hs_correct_raven";0;0,00161563680039946;0,00892338587883307;0,0454832046681216;-0,087529806250583;0,0907610798513819;-0,0524707103291419;0,12092850062668;0,0355216131358448;0,971663812458771;FALSE;100;"5";"Combined"
"h_pamod_t3_None_Often";"hs_correct_raven";0;-0,0463103489890393;-0,029554470654956;0,0670267107548276;-0,177680288070685;0,0850595900926062;-0,174267296457767;0,0766985578786741;-0,690923789449176;0,489613435246368;FALSE;100;"5";"Combined"
"h_pamod_t3_None_Sometimes";"hs_correct_raven";0;-0,0992013257029638;-0,0597482969328089;0,0721626061416301;-0,240637434771108;0,0422347833651801;-0,207926479434153;0,0600833410318406;-1,37469156128128;0,169227088550241;FALSE;100;"5";"Combined"
"h_pamod_t3_None_Very Often";"hs_correct_raven";0;-0,068800576955535;-0,0496161735105047;0,0697148907128835;-0,205439251938933;0,0678380980278625;-0,198008978735837;0,0541345393017343;-0,986884957460322;0,323699039372487;FALSE;100;"5";"Combined"
"h_pavig_t3_None_Low";"hs_correct_raven";0;-0,218520170744107;-0,175744961348338;0,0699669367669152;-0,355652846915853;-0,0813874945723623;-0,293871895546662;-0,020373854895568;-3,12319190808761;0,00178901056720239;TRUE;100;"5";"Combined"
"h_pavig_t3_None_Medium";"hs_correct_raven";0;-0,245776985548442;-0,193835638396649;0,0858626789154948;-0,414064743838939;-0,0774892272579459;-0,343353158834421;-0,0173315576409339;-2,86244254957772;0,00420389465802976;TRUE;100;"5";"Combined"
"hs_no2_dy_hs_h_Log";"hs_correct_raven";0;-0,00930668367469402;-0,00940327580372584;0,0337930984010924;-0,0755399394668532;0,0569265721174651;-0,0797154462809806;0,0357829185281984;-0,275401904975756;0,783007480695494;FALSE;100;"5";"Combined"
"hs_pm10_dy_hs_h_None";"hs_correct_raven";0;-0,0248220400786179;-0,0181878502280708;0,0274364799588884;-0,0785965526605943;0,0289524725033584;-0,0872626320837525;0,0273546118330235;-0,904709354691707;0,365619383912106;FALSE;100;"5";"Combined"
"hs_pm10_wk_hs_h_None";"hs_correct_raven";0;-0,0228504547100532;-0,00750841378214512;0,0255899295495332;-0,0730057949940555;0,0273048855739491;-0,0540840166389619;0,0419386012703518;-0,892947151957676;0,371885474551423;FALSE;100;"5";"Combined"
"hs_pm25_dy_hs_h_None";"hs_correct_raven";0;0,00755020721469914;-0,00308333599707614;0,0276353877325659;-0,0466141574399301;0,0617145718693284;-0,0471583530005634;0,0480543250002998;0,273207934976858;0,784693380710809;FALSE;100;"5";"Combined"
"hs_pm25_yr_hs_h_None";"hs_correct_raven";0;-0,0653946822835552;-0,0373712834785449;0,0401727077921987;-0,144131742717716;0,0133423781506058;-0,109628232611332;0,0311027087606365;-1,62783854705095;0,103559124650003;FALSE;100;"5";"Combined"
"hs_pm25abs_dy_hs_h_Log";"hs_correct_raven";0;0,0397285026492064;0,0355806166520857;0,0209360594893851;-0,00130541992817648;0,0807624252265893;0,00228371439420458;0,074004107534605;1,89761128016231;0,0577473073722328;FALSE;100;"5";"Combined"
"hs_pm25abs_yr_hs_h_Log";"hs_correct_raven";0;-0,0523571439841352;-0,0378876320851464;0,0274794462703197;-0,106215868989065;0,00150158102079494;-0,0802894853807423;0,010019225385921;-1,90532019710622;0,0567384616280795;FALSE;100;"5";"Combined"
"hs_accesslines300_h_dic0";"hs_correct_raven";0;0,0693906374842637;0,0542333802258979;0,0824565900583015;-0,0922213093179906;0,231002584286518;-0,0947649424467396;0,223295990143513;0,841541439382839;0,400044680169599;FALSE;100;"5";"Combined"
"hs_accesspoints300_h_Log";"hs_correct_raven";0;-0,0736848345598872;-0,0589299340331948;0,0332466396253929;-0,13884705083264;-0,00852261828713492;-0,12573543783395;-0,00604291615359008;-2,21630923877217;0,026670330732741;TRUE;100;"5";"Combined"
"hs_connind300_h_Log";"hs_correct_raven";0;-0,0169221156188817;-0,0166177757968569;0,0271699420608572;-0,0701742235202018;0,0363299922824383;-0,0717058743109143;0,0347335480654143;-0,622824869518616;0,533399613631888;FALSE;100;"5";"Combined"
"hs_fdensity300_h_Log";"hs_correct_raven";0;0,0517332012221198;0,0416203367814372;0,0356044815935694;-0,0180503003894954;0,121516702833735;-0,0181434966146953;0,12566197951495;1,45299689552181;0,146224615963469;FALSE;100;"5";"Combined"
"hs_landuseshan300_h_None";"hs_correct_raven";0;-0,00939029657475639;0,00513469159690177;0,0221238031873713;-0,0527521540230565;0,0339715608735437;-0,0352560188837943;0,0557341998712738;-0,424443143668742;0,671242661969371;FALSE;100;"5";"Combined"
"hs_walkability_mean_h_None";"hs_correct_raven";0;0,0283411230676934;0,0220172393894354;0,0240780176774337;-0,0188509243991953;0,0755331705345821;-0,028845437590152;0,0730923781227215;1,17705383588347;0,239174019154239;FALSE;100;"5";"Combined"
"hs_accesslines300_s_dic0";"hs_correct_raven";0;-0,0164945975715784;-0,024382256349133;0,0672034590062899;-0,148210956860421;0,115221761717264;-0,165718379242415;0,10896735364934;-0,245442687258622;0,806113679944827;FALSE;100;"5";"Combined"
"hs_accesspoints300_s_Log";"hs_correct_raven";0;-0,0295199101136059;-0,022175145914649;0,0272003083440502;-0,0828315348363286;0,0237917146091167;-0,0852906450792833;0,0221168475811704;-1,08527851008951;0,27779832087181;FALSE;100;"5";"Combined"
"hs_builtdens300_s_Sqrt";"hs_correct_raven";0;0,0217317371310506;0,00488147140213895;0,0256295086517782;-0,0285011767678923;0,0719646510299935;-0,0394109493303024;0,0462940361527566;0,847918601418169;0,396483304356153;FALSE;100;"5";"Combined"
"hs_connind300_s_Log";"hs_correct_raven";0;-0,00845956500960133;-0,00459219072995868;0,0243614886872116;-0,056207205446316;0,0392880754271133;-0,0559114207162488;0,0395503855655835;-0,347251562423693;0,728402336793479;FALSE;100;"5";"Combined"
"hs_landuseshan300_s_None";"hs_correct_raven";0;-0,00673279510458563;-0,00814789125185712;0,0189531918652781;-0,0438803685526082;0,0304147783434369;-0,0549362067339063;0,0219805649237871;-0,355232783609392;0,722415206471898;FALSE;100;"5";"Combined"
"h_Absorbance_Log";"hs_correct_raven";0;0,0299632068795544;0,0328926584637838;0,0273523170978916;-0,0236463495260322;0,083572763285141;-0,00805100170719792;0,0891003083894081;1,0954540623494;0,273317760376123;FALSE;100;"5";"Combined"
"h_Benzene_Log";"hs_correct_raven";0;-0,0325982016746679;-0,0327561869530303;0,0303598709946325;-0,0921024553994297;0,0269060520500939;-0,0864875051524521;0,0233814127762879;-1,07372662026236;0,282945226666021;FALSE;100;"5";"Combined"
"h_NO2_Log";"hs_correct_raven";0;0,0671163003468468;0,0497082146562743;0,0295916177018108;0,0091177954070196;0,125114805286674;-0,0136714108665426;0,0983340349656173;2,26808486859911;0,0233240344431488;TRUE;100;"5";"Combined"
"h_PM_Log";"hs_correct_raven";0;-0,0259210595538518;-0,0222537057633936;0,0248946937504695;-0,0747137627109263;0,0228716436032228;-0,0745034786030248;0,0168473307249609;-1,04122829602445;0,29776960616317;FALSE;100;"5";"Combined"
"h_TEX_Log";"hs_correct_raven";0;0,0120361957378881;0,00578712549835313;0,0195522041913068;-0,0262854202954464;0,0503578117712225;-0,025534485139115;0,0447617411884433;0,615592780236999;0,538163317492358;FALSE;100;"5";"Combined"
"hs_KIDMED_None";"hs_correct_raven";0;0,0305928480293303;0,0239467908773898;0,0257810931414933;-0,0199371660100692;0,0811228620687298;-0,0232477164784674;0,0705548457463672;1,18663890089644;0,235370084728932;FALSE;100;"5";"Combined"
"hs_mvpa_prd_alt_None";"hs_correct_raven";0;-0,0430935363314774;-0,0226368440788219;0,0241020603725111;-0,0903327066148093;0,00414563395185446;-0,0690375725887811;0,0156875742559209;-1,78796068325455;0,0737823512747768;FALSE;100;"5";"Combined"
"hs_sd_wk_None";"hs_correct_raven";0;0,00208325904557087;-0,0062019542766656;0,0221283807741208;-0,0412875703078944;0,0454540883990361;-0,0578374581844438;0,0364470128362617;0,0941442153782556;0,924994597536211;FALSE;100;"5";"Combined"
"hs_dif_hours_total_None";"hs_correct_raven";0;-0,0758632204046715;-0,0546666950972879;0,0268046053554279;-0,12839928152112;-0,0233271592882235;-0,107384892410985;0,00366792507772766;-2,83023082782711;0,00465144322408164;TRUE;100;"5";"Combined"
"hs_as_c_Log2";"hs_correct_raven";0;0,0593251046885162;0,0382540396464693;0,0297845760200425;0,000948408394437557;0,117701800982595;-0,0168492777855954;0,0921027769165563;1,9918062506109;0,0463923201755533;TRUE;100;"5";"Combined"
"hs_co_c_Log2";"hs_correct_raven";0;-0,00158113529388062;-0,000769207153708187;0,0175684044972459;-0,0360145753743141;0,0328523047865528;-0,0372924524856756;0,0328868554326462;-0,0899987983614838;0,928288169723366;FALSE;100;"5";"Combined"
"hs_cs_c_Log2";"hs_correct_raven";0;0,0171982911706292;0,00811437414899696;0,0202818519524017;-0,0225534081958516;0,0569499905371099;-0,0269998084552767;0,0392076483241204;0,847964535536046;0,396457721707227;FALSE;100;"5";"Combined"
"hs_cu_c_Log2";"hs_correct_raven";0;-0,0116344775922393;-0,0138604917190856;0,0183993982663785;-0,0476966355315499;0,0244276803470713;-0,0455319704071407;0,019036582616981;-0,632329243804627;0,527171758277466;FALSE;100;"5";"Combined"
"hs_hg_c_Log2";"hs_correct_raven";0;-0,0804113602663576;-0,0549439459307137;0,0324467328717095;-0,1440057881109;-0,0168169324218152;-0,116614551899493;0,00606439016439194;-2,47825753626088;0,0132025810625325;TRUE;100;"5";"Combined"
"hs_mn_c_Log2";"hs_correct_raven";0;-0,0157068398734649;-0,0105451623673466;0,0193378804365799;-0,0536083890665033;0,0221947093195734;-0,0428991311992208;0,0228345186588341;-0,812231719240208;0,41665868203683;FALSE;100;"5";"Combined"
"hs_mo_c_Log2";"hs_correct_raven";0;-0,0380975578252683;-0,0281728172811486;0,019632600393281;-0,0765767475189659;0,000381631868429225;-0,0678298057420797;0,00652778050290896;-1,94052530291947;0,0523158821608858;FALSE;100;"5";"Combined"
"hs_pb_c_Log2";"hs_correct_raven";0;-0,00163963955007705;-0,00594328615926215;0,0183843889872239;-0,0376723798428107;0,0343931007426566;-0,0497963754699716;0,0246628531244958;-0,0891865131452835;0,928933683613243;FALSE;100;"5";"Combined"
"hs_hum_mt_hs_h_None";"hs_correct_raven";0;0,0671288330178332;0,0441031729960948;0,0340922486637351;0,000309253484928676;0,133948412550738;-0,0119925244838603;0,110479660961281;1,96903506365774;0,0489490647375384;TRUE;100;"5";"Combined"
"hs_hum_dy_hs_h_None";"hs_correct_raven";0;-0,0270358014684706;-0,0139380542761473;0,0233580727806711;-0,0728167828668514;0,0187451799299101;-0,0616965164292085;0,0299448375732965;-1,15745000550057;0,247088553842927;FALSE;100;"5";"Combined"
"hs_hum_wk_hs_h_None";"hs_correct_raven";0;-0,00116374433059661;0,00262411558361419;0,0258401763560433;-0,0518095593426049;0,0494820706814117;-0,040611817397653;0,0455261746679641;-0,045036237932813;0,964078424552465;FALSE;100;"5";"Combined"
"hs_tm_dy_hs_h_None";"hs_correct_raven";0;-0,00269078912772289;0,00428771128318649;0,0204119128104871;-0,0426974030918494;0,0373158248364036;-0,0304202833935563;0,0468665809487995;-0,131824447454059;0,895123149027532;FALSE;100;"5";"Combined"
"hs_ndvi100_h_None";"hs_correct_raven";0;-0,0221572341149705;-0,0151370667173312;0,0234689156410785;-0,068155463527693;0,023840995297752;-0,056407703221586;0,0305995505582474;-0,944109836765867;0,345113523120426;FALSE;100;"5";"Combined"
"hs_ndvi100_s_None";"hs_correct_raven";0;-0,0288044298188746;-0,028000904181109;0,0273634030404096;-0,0824357142725313;0,024826854634782;-0,0831878894591783;0,0179683951347099;-1,05266255722422;0,292495675059969;FALSE;100;"5";"Combined"
"hs_dde_cadj_Log2";"hs_correct_raven";0;0,0157695794729892;0,0170605792161207;0,0229745601764774;-0,0292597310335546;0,060798889979533;-0,0333948128870944;0,0567276820648355;0,686393095313092;0,492465257368905;FALSE;100;"5";"Combined"
"hs_ddt_cadj_Log2";"hs_correct_raven";0;-0,0140851392105338;-0,0078215252548822;0,0169198730068247;-0,0472474809269017;0,019077202505834;-0,0440116072107722;0,0240230338267702;-0,8324612841274;0,405148622616968;FALSE;100;"5";"Combined"
"hs_hcb_cadj_Log2";"hs_correct_raven";0;0,0198426202723149;0,00450516721370637;0,0377537055543527;-0,0541532828971463;0,0938385234417761;-0,0695056488506494;0,0835710731222568;0,525580733889767;0,59917954573377;FALSE;100;"5";"Combined"
"hs_pcb118_cadj_Log2";"hs_correct_raven";0;-0,00385902205127686;-0,00777339931812239;0,0267835556854085;-0,0563538265726006;0,0486357824700469;-0,0620033385524616;0,0348623582202753;-0,14408176780573;0,885435901673903;FALSE;100;"5";"Combined"
"hs_pcb153_cadj_Log2";"hs_correct_raven";0;-0,0405921274890357;-0,032568025222241;0,0377234219491891;-0,114528675883054;0,0333444209049828;-0,115052197886063;0,0303151630861389;-1,07604574006331;0,281906800516077;FALSE;100;"5";"Combined"
"hs_pcb170_cadj_Log2";"hs_correct_raven";0;-0,00911792100015816;0,00109224719468562;0,0256573110089344;-0,0594053265178126;0,0411694845174963;-0,0475378832228392;0,0599361249740091;-0,35537321105018;0,722310015291909;FALSE;100;"5";"Combined"
"hs_pcb180_cadj_Log2";"hs_correct_raven";0;-0,0144460202042757;-0,00239831538932637;0,0292241549562831;-0,0717243113972083;0,0428322709886568;-0,0491600496979814;0,0501387501982015;-0,494317807508405;0,62108175079628;FALSE;100;"5";"Combined"
"hs_sumPCBs5_cadj_Log2";"hs_correct_raven";0;0,0754436243130444;0,0522982311192263;0,0403963791617932;-0,00373182394989446;0,154619072575983;-0,0151432901724551;0,138440759690603;1,86758382504734;0,0618201027255457;FALSE;100;"5";"Combined"
"hs_pfhxs_c_Log2";"hs_correct_raven";0;0,0480400288843135;0,0369984050548087;0,0249241719011969;-0,000810450386517517;0,0968905081551446;-0,00360465484790519;0,0894754766417519;1,92744734207224;0,0539239044998657;FALSE;100;"5";"Combined"
"hs_pfoa_c_Log2";"hs_correct_raven";0;0,0178807280591856;0,0121127548046839;0,0172257679562792;-0,0158811567411659;0,051642612859537;-0,0200233050676714;0,0447336959081737;1,03802211341571;0,299259760073022;FALSE;100;"5";"Combined"
"hs_pfos_c_Log2";"hs_correct_raven";0;-0,0266690886415895;-0,0130697420698221;0,0256371562798432;-0,076916991616107;0,0235788143329281;-0,0575738134099725;0,0347456319330868;-1,04025143625456;0,298223100157522;FALSE;100;"5";"Combined"
"hs_pfunda_c_Log2";"hs_correct_raven";0;0,0169703186249984;0,0136217207190616;0,0143180052391681;-0,0110924559742268;0,0450330932242236;-0,00578722833303259;0,0457951110897133;1,18524321939586;0,235921296286292;FALSE;100;"5";"Combined"
"hs_hm_pers_None";"hs_correct_raven";0;-0,0310115739524392;-0,0267088814989487;0,0168424480387625;-0,0640221655199011;0,00199901761502261;-0,0631504059329548;-0,00176119656629413;-1,8412747292476;0,06558130905303;FALSE;100;"5";"Combined"
"hs_trafload_h_pow1over3";"hs_correct_raven";0;-0,00678955102718097;-0,00612018965845658;0,0173923349536721;-0,0408779011434354;0,0272987990890734;-0,0406488926927105;0,028058875936262;-0,390376050442121;0,696258494806455;FALSE;100;"5";"Combined"
"FAS_cat_None_Low";"hs_correct_raven";0;-0,113135528967703;-0,0855467415027348;0,0646286554065981;-0,239805365933886;0,0135343079984785;-0,224134946536267;0,0232071767561685;-1,75054746622739;0,0800238911346128;FALSE;100;"5";"Combined"
"FAS_cat_None_Middle";"hs_correct_raven";0;-0,00471408642407163;-0,00676682153584684;0,0389673784304649;-0,0810887447197257;0,0716605718715824;-0,0674083601276971;0,0642965586723823;-0,120975200640804;0,90371067792825;FALSE;100;"5";"Combined"
"hs_globalexp2_None_no exposure";"hs_correct_raven";0;-0,0589714092928985;-0,0460033568925587;0,0385158345521575;-0,134461057849631;0,0165182392638336;-0,109673608095676;0,0213559156872215;-1,53109519704267;0,125745866698699;FALSE;100;"5";"Combined"
"h_abs_ratio_preg_Log";"hs_Gen_Tot";0;-0,108051120228886;-0,107273900124727;0,0544562962457986;-0,214783499602095;-0,0013187408556774;-0,210867666936678;-0,014383768909949;-1,9841804837622;0,0472357233904145;TRUE;100;"5";"Combined"
"h_no2_ratio_preg_Log";"hs_Gen_Tot";0;0,111588556647749;0,0943040169005962;0,05368138440211;0,00637497657936306;0,216802136716135;-0,00918166515843731;0,204662364959346;2,07871979999388;0,0376431120143643;TRUE;100;"5";"Combined"
"h_pm25_ratio_preg_None";"hs_Gen_Tot";0;-0,0610445329237815;-0,0711163816322087;0,0426672684029205;-0,14467084231221;0,0225817764646466;-0,163812495803636;0,00378750551924921;-1,43071106280624;0,152513041315729;FALSE;100;"5";"Combined"
"h_accesslines300_preg_dic0";"hs_Gen_Tot";0;-0,0835041963308506;-0,0744251111404294;0,130454946234122;-0,33919119255484;0,172182799893139;-0,290789417320889;0,155394570856414;-0,640099886906463;0,522107662533548;FALSE;100;"5";"Combined"
"h_accesspoints300_preg_Log";"hs_Gen_Tot";0;-0,0345555661721876;-0,0184417775349476;0,0587869550876402;-0,149775880904736;0,080664748560361;-0,116256241925562;0,0933857971455085;-0,58781010380061;0,556659761426567;FALSE;100;"5";"Combined"
"h_builtdens300_preg_Sqrt";"hs_Gen_Tot";0;0,0378922209145355;0,0318935578496734;0,0422053680218473;-0,0448287803625437;0,120613222191615;-0,0507310945346905;0,108831074693403;0,897805722128068;0,369289133512059;FALSE;100;"5";"Combined"
"h_connind300_preg_Sqrt";"hs_Gen_Tot";0;-0,0551045190598484;-0,0512221392884654;0,0453190208070777;-0,143928167656342;0,0337191295366453;-0,147560249486653;0,0319562863263384;-1,21592475032564;0,224013588761994;FALSE;100;"5";"Combined"
"h_fdensity300_preg_Log";"hs_Gen_Tot";0;-0,0586424859683945;-0,0708277568968747;0,0602683270250135;-0,176766236345903;0,0594812644091139;-0,208681386549229;0,0169292213186107;-0,973023292052819;0,33054172597088;FALSE;100;"5";"Combined"
"h_frichness300_preg_None";"hs_Gen_Tot";0;-0,0496170179738874;-0,040007977665978;0,0490935990675545;-0,145838704017743;0,0466046680699685;-0,126185524061499;0,0559413244966107;-1,01066165276684;0,312178396669259;FALSE;100;"5";"Combined"
"h_landuseshan300_preg_None";"hs_Gen_Tot";0;0,0605164399307379;0,0690918632923477;0,0356717199521741;-0,00939884644212223;0,130431726303598;-0,000528238744432503;0,125807081286793;1,69648225574415;0,0897945877809596;FALSE;100;"5";"Combined"
"h_popdens_preg_Sqrt";"hs_Gen_Tot";0;0,0078654168080727;0,0105288536121316;0,0439526612693465;-0,078280216304535;0,0940110499206804;-0,067827018894044;0,095026934652652;0,178952003835959;0,857975388630439;FALSE;100;"5";"Combined"
"h_walkability_mean_preg_None";"hs_Gen_Tot";0;-0,012481793087036;-0,0264369413981138;0,0417098652876815;-0,0942316268509091;0,069268040676837;-0,127292290083688;0,0399675167904996;-0,29925277871186;0,764747181646501;FALSE;100;"5";"Combined"
"hs_as_m_Log2";"hs_Gen_Tot";0;0,0207952297791348;0,0215552397141257;0,0332409531837393;-0,0443558412727762;0,0859463008310459;-0,0442725309317649;0,0808816520901872;0,62559065813153;0,531583467776972;FALSE;100;"5";"Combined"
"hs_cd_m_Log2";"hs_Gen_Tot";0;-0,00374313769253714;-0,00358617598305812;0,0357232535156135;-0,0737594279937335;0,0662731526086593;-0,0634147568679738;0,0601995646737648;-0,104781544908868;0,916549154455716;FALSE;100;"5";"Combined"
"hs_co_m_Log2";"hs_Gen_Tot";0;-0,0441298328371267;-0,0414802944261443;0,036878711508729;-0,116410779190478;0,028151113516225;-0,103435836395236;0,0277155810038761;-1,19662078830171;0,231454394025127;FALSE;100;"5";"Combined"
"hs_cu_m_Log2";"hs_Gen_Tot";0;-0,105486906567185;-0,11195631899477;0,0311134221364844;-0,166468093390485;-0,0445057197438841;-0,186707234057255;-0,051978976267471;-3,39039871938382;0,000697910371399542;TRUE;100;"5";"Combined"
"hs_mn_m_Log2";"hs_Gen_Tot";0;-0,0672729555058401;-0,0692632978796305;0,0305368446173392;-0,127124071157321;-0,00742183985435953;-0,129990945898631;-0,0162993615207703;-2,20300939238633;0,0275940866531323;TRUE;100;"5";"Combined"
"hs_mo_m_Log2";"hs_Gen_Tot";0;-0,0339486631766188;-0,0444810725196903;0,0310541928090886;-0,0948137626513953;0,0269164362981576;-0,104405750232537;-0,00103567940372875;-1,09320707143555;0,274302892947746;FALSE;100;"5";"Combined"
"h_humidity_preg_None";"hs_Gen_Tot";0;-0,0691637426739444;-0,0621739254533833;0,0663180349426734;-0,199144702687053;0,0608172173391642;-0,198143213018009;0,0766600151411128;-1,04291001284539;0,296989971784893;FALSE;100;"5";"Combined"
"h_ndvi100_preg_None";"hs_Gen_Tot";0;0,0151523073127172;0,0267239570601697;0,0515562805445718;-0,0858961457314867;0,116200760356921;-0,0848545789628008;0,120073837445306;0,293898379647802;0,768835556312032;FALSE;100;"5";"Combined"
"hs_dde_madj_Log2";"hs_Gen_Tot";0;0,0255000974958077;0,0202734306152489;0,0318576873400359;-0,0369398223214003;0,0879400173130158;-0,0455946682450029;0,0789275641801038;0,800437810303996;0,423457181698116;FALSE;100;"5";"Combined"
"hs_hcb_madj_Log2";"hs_Gen_Tot";0;-0,0507501603982022;-0,0590170514504032;0,0347740835713255;-0,118906111793386;0,0174057909969816;-0,13448114859904;-0,00804929103500248;-1,45942481256503;0,144448220851089;FALSE;100;"5";"Combined"
"hs_pcb118_madj_Log2";"hs_Gen_Tot";0;0,070104055265606;0,0869406775778221;0,0535156048364468;-0,0347846028247074;0,174992713355919;-0,010411649464883;0,192505043324867;1,30997408101537;0,19020460396393;FALSE;100;"5";"Combined"
"hs_pcb138_madj_Log2";"hs_Gen_Tot";0;-0,0747122292835119;-0,0975730424367534;0,052680744126649;-0,177964590450514;0,02854013188349;-0,221510777984743;-0,0142648216995481;-1,41820755424216;0,156130177053641;FALSE;100;"5";"Combined"
"hs_pcb170_madj_Log2";"hs_Gen_Tot";0;-0,0420759421281276;-0,0363513055238771;0,0591562131793655;-0,158019989421458;0,0738681051652024;-0,169766655837043;0,0634256116548456;-0,711268349793632;0,476917960634059;FALSE;100;"5";"Combined"
"hs_pcb180_madj_Log2";"hs_Gen_Tot";0;0,0554430036964084;0,0456980763786117;0,0575742065339859;-0,0574003675486746;0,168286374941492;-0,066563103020603;0,140546296902323;0,962983374572093;0,335555866623899;FALSE;100;"5";"Combined"
"hs_pfhxs_m_Log2";"hs_Gen_Tot";0;0,0450546778765614;0,041035469379469;0,0298268252173604;-0,013404825322636;0,103514181075759;-0,0210251370456633;0,104393376731625;1,5105421897312;0,13090513247114;FALSE;100;"5";"Combined"
"hs_pfna_m_Log2";"hs_Gen_Tot";0;-0,0780057751583412;-0,0982924679391974;0,0442513212342842;-0,164736771045851;0,0087252207291684;-0,180384203687419;-0,00508892557425169;-1,76278974237509;0,0779359580960014;FALSE;100;"5";"Combined"
"e3_asmokcigd_p_None";"hs_Gen_Tot";0;0,00208384804332893;-0,00439700936032348;0,0260880714113575;-0,0490478323490409;0,0532155284356987;-0,0549107426179706;0,0454288175101242;0,0798774279045296;0,936334742377676;FALSE;100;"5";"Combined"
"h_trafload_preg_pow1over3";"hs_Gen_Tot";0;0,00512404586225313;0,00988413778666054;0,0298994625104433;-0,0534778238153213;0,0637259155398276;-0,0454383655548956;0,0635681426146339;0,171375852006149;0,863928241180822;FALSE;100;"5";"Combined"
"h_trafnear_preg_pow1over3";"hs_Gen_Tot";0;0,00537814022464621;0,0119808996580901;0,0398810929661017;-0,0727873656530068;0,0835436461022992;-0,051513203816412;0,0939623060142326;0,134854383986355;0,892727006307088;FALSE;100;"5";"Combined"
"h_clf_preg_Log";"hs_Gen_Tot";0;0,0245204146312977;0,0145366525088129;0,0387095627513386;-0,0513489342186191;0,100389763481215;-0,0603557078746514;0,089253439340399;0,633445921071526;0,526442485312796;FALSE;100;"5";"Combined"
"h_thm_preg_Log";"hs_Gen_Tot";0;-0,0582229558898694;-0,0531636113547611;0,0464850065049078;-0,149331894460599;0,0328859826808599;-0,14410560114535;0,0350113453168614;-1,25251043868785;0,210383927017482;FALSE;100;"5";"Combined"
"e3_alcpreg_yn_None_1";"hs_Gen_Tot";0;-0,0801401594823911;-0,0950641153569348;0,0741869442397009;-0,225543898315286;0,0652635793505039;-0,236315944567199;0,0537325108510191;-1,08024613095608;0,280032590907835;FALSE;100;"5";"Combined"
"h_pamod_t3_None_Often";"hs_Gen_Tot";0;-0,283756541412613;-0,271770496754251;0,113518010142112;-0,506247752887804;-0,061265329937421;-0,471575751954059;-0,0716781144008954;-2,49966098822012;0,0124312202897193;TRUE;100;"5";"Combined"
"h_pamod_t3_None_Sometimes";"hs_Gen_Tot";0;-0,288995034499969;-0,277488637848017;0,118600457979498;-0,521447660689742;-0,0565424083101961;-0,504835457522949;-0,07027057499268;-2,43671094887277;0,0148215216877123;TRUE;100;"5";"Combined"
"h_pamod_t3_None_Very Often";"hs_Gen_Tot";0;-0,232878911218051;-0,223808031082139;0,102031223601379;-0,432856434775306;-0,0329013876607952;-0,376967271864558;-0,0334865507265266;-2,28242789803124;0,0224640898216308;TRUE;100;"5";"Combined"
"h_pavig_t3_None_Low";"hs_Gen_Tot";0;-0,0844465162687855;-0,103307160284229;0,0905689429550285;-0,261958382578504;0,093065350040933;-0,291491307304841;0,039533775804447;-0,932400373831424;0,351129651674019;FALSE;100;"5";"Combined"
"h_pavig_t3_None_Medium";"hs_Gen_Tot";0;-0,0937483246338907;-0,102484930651157;0,110536684159626;-0,310396244557236;0,122899595289455;-0,321775876415124;0,10926361425461;-0,848119566337895;0,396371385867363;FALSE;100;"5";"Combined"
"hs_no2_dy_hs_h_Log";"hs_Gen_Tot";0;-0,0352377345508481;-0,00328245055278407;0,0595510615167822;-0,15195567036487;0,0814802012631742;-0,100592395641262;0,109356629505235;-0,591723029839152;0,554036072351824;FALSE;100;"5";"Combined"
"hs_pm10_dy_hs_h_None";"hs_Gen_Tot";0;-0,0748520956141079;-0,0640306838110177;0,0395286390332042;-0,152326804477072;0,00262261324885664;-0,142474063827279;0,00794535653464442;-1,89361681668908;0,0582758897218454;FALSE;100;"5";"Combined"
"hs_pm10_wk_hs_h_None";"hs_Gen_Tot";0;-0,0851004958142939;-0,107564983287831;0,04406987397366;-0,171475861605887;0,00127486997729882;-0,193164563695031;-0,0432827296990978;-1,93103560643621;0,053478649266816;FALSE;100;"5";"Combined"
"hs_pm25_dy_hs_h_None";"hs_Gen_Tot";0;0,108047458945095;0,106078934119224;0,043234280569443;0,0233098261314865;0,192785091758703;0,0189095259597793;0,19438356781369;2,49911545935288;0,0124503739472002;TRUE;100;"5";"Combined"
"hs_pm25_yr_hs_h_None";"hs_Gen_Tot";0;-0,155916365443343;-0,156882742788612;0,0616372485013875;-0,276723152612208;-0,0351095782744781;-0,269992618610345;-0,0432943890497442;-2,52958023328756;0,0114199060687057;TRUE;100;"5";"Combined"
"hs_pm25abs_dy_hs_h_Log";"hs_Gen_Tot";0;-0,0155469886745278;-0,0263649212755332;0,0346789356944688;-0,083516453657867;0,0524224763088115;-0,085210571262903;0,0394047386660257;-0,448312163080814;0,65392792373;FALSE;100;"5";"Combined"
"hs_pm25abs_yr_hs_h_Log";"hs_Gen_Tot";0;-0,0235223487708847;-0,0292003111510933;0,0409762767972884;-0,103834375514114;0,0567896779723449;-0,0946489475915749;0,0384633600801765;-0,574047976277856;0,565935336242359;FALSE;100;"5";"Combined"
"hs_accesslines300_h_dic0";"hs_Gen_Tot";0;0,0231389925860619;0,0256394520636957;0,12878372813386;-0,229272476351101;0,275550461523225;-0,201795056436173;0,264103288788746;0,179673262463802;0,857409085276148;FALSE;100;"5";"Combined"
"hs_accesspoints300_h_Log";"hs_Gen_Tot";0;0,0225433202825224;0,0134718861127456;0,0483008796991555;-0,0721246643494241;0,117211304914469;-0,0661403784569558;0,11358532359532;0,466726908970078;0,640695275012711;FALSE;100;"5";"Combined"
"hs_connind300_h_Log";"hs_Gen_Tot";0;0,0335601662094284;0,0456943087200182;0,0397652434218123;-0,0443782787337921;0,111498611152649;-0,035611013308148;0,127987237203443;0,843957268246464;0,39869328464131;FALSE;100;"5";"Combined"
"hs_fdensity300_h_Log";"hs_Gen_Tot";0;-0,0172796765746613;-0,0170919727434051;0,049253587540044;-0,113814934262538;0,0792555811132156;-0,106868043484496;0,0711295363885799;-0,350830821422147;0,725715272929593;FALSE;100;"5";"Combined"
"hs_landuseshan300_h_None";"hs_Gen_Tot";0;-0,0575333121500015;-0,0693990021797698;0,0323039108102711;-0,120847813897927;0,00578118959792397;-0,12529267858849;-0,018512815743436;-1,7810014548365;0,0749122130711302;FALSE;100;"5";"Combined"
"hs_walkability_mean_h_None";"hs_Gen_Tot";0;-0,0102560150363906;-0,00513334642402228;0,0374730336280465;-0,0837018113388201;0,0631897812660389;-0,0697787098908686;0,0524871833363387;-0,273690546065492;0,78432244360408;FALSE;100;"5";"Combined"
"hs_accesslines300_s_dic0";"hs_Gen_Tot";0;0,193673507426255;0,190841682834205;0,121029793793623;-0,0435405294655553;0,430887544318066;-0,0338859215719597;0,397204374789889;1,60021347930661;0,109551232880869;FALSE;100;"5";"Combined"
"hs_accesspoints300_s_Log";"hs_Gen_Tot";0;0,0120961275309337;0,0125062785927726;0,0433880573347943;-0,072942902204422;0,0971351572662893;-0,0682057941030542;0,103505378356164;0,278789332225607;0,780406501663421;FALSE;100;"5";"Combined"
"hs_builtdens300_s_Sqrt";"hs_Gen_Tot";0;0,0803506500507547;0,0857374742955019;0,0434499104780822;-0,00480960961777591;0,165510909719285;0,0041678092819251;0,174600944826493;1,84927078483365;0,0644187221060022;FALSE;100;"5";"Combined"
"hs_connind300_s_Log";"hs_Gen_Tot";0;0,0329184856167444;0,0255101813722642;0,0427489295943633;-0,0508678767658461;0,116704847999335;-0,0615162725387285;0,110377565338647;0,770042336243313;0,441274779679211;FALSE;100;"5";"Combined"
"hs_landuseshan300_s_None";"hs_Gen_Tot";0;0,0198334981299077;0,0253840783337818;0,0363236496040802;-0,051359546881142;0,0910265431409574;-0,0440392447739441;0,0896929972571604;0,546021623545224;0,58505107342683;FALSE;100;"5";"Combined"
"h_Absorbance_Log";"hs_Gen_Tot";0;-0,0315553637971495;-0,0374818459513077;0,043313333754291;-0,116447938005923;0,0533372104116239;-0,114196122577524;0,0498106697930823;-0,728536943754032;0,466284962205111;FALSE;100;"5";"Combined"
"h_Benzene_Log";"hs_Gen_Tot";0;0,123583218819156;0,126951311788026;0,0384116163346434;0,048297834215285;0,198868603423028;0,0445526413490409;0,185221651452842;3,21733971677981;0,00129385298222698;TRUE;100;"5";"Combined"
"h_NO2_Log";"hs_Gen_Tot";0;0,00834841561806912;0,0236038946289508;0,040449829068661;-0,0709317925373078;0,087628623773446;-0,0593884628982181;0,0973161245650205;0,206389391754863;0,836486756611232;FALSE;100;"5";"Combined"
"h_PM_Log";"hs_Gen_Tot";0;0,0598596488132753;0,0667845265055289;0,0375323795197465;-0,0137024632995164;0,133421760926067;-0,00438550756936074;0,128577263345731;1,59488019622582;0,110739028951698;FALSE;100;"5";"Combined"
"h_TEX_Log";"hs_Gen_Tot";0;-0,00938267717987472;-0,00830678703426735;0,032428087651482;-0,0729405610642875;0,054175206704538;-0,0645490037957229;0,0536710962221224;-0,289337973941424;0,772322755413378;FALSE;100;"5";"Combined"
"hs_KIDMED_None";"hs_Gen_Tot";0;-0,0354373151815912;-0,0433954600322348;0,0417474844660866;-0,117260881180266;0,0463862508170839;-0,128529924528758;0,0334147925076393;-0,848849113540686;0,395965257260494;FALSE;100;"5";"Combined"
"hs_mvpa_prd_alt_None";"hs_Gen_Tot";0;-0,0845927939801699;-0,080053426597916;0,030648434607944;-0,144662621994271;-0,0245229659660687;-0,143900501561895;-0,0231622172577661;-2,76010161896633;0,00577833846946048;TRUE;100;"5";"Combined"
"hs_sd_wk_None";"hs_Gen_Tot";0;0,0528363708327249;0,0591395502596942;0,0359505990921035;-0,0176255086104363;0,123298250275886;-0,000735041028391385;0,120310205315837;1,46969375106548;0,141644715928967;FALSE;100;"5";"Combined"
"hs_dif_hours_total_None";"hs_Gen_Tot";0;-0,0959633138767199;-0,104340300615722;0,0318623469801727;-0,158412366420777;-0,0335142613326628;-0,162051525317017;-0,0467834369546408;-3,01180932893725;0,00259695661683983;TRUE;100;"5";"Combined"
"hs_as_c_Log2";"hs_Gen_Tot";0;0,031420181949416;0,0292922987258668;0,0346879574030426;-0,036566965257807;0,0994073291566389;-0,0365981314687026;0,10138804504262;0,90579510301924;0,365044313453154;FALSE;100;"5";"Combined"
"hs_co_c_Log2";"hs_Gen_Tot";0;-0,033947468290798;-0,0422775334634263;0,0356971172247892;-0,103912532403289;0,0360175958216932;-0,113639381223315;0,0198581599305893;-0,950986268079479;0,341611346722498;FALSE;100;"5";"Combined"
"hs_cs_c_Log2";"hs_Gen_Tot";0;0,0434198537386487;0,0393135130577111;0,039492200141268;-0,0339834362084842;0,120823143685782;-0,0299408237572461;0,123434884483919;1,09945390693178;0,271570128486894;FALSE;100;"5";"Combined"
"hs_cu_c_Log2";"hs_Gen_Tot";0;0,0424098012182908;0,0428509447419441;0,0288585873201391;-0,0141519905738861;0,0989715930104677;-0,0109440355028687;0,0945158087625401;1,46957301644128;0,141677432851588;FALSE;100;"5";"Combined"
"hs_hg_c_Log2";"hs_Gen_Tot";0;-0,0594065365886069;-0,0631170262713983;0,0373869378536542;-0,132683588274006;0,0138705150967925;-0,136115452313278;0,00238154934052202;-1,58896502359047;0,112068289447133;FALSE;100;"5";"Combined"
"hs_mn_c_Log2";"hs_Gen_Tot";0;0,0286428457478967;0,0341114441842918;0,028048120592612;-0,026330460447659;0,0836161519434525;-0,0219310454503999;0,0869222158169076;1,02120374352075;0,307157919114116;FALSE;100;"5";"Combined"
"hs_mo_c_Log2";"hs_Gen_Tot";0;0,0122282622543168;0,00931021130303219;0,0291371225198441;-0,0448794484977086;0,0693359730063423;-0,0504291105985205;0,0622901162999258;0,419679817249924;0,674719371034413;FALSE;100;"5";"Combined"
"hs_pb_c_Log2";"hs_Gen_Tot";0;0,026191754056169;0,0369598785347695;0,0357250935438882;-0,0438281426341763;0,0962116507465142;-0,0359762847461183;0,094131772760385;0,733147249117555;0,463468624812037;FALSE;100;"5";"Combined"
"hs_hum_mt_hs_h_None";"hs_Gen_Tot";0;0,0612016638222751;0,0612323992863621;0,050166796517925;-0,0371234505726072;0,159526778217157;-0,0200532639277508;0,157033731901818;1,21996356295956;0,222478687986114;FALSE;100;"5";"Combined"
"hs_hum_dy_hs_h_None";"hs_Gen_Tot";0;-0,0533236510881104;-0,0636344211277153;0,0390896180737815;-0,129937894682148;0,0232905925059272;-0,135823192078436;0,0172465880707419;-1,36413845199158;0,172523994753925;FALSE;100;"5";"Combined"
"hs_hum_wk_hs_h_None";"hs_Gen_Tot";0;-0,00920682188012046;-0,0135566263785988;0,0516148737385616;-0,110370115474284;0,0919564717140426;-0,111686127511006;0,0834372086867288;-0,178375363790574;0,858428195868407;FALSE;100;"5";"Combined"
"hs_tm_dy_hs_h_None";"hs_Gen_Tot";0;-0,037853769370653;-0,0390200542163834;0,0411654870727083;-0,11853664143921;0,0428291026979045;-0,123893211239339;0,0333955219802581;-0,919551110953552;0,357807384782353;FALSE;100;"5";"Combined"
"hs_ndvi100_h_None";"hs_Gen_Tot";0;-0,0722005722491345;-0,0795588495770293;0,0431276321019529;-0,156729177907456;0,0123280334091867;-0,164516112322451;-0,00077925587827112;-1,67411398980713;0,094108198830349;FALSE;100;"5";"Combined"
"hs_ndvi100_s_None";"hs_Gen_Tot";0;-0,0339993069055572;-0,0243694263346716;0,0426787323771927;-0,117648085270678;0,0496494714595641;-0,102253918562143;0,0558595933617087;-0,796633475546388;0,425663929799662;FALSE;100;"5";"Combined"
"hs_dde_cadj_Log2";"hs_Gen_Tot";0;-0,0459909403814925;-0,0339178031633693;0,0389149070593794;-0,1222627566796;0,0302808759166146;-0,108474554935978;0,044048227556901;-1,18183348893307;0,237271776939652;FALSE;100;"5";"Combined"
"hs_ddt_cadj_Log2";"hs_Gen_Tot";0;-0,0460612497618351;-0,0469262483911442;0,0321417545472745;-0,10905793107442;0,0169354315507495;-0,113108864851773;0,0034735776736696;-1,43306581767612;0,151839028888225;FALSE;100;"5";"Combined"
"hs_hcb_cadj_Log2";"hs_Gen_Tot";0;0,0508648024582297;0,0478020530953252;0,0556006397882883;-0,0581104490442001;0,15984005396066;-0,0532001302012271;0,147930829264106;0,914824049721526;0,360284007132226;FALSE;100;"5";"Combined"
"hs_pcb118_cadj_Log2";"hs_Gen_Tot";0;0,0346798486812633;0,0459851651858526;0,0465170633631835;-0,056491920177144;0,125851617539671;-0,0283647427196735;0,143043106689413;0,74552962233448;0,455951610424279;FALSE;100;"5";"Combined"
"hs_pcb153_cadj_Log2";"hs_Gen_Tot";0;0,0167664736633639;0,0140363900537183;0,0557426043584959;-0,0924870232837536;0,126019970610481;-0,109294817770078;0,125475336884914;0,300783823366668;0,763579344609762;FALSE;100;"5";"Combined"
"hs_pcb170_cadj_Log2";"hs_Gen_Tot";0;-0,0198069981371706;-0,0345230374101504;0,0335004225785509;-0,0854666198580029;0,0458526235836616;-0,0991168425201122;0,0258490585403622;-0,591246217588082;0,554355459635214;FALSE;100;"5";"Combined"
"hs_pcb180_cadj_Log2";"hs_Gen_Tot";0;-0,120570353590906;-0,133472155022058;0,0472083330495218;-0,213096986138141;-0,0280437210436718;-0,229674233284264;-0,0624720934782102;-2,55400574013972;0,0106491500935906;TRUE;100;"5";"Combined"
"hs_sumPCBs5_cadj_Log2";"hs_Gen_Tot";0;0,00907283236716542;0,0163467551713245;0,0694617169429464;-0,127069631145325;0,145215295879656;-0,0919077819426787;0,172517170401881;0,130616298681727;0,896078848707348;FALSE;100;"5";"Combined"
"hs_pfhxs_c_Log2";"hs_Gen_Tot";0;0,0402059368025289;0,0354278201788265;0,0368661089603369;-0,0320503090098608;0,112462182614919;-0,0303419285344624;0,10348323739846;1,09059344575217;0,275451814845892;FALSE;100;"5";"Combined"
"hs_pfoa_c_Log2";"hs_Gen_Tot";0;-0,0284118137152635;-0,026291542984334;0,0316866446202356;-0,0905164959618452;0,0336928685313182;-0,0795104740898144;0,0344124559274959;-0,896649489265242;0,369905981373531;FALSE;100;"5";"Combined"
"hs_pfos_c_Log2";"hs_Gen_Tot";0;-0,0490153476279772;-0,0589808026831883;0,0350201907426302;-0,117653660215255;0,019622964959301;-0,118353646701037;0,00567378747616119;-1,39963108676934;0,161623819884516;FALSE;100;"5";"Combined"
"hs_pfunda_c_Log2";"hs_Gen_Tot";0;0,0236119090435666;0,0214010101727114;0,0313504666695982;-0,0378338765273692;0,0850576946145025;-0,0287548182124523;0,0805077485222604;0,753159730998967;0,451353934470399;FALSE;100;"5";"Combined"
"hs_hm_pers_None";"hs_Gen_Tot";0;-0,036560358292307;-0,0300325810157083;0,0239314825793454;-0,0834652022444716;0,0103444856598577;-0,0740333238715575;0,0144287310760743;-1,52770970921213;0,126584628405281;FALSE;100;"5";"Combined"
"hs_trafload_h_pow1over3";"hs_Gen_Tot";0;0,0180235935086263;0,0154814276080247;0,0324471735874192;-0,0455716981228346;0,0816188851400872;-0,0418914296672595;0,0736811848155484;0,555474992608128;0,57856981044253;FALSE;100;"5";"Combined"
"FAS_cat_None_Low";"hs_Gen_Tot";0;0,0239235647991921;0,015641604658464;0,0985506252595917;-0,169232111363511;0,217079240961895;-0,181902782725918;0,192189924764355;0,242754064077982;0,808195922760238;FALSE;100;"5";"Combined"
"FAS_cat_None_Middle";"hs_Gen_Tot";0;0,0309945713116839;0,0103556158624994;0,0586761459799136;-0,0840085615605614;0,145997704183929;-0,107859248754123;0,11759972495903;0,528231205271971;0,597338873241499;FALSE;100;"5";"Combined"
"hs_globalexp2_None_no exposure";"hs_Gen_Tot";0;0,00560657712476642;0,000663168429985867;0,0651140485743614;-0,122014612968574;0,133227767218106;-0,114121857369908;0,111177466971579;0,0861039552526611;0,93138377946725;FALSE;100;"5";"Combined"
"h_abs_ratio_preg_Log";"hs_bmi_c_cat";0;0,0135980424012991;0,00887306774135761;0,0825785226900447;-0,148252887967712;0,17544897277031;-0,148192196836681;0,173943391803785;0,164668026967966;0,869205284167746;FALSE;100;"5";"Combined"
"h_no2_ratio_preg_Log";"hs_bmi_c_cat";0;-0,0901317327019563;-0,0859547369608144;0,0770367308539662;-0,241120950662436;0,0608574852585229;-0,227095910964138;0,0686201728254739;-1,16998387266476;0,242007458979783;FALSE;100;"5";"Combined"
"h_pm25_ratio_preg_None";"hs_bmi_c_cat";0;-0,0601777990811594;-0,0652698112670261;0,06496199004024;-0,187500959924079;0,0671453617617607;-0,163409137171298;0,0883072246492007;-0,926353996296648;0,354262043272861;FALSE;100;"5";"Combined"
"h_accesslines300_preg_dic0";"hs_bmi_c_cat";0;-0,145057791431547;-0,171363102608617;0,206261266509963;-0,549322445196692;0,259206862333598;-0,58984113557002;0,203779783510508;-0,70327208731912;0,481886202243957;FALSE;100;"5";"Combined"
"h_accesspoints300_preg_Log";"hs_bmi_c_cat";0;-0,13888755819238;-0,142927369027825;0,0862824385115874;-0,307998030173383;0,0302229137886228;-0,329586126655695;-0,0167148613946242;-1,60968512930622;0,107466612995189;FALSE;100;"5";"Combined"
"h_builtdens300_preg_Sqrt";"hs_bmi_c_cat";0;-0,0633073604309542;-0,0648128960279131;0,0828370349444936;-0,225664965508247;0,0990502446463391;-0,215769696424465;0,0875819464153564;-0,76423981705012;0,444724342558094;FALSE;100;"5";"Combined"
"h_connind300_preg_Sqrt";"hs_bmi_c_cat";0;-0,0634056189904888;-0,0619243907522463;0,0722375401648868;-0,204988596045432;0,0781773580644549;-0,175057487035001;0,0804852595914376;-0,877737791815189;0,380086030533678;FALSE;100;"5";"Combined"
"h_fdensity300_preg_Log";"hs_bmi_c_cat";0;-0,115926042601873;-0,113733187875448;0,086089173152033;-0,28465772143869;0,052805636234944;-0,280588285228293;0,0431690196472047;-1,34658097362776;0,178115225314513;FALSE;100;"5";"Combined"
"h_frichness300_preg_None";"hs_bmi_c_cat";0;-0,0492294792901502;-0,0531006818783591;0,0684089752957262;-0,183308607089064;0,0848496485087634;-0,171336460803851;0,103593980720038;-0,719634800511707;0,471749879363679;FALSE;100;"5";"Combined"
"h_landuseshan300_preg_None";"hs_bmi_c_cat";0;0,0170944963784316;0,0220352908906434;0,0700122998260752;-0,120127089755496;0,154316082512359;-0,104616598885584;0,146766653563652;0,244164188591116;0,807103661165784;FALSE;100;"5";"Combined"
"h_popdens_preg_Sqrt";"hs_bmi_c_cat";0;0,123951091707554;0,135576794817019;0,083468093432322;-0,0396433652780211;0,287545548693129;-0,026628143332917;0,301705072726211;1,48501165667641;0,137540736282857;FALSE;100;"5";"Combined"
"h_walkability_mean_preg_None";"hs_bmi_c_cat";0;-0,0517443460928544;-0,0488578321499396;0,0841580696541774;-0,216691131623455;0,113202439437746;-0,209158768772962;0,0918528804568541;-0,614847112172159;0,538655692870722;FALSE;100;"5";"Combined"
"hs_as_m_Log2";"hs_bmi_c_cat";0;0,108237337982381;0,112798251096408;0,0684802794251117;-0,0259815433420769;0,242456219306839;-0,00369498780462248;0,241442319185787;1,58056215440457;0,113978184882878;FALSE;100;"5";"Combined"
"hs_cd_m_Log2";"hs_bmi_c_cat";0;0,00743655098953521;0,00795939696672031;0,0586096638865893;-0,107436279374178;0,122309381353248;-0,121390333864516;0,111936313837561;0,126882675934212;0,899033258411503;FALSE;100;"5";"Combined"
"hs_co_m_Log2";"hs_bmi_c_cat";0;0,0922759316183184;0,0918424854818006;0,072328688895535;-0,0494856936659323;0,234037556902569;-0,0402185705254694;0,229916283715299;1,27578604046858;0,202031163542512;FALSE;100;"5";"Combined"
"hs_cu_m_Log2";"hs_bmi_c_cat";0;-0,106295465365055;-0,117257742669075;0,0656520382977033;-0,234971095940198;0,0223801652100872;-0,262792888375224;-0,00769663566097013;-1,61907334671091;0,105431482749885;FALSE;100;"5";"Combined"
"hs_mn_m_Log2";"hs_bmi_c_cat";0;0,0481436541405991;0,0503782897263818;0,0716889872463605;-0,0923641789504187;0,188651487231617;-0,0675636510975227;0,204101851063168;0,671562760053404;0,501862092624074;FALSE;100;"5";"Combined"
"hs_mo_m_Log2";"hs_bmi_c_cat";0;0,0121141630337104;0,00569650208051095;0,0834988842578166;-0,151540642860889;0,175768968928309;-0,139416963124665;0,148194978621838;0,145081735419432;0,88464633872963;FALSE;100;"5";"Combined"
"h_humidity_preg_None";"hs_bmi_c_cat";0;-0,0302396387961946;-0,039272751128787;0,0755063130775058;-0,178229293033512;0,117750015441122;-0,210385875443212;0,0841627044288998;-0,400491529299731;0,688794521253026;FALSE;100;"5";"Combined"
"h_ndvi100_preg_None";"hs_bmi_c_cat";0;-0,108920000420792;-0,111730196590016;0,0871174451195526;-0,27966705528026;0,0618270544386754;-0,280991098419527;0,0520373252747841;-1,25026623853948;0,211202307064987;FALSE;100;"5";"Combined"
"hs_dde_madj_Log2";"hs_bmi_c_cat";0;0,154439273062625;0,158240081166654;0,0718774010919122;0,0135621556201369;0,295316390505113;0,0349604015305106;0,332240511383047;2,14864854205201;0,0316622706430006;TRUE;100;"5";"Combined"
"hs_hcb_madj_Log2";"hs_bmi_c_cat";0;-0,0128705535713179;-0,0241651175087027;0,0741778511294074;-0,15825647023553;0,132515363092894;-0,186482984242891;0,106582661769725;-0,173509388252087;0,862251049045438;FALSE;100;"5";"Combined"
"hs_pcb118_madj_Log2";"hs_bmi_c_cat";0;-0,0115824058591033;-0,0174533041988021;0,080355908104037;-0,169077091688026;0,14591227996982;-0,162665704913924;0,136348124790295;-0,144138821057283;0,885390850014043;FALSE;100;"5";"Combined"
"hs_pcb138_madj_Log2";"hs_bmi_c_cat";0;-0,0118091209888439;-0,000881923720292905;0,0865941852087037;-0,181530605268494;0,157912363290806;-0,155375589433214;0,17033906016758;-0,136373140533424;0,891526306036179;FALSE;100;"5";"Combined"
"hs_pcb170_madj_Log2";"hs_bmi_c_cat";0;-0,162155418606614;-0,166560311580849;0,0814621725130668;-0,321818342834614;-0,00249249437861415;-0,309244299575472;-3,88014520761341e-05;-1,99056093895119;0,0465291781754964;TRUE;100;"5";"Combined"
"hs_pcb180_madj_Log2";"hs_bmi_c_cat";0;-0,0273260911258631;-0,0215967221110465;0,0733929034395992;-0,171173538588303;0,116521356336577;-0,157008020339947;0,124287418114574;-0,372326067578889;0,709650092423814;FALSE;100;"5";"Combined"
"hs_pfhxs_m_Log2";"hs_bmi_c_cat";0;-0,149581143373866;-0,148796070013053;0,0695089880950706;-0,285816256642028;-0,0133460301057043;-0,276538512440055;-0,0177953822586443;-2,15196836370682;0,0313998461402088;TRUE;100;"5";"Combined"
"hs_pfna_m_Log2";"hs_bmi_c_cat";0;0,185725992278121;0,187141721242879;0,0666334305210441;0,0551268682905222;0,316325116265719;0,0515413335015294;0,30813007471256;2,78727946056244;0,00531526195590467;TRUE;100;"5";"Combined"
"e3_asmokcigd_p_None";"hs_bmi_c_cat";0;-0,07590311766825;-0,0713202718732741;0,0564639776642781;-0,186570480314109;0,0347642449776091;-0,154753356782522;0,0470471192281019;-1,34427507249937;0,178859453261547;FALSE;100;"5";"Combined"
"h_trafload_preg_pow1over3";"hs_bmi_c_cat";0;0,189799285486084;0,191645963526666;0,0650133461462844;0,0623754685249303;0,317223102447237;0,0607845975998471;0,330115126968495;2,91938958285615;0,00350717615618528;TRUE;100;"5";"Combined"
"h_trafnear_preg_pow1over3";"hs_bmi_c_cat";0;0,00878455817230412;0,0140057010318635;0,0738498393939128;-0,135958467303832;0,15352758364844;-0,120877752034277;0,145963241652486;0,118951621891113;0,905313683695347;FALSE;100;"5";"Combined"
"h_clf_preg_Log";"hs_bmi_c_cat";0;-0,0544945931256309;-0,0547484807176085;0,0750129666402957;-0,201517306114115;0,0925281198628532;-0,185443528273901;0,109200390972797;-0,726468976849628;0,467551319158516;FALSE;100;"5";"Combined"
"h_thm_preg_Log";"hs_bmi_c_cat";0;-0,0700085555800554;-0,067451208806575;0,0928545008247281;-0,252000032998967;0,111982921838856;-0,232274428358475;0,116343589648946;-0,753959743019926;0,450873395056946;FALSE;100;"5";"Combined"
"e3_alcpreg_yn_None_1";"hs_bmi_c_cat";0;-0,132866855780978;-0,140684828732285;0,154851186006821;-0,436369603317659;0,170635891755703;-0,40729655134463;0,160361789691777;-0,858029306763758;0,390876280894571;FALSE;100;"5";"Combined"
"h_pamod_t3_None_Often";"hs_bmi_c_cat";0;-0,200784274752004;-0,209982423436163;0,140282029711992;-0,475732000665685;0,0741634511616772;-0,501703805570449;0,0184278714014187;-1,43129006020392;0,152347101471;FALSE;100;"5";"Combined"
"h_pamod_t3_None_Sometimes";"hs_bmi_c_cat";0;-0,174526585560165;-0,171949779995659;0,181157462199046;-0,529588687000971;0,180535515880641;-0,592620733045897;0,151865267776656;-0,963397165325737;0,335348248319507;FALSE;100;"5";"Combined"
"h_pamod_t3_None_Very Often";"hs_bmi_c_cat";0;-0,107595295842256;-0,109169565862752;0,124791126361766;-0,352181409101504;0,136990817416992;-0,367735150915748;0,135006531084567;-0,862203098723064;0,388575764809117;FALSE;100;"5";"Combined"
"h_pavig_t3_None_Low";"hs_bmi_c_cat";0;-0,272670429182746;-0,266888864614029;0,14607737914741;-0,558976831267673;0,0136359729021805;-0,534420454209589;0,00674133463646774;-1,86661638355099;0,0619551780117737;FALSE;100;"5";"Combined"
"h_pavig_t3_None_Medium";"hs_bmi_c_cat";0;-0,134309499139261;-0,126166262270469;0,161368405295891;-0,450585761761869;0,181966763483348;-0,437835916675214;0,201087997991785;-0,832315959824888;0,405230624404989;FALSE;100;"5";"Combined"
"hs_no2_dy_hs_h_Log";"hs_bmi_c_cat";0;-0,178911131574415;-0,176214423336713;0,0841076828560486;-0,343759160795387;-0,0140631023534432;-0,335293212395462;-0,0376370002078189;-2,12716752500035;0,0334061663677175;TRUE;100;"5";"Combined"
"hs_pm10_dy_hs_h_None";"hs_bmi_c_cat";0;0,143465148924365;0,144457179379844;0,0723767767661199;0,00160927314567452;0,285321024703055;0,0111448728687787;0,287114137884045;1,98219864623098;0,0474570121474063;TRUE;100;"5";"Combined"
"hs_pm10_wk_hs_h_None";"hs_bmi_c_cat";0;-0,113807989547879;-0,0949617465400604;0,0678591389325676;-0,246809457877611;0,0191934787818536;-0,202121819990911;0,0469523393938578;-1,67712103834637;0,0935188155948115;FALSE;100;"5";"Combined"
"hs_pm25_dy_hs_h_None";"hs_bmi_c_cat";0;0,101542797893155;0,0982602800145274;0,0807863666593902;-0,0567955712010969;0,259881166987407;-0,0545171424294516;0,243680772478825;1,2569298768105;0,208779028791369;FALSE;100;"5";"Combined"
"hs_pm25_yr_hs_h_None";"hs_bmi_c_cat";0;0,0693567014843471;0,0648946878378575;0,076480657995779;-0,0805426337013051;0,219256036669999;-0,0709966021077187;0,208178191371373;0,90685283445358;0,364484625832239;FALSE;100;"5";"Combined"
"hs_pm25abs_dy_hs_h_Log";"hs_bmi_c_cat";0;-0,0016546192463515;-0,00148970410795761;0,070621539573729;-0,14007029334363;0,136761054850928;-0,109200903907467;0,139256680343199;-0,0234293850904238;0,981307765523228;FALSE;100;"5";"Combined"
"hs_pm25abs_yr_hs_h_Log";"hs_bmi_c_cat";0;0,0819830388217737;0,0832689041021066;0,0844784664205892;-0,0835917128317574;0,247557790475305;-0,076496535421702;0,239186941167474;0,97046078480649;0,331816862825467;FALSE;100;"5";"Combined"
"hs_accesslines300_h_dic0";"hs_bmi_c_cat";0;0,0416022438486319;0,0539312807100431;0,175205749419166;-0,301794714897283;0,384999202594547;-0,267737987125245;0,371944723352316;0,237447937562264;0,812309304080336;FALSE;100;"5";"Combined"
"hs_accesspoints300_h_Log";"hs_bmi_c_cat";0;-0,030674688664396;-0,0356842570828338;0,0864221968412087;-0,200059081937996;0,138709704609204;-0,202434320515352;0,123025175934833;-0,354939931933892;0,722634592252943;FALSE;100;"5";"Combined"
"hs_connind300_h_Log";"hs_bmi_c_cat";0;0,0905887069019996;0,0980236930210449;0,0706217428415769;-0,0478273655929406;0,22900477939694;-0,0580549909184669;0,21949368721497;1,2827311144843;0,199586295121117;FALSE;100;"5";"Combined"
"hs_fdensity300_h_Log";"hs_bmi_c_cat";0;-0,0790070526668177;-0,0812997991444505;0,0802570759682855;-0,236308031069152;0,078293925735517;-0,255523187852867;0,0560931755938247;-0,984424758983722;0,324906709415061;FALSE;100;"5";"Combined"
"hs_landuseshan300_h_None";"hs_bmi_c_cat";0;-0,0397377900115545;-0,0347292759683127;0,0783239945714297;-0,193249998496867;0,113774418473758;-0,176006917322548;0,123397985329766;-0,507351421859805;0,611908264228202;FALSE;100;"5";"Combined"
"hs_walkability_mean_h_None";"hs_bmi_c_cat";0;0,0406021747371535;0,0327867399116197;0,0777252022491878;-0,111736422362346;0,192940771836653;-0,0992646325993832;0,190907277221613;0,522381075406951;0,601405029741823;FALSE;100;"5";"Combined"
"hs_accesslines300_s_dic0";"hs_bmi_c_cat";0;0,152100921069967;0,160368406467618;0,179778351098866;-0,200258172283806;0,50446001442374;-0,162022498087541;0,528041650589563;0,846046924672938;0,39752656744848;FALSE;100;"5";"Combined"
"hs_accesspoints300_s_Log";"hs_bmi_c_cat";0;-0,200179371283124;-0,20978429977292;0,100072851737392;-0,39631855651863;-0,00404018604761897;-0,406441681309251;-0,0130212764905842;-2,00033643298612;0,0454639474322949;TRUE;100;"5";"Combined"
"hs_builtdens300_s_Sqrt";"hs_bmi_c_cat";0;-0,0214906021573032;-0,0286004455351203;0,0760510228171471;-0,170547867866345;0,127566663551739;-0,146538311150993;0,118505672760434;-0,282581369207538;0,777497763694895;FALSE;100;"5";"Combined"
"hs_connind300_s_Log";"hs_bmi_c_cat";0;-0,0748308551763319;-0,0695409614571315;0,07708537355988;-0,225915411088513;0,076253700735849;-0,214634556480155;0,0462381338600413;-0,970752968047865;0,331671308274473;FALSE;100;"5";"Combined"
"hs_landuseshan300_s_None";"hs_bmi_c_cat";0;-0,00368292524027535;-0,00363279732206784;0,0673473556716981;-0,135681316810813;0,128315466330262;-0,112261255002356;0,134212725454112;-0,0546855211098222;0,95638900458172;FALSE;100;"5";"Combined"
"h_Absorbance_Log";"hs_bmi_c_cat";0;-0,0195479381539041;-0,0231045425803943;0,0832700873497446;-0,182754310348908;0,1436584340411;-0,215329094735337;0,118836574227889;-0,23475342438156;0,814400119506638;FALSE;100;"5";"Combined"
"h_Benzene_Log";"hs_bmi_c_cat";0;0,0623095701534028;0,0675858379459221;0,0667350596998697;-0,0684887433644722;0,193107883671278;-0,0616529620089597;0,199394956920043;0,933685688356767;0,350466049573472;FALSE;100;"5";"Combined"
"h_NO2_Log";"hs_bmi_c_cat";0;0,0569220274408418;0,0524042825469905;0,0827696848104316;-0,105303573799336;0,21914762868102;-0,0771453902819524;0,206762939043778;0,687715889835886;0,491631711684124;FALSE;100;"5";"Combined"
"h_PM_Log";"hs_bmi_c_cat";0;0,119776069682135;0,129120204718702;0,0643924822147288;-0,00643087633386924;0,24598301569814;0,0221242863679235;0,257695657480285;1,86009399797199;0,0628722282169771;FALSE;100;"5";"Combined"
"h_TEX_Log";"hs_bmi_c_cat";0;0,056597522480129;0,0541573348679999;0,0586746338889232;-0,0584026467482339;0,171597691708492;-0,0567172464303369;0,155671360580033;0,964599499457868;0,334745450224035;FALSE;100;"5";"Combined"
"hs_KIDMED_None";"hs_bmi_c_cat";0;0,129810773380904;0,133965272887153;0,0652809069343616;0,00186254691144452;0,257758999850364;0,0194343314194027;0,276205937500263;1,98849525040187;0,0467569437780814;TRUE;100;"5";"Combined"
"hs_mvpa_prd_alt_None";"hs_bmi_c_cat";0;-0,0539938128959135;-0,0506405964874218;0,0811272378753452;-0,213000277296804;0,105012651504977;-0,202437146683799;0,0782128054289819;-0,665544819594091;0,505702086655499;FALSE;100;"5";"Combined"
"hs_sd_wk_None";"hs_bmi_c_cat";0;0,00073484269917827;-0,00262735014523194;0,0690088516049089;-0,134520021060912;0,135989706459269;-0,122204402160577;0,12804143286078;0,0106485281538289;0,991503864355523;FALSE;100;"5";"Combined"
"hs_dif_hours_total_None";"hs_bmi_c_cat";0;-0,116890529225085;-0,117454222331414;0,062779016231236;-0,239935140023163;0,00615408157299303;-0,243148869701969;-0,00986970166725509;-1,86193630041188;0,0626120695513395;FALSE;100;"5";"Combined"
"hs_as_c_Log2";"hs_bmi_c_cat";0;-0,0420072106126535;-0,0400837630336678;0,0586551795469494;-0,156969250031405;0,0729548288060978;-0,145787964678564;0,0644535451231645;-0,716172227876817;0,473885009345611;FALSE;100;"5";"Combined"
"hs_co_c_Log2";"hs_bmi_c_cat";0;-0,0966205840777948;-0,101971915949126;0,0680006621516548;-0,229899432819914;0,0366582646643245;-0,236628804211128;0,0228693868432536;-1,42087710649511;0,155352489550379;FALSE;100;"5";"Combined"
"hs_cs_c_Log2";"hs_bmi_c_cat";0;0,239935860231674;0,242613680802628;0,0722010134817434;0,0984244741601656;0,381447246303181;0,103690521478349;0,363637887162656;3,32316471281034;0,000890023445377446;TRUE;100;"5";"Combined"
"hs_cu_c_Log2";"hs_bmi_c_cat";0;0,234076286149073;0,251669215267832;0,0699707522658136;0,0969361317369042;0,371216440561242;0,139661376021377;0,385831667836736;3,34534471288568;0,000821803632348406;TRUE;100;"5";"Combined"
"hs_hg_c_Log2";"hs_bmi_c_cat";0;-0,00783814714870413;-0,0127881941976405;0,0798658463241733;-0,164372329538894;0,148696035241486;-0,155597620454603;0,13984781382636;-0,098141414753051;0,921820002022647;FALSE;100;"5";"Combined"
"hs_mn_c_Log2";"hs_bmi_c_cat";0;-0,0252435865844632;-0,0279526895775611;0,0568441850876609;-0,136656142086807;0,086168968917881;-0,119254163557623;0,0787025292289329;-0,444083885546682;0,656981936597396;FALSE;100;"5";"Combined"
"hs_mo_c_Log2";"hs_bmi_c_cat";0;-0,086604977924508;-0,0905489510297054;0,0577822956995628;-0,199856196439695;0,0266462405906787;-0,18960143715133;0,0268800406138208;-1,49881511068386;0,133921603414987;FALSE;100;"5";"Combined"
"hs_pb_c_Log2";"hs_bmi_c_cat";0;-0,00703933772183358;-0,00679564525434543;0,0646303434419099;-0,133712483176431;0,119633807732764;-0,134511982737233;0,104969405138064;-0,108916916527924;0,913268389019342;FALSE;100;"5";"Combined"
"hs_hum_mt_hs_h_None";"hs_bmi_c_cat";0;0,226830356606389;0,234751102590693;0,0703710785798025;0,0889055770367385;0,36475513617604;0,0884794997919042;0,351674554467312;3,22334631192498;0,00126702269138709;TRUE;100;"5";"Combined"
"hs_hum_dy_hs_h_None";"hs_bmi_c_cat";0;0,0320210810441663;0,0322736891005107;0,0801995314055539;-0,125167112087708;0,189209274176041;-0,109249659986885;0,168224283748198;0,399267682528489;0,689695977054477;FALSE;100;"5";"Combined"
"hs_hum_wk_hs_h_None";"hs_bmi_c_cat";0;0,0751684752314442;0,0682444063766115;0,0693811742062349;-0,0608161274178756;0,211153077880764;-0,0571408639401393;0,198783587083525;1,08341313175252;0,278625089527193;FALSE;100;"5";"Combined"
"hs_tm_dy_hs_h_None";"hs_bmi_c_cat";0;-0,0794113816986429;-0,0790544236815909;0,0789116152781409;-0,23407530560568;0,0752525422083939;-0,259714087970977;0,056706810791776;-1,00633324281527;0,314255294530165;FALSE;100;"5";"Combined"
"hs_ndvi100_h_None";"hs_bmi_c_cat";0;-0,0636993115193559;-0,0645028484738299;0,0712471223507159;-0,203341105328878;0,0759424822901659;-0,213232318639087;0,0512857582338806;-0,894061534244069;0,371288968635929;FALSE;100;"5";"Combined"
"hs_ndvi100_s_None";"hs_bmi_c_cat";0;-0,0540890817040361;-0,0541874829054738;0,0796249673079919;-0,210151149897879;0,101972986489807;-0,190817720777379;0,0997855258288723;-0,679298008309603;0,496949058158307;FALSE;100;"5";"Combined"
"hs_dde_cadj_Log2";"hs_bmi_c_cat";0;-0,243599274082843;-0,256399497849744;0,0955251021163428;-0,430825033850386;-0,0563735143153;-0,420257236301735;-0,0675583653045803;-2,55010744491177;0,0107689724554204;TRUE;100;"5";"Combined"
"hs_ddt_cadj_Log2";"hs_bmi_c_cat";0;0,0270174807988558;0,0191567538083495;0,0658413354076178;-0,102029165294097;0,156064126891809;-0,0944100676926761;0,134053983457813;0,410342236098234;0,681554913312005;FALSE;100;"5";"Combined"
"hs_hcb_cadj_Log2";"hs_bmi_c_cat";0;-0,527469160058933;-0,537284308828472;0,0887824338389866;-0,701479532843157;-0,353458787274709;-0,707257769075189;-0,374300585445483;-5,94114327858523;2,83041088848837e-09;TRUE;100;"5";"Combined"
"hs_pcb118_cadj_Log2";"hs_bmi_c_cat";0;0,0856323360576682;0,075436881495051;0,0782142147871521;-0,06766470800423;0,238929380119566;-0,0632855668132722;0,23372290502566;1,09484364563019;0,273585141484919;FALSE;100;"5";"Combined"
"hs_pcb153_cadj_Log2";"hs_bmi_c_cat";0;-0,0495228592313651;-0,0635704611815602;0,0724294113976752;-0,191481896992243;0,0924361785295132;-0,192416255426131;0,0657144983015159;-0,683739633882412;0,494139591441515;FALSE;100;"5";"Combined"
"hs_pcb170_cadj_Log2";"hs_bmi_c_cat";0;-0,247531640589949;-0,258932699957335;0,076269142312688;-0,397016412654577;-0,0980468685253204;-0,381418059493023;-0,0965187737495607;-3,24550182530071;0,00117243812881468;TRUE;100;"5";"Combined"
"hs_pcb180_cadj_Log2";"hs_bmi_c_cat";0;-0,0724950954476993;-0,0873030685299141;0,0918895597956981;-0,252595323202507;0,107605132307109;-0,267631149923598;0,0868784441698857;-0,788937237362772;0,430148690245149;FALSE;100;"5";"Combined"
"hs_sumPCBs5_cadj_Log2";"hs_bmi_c_cat";0;-0,1620820167387;-0,171445695009806;0,0762369093261932;-0,311503613310685;-0,0126604201667159;-0,316897260385275;-0,0361109224007446;-2,12603079231876;0,0335006957021649;TRUE;100;"5";"Combined"
"hs_pfhxs_c_Log2";"hs_bmi_c_cat";0;0,0320028332584451;0,0373121101678519;0,0738953580669581;-0,112829407177484;0,176835073694374;-0,0927541715065497;0,181362851392124;0,433083133983147;0,664954375224783;FALSE;100;"5";"Combined"
"hs_pfoa_c_Log2";"hs_bmi_c_cat";0;-0,0790463045401672;-0,0847133870651212;0,0669720600820809;-0,210309130271498;0,0522165211911639;-0,201668788017325;0,0369624845241873;-1,18028778632893;0,237885774170249;FALSE;100;"5";"Combined"
"hs_pfos_c_Log2";"hs_bmi_c_cat";0;-0,0721431755359366;-0,0738320917678198;0,0806816718084064;-0,230276346492894;0,0859899954210206;-0,220383126146994;0,0813963471449426;-0,894170558429353;0,371230642130067;FALSE;100;"5";"Combined"
"hs_pfunda_c_Log2";"hs_bmi_c_cat";0;0,0373084625471206;0,0319235289260921;0,0666416148155317;-0,0933067023629123;0,167923627457153;-0,0984975064817582;0,142467891869952;0,559837312622043;0,575590410442801;FALSE;100;"5";"Combined"
"hs_hm_pers_None";"hs_bmi_c_cat";0;-0,0659399204930234;-0,0688262253234138;0,062620681533671;-0,188674200986371;0,0567943600003241;-0,17543950334705;0,0333972376202521;-1,0530054748377;0,292338482878965;FALSE;100;"5";"Combined"
"hs_trafload_h_pow1over3";"hs_bmi_c_cat";0;-0,0993391523751161;-0,0992324875830276;0,0662501806820194;-0,229187120481145;0,0305088157309132;-0,220175908874789;0,0138267570224124;-1,49945481434856;0,133755682560258;FALSE;100;"5";"Combined"
"FAS_cat_None_Low";"hs_bmi_c_cat";0;-0,463794499543946;-0,479919504564313;0,185348231687575;-0,827070358249778;-0,100518640838115;-0,815240268439377;-0,170845386108257;-2,50228715602598;0,0123393795986525;TRUE;100;"5";"Combined"
"FAS_cat_None_Middle";"hs_bmi_c_cat";0;-0,192986644251997;-0,204061623788126;0,132841110083351;-0,453350435681685;0,0673771471776906;-0,444185329256338;0,00420787668236177;-1,45276295968099;0,146289579458752;FALSE;100;"5";"Combined"
"hs_globalexp2_None_no exposure";"hs_bmi_c_cat";0;-0,14548636641469;-0,146964179747637;0,132561754646296;-0,405302631248865;0,114329898419485;-0,431810360412175;0,0946669849075628;-1,09749879822336;0,272423405808477;FALSE;100;"5";"Combined"
