"exposure";"outcome";"lambda";"selection_tol";"beta_original";"beta_boot_mean_all";"beta_boot_mean_selected";"beta_boot_median_selected";"beta_boot_sd_all";"beta_boot_q025_all";"beta_boot_q975_all";"beta_boot_q025_selected";"beta_boot_q975_selected";"n_selected";"sel_prob";"sel_prob_threshold";"passes_sel_prob";"sign_consistency";"sign_consistency_threshold";"passes_sign_consistency";"passes_stability_filter";"prop_positive";"prop_negative";"prop_zero"
"h_abs_ratio_preg_Log";"e3_bw";0,000154688532314652;1e-12;-0,00315766260729193;-0,00331199361421861;-0,00331199361421861;-0,0036007303134137;0,00393155078398796;-0,0108091957978073;0,00395433838184498;-0,0108091957978073;0,00395433838184498;100;1;0,9;TRUE;0,76;0,8;FALSE;FALSE;0,24;0,76;0
"h_no2_ratio_preg_Log";"e3_bw";0,000154688532314652;1e-12;-0,000798671029437709;-0,00226980316759842;-0,00226980316759842;-0,00251968886868059;0,00498661580071199;-0,012430376323492;0,00638484521267955;-0,012430376323492;0,00638484521267955;100;1;0,9;TRUE;0,64;0,8;FALSE;FALSE;0,36;0,64;0
"h_pm10_ratio_preg_None";"e3_bw";0,000154688532314652;1e-12;-0,0105280841292829;-0,0102222068943758;-0,0102222068943758;-0,0103662176904326;0,00487997932489908;-0,0202862208921052;-0,000289539156374065;-0,0202862208921052;-0,000289539156374065;100;1;0,9;TRUE;0,98;0,8;TRUE;TRUE;0,02;0,98;0
"h_pm25_ratio_preg_None";"e3_bw";0,000154688532314652;1e-12;-0,00233962199589803;-0,00204907494698253;-0,00204907494698253;-0,00168723937083178;0,00366155515509739;-0,00998555950860653;0,00460876331839691;-0,00998555950860653;0,00460876331839691;100;1;0,9;TRUE;0,71;0,8;FALSE;FALSE;0,29;0,71;0
"h_accesslines300_preg_dic0";"e3_bw";0,000154688532314652;1e-12;0,0150270184087249;0,0166286943521526;0,0166286943521526;0,0182330875801023;0,0116415568433355;-0,0076982531595101;0,0351698170275901;-0,0076982531595101;0,0351698170275901;100;1;0,9;TRUE;0,93;0,8;TRUE;TRUE;0,93;0,07;0
"h_accesspoints300_preg_Log";"e3_bw";0,000154688532314652;1e-12;0,00369199674482294;0,00439709874765544;0,00439709874765544;0,00392992247214003;0,00494973451725819;-0,00456797955579822;0,0151171722361102;-0,00456797955579822;0,0151171722361102;100;1;0,9;TRUE;0,79;0,8;FALSE;FALSE;0,79;0,21;0
"h_builtdens300_preg_Sqrt";"e3_bw";0,000154688532314652;1e-12;-0,00142561965291907;-0,00164768198934536;-0,00164768198934536;-0,0016190432949518;0,00348466735292602;-0,00801765237088877;0,00450249384042981;-0,00801765237088877;0,00450249384042981;100;1;0,9;TRUE;0,67;0,8;FALSE;FALSE;0,33;0,67;0
"h_connind300_preg_Sqrt";"e3_bw";0,000154688532314652;1e-12;0,00281110799641632;0,00307646163150534;0,00307646163150534;0,00318593557195121;0,00295290356522046;-0,0028504659286426;0,00805093002860081;-0,0028504659286426;0,00805093002860081;100;1;0,9;TRUE;0,86;0,8;TRUE;TRUE;0,86;0,14;0
"h_fdensity300_preg_Log";"e3_bw";0,000154688532314652;1e-12;0,00183206731222342;0,00113521810741599;0,00113521810741599;0,000758157758623245;0,00423154388257117;-0,00692245154452724;0,00947627732028021;-0,00692245154452724;0,00947627732028021;100;1;0,9;TRUE;0,56;0,8;FALSE;FALSE;0,56;0,44;0
"h_frichness300_preg_None";"e3_bw";0,000154688532314652;1e-12;0,00830064742616985;0,00883606442471729;0,00883606442471729;0,00813021053953305;0,00384639860804779;0,00227105085024764;0,0156413214403668;0,00227105085024764;0,0156413214403668;100;1;0,9;TRUE;1;0,8;TRUE;TRUE;1;0;0
"h_landuseshan300_preg_None";"e3_bw";0,000154688532314652;1e-12;0,00487013880587521;0,00493167663794799;0,00493167663794799;0,00507910363398741;0,00285277629294815;-0,00079407821862584;0,0102281785832951;-0,00079407821862584;0,0102281785832951;100;1;0,9;TRUE;0,95;0,8;TRUE;TRUE;0,95;0,05;0
"h_popdens_preg_Sqrt";"e3_bw";0,000154688532314652;1e-12;0,00327382171356483;0,0043564135162425;0,0043564135162425;0,00428781957333151;0,0042213514864949;-0,00422767837746636;0,0123071249381038;-0,00422767837746636;0,0123071249381038;100;1;0,9;TRUE;0,85;0,8;TRUE;TRUE;0,85;0,15;0
"h_walkability_mean_preg_None";"e3_bw";0,000154688532314652;1e-12;-0,00565973467831465;-0,00639587183432259;-0,00639587183432259;-0,00640153953884799;0,00349007930736973;-0,0142809919519352;-0,000483748786478433;-0,0142809919519352;-0,000483748786478433;100;1;0,9;TRUE;0,98;0,8;TRUE;TRUE;0,02;0,98;0
"hs_as_m_Log2";"e3_bw";0,000154688532314652;1e-12;0,000455450689242266;0,000503020473188753;0,000503020473188753;0,000321830001458708;0,00277126134190787;-0,00450668255581917;0,00635818077066032;-0,00450668255581917;0,00635818077066032;100;1;0,9;TRUE;0,53;0,8;FALSE;FALSE;0,53;0,47;0
"hs_cd_m_Log2";"e3_bw";0,000154688532314652;1e-12;-0,00171080754872802;-0,000872926859927464;-0,000872926859927464;-0,000884070894136087;0,00308988564435871;-0,00694334313816934;0,00538681212428447;-0,00694334313816934;0,00538681212428447;100;1;0,9;TRUE;0,63;0,8;FALSE;FALSE;0,37;0,63;0
"hs_co_m_Log2";"e3_bw";0,000154688532314652;1e-12;0,0027517339445721;0,0029685358546478;0,0029685358546478;0,0029218757503769;0,00314977492993254;-0,00276361893465278;0,00925667602748099;-0,00276361893465278;0,00925667602748099;100;1;0,9;TRUE;0,82;0,8;TRUE;TRUE;0,82;0,18;0
"hs_cs_m_Log2";"e3_bw";0,000154688532314652;1e-12;-0,00812038714628291;-0,00845555882978338;-0,00845555882978338;-0,00847858387260195;0,00304050746440971;-0,0144017612291296;-0,00302534065346127;-0,0144017612291296;-0,00302534065346127;100;1;0,9;TRUE;1;0,8;TRUE;TRUE;0;1;0
"hs_cu_m_Log2";"e3_bw";0,000154688532314652;1e-12;-0,00559130832786515;-0,00494119607493769;-0,00494119607493769;-0,00485356262481538;0,00279411508779213;-0,0105333961286571;0,000777621305717466;-0,0105333961286571;0,000777621305717466;100;1;0,9;TRUE;0,94;0,8;TRUE;TRUE;0,06;0,94;0
"hs_hg_m_Log2";"e3_bw";0,000154688532314652;1e-12;-0,00250427796507866;-0,00221211019628984;-0,00221211019628984;-0,0021230294331791;0,00313758951948822;-0,00865257527891608;0,00303236332895336;-0,00865257527891608;0,00303236332895336;100;1;0,9;TRUE;0,72;0,8;FALSE;FALSE;0,28;0,72;0
"hs_mn_m_Log2";"e3_bw";0,000154688532314652;1e-12;0,000373235249659345;2,91350510359556e-05;2,91350510359556e-05;-8,16954156849834e-05;0,00285142070327117;-0,00484205682983082;0,00670817784514653;-0,00484205682983082;0,00670817784514653;100;1;0,9;TRUE;0,46;0,8;FALSE;FALSE;0,46;0,54;0
"hs_mo_m_Log2";"e3_bw";0,000154688532314652;1e-12;-0,00191073412627108;-0,00234966609191328;-0,00234966609191328;-0,00259160716417038;0,0028714762603435;-0,00687978223821393;0,00273621903345533;-0,00687978223821393;0,00273621903345533;100;1;0,9;TRUE;0,79;0,8;FALSE;FALSE;0,21;0,79;0
"hs_pb_m_Log2";"e3_bw";0,000154688532314652;1e-12;-0,00163715434452477;-0,00236999449864152;-0,00236999449864152;-0,00273982978192111;0,00261429160655649;-0,0072487995004869;0,0030950982422457;-0,0072487995004869;0,0030950982422457;100;1;0,9;TRUE;0,83;0,8;TRUE;TRUE;0,17;0,83;0
"h_humidity_preg_None";"e3_bw";0,000154688532314652;1e-12;0,0347512876760495;0,0347977174910257;0,0347977174910257;0,0349569299483891;0,00506778970295978;0,0248591494415325;0,0428723463925089;0,0248591494415325;0,0428723463925089;100;1;0,9;TRUE;1;0,8;TRUE;TRUE;1;0;0
"h_pressure_preg_None";"e3_bw";0,000154688532314652;1e-12;-0,0269115308744847;-0,0261777364947733;-0,0261777364947733;-0,0256442388537087;0,00481564104328908;-0,0354519865578392;-0,016407413476646;-0,0354519865578392;-0,016407413476646;100;1;0,9;TRUE;1;0,8;TRUE;TRUE;0;1;0
"h_temperature_preg_None";"e3_bw";0,000154688532314652;1e-12;0,00744028437459114;0,00562848892954892;0,00562848892954892;0,00530793094824635;0,00463842896746891;-0,00149536828488183;0,0151546264755509;-0,00149536828488183;0,0151546264755509;100;1;0,9;TRUE;0,89;0,8;TRUE;TRUE;0,89;0,11;0
"h_ndvi100_preg_None";"e3_bw";0,000154688532314652;1e-12;0,00967041587486702;0,00914120660655427;0,00914120660655427;0,00965662663119206;0,00457541764535178;-0,000248473487301539;0,0161070455585765;-0,000248473487301539;0,0161070455585765;100;1;0,9;TRUE;0,95;0,8;TRUE;TRUE;0,95;0,05;0
"hs_dde_madj_Log2";"e3_bw";0,000154688532314652;1e-12;-0,00481389794405221;-0,00430680848057214;-0,00430680848057214;-0,00446714905597154;0,00333739603323876;-0,0109175254125359;0,00215882310063191;-0,0109175254125359;0,00215882310063191;100;1;0,9;TRUE;0,93;0,8;TRUE;TRUE;0,07;0,93;0
"hs_ddt_madj_Log2";"e3_bw";0,000154688532314652;1e-12;-0,00348571903713378;-0,00332076994570623;-0,00332076994570623;-0,0031897988379372;0,0022130036772589;-0,00776782677248152;0,000672076911566933;-0,00776782677248152;0,000672076911566933;100;1;0,9;TRUE;0,92;0,8;TRUE;TRUE;0,08;0,92;0
"hs_hcb_madj_Log2";"e3_bw";0,000154688532314652;1e-12;0,000830505226834774;0,000250911352695928;0,000250911352695928;0,000650597257641541;0,00310390869984242;-0,00599811043505508;0,00600765063249948;-0,00599811043505508;0,00600765063249948;100;1;0,9;TRUE;0,59;0,8;FALSE;FALSE;0,59;0,41;0
"hs_pcb118_madj_Log2";"e3_bw";0,000154688532314652;1e-12;0,00100216143325216;0,0013518016530555;0,0013518016530555;0,00151536537188176;0,00476872936213671;-0,00843054956610754;0,00938309966073919;-0,00843054956610754;0,00938309966073919;100;1;0,9;TRUE;0,62;0,8;FALSE;FALSE;0,62;0,38;0
"hs_pcb138_madj_Log2";"e3_bw";0,000154688532314652;1e-12;-0,00443452674014973;-0,0045283387631544;-0,0045283387631544;-0,00479056140217148;0,00385405939777994;-0,0119482118664864;0,00285186163663329;-0,0119482118664864;0,00285186163663329;100;1;0,9;TRUE;0,86;0,8;TRUE;TRUE;0,14;0,86;0
"hs_pcb153_madj_Log2";"e3_bw";0,000154688532314652;1e-12;-0,00956774409639105;-0,00877325168793128;-0,00877325168793128;-0,00924570699771128;0,00428742768092721;-0,0157927151621135;-0,0017744895987635;-0,0157927151621135;-0,0017744895987635;100;1;0,9;TRUE;0,99;0,8;TRUE;TRUE;0,01;0,99;0
"hs_pcb170_madj_Log2";"e3_bw";0,000154688532314652;1e-12;0,00166975426520701;0,00180157467491779;0,00180157467491779;0,00132047948945882;0,00449896951299336;-0,00605971299160271;0,0116301918263236;-0,00605971299160271;0,0116301918263236;100;1;0,9;TRUE;0,66;0,8;FALSE;FALSE;0,66;0,34;0
"hs_pcb180_madj_Log2";"e3_bw";0,000154688532314652;1e-12;0,00744206948589739;0,00485984797134186;0,00485984797134186;0,00479893676239295;0,00664391642163911;-0,00889478861245459;0,0156694290370063;-0,00889478861245459;0,0156694290370063;100;1;0,9;TRUE;0,77;0,8;FALSE;FALSE;0,77;0,23;0
"hs_sumPCBs5_madj_Log2";"e3_bw";0,000154688532314652;1e-12;-0,00322747398155237;-0,0026539618278612;-0,0026539618278612;-0,00256940068944175;0,00422765218180474;-0,0102295811167837;0,00619953446909345;-0,0102295811167837;0,00619953446909345;100;1;0,9;TRUE;0,74;0,8;FALSE;FALSE;0,26;0,74;0
"hs_pfhxs_m_Log2";"e3_bw";0,000154688532314652;1e-12;0,0115764498400284;0,00979667321184119;0,00979667321184119;0,0101107501073404;0,00327240330143222;0,00343193690230074;0,0154893422553454;0,00343193690230074;0,0154893422553454;100;1;0,9;TRUE;1;0,8;TRUE;TRUE;1;0;0
"hs_pfna_m_Log2";"e3_bw";0,000154688532314652;1e-12;-0,00470503707895998;-0,00448547595335254;-0,00448547595335254;-0,00449773906175463;0,00342752531431321;-0,0102548840237869;0,00196121024298791;-0,0102548840237869;0,00196121024298791;100;1;0,9;TRUE;0,92;0,8;TRUE;TRUE;0,08;0,92;0
"hs_pfoa_m_Log2";"e3_bw";0,000154688532314652;1e-12;-0,000441331324980654;-0,000818793530345321;-0,000818793530345321;-0,000887910976653958;0,00331742544853134;-0,00716644448404216;0,00512895367615666;-0,00716644448404216;0,00512895367615666;100;1;0,9;TRUE;0,61;0,8;FALSE;FALSE;0,39;0,61;0
"hs_pfos_m_Log2";"e3_bw";0,000154688532314652;1e-12;-0,00744985806684088;-0,0078167788458033;-0,0078167788458033;-0,00745248020765662;0,00376746459786131;-0,0150532385920529;-0,00106909086536954;-0,0150532385920529;-0,00106909086536954;100;1;0,9;TRUE;0,98;0,8;TRUE;TRUE;0,02;0,98;0
"hs_pfunda_m_Log2";"e3_bw";0,000154688532314652;1e-12;-0,000548603241206978;-0,00124953090028227;-0,00124953090028227;-0,00122344842922963;0,00333995987116365;-0,00728879412548944;0,00560132012022892;-0,00728879412548944;0,00560132012022892;100;1;0,9;TRUE;0,61;0,8;FALSE;FALSE;0,39;0,61;0
"e3_asmokcigd_p_None";"e3_bw";0,000154688532314652;1e-12;-0,00475618808055839;-0,00492635856632308;-0,00492635856632308;-0,00535247482728783;0,00288241175465197;-0,00958574539227706;0,000432483634795565;-0,00958574539227706;0,000432483634795565;100;1;0,9;TRUE;0,95;0,8;TRUE;TRUE;0,05;0,95;0
"h_distinvnear1_preg_Log";"e3_bw";0,000154688532314652;1e-12;-0,000268325041022472;-0,000637597900248986;-0,000637597900248986;-0,000731681764429257;0,00263781316949116;-0,0055170372390973;0,00477642255198242;-0,0055170372390973;0,00477642255198242;100;1;0,9;TRUE;0,61;0,8;FALSE;FALSE;0,39;0,61;0
"h_trafload_preg_pow1over3";"e3_bw";0,000154688532314652;1e-12;-0,00209269521979511;-0,00117086844534003;-0,00117086844534003;-0,00119143100864275;0,00259312028888832;-0,00596926942418501;0,00308203316195747;-0,00596926942418501;0,00308203316195747;100;1;0,9;TRUE;0,66;0,8;FALSE;FALSE;0,34;0,66;0
"h_trafnear_preg_pow1over3";"e3_bw";0,000154688532314652;1e-12;-0,0032247725113682;-0,00285178037198234;-0,00285178037198234;-0,00302127873600805;0,00306696019316734;-0,00876252682598598;0,00391524183944549;-0,00876252682598598;0,00391524183944549;100;1;0,9;TRUE;0,87;0,8;TRUE;TRUE;0,13;0,87;0
"h_bro_preg_Log";"e3_bw";0,000154688532314652;1e-12;0,00758630369701526;0,00670093220828052;0,00670093220828052;0,00592229519196933;0,00460663786202395;-0,000660277451990571;0,0169655689550469;-0,000660277451990571;0,0169655689550469;100;1;0,9;TRUE;0,94;0,8;TRUE;TRUE;0,94;0,06;0
"h_clf_preg_Log";"e3_bw";0,000154688532314652;1e-12;0,00329540716939315;0,00380584768573477;0,00380584768573477;0,00391891058186621;0,00397745832598713;-0,00421345701117941;0,0106983806914317;-0,00421345701117941;0,0106983806914317;100;1;0,9;TRUE;0,81;0,8;TRUE;TRUE;0,81;0,19;0
"h_thm_preg_Log";"e3_bw";0,000154688532314652;1e-12;0,00687128867559481;0,00751065283962527;0,00751065283962527;0,00760792598868868;0,00447159013034862;-0,00183401734840905;0,0163502062238967;-0,00183401734840905;0,0163502062238967;100;1;0,9;TRUE;0,96;0,8;TRUE;TRUE;0,96;0,04;0
"e3_alcpreg_yn_None_1";"e3_bw";0,000154688532314652;1e-12;0,0137750000198284;0,0139815565811995;0,0139815565811995;0,013904653964186;0,00591189353596939;6,76692230080768e-05;0,0249943148643792;6,76692230080768e-05;0,0249943148643792;100;1;0,9;TRUE;0,97;0,8;TRUE;TRUE;0,97;0,03;0
"h_pamod_t3_None_Often";"e3_bw";0,000154688532314652;1e-12;0,0956159751065098;0,0922936280024038;0,0922936280024038;0,0928312175923893;0,0091097695894506;0,0745210504232988;0,110411969879404;0,0745210504232988;0,110411969879404;100;1;0,9;TRUE;1;0,8;TRUE;TRUE;1;0;0
"h_pamod_t3_None_Sometimes";"e3_bw";0,000154688532314652;1e-12;0,0820787671214221;0,0780126490461276;0,0780126490461276;0,0778546882375731;0,0105235375022739;0,0612934424147113;0,101739652135224;0,0612934424147113;0,101739652135224;100;1;0,9;TRUE;1;0,8;TRUE;TRUE;1;0;0
"h_pamod_t3_None_Very Often";"e3_bw";0,000154688532314652;1e-12;0,0842393565549808;0,0809128193038663;0,0809128193038663;0,080153708613509;0,00902161408388311;0,0650720004998172;0,101415460424619;0,0650720004998172;0,101415460424619;100;1;0,9;TRUE;1;0,8;TRUE;TRUE;1;0;0
"h_pavig_t3_None_Low";"e3_bw";0,000154688532314652;1e-12;0,0953871609070579;0,0933889562103153;0,0933889562103153;0,0922653808432801;0,00914083516843467;0,0792219886619852;0,112829391691872;0,0792219886619852;0,112829391691872;100;1;0,9;TRUE;1;0,8;TRUE;TRUE;1;0;0
"h_pavig_t3_None_Medium";"e3_bw";0,000154688532314652;1e-12;0,0937488887124933;0,0924252171165285;0,0924252171165285;0,0927265006789101;0,0103912692948134;0,0728936627320781;0,116161983975261;0,0728936627320781;0,116161983975261;100;1;0,9;TRUE;1;0,8;TRUE;TRUE;1;0;0
"hs_no2_dy_hs_h_Log";"e3_bw";0,000154688532314652;1e-12;0,00780961657010578;0,0090213152971916;0,0090213152971916;0,00875833500254937;0,00492886333296478;0,000654948079946989;0,0192516042858345;0,000654948079946989;0,0192516042858345;100;1;0,9;TRUE;0,98;0,8;TRUE;TRUE;0,98;0,02;0
"hs_no2_wk_hs_h_Log";"e3_bw";0,000154688532314652;1e-12;0,00454418841789877;0,00544394508806573;0,00544394508806573;0,00511681835952016;0,00432805364357733;-0,00283340604792032;0,0140621385056688;-0,00283340604792032;0,0140621385056688;100;1;0,9;TRUE;0,9;0,8;TRUE;TRUE;0,9;0,1;0
"hs_no2_yr_hs_h_Log";"e3_bw";0,000154688532314652;1e-12;0,0199362988843718;0,0196748625348326;0,0196748625348326;0,019644370838467;0,00460290151490896;0,0117153680523052;0,0279348341075096;0,0117153680523052;0,0279348341075096;100;1;0,9;TRUE;1;0,8;TRUE;TRUE;1;0;0
"hs_pm10_dy_hs_h_None";"e3_bw";0,000154688532314652;1e-12;-0,00571044910051217;-0,00512310993649648;-0,00512310993649648;-0,00610435151289725;0,00373083678587085;-0,0107428187889501;0,0023005477378115;-0,0107428187889501;0,0023005477378115;100;1;0,9;TRUE;0,91;0,8;TRUE;TRUE;0,09;0,91;0
"hs_pm10_wk_hs_h_None";"e3_bw";0,000154688532314652;1e-12;-0,00435603501053352;-0,00389512662915763;-0,00389512662915763;-0,00358495288676247;0,00395382036062211;-0,0118868777627858;0,00233928929368613;-0,0118868777627858;0,00233928929368613;100;1;0,9;TRUE;0,88;0,8;TRUE;TRUE;0,12;0,88;0
"hs_pm10_yr_hs_h_None";"e3_bw";0,000154688532314652;1e-12;0,00764866665643747;0,00696384192155639;0,00696384192155639;0,00731504984099313;0,00434849158855221;-0,00159548004172654;0,0140227111470243;-0,00159548004172654;0,0140227111470243;100;1;0,9;TRUE;0,93;0,8;TRUE;TRUE;0,93;0,07;0
"hs_pm25_dy_hs_h_None";"e3_bw";0,000154688532314652;1e-12;0,00216314700994172;0,00282572782752202;0,00282572782752202;0,00273814861522428;0,00398368410079441;-0,00445472986148083;0,0107859872267478;-0,00445472986148083;0,0107859872267478;100;1;0,9;TRUE;0,76;0,8;FALSE;FALSE;0,76;0,24;0
"hs_pm25_wk_hs_h_None";"e3_bw";0,000154688532314652;1e-12;-0,00285002754060483;-0,00390084062508575;-0,00390084062508575;-0,00375482254806442;0,004405732829949;-0,0125331437617904;0,00270089507511781;-0,0125331437617904;0,00270089507511781;100;1;0,9;TRUE;0,8;0,8;TRUE;TRUE;0,2;0,8;0
"hs_pm25_yr_hs_h_None";"e3_bw";0,000154688532314652;1e-12;0,018376211753738;0,019715552879113;0,019715552879113;0,0199665021286675;0,00467361506771024;0,00888629681610568;0,0282443250817275;0,00888629681610568;0,0282443250817275;100;1;0,9;TRUE;1;0,8;TRUE;TRUE;1;0;0
"hs_pm25abs_dy_hs_h_Log";"e3_bw";0,000154688532314652;1e-12;0,000844707182656139;-0,000587125742841003;-0,000587125742841003;-0,000724589178477947;0,00305620477687862;-0,00700097614767061;0,00565387581144571;-0,00700097614767061;0,00565387581144571;100;1;0,9;TRUE;0,41;0,8;FALSE;FALSE;0,41;0,59;0
"hs_pm25abs_wk_hs_h_Log";"e3_bw";0,000154688532314652;1e-12;-0,00859873045105255;-0,00799513018427727;-0,00799513018427727;-0,00764524209399719;0,0029149141985004;-0,0140463738136403;-0,00227265166142335;-0,0140463738136403;-0,00227265166142335;100;1;0,9;TRUE;1;0,8;TRUE;TRUE;0;1;0
"hs_pm25abs_yr_hs_h_Log";"e3_bw";0,000154688532314652;1e-12;-0,00808110201187249;-0,00777915180134431;-0,00777915180134431;-0,00795290000621255;0,00424982239243825;-0,0150615067382916;0,000362452831381349;-0,0150615067382916;0,000362452831381349;100;1;0,9;TRUE;0,97;0,8;TRUE;TRUE;0,03;0,97;0
"hs_accesslines300_h_dic0";"e3_bw";0,000154688532314652;1e-12;-0,00304633741828241;-0,00403534232948326;-0,00403534232948326;-0,00514184897260468;0,0131093479393471;-0,0293923369932096;0,0217634901080244;-0,0293923369932096;0,0217634901080244;100;1;0,9;TRUE;0,65;0,8;FALSE;FALSE;0,35;0,65;0
"hs_accesspoints300_h_Log";"e3_bw";0,000154688532314652;1e-12;-0,00515731405617257;-0,00423969727847337;-0,00423969727847337;-0,00426336219374973;0,00429606632726552;-0,0128909216961858;0,0040201863135766;-0,0128909216961858;0,0040201863135766;100;1;0,9;TRUE;0,87;0,8;TRUE;TRUE;0,13;0,87;0
"hs_builtdens300_h_Sqrt";"e3_bw";0,000154688532314652;1e-12;-0,0045832352815217;-0,00438113264757242;-0,00438113264757242;-0,00468118817254365;0,00416302097142799;-0,0120774114205937;0,00587936425460761;-0,0120774114205937;0,00587936425460761;100;1;0,9;TRUE;0,87;0,8;TRUE;TRUE;0,13;0,87;0
"hs_connind300_h_Log";"e3_bw";0,000154688532314652;1e-12;0,00395814776729395;0,00429465554653926;0,00429465554653926;0,00418958412228514;0,00269694147138663;-0,000358268383251894;0,00915597981988031;-0,000358268383251894;0,00915597981988031;100;1;0,9;TRUE;0,96;0,8;TRUE;TRUE;0,96;0,04;0
"hs_fdensity300_h_Log";"e3_bw";0,000154688532314652;1e-12;0,0105264469433698;0,00969471037796534;0,00969471037796534;0,00946560486250497;0,00397127719646578;0,00243945842712021;0,0167931508183443;0,00243945842712021;0,0167931508183443;100;1;0,9;TRUE;0,98;0,8;TRUE;TRUE;0,98;0,02;0
"hs_landuseshan300_h_None";"e3_bw";0,000154688532314652;1e-12;0,00366089649919975;0,00313352078303783;0,00313352078303783;0,00274605944721898;0,00289359899082432;-0,0020450756850825;0,00859662841025724;-0,0020450756850825;0,00859662841025724;100;1;0,9;TRUE;0,9;0,8;TRUE;TRUE;0,9;0,1;0
"hs_popdens_h_Sqrt";"e3_bw";0,000154688532314652;1e-12;-0,00173302669341518;-0,000713509734262207;-0,000713509734262207;-0,00095822091385868;0,00351114642955385;-0,00666090300931689;0,00568706355890431;-0,00666090300931689;0,00568706355890431;100;1;0,9;TRUE;0,58;0,8;FALSE;FALSE;0,42;0,58;0
"hs_walkability_mean_h_None";"e3_bw";0,000154688532314652;1e-12;-0,00772677087365609;-0,00811648349453569;-0,00811648349453569;-0,00790262809600588;0,00294721427217754;-0,0135217353697824;-0,00275477118693785;-0,0135217353697824;-0,00275477118693785;100;1;0,9;TRUE;1;0,8;TRUE;TRUE;0;1;0
"hs_accesslines300_s_dic0";"e3_bw";0,000154688532314652;1e-12;0,00870407897707043;0,00801828772472293;0,00801828772472293;0,00759601861390336;0,0122108131762668;-0,0127575861692238;0,0318445218750625;-0,0127575861692238;0,0318445218750625;100;1;0,9;TRUE;0,72;0,8;FALSE;FALSE;0,72;0,28;0
"hs_accesspoints300_s_Log";"e3_bw";0,000154688532314652;1e-12;0,00658854709268829;0,00656090881145897;0,00656090881145897;0,00673693781273079;0,00367391068990488;-0,0014049672968469;0,012853727062329;-0,0014049672968469;0,012853727062329;100;1;0,9;TRUE;0,95;0,8;TRUE;TRUE;0,95;0,05;0
"hs_builtdens300_s_Sqrt";"e3_bw";0,000154688532314652;1e-12;-0,00211420240871559;-0,00225685747374137;-0,00225685747374137;-0,00272211322832481;0,00401271146548403;-0,00974169428303597;0,00559419807784215;-0,00974169428303597;0,00559419807784215;100;1;0,9;TRUE;0,7;0,8;FALSE;FALSE;0,3;0,7;0
"hs_connind300_s_Log";"e3_bw";0,000154688532314652;1e-12;0,000646551471398969;4,68248734719349e-05;4,68248734719349e-05;-0,000170873025022882;0,00313479048989158;-0,00661620666426659;0,00702506057835079;-0,00661620666426659;0,00702506057835079;100;1;0,9;TRUE;0,47;0,8;FALSE;FALSE;0,47;0,53;0
"hs_fdensity300_s_Log";"e3_bw";0,000154688532314652;1e-12;0,00394677868361908;0,00343337157980462;0,00343337157980462;0,00341787872265136;0,00345635067564523;-0,00271222396421576;0,0106463138232617;-0,00271222396421576;0,0106463138232617;100;1;0,9;TRUE;0,83;0,8;TRUE;TRUE;0,83;0,17;0
"hs_landuseshan300_s_None";"e3_bw";0,000154688532314652;1e-12;7,44414729560413e-05;0,000381195206111509;0,000381195206111509;0,000313495657872295;0,00310950575319253;-0,00514168953595854;0,00722665802493151;-0,00514168953595854;0,00722665802493151;100;1;0,9;TRUE;0,55;0,8;FALSE;FALSE;0,55;0,45;0
"hs_popdens_s_Sqrt";"e3_bw";0,000154688532314652;1e-12;0,00119439903035961;0,000615718246015015;0,000615718246015015;0,000604776792555101;0,00332217790540001;-0,0053777863150041;0,00739198768030431;-0,0053777863150041;0,00739198768030431;100;1;0,9;TRUE;0,58;0,8;FALSE;FALSE;0,58;0,42;0
"h_Absorbance_Log";"e3_bw";0,000154688532314652;1e-12;0,000644921929831782;-0,000309787225401786;-0,000309787225401786;-0,000484739252569158;0,0034386624410075;-0,0068018046355265;0,00664860632952893;-0,0068018046355265;0,00664860632952893;100;1;0,9;TRUE;0,47;0,8;FALSE;FALSE;0,47;0,53;0
"h_Benzene_Log";"e3_bw";0,000154688532314652;1e-12;0,000701797311603674;-0,00033967313221114;-0,00033967313221114;-0,000373832263878669;0,00304800907392391;-0,00554051243857266;0,00644421881785106;-0,00554051243857266;0,00644421881785106;100;1;0,9;TRUE;0,46;0,8;FALSE;FALSE;0,46;0,54;0
"h_NO2_Log";"e3_bw";0,000154688532314652;1e-12;0,0134245483953295;0,0132789953233801;0,0132789953233801;0,0133402426125156;0,00348108602550497;0,00537451698070834;0,01977755777722;0,00537451698070834;0,01977755777722;100;1;0,9;TRUE;1;0,8;TRUE;TRUE;1;0;0
"h_PM_Log";"e3_bw";0,000154688532314652;1e-12;0,00249534847436147;0,00288318976032571;0,00288318976032571;0,0027432876121365;0,00330468498679233;-0,00285081958034132;0,0100330142629891;-0,00285081958034132;0,0100330142629891;100;1;0,9;TRUE;0,82;0,8;TRUE;TRUE;0,82;0,18;0
"h_TEX_Log";"e3_bw";0,000154688532314652;1e-12;-0,00469638668415924;-0,00426268504765629;-0,00426268504765629;-0,00421224913282947;0,00355810233404599;-0,0110331966626848;0,00322913907541769;-0,0110331966626848;0,00322913907541769;100;1;0,9;TRUE;0,88;0,8;TRUE;TRUE;0,12;0,88;0
"hs_KIDMED_None";"e3_bw";0,000154688532314652;1e-12;0,00163601380564038;0,00214438553853517;0,00214438553853517;0,0021844943675687;0,00276889314449165;-0,00183376800846695;0,00815670027118916;-0,00183376800846695;0,00815670027118916;100;1;0,9;TRUE;0,76;0,8;FALSE;FALSE;0,76;0,24;0
"hs_mvpa_prd_alt_None";"e3_bw";0,000154688532314652;1e-12;-0,00398261924890083;-0,00345600304415344;-0,00345600304415344;-0,00408563675920296;0,00304685777107931;-0,00866831593760379;0,00294259706895689;-0,00866831593760379;0,00294259706895689;100;1;0,9;TRUE;0,84;0,8;TRUE;TRUE;0,16;0,84;0
"hs_sd_wk_None";"e3_bw";0,000154688532314652;1e-12;0,00206373473376064;0,0022464606437357;0,0022464606437357;0,00220829407797828;0,00248900482715013;-0,00232441696008487;0,0072639241047117;-0,00232441696008487;0,0072639241047117;100;1;0,9;TRUE;0,83;0,8;TRUE;TRUE;0,83;0,17;0
"hs_dif_hours_total_None";"e3_bw";0,000154688532314652;1e-12;-0,00334185608280267;-0,00252989620492675;-0,00252989620492675;-0,00241768334894041;0,00312600906259855;-0,00850557108900345;0,00345556261198174;-0,00850557108900345;0,00345556261198174;100;1;0,9;TRUE;0,78;0,8;FALSE;FALSE;0,22;0,78;0
"hs_as_c_Log2";"e3_bw";0,000154688532314652;1e-12;0,0023347529767552;0,00162599723301965;0,00162599723301965;0,00175816100347248;0,00305083349775124;-0,00445937123489556;0,00755321034416335;-0,00445937123489556;0,00755321034416335;100;1;0,9;TRUE;0,76;0,8;FALSE;FALSE;0,76;0,24;0
"hs_cd_c_Log2";"e3_bw";0,000154688532314652;1e-12;0,00111752306525071;0,00143661286008236;0,00143661286008236;0,00151679634436938;0,00279527539854454;-0,00434762184132548;0,00596846124683918;-0,00434762184132548;0,00596846124683918;100;1;0,9;TRUE;0,66;0,8;FALSE;FALSE;0,66;0,34;0
"hs_co_c_Log2";"e3_bw";0,000154688532314652;1e-12;-0,00347679202115776;-0,00365037372415912;-0,00365037372415912;-0,00347787828351719;0,0029574087062242;-0,0098905065606049;0,00113240523711721;-0,0098905065606049;0,00113240523711721;100;1;0,9;TRUE;0,88;0,8;TRUE;TRUE;0,12;0,88;0
"hs_cs_c_Log2";"e3_bw";0,000154688532314652;1e-12;-0,00203737490606659;-0,00203491909923561;-0,00203491909923561;-0,00216753814844646;0,00367701803999401;-0,00870396879892717;0,00474579859264164;-0,00870396879892717;0,00474579859264164;100;1;0,9;TRUE;0,7;0,8;FALSE;FALSE;0,3;0,7;0
"hs_cu_c_Log2";"e3_bw";0,000154688532314652;1e-12;-0,00463225752926737;-0,00470212395973041;-0,00470212395973041;-0,00483164422490628;0,00298726145741781;-0,00977713056930881;0,00113534661878881;-0,00977713056930881;0,00113534661878881;100;1;0,9;TRUE;0,93;0,8;TRUE;TRUE;0,07;0,93;0
"hs_hg_c_Log2";"e3_bw";0,000154688532314652;1e-12;-0,00853893869193316;-0,00760220335867025;-0,00760220335867025;-0,00750970186275156;0,003503691833298;-0,0145099503740902;-0,000566781079583532;-0,0145099503740902;-0,000566781079583532;100;1;0,9;TRUE;0,98;0,8;TRUE;TRUE;0,02;0,98;0
"hs_mn_c_Log2";"e3_bw";0,000154688532314652;1e-12;-0,00063042724446567;-0,000983696924373123;-0,000983696924373123;-0,00104072004968274;0,00312212564386302;-0,00667299514518087;0,00464522426564536;-0,00667299514518087;0,00464522426564536;100;1;0,9;TRUE;0,66;0,8;FALSE;FALSE;0,34;0,66;0
"hs_mo_c_Log2";"e3_bw";0,000154688532314652;1e-12;-0,00538789223788685;-0,00543432188066254;-0,00543432188066254;-0,00591490420094278;0,00293973756162843;-0,0101658444303272;0,000379270598688481;-0,0101658444303272;0,000379270598688481;100;1;0,9;TRUE;0,95;0,8;TRUE;TRUE;0,05;0,95;0
"hs_pb_c_Log2";"e3_bw";0,000154688532314652;1e-12;0,00295930555609599;0,00357058437347528;0,00357058437347528;0,00323460936553933;0,00262363798302044;-0,000999083725440688;0,00845233090899462;-0,000999083725440688;0,00845233090899462;100;1;0,9;TRUE;0,93;0,8;TRUE;TRUE;0,93;0,07;0
"hs_hum_mt_hs_h_None";"e3_bw";0,000154688532314652;1e-12;-0,0210624801039746;-0,0205240246951086;-0,0205240246951086;-0,0210673115114374;0,00415222931659945;-0,0278983200832612;-0,0126587678812176;-0,0278983200832612;-0,0126587678812176;100;1;0,9;TRUE;1;0,8;TRUE;TRUE;0;1;0
"hs_tm_mt_hs_h_None";"e3_bw";0,000154688532314652;1e-12;0,0119266611031524;0,0111854094350572;0,0111854094350572;0,0113756448142314;0,00418895287239678;0,00394536259959231;0,0190393129556154;0,00394536259959231;0,0190393129556154;100;1;0,9;TRUE;0,99;0,8;TRUE;TRUE;0,99;0,01;0
"hs_uvdvf_mt_hs_h_None";"e3_bw";0,000154688532314652;1e-12;-0,0114134834843014;-0,0114676695394787;-0,0114676695394787;-0,0116016209328183;0,00462372981528007;-0,0189831417355094;-0,00196688630383565;-0,0189831417355094;-0,00196688630383565;100;1;0,9;TRUE;0,99;0,8;TRUE;TRUE;0,01;0,99;0
"hs_hum_dy_hs_h_None";"e3_bw";0,000154688532314652;1e-12;-0,0112553318535131;-0,0110517483231428;-0,0110517483231428;-0,010739643083562;0,00340631857830819;-0,0168027231893021;-0,00468132193399147;-0,0168027231893021;-0,00468132193399147;100;1;0,9;TRUE;1;0,8;TRUE;TRUE;0;1;0
"hs_hum_wk_hs_h_None";"e3_bw";0,000154688532314652;1e-12;-0,0179037129725905;-0,0182094204708921;-0,0182094204708921;-0,0178537754123156;0,00422697995789652;-0,0275576027919953;-0,011064940384915;-0,0275576027919953;-0,011064940384915;100;1;0,9;TRUE;1;0,8;TRUE;TRUE;0;1;0
"hs_tm_dy_hs_h_None";"e3_bw";0,000154688532314652;1e-12;0,000415482259676976;0,00056768664189869;0,00056768664189869;0,000401807737621104;0,0040446596163958;-0,0065910923265165;0,00835050836046771;-0,0065910923265165;0,00835050836046771;100;1;0,9;TRUE;0,56;0,8;FALSE;FALSE;0,56;0,44;0
"hs_tm_wk_hs_h_None";"e3_bw";0,000154688532314652;1e-12;0,0041891570506844;0,00489933695867575;0,00489933695867575;0,00508008286921267;0,0042297036496627;-0,00330008543119295;0,0133942838255261;-0,00330008543119295;0,0133942838255261;100;1;0,9;TRUE;0,91;0,8;TRUE;TRUE;0,91;0,09;0
"hs_uvdvf_dy_hs_h_None";"e3_bw";0,000154688532314652;1e-12;-0,00136709116530357;-0,00154373495236841;-0,00154373495236841;-0,00177101105697048;0,00442572817885137;-0,00925462322965618;0,00782012505919723;-0,00925462322965618;0,00782012505919723;100;1;0,9;TRUE;0,69;0,8;FALSE;FALSE;0,31;0,69;0
"hs_uvdvf_wk_hs_h_None";"e3_bw";0,000154688532314652;1e-12;-0,0177351986508908;-0,0173204444579428;-0,0173204444579428;-0,018033796936699;0,00448423238573968;-0,0254111737978052;-0,00867268071496227;-0,0254111737978052;-0,00867268071496227;100;1;0,9;TRUE;1;0,8;TRUE;TRUE;0;1;0
"hs_ndvi100_h_None";"e3_bw";0,000154688532314652;1e-12;0,00622249844119157;0,00704607970356784;0,00704607970356784;0,00674808597321878;0,0042598432837313;-0,00177284713289658;0,0140132998616203;-0,00177284713289658;0,0140132998616203;100;1;0,9;TRUE;0,93;0,8;TRUE;TRUE;0,93;0,07;0
"hs_ndvi100_s_None";"e3_bw";0,000154688532314652;1e-12;0,00901923325385344;0,00936542576043307;0,00936542576043307;0,00962883853894909;0,00391328629079823;0,0016865533160431;0,015515380372732;0,0016865533160431;0,015515380372732;100;1;0,9;TRUE;1;0,8;TRUE;TRUE;1;0;0
"hs_dde_cadj_Log2";"e3_bw";0,000154688532314652;1e-12;-0,00148914602617849;-0,00160503735688473;-0,00160503735688473;-0,00181107791815727;0,00363941149208862;-0,00857156544836435;0,00608257382202532;-0,00857156544836435;0,00608257382202532;100;1;0,9;TRUE;0,68;0,8;FALSE;FALSE;0,32;0,68;0
"hs_ddt_cadj_Log2";"e3_bw";0,000154688532314652;1e-12;-0,00445872736678228;-0,00405813255763196;-0,00405813255763196;-0,00425346676104262;0,0029848095193694;-0,00912058903232278;0,0022188327618798;-0,00912058903232278;0,0022188327618798;100;1;0,9;TRUE;0,92;0,8;TRUE;TRUE;0,08;0,92;0
"hs_hcb_cadj_Log2";"e3_bw";0,000154688532314652;1e-12;-0,000499610645549236;-0,00321820240081307;-0,00321820240081307;-0,00208161844478097;0,00405397801185944;-0,0133812371469229;0,00202550051410318;-0,0133812371469229;0,00202550051410318;100;1;0,9;TRUE;0,84;0,8;TRUE;TRUE;0,16;0,84;0
"hs_pcb118_cadj_Log2";"e3_bw";0,000154688532314652;1e-12;0,000649858516143795;0,000832206877902274;0,000832206877902274;0,000604044760247788;0,00302006926171919;-0,00480653129514498;0,005845507000674;-0,00480653129514498;0,005845507000674;100;1;0,9;TRUE;0,55;0,8;FALSE;FALSE;0,55;0,45;0
"hs_pcb138_cadj_Log2";"e3_bw";0,000154688532314652;1e-12;-0,000191713665621235;-0,000920668789858189;-0,000920668789858189;-0,000901121575737951;0,00398956019045572;-0,00874041570037974;0,00598543893192304;-0,00874041570037974;0,00598543893192304;100;1;0,9;TRUE;0,6;0,8;FALSE;FALSE;0,4;0,6;0
"hs_pcb153_cadj_Log2";"e3_bw";0,000154688532314652;1e-12;0,000909772156043142;0,00113132717193188;0,00113132717193188;0,000254806306407751;0,00451803272136401;-0,00616358908767204;0,00974249735500145;-0,00616358908767204;0,00974249735500145;100;1;0,9;TRUE;0,54;0,8;FALSE;FALSE;0,54;0,46;0
"hs_pcb170_cadj_Log2";"e3_bw";0,000154688532314652;1e-12;-0,00790686390841929;-0,00879905334725411;-0,00879905334725411;-0,00866984790881505;0,00352498263602842;-0,017193664147251;-0,00264695408646286;-0,017193664147251;-0,00264695408646286;100;1;0,9;TRUE;0,99;0,8;TRUE;TRUE;0,01;0,99;0
"hs_pcb180_cadj_Log2";"e3_bw";0,000154688532314652;1e-12;0,00123757652080796;0,00184315607471784;0,00184315607471784;0,00223487709157621;0,0042951976523113;-0,00803302548409383;0,00895150630550459;-0,00803302548409383;0,00895150630550459;100;1;0,9;TRUE;0,7;0,8;FALSE;FALSE;0,7;0,3;0
"hs_sumPCBs5_cadj_Log2";"e3_bw";0,000154688532314652;1e-12;-0,00964444654949325;-0,00919431565508981;-0,00919431565508981;-0,00887570076689322;0,00417637512205327;-0,0172245697106298;-0,00134981847988237;-0,0172245697106298;-0,00134981847988237;100;1;0,9;TRUE;1;0,8;TRUE;TRUE;0;1;0
"hs_pfhxs_c_Log2";"e3_bw";0,000154688532314652;1e-12;0,00879559809450657;0,00802186865273405;0,00802186865273405;0,00790451712696102;0,00323514707309154;0,00175231155737477;0,0146340563982485;0,00175231155737477;0,0146340563982485;100;1;0,9;TRUE;0,99;0,8;TRUE;TRUE;0,99;0,01;0
"hs_pfna_c_Log2";"e3_bw";0,000154688532314652;1e-12;-0,00249426851563152;-0,00250925378114509;-0,00250925378114509;-0,0023080982586873;0,00360883297184518;-0,00962462083999541;0,00392646421308727;-0,00962462083999541;0,00392646421308727;100;1;0,9;TRUE;0,81;0,8;TRUE;TRUE;0,19;0,81;0
"hs_pfoa_c_Log2";"e3_bw";0,000154688532314652;1e-12;0,00641314763921359;0,00654893879213534;0,00654893879213534;0,0067280599976728;0,00330198049635418;0,000908498926800013;0,0119031445991178;0,000908498926800013;0,0119031445991178;100;1;0,9;TRUE;0,98;0,8;TRUE;TRUE;0,98;0,02;0
"hs_pfos_c_Log2";"e3_bw";0,000154688532314652;1e-12;-0,00637186765132554;-0,00684712020977739;-0,00684712020977739;-0,00665917421099714;0,00356502986164956;-0,0138487986708103;-0,00138351685277961;-0,0138487986708103;-0,00138351685277961;100;1;0,9;TRUE;1;0,8;TRUE;TRUE;0;1;0
"hs_pfunda_c_Log2";"e3_bw";0,000154688532314652;1e-12;0,00252756514234932;0,00186949171296368;0,00186949171296368;0,00177776821594425;0,00295176046860879;-0,00316853964176754;0,00816589774469305;-0,00316853964176754;0,00816589774469305;100;1;0,9;TRUE;0,75;0,8;FALSE;FALSE;0,75;0,25;0
"hs_hm_pers_None";"e3_bw";0,000154688532314652;1e-12;-0,00114914763632048;0,000392863680781314;0,000392863680781314;0,000476848416302027;0,00293501599683158;-0,00512283583632812;0,00619714873813494;-0,00512283583632812;0,00619714873813494;100;1;0,9;TRUE;0,43;0,8;FALSE;FALSE;0,57;0,43;0
"hs_trafload_h_pow1over3";"e3_bw";0,000154688532314652;1e-12;-0,000430761756084494;-0,000870683117783982;-0,000870683117783982;-0,00135795900416562;0,00297945631456773;-0,00591995757080082;0,00566776210860663;-0,00591995757080082;0,00566776210860663;100;1;0,9;TRUE;0,69;0,8;FALSE;FALSE;0,31;0,69;0
"hs_trafnear_h_pow1over3";"e3_bw";0,000154688532314652;1e-12;-0,00602212824864044;-0,00524255891681064;-0,00524255891681064;-0,0054178072829741;0,00324729111344695;-0,00992131067270986;0,000908544162329192;-0,00992131067270986;0,000908544162329192;100;1;0,9;TRUE;0,95;0,8;TRUE;TRUE;0,05;0,95;0
"FAS_cat_None_Low";"e3_bw";0,000154688532314652;1e-12;0,0214171940972431;0,0213767756962693;0,0213767756962693;0,022212688469602;0,00991872943346104;0,00142279845101086;0,0397103297771522;0,00142279845101086;0,0397103297771522;100;1;0,9;TRUE;0,99;0,8;TRUE;TRUE;0,99;0,01;0
"FAS_cat_None_Middle";"e3_bw";0,000154688532314652;1e-12;0,00680000132600243;0,00532522510684594;0,00532522510684594;0,00513590495936141;0,00611116305155825;-0,00703288985538865;0,0166122389302886;-0,00703288985538865;0,0166122389302886;100;1;0,9;TRUE;0,8;0,8;TRUE;TRUE;0,8;0,2;0
"hs_globalexp2_None_no exposure";"e3_bw";0,000154688532314652;1e-12;0,0248254859764995;0,0232294169996009;0,0232294169996009;0,0235122360178319;0,0056687157282447;0,0133938800194533;0,0351572419657522;0,0133938800194533;0,0351572419657522;100;1;0,9;TRUE;1;0,8;TRUE;TRUE;1;0;0
"h_abs_ratio_preg_Log";"hs_asthma";0,000154688532314652;1e-12;-0,0937015136538671;-0,0992445242964364;-0,0992445242964364;-0,107070893191585;0,066296641719374;-0,22959410281929;0,0429580277304347;-0,22959410281929;0,0429580277304347;100;1;0,9;TRUE;0,94;0,8;TRUE;TRUE;0,06;0,94;0
"h_no2_ratio_preg_Log";"hs_asthma";0,000154688532314652;1e-12;-0,0482707347599817;-0,0560552522094893;-0,0560552522094893;-0,0568428212948956;0,0633380287630408;-0,164846762854116;0,0673157887865885;-0,164846762854116;0,0673157887865885;100;1;0,9;TRUE;0,82;0,8;TRUE;TRUE;0,18;0,82;0
"h_pm10_ratio_preg_None";"hs_asthma";0,000154688532314652;1e-12;0,0170242420779961;0,0143763791076447;0,0143763791076447;0,00813337460719754;0,0573440383039207;-0,0917805033584225;0,136140995638745;-0,0917805033584225;0,136140995638745;100;1;0,9;TRUE;0,55;0,8;FALSE;FALSE;0,55;0,45;0
"h_pm25_ratio_preg_None";"hs_asthma";0,000154688532314652;1e-12;-0,0847048807953511;-0,0877256891435976;-0,0877256891435976;-0,0907092217270769;0,0709282281066583;-0,207509376515041;0,054466568518532;-0,207509376515041;0,054466568518532;100;1;0,9;TRUE;0,88;0,8;TRUE;TRUE;0,12;0,88;0
"h_accesslines300_preg_dic0";"hs_asthma";0,000154688532314652;1e-12;-0,322591808311535;-0,308981432222646;-0,308981432222646;-0,29872439596954;0,195227200942629;-0,657238459490664;0,0711351969037229;-0,657238459490664;0,0711351969037229;100;1;0,9;TRUE;0,96;0,8;TRUE;TRUE;0,04;0,96;0
"h_accesspoints300_preg_Log";"hs_asthma";0,000154688532314652;1e-12;0,111336656466871;0,101446202560707;0,101446202560707;0,106500611276298;0,0801947273517804;-0,076693215907792;0,250050535257016;-0,076693215907792;0,250050535257016;100;1;0,9;TRUE;0,88;0,8;TRUE;TRUE;0,88;0,12;0
"h_builtdens300_preg_Sqrt";"hs_asthma";0,000154688532314652;1e-12;-0,0217832883707;-0,0223114556869528;-0,0223114556869528;-0,0233820222989395;0,0708737409542325;-0,141634197582637;0,130393062608432;-0,141634197582637;0,130393062608432;100;1;0,9;TRUE;0,66;0,8;FALSE;FALSE;0,34;0,66;0
"h_connind300_preg_Sqrt";"hs_asthma";0,000154688532314652;1e-12;0,0514792493505893;0,0456960000793191;0,0456960000793191;0,0496656268109542;0,0655746792518093;-0,0812274038666554;0,167407216542911;-0,0812274038666554;0,167407216542911;100;1;0,9;TRUE;0,8;0,8;TRUE;TRUE;0,8;0,2;0
"h_fdensity300_preg_Log";"hs_asthma";0,000154688532314652;1e-12;-0,0341021177089231;-0,033188039614953;-0,033188039614953;-0,0279711177475138;0,0744561171463502;-0,185388342604582;0,102018623641978;-0,185388342604582;0,102018623641978;100;1;0,9;TRUE;0,64;0,8;FALSE;FALSE;0,36;0,64;0
"h_frichness300_preg_None";"hs_asthma";0,000154688532314652;1e-12;0,040413333679399;0,0380647065380321;0,0380647065380321;0,033846896998925;0,0605893238463714;-0,062242160366993;0,147279516744723;-0,062242160366993;0,147279516744723;100;1;0,9;TRUE;0,73;0,8;FALSE;FALSE;0,73;0,27;0
"h_landuseshan300_preg_None";"hs_asthma";0,000154688532314652;1e-12;-0,0430067115283079;-0,0377202442315963;-0,0377202442315963;-0,05098854042106;0,0689480493161683;-0,146109495448586;0,110019923935864;-0,146109495448586;0,110019923935864;100;1;0,9;TRUE;0,76;0,8;FALSE;FALSE;0,24;0,76;0
"h_popdens_preg_Sqrt";"hs_asthma";0,000154688532314652;1e-12;-0,191812403833014;-0,18473903953477;-0,18473903953477;-0,192046383196253;0,0552868270668091;-0,286707319272958;-0,0692540958715063;-0,286707319272958;-0,0692540958715063;100;1;0,9;TRUE;1;0,8;TRUE;TRUE;0;1;0
"h_walkability_mean_preg_None";"hs_asthma";0,000154688532314652;1e-12;0,122257235963438;0,120249825911363;0,120249825911363;0,122273864071055;0,0764555715949592;-0,0258639743065918;0,258659232384921;-0,0258639743065918;0,258659232384921;100;1;0,9;TRUE;0,95;0,8;TRUE;TRUE;0,95;0,05;0
"hs_as_m_Log2";"hs_asthma";0,000154688532314652;1e-12;0,0993689340561585;0,101986245449792;0,101986245449792;0,100571399911483;0,0669722716678425;-0,0100373940774871;0,226583090079056;-0,0100373940774871;0,226583090079056;100;1;0,9;TRUE;0,96;0,8;TRUE;TRUE;0,96;0,04;0
"hs_cd_m_Log2";"hs_asthma";0,000154688532314652;1e-12;-0,170123094900169;-0,166131255473571;-0,166131255473571;-0,168900376277599;0,0756433512820364;-0,304237117524259;-0,0279034440199568;-0,304237117524259;-0,0279034440199568;100;1;0,9;TRUE;0,99;0,8;TRUE;TRUE;0,01;0,99;0
"hs_co_m_Log2";"hs_asthma";0,000154688532314652;1e-12;0,120421189281068;0,119038020127031;0,119038020127031;0,119105841366714;0,0674772193469398;-0,00962648815871965;0,239943079952455;-0,00962648815871965;0,239943079952455;100;1;0,9;TRUE;0,97;0,8;TRUE;TRUE;0,97;0,03;0
"hs_cs_m_Log2";"hs_asthma";0,000154688532314652;1e-12;-0,013407447864734;-0,0103771462832367;-0,0103771462832367;-0,00796717358929652;0,0730761941977055;-0,157952343941105;0,112882554604751;-0,157952343941105;0,112882554604751;100;1;0,9;TRUE;0,55;0,8;FALSE;FALSE;0,45;0,55;0
"hs_cu_m_Log2";"hs_asthma";0,000154688532314652;1e-12;-0,0378146116317819;-0,043794337379481;-0,043794337379481;-0,0508980220115;0,0681785529295968;-0,159124927118902;0,0945258016204105;-0,159124927118902;0,0945258016204105;100;1;0,9;TRUE;0,77;0,8;FALSE;FALSE;0,23;0,77;0
"hs_hg_m_Log2";"hs_asthma";0,000154688532314652;1e-12;-0,0574912719065014;-0,0552748137667468;-0,0552748137667468;-0,0634045993017389;0,0720341729430734;-0,152690621286889;0,0777987115570186;-0,152690621286889;0,0777987115570186;100;1;0,9;TRUE;0,78;0,8;FALSE;FALSE;0,22;0,78;0
"hs_mn_m_Log2";"hs_asthma";0,000154688532314652;1e-12;0,0699271148712699;0,0698273857612965;0,0698273857612965;0,0789710985209276;0,070079943997678;-0,0619382571447252;0,203417110826872;-0,0619382571447252;0,203417110826872;100;1;0,9;TRUE;0,83;0,8;TRUE;TRUE;0,83;0,17;0
"hs_mo_m_Log2";"hs_asthma";0,000154688532314652;1e-12;0,0789447268271268;0,0671003282393499;0,0671003282393499;0,0618634907104681;0,0865261138894348;-0,0757853729164299;0,251491521762251;-0,0757853729164299;0,251491521762251;100;1;0,9;TRUE;0,78;0,8;FALSE;FALSE;0,78;0,22;0
"hs_pb_m_Log2";"hs_asthma";0,000154688532314652;1e-12;0,0160228615532575;0,0152040081126395;0,0152040081126395;0,0134029599485646;0,0743093453737067;-0,112340544536653;0,148133346644642;-0,112340544536653;0,148133346644642;100;1;0,9;TRUE;0,56;0,8;FALSE;FALSE;0,56;0,44;0
"h_humidity_preg_None";"hs_asthma";0,000154688532314652;1e-12;-0,102730679245181;-0,108160509093346;-0,108160509093346;-0,106312655239014;0,0532174420264291;-0,215491570059988;-0,00829297401684227;-0,215491570059988;-0,00829297401684227;100;1;0,9;TRUE;0,98;0,8;TRUE;TRUE;0,02;0,98;0
"h_pressure_preg_None";"hs_asthma";0,000154688532314652;1e-12;0,101970741902663;0,098436248787051;0,098436248787051;0,0993042822798521;0,0626901323316873;-0,0473922715833934;0,201390800849717;-0,0473922715833934;0,201390800849717;100;1;0,9;TRUE;0,94;0,8;TRUE;TRUE;0,94;0,06;0
"h_temperature_preg_None";"hs_asthma";0,000154688532314652;1e-12;0,0455021453053609;0,0562470411468398;0,0562470411468398;0,054001378911073;0,0667346927278154;-0,0766785907565378;0,177679744446025;-0,0766785907565378;0,177679744446025;100;1;0,9;TRUE;0,79;0,8;FALSE;FALSE;0,79;0,21;0
"h_ndvi100_preg_None";"hs_asthma";0,000154688532314652;1e-12;0,152712197695922;0,146914293005221;0,146914293005221;0,148330732343455;0,0655688498883101;0,0141696192525839;0,260260554665207;0,0141696192525839;0,260260554665207;100;1;0,9;TRUE;0,98;0,8;TRUE;TRUE;0,98;0,02;0
"hs_dde_madj_Log2";"hs_asthma";0,000154688532314652;1e-12;-0,0015145201781575;-0,00643853756138491;-0,00643853756138491;-0,00989576081116685;0,065851545838209;-0,131176889217155;0,14105301292835;-0,131176889217155;0,14105301292835;100;1;0,9;TRUE;0,56;0,8;FALSE;FALSE;0,44;0,56;0
"hs_ddt_madj_Log2";"hs_asthma";0,000154688532314652;1e-12;-0,0643125289435804;-0,0578092435664075;-0,0578092435664075;-0,0694933134784191;0,0772820793667311;-0,184767991632662;0,0916337073120568;-0,184767991632662;0,0916337073120568;100;1;0,9;TRUE;0,76;0,8;FALSE;FALSE;0,24;0,76;0
"hs_hcb_madj_Log2";"hs_asthma";0,000154688532314652;1e-12;0,0968458327020078;0,0992141772994614;0,0992141772994614;0,107143306297805;0,0584907593627912;-0,0135016469511548;0,20072270786688;-0,0135016469511548;0,20072270786688;100;1;0,9;TRUE;0,94;0,8;TRUE;TRUE;0,94;0,06;0
"hs_pcb118_madj_Log2";"hs_asthma";0,000154688532314652;1e-12;0,173041864464859;0,166558256426575;0,166558256426575;0,163338889859762;0,0691747813920554;0,0277626243294312;0,304850604753048;0,0277626243294312;0,304850604753048;100;1;0,9;TRUE;0,99;0,8;TRUE;TRUE;0,99;0,01;0
"hs_pcb138_madj_Log2";"hs_asthma";0,000154688532314652;1e-12;0,00399386122339918;0,00517335652066447;0,00517335652066447;0,00682466011322694;0,0494061233804775;-0,0856803512482978;0,0941345065150968;-0,0856803512482978;0,0941345065150968;100;1;0,9;TRUE;0,54;0,8;FALSE;FALSE;0,54;0,46;0
"hs_pcb153_madj_Log2";"hs_asthma";0,000154688532314652;1e-12;0,0846746416397803;0,076119935213824;0,076119935213824;0,0757271847153822;0,0566871760283465;-0,0269509190576688;0,182717517803474;-0,0269509190576688;0,182717517803474;100;1;0,9;TRUE;0,9;0,8;TRUE;TRUE;0,9;0,1;0
"hs_pcb170_madj_Log2";"hs_asthma";0,000154688532314652;1e-12;-0,109471854289704;-0,100691312567497;-0,100691312567497;-0,0997612267243523;0,0608933998444096;-0,216319423139115;0,0176235981644036;-0,216319423139115;0,0176235981644036;100;1;0,9;TRUE;0,96;0,8;TRUE;TRUE;0,04;0,96;0
"hs_pcb180_madj_Log2";"hs_asthma";0,000154688532314652;1e-12;-0,00424838698941957;-0,00449322785414102;-0,00449322785414102;0,00241244486159117;0,065644385772804;-0,134915850073314;0,10164842884174;-0,134915850073314;0,10164842884174;100;1;0,9;TRUE;0,49;0,8;FALSE;FALSE;0,51;0,49;0
"hs_sumPCBs5_madj_Log2";"hs_asthma";0,000154688532314652;1e-12;-0,0902120124435591;-0,0827934956244608;-0,0827934956244608;-0,0938096289923236;0,0697679664208837;-0,18854842223143;0,0862915438956639;-0,18854842223143;0,0862915438956639;100;1;0,9;TRUE;0,86;0,8;TRUE;TRUE;0,14;0,86;0
"hs_pfhxs_m_Log2";"hs_asthma";0,000154688532314652;1e-12;0,0170765389665302;0,0174375625781016;0,0174375625781016;0,0143238720114817;0,0706520664067429;-0,106405037102108;0,158689250567185;-0,106405037102108;0,158689250567185;100;1;0,9;TRUE;0,61;0,8;FALSE;FALSE;0,61;0,39;0
"hs_pfna_m_Log2";"hs_asthma";0,000154688532314652;1e-12;0,096858264925252;0,0988256301969133;0,0988256301969133;0,102580724845657;0,0571136104205478;-0,00422584392174279;0,215870488463299;-0,00422584392174279;0,215870488463299;100;1;0,9;TRUE;0,96;0,8;TRUE;TRUE;0,96;0,04;0
"hs_pfoa_m_Log2";"hs_asthma";0,000154688532314652;1e-12;0,057817448664542;0,0602973326904064;0,0602973326904064;0,0573743908245478;0,0679120469405182;-0,0642258169741167;0,207811526726361;-0,0642258169741167;0,207811526726361;100;1;0,9;TRUE;0,85;0,8;TRUE;TRUE;0,85;0,15;0
"hs_pfos_m_Log2";"hs_asthma";0,000154688532314652;1e-12;0,00154983558604985;0,00655224967325955;0,00655224967325955;0,00156856164451299;0,0615246961917318;-0,106085532660698;0,121698086887422;-0,106085532660698;0,121698086887422;100;1;0,9;TRUE;0,52;0,8;FALSE;FALSE;0,52;0,48;0
"hs_pfunda_m_Log2";"hs_asthma";0,000154688532314652;1e-12;-0,0471304016191012;-0,047054560064648;-0,047054560064648;-0,0435178535702428;0,0836227627323825;-0,203280840716268;0,093841303086568;-0,203280840716268;0,093841303086568;100;1;0,9;TRUE;0,72;0,8;FALSE;FALSE;0,28;0,72;0
"e3_asmokcigd_p_None";"hs_asthma";0,000154688532314652;1e-12;0,11055624441472;0,1053934125759;0,1053934125759;0,105560962543213;0,0698464067904258;-0,0280122591768649;0,228091041282322;-0,0280122591768649;0,228091041282322;100;1;0,9;TRUE;0,93;0,8;TRUE;TRUE;0,93;0,07;0
"h_distinvnear1_preg_Log";"hs_asthma";0,000154688532314652;1e-12;0,0558020933384096;0,0553553320245046;0,0553553320245046;0,0578232631900622;0,0754885190877363;-0,069934428043902;0,226927820851157;-0,069934428043902;0,226927820851157;100;1;0,9;TRUE;0,74;0,8;FALSE;FALSE;0,74;0,26;0
"h_trafload_preg_pow1over3";"hs_asthma";0,000154688532314652;1e-12;-0,068989131473691;-0,0726677008853605;-0,0726677008853605;-0,0763263149657014;0,0642475671715487;-0,198952183030437;0,0602348402817083;-0,198952183030437;0,0602348402817083;100;1;0,9;TRUE;0,86;0,8;TRUE;TRUE;0,14;0,86;0
"h_trafnear_preg_pow1over3";"hs_asthma";0,000154688532314652;1e-12;-0,0948450656344839;-0,0945504060997986;-0,0945504060997986;-0,0858911370650164;0,0705102344654504;-0,239113760637101;0,0161212167544716;-0,239113760637101;0,0161212167544716;100;1;0,9;TRUE;0,92;0,8;TRUE;TRUE;0,08;0,92;0
"h_bro_preg_Log";"hs_asthma";0,000154688532314652;1e-12;0,0525611229431783;0,0417133556792729;0,0417133556792729;0,0379095405609816;0,0545377291234276;-0,0552221123481331;0,149840378413226;-0,0552221123481331;0,149840378413226;100;1;0,9;TRUE;0,77;0,8;FALSE;FALSE;0,77;0,23;0
"h_clf_preg_Log";"hs_asthma";0,000154688532314652;1e-12;-0,0909136770827084;-0,0856516607940692;-0,0856516607940692;-0,0771473963042351;0,0767846724515745;-0,244829259528119;0,0516615840190209;-0,244829259528119;0,0516615840190209;100;1;0,9;TRUE;0,85;0,8;TRUE;TRUE;0,15;0,85;0
"h_thm_preg_Log";"hs_asthma";0,000154688532314652;1e-12;0,0700536257194747;0,0618347738767604;0,0618347738767604;0,0605299335804107;0,0594671826986866;-0,0447550255732495;0,168309935674574;-0,0447550255732495;0,168309935674574;100;1;0,9;TRUE;0,83;0,8;TRUE;TRUE;0,83;0,17;0
"e3_alcpreg_yn_None_1";"hs_asthma";0,000154688532314652;1e-12;-0,184459646293622;-0,195164931181347;-0,195164931181347;-0,18895553886932;0,147517304838331;-0,466941302962284;0,0762737366329978;-0,466941302962284;0,0762737366329978;100;1;0,9;TRUE;0,9;0,8;TRUE;TRUE;0,1;0,9;0
"h_pamod_t3_None_Often";"hs_asthma";0,000154688532314652;1e-12;-0,222053951541558;-0,221706034170032;-0,221706034170032;-0,213901972360307;0,119122916454655;-0,466277924635659;0,00180733127697346;-0,466277924635659;0,00180733127697346;100;1;0,9;TRUE;0,97;0,8;TRUE;TRUE;0,03;0,97;0
"h_pamod_t3_None_Sometimes";"hs_asthma";0,000154688532314652;1e-12;-0,0645812944326847;-0,0749548711727645;-0,0749548711727645;-0,0693330106428912;0,165375936861707;-0,391834712029131;0,232092709917871;-0,391834712029131;0,232092709917871;100;1;0,9;TRUE;0,66;0,8;FALSE;FALSE;0,34;0,66;0
"h_pamod_t3_None_Very Often";"hs_asthma";0,000154688532314652;1e-12;-0,171271816979581;-0,165698818365197;-0,165698818365197;-0,17335216084528;0,116710906468188;-0,368731728066602;0,0459266942898969;-0,368731728066602;0,0459266942898969;100;1;0,9;TRUE;0,9;0,8;TRUE;TRUE;0,1;0,9;0
"h_pavig_t3_None_Low";"hs_asthma";0,000154688532314652;1e-12;-0,484523735085908;-0,473698577251255;-0,473698577251255;-0,464960001398139;0,174694035021409;-0,824549496141746;-0,167386896666953;-0,824549496141746;-0,167386896666953;100;1;0,9;TRUE;1;0,8;TRUE;TRUE;0;1;0
"h_pavig_t3_None_Medium";"hs_asthma";0,000154688532314652;1e-12;-0,308924880319465;-0,2801580685907;-0,2801580685907;-0,288611179551196;0,145357495642733;-0,540188931578946;-0,0373103129606752;-0,540188931578946;-0,0373103129606752;100;1;0,9;TRUE;0,99;0,8;TRUE;TRUE;0,01;0,99;0
"hs_no2_dy_hs_h_Log";"hs_asthma";0,000154688532314652;1e-12;-0,0704011618150874;-0,0708594623650451;-0,0708594623650451;-0,0720138848950919;0,0681512588416853;-0,219722869652045;0,0476319203760393;-0,219722869652045;0,0476319203760393;100;1;0,9;TRUE;0,86;0,8;TRUE;TRUE;0,14;0,86;0
"hs_no2_wk_hs_h_Log";"hs_asthma";0,000154688532314652;1e-12;0,063310909101064;0,0556971243605691;0,0556971243605691;0,0595986929839746;0,0497580906485599;-0,0395806377126673;0,129875765736924;-0,0395806377126673;0,129875765736924;100;1;0,9;TRUE;0,87;0,8;TRUE;TRUE;0,87;0,13;0
"hs_no2_yr_hs_h_Log";"hs_asthma";0,000154688532314652;1e-12;-0,0710003236643346;-0,0677245097550903;-0,0677245097550903;-0,068419670310929;0,0384910405417773;-0,141923443362963;0,0107948989165528;-0,141923443362963;0,0107948989165528;100;1;0,9;TRUE;0,94;0,8;TRUE;TRUE;0,06;0,94;0
"hs_pm10_dy_hs_h_None";"hs_asthma";0,000154688532314652;1e-12;-0,0687941875725664;-0,0665963266332604;-0,0665963266332604;-0,0739832379886828;0,061556211589946;-0,164398397442452;0,0438949675920297;-0,164398397442452;0,0438949675920297;100;1;0,9;TRUE;0,82;0,8;TRUE;TRUE;0,18;0,82;0
"hs_pm10_wk_hs_h_None";"hs_asthma";0,000154688532314652;1e-12;0,00899863709355756;0,0100234817484824;0,0100234817484824;0,00971985875622544;0,0651618787494193;-0,144775132892938;0,133532693038857;-0,144775132892938;0,133532693038857;100;1;0,9;TRUE;0,58;0,8;FALSE;FALSE;0,58;0,42;0
"hs_pm10_yr_hs_h_None";"hs_asthma";0,000154688532314652;1e-12;-0,057167800635496;-0,0531195156286949;-0,0531195156286949;-0,0503462696913496;0,0437571039218472;-0,146926434981018;0,0346863607056056;-0,146926434981018;0,0346863607056056;100;1;0,9;TRUE;0,89;0,8;TRUE;TRUE;0,11;0,89;0
"hs_pm25_dy_hs_h_None";"hs_asthma";0,000154688532314652;1e-12;-0,124055758462716;-0,122749951438744;-0,122749951438744;-0,113456009434141;0,0666235435092406;-0,248835629848003;0,000632113357844228;-0,248835629848003;0,000632113357844228;100;1;0,9;TRUE;0,97;0,8;TRUE;TRUE;0,03;0,97;0
"hs_pm25_wk_hs_h_None";"hs_asthma";0,000154688532314652;1e-12;0,0496577275641212;0,0455725792627351;0,0455725792627351;0,0396080904412891;0,0653297183880687;-0,0666931269443483;0,184231126110513;-0,0666931269443483;0,184231126110513;100;1;0,9;TRUE;0,77;0,8;FALSE;FALSE;0,77;0,23;0
"hs_pm25_yr_hs_h_None";"hs_asthma";0,000154688532314652;1e-12;-0,101239148314352;-0,101520954711417;-0,101520954711417;-0,100733856868922;0,0525264364062279;-0,190233919968687;0,00338216718165013;-0,190233919968687;0,00338216718165013;100;1;0,9;TRUE;0,95;0,8;TRUE;TRUE;0,05;0,95;0
"hs_pm25abs_dy_hs_h_Log";"hs_asthma";0,000154688532314652;1e-12;0,114250379926717;0,114027766969413;0,114027766969413;0,120446253572905;0,0865820576031816;-0,0414306036954034;0,278593581046183;-0,0414306036954034;0,278593581046183;100;1;0,9;TRUE;0,89;0,8;TRUE;TRUE;0,89;0,11;0
"hs_pm25abs_wk_hs_h_Log";"hs_asthma";0,000154688532314652;1e-12;-0,0485902953132565;-0,0443464328709299;-0,0443464328709299;-0,0470024451100877;0,0833965223834598;-0,180035296152243;0,0896188356882984;-0,180035296152243;0,0896188356882984;100;1;0,9;TRUE;0,66;0,8;FALSE;FALSE;0,34;0,66;0
"hs_pm25abs_yr_hs_h_Log";"hs_asthma";0,000154688532314652;1e-12;-0,135276615265809;-0,126800895079353;-0,126800895079353;-0,124701754662936;0,0643806355648767;-0,251492898343487;0,0196685344190075;-0,251492898343487;0,0196685344190075;100;1;0,9;TRUE;0,96;0,8;TRUE;TRUE;0,04;0,96;0
"hs_accesslines300_h_dic0";"hs_asthma";0,000154688532314652;1e-12;0,133523260751821;0,121540930691553;0,121540930691553;0,119011447498468;0,202404229873225;-0,284398219165328;0,453875873237343;-0,284398219165328;0,453875873237343;100;1;0,9;TRUE;0,75;0,8;FALSE;FALSE;0,75;0,25;0
"hs_accesspoints300_h_Log";"hs_asthma";0,000154688532314652;1e-12;-0,295880325049898;-0,279649032166391;-0,279649032166391;-0,274719274140581;0,0613587249085902;-0,403943897734349;-0,171891963238005;-0,403943897734349;-0,171891963238005;100;1;0,9;TRUE;1;0,8;TRUE;TRUE;0;1;0
"hs_builtdens300_h_Sqrt";"hs_asthma";0,000154688532314652;1e-12;-0,0364189453299598;-0,0342403365200305;-0,0342403365200305;-0,0441697039312705;0,0612290081893717;-0,141708853612383;0,0826536651301975;-0,141708853612383;0,0826536651301975;100;1;0,9;TRUE;0,73;0,8;FALSE;FALSE;0,27;0,73;0
"hs_connind300_h_Log";"hs_asthma";0,000154688532314652;1e-12;0,0870824269465922;0,0944755024274319;0,0944755024274319;0,104093638006277;0,0702708934522453;-0,0452418328872405;0,217761559699986;-0,0452418328872405;0,217761559699986;100;1;0,9;TRUE;0,9;0,8;TRUE;TRUE;0,9;0,1;0
"hs_fdensity300_h_Log";"hs_asthma";0,000154688532314652;1e-12;0,0479774226755614;0,0438420807811066;0,0438420807811066;0,044128392144965;0,0737833065466251;-0,101937877004138;0,185001395484752;-0,101937877004138;0,185001395484752;100;1;0,9;TRUE;0,73;0,8;FALSE;FALSE;0,73;0,27;0
"hs_landuseshan300_h_None";"hs_asthma";0,000154688532314652;1e-12;0,123491585027208;0,119503502703584;0,119503502703584;0,124080480037038;0,0768580157609168;-0,000919079256584166;0,259090823507411;-0,000919079256584166;0,259090823507411;100;1;0,9;TRUE;0,96;0,8;TRUE;TRUE;0,96;0,04;0
"hs_popdens_h_Sqrt";"hs_asthma";0,000154688532314652;1e-12;0,0351963435881799;0,0288082431074631;0,0288082431074631;0,0331515729537068;0,0726008828384877;-0,10953746047996;0,148013256389085;-0,10953746047996;0,148013256389085;100;1;0,9;TRUE;0,63;0,8;FALSE;FALSE;0,63;0,37;0
"hs_walkability_mean_h_None";"hs_asthma";0,000154688532314652;1e-12;0,149645483707692;0,147985608508933;0,147985608508933;0,147756887649566;0,0814210437579661;0,00307471308993895;0,295540329607314;0,00307471308993895;0,295540329607314;100;1;0,9;TRUE;0,99;0,8;TRUE;TRUE;0,99;0,01;0
"hs_accesslines300_s_dic0";"hs_asthma";0,000154688532314652;1e-12;-0,184629324056358;-0,172760274522916;-0,172760274522916;-0,15574904002107;0,179987584162891;-0,526446822281842;0,106255589545457;-0,526446822281842;0,106255589545457;100;1;0,9;TRUE;0,85;0,8;TRUE;TRUE;0,15;0,85;0
"hs_accesspoints300_s_Log";"hs_asthma";0,000154688532314652;1e-12;-0,0238578963763229;-0,0267357835242325;-0,0267357835242325;-0,0219144167521179;0,0763393192258715;-0,194033054608285;0,0895946088930899;-0,194033054608285;0,0895946088930899;100;1;0,9;TRUE;0,6;0,8;FALSE;FALSE;0,4;0,6;0
"hs_builtdens300_s_Sqrt";"hs_asthma";0,000154688532314652;1e-12;-0,00460713765945499;-0,00306093744010841;-0,00306093744010841;0,00354393163396336;0,0662353922367822;-0,125568416054255;0,125718930945573;-0,125568416054255;0,125718930945573;100;1;0,9;TRUE;0,48;0,8;FALSE;FALSE;0,52;0,48;0
"hs_connind300_s_Log";"hs_asthma";0,000154688532314652;1e-12;0,0759217375210689;0,0803978344127805;0,0803978344127805;0,0794816133914023;0,0794909409894357;-0,0562454610949021;0,203218515075353;-0,0562454610949021;0,203218515075353;100;1;0,9;TRUE;0,83;0,8;TRUE;TRUE;0,83;0,17;0
"hs_fdensity300_s_Log";"hs_asthma";0,000154688532314652;1e-12;-0,0988315407407495;-0,0957963940514268;-0,0957963940514268;-0,0904313240640487;0,0723061950013193;-0,24902574019807;0,0226277535343713;-0,24902574019807;0,0226277535343713;100;1;0,9;TRUE;0,93;0,8;TRUE;TRUE;0,07;0,93;0
"hs_landuseshan300_s_None";"hs_asthma";0,000154688532314652;1e-12;-0,079135721278989;-0,0832819577591623;-0,0832819577591623;-0,0820405767663361;0,072165870897428;-0,215070370722055;0,0401956850579765;-0,215070370722055;0,0401956850579765;100;1;0,9;TRUE;0,89;0,8;TRUE;TRUE;0,11;0,89;0
"hs_popdens_s_Sqrt";"hs_asthma";0,000154688532314652;1e-12;0,040434605770279;0,0448950029965324;0,0448950029965324;0,0521570955771979;0,0726276468456296;-0,118819165311762;0,168779021092822;-0,118819165311762;0,168779021092822;100;1;0,9;TRUE;0,76;0,8;FALSE;FALSE;0,76;0,24;0
"h_Absorbance_Log";"hs_asthma";0,000154688532314652;1e-12;0,147829014599508;0,139452034487991;0,139452034487991;0,132751123071251;0,0766320838340074;-0,0184219266130249;0,309026894929622;-0,0184219266130249;0,309026894929622;100;1;0,9;TRUE;0,96;0,8;TRUE;TRUE;0,96;0,04;0
"h_Benzene_Log";"hs_asthma";0,000154688532314652;1e-12;0,192889689612348;0,189967080881457;0,189967080881457;0,195641512157408;0,0651927250752979;0,068232845837929;0,302070555164977;0,068232845837929;0,302070555164977;100;1;0,9;TRUE;1;0,8;TRUE;TRUE;1;0;0
"h_NO2_Log";"hs_asthma";0,000154688532314652;1e-12;-0,0202730207882055;-0,0161639147609844;-0,0161639147609844;-0,0178365759276611;0,0718221418350486;-0,134488476014579;0,124571956650672;-0,134488476014579;0,124571956650672;100;1;0,9;TRUE;0,6;0,8;FALSE;FALSE;0,4;0,6;0
"h_PM_Log";"hs_asthma";0,000154688532314652;1e-12;0,00843708066557577;0,0098084517684737;0,0098084517684737;0,00723555071457878;0,0612960535546415;-0,112878389680237;0,122284510892699;-0,112878389680237;0,122284510892699;100;1;0,9;TRUE;0,54;0,8;FALSE;FALSE;0,54;0,46;0
"h_TEX_Log";"hs_asthma";0,000154688532314652;1e-12;-0,0747144649171115;-0,065812736946126;-0,065812736946126;-0,0600559106312003;0,0706275154071506;-0,20959357180966;0,0592005627171261;-0,20959357180966;0,0592005627171261;100;1;0,9;TRUE;0,8;0,8;TRUE;TRUE;0,2;0,8;0
"hs_KIDMED_None";"hs_asthma";0,000154688532314652;1e-12;-0,186259988909013;-0,183615450483708;-0,183615450483708;-0,179300131678799;0,0719739358864761;-0,324718216513777;-0,063220590958169;-0,324718216513777;-0,063220590958169;100;1;0,9;TRUE;1;0,8;TRUE;TRUE;0;1;0
"hs_mvpa_prd_alt_None";"hs_asthma";0,000154688532314652;1e-12;-0,0379248655789111;-0,0351451006844042;-0,0351451006844042;-0,0317910093872433;0,0843602664544806;-0,203334251074873;0,122992656410941;-0,203334251074873;0,122992656410941;100;1;0,9;TRUE;0,63;0,8;FALSE;FALSE;0,37;0,63;0
"hs_sd_wk_None";"hs_asthma";0,000154688532314652;1e-12;-0,100196753219879;-0,100072916766028;-0,100072916766028;-0,0937549788191437;0,0626194346403611;-0,222761321120553;0,0150580273825746;-0,222761321120553;0,0150580273825746;100;1;0,9;TRUE;0,96;0,8;TRUE;TRUE;0,04;0,96;0
"hs_dif_hours_total_None";"hs_asthma";0,000154688532314652;1e-12;-0,217805135944373;-0,2210945163391;-0,2210945163391;-0,228265138592832;0,0761424902936326;-0,366004620000978;-0,0885207209055472;-0,366004620000978;-0,0885207209055472;100;1;0,9;TRUE;0,99;0,8;TRUE;TRUE;0,01;0,99;0
"hs_as_c_Log2";"hs_asthma";0,000154688532314652;1e-12;-0,0798885447394315;-0,0790109915281489;-0,0790109915281489;-0,0817523100499422;0,0711076952460393;-0,221099076100267;0,0714170504374081;-0,221099076100267;0,0714170504374081;100;1;0,9;TRUE;0,88;0,8;TRUE;TRUE;0,12;0,88;0
"hs_cd_c_Log2";"hs_asthma";0,000154688532314652;1e-12;0,0493685954417837;0,0466107826971186;0,0466107826971186;0,0494325998302171;0,0838612005249849;-0,1074898027636;0,201400315296565;-0,1074898027636;0,201400315296565;100;1;0,9;TRUE;0,7;0,8;FALSE;FALSE;0,7;0,3;0
"hs_co_c_Log2";"hs_asthma";0,000154688532314652;1e-12;-0,148343972645725;-0,143498542508356;-0,143498542508356;-0,1399600464936;0,0839017044032105;-0,322401876387485;0,0116887524426349;-0,322401876387485;0,0116887524426349;100;1;0,9;TRUE;0,93;0,8;TRUE;TRUE;0,07;0,93;0
"hs_cs_c_Log2";"hs_asthma";0,000154688532314652;1e-12;-0,100745635598248;-0,0964687936424863;-0,0964687936424863;-0,0896659501086007;0,0767030082109829;-0,266369747212601;0,0479161631231059;-0,266369747212601;0,0479161631231059;100;1;0,9;TRUE;0,93;0,8;TRUE;TRUE;0,07;0,93;0
"hs_cu_c_Log2";"hs_asthma";0,000154688532314652;1e-12;-0,039791331270616;-0,0357769750217134;-0,0357769750217134;-0,0354652806564909;0,0703685666791434;-0,166226919145854;0,0959670203283391;-0,166226919145854;0,0959670203283391;100;1;0,9;TRUE;0,68;0,8;FALSE;FALSE;0,32;0,68;0
"hs_hg_c_Log2";"hs_asthma";0,000154688532314652;1e-12;0,0450846835721987;0,0479401229691861;0,0479401229691861;0,0447342599365052;0,0655688311948159;-0,0739128318807351;0,171459310039867;-0,0739128318807351;0,171459310039867;100;1;0,9;TRUE;0,74;0,8;FALSE;FALSE;0,74;0,26;0
"hs_mn_c_Log2";"hs_asthma";0,000154688532314652;1e-12;0,198905856595977;0,196854320994532;0,196854320994532;0,188417987613584;0,0669677267819142;0,0664632579405117;0,332319951753876;0,0664632579405117;0,332319951753876;100;1;0,9;TRUE;1;0,8;TRUE;TRUE;1;0;0
"hs_mo_c_Log2";"hs_asthma";0,000154688532314652;1e-12;0,0511327961904615;0,0587683718318333;0,0587683718318333;0,0684981200810252;0,0732261090897925;-0,0733531289020325;0,175588248916689;-0,0733531289020325;0,175588248916689;100;1;0,9;TRUE;0,78;0,8;FALSE;FALSE;0,78;0,22;0
"hs_pb_c_Log2";"hs_asthma";0,000154688532314652;1e-12;0,00282626952824421;0,000460947069337865;0,000460947069337865;-0,00216933602651899;0,0774696739331576;-0,138197630013137;0,149193276883869;-0,138197630013137;0,149193276883869;100;1;0,9;TRUE;0,48;0,8;FALSE;FALSE;0,48;0,52;0
"hs_hum_mt_hs_h_None";"hs_asthma";0,000154688532314652;1e-12;-0,0093902436719745;0,000910067257208764;0,000910067257208764;0,00770977186553099;0,0645608423294692;-0,14092096196716;0,109550113375252;-0,14092096196716;0,109550113375252;100;1;0,9;TRUE;0,44;0,8;FALSE;FALSE;0,56;0,44;0
"hs_tm_mt_hs_h_None";"hs_asthma";0,000154688532314652;1e-12;-0,0413668376011897;-0,0419970116383465;-0,0419970116383465;-0,0426055012115317;0,05207741780903;-0,148368389537953;0,0631980028030968;-0,148368389537953;0,0631980028030968;100;1;0,9;TRUE;0,78;0,8;FALSE;FALSE;0,22;0,78;0
"hs_uvdvf_mt_hs_h_None";"hs_asthma";0,000154688532314652;1e-12;0,0539820987424747;0,0509987059493456;0,0509987059493456;0,0503680016590354;0,0645625315198217;-0,0728808679636387;0,156392450865486;-0,0728808679636387;0,156392450865486;100;1;0,9;TRUE;0,77;0,8;FALSE;FALSE;0,77;0,23;0
"hs_hum_dy_hs_h_None";"hs_asthma";0,000154688532314652;1e-12;0,0552121660388222;0,06648564993136;0,06648564993136;0,0693445956761113;0,0810621198594856;-0,111911409849493;0,22880683775777;-0,111911409849493;0,22880683775777;100;1;0,9;TRUE;0,82;0,8;TRUE;TRUE;0,82;0,18;0
"hs_hum_wk_hs_h_None";"hs_asthma";0,000154688532314652;1e-12;0,228412005479616;0,228472797231557;0,228472797231557;0,231937822100982;0,0632795734105776;0,0997017902380489;0,343962800288536;0,0997017902380489;0,343962800288536;100;1;0,9;TRUE;1;0,8;TRUE;TRUE;1;0;0
"hs_tm_dy_hs_h_None";"hs_asthma";0,000154688532314652;1e-12;0,00691615558047024;0,00993991792591901;0,00993991792591901;0,00686673840732843;0,0650743076325821;-0,108849876605615;0,135768781344326;-0,108849876605615;0,135768781344326;100;1;0,9;TRUE;0,51;0,8;FALSE;FALSE;0,51;0,49;0
"hs_tm_wk_hs_h_None";"hs_asthma";0,000154688532314652;1e-12;0,0652319105455343;0,0557763630381947;0,0557763630381947;0,0542025076311253;0,0523525602361844;-0,0510419922525381;0,160959301071335;-0,0510419922525381;0,160959301071335;100;1;0,9;TRUE;0,9;0,8;TRUE;TRUE;0,9;0,1;0
"hs_uvdvf_dy_hs_h_None";"hs_asthma";0,000154688532314652;1e-12;-0,114141964505746;-0,105181688314483;-0,105181688314483;-0,109435675418451;0,0528111995440831;-0,200690604726849;-0,00731000414546835;-0,200690604726849;-0,00731000414546835;100;1;0,9;TRUE;0,98;0,8;TRUE;TRUE;0,02;0,98;0
"hs_uvdvf_wk_hs_h_None";"hs_asthma";0,000154688532314652;1e-12;0,0678207358460566;0,0623063676518805;0,0623063676518805;0,0686522090131458;0,0648184373601161;-0,0523270303138925;0,183139482263461;-0,0523270303138925;0,183139482263461;100;1;0,9;TRUE;0,79;0,8;FALSE;FALSE;0,79;0,21;0
"hs_ndvi100_h_None";"hs_asthma";0,000154688532314652;1e-12;-0,148181041689941;-0,134720734346306;-0,134720734346306;-0,127400999441135;0,0767660774733762;-0,282777202574885;0,00947621416349469;-0,282777202574885;0,00947621416349469;100;1;0,9;TRUE;0,94;0,8;TRUE;TRUE;0,06;0,94;0
"hs_ndvi100_s_None";"hs_asthma";0,000154688532314652;1e-12;-0,0694439316315153;-0,0627567680061061;-0,0627567680061061;-0,0655287806230556;0,0727488366185727;-0,215925054270638;0,0641964128161017;-0,215925054270638;0,0641964128161017;100;1;0,9;TRUE;0,77;0,8;FALSE;FALSE;0,23;0,77;0
"hs_dde_cadj_Log2";"hs_asthma";0,000154688532314652;1e-12;0,056098251304294;0,0547951735974324;0,0547951735974324;0,0765566851213429;0,110205836780144;-0,159390702151031;0,229483903804233;-0,159390702151031;0,229483903804233;100;1;0,9;TRUE;0,69;0,8;FALSE;FALSE;0,69;0,31;0
"hs_ddt_cadj_Log2";"hs_asthma";0,000154688532314652;1e-12;0,0515537223349366;0,0597815213919018;0,0597815213919018;0,0617860680818842;0,0662260815645849;-0,0428367566929048;0,225824703903706;-0,0428367566929048;0,225824703903706;100;1;0,9;TRUE;0,8;0,8;TRUE;TRUE;0,8;0,2;0
"hs_hcb_cadj_Log2";"hs_asthma";0,000154688532314652;1e-12;0,00556271340597356;-0,00619085246952211;-0,00619085246952211;0,00230408311845623;0,0590819060431806;-0,129493705029545;0,0869146058156394;-0,129493705029545;0,0869146058156394;100;1;0,9;TRUE;0,52;0,8;FALSE;FALSE;0,52;0,48;0
"hs_pcb118_cadj_Log2";"hs_asthma";0,000154688532314652;1e-12;0,0255679838686291;0,029105682583014;0,029105682583014;0,0250241031340732;0,0704648654982531;-0,0989377651250274;0,147194023934217;-0,0989377651250274;0,147194023934217;100;1;0,9;TRUE;0,62;0,8;FALSE;FALSE;0,62;0,38;0
"hs_pcb138_cadj_Log2";"hs_asthma";0,000154688532314652;1e-12;0,0487410435098458;0,0656249606761392;0,0656249606761392;0,0537003734107858;0,102818638363286;-0,113867273497403;0,249307359532449;-0,113867273497403;0,249307359532449;100;1;0,9;TRUE;0,73;0,8;FALSE;FALSE;0,73;0,27;0
"hs_pcb153_cadj_Log2";"hs_asthma";0,000154688532314652;1e-12;-0,0477285878462233;-0,0471320399937569;-0,0471320399937569;-0,0440469112195436;0,0635719576365486;-0,167641231218849;0,0636886716572201;-0,167641231218849;0,0636886716572201;100;1;0,9;TRUE;0,79;0,8;FALSE;FALSE;0,21;0,79;0
"hs_pcb170_cadj_Log2";"hs_asthma";0,000154688532314652;1e-12;0,105512097436511;0,103082910253706;0,103082910253706;0,0963535863710073;0,0648785516924274;-0,00354442623355122;0,223721379194102;-0,00354442623355122;0,223721379194102;100;1;0,9;TRUE;0,97;0,8;TRUE;TRUE;0,97;0,03;0
"hs_pcb180_cadj_Log2";"hs_asthma";0,000154688532314652;1e-12;-0,0396123737521119;-0,036966923949613;-0,036966923949613;-0,0341551952947377;0,0646232622804546;-0,160160857972976;0,0772364707194653;-0,160160857972976;0,0772364707194653;100;1;0,9;TRUE;0,68;0,8;FALSE;FALSE;0,32;0,68;0
"hs_sumPCBs5_cadj_Log2";"hs_asthma";0,000154688532314652;1e-12;0,00381744596985193;0,00327192798197546;0,00327192798197546;0,0108589533623076;0,0640054517447576;-0,111443506669426;0,128862214397777;-0,111443506669426;0,128862214397777;100;1;0,9;TRUE;0,53;0,8;FALSE;FALSE;0,53;0,47;0
"hs_pfhxs_c_Log2";"hs_asthma";0,000154688532314652;1e-12;-0,0637815558891939;-0,0532102939727449;-0,0532102939727449;-0,0531369277856448;0,0688986011740048;-0,18384286557977;0,0729358732316145;-0,18384286557977;0,0729358732316145;100;1;0,9;TRUE;0,78;0,8;FALSE;FALSE;0,22;0,78;0
"hs_pfna_c_Log2";"hs_asthma";0,000154688532314652;1e-12;0,0268808072491712;0,0266276159858747;0,0266276159858747;0,0328964522447008;0,066460927285211;-0,0943111814286349;0,145577308728599;-0,0943111814286349;0,145577308728599;100;1;0,9;TRUE;0,68;0,8;FALSE;FALSE;0,68;0,32;0
"hs_pfoa_c_Log2";"hs_asthma";0,000154688532314652;1e-12;-0,0507925997530033;-0,0574051328188866;-0,0574051328188866;-0,0469375312287257;0,0800288189312362;-0,25533222262163;0,0860786583803651;-0,25533222262163;0,0860786583803651;100;1;0,9;TRUE;0,79;0,8;FALSE;FALSE;0,21;0,79;0
"hs_pfos_c_Log2";"hs_asthma";0,000154688532314652;1e-12;0,0270438086947688;0,0268698590367574;0,0268698590367574;0,0319434082519012;0,0718625271691919;-0,0946784244989002;0,165813438482524;-0,0946784244989002;0,165813438482524;100;1;0,9;TRUE;0,65;0,8;FALSE;FALSE;0,65;0,35;0
"hs_pfunda_c_Log2";"hs_asthma";0,000154688532314652;1e-12;0,0757172345896788;0,0759417727374925;0,0759417727374925;0,0830963710124303;0,0639681661311779;-0,0436865472266329;0,186102467424797;-0,0436865472266329;0,186102467424797;100;1;0,9;TRUE;0,89;0,8;TRUE;TRUE;0,89;0,11;0
"hs_hm_pers_None";"hs_asthma";0,000154688532314652;1e-12;-0,134789787310628;-0,131597085430252;-0,131597085430252;-0,132844239095638;0,0738046602335553;-0,246908765250667;-0,00577426850925593;-0,246908765250667;-0,00577426850925593;100;1;0,9;TRUE;0,98;0,8;TRUE;TRUE;0,02;0,98;0
"hs_trafload_h_pow1over3";"hs_asthma";0,000154688532314652;1e-12;-0,00492276214256173;-0,00233506355511766;-0,00233506355511766;-0,00784405916871306;0,0641214483565856;-0,119287211109199;0,139372813823828;-0,119287211109199;0,139372813823828;100;1;0,9;TRUE;0,52;0,8;FALSE;FALSE;0,48;0,52;0
"hs_trafnear_h_pow1over3";"hs_asthma";0,000154688532314652;1e-12;-0,0341113609353499;-0,0360057114079943;-0,0360057114079943;-0,0357986267085361;0,0717359242875728;-0,176276392432901;0,097480777548854;-0,176276392432901;0,097480777548854;100;1;0,9;TRUE;0,69;0,8;FALSE;FALSE;0,31;0,69;0
"FAS_cat_None_Low";"hs_asthma";0,000154688532314652;1e-12;-0,168584561964668;-0,178794044740843;-0,178794044740843;-0,176595969821382;0,262005001035817;-0,67646252516336;0,338074300686033;-0,67646252516336;0,338074300686033;100;1;0,9;TRUE;0,74;0,8;FALSE;FALSE;0,26;0,74;0
"FAS_cat_None_Middle";"hs_asthma";0,000154688532314652;1e-12;-0,110877925267247;-0,111419855720864;-0,111419855720864;-0,106071468049816;0,150244273856432;-0,447089523956966;0,162172880163217;-0,447089523956966;0,162172880163217;100;1;0,9;TRUE;0,75;0,8;FALSE;FALSE;0,25;0,75;0
"hs_globalexp2_None_no exposure";"hs_asthma";0,000154688532314652;1e-12;0,0340402270443547;0,0222737063957537;0,0222737063957537;0,0233046222823008;0,138229053078599;-0,240786044976913;0,267643725983318;-0,240786044976913;0,267643725983318;100;1;0,9;TRUE;0,6;0,8;FALSE;FALSE;0,6;0,4;0
"h_abs_ratio_preg_Log";"hs_zbmi_who";0,000154688532314652;1e-12;-0,00482225903271891;-0,00449601080422815;-0,00449601080422815;-0,00446623721921459;0,00540243480607733;-0,0145434337423773;0,0055366353298825;-0,0145434337423773;0,0055366353298825;100;1;0,9;TRUE;0,79;0,8;FALSE;FALSE;0,21;0,79;0
"h_no2_ratio_preg_Log";"hs_zbmi_who";0,000154688532314652;1e-12;-0,00628235787705721;-0,00594224616176123;-0,00594224616176123;-0,00605960782158937;0,00593010703719963;-0,0163965413848165;0,00501964303407757;-0,0163965413848165;0,00501964303407757;100;1;0,9;TRUE;0,86;0,8;TRUE;TRUE;0,14;0,86;0
"h_pm10_ratio_preg_None";"hs_zbmi_who";0,000154688532314652;1e-12;-0,00418631569531688;-0,00462890180673808;-0,00462890180673808;-0,00470272204706152;0,0052306086920504;-0,0153020677438518;0,00533873218757793;-0,0153020677438518;0,00533873218757793;100;1;0,9;TRUE;0,81;0,8;TRUE;TRUE;0,19;0,81;0
"h_pm25_ratio_preg_None";"hs_zbmi_who";0,000154688532314652;1e-12;-0,00186170333329026;-0,00167989122071131;-0,00167989122071131;-0,00166206600559307;0,00546380346917332;-0,0111248616420458;0,0083611378654568;-0,0111248616420458;0,0083611378654568;100;1;0,9;TRUE;0,64;0,8;FALSE;FALSE;0,36;0,64;0
"h_accesslines300_preg_dic0";"hs_zbmi_who";0,000154688532314652;1e-12;0,0108309848648553;0,00914181635429698;0,00914181635429698;0,00941723818387933;0,013852837498592;-0,0204152409081747;0,0323346255185942;-0,0204152409081747;0,0323346255185942;100;1;0,9;TRUE;0,76;0,8;FALSE;FALSE;0,76;0,24;0
"h_accesspoints300_preg_Log";"hs_zbmi_who";0,000154688532314652;1e-12;0,00425378619733026;0,00400958974360868;0,00400958974360868;0,00381342443098869;0,00525124198088778;-0,00514070338852128;0,0146165626070742;-0,00514070338852128;0,0146165626070742;100;1;0,9;TRUE;0,77;0,8;FALSE;FALSE;0,77;0,23;0
"h_builtdens300_preg_Sqrt";"hs_zbmi_who";0,000154688532314652;1e-12;-0,00210630740465031;-0,00170217281864523;-0,00170217281864523;-0,00182232559830925;0,00493028466490224;-0,0105880339800733;0,00817386300189557;-0,0105880339800733;0,00817386300189557;100;1;0,9;TRUE;0,63;0,8;FALSE;FALSE;0,37;0,63;0
"h_connind300_preg_Sqrt";"hs_zbmi_who";0,000154688532314652;1e-12;-0,00145177328415521;-0,00119820801622993;-0,00119820801622993;-0,0012889497813855;0,00373691044191144;-0,00818082391391017;0,00566612640427862;-0,00818082391391017;0,00566612640427862;100;1;0,9;TRUE;0,58;0,8;FALSE;FALSE;0,42;0,58;0
"h_fdensity300_preg_Log";"hs_zbmi_who";0,000154688532314652;1e-12;-0,00233780710396705;-0,00230884083581765;-0,00230884083581765;-0,00171477898614884;0,00503134932880419;-0,0126520568321627;0,00769739874265352;-0,0126520568321627;0,00769739874265352;100;1;0,9;TRUE;0,71;0,8;FALSE;FALSE;0,29;0,71;0
"h_frichness300_preg_None";"hs_zbmi_who";0,000154688532314652;1e-12;0,0019571109900033;0,0026583161282834;0,0026583161282834;0,00196979009848395;0,00528610992279317;-0,00644307441420199;0,0121876044295934;-0,00644307441420199;0,0121876044295934;100;1;0,9;TRUE;0,66;0,8;FALSE;FALSE;0,66;0,34;0
"h_landuseshan300_preg_None";"hs_zbmi_who";0,000154688532314652;1e-12;0,0101140758354535;0,00928342198456137;0,00928342198456137;0,00924447407702776;0,004162686919004;0,000941625882612222;0,0176277608679636;0,000941625882612222;0,0176277608679636;100;1;0,9;TRUE;0,97;0,8;TRUE;TRUE;0,97;0,03;0
"h_popdens_preg_Sqrt";"hs_zbmi_who";0,000154688532314652;1e-12;0,0114064356497924;0,010518522045839;0,010518522045839;0,0099401847411147;0,00446514292047125;0,00345955833555158;0,0187068528149887;0,00345955833555158;0,0187068528149887;100;1;0,9;TRUE;0,99;0,8;TRUE;TRUE;0,99;0,01;0
"h_walkability_mean_preg_None";"hs_zbmi_who";0,000154688532314652;1e-12;-0,0135686559813025;-0,0128111025191557;-0,0128111025191557;-0,012749272023215;0,00385105321758785;-0,0197447133162837;-0,00549762477273477;-0,0197447133162837;-0,00549762477273477;100;1;0,9;TRUE;1;0,8;TRUE;TRUE;0;1;0
"hs_as_m_Log2";"hs_zbmi_who";0,000154688532314652;1e-12;0,00498671857742874;0,00473554378001207;0,00473554378001207;0,00496334209248742;0,00407946764182139;-0,00229013162834922;0,0111558729393084;-0,00229013162834922;0,0111558729393084;100;1;0,9;TRUE;0,87;0,8;TRUE;TRUE;0,87;0,13;0
"hs_cd_m_Log2";"hs_zbmi_who";0,000154688532314652;1e-12;0,0018184804520903;0,000950210753638917;0,000950210753638917;0,000962874273806;0,00346697156222473;-0,00615443259468696;0,00744599832792732;-0,00615443259468696;0,00744599832792732;100;1;0,9;TRUE;0,62;0,8;FALSE;FALSE;0,62;0,38;0
"hs_co_m_Log2";"hs_zbmi_who";0,000154688532314652;1e-12;0,00469831409235904;0,00514106842471113;0,00514106842471113;0,00499423368172805;0,00453969278982488;-0,00332676438578875;0,0148729123335502;-0,00332676438578875;0,0148729123335502;100;1;0,9;TRUE;0,89;0,8;TRUE;TRUE;0,89;0,11;0
"hs_cs_m_Log2";"hs_zbmi_who";0,000154688532314652;1e-12;-0,00616172258719974;-0,00611451427920032;-0,00611451427920032;-0,00612313958181886;0,00422416483434104;-0,014184581298473;0,000862142809277348;-0,014184581298473;0,000862142809277348;100;1;0,9;TRUE;0,94;0,8;TRUE;TRUE;0,06;0,94;0
"hs_cu_m_Log2";"hs_zbmi_who";0,000154688532314652;1e-12;-0,00879528788410654;-0,00855008199807336;-0,00855008199807336;-0,00864402138072384;0,00396828053926435;-0,0156076323312311;-9,65065596135064e-05;-0,0156076323312311;-9,65065596135064e-05;100;1;0,9;TRUE;0,97;0,8;TRUE;TRUE;0,03;0,97;0
"hs_hg_m_Log2";"hs_zbmi_who";0,000154688532314652;1e-12;0,000400096101144765;0,00013078361174215;0,00013078361174215;0,000278885417275474;0,00386012933286654;-0,00720605511519468;0,00868373008152958;-0,00720605511519468;0,00868373008152958;100;1;0,9;TRUE;0,51;0,8;FALSE;FALSE;0,51;0,49;0
"hs_mn_m_Log2";"hs_zbmi_who";0,000154688532314652;1e-12;-0,00529668143883879;-0,0047925381053005;-0,0047925381053005;-0,00463613319005519;0,00400838075845966;-0,013906151472402;0,00281044279412667;-0,013906151472402;0,00281044279412667;100;1;0,9;TRUE;0,91;0,8;TRUE;TRUE;0,09;0,91;0
"hs_mo_m_Log2";"hs_zbmi_who";0,000154688532314652;1e-12;-0,00315636076915239;-0,003087174705167;-0,003087174705167;-0,00308435856920091;0,00410060197328398;-0,0111631218258634;0,00451080749560198;-0,0111631218258634;0,00451080749560198;100;1;0,9;TRUE;0,78;0,8;FALSE;FALSE;0,22;0,78;0
"hs_pb_m_Log2";"hs_zbmi_who";0,000154688532314652;1e-12;-0,00154946770468618;-0,00143731209890054;-0,00143731209890054;-0,00128279432639576;0,00358881531469817;-0,00927410906104639;0,00429657717814162;-0,00927410906104639;0,00429657717814162;100;1;0,9;TRUE;0,59;0,8;FALSE;FALSE;0,41;0,59;0
"h_humidity_preg_None";"hs_zbmi_who";0,000154688532314652;1e-12;0,0269061457854549;0,0262806608591478;0,0262806608591478;0,0259041286638317;0,00561114663476548;0,0170791754451002;0,0368135106102864;0,0170791754451002;0,0368135106102864;100;1;0,9;TRUE;1;0,8;TRUE;TRUE;1;0;0
"h_pressure_preg_None";"hs_zbmi_who";0,000154688532314652;1e-12;-0,0203204947122865;-0,0204699629395533;-0,0204699629395533;-0,0196984359727137;0,00583083434372382;-0,0315204821167036;-0,00959035740383536;-0,0315204821167036;-0,00959035740383536;100;1;0,9;TRUE;1;0,8;TRUE;TRUE;0;1;0
"h_temperature_preg_None";"hs_zbmi_who";0,000154688532314652;1e-12;0,00164966377936949;0,00203390309041096;0,00203390309041096;0,00234037640130994;0,00529244120624413;-0,00764547730076948;0,0115589699843682;-0,00764547730076948;0,0115589699843682;100;1;0,9;TRUE;0,65;0,8;FALSE;FALSE;0,65;0,35;0
"h_ndvi100_preg_None";"hs_zbmi_who";0,000154688532314652;1e-12;0,000585880001176752;0,0013820734327799;0,0013820734327799;0,0016662806647689;0,00502777960336058;-0,00877867358303161;0,0100264084962276;-0,00877867358303161;0,0100264084962276;100;1;0,9;TRUE;0,65;0,8;FALSE;FALSE;0,65;0,35;0
"hs_dde_madj_Log2";"hs_zbmi_who";0,000154688532314652;1e-12;0,00908189370961843;0,00836358677809815;0,00836358677809815;0,00788955115908271;0,00463580140200896;6,30831213995062e-05;0,0162702701274989;6,30831213995062e-05;0,0162702701274989;100;1;0,9;TRUE;0,97;0,8;TRUE;TRUE;0,97;0,03;0
"hs_ddt_madj_Log2";"hs_zbmi_who";0,000154688532314652;1e-12;-0,00403970124581811;-0,00397472888694225;-0,00397472888694225;-0,00414643317099786;0,00367910136629215;-0,0109951782575191;0,00277071786294297;-0,0109951782575191;0,00277071786294297;100;1;0,9;TRUE;0,9;0,8;TRUE;TRUE;0,1;0,9;0
"hs_hcb_madj_Log2";"hs_zbmi_who";0,000154688532314652;1e-12;-0,00404987024153082;-0,00322544537448228;-0,00322544537448228;-0,00319388729441686;0,00418820252466714;-0,0126888440025616;0,00358467053005555;-0,0126888440025616;0,00358467053005555;100;1;0,9;TRUE;0,77;0,8;FALSE;FALSE;0,23;0,77;0
"hs_pcb118_madj_Log2";"hs_zbmi_who";0,000154688532314652;1e-12;0,000453747644054986;2,07354652687217e-05;2,07354652687217e-05;-0,000299856456858062;0,00576699676785176;-0,00893343193265321;0,0110945525446352;-0,00893343193265321;0,0110945525446352;100;1;0,9;TRUE;0,46;0,8;FALSE;FALSE;0,46;0,54;0
"hs_pcb138_madj_Log2";"hs_zbmi_who";0,000154688532314652;1e-12;-0,00687421581089446;-0,00515216945939826;-0,00515216945939826;-0,00623339605293112;0,00675782782099934;-0,0164807450898041;0,00674868554620584;-0,0164807450898041;0,00674868554620584;100;1;0,9;TRUE;0,75;0,8;FALSE;FALSE;0,25;0,75;0
"hs_pcb153_madj_Log2";"hs_zbmi_who";0,000154688532314652;1e-12;-0,00371674140991885;-0,00380652699659022;-0,00380652699659022;-0,00388402331515804;0,00517583330962663;-0,0142590434070853;0,0053656704779005;-0,0142590434070853;0,0053656704779005;100;1;0,9;TRUE;0,77;0,8;FALSE;FALSE;0,23;0,77;0
"hs_pcb170_madj_Log2";"hs_zbmi_who";0,000154688532314652;1e-12;-0,00638569704602256;-0,00581123762565471;-0,00581123762565471;-0,00665818171430849;0,00520550103477401;-0,0140564759411805;0,00456340310103612;-0,0140564759411805;0,00456340310103612;100;1;0,9;TRUE;0,87;0,8;TRUE;TRUE;0,13;0,87;0
"hs_pcb180_madj_Log2";"hs_zbmi_who";0,000154688532314652;1e-12;0,00400981801959442;0,00297703675951229;0,00297703675951229;0,00360355641873049;0,00553628413862697;-0,00749092352770546;0,0138436448067454;-0,00749092352770546;0,0138436448067454;100;1;0,9;TRUE;0,74;0,8;FALSE;FALSE;0,74;0,26;0
"hs_sumPCBs5_madj_Log2";"hs_zbmi_who";0,000154688532314652;1e-12;0,000389536094186287;-2,0718310901725e-05;-2,0718310901725e-05;0,000178827942296165;0,00592688402934907;-0,0113940652588502;0,0116070106769407;-0,0113940652588502;0,0116070106769407;100;1;0,9;TRUE;0,5;0,8;FALSE;FALSE;0,5;0,5;0
"hs_pfhxs_m_Log2";"hs_zbmi_who";0,000154688532314652;1e-12;-0,000292142846188821;0,000296343789753332;0,000296343789753332;0,000241662317844471;0,00417633856652835;-0,00715596839038966;0,00784184801428298;-0,00715596839038966;0,00784184801428298;100;1;0,9;TRUE;0,46;0,8;FALSE;FALSE;0,54;0,46;0
"hs_pfna_m_Log2";"hs_zbmi_who";0,000154688532314652;1e-12;0,00159500531331438;0,00200629168864348;0,00200629168864348;0,00242726579963598;0,00495368459702613;-0,00669064297418737;0,0114627534027204;-0,00669064297418737;0,0114627534027204;100;1;0,9;TRUE;0,67;0,8;FALSE;FALSE;0,67;0,33;0
"hs_pfoa_m_Log2";"hs_zbmi_who";0,000154688532314652;1e-12;-0,00199324719397006;-0,00187755104360452;-0,00187755104360452;-0,00150675645389033;0,00430681516319605;-0,00954544429654715;0,00547255071544395;-0,00954544429654715;0,00547255071544395;100;1;0,9;TRUE;0,67;0,8;FALSE;FALSE;0,33;0,67;0
"hs_pfos_m_Log2";"hs_zbmi_who";0,000154688532314652;1e-12;-0,00764702497696286;-0,00778324899795078;-0,00778324899795078;-0,00755292719650177;0,00516867931262072;-0,0172883714968933;0,000984540192552078;-0,0172883714968933;0,000984540192552078;100;1;0,9;TRUE;0,93;0,8;TRUE;TRUE;0,07;0,93;0
"hs_pfunda_m_Log2";"hs_zbmi_who";0,000154688532314652;1e-12;-0,00174359993585176;-0,00163256059289574;-0,00163256059289574;-0,00165480861333083;0,00406850143033886;-0,00912506522647239;0,00625551165952686;-0,00912506522647239;0,00625551165952686;100;1;0,9;TRUE;0,64;0,8;FALSE;FALSE;0,36;0,64;0
"e3_asmokcigd_p_None";"hs_zbmi_who";0,000154688532314652;1e-12;-0,00847713770551037;-0,00799988008501162;-0,00799988008501162;-0,00848900354624787;0,00429196427970962;-0,0162716165778811;0,000289656746965575;-0,0162716165778811;0,000289656746965575;100;1;0,9;TRUE;0,96;0,8;TRUE;TRUE;0,04;0,96;0
"h_distinvnear1_preg_Log";"hs_zbmi_who";0,000154688532314652;1e-12;0,00212325400273976;0,00192709833392894;0,00192709833392894;0,00174684712314891;0,00405870625662288;-0,00471039730550967;0,010326930182146;-0,00471039730550967;0,010326930182146;100;1;0,9;TRUE;0,7;0,8;FALSE;FALSE;0,7;0,3;0
"h_trafload_preg_pow1over3";"hs_zbmi_who";0,000154688532314652;1e-12;0,0054486985395678;0,00550240046522851;0,00550240046522851;0,00560763065016321;0,00417075388854625;-0,00253468456382399;0,0136464371556508;-0,00253468456382399;0,0136464371556508;100;1;0,9;TRUE;0,93;0,8;TRUE;TRUE;0,93;0,07;0
"h_trafnear_preg_pow1over3";"hs_zbmi_who";0,000154688532314652;1e-12;-0,00113346916358127;-0,00104585305123719;-0,00104585305123719;-0,000502788992519904;0,0041573525867246;-0,00865658366031228;0,00644390093322218;-0,00865658366031228;0,00644390093322218;100;1;0,9;TRUE;0,59;0,8;FALSE;FALSE;0,41;0,59;0
"h_bro_preg_Log";"hs_zbmi_who";0,000154688532314652;1e-12;-0,00133556942466265;-0,000658029491961057;-0,000658029491961057;-0,00054796702739787;0,00534671643747282;-0,0113466352455483;0,00997347812082033;-0,0113466352455483;0,00997347812082033;100;1;0,9;TRUE;0,54;0,8;FALSE;FALSE;0,46;0,54;0
"h_clf_preg_Log";"hs_zbmi_who";0,000154688532314652;1e-12;0,000832260962976529;0,000456294861693757;0,000456294861693757;0,00053784066062816;0,00461199375621889;-0,00887135675658084;0,00848869049926876;-0,00887135675658084;0,00848869049926876;100;1;0,9;TRUE;0,57;0,8;FALSE;FALSE;0,57;0,43;0
"h_thm_preg_Log";"hs_zbmi_who";0,000154688532314652;1e-12;-1,28354087206841e-05;0,000845307287830209;0,000845307287830209;0,00107856198795091;0,00568987882774553;-0,0104168377389499;0,0101700807109744;-0,0104168377389499;0,0101700807109744;100;1;0,9;TRUE;0,45;0,8;FALSE;FALSE;0,55;0,45;0
"e3_alcpreg_yn_None_1";"hs_zbmi_who";0,000154688532314652;1e-12;0,00709283263820877;0,00769943434524113;0,00769943434524113;0,00796424273512911;0,00731833026896916;-0,00477839482535989;0,0224363585077118;-0,00477839482535989;0,0224363585077118;100;1;0,9;TRUE;0,88;0,8;TRUE;TRUE;0,88;0,12;0
"h_pamod_t3_None_Often";"hs_zbmi_who";0,000154688532314652;1e-12;0,063128994974913;0,0611009747030962;0,0611009747030962;0,0613283220156538;0,00867215663055432;0,0412925340221371;0,0764836331987135;0,0412925340221371;0,0764836331987135;100;1;0,9;TRUE;1;0,8;TRUE;TRUE;1;0;0
"h_pamod_t3_None_Sometimes";"hs_zbmi_who";0,000154688532314652;1e-12;0,0556570919113287;0,0542900930488555;0,0542900930488555;0,0548728034126791;0,0120545156663751;0,0286613935740076;0,0777658507315813;0,0286613935740076;0,0777658507315813;100;1;0,9;TRUE;1;0,8;TRUE;TRUE;1;0;0
"h_pamod_t3_None_Very Often";"hs_zbmi_who";0,000154688532314652;1e-12;0,0682702086967033;0,0660490992155305;0,0660490992155305;0,0652895898159322;0,0092141952101316;0,0472370377695529;0,081576973581;0,0472370377695529;0,081576973581;100;1;0,9;TRUE;1;0,8;TRUE;TRUE;1;0;0
"h_pavig_t3_None_Low";"hs_zbmi_who";0,000154688532314652;1e-12;0,0697923748864904;0,0685836937579052;0,0685836937579052;0,0685888267367743;0,0119157114529219;0,0446790692671623;0,0895689926332575;0,0446790692671623;0,0895689926332575;100;1;0,9;TRUE;1;0,8;TRUE;TRUE;1;0;0
"h_pavig_t3_None_Medium";"hs_zbmi_who";0,000154688532314652;1e-12;0,071196879998736;0,0687800410777641;0,0687800410777641;0,0686403864573026;0,0132326221903111;0,044127610652777;0,0928982113581563;0,044127610652777;0,0928982113581563;100;1;0,9;TRUE;1;0,8;TRUE;TRUE;1;0;0
"hs_no2_dy_hs_h_Log";"hs_zbmi_who";0,000154688532314652;1e-12;0,00365382238505846;0,00410572799680136;0,00410572799680136;0,004459417267874;0,00582137569682009;-0,00644432373549866;0,0149905661096891;-0,00644432373549866;0,0149905661096891;100;1;0,9;TRUE;0,74;0,8;FALSE;FALSE;0,74;0,26;0
"hs_no2_wk_hs_h_Log";"hs_zbmi_who";0,000154688532314652;1e-12;0,0055425083667193;0,00640415367965535;0,00640415367965535;0,00620719937343459;0,00480850020178398;-0,00308489872111157;0,0150694336155725;-0,00308489872111157;0,0150694336155725;100;1;0,9;TRUE;0,91;0,8;TRUE;TRUE;0,91;0,09;0
"hs_no2_yr_hs_h_Log";"hs_zbmi_who";0,000154688532314652;1e-12;0,0185012112855444;0,018161796102588;0,018161796102588;0,0186034545533696;0,00505665585541219;0,00820847810907686;0,0269888075150621;0,00820847810907686;0,0269888075150621;100;1;0,9;TRUE;1;0,8;TRUE;TRUE;1;0;0
"hs_pm10_dy_hs_h_None";"hs_zbmi_who";0,000154688532314652;1e-12;0,00437949033562639;0,00350003212749472;0,00350003212749472;0,00316330907289151;0,00482326597150641;-0,00483865044823416;0,011359342314337;-0,00483865044823416;0,011359342314337;100;1;0,9;TRUE;0,75;0,8;FALSE;FALSE;0,75;0,25;0
"hs_pm10_wk_hs_h_None";"hs_zbmi_who";0,000154688532314652;1e-12;-0,00984802833923656;-0,0080822093963336;-0,0080822093963336;-0,00839089468847148;0,00489753413986283;-0,0162216708943772;0,00141434211305546;-0,0162216708943772;0,00141434211305546;100;1;0,9;TRUE;0,95;0,8;TRUE;TRUE;0,05;0,95;0
"hs_pm10_yr_hs_h_None";"hs_zbmi_who";0,000154688532314652;1e-12;0,00412417601147813;0,00417219544224709;0,00417219544224709;0,00470304511186371;0,00479641424699596;-0,00360941508649504;0,0132901818469737;-0,00360941508649504;0,0132901818469737;100;1;0,9;TRUE;0,78;0,8;FALSE;FALSE;0,78;0,22;0
"hs_pm25_dy_hs_h_None";"hs_zbmi_who";0,000154688532314652;1e-12;0,0110384676462891;0,0101570066172069;0,0101570066172069;0,0103998092135058;0,00438469800574869;0,00106560765980636;0,0178193746751725;0,00106560765980636;0,0178193746751725;100;1;0,9;TRUE;1;0,8;TRUE;TRUE;1;0;0
"hs_pm25_wk_hs_h_None";"hs_zbmi_who";0,000154688532314652;1e-12;-0,00578036961307913;-0,00597064948749254;-0,00597064948749254;-0,00570838027925557;0,00580318773955173;-0,0179163328893323;0,00343199820912829;-0,0179163328893323;0,00343199820912829;100;1;0,9;TRUE;0,82;0,8;TRUE;TRUE;0,18;0,82;0
"hs_pm25_yr_hs_h_None";"hs_zbmi_who";0,000154688532314652;1e-12;0,0117797140628162;0,0119429160735025;0,0119429160735025;0,0120028683997618;0,00505525845853777;0,00155572271489332;0,0212679249861474;0,00155572271489332;0,0212679249861474;100;1;0,9;TRUE;0,99;0,8;TRUE;TRUE;0,99;0,01;0
"hs_pm25abs_dy_hs_h_Log";"hs_zbmi_who";0,000154688532314652;1e-12;-0,0038145331413612;-0,00343401495403687;-0,00343401495403687;-0,00335026854638553;0,00414723173093256;-0,0102251671500047;0,00449578584314012;-0,0102251671500047;0,00449578584314012;100;1;0,9;TRUE;0,78;0,8;FALSE;FALSE;0,22;0,78;0
"hs_pm25abs_wk_hs_h_Log";"hs_zbmi_who";0,000154688532314652;1e-12;-0,00161907934293;-0,00173705935677982;-0,00173705935677982;-0,00166515176304288;0,00397161284752646;-0,010427861863387;0,00506333574445633;-0,010427861863387;0,00506333574445633;100;1;0,9;TRUE;0,65;0,8;FALSE;FALSE;0,35;0,65;0
"hs_pm25abs_yr_hs_h_Log";"hs_zbmi_who";0,000154688532314652;1e-12;-0,00159353143894287;-0,00238229844007745;-0,00238229844007745;-0,00230309950789382;0,00598578741760337;-0,0125677658211709;0,00826356092561122;-0,0125677658211709;0,00826356092561122;100;1;0,9;TRUE;0,64;0,8;FALSE;FALSE;0,36;0,64;0
"hs_accesslines300_h_dic0";"hs_zbmi_who";0,000154688532314652;1e-12;-0,00890640026519446;-0,00648317515216325;-0,00648317515216325;-0,00740853527731414;0,0180108921998214;-0,0377793888114366;0,0287816266808837;-0,0377793888114366;0,0287816266808837;100;1;0,9;TRUE;0,68;0,8;FALSE;FALSE;0,32;0,68;0
"hs_accesspoints300_h_Log";"hs_zbmi_who";0,000154688532314652;1e-12;0,00392652271089044;0,0026867764866071;0,0026867764866071;0,00275091419992475;0,00555098940859315;-0,00835178342723693;0,0140717220761678;-0,00835178342723693;0,0140717220761678;100;1;0,9;TRUE;0,68;0,8;FALSE;FALSE;0,68;0,32;0
"hs_builtdens300_h_Sqrt";"hs_zbmi_who";0,000154688532314652;1e-12;-0,00419307985535559;-0,00414264854757723;-0,00414264854757723;-0,00414445607419277;0,00582498075638842;-0,0152090846688881;0,00746958317595247;-0,0152090846688881;0,00746958317595247;100;1;0,9;TRUE;0,79;0,8;FALSE;FALSE;0,21;0,79;0
"hs_connind300_h_Log";"hs_zbmi_who";0,000154688532314652;1e-12;0,00725332677306423;0,00682344564284428;0,00682344564284428;0,00672342016196356;0,00482892265070196;-0,00191058632625725;0,015125334231527;-0,00191058632625725;0,015125334231527;100;1;0,9;TRUE;0,9;0,8;TRUE;TRUE;0,9;0,1;0
"hs_fdensity300_h_Log";"hs_zbmi_who";0,000154688532314652;1e-12;0,00462002462440883;0,00449791061494023;0,00449791061494023;0,00501779904283161;0,00507040120165488;-0,0069093503397058;0,0153627438171626;-0,0069093503397058;0,0153627438171626;100;1;0,9;TRUE;0,82;0,8;TRUE;TRUE;0,82;0,18;0
"hs_landuseshan300_h_None";"hs_zbmi_who";0,000154688532314652;1e-12;-0,00402102280147766;-0,00283929846495414;-0,00283929846495414;-0,00336467693423308;0,0045988352426972;-0,0111104145372096;0,00582300842591035;-0,0111104145372096;0,00582300842591035;100;1;0,9;TRUE;0,74;0,8;FALSE;FALSE;0,26;0,74;0
"hs_popdens_h_Sqrt";"hs_zbmi_who";0,000154688532314652;1e-12;0,00285234162284832;0,00324825720214564;0,00324825720214564;0,00286347324678453;0,00498324249434455;-0,00452996380822294;0,0124666313590992;-0,00452996380822294;0,0124666313590992;100;1;0,9;TRUE;0,7;0,8;FALSE;FALSE;0,7;0,3;0
"hs_walkability_mean_h_None";"hs_zbmi_who";0,000154688532314652;1e-12;-0,00625993259020809;-0,00612197002293873;-0,00612197002293873;-0,00582665737313325;0,00477889988293468;-0,0170919676029815;0,00257649141940583;-0,0170919676029815;0,00257649141940583;100;1;0,9;TRUE;0,94;0,8;TRUE;TRUE;0,06;0,94;0
"hs_accesslines300_s_dic0";"hs_zbmi_who";0,000154688532314652;1e-12;0,0187552580536635;0,0156605914548763;0,0156605914548763;0,014973956390417;0,0143849295228638;-0,0134392224807865;0,0424390687610017;-0,0134392224807865;0,0424390687610017;100;1;0,9;TRUE;0,88;0,8;TRUE;TRUE;0,88;0,12;0
"hs_accesspoints300_s_Log";"hs_zbmi_who";0,000154688532314652;1e-12;-0,00280864985585759;-0,00264396491337711;-0,00264396491337711;-0,00241539880340545;0,00465519396549558;-0,0123757237562547;0,00673949671218835;-0,0123757237562547;0,00673949671218835;100;1;0,9;TRUE;0,76;0,8;FALSE;FALSE;0,24;0,76;0
"hs_builtdens300_s_Sqrt";"hs_zbmi_who";0,000154688532314652;1e-12;-0,000445250427287389;-0,00133434646702439;-0,00133434646702439;-0,00178245509607773;0,005585881620263;-0,0123063565427337;0,00835965759024505;-0,0123063565427337;0,00835965759024505;100;1;0,9;TRUE;0,59;0,8;FALSE;FALSE;0,41;0,59;0
"hs_connind300_s_Log";"hs_zbmi_who";0,000154688532314652;1e-12;-0,000742974001151978;-0,000413958312467285;-0,000413958312467285;-0,000513485845674672;0,00450504472836587;-0,0090081578325754;0,00881305558712439;-0,0090081578325754;0,00881305558712439;100;1;0,9;TRUE;0,56;0,8;FALSE;FALSE;0,44;0,56;0
"hs_fdensity300_s_Log";"hs_zbmi_who";0,000154688532314652;1e-12;-0,00129272218069719;-0,00137003150661361;-0,00137003150661361;-0,00143932901804127;0,00497066294429625;-0,0103115484576769;0,00995967836100635;-0,0103115484576769;0,00995967836100635;100;1;0,9;TRUE;0,63;0,8;FALSE;FALSE;0,37;0,63;0
"hs_landuseshan300_s_None";"hs_zbmi_who";0,000154688532314652;1e-12;-0,00305934967139003;-0,00304475891321626;-0,00304475891321626;-0,00383861516476616;0,00417495410727693;-0,0109933001601082;0,00452047793186073;-0,0109933001601082;0,00452047793186073;100;1;0,9;TRUE;0,73;0,8;FALSE;FALSE;0,27;0,73;0
"hs_popdens_s_Sqrt";"hs_zbmi_who";0,000154688532314652;1e-12;-0,00504437820986449;-0,00464752852697528;-0,00464752852697528;-0,00477475181932243;0,0046196898367202;-0,0129387653686415;0,00552974752534352;-0,0129387653686415;0,00552974752534352;100;1;0,9;TRUE;0,86;0,8;TRUE;TRUE;0,14;0,86;0
"h_Absorbance_Log";"hs_zbmi_who";0,000154688532314652;1e-12;-0,00401159168511361;-0,00354447005759873;-0,00354447005759873;-0,00410066603643519;0,00451813540088204;-0,0113839687400299;0,00552280048165535;-0,0113839687400299;0,00552280048165535;100;1;0,9;TRUE;0,8;0,8;TRUE;TRUE;0,2;0,8;0
"h_Benzene_Log";"hs_zbmi_who";0,000154688532314652;1e-12;0,00303819138149464;0,00249041841020813;0,00249041841020813;0,00220430421048368;0,00479749621426938;-0,00538896522511735;0,012013747935082;-0,00538896522511735;0,012013747935082;100;1;0,9;TRUE;0,68;0,8;FALSE;FALSE;0,68;0,32;0
"h_NO2_Log";"hs_zbmi_who";0,000154688532314652;1e-12;0,0139675074121324;0,0135922866435295;0,0135922866435295;0,0135357926454698;0,00448440479096287;0,00489920108580812;0,02318925738768;0,00489920108580812;0,02318925738768;100;1;0,9;TRUE;1;0,8;TRUE;TRUE;1;0;0
"h_PM_Log";"hs_zbmi_who";0,000154688532314652;1e-12;0,00968341928279374;0,00886067470783022;0,00886067470783022;0,00893084152866342;0,00452852921963438;-0,000397503021656976;0,0177884741855426;-0,000397503021656976;0,0177884741855426;100;1;0,9;TRUE;0,96;0,8;TRUE;TRUE;0,96;0,04;0
"h_TEX_Log";"hs_zbmi_who";0,000154688532314652;1e-12;-0,00241594383411059;-0,00279514500644973;-0,00279514500644973;-0,00317853422390817;0,00423685682348659;-0,00973540804867588;0,00609547905481469;-0,00973540804867588;0,00609547905481469;100;1;0,9;TRUE;0,77;0,8;FALSE;FALSE;0,23;0,77;0
"hs_KIDMED_None";"hs_zbmi_who";0,000154688532314652;1e-12;0,00971980672728658;0,00976926618988613;0,00976926618988613;0,00985745086994982;0,00418296740151174;0,00173175725476396;0,0175245643533944;0,00173175725476396;0,0175245643533944;100;1;0,9;TRUE;1;0,8;TRUE;TRUE;1;0;0
"hs_mvpa_prd_alt_None";"hs_zbmi_who";0,000154688532314652;1e-12;-0,00787785097783612;-0,00736050904771776;-0,00736050904771776;-0,00705829237617405;0,00463979837864528;-0,0164027129338741;0,00107510689790347;-0,0164027129338741;0,00107510689790347;100;1;0,9;TRUE;0,95;0,8;TRUE;TRUE;0,05;0,95;0
"hs_sd_wk_None";"hs_zbmi_who";0,000154688532314652;1e-12;0,00449316513636953;0,00303578644643565;0,00303578644643565;0,0029457962242779;0,00312681069164857;-0,00335463152121245;0,00921653206368092;-0,00335463152121245;0,00921653206368092;100;1;0,9;TRUE;0,83;0,8;TRUE;TRUE;0,83;0,17;0
"hs_dif_hours_total_None";"hs_zbmi_who";0,000154688532314652;1e-12;-0,00704818904896067;-0,00654912268627611;-0,00654912268627611;-0,00598491082978402;0,00447436216052455;-0,0156640521661195;0,00176027005139903;-0,0156640521661195;0,00176027005139903;100;1;0,9;TRUE;0,94;0,8;TRUE;TRUE;0,06;0,94;0
"hs_as_c_Log2";"hs_zbmi_who";0,000154688532314652;1e-12;0,00479703217898538;0,00492996942615058;0,00492996942615058;0,00462672857918322;0,00387994681366652;-0,00170113289018776;0,0126903898199111;-0,00170113289018776;0,0126903898199111;100;1;0,9;TRUE;0,89;0,8;TRUE;TRUE;0,89;0,11;0
"hs_cd_c_Log2";"hs_zbmi_who";0,000154688532314652;1e-12;0,00486144716635795;0,0042932131877443;0,0042932131877443;0,00428091189759828;0,00351887393820048;-0,0017201118808969;0,0110741731247231;-0,0017201118808969;0,0110741731247231;100;1;0,9;TRUE;0,88;0,8;TRUE;TRUE;0,88;0,12;0
"hs_co_c_Log2";"hs_zbmi_who";0,000154688532314652;1e-12;-0,00823803047532353;-0,00819289155615251;-0,00819289155615251;-0,0082723581373136;0,00377412660203523;-0,0151924905883204;-0,000859437488960142;-0,0151924905883204;-0,000859437488960142;100;1;0,9;TRUE;0,99;0,8;TRUE;TRUE;0,01;0,99;0
"hs_cs_c_Log2";"hs_zbmi_who";0,000154688532314652;1e-12;0,0132455203321216;0,0123342847708876;0,0123342847708876;0,0124717831237633;0,00375502763253132;0,00498045427424812;0,0195404204988195;0,00498045427424812;0,0195404204988195;100;1;0,9;TRUE;1;0,8;TRUE;TRUE;1;0;0
"hs_cu_c_Log2";"hs_zbmi_who";0,000154688532314652;1e-12;0,00925442378894662;0,00873776957420281;0,00873776957420281;0,00868182971119059;0,00437193082820936;7,74747309335032e-05;0,016791415663063;7,74747309335032e-05;0,016791415663063;100;1;0,9;TRUE;0,97;0,8;TRUE;TRUE;0,97;0,03;0
"hs_hg_c_Log2";"hs_zbmi_who";0,000154688532314652;1e-12;-0,00751189458276443;-0,00720539274056172;-0,00720539274056172;-0,00748979906939666;0,00416808330578303;-0,0154666871794621;0,000745337275462828;-0,0154666871794621;0,000745337275462828;100;1;0,9;TRUE;0,97;0,8;TRUE;TRUE;0,03;0,97;0
"hs_mn_c_Log2";"hs_zbmi_who";0,000154688532314652;1e-12;-0,0017959830566174;-0,00206033952796336;-0,00206033952796336;-0,00212171592108973;0,00343645026342148;-0,0083116463985307;0,00429425269998455;-0,0083116463985307;0,00429425269998455;100;1;0,9;TRUE;0,71;0,8;FALSE;FALSE;0,29;0,71;0
"hs_mo_c_Log2";"hs_zbmi_who";0,000154688532314652;1e-12;-0,00715440440493705;-0,00704586805246699;-0,00704586805246699;-0,00683462874145336;0,00370897925981857;-0,0143166773385756;-0,00101633920439587;-0,0143166773385756;-0,00101633920439587;100;1;0,9;TRUE;1;0,8;TRUE;TRUE;0;1;0
"hs_pb_c_Log2";"hs_zbmi_who";0,000154688532314652;1e-12;-0,000415827793713123;-0,000436606699173327;-0,000436606699173327;-0,000264708415447145;0,00354017675526502;-0,00690310719989564;0,00604484794131302;-0,00690310719989564;0,00604484794131302;100;1;0,9;TRUE;0,54;0,8;FALSE;FALSE;0,46;0,54;0
"hs_hum_mt_hs_h_None";"hs_zbmi_who";0,000154688532314652;1e-12;-0,0014326060979423;-0,00238537263088289;-0,00238537263088289;-0,0019026579394771;0,0056163937783944;-0,0123217684053323;0,00859656395932382;-0,0123217684053323;0,00859656395932382;100;1;0,9;TRUE;0,71;0,8;FALSE;FALSE;0,29;0,71;0
"hs_tm_mt_hs_h_None";"hs_zbmi_who";0,000154688532314652;1e-12;0,0124340644156584;0,0125563238373616;0,0125563238373616;0,0121112905192799;0,00491479317391541;0,00358388011765402;0,0226686969501357;0,00358388011765402;0,0226686969501357;100;1;0,9;TRUE;0,99;0,8;TRUE;TRUE;0,99;0,01;0
"hs_uvdvf_mt_hs_h_None";"hs_zbmi_who";0,000154688532314652;1e-12;-0,00689723045386869;-0,00676523523082308;-0,00676523523082308;-0,00685780773477545;0,00523249145102577;-0,0162518099624762;0,00380868342959738;-0,0162518099624762;0,00380868342959738;100;1;0,9;TRUE;0,9;0,8;TRUE;TRUE;0,1;0,9;0
"hs_hum_dy_hs_h_None";"hs_zbmi_who";0,000154688532314652;1e-12;-0,00529880059726885;-0,00477678219455364;-0,00477678219455364;-0,00493733739568445;0,00425715156464881;-0,0134410710340188;0,00265239813563667;-0,0134410710340188;0,00265239813563667;100;1;0,9;TRUE;0,87;0,8;TRUE;TRUE;0,13;0,87;0
"hs_hum_wk_hs_h_None";"hs_zbmi_who";0,000154688532314652;1e-12;-0,0113199697342452;-0,0107769300640392;-0,0107769300640392;-0,0110064564420029;0,00489275979767795;-0,0199136412925697;-0,00233272494746393;-0,0199136412925697;-0,00233272494746393;100;1;0,9;TRUE;1;0,8;TRUE;TRUE;0;1;0
"hs_tm_dy_hs_h_None";"hs_zbmi_who";0,000154688532314652;1e-12;-0,00570557462192701;-0,00471010202487331;-0,00471010202487331;-0,00506951796127518;0,00546236759402691;-0,0132983866241077;0,00665048359884919;-0,0132983866241077;0,00665048359884919;100;1;0,9;TRUE;0,81;0,8;TRUE;TRUE;0,19;0,81;0
"hs_tm_wk_hs_h_None";"hs_zbmi_who";0,000154688532314652;1e-12;0,00750675848853611;0,00706353453487571;0,00706353453487571;0,0072933836344574;0,00493306367925709;-0,00104455921211399;0,0164781577834361;-0,00104455921211399;0,0164781577834361;100;1;0,9;TRUE;0,93;0,8;TRUE;TRUE;0,93;0,07;0
"hs_uvdvf_dy_hs_h_None";"hs_zbmi_who";0,000154688532314652;1e-12;-0,00140367008850131;-0,00206478908394129;-0,00206478908394129;-0,0017896611480736;0,00482543875001343;-0,010996020702819;0,00817517616445697;-0,010996020702819;0,00817517616445697;100;1;0,9;TRUE;0,61;0,8;FALSE;FALSE;0,39;0,61;0
"hs_uvdvf_wk_hs_h_None";"hs_zbmi_who";0,000154688532314652;1e-12;-0,0163000750106691;-0,0156514089364117;-0,0156514089364117;-0,015703956396714;0,00465703901118131;-0,0242053878503245;-0,0061565539676117;-0,0242053878503245;-0,0061565539676117;100;1;0,9;TRUE;1;0,8;TRUE;TRUE;0;1;0
"hs_ndvi100_h_None";"hs_zbmi_who";0,000154688532314652;1e-12;0,00680359264712148;0,00674114683930997;0,00674114683930997;0,0069399375975165;0,00516515453242216;-0,00627667577927281;0,0163353373874973;-0,00627667577927281;0,0163353373874973;100;1;0,9;TRUE;0,92;0,8;TRUE;TRUE;0,92;0,08;0
"hs_ndvi100_s_None";"hs_zbmi_who";0,000154688532314652;1e-12;0,00538861538764197;0,00508425333486386;0,00508425333486386;0,00458268779296493;0,00503987582551386;-0,00369891480620951;0,0148714792141292;-0,00369891480620951;0,0148714792141292;100;1;0,9;TRUE;0,83;0,8;TRUE;TRUE;0,83;0,17;0
"hs_dde_cadj_Log2";"hs_zbmi_who";0,000154688532314652;1e-12;-0,0158591059479244;-0,0143128948394407;-0,0143128948394407;-0,0150882308631013;0,0049778514660528;-0,0236825795267553;-0,00496880754973001;-0,0236825795267553;-0,00496880754973001;100;1;0,9;TRUE;1;0,8;TRUE;TRUE;0;1;0
"hs_ddt_cadj_Log2";"hs_zbmi_who";0,000154688532314652;1e-12;-0,00143326673774899;-0,00151519880806252;-0,00151519880806252;-0,00204592477598769;0,00464451669203293;-0,00953900266921454;0,0092894506474139;-0,00953900266921454;0,0092894506474139;100;1;0,9;TRUE;0,66;0,8;FALSE;FALSE;0,34;0,66;0
"hs_hcb_cadj_Log2";"hs_zbmi_who";0,000154688532314652;1e-12;-0,0170495159520616;-0,0238492327167547;-0,0238492327167547;-0,0176629091482107;0,0156194914235878;-0,0517524147904339;-0,00589592078556131;-0,0517524147904339;-0,00589592078556131;100;1;0,9;TRUE;1;0,8;TRUE;TRUE;0;1;0
"hs_pcb118_cadj_Log2";"hs_zbmi_who";0,000154688532314652;1e-12;0,00231199746830973;0,00158889552252158;0,00158889552252158;0,00191572952950287;0,00398035723447967;-0,00735597244162084;0,00754212115763931;-0,00735597244162084;0,00754212115763931;100;1;0,9;TRUE;0,67;0,8;FALSE;FALSE;0,67;0,33;0
"hs_pcb138_cadj_Log2";"hs_zbmi_who";0,000154688532314652;1e-12;-0,000401493494407479;-0,000499837477606858;-0,000499837477606858;-0,000914103777284712;0,00540309806372518;-0,01056056022812;0,00836156710819943;-0,01056056022812;0,00836156710819943;100;1;0,9;TRUE;0,55;0,8;FALSE;FALSE;0,45;0,55;0
"hs_pcb153_cadj_Log2";"hs_zbmi_who";0,000154688532314652;1e-12;-0,00469193244686195;-0,00445342216920554;-0,00445342216920554;-0,00550391364268616;0,00582504104949787;-0,0134472755800001;0,0073756844173334;-0,0134472755800001;0,0073756844173334;100;1;0,9;TRUE;0,75;0,8;FALSE;FALSE;0,25;0,75;0
"hs_pcb170_cadj_Log2";"hs_zbmi_who";0,000154688532314652;1e-12;-0,0218979341644207;-0,0204261670809796;-0,0204261670809796;-0,0206914483575317;0,00440381308073441;-0,0268608374835319;-0,0119731528684704;-0,0268608374835319;-0,0119731528684704;100;1;0,9;TRUE;1;0,8;TRUE;TRUE;0;1;0
"hs_pcb180_cadj_Log2";"hs_zbmi_who";0,000154688532314652;1e-12;-0,00458016085079272;-0,00446413060484836;-0,00446413060484836;-0,00356330329473003;0,00553491630275036;-0,0162909761077268;0,00466277317332372;-0,0162909761077268;0,00466277317332372;100;1;0,9;TRUE;0,79;0,8;FALSE;FALSE;0,21;0,79;0
"hs_sumPCBs5_cadj_Log2";"hs_zbmi_who";0,000154688532314652;1e-12;-0,0225322937376255;-0,0196545451248979;-0,0196545451248979;-0,0199404134086221;0,00504299121242198;-0,0283863166973773;-0,0096452894221965;-0,0283863166973773;-0,0096452894221965;100;1;0,9;TRUE;1;0,8;TRUE;TRUE;0;1;0
"hs_pfhxs_c_Log2";"hs_zbmi_who";0,000154688532314652;1e-12;0,00585265996548892;0,00583460468738615;0,00583460468738615;0,00557813766118268;0,00449309923786857;-0,00390593487445952;0,0141277988747522;-0,00390593487445952;0,0141277988747522;100;1;0,9;TRUE;0,92;0,8;TRUE;TRUE;0,92;0,08;0
"hs_pfna_c_Log2";"hs_zbmi_who";0,000154688532314652;1e-12;0,000348223287013048;-0,00028484297670771;-0,00028484297670771;-0,000409496801458938;0,00521582639760525;-0,010855627024445;0,00935090080578451;-0,010855627024445;0,00935090080578451;100;1;0,9;TRUE;0,48;0,8;FALSE;FALSE;0,48;0,52;0
"hs_pfoa_c_Log2";"hs_zbmi_who";0,000154688532314652;1e-12;0,005198023753354;0,00519640546118106;0,00519640546118106;0,0049879639080257;0,00394319097511471;-0,00371671625328979;0,0121898233317687;-0,00371671625328979;0,0121898233317687;100;1;0,9;TRUE;0,92;0,8;TRUE;TRUE;0,92;0,08;0
"hs_pfos_c_Log2";"hs_zbmi_who";0,000154688532314652;1e-12;-0,0111530063111661;-0,00988905355141986;-0,00988905355141986;-0,00943675794102632;0,00420304660914145;-0,0184122317715305;-0,00314476941176465;-0,0184122317715305;-0,00314476941176465;100;1;0,9;TRUE;0,99;0,8;TRUE;TRUE;0,01;0,99;0
"hs_pfunda_c_Log2";"hs_zbmi_who";0,000154688532314652;1e-12;-0,00368739490418248;-0,00322200978662253;-0,00322200978662253;-0,00317225260632922;0,00383244951985719;-0,0113552175816119;0,00460743175321352;-0,0113552175816119;0,00460743175321352;100;1;0,9;TRUE;0,81;0,8;TRUE;TRUE;0,19;0,81;0
"hs_hm_pers_None";"hs_zbmi_who";0,000154688532314652;1e-12;0,00224178458469503;0,00223837825489106;0,00223837825489106;0,00215277194062783;0,00355131045990783;-0,00443292423792088;0,00808424995777029;-0,00443292423792088;0,00808424995777029;100;1;0,9;TRUE;0,72;0,8;FALSE;FALSE;0,72;0,28;0
"hs_trafload_h_pow1over3";"hs_zbmi_who";0,000154688532314652;1e-12;-0,00238215066751515;-0,00262910287649269;-0,00262910287649269;-0,00283291673658746;0,00404775638592297;-0,00934878589447077;0,00548792884556549;-0,00934878589447077;0,00548792884556549;100;1;0,9;TRUE;0,75;0,8;FALSE;FALSE;0,25;0,75;0
"hs_trafnear_h_pow1over3";"hs_zbmi_who";0,000154688532314652;1e-12;-0,00188880438066606;-0,00212621623124154;-0,00212621623124154;-0,00221010628031364;0,00446829325092179;-0,0107438627082197;0,00674704942643982;-0,0107438627082197;0,00674704942643982;100;1;0,9;TRUE;0,7;0,8;FALSE;FALSE;0,3;0,7;0
"FAS_cat_None_Low";"hs_zbmi_who";0,000154688532314652;1e-12;-0,00688275768468402;-0,00620239891969375;-0,00620239891969375;-0,00647351254765771;0,0119092911624986;-0,0262996691206833;0,0157891016740361;-0,0262996691206833;0,0157891016740361;100;1;0,9;TRUE;0,74;0,8;FALSE;FALSE;0,26;0,74;0
"FAS_cat_None_Middle";"hs_zbmi_who";0,000154688532314652;1e-12;-0,00475942248305906;-0,00551494874234587;-0,00551494874234587;-0,00564028816331217;0,00770752668157669;-0,01856907156983;0,00849211549055875;-0,01856907156983;0,00849211549055875;100;1;0,9;TRUE;0,75;0,8;FALSE;FALSE;0,25;0,75;0
"hs_globalexp2_None_no exposure";"hs_zbmi_who";0,000154688532314652;1e-12;0,00953678699070439;0,0106697390922318;0,0106697390922318;0,0106148372248746;0,00652516632533715;-0,00128064860790268;0,0250983761562319;-0,00128064860790268;0,0250983761562319;100;1;0,9;TRUE;0,96;0,8;TRUE;TRUE;0,96;0,04;0
"h_abs_ratio_preg_Log";"hs_correct_raven";0,000154688532314652;1e-12;0,00532966674590503;0,00402829989395754;0,00402829989395754;0,00382445351046976;0,00861968737955175;-0,0137126679426298;0,0188560788833537;-0,0137126679426298;0,0188560788833537;100;1;0,9;TRUE;0,64;0,8;FALSE;FALSE;0,64;0,36;0
"h_no2_ratio_preg_Log";"hs_correct_raven";0,000154688532314652;1e-12;0,0167078052460345;0,0176803481865537;0,0176803481865537;0,0176064460185659;0,00734064627440865;0,0035854620533461;0,0318195702032969;0,0035854620533461;0,0318195702032969;100;1;0,9;TRUE;1;0,8;TRUE;TRUE;1;0;0
"h_pm10_ratio_preg_None";"hs_correct_raven";0,000154688532314652;1e-12;-0,0119595729421337;-0,0115285515658681;-0,0115285515658681;-0,0111100074801297;0,00777844088245517;-0,0256855831674821;0,0047101277018018;-0,0256855831674821;0,0047101277018018;100;1;0,9;TRUE;0,93;0,8;TRUE;TRUE;0,07;0,93;0
"h_pm25_ratio_preg_None";"hs_correct_raven";0,000154688532314652;1e-12;0,00572513304623944;0,00481398221537999;0,00481398221537999;0,00505967952226929;0,00636217056613734;-0,0075300875213965;0,0165304690257597;-0,0075300875213965;0,0165304690257597;100;1;0,9;TRUE;0,75;0,8;FALSE;FALSE;0,75;0,25;0
"h_accesslines300_preg_dic0";"hs_correct_raven";0,000154688532314652;1e-12;-0,00429669413083339;-0,00349652083008875;-0,00349652083008875;-0,000801889245109851;0,0221758898149709;-0,0519135695936468;0,0361107281598589;-0,0519135695936468;0,0361107281598589;100;1;0,9;TRUE;0,53;0,8;FALSE;FALSE;0,47;0,53;0
"h_accesspoints300_preg_Log";"hs_correct_raven";0,000154688532314652;1e-12;-0,00823465069933373;-0,00830127769747503;-0,00830127769747503;-0,00890715669284876;0,00885262781911127;-0,0231544916553892;0,00941563273954883;-0,0231544916553892;0,00941563273954883;100;1;0,9;TRUE;0,8;0,8;TRUE;TRUE;0,2;0,8;0
"h_builtdens300_preg_Sqrt";"hs_correct_raven";0,000154688532314652;1e-12;0,00451483620758126;0,00400915804410512;0,00400915804410512;0,00451492367255202;0,00727686567722916;-0,010303411401539;0,0177304296337462;-0,010303411401539;0,0177304296337462;100;1;0,9;TRUE;0,7;0,8;FALSE;FALSE;0,7;0,3;0
"h_connind300_preg_Sqrt";"hs_correct_raven";0,000154688532314652;1e-12;0,0021712988758256;0,00162002083380834;0,00162002083380834;0,00182842122491101;0,00531380386031753;-0,00696606434229572;0,0141989081622495;-0,00696606434229572;0,0141989081622495;100;1;0,9;TRUE;0,6;0,8;FALSE;FALSE;0,6;0,4;0
"h_fdensity300_preg_Log";"hs_correct_raven";0,000154688532314652;1e-12;0,0123411518689835;0,011797840555917;0,011797840555917;0,011093307937953;0,00750900874328985;-0,00143095014240161;0,0273085881076228;-0,00143095014240161;0,0273085881076228;100;1;0,9;TRUE;0,93;0,8;TRUE;TRUE;0,93;0,07;0
"h_frichness300_preg_None";"hs_correct_raven";0,000154688532314652;1e-12;0,00391703964184479;0,0042741524763195;0,0042741524763195;0,00517600343530264;0,00726368746119601;-0,00908670519525635;0,0167062948190767;-0,00908670519525635;0,0167062948190767;100;1;0,9;TRUE;0,71;0,8;FALSE;FALSE;0,71;0,29;0
"h_landuseshan300_preg_None";"hs_correct_raven";0,000154688532314652;1e-12;0,000601361188652787;0,000855934666936779;0,000855934666936779;0,00147131187822824;0,00559385243207934;-0,00808792554219227;0,012319940923739;-0,00808792554219227;0,012319940923739;100;1;0,9;TRUE;0,55;0,8;FALSE;FALSE;0,55;0,45;0
"h_popdens_preg_Sqrt";"hs_correct_raven";0,000154688532314652;1e-12;-0,00984343346565889;-0,00991766750267611;-0,00991766750267611;-0,00980197732214961;0,00728271917084466;-0,0240420983029586;0,00398222561406288;-0,0240420983029586;0,00398222561406288;100;1;0,9;TRUE;0,9;0,8;TRUE;TRUE;0,1;0,9;0
"h_walkability_mean_preg_None";"hs_correct_raven";0,000154688532314652;1e-12;0,000458448674784942;0,00046129528219739;0,00046129528219739;0,00134702231461238;0,00615105280001508;-0,0129179052532231;0,00967169761145483;-0,0129179052532231;0,00967169761145483;100;1;0,9;TRUE;0,57;0,8;FALSE;FALSE;0,57;0,43;0
"hs_as_m_Log2";"hs_correct_raven";0,000154688532314652;1e-12;0,00201437000738989;0,00190127174068529;0,00190127174068529;0,00184954505698812;0,0052454370687191;-0,00834197800762687;0,0106362047371981;-0,00834197800762687;0,0106362047371981;100;1;0,9;TRUE;0,64;0,8;FALSE;FALSE;0,64;0,36;0
"hs_cd_m_Log2";"hs_correct_raven";0,000154688532314652;1e-12;-0,0093597382607583;-0,00937544094884328;-0,00937544094884328;-0,00947123198252645;0,00520665107595582;-0,019749443794285;0,00048626317440038;-0,019749443794285;0,00048626317440038;100;1;0,9;TRUE;0,97;0,8;TRUE;TRUE;0,03;0,97;0
"hs_co_m_Log2";"hs_correct_raven";0,000154688532314652;1e-12;-0,00237543544967379;-0,00241734303154746;-0,00241734303154746;-0,00245412788109977;0,00620989332190072;-0,0130024481502703;0,00961861554604139;-0,0130024481502703;0,00961861554604139;100;1;0,9;TRUE;0,63;0,8;FALSE;FALSE;0,37;0,63;0
"hs_cs_m_Log2";"hs_correct_raven";0,000154688532314652;1e-12;-0,00431174528392108;-0,00371882917130525;-0,00371882917130525;-0,00418709234740417;0,00625212249230912;-0,0152194495804188;0,0103784636662901;-0,0152194495804188;0,0103784636662901;100;1;0,9;TRUE;0,73;0,8;FALSE;FALSE;0,27;0,73;0
"hs_cu_m_Log2";"hs_correct_raven";0,000154688532314652;1e-12;-0,00804370955375029;-0,00900456719776912;-0,00900456719776912;-0,00963656221477971;0,00579161600940372;-0,0185248707798678;0,00313405789837838;-0,0185248707798678;0,00313405789837838;100;1;0,9;TRUE;0,92;0,8;TRUE;TRUE;0,08;0,92;0
"hs_hg_m_Log2";"hs_correct_raven";0,000154688532314652;1e-12;-0,00507356052390747;-0,00459669572146647;-0,00459669572146647;-0,00454072162589046;0,0051082044376552;-0,0138129859270153;0,0057750534183;-0,0138129859270153;0,0057750534183;100;1;0,9;TRUE;0,82;0,8;TRUE;TRUE;0,18;0,82;0
"hs_mn_m_Log2";"hs_correct_raven";0,000154688532314652;1e-12;0,00689495258831043;0,0064319261171264;0,0064319261171264;0,00598066077823824;0,00460362198983868;-0,00250031310999753;0,0158570980417515;-0,00250031310999753;0,0158570980417515;100;1;0,9;TRUE;0,93;0,8;TRUE;TRUE;0,93;0,07;0
"hs_mo_m_Log2";"hs_correct_raven";0,000154688532314652;1e-12;0,00401020081078959;0,00436523053046214;0,00436523053046214;0,00322944007637898;0,00472607216694158;-0,00315667556535317;0,0139650816704893;-0,00315667556535317;0,0139650816704893;100;1;0,9;TRUE;0,84;0,8;TRUE;TRUE;0,84;0,16;0
"hs_pb_m_Log2";"hs_correct_raven";0,000154688532314652;1e-12;0,0074994405563256;0,00694026514295398;0,00694026514295398;0,0074805336957859;0,00466952186963107;-0,00211200923645157;0,0158056294839899;-0,00211200923645157;0,0158056294839899;100;1;0,9;TRUE;0,9;0,8;TRUE;TRUE;0,9;0,1;0
"h_humidity_preg_None";"hs_correct_raven";0,000154688532314652;1e-12;0,023968316207095;0,0234362063512542;0,0234362063512542;0,024080685316423;0,00831537881020503;0,00773165743496654;0,0392844728270145;0,00773165743496654;0,0392844728270145;100;1;0,9;TRUE;1;0,8;TRUE;TRUE;1;0;0
"h_pressure_preg_None";"hs_correct_raven";0,000154688532314652;1e-12;-0,0296882259098391;-0,0296245715959164;-0,0296245715959164;-0,030111221114194;0,00922681217141802;-0,0470062420774912;-0,0130534305053019;-0,0470062420774912;-0,0130534305053019;100;1;0,9;TRUE;1;0,8;TRUE;TRUE;0;1;0
"h_temperature_preg_None";"hs_correct_raven";0,000154688532314652;1e-12;0,0226756927106256;0,0220246313113002;0,0220246313113002;0,0217259456979476;0,00857204298776044;0,00713865193052913;0,0377354767603179;0,00713865193052913;0,0377354767603179;100;1;0,9;TRUE;0,99;0,8;TRUE;TRUE;0,99;0,01;0
"h_ndvi100_preg_None";"hs_correct_raven";0,000154688532314652;1e-12;0,00610376213258384;0,0061728413107762;0,0061728413107762;0,00580033262298988;0,00807070288919541;-0,0083058074484562;0,0243220503828765;-0,0083058074484562;0,0243220503828765;100;1;0,9;TRUE;0,79;0,8;FALSE;FALSE;0,79;0,21;0
"hs_dde_madj_Log2";"hs_correct_raven";0,000154688532314652;1e-12;-0,00936252359938672;-0,0094009092333601;-0,0094009092333601;-0,00930611982106581;0,00600092960341804;-0,021031668093535;0,00114457367799781;-0,021031668093535;0,00114457367799781;100;1;0,9;TRUE;0,93;0,8;TRUE;TRUE;0,07;0,93;0
"hs_ddt_madj_Log2";"hs_correct_raven";0,000154688532314652;1e-12;0,000191129127210944;0,000320291079325574;0,000320291079325574;0,000172111207577204;0,00463908437985476;-0,00878449604290849;0,00961517804463806;-0,00878449604290849;0,00961517804463806;100;1;0,9;TRUE;0,51;0,8;FALSE;FALSE;0,51;0,49;0
"hs_hcb_madj_Log2";"hs_correct_raven";0,000154688532314652;1e-12;0,00476412544017816;0,00444065801094258;0,00444065801094258;0,00453429717475565;0,00531291782493846;-0,00443478752121672;0,0150043388450544;-0,00443478752121672;0,0150043388450544;100;1;0,9;TRUE;0,78;0,8;FALSE;FALSE;0,78;0,22;0
"hs_pcb118_madj_Log2";"hs_correct_raven";0,000154688532314652;1e-12;-0,021947566932733;-0,0210208698979418;-0,0210208698979418;-0,0213845770623085;0,00891143776770398;-0,0352720169831935;-0,00408377551332969;-0,0352720169831935;-0,00408377551332969;100;1;0,9;TRUE;1;0,8;TRUE;TRUE;0;1;0
"hs_pcb138_madj_Log2";"hs_correct_raven";0,000154688532314652;1e-12;0,00898620760741526;0,00878513219712034;0,00878513219712034;0,00894105273056084;0,00770154723625194;-0,00522606689806203;0,0229407440211658;-0,00522606689806203;0,0229407440211658;100;1;0,9;TRUE;0,87;0,8;TRUE;TRUE;0,87;0,13;0
"hs_pcb153_madj_Log2";"hs_correct_raven";0,000154688532314652;1e-12;-0,0111642538950144;-0,0104750085742016;-0,0104750085742016;-0,00930530068107626;0,00970363331140187;-0,0303799438361436;0,00464074178870885;-0,0303799438361436;0,00464074178870885;100;1;0,9;TRUE;0,87;0,8;TRUE;TRUE;0,13;0,87;0
"hs_pcb170_madj_Log2";"hs_correct_raven";0,000154688532314652;1e-12;0,00867749374855623;0,00804481410650192;0,00804481410650192;0,00817010633142111;0,0102663991629438;-0,010988281678537;0,0243281185584137;-0,010988281678537;0,0243281185584137;100;1;0,9;TRUE;0,78;0,8;FALSE;FALSE;0,78;0,22;0
"hs_pcb180_madj_Log2";"hs_correct_raven";0,000154688532314652;1e-12;0,0121868415330397;0,0101155577192296;0,0101155577192296;0,010453677636691;0,0113578032764077;-0,0155785534990828;0,0276093339805605;-0,0155785534990828;0,0276093339805605;100;1;0,9;TRUE;0,81;0,8;TRUE;TRUE;0,81;0,19;0
"hs_sumPCBs5_madj_Log2";"hs_correct_raven";0,000154688532314652;1e-12;-0,00176157553095414;-0,00129480690669736;-0,00129480690669736;-0,0013290876837249;0,00995350948915366;-0,019048213152578;0,0168051717484673;-0,019048213152578;0,0168051717484673;100;1;0,9;TRUE;0,58;0,8;FALSE;FALSE;0,42;0,58;0
"hs_pfhxs_m_Log2";"hs_correct_raven";0,000154688532314652;1e-12;0,0281819275807488;0,0287625989226997;0,0287625989226997;0,0285651456466633;0,00546192425573755;0,0194680068440527;0,0377282740383608;0,0194680068440527;0,0377282740383608;100;1;0,9;TRUE;1;0,8;TRUE;TRUE;1;0;0
"hs_pfna_m_Log2";"hs_correct_raven";0,000154688532314652;1e-12;-0,00362779831891688;-0,00484154353145353;-0,00484154353145353;-0,00446706823787966;0,00688446877623162;-0,0203088733927578;0,00832158978701022;-0,0203088733927578;0,00832158978701022;100;1;0,9;TRUE;0,77;0,8;FALSE;FALSE;0,23;0,77;0
"hs_pfoa_m_Log2";"hs_correct_raven";0,000154688532314652;1e-12;0,00226871288926784;0,0025870620930852;0,0025870620930852;0,00157573072949475;0,00618969205644564;-0,00753762281486767;0,0163310886643913;-0,00753762281486767;0,0163310886643913;100;1;0,9;TRUE;0,65;0,8;FALSE;FALSE;0,65;0,35;0
"hs_pfos_m_Log2";"hs_correct_raven";0,000154688532314652;1e-12;-0,00438775414186415;-0,00341753213211991;-0,00341753213211991;-0,00365460218906188;0,00724825446754397;-0,0164036114133788;0,0108087172861554;-0,0164036114133788;0,0108087172861554;100;1;0,9;TRUE;0,67;0,8;FALSE;FALSE;0,33;0,67;0
"hs_pfunda_m_Log2";"hs_correct_raven";0,000154688532314652;1e-12;0,00731329839821941;0,00697716076189201;0,00697716076189201;0,00665157018997359;0,00611093596854986;-0,0055103790644739;0,0192748014127106;-0,0055103790644739;0,0192748014127106;100;1;0,9;TRUE;0,9;0,8;TRUE;TRUE;0,9;0,1;0
"e3_asmokcigd_p_None";"hs_correct_raven";0,000154688532314652;1e-12;-0,00431210398559921;-0,00378649954710761;-0,00378649954710761;-0,00345344004075597;0,00542303290555619;-0,0135158514120157;0,00592105870313727;-0,0135158514120157;0,00592105870313727;100;1;0,9;TRUE;0,77;0,8;FALSE;FALSE;0,23;0,77;0
"h_distinvnear1_preg_Log";"hs_correct_raven";0,000154688532314652;1e-12;-0,00040016746665657;-0,000264348955049286;-0,000264348955049286;-0,000250865849885311;0,00461773148080936;-0,00862774484662139;0,00787731712075683;-0,00862774484662139;0,00787731712075683;100;1;0,9;TRUE;0,52;0,8;FALSE;FALSE;0,48;0,52;0
"h_trafload_preg_pow1over3";"hs_correct_raven";0,000154688532314652;1e-12;-0,00263206727294701;-0,00275127008258244;-0,00275127008258244;-0,00285347727364427;0,00523837916326587;-0,0124610234374849;0,00799274179933544;-0,0124610234374849;0,00799274179933544;100;1;0,9;TRUE;0,71;0,8;FALSE;FALSE;0,29;0,71;0
"h_trafnear_preg_pow1over3";"hs_correct_raven";0,000154688532314652;1e-12;-0,0059768316458802;-0,0066628206783467;-0,0066628206783467;-0,00610420749180286;0,00640313761589882;-0,0206273558538128;0,00517398592167744;-0,0206273558538128;0,00517398592167744;100;1;0,9;TRUE;0,88;0,8;TRUE;TRUE;0,12;0,88;0
"h_bro_preg_Log";"hs_correct_raven";0,000154688532314652;1e-12;0,0195607156980112;0,0173250774286052;0,0173250774286052;0,0163831261336268;0,0080016647965686;0,00419883983869819;0,0336962876559558;0,00419883983869819;0,0336962876559558;100;1;0,9;TRUE;1;0,8;TRUE;TRUE;1;0;0
"h_clf_preg_Log";"hs_correct_raven";0,000154688532314652;1e-12;-0,00308063578990634;-0,00210802402712689;-0,00210802402712689;-0,00277218266991619;0,00666670863990445;-0,0120900783885551;0,0097852360506202;-0,0120900783885551;0,0097852360506202;100;1;0,9;TRUE;0,66;0,8;FALSE;FALSE;0,34;0,66;0
"h_thm_preg_Log";"hs_correct_raven";0,000154688532314652;1e-12;0,00134252057130195;0,00199106302784017;0,00199106302784017;0,0018129218942069;0,00899376107967483;-0,0171883446332727;0,0183449373392241;-0,0171883446332727;0,0183449373392241;100;1;0,9;TRUE;0,6;0,8;FALSE;FALSE;0,6;0,4;0
"e3_alcpreg_yn_None_1";"hs_correct_raven";0,000154688532314652;1e-12;0,0257186495247619;0,0256818011928804;0,0256818011928804;0,0249083964167942;0,00887388489999141;0,00894126460315772;0,0417410235010578;0,00894126460315772;0,0417410235010578;100;1;0,9;TRUE;1;0,8;TRUE;TRUE;1;0;0
"h_pamod_t3_None_Often";"hs_correct_raven";0,000154688532314652;1e-12;0,0965132433378487;0,0930890088832307;0,0930890088832307;0,0914392484131645;0,0168191165542143;0,0645957523905864;0,126818908210454;0,0645957523905864;0,126818908210454;100;1;0,9;TRUE;1;0,8;TRUE;TRUE;1;0;0
"h_pamod_t3_None_Sometimes";"hs_correct_raven";0,000154688532314652;1e-12;0,0890416863711849;0,0857789826151334;0,0857789826151334;0,085147804952266;0,0185506725794734;0,0562703596398436;0,122594002605363;0,0562703596398436;0,122594002605363;100;1;0,9;TRUE;1;0,8;TRUE;TRUE;1;0;0
"h_pamod_t3_None_Very Often";"hs_correct_raven";0,000154688532314652;1e-12;0,0902259826857884;0,0868678525963087;0,0868678525963087;0,0859682881332087;0,0175151826159934;0,0549074834928476;0,118947964764453;0,0549074834928476;0,118947964764453;100;1;0,9;TRUE;1;0,8;TRUE;TRUE;1;0;0
"h_pavig_t3_None_Low";"hs_correct_raven";0,000154688532314652;1e-12;0,084152157262828;0,0847737075233887;0,0847737075233887;0,0840767346560229;0,0146719804446931;0,0600303650527297;0,112686280747169;0,0600303650527297;0,112686280747169;100;1;0,9;TRUE;1;0,8;TRUE;TRUE;1;0;0
"h_pavig_t3_None_Medium";"hs_correct_raven";0,000154688532314652;1e-12;0,0561879868529367;0,0564034228844321;0,0564034228844321;0,0560255147443078;0,0162201085339341;0,0289086834687885;0,0899192006045889;0,0289086834687885;0,0899192006045889;100;1;0,9;TRUE;1;0,8;TRUE;TRUE;1;0;0
"hs_no2_dy_hs_h_Log";"hs_correct_raven";0,000154688532314652;1e-12;-0,00871597433641251;-0,00939523368713435;-0,00939523368713435;-0,00941486589045871;0,00964430885429226;-0,0282942967928224;0,00758776383756456;-0,0282942967928224;0,00758776383756456;100;1;0,9;TRUE;0,8;0,8;TRUE;TRUE;0,2;0,8;0
"hs_no2_wk_hs_h_Log";"hs_correct_raven";0,000154688532314652;1e-12;0,00243014237782761;0,0031012988754682;0,0031012988754682;0,00231622109445736;0,00933671076540194;-0,0148345891051123;0,0190302883108918;-0,0148345891051123;0,0190302883108918;100;1;0,9;TRUE;0,65;0,8;FALSE;FALSE;0,65;0,35;0
"hs_no2_yr_hs_h_Log";"hs_correct_raven";0,000154688532314652;1e-12;0,0232696157975025;0,0230147443408136;0,0230147443408136;0,0229506066557685;0,0080881858426717;0,00487426752832883;0,0383958627960391;0,00487426752832883;0,0383958627960391;100;1;0,9;TRUE;1;0,8;TRUE;TRUE;1;0;0
"hs_pm10_dy_hs_h_None";"hs_correct_raven";0,000154688532314652;1e-12;-0,00975117481215574;-0,0112278620007257;-0,0112278620007257;-0,0123281861905056;0,0071300170546809;-0,0231310033464167;0,00365925570940308;-0,0231310033464167;0,00365925570940308;100;1;0,9;TRUE;0,92;0,8;TRUE;TRUE;0,08;0,92;0
"hs_pm10_wk_hs_h_None";"hs_correct_raven";0,000154688532314652;1e-12;-0,00155866204022843;-0,00152391586720364;-0,00152391586720364;-0,00211588680439952;0,00752135407648564;-0,0169258787531077;0,0138875160106395;-0,0169258787531077;0,0138875160106395;100;1;0,9;TRUE;0,63;0,8;FALSE;FALSE;0,37;0,63;0
"hs_pm10_yr_hs_h_None";"hs_correct_raven";0,000154688532314652;1e-12;0,0125701919026666;0,0116366025442206;0,0116366025442206;0,0113947783120123;0,0104370281595252;-0,0107691233850331;0,0286642397176469;-0,0107691233850331;0,0286642397176469;100;1;0,9;TRUE;0,85;0,8;TRUE;TRUE;0,85;0,15;0
"hs_pm25_dy_hs_h_None";"hs_correct_raven";0,000154688532314652;1e-12;-0,0017714143338435;-0,000846337768099947;-0,000846337768099947;-0,00149350074747425;0,00792619899637105;-0,0135577344564755;0,0156505823036222;-0,0135577344564755;0,0156505823036222;100;1;0,9;TRUE;0,58;0,8;FALSE;FALSE;0,42;0,58;0
"hs_pm25_wk_hs_h_None";"hs_correct_raven";0,000154688532314652;1e-12;0,000805483630643315;0,000771234317925584;0,000771234317925584;0,00100021830390344;0,0070690487268033;-0,0122412527464551;0,0138939046486291;-0,0122412527464551;0,0138939046486291;100;1;0,9;TRUE;0,57;0,8;FALSE;FALSE;0,57;0,43;0
"hs_pm25_yr_hs_h_None";"hs_correct_raven";0,000154688532314652;1e-12;0,00189750961127759;0,00134527996939261;0,00134527996939261;0,00143629055644234;0,00932513130172893;-0,0184244449292261;0,0185115507557597;-0,0184244449292261;0,0185115507557597;100;1;0,9;TRUE;0,56;0,8;FALSE;FALSE;0,56;0,44;0
"hs_pm25abs_dy_hs_h_Log";"hs_correct_raven";0,000154688532314652;1e-12;0,0159476345469617;0,0151733126737484;0,0151733126737484;0,0144906343584193;0,00530956366768121;0,00581467725445379;0,0244232630234439;0,00581467725445379;0,0244232630234439;100;1;0,9;TRUE;1;0,8;TRUE;TRUE;1;0;0
"hs_pm25abs_wk_hs_h_Log";"hs_correct_raven";0,000154688532314652;1e-12;-0,0118360664635359;-0,0117744898367968;-0,0117744898367968;-0,0115664779596284;0,00574351785482364;-0,0228324506861039;-0,00299776703517591;-0,0228324506861039;-0,00299776703517591;100;1;0,9;TRUE;0,98;0,8;TRUE;TRUE;0,02;0,98;0
"hs_pm25abs_yr_hs_h_Log";"hs_correct_raven";0,000154688532314652;1e-12;-0,00287770289175045;-0,00351462022650281;-0,00351462022650281;-0,00368264651410412;0,00888154933979917;-0,0200869043230799;0,013541446309779;-0,0200869043230799;0,013541446309779;100;1;0,9;TRUE;0,66;0,8;FALSE;FALSE;0,34;0,66;0
"hs_accesslines300_h_dic0";"hs_correct_raven";0,000154688532314652;1e-12;0,0121552664012562;0,011062060901423;0,011062060901423;0,011073708701356;0,0193029168389516;-0,0248853686038678;0,0552935474563805;-0,0248853686038678;0,0552935474563805;100;1;0,9;TRUE;0,71;0,8;FALSE;FALSE;0,71;0,29;0
"hs_accesspoints300_h_Log";"hs_correct_raven";0,000154688532314652;1e-12;-0,00619663346984034;-0,00551301793273953;-0,00551301793273953;-0,00576445455920638;0,00756412340905967;-0,0172030496944003;0,0110457121447053;-0,0172030496944003;0,0110457121447053;100;1;0,9;TRUE;0,82;0,8;TRUE;TRUE;0,18;0,82;0
"hs_builtdens300_h_Sqrt";"hs_correct_raven";0,000154688532314652;1e-12;-0,00435964882974826;-0,00460161922657352;-0,00460161922657352;-0,00513351823191283;0,00749279135308435;-0,0186941232469494;0,00928555553566937;-0,0186941232469494;0,00928555553566937;100;1;0,9;TRUE;0,72;0,8;FALSE;FALSE;0,28;0,72;0
"hs_connind300_h_Log";"hs_correct_raven";0,000154688532314652;1e-12;-0,0106360143987548;-0,0105539589304225;-0,0105539589304225;-0,00991154099554077;0,00663706363925236;-0,023459595666788;0,00196521066588866;-0,023459595666788;0,00196521066588866;100;1;0,9;TRUE;0,94;0,8;TRUE;TRUE;0,06;0,94;0
"hs_fdensity300_h_Log";"hs_correct_raven";0,000154688532314652;1e-12;0,0155852283806733;0,0156338195512032;0,0156338195512032;0,0148482743468134;0,00654668662081284;0,00265417324482392;0,0278957749427894;0,00265417324482392;0,0278957749427894;100;1;0,9;TRUE;1;0,8;TRUE;TRUE;1;0;0
"hs_landuseshan300_h_None";"hs_correct_raven";0,000154688532314652;1e-12;0,0127906566351999;0,013189068191237;0,013189068191237;0,0129994931280686;0,00503532270473108;0,00398554735612149;0,0221775176200555;0,00398554735612149;0,0221775176200555;100;1;0,9;TRUE;0,98;0,8;TRUE;TRUE;0,98;0,02;0
"hs_popdens_h_Sqrt";"hs_correct_raven";0,000154688532314652;1e-12;-0,0144749293097034;-0,014237913710908;-0,014237913710908;-0,0133795416286015;0,00606290320342389;-0,028152760353247;-0,00519909924261896;-0,028152760353247;-0,00519909924261896;100;1;0,9;TRUE;1;0,8;TRUE;TRUE;0;1;0
"hs_walkability_mean_h_None";"hs_correct_raven";0,000154688532314652;1e-12;-0,00168525236028107;-0,00219838865961762;-0,00219838865961762;-0,00235689272605621;0,0058394394183461;-0,0157221073429093;0,00709612263398266;-0,0157221073429093;0,00709612263398266;100;1;0,9;TRUE;0,6;0,8;FALSE;FALSE;0,4;0,6;0
"hs_accesslines300_s_dic0";"hs_correct_raven";0,000154688532314652;1e-12;0,00474215170425185;0,00790375742000429;0,00790375742000429;0,00673106272036604;0,0190556826186629;-0,0320028106180099;0,0436403847575236;-0,0320028106180099;0,0436403847575236;100;1;0,9;TRUE;0,65;0,8;FALSE;FALSE;0,65;0,35;0
"hs_accesspoints300_s_Log";"hs_correct_raven";0,000154688532314652;1e-12;0,00463401457677127;0,00519712957409789;0,00519712957409789;0,00519945871182223;0,00673968456073535;-0,00882939827371839;0,0159933800750375;-0,00882939827371839;0,0159933800750375;100;1;0,9;TRUE;0,79;0,8;FALSE;FALSE;0,79;0,21;0
"hs_builtdens300_s_Sqrt";"hs_correct_raven";0,000154688532314652;1e-12;-0,00586086090706491;-0,00501168861277398;-0,00501168861277398;-0,00504997326320339;0,00683839348225008;-0,0176418384362546;0,00664129593032674;-0,0176418384362546;0,00664129593032674;100;1;0,9;TRUE;0,73;0,8;FALSE;FALSE;0,27;0,73;0
"hs_connind300_s_Log";"hs_correct_raven";0,000154688532314652;1e-12;0,00202788460796679;0,00306728512687884;0,00306728512687884;0,00278330829558865;0,0060433418194514;-0,00730395778031857;0,0166095149831413;-0,00730395778031857;0,0166095149831413;100;1;0,9;TRUE;0,71;0,8;FALSE;FALSE;0,71;0,29;0
"hs_fdensity300_s_Log";"hs_correct_raven";0,000154688532314652;1e-12;0,00499349384505132;0,00576938723796559;0,00576938723796559;0,004974262071922;0,00635030887945898;-0,00304594447205738;0,0176479920347672;-0,00304594447205738;0,0176479920347672;100;1;0,9;TRUE;0,78;0,8;FALSE;FALSE;0,78;0,22;0
"hs_landuseshan300_s_None";"hs_correct_raven";0,000154688532314652;1e-12;0,00116657187563879;0,00146816723584534;0,00146816723584534;0,00148068010977417;0,00612109248510758;-0,00840723059345432;0,014663442317504;-0,00840723059345432;0,014663442317504;100;1;0,9;TRUE;0,61;0,8;FALSE;FALSE;0,61;0,39;0
"hs_popdens_s_Sqrt";"hs_correct_raven";0,000154688532314652;1e-12;0,00500623211401941;0,00499763891380783;0,00499763891380783;0,00527832943918762;0,00644417510479079;-0,00782285289621167;0,0179885105707428;-0,00782285289621167;0,0179885105707428;100;1;0,9;TRUE;0,78;0,8;FALSE;FALSE;0,78;0,22;0
"h_Absorbance_Log";"hs_correct_raven";0,000154688532314652;1e-12;0,00552356792102519;0,00540209105096847;0,00540209105096847;0,00519737487890054;0,00632851613779071;-0,00489876528266471;0,0185493897739821;-0,00489876528266471;0,0185493897739821;100;1;0,9;TRUE;0,78;0,8;FALSE;FALSE;0,78;0,22;0
"h_Benzene_Log";"hs_correct_raven";0,000154688532314652;1e-12;-0,00491780321327605;-0,00387301198259302;-0,00387301198259302;-0,0035945309225083;0,0058896477784137;-0,0142644630350221;0,00700036592841155;-0,0142644630350221;0,00700036592841155;100;1;0,9;TRUE;0,73;0,8;FALSE;FALSE;0,27;0,73;0
"h_NO2_Log";"hs_correct_raven";0,000154688532314652;1e-12;0,0160992209446491;0,0151734607714236;0,0151734607714236;0,0153039007815439;0,00624184006523827;0,00353344359183849;0,0285271431136232;0,00353344359183849;0,0285271431136232;100;1;0,9;TRUE;1;0,8;TRUE;TRUE;1;0;0
"h_PM_Log";"hs_correct_raven";0,000154688532314652;1e-12;-0,00557410723164737;-0,00411275367355727;-0,00411275367355727;-0,00442135777253662;0,0058194222749859;-0,0147082574593468;0,00613956137208;-0,0147082574593468;0,00613956137208;100;1;0,9;TRUE;0,75;0,8;FALSE;FALSE;0,25;0,75;0
"h_TEX_Log";"hs_correct_raven";0,000154688532314652;1e-12;-0,00596372104254801;-0,00678247599773667;-0,00678247599773667;-0,00709655165898819;0,00532907357838548;-0,0146972752491555;0,00287552551856981;-0,0146972752491555;0,00287552551856981;100;1;0,9;TRUE;0,91;0,8;TRUE;TRUE;0,09;0,91;0
"hs_KIDMED_None";"hs_correct_raven";0,000154688532314652;1e-12;0,0105222914241226;0,00965458808383358;0,00965458808383358;0,0104343698631265;0,00441176774588222;0,000947308319619459;0,0173867892654383;0,000947308319619459;0,0173867892654383;100;1;0,9;TRUE;0,99;0,8;TRUE;TRUE;0,99;0,01;0
"hs_mvpa_prd_alt_None";"hs_correct_raven";0,000154688532314652;1e-12;-0,00917119217493223;-0,0103177651036577;-0,0103177651036577;-0,010308883422288;0,00641349821630241;-0,0233872117081124;0,00106610899784771;-0,0233872117081124;0,00106610899784771;100;1;0,9;TRUE;0,94;0,8;TRUE;TRUE;0,06;0,94;0
"hs_sd_wk_None";"hs_correct_raven";0,000154688532314652;1e-12;-0,00425141125014077;-0,00363813816159779;-0,00363813816159779;-0,00359238016950683;0,00542129519752173;-0,0125244352012579;0,00544894180531437;-0,0125244352012579;0,00544894180531437;100;1;0,9;TRUE;0,72;0,8;FALSE;FALSE;0,28;0,72;0
"hs_dif_hours_total_None";"hs_correct_raven";0,000154688532314652;1e-12;0,00138437660285019;0,000175524687080959;0,000175524687080959;0,000467657789738648;0,0061064267115069;-0,0107459386323841;0,0107907355958049;-0,0107459386323841;0,0107907355958049;100;1;0,9;TRUE;0,51;0,8;FALSE;FALSE;0,51;0,49;0
"hs_as_c_Log2";"hs_correct_raven";0,000154688532314652;1e-12;0,0163387549919015;0,0166705089224785;0,0166705089224785;0,0170214524640573;0,00558040634065111;0,00674733695513754;0,0277756874828463;0,00674733695513754;0,0277756874828463;100;1;0,9;TRUE;1;0,8;TRUE;TRUE;1;0;0
"hs_cd_c_Log2";"hs_correct_raven";0,000154688532314652;1e-12;-0,00620656393839753;-0,006252957126574;-0,006252957126574;-0,00678054259521692;0,00497516758676951;-0,0148636847060915;0,00406606236305897;-0,0148636847060915;0,00406606236305897;100;1;0,9;TRUE;0,89;0,8;TRUE;TRUE;0,11;0,89;0
"hs_co_c_Log2";"hs_correct_raven";0,000154688532314652;1e-12;0,00587784871571496;0,00525251594907006;0,00525251594907006;0,00537220173719515;0,00442712029712314;-0,00413602936426653;0,0144409163525227;-0,00413602936426653;0,0144409163525227;100;1;0,9;TRUE;0,93;0,8;TRUE;TRUE;0,93;0,07;0
"hs_cs_c_Log2";"hs_correct_raven";0,000154688532314652;1e-12;0,00276530542894529;0,00319550630387821;0,00319550630387821;0,00246993082001214;0,00625732998075777;-0,00841188455833296;0,0158946935834635;-0,00841188455833296;0,0158946935834635;100;1;0,9;TRUE;0,69;0,8;FALSE;FALSE;0,69;0,31;0
"hs_cu_c_Log2";"hs_correct_raven";0,000154688532314652;1e-12;-1,3470550746357e-05;-6,07817530963106e-05;-6,07817530963106e-05;-4,68863003201443e-05;0,00461624740940263;-0,00920948804935117;0,00822445395782942;-0,00920948804935117;0,00822445395782942;100;1;0,9;TRUE;0,5;0,8;FALSE;FALSE;0,5;0,5;0
"hs_hg_c_Log2";"hs_correct_raven";0,000154688532314652;1e-12;-0,0158477324087842;-0,0163533592595536;-0,0163533592595536;-0,0168359242286222;0,00561716502555904;-0,0257016404238545;-0,00453639390865938;-0,0257016404238545;-0,00453639390865938;100;1;0,9;TRUE;1;0,8;TRUE;TRUE;0;1;0
"hs_mn_c_Log2";"hs_correct_raven";0,000154688532314652;1e-12;-0,00892102588029837;-0,00855971159033153;-0,00855971159033153;-0,00834193314394241;0,00428264105324184;-0,016688493402938;0,000117851918015758;-0,016688493402938;0,000117851918015758;100;1;0,9;TRUE;0,97;0,8;TRUE;TRUE;0,03;0,97;0
"hs_mo_c_Log2";"hs_correct_raven";0,000154688532314652;1e-12;-0,00547340143543193;-0,0055391112838854;-0,0055391112838854;-0,00531149633747664;0,00451610904294273;-0,0145712464246915;0,00306575533426853;-0,0145712464246915;0,00306575533426853;100;1;0,9;TRUE;0,9;0,8;TRUE;TRUE;0,1;0,9;0
"hs_pb_c_Log2";"hs_correct_raven";0,000154688532314652;1e-12;-0,00810144491927032;-0,00791216635980627;-0,00791216635980627;-0,00741172891402497;0,00551100972663561;-0,0182547121314724;0,00234478649657634;-0,0182547121314724;0,00234478649657634;100;1;0,9;TRUE;0,95;0,8;TRUE;TRUE;0,05;0,95;0
"hs_hum_mt_hs_h_None";"hs_correct_raven";0,000154688532314652;1e-12;-0,013889180423329;-0,0138102259572065;-0,0138102259572065;-0,0128284158156183;0,00756374260219196;-0,0311458630675523;-0,00295187368715163;-0,0311458630675523;-0,00295187368715163;100;1;0,9;TRUE;0,99;0,8;TRUE;TRUE;0,01;0,99;0
"hs_tm_mt_hs_h_None";"hs_correct_raven";0,000154688532314652;1e-12;0,0198763149172804;0,0190100603711212;0,0190100603711212;0,0195049049497872;0,00909824343084816;0,00182262664472721;0,0336709465627608;0,00182262664472721;0,0336709465627608;100;1;0,9;TRUE;0,98;0,8;TRUE;TRUE;0,98;0,02;0
"hs_uvdvf_mt_hs_h_None";"hs_correct_raven";0,000154688532314652;1e-12;-0,00292710491664657;-0,0030837189098313;-0,0030837189098313;-0,00254194506716143;0,00837425641603835;-0,0188040979703155;0,0115058086919146;-0,0188040979703155;0,0115058086919146;100;1;0,9;TRUE;0,64;0,8;FALSE;FALSE;0,36;0,64;0
"hs_hum_dy_hs_h_None";"hs_correct_raven";0,000154688532314652;1e-12;-0,00765316593724679;-0,00902486347263931;-0,00902486347263931;-0,00916487001704242;0,00624318058745388;-0,0204786409783367;0,0029215640507451;-0,0204786409783367;0,0029215640507451;100;1;0,9;TRUE;0,92;0,8;TRUE;TRUE;0,08;0,92;0
"hs_hum_wk_hs_h_None";"hs_correct_raven";0,000154688532314652;1e-12;-0,0147843356557295;-0,0142431247473969;-0,0142431247473969;-0,0142732177571415;0,00814620168451653;-0,0297828983049504;-0,00144889880777599;-0,0297828983049504;-0,00144889880777599;100;1;0,9;TRUE;0,98;0,8;TRUE;TRUE;0,02;0,98;0
"hs_tm_dy_hs_h_None";"hs_correct_raven";0,000154688532314652;1e-12;0,0042368349843177;0,00342483174698734;0,00342483174698734;0,00303363384723412;0,00821624670009134;-0,0126607362942754;0,0186919990917245;-0,0126607362942754;0,0186919990917245;100;1;0,9;TRUE;0,66;0,8;FALSE;FALSE;0,66;0,34;0
"hs_tm_wk_hs_h_None";"hs_correct_raven";0,000154688532314652;1e-12;-0,00637505254517871;-0,006082881780282;-0,006082881780282;-0,00574898621603582;0,00924914223147017;-0,0244905081548092;0,00850746403359425;-0,0244905081548092;0,00850746403359425;100;1;0,9;TRUE;0,73;0,8;FALSE;FALSE;0,27;0,73;0
"hs_uvdvf_dy_hs_h_None";"hs_correct_raven";0,000154688532314652;1e-12;-0,00246842121446262;-0,00285982119694096;-0,00285982119694096;-0,00292966126170204;0,00846105999097122;-0,0177139514774772;0,0123362627793691;-0,0177139514774772;0,0123362627793691;100;1;0,9;TRUE;0,65;0,8;FALSE;FALSE;0,35;0,65;0
"hs_uvdvf_wk_hs_h_None";"hs_correct_raven";0,000154688532314652;1e-12;-0,0165002040294486;-0,0149520763268707;-0,0149520763268707;-0,0157956894023937;0,00953115855515224;-0,0322118327498038;0,00188329595157771;-0,0322118327498038;0,00188329595157771;100;1;0,9;TRUE;0,93;0,8;TRUE;TRUE;0,07;0,93;0
"hs_ndvi100_h_None";"hs_correct_raven";0,000154688532314652;1e-12;0,00228096575645042;0,00212155793066705;0,00212155793066705;0,00207000855908602;0,00792272214108186;-0,0123480461606784;0,0172828050088658;-0,0123480461606784;0,0172828050088658;100;1;0,9;TRUE;0,57;0,8;FALSE;FALSE;0,57;0,43;0
"hs_ndvi100_s_None";"hs_correct_raven";0,000154688532314652;1e-12;-0,00326962366963316;-0,00439018325676748;-0,00439018325676748;-0,00447434420866542;0,00676566175192374;-0,0157988854563947;0,00882556622159172;-0,0157988854563947;0,00882556622159172;100;1;0,9;TRUE;0,75;0,8;FALSE;FALSE;0,25;0,75;0
"hs_dde_cadj_Log2";"hs_correct_raven";0,000154688532314652;1e-12;0,00306228066042203;0,00270673195820883;0,00270673195820883;0,00264247256310128;0,00630584421058174;-0,00843338635339291;0,0153124606607803;-0,00843338635339291;0,0153124606607803;100;1;0,9;TRUE;0,66;0,8;FALSE;FALSE;0,66;0,34;0
"hs_ddt_cadj_Log2";"hs_correct_raven";0,000154688532314652;1e-12;-0,00976363874230621;-0,0104642453460284;-0,0104642453460284;-0,00987827591130601;0,00506133372911218;-0,0203310499720186;-0,00150238835937499;-0,0203310499720186;-0,00150238835937499;100;1;0,9;TRUE;0,99;0,8;TRUE;TRUE;0,01;0,99;0
"hs_hcb_cadj_Log2";"hs_correct_raven";0,000154688532314652;1e-12;-8,13826898801961e-05;0,000290173001099439;0,000290173001099439;0,000899528966582739;0,00602904556105402;-0,0143751231966895;0,0124361653207484;-0,0143751231966895;0,0124361653207484;100;1;0,9;TRUE;0,41;0,8;FALSE;FALSE;0,59;0,41;0
"hs_pcb118_cadj_Log2";"hs_correct_raven";0,000154688532314652;1e-12;-0,0101971793163347;-0,0102600200301183;-0,0102600200301183;-0,00959470697727141;0,00684461368184583;-0,0243537241393588;0,00175857178426886;-0,0243537241393588;0,00175857178426886;100;1;0,9;TRUE;0,95;0,8;TRUE;TRUE;0,05;0,95;0
"hs_pcb138_cadj_Log2";"hs_correct_raven";0,000154688532314652;1e-12;0,0092165169672185;0,00762416872301293;0,00762416872301293;0,00942908515132808;0,00698162128612708;-0,00976516080370795;0,0172285249091834;-0,00976516080370795;0,0172285249091834;100;1;0,9;TRUE;0,87;0,8;TRUE;TRUE;0,87;0,13;0
"hs_pcb153_cadj_Log2";"hs_correct_raven";0,000154688532314652;1e-12;-0,00837934126396838;-0,00754047567663839;-0,00754047567663839;-0,00707011420978879;0,00843608616251317;-0,0245311849438694;0,0105256177877514;-0,0245311849438694;0,0105256177877514;100;1;0,9;TRUE;0,83;0,8;TRUE;TRUE;0,17;0,83;0
"hs_pcb170_cadj_Log2";"hs_correct_raven";0,000154688532314652;1e-12;0,00652424011136996;0,00687572210669583;0,00687572210669583;0,00678666346497851;0,00812250774535885;-0,011610872534385;0,0210237120140261;-0,011610872534385;0,0210237120140261;100;1;0,9;TRUE;0,82;0,8;TRUE;TRUE;0,82;0,18;0
"hs_pcb180_cadj_Log2";"hs_correct_raven";0,000154688532314652;1e-12;0,00200988607896939;0,00113470508713096;0,00113470508713096;0,00122663183752778;0,00464122348863236;-0,00749918989460274;0,00981110119370958;-0,00749918989460274;0,00981110119370958;100;1;0,9;TRUE;0,64;0,8;FALSE;FALSE;0,64;0,36;0
"hs_sumPCBs5_cadj_Log2";"hs_correct_raven";0,000154688532314652;1e-12;0,00196137874892269;0,00230140072379851;0,00230140072379851;0,00123740559277705;0,00867938573682149;-0,0145692809924457;0,0203716614711778;-0,0145692809924457;0,0203716614711778;100;1;0,9;TRUE;0,58;0,8;FALSE;FALSE;0,58;0,42;0
"hs_pfhxs_c_Log2";"hs_correct_raven";0,000154688532314652;1e-12;0,018625064245225;0,0185737302560524;0,0185737302560524;0,0193175196976487;0,00661231382309768;0,0051329743570497;0,0297873504152271;0,0051329743570497;0,0297873504152271;100;1;0,9;TRUE;1;0,8;TRUE;TRUE;1;0;0
"hs_pfna_c_Log2";"hs_correct_raven";0,000154688532314652;1e-12;-0,00881562586846203;-0,00861219760907603;-0,00861219760907603;-0,00823263475880676;0,00722764224818635;-0,0212287019502852;0,00614242118262059;-0,0212287019502852;0,00614242118262059;100;1;0,9;TRUE;0,92;0,8;TRUE;TRUE;0,08;0,92;0
"hs_pfoa_c_Log2";"hs_correct_raven";0,000154688532314652;1e-12;0,008304309383448;0,00865240079985843;0,00865240079985843;0,00919375061979205;0,00586322889228163;-0,00410768364979183;0,0188059051575596;-0,00410768364979183;0,0188059051575596;100;1;0,9;TRUE;0,91;0,8;TRUE;TRUE;0,91;0,09;0
"hs_pfos_c_Log2";"hs_correct_raven";0,000154688532314652;1e-12;0,00518300655653151;0,00537754771314124;0,00537754771314124;0,00565120030632941;0,00601464346454636;-0,00592416619189327;0,0162136392943306;-0,00592416619189327;0,0162136392943306;100;1;0,9;TRUE;0,83;0,8;TRUE;TRUE;0,83;0,17;0
"hs_pfunda_c_Log2";"hs_correct_raven";0,000154688532314652;1e-12;0,00851297536627209;0,00956674064600305;0,00956674064600305;0,00906450443691547;0,00576288323734843;-0,000542674725357353;0,0232217157454253;-0,000542674725357353;0,0232217157454253;100;1;0,9;TRUE;0,96;0,8;TRUE;TRUE;0,96;0,04;0
"hs_hm_pers_None";"hs_correct_raven";0,000154688532314652;1e-12;-0,00924175136885238;-0,0100644916760191;-0,0100644916760191;-0,0100564087118318;0,0049109255381795;-0,0206931433472206;3,05502113052429e-05;-0,0206931433472206;3,05502113052429e-05;100;1;0,9;TRUE;0,97;0,8;TRUE;TRUE;0,03;0,97;0
"hs_trafload_h_pow1over3";"hs_correct_raven";0,000154688532314652;1e-12;0,00113681346552251;0,00175952156171391;0,00175952156171391;0,00120174315104416;0,00513568167518322;-0,00821129388212284;0,0106661039919374;-0,00821129388212284;0,0106661039919374;100;1;0,9;TRUE;0,65;0,8;FALSE;FALSE;0,65;0,35;0
"hs_trafnear_h_pow1over3";"hs_correct_raven";0,000154688532314652;1e-12;-0,0102626032628443;-0,0104187906668892;-0,0104187906668892;-0,00995729577026664;0,00701128502403144;-0,0232431556862039;0,00173229026003572;-0,0232431556862039;0,00173229026003572;100;1;0,9;TRUE;0,96;0,8;TRUE;TRUE;0,04;0,96;0
"FAS_cat_None_Low";"hs_correct_raven";0,000154688532314652;1e-12;-0,00200350942737744;6,55598628689138e-05;6,55598628689138e-05;0,00489200530936922;0,020363230950648;-0,0406824307684827;0,0327758833260191;-0,0406824307684827;0,0327758833260191;100;1;0,9;TRUE;0,41;0,8;FALSE;FALSE;0,59;0,41;0
"FAS_cat_None_Middle";"hs_correct_raven";0,000154688532314652;1e-12;0,00995245320539788;0,0119776609457377;0,0119776609457377;0,0125367856787039;0,0104118490044516;-0,0096878033218773;0,0327874031485067;-0,0096878033218773;0,0327874031485067;100;1;0,9;TRUE;0,87;0,8;TRUE;TRUE;0,87;0,13;0
"hs_globalexp2_None_no exposure";"hs_correct_raven";0,000154688532314652;1e-12;0,0387508999789932;0,0392586552378232;0,0392586552378232;0,0387103249961736;0,0102770082153822;0,0210767086121297;0,0585678858029451;0,0210767086121297;0,0585678858029451;100;1;0,9;TRUE;1;0,8;TRUE;TRUE;1;0;0
"h_abs_ratio_preg_Log";"hs_Gen_Tot";0,000154688532314652;1e-12;-0,00384541571528319;-0,00290447953420449;-0,00290447953420449;-0,00252089081972956;0,00297347158346473;-0,00949844364221213;0,00147424230836705;-0,00949844364221213;0,00147424230836705;100;1;0,9;TRUE;0,85;0,8;TRUE;TRUE;0,15;0,85;0
"h_no2_ratio_preg_Log";"hs_Gen_Tot";0,000154688532314652;1e-12;-0,00722322863974911;-0,00517835002989807;-0,00517835002989807;-0,00510758202968736;0,00263075540179742;-0,0101039891133833;-0,000454261498966391;-0,0101039891133833;-0,000454261498966391;100;1;0,9;TRUE;1;0,8;TRUE;TRUE;0;1;0
"h_pm10_ratio_preg_None";"hs_Gen_Tot";0,000154688532314652;1e-12;-0,000735123931170414;-0,00113911449364413;-0,00113911449364413;-0,0011092379703697;0,00243530754144759;-0,00523451074906994;0,00300935864402059;-0,00523451074906994;0,00300935864402059;100;1;0,9;TRUE;0,68;0,8;FALSE;FALSE;0,32;0,68;0
"h_pm25_ratio_preg_None";"hs_Gen_Tot";0,000154688532314652;1e-12;-0,00329406027314047;-0,00229757219734148;-0,00229757219734148;-0,00174849948725972;0,00270451276016355;-0,00941769073795033;0,00152134783221303;-0,00941769073795033;0,00152134783221303;100;1;0,9;TRUE;0,85;0,8;TRUE;TRUE;0,15;0,85;0
"h_accesslines300_preg_dic0";"hs_Gen_Tot";0,000154688532314652;1e-12;0,00979160204684429;0,00727564640003707;0,00727564640003707;0,00694088387430591;0,00638403392625352;-0,00396140920260441;0,0196596990643669;-0,00396140920260441;0,0196596990643669;100;1;0,9;TRUE;0,9;0,8;TRUE;TRUE;0,9;0,1;0
"h_accesspoints300_preg_Log";"hs_Gen_Tot";0,000154688532314652;1e-12;0,00507514416406379;0,00378608454191847;0,00378608454191847;0,00326646093206224;0,00274100542731416;-0,000541707201495101;0,0101455094509505;-0,000541707201495101;0,0101455094509505;100;1;0,9;TRUE;0,93;0,8;TRUE;TRUE;0,93;0,07;0
"h_builtdens300_preg_Sqrt";"hs_Gen_Tot";0,000154688532314652;1e-12;-0,00252692204703897;-0,00177235357423678;-0,00177235357423678;-0,00128161840075207;0,00234696423391043;-0,00685658899617322;0,00135919103258993;-0,00685658899617322;0,00135919103258993;100;1;0,9;TRUE;0,74;0,8;FALSE;FALSE;0,26;0,74;0
"h_connind300_preg_Sqrt";"hs_Gen_Tot";0,000154688532314652;1e-12;0,00022544525740114;0,00034292367175024;0,00034292367175024;0,000362827331745224;0,00171916102338225;-0,00345371388838695;0,00316023543684953;-0,00345371388838695;0,00316023543684953;100;1;0,9;TRUE;0,6;0,8;FALSE;FALSE;0,6;0,4;0
"h_fdensity300_preg_Log";"hs_Gen_Tot";0,000154688532314652;1e-12;-0,00399737265512558;-0,00269202725468322;-0,00269202725468322;-0,00216556893249571;0,0025513999512777;-0,00803287750038286;0,00158387486218807;-0,00803287750038286;0,00158387486218807;100;1;0,9;TRUE;0,92;0,8;TRUE;TRUE;0,08;0,92;0
"h_frichness300_preg_None";"hs_Gen_Tot";0,000154688532314652;1e-12;0,00241502588410611;0,00187925411551478;0,00187925411551478;0,00191055009042949;0,00175859951608052;-0,00134282403564082;0,00538377603488212;-0,00134282403564082;0,00538377603488212;100;1;0,9;TRUE;0,87;0,8;TRUE;TRUE;0,87;0,13;0
"h_landuseshan300_preg_None";"hs_Gen_Tot";0,000154688532314652;1e-12;0,00314650901159929;0,00244246062511569;0,00244246062511569;0,00235809232795559;0,00173896400069584;-0,000656297604965259;0,00555099929445007;-0,000656297604965259;0,00555099929445007;100;1;0,9;TRUE;0,93;0,8;TRUE;TRUE;0,93;0,07;0
"h_popdens_preg_Sqrt";"hs_Gen_Tot";0,000154688532314652;1e-12;0,00659059671219361;0,00502218577949794;0,00502218577949794;0,00457153236797903;0,00287083238167996;0,000762034307440007;0,0113650032391073;0,000762034307440007;0,0113650032391073;100;1;0,9;TRUE;0,99;0,8;TRUE;TRUE;0,99;0,01;0
"h_walkability_mean_preg_None";"hs_Gen_Tot";0,000154688532314652;1e-12;-0,0043611869170687;-0,00334646253324354;-0,00334646253324354;-0,00344495420632906;0,00196078646022715;-0,00715750615272242;-1,60312950077538e-05;-0,00715750615272242;-1,60312950077538e-05;100;1;0,9;TRUE;0,97;0,8;TRUE;TRUE;0,03;0,97;0
"hs_as_m_Log2";"hs_Gen_Tot";0,000154688532314652;1e-12;-5,48930999888894e-05;-0,000285003066386376;-0,000285003066386376;-4,69115937328284e-05;0,00189717138337947;-0,00516031316221088;0,00308973028179312;-0,00516031316221088;0,00308973028179312;100;1;0,9;TRUE;0,5;0,8;FALSE;FALSE;0,5;0,5;0
"hs_cd_m_Log2";"hs_Gen_Tot";0,000154688532314652;1e-12;0,00307220673723611;0,00214932704664475;0,00214932704664475;0,00190610553186452;0,00211551031462489;-0,00118942931167893;0,00716440762021467;-0,00118942931167893;0,00716440762021467;100;1;0,9;TRUE;0,85;0,8;TRUE;TRUE;0,85;0,15;0
"hs_co_m_Log2";"hs_Gen_Tot";0,000154688532314652;1e-12;0,00253372398387294;0,00184748055388243;0,00184748055388243;0,00173645388637322;0,0024229535220794;-0,00210206140805515;0,007633740564285;-0,00210206140805515;0,007633740564285;100;1;0,9;TRUE;0,78;0,8;FALSE;FALSE;0,78;0,22;0
"hs_cs_m_Log2";"hs_Gen_Tot";0,000154688532314652;1e-12;-0,00270184644052627;-0,00248401177415852;-0,00248401177415852;-0,00200787351271626;0,0021619505671592;-0,00771979000486278;0,000544404530571596;-0,00771979000486278;0,000544404530571596;100;1;0,9;TRUE;0,93;0,8;TRUE;TRUE;0,07;0,93;0
"hs_cu_m_Log2";"hs_Gen_Tot";0,000154688532314652;1e-12;-0,00048481986617373;-0,00049630323304458;-0,00049630323304458;-0,000633713144755194;0,00203557417432131;-0,00401581287310651;0,00346925842805516;-0,00401581287310651;0,00346925842805516;100;1;0,9;TRUE;0,63;0,8;FALSE;FALSE;0,37;0,63;0
"hs_hg_m_Log2";"hs_Gen_Tot";0,000154688532314652;1e-12;0,000867879986000816;0,000457231992730545;0,000457231992730545;0,000443317348975971;0,00176859048985353;-0,00255843128677519;0,00411699679944085;-0,00255843128677519;0,00411699679944085;100;1;0,9;TRUE;0,6;0,8;FALSE;FALSE;0,6;0,4;0
"hs_mn_m_Log2";"hs_Gen_Tot";0,000154688532314652;1e-12;-0,00306514283416654;-0,00227177041211567;-0,00227177041211567;-0,0019177291080994;0,00196375935986947;-0,00713283930212284;0,000810578447679075;-0,00713283930212284;0,000810578447679075;100;1;0,9;TRUE;0,94;0,8;TRUE;TRUE;0,06;0,94;0
"hs_mo_m_Log2";"hs_Gen_Tot";0,000154688532314652;1e-12;-0,00276802724939246;-0,00217889249703424;-0,00217889249703424;-0,00205530441933408;0,00191022987575418;-0,00612708469894162;0,00106351196631264;-0,00612708469894162;0,00106351196631264;100;1;0,9;TRUE;0,87;0,8;TRUE;TRUE;0,13;0,87;0
"hs_pb_m_Log2";"hs_Gen_Tot";0,000154688532314652;1e-12;-0,00369479723148542;-0,00273615287046159;-0,00273615287046159;-0,00277281714795039;0,00150619922381895;-0,00564236873900802;-0,000158760064136772;-0,00564236873900802;-0,000158760064136772;100;1;0,9;TRUE;0,97;0,8;TRUE;TRUE;0,03;0,97;0
"h_humidity_preg_None";"hs_Gen_Tot";0,000154688532314652;1e-12;0,00972828745340592;0,00885377151734712;0,00885377151734712;0,00838292491581809;0,00340797503808406;0,00301839480216986;0,0170771023827833;0,00301839480216986;0,0170771023827833;100;1;0,9;TRUE;1;0,8;TRUE;TRUE;1;0;0
"h_pressure_preg_None";"hs_Gen_Tot";0,000154688532314652;1e-12;-0,00337567147501588;-0,00377497712824544;-0,00377497712824544;-0,0036490128648019;0,00258804368635356;-0,00873520967534839;0,000919805331132853;-0,00873520967534839;0,000919805331132853;100;1;0,9;TRUE;0,93;0,8;TRUE;TRUE;0,07;0,93;0
"h_temperature_preg_None";"hs_Gen_Tot";0,000154688532314652;1e-12;-0,00494908548202546;-0,00320169643227806;-0,00320169643227806;-0,00335066591531843;0,00283647898253694;-0,0088927823789764;0,00166659718736656;-0,0088927823789764;0,00166659718736656;100;1;0,9;TRUE;0,87;0,8;TRUE;TRUE;0,13;0,87;0
"h_ndvi100_preg_None";"hs_Gen_Tot";0,000154688532314652;1e-12;0,0019510509404849;0,00177877779411851;0,00177877779411851;0,00180607893963732;0,00236950302879206;-0,00205496546700789;0,00686557302519012;-0,00205496546700789;0,00686557302519012;100;1;0,9;TRUE;0,76;0,8;FALSE;FALSE;0,76;0,24;0
"hs_dde_madj_Log2";"hs_Gen_Tot";0,000154688532314652;1e-12;0,00239044314206923;0,0015539853232309;0,0015539853232309;0,001364223047193;0,00202860261484655;-0,00267276368219389;0,00535062341451034;-0,00267276368219389;0,00535062341451034;100;1;0,9;TRUE;0,82;0,8;TRUE;TRUE;0,82;0,18;0
"hs_ddt_madj_Log2";"hs_Gen_Tot";0,000154688532314652;1e-12;-0,00202448646403977;-0,0016511279725454;-0,0016511279725454;-0,00153496189817285;0,00179181652685336;-0,00543525916220837;0,00115912282779642;-0,00543525916220837;0,00115912282779642;100;1;0,9;TRUE;0,82;0,8;TRUE;TRUE;0,18;0,82;0
"hs_hcb_madj_Log2";"hs_Gen_Tot";0,000154688532314652;1e-12;-0,00195367304169604;-0,00158789493248865;-0,00158789493248865;-0,00137028606802208;0,00189149543854092;-0,00625335777062405;0,00148585032368718;-0,00625335777062405;0,00148585032368718;100;1;0,9;TRUE;0,83;0,8;TRUE;TRUE;0,17;0,83;0
"hs_pcb118_madj_Log2";"hs_Gen_Tot";0,000154688532314652;1e-12;0,00846283147527216;0,00559185186036016;0,00559185186036016;0,0053620386672317;0,00336583639120788;0,000379443177105369;0,0135483652385382;0,000379443177105369;0,0135483652385382;100;1;0,9;TRUE;0,98;0,8;TRUE;TRUE;0,98;0,02;0
"hs_pcb138_madj_Log2";"hs_Gen_Tot";0,000154688532314652;1e-12;-0,00609071075955016;-0,00447623716178457;-0,00447623716178457;-0,00428662893458633;0,00331951155530341;-0,0108245403119247;0,00103989458601448;-0,0108245403119247;0,00103989458601448;100;1;0,9;TRUE;0,91;0,8;TRUE;TRUE;0,09;0,91;0
"hs_pcb153_madj_Log2";"hs_Gen_Tot";0,000154688532314652;1e-12;-0,000611147899790038;-0,000977568257891821;-0,000977568257891821;-0,000855234976217668;0,00233931945504463;-0,00556140575618365;0,00345411010284825;-0,00556140575618365;0,00345411010284825;100;1;0,9;TRUE;0,65;0,8;FALSE;FALSE;0,35;0,65;0
"hs_pcb170_madj_Log2";"hs_Gen_Tot";0,000154688532314652;1e-12;-0,00311500719303702;-0,00182098455573072;-0,00182098455573072;-0,00177343373039365;0,00315392059969464;-0,0101388836623854;0,00334274337969607;-0,0101388836623854;0,00334274337969607;100;1;0,9;TRUE;0,69;0,8;FALSE;FALSE;0,31;0,69;0
"hs_pcb180_madj_Log2";"hs_Gen_Tot";0,000154688532314652;1e-12;-0,00074703115957133;-0,000151335040017238;-0,000151335040017238;-0,000560409203463366;0,00239249539847036;-0,0044774005675062;0,00552033208007445;-0,0044774005675062;0,00552033208007445;100;1;0,9;TRUE;0,59;0,8;FALSE;FALSE;0,41;0,59;0
"hs_sumPCBs5_madj_Log2";"hs_Gen_Tot";0,000154688532314652;1e-12;-0,000649660632995367;-0,00064787316721388;-0,00064787316721388;-0,000582769710690567;0,00295847056519294;-0,00671443567324532;0,00526724608309033;-0,00671443567324532;0,00526724608309033;100;1;0,9;TRUE;0,57;0,8;FALSE;FALSE;0,43;0,57;0
"hs_pfhxs_m_Log2";"hs_Gen_Tot";0,000154688532314652;1e-12;-0,00535599613902521;-0,00345138104958571;-0,00345138104958571;-0,00340894637795954;0,00251063610579362;-0,00908839760938116;0,000640442015607627;-0,00908839760938116;0,000640442015607627;100;1;0,9;TRUE;0,93;0,8;TRUE;TRUE;0,07;0,93;0
"hs_pfna_m_Log2";"hs_Gen_Tot";0,000154688532314652;1e-12;-0,00064238468008714;-0,000488875647509301;-0,000488875647509301;-0,000459391431514625;0,00181097540568695;-0,00384948009685072;0,00303318538546936;-0,00384948009685072;0,00303318538546936;100;1;0,9;TRUE;0,6;0,8;FALSE;FALSE;0,4;0,6;0
"hs_pfoa_m_Log2";"hs_Gen_Tot";0,000154688532314652;1e-12;-0,00131886420831497;-0,00102048946548469;-0,00102048946548469;-0,00109665837299367;0,00185288988092631;-0,00463538818808066;0,00269968405556652;-0,00463538818808066;0,00269968405556652;100;1;0,9;TRUE;0,71;0,8;FALSE;FALSE;0,29;0,71;0
"hs_pfos_m_Log2";"hs_Gen_Tot";0,000154688532314652;1e-12;-0,00256293505225475;-0,00243240335007745;-0,00243240335007745;-0,00285325805705262;0,00208212796332673;-0,00592875105239639;0,00253454361733017;-0,00592875105239639;0,00253454361733017;100;1;0,9;TRUE;0,87;0,8;TRUE;TRUE;0,13;0,87;0
"hs_pfunda_m_Log2";"hs_Gen_Tot";0,000154688532314652;1e-12;-0,00310942314870212;-0,00221115344074665;-0,00221115344074665;-0,00211234591535832;0,00189742244645202;-0,00587121455262335;0,00124196608825224;-0,00587121455262335;0,00124196608825224;100;1;0,9;TRUE;0,9;0,8;TRUE;TRUE;0,1;0,9;0
"e3_asmokcigd_p_None";"hs_Gen_Tot";0,000154688532314652;1e-12;-0,00159373754789075;-0,00151236946707563;-0,00151236946707563;-0,00140836195510498;0,00219256590417598;-0,00613057353259039;0,00292801400784865;-0,00613057353259039;0,00292801400784865;100;1;0,9;TRUE;0,78;0,8;FALSE;FALSE;0,22;0,78;0
"h_distinvnear1_preg_Log";"hs_Gen_Tot";0,000154688532314652;1e-12;0,000225359024798117;5,7319337637937e-05;5,7319337637937e-05;9,96885908900276e-05;0,00156021981706603;-0,00271161072296529;0,00236484348152202;-0,00271161072296529;0,00236484348152202;100;1;0,9;TRUE;0,52;0,8;FALSE;FALSE;0,52;0,48;0
"h_trafload_preg_pow1over3";"hs_Gen_Tot";0,000154688532314652;1e-12;0,000743070761110883;0,000578118229635179;0,000578118229635179;0,000592666940511355;0,00189507558915322;-0,00358489081043498;0,00404472819427562;-0,00358489081043498;0,00404472819427562;100;1;0,9;TRUE;0,7;0,8;FALSE;FALSE;0,7;0,3;0
"h_trafnear_preg_pow1over3";"hs_Gen_Tot";0,000154688532314652;1e-12;0,000739034646108448;0,000590579768291893;0,000590579768291893;0,000327438248140431;0,00198783871288735;-0,00288837866899007;0,00509316553997332;-0,00288837866899007;0,00509316553997332;100;1;0,9;TRUE;0,59;0,8;FALSE;FALSE;0,59;0,41;0
"h_bro_preg_Log";"hs_Gen_Tot";0,000154688532314652;1e-12;-0,00408457282231072;-0,00236582346401169;-0,00236582346401169;-0,00195770312379821;0,00333630895753953;-0,0104615872269674;0,00236032414607172;-0,0104615872269674;0,00236032414607172;100;1;0,9;TRUE;0,71;0,8;FALSE;FALSE;0,29;0,71;0
"h_clf_preg_Log";"hs_Gen_Tot";0,000154688532314652;1e-12;0,00277784152940069;0,00199117700068243;0,00199117700068243;0,00192518945393908;0,00211623922538269;-0,00232636077526141;0,00604057598384498;-0,00232636077526141;0,00604057598384498;100;1;0,9;TRUE;0,86;0,8;TRUE;TRUE;0,86;0,14;0
"h_thm_preg_Log";"hs_Gen_Tot";0,000154688532314652;1e-12;0,00247963428507678;0,0021461001596044;0,0021461001596044;0,00201193691616529;0,00278841572890468;-0,00223519090350793;0,00791871752232987;-0,00223519090350793;0,00791871752232987;100;1;0,9;TRUE;0,71;0,8;FALSE;FALSE;0,71;0,29;0
"e3_alcpreg_yn_None_1";"hs_Gen_Tot";0,000154688532314652;1e-12;-0,00243107113494093;-0,000978401465970414;-0,000978401465970414;-4,81788603734045e-05;0,00407960952515095;-0,010955897225125;0,00493212665255678;-0,010955897225125;0,00493212665255678;100;1;0,9;TRUE;0,51;0,8;FALSE;FALSE;0,49;0,51;0
"h_pamod_t3_None_Often";"hs_Gen_Tot";0,000154688532314652;1e-12;0,0141328878427921;0,0142266997634929;0,0142266997634929;0,0149587746480359;0,00549389665047627;0,00210504605218854;0,0228807973065903;0,00210504605218854;0,0228807973065903;100;1;0,9;TRUE;0,99;0,8;TRUE;TRUE;0,99;0,01;0
"h_pamod_t3_None_Sometimes";"hs_Gen_Tot";0,000154688532314652;1e-12;0,0098959985695078;0,0100262022813119;0,0100262022813119;0,0105928174544917;0,00580598944263702;-0,0027193462611325;0,0195592106819594;-0,0027193462611325;0,0195592106819594;100;1;0,9;TRUE;0,94;0,8;TRUE;TRUE;0,94;0,06;0
"h_pamod_t3_None_Very Often";"hs_Gen_Tot";0,000154688532314652;1e-12;0,0119752769048881;0,0121257307945574;0,0121257307945574;0,0119012022343441;0,00525494406897107;0,00140350477114348;0,0229854346895062;0,00140350477114348;0,0229854346895062;100;1;0,9;TRUE;0,98;0,8;TRUE;TRUE;0,98;0,02;0
"h_pavig_t3_None_Low";"hs_Gen_Tot";0,000154688532314652;1e-12;0,0196181599458027;0,0188027743104081;0,0188027743104081;0,0188042771528141;0,00521009523661472;0,00965442846717863;0,0289844142486647;0,00965442846717863;0,0289844142486647;100;1;0,9;TRUE;1;0,8;TRUE;TRUE;1;0;0
"h_pavig_t3_None_Medium";"hs_Gen_Tot";0,000154688532314652;1e-12;0,0292472070711127;0,025594332002879;0,025594332002879;0,0240173158890314;0,00780899161556842;0,0115535662802615;0,0428615301075631;0,0115535662802615;0,0428615301075631;100;1;0,9;TRUE;1;0,8;TRUE;TRUE;1;0;0
"hs_no2_dy_hs_h_Log";"hs_Gen_Tot";0,000154688532314652;1e-12;0,00717080480015402;0,0056786465784777;0,0056786465784777;0,00535581526880331;0,00304202577201382;0,00107944013223621;0,0121884557858188;0,00107944013223621;0,0121884557858188;100;1;0,9;TRUE;1;0,8;TRUE;TRUE;1;0;0
"hs_no2_wk_hs_h_Log";"hs_Gen_Tot";0,000154688532314652;1e-12;0,0016982258771312;0,00157129045910229;0,00157129045910229;0,00178494399842704;0,00235243860123622;-0,00335285130002431;0,00595869686918984;-0,00335285130002431;0,00595869686918984;100;1;0,9;TRUE;0,74;0,8;FALSE;FALSE;0,74;0,26;0
"hs_no2_yr_hs_h_Log";"hs_Gen_Tot";0,000154688532314652;1e-12;0,0024245615319288;0,00274796202432507;0,00274796202432507;0,00275859899876307;0,00264883041239119;-0,00312859565888359;0,00673890588205541;-0,00312859565888359;0,00673890588205541;100;1;0,9;TRUE;0,86;0,8;TRUE;TRUE;0,86;0,14;0
"hs_pm10_dy_hs_h_None";"hs_Gen_Tot";0,000154688532314652;1e-12;0,00165233163389176;0,00101190562090199;0,00101190562090199;0,000885093642794754;0,00179774452245503;-0,00231151469309798;0,00505994936156806;-0,00231151469309798;0,00505994936156806;100;1;0,9;TRUE;0,71;0,8;FALSE;FALSE;0,71;0,29;0
"hs_pm10_wk_hs_h_None";"hs_Gen_Tot";0,000154688532314652;1e-12;-0,00250294027369039;-0,00211265788059616;-0,00211265788059616;-0,00200268396766271;0,00250733410242032;-0,00722004438787296;0,00252087071358381;-0,00722004438787296;0,00252087071358381;100;1;0,9;TRUE;0,82;0,8;TRUE;TRUE;0,18;0,82;0
"hs_pm10_yr_hs_h_None";"hs_Gen_Tot";0,000154688532314652;1e-12;-0,000736266518372567;-1,96792911611709e-05;-1,96792911611709e-05;0,00012083586502837;0,00292815471330636;-0,00660133691864195;0,00631849190184654;-0,00660133691864195;0,00631849190184654;100;1;0,9;TRUE;0,45;0,8;FALSE;FALSE;0,55;0,45;0
"hs_pm25_dy_hs_h_None";"hs_Gen_Tot";0,000154688532314652;1e-12;0,00300725890234615;0,00240597060424008;0,00240597060424008;0,00231048615064064;0,00203792814036651;-0,00125392665850608;0,00658383459968252;-0,00125392665850608;0,00658383459968252;100;1;0,9;TRUE;0,89;0,8;TRUE;TRUE;0,89;0,11;0
"hs_pm25_wk_hs_h_None";"hs_Gen_Tot";0,000154688532314652;1e-12;-0,00227583445009996;-0,0018441975382447;-0,0018441975382447;-0,00173216658335806;0,00210286244277631;-0,00629865360239597;0,0017081574701419;-0,00629865360239597;0,0017081574701419;100;1;0,9;TRUE;0,81;0,8;TRUE;TRUE;0,19;0,81;0
"hs_pm25_yr_hs_h_None";"hs_Gen_Tot";0,000154688532314652;1e-12;0,00889116681934357;0,00743687229575822;0,00743687229575822;0,00734356062235049;0,00271319185716458;0,00231790918698039;0,0132298775821464;0,00231790918698039;0,0132298775821464;100;1;0,9;TRUE;1;0,8;TRUE;TRUE;1;0;0
"hs_pm25abs_dy_hs_h_Log";"hs_Gen_Tot";0,000154688532314652;1e-12;-0,00607507573900561;-0,0042977421637042;-0,0042977421637042;-0,00395571576254328;0,002234590021948;-0,00981222375012053;-0,000803147428667539;-0,00981222375012053;-0,000803147428667539;100;1;0,9;TRUE;0,99;0,8;TRUE;TRUE;0,01;0,99;0
"hs_pm25abs_wk_hs_h_Log";"hs_Gen_Tot";0,000154688532314652;1e-12;0,000430690485586953;0,000183441175074748;0,000183441175074748;-0,000116320690479418;0,00200909649996415;-0,00313081457610606;0,00433123640417755;-0,00313081457610606;0,00433123640417755;100;1;0,9;TRUE;0,48;0,8;FALSE;FALSE;0,48;0,52;0
"hs_pm25abs_yr_hs_h_Log";"hs_Gen_Tot";0,000154688532314652;1e-12;-0,00257439966516706;-0,00227076253053496;-0,00227076253053496;-0,00186291323970118;0,00323775815430645;-0,0091281760505287;0,00276959512199889;-0,0091281760505287;0,00276959512199889;100;1;0,9;TRUE;0,77;0,8;FALSE;FALSE;0,23;0,77;0
"hs_accesslines300_h_dic0";"hs_Gen_Tot";0,000154688532314652;1e-12;-0,00700247008703876;-0,00412900814983906;-0,00412900814983906;-0,0036193463550197;0,00708616246667051;-0,0181272205993932;0,0088309678007938;-0,0181272205993932;0,0088309678007938;100;1;0,9;TRUE;0,75;0,8;FALSE;FALSE;0,25;0,75;0
"hs_accesspoints300_h_Log";"hs_Gen_Tot";0,000154688532314652;1e-12;0,000734610228924528;0,000830350696964551;0,000830350696964551;0,000675895798375039;0,00292884729694808;-0,00419668575582722;0,00630705134621502;-0,00419668575582722;0,00630705134621502;100;1;0,9;TRUE;0,6;0,8;FALSE;FALSE;0,6;0,4;0
"hs_builtdens300_h_Sqrt";"hs_Gen_Tot";0,000154688532314652;1e-12;-0,000869015356558315;-0,00042224170783303;-0,00042224170783303;-0,000744733514381901;0,00273152672402845;-0,00525874655990718;0,00585649282162685;-0,00525874655990718;0,00585649282162685;100;1;0,9;TRUE;0,62;0,8;FALSE;FALSE;0,38;0,62;0
"hs_connind300_h_Log";"hs_Gen_Tot";0,000154688532314652;1e-12;0,00645202056375069;0,00463652064307204;0,00463652064307204;0,0043708874848135;0,00291419589702408;-0,0001825195276988;0,0103746123452925;-0,0001825195276988;0,0103746123452925;100;1;0,9;TRUE;0,96;0,8;TRUE;TRUE;0,96;0,04;0
"hs_fdensity300_h_Log";"hs_Gen_Tot";0,000154688532314652;1e-12;-0,000616036947348319;3,61889933343989e-06;3,61889933343989e-06;0,000110238711007961;0,00197613661464354;-0,00396091252984737;0,00335255453794523;-0,00396091252984737;0,00335255453794523;100;1;0,9;TRUE;0,48;0,8;FALSE;FALSE;0,52;0,48;0
"hs_landuseshan300_h_None";"hs_Gen_Tot";0,000154688532314652;1e-12;-0,00369241830318584;-0,00264976054661822;-0,00264976054661822;-0,00233775244459691;0,00224900604753326;-0,00692896631579208;0,00163533975800919;-0,00692896631579208;0,00163533975800919;100;1;0,9;TRUE;0,88;0,8;TRUE;TRUE;0,12;0,88;0
"hs_popdens_h_Sqrt";"hs_Gen_Tot";0,000154688532314652;1e-12;0,00488972483649657;0,00347409283923306;0,00347409283923306;0,00298440854287136;0,00266843128517804;-0,00149415030412435;0,00862147379441318;-0,00149415030412435;0,00862147379441318;100;1;0,9;TRUE;0,94;0,8;TRUE;TRUE;0,94;0,06;0
"hs_walkability_mean_h_None";"hs_Gen_Tot";0,000154688532314652;1e-12;-0,00365880711551354;-0,00301918731932297;-0,00301918731932297;-0,00285043092712642;0,00203245684382556;-0,00710177631118676;0,000464990421938579;-0,00710177631118676;0,000464990421938579;100;1;0,9;TRUE;0,94;0,8;TRUE;TRUE;0,06;0,94;0
"hs_accesslines300_s_dic0";"hs_Gen_Tot";0,000154688532314652;1e-12;0,00444261872417824;0,00448749026087825;0,00448749026087825;0,00399837049175053;0,0062004472170722;-0,00418297311894198;0,0179138399703357;-0,00418297311894198;0,0179138399703357;100;1;0,9;TRUE;0,72;0,8;FALSE;FALSE;0,72;0,28;0
"hs_accesspoints300_s_Log";"hs_Gen_Tot";0,000154688532314652;1e-12;0,000896627730577203;0,000975708796600048;0,000975708796600048;0,000924984319689486;0,00251361658414694;-0,00447389446819934;0,00595713368379089;-0,00447389446819934;0,00595713368379089;100;1;0,9;TRUE;0,72;0,8;FALSE;FALSE;0,72;0,28;0
"hs_builtdens300_s_Sqrt";"hs_Gen_Tot";0,000154688532314652;1e-12;0,00118588227503521;0,000316433726023031;0,000316433726023031;8,13700210172099e-07;0,00263610576726464;-0,00406824637626375;0,00489131862289269;-0,00406824637626375;0,00489131862289269;100;1;0,9;TRUE;0,5;0,8;FALSE;FALSE;0,5;0,5;0
"hs_connind300_s_Log";"hs_Gen_Tot";0,000154688532314652;1e-12;-0,000619408412474712;-0,000650050512511522;-0,000650050512511522;-0,000837749542842309;0,00192025777958717;-0,00367770157370109;0,00312769867315711;-0,00367770157370109;0,00312769867315711;100;1;0,9;TRUE;0,65;0,8;FALSE;FALSE;0,35;0,65;0
"hs_fdensity300_s_Log";"hs_Gen_Tot";0,000154688532314652;1e-12;-0,000161830458511556;9,06851635661958e-05;9,06851635661958e-05;-9,42953694694125e-05;0,00192120381536982;-0,00308063652045923;0,00464073592446659;-0,00308063652045923;0,00464073592446659;100;1;0,9;TRUE;0,53;0,8;FALSE;FALSE;0,47;0,53;0
"hs_landuseshan300_s_None";"hs_Gen_Tot";0,000154688532314652;1e-12;-0,000682409577723782;-0,000622222214114158;-0,000622222214114158;-0,00036923428645562;0,00186591567331871;-0,00479518204613381;0,00205800420874336;-0,00479518204613381;0,00205800420874336;100;1;0,9;TRUE;0,63;0,8;FALSE;FALSE;0,37;0,63;0
"hs_popdens_s_Sqrt";"hs_Gen_Tot";0,000154688532314652;1e-12;-0,00194660623746571;-0,00137312124799065;-0,00137312124799065;-0,00149722700118316;0,00193675143136244;-0,0056734613358506;0,00201569903170906;-0,0056734613358506;0,00201569903170906;100;1;0,9;TRUE;0,74;0,8;FALSE;FALSE;0,26;0,74;0
"h_Absorbance_Log";"hs_Gen_Tot";0,000154688532314652;1e-12;-0,0023586304619908;-0,00197976242702781;-0,00197976242702781;-0,00173028450847026;0,00251002764322389;-0,00773234765499737;0,00149169760403691;-0,00773234765499737;0,00149169760403691;100;1;0,9;TRUE;0,79;0,8;FALSE;FALSE;0,21;0,79;0
"h_Benzene_Log";"hs_Gen_Tot";0,000154688532314652;1e-12;0,00230893500813922;0,00144113376965467;0,00144113376965467;0,00106462397582812;0,00267412359755787;-0,0029379418721715;0,00659420500772134;-0,0029379418721715;0,00659420500772134;100;1;0,9;TRUE;0,69;0,8;FALSE;FALSE;0,69;0,31;0
"h_NO2_Log";"hs_Gen_Tot";0,000154688532314652;1e-12;0,00162376338463088;0,00164593302966224;0,00164593302966224;0,00168430019573664;0,0019083528805127;-0,00233908944798729;0,00496192349382261;-0,00233908944798729;0,00496192349382261;100;1;0,9;TRUE;0,81;0,8;TRUE;TRUE;0,81;0,19;0
"h_PM_Log";"hs_Gen_Tot";0,000154688532314652;1e-12;0,00428442335281362;0,00292230259179723;0,00292230259179723;0,00253083013849474;0,00244693891057736;-0,00047330001678548;0,00850268044387833;-0,00047330001678548;0,00850268044387833;100;1;0,9;TRUE;0,91;0,8;TRUE;TRUE;0,91;0,09;0
"h_TEX_Log";"hs_Gen_Tot";0,000154688532314652;1e-12;-8,43556814056698e-05;-5,90588488912547e-05;-5,90588488912547e-05;-1,84017426036088e-07;0,00173199754018473;-0,00363671543449238;0,00347120713023557;-0,00363671543449238;0,00347120713023557;100;1;0,9;TRUE;0,5;0,8;FALSE;FALSE;0,5;0,5;0
"hs_KIDMED_None";"hs_Gen_Tot";0,000154688532314652;1e-12;-0,00187302034641579;-0,00099157135997862;-0,00099157135997862;-0,000705626054085622;0,00225945675009553;-0,00583905002119855;0,00278597255817871;-0,00583905002119855;0,00278597255817871;100;1;0,9;TRUE;0,65;0,8;FALSE;FALSE;0,35;0,65;0
"hs_mvpa_prd_alt_None";"hs_Gen_Tot";0,000154688532314652;1e-12;0,000751178057010609;0,0005485226108766;0,0005485226108766;0,000554650141225129;0,00220550686275758;-0,0033795048152075;0,00437720248006192;-0,0033795048152075;0,00437720248006192;100;1;0,9;TRUE;0,61;0,8;FALSE;FALSE;0,61;0,39;0
"hs_sd_wk_None";"hs_Gen_Tot";0,000154688532314652;1e-12;0,00309950415649483;0,00225762376879896;0,00225762376879896;0,0021233333840311;0,00200272606294599;-0,00105892853343944;0,00673954192445065;-0,00105892853343944;0,00673954192445065;100;1;0,9;TRUE;0,89;0,8;TRUE;TRUE;0,89;0,11;0
"hs_dif_hours_total_None";"hs_Gen_Tot";0,000154688532314652;1e-12;-0,00261279611670377;-0,00170385494013494;-0,00170385494013494;-0,0013014836304659;0,00291725107748928;-0,00712923957291752;0,00323653035619107;-0,00712923957291752;0,00323653035619107;100;1;0,9;TRUE;0,68;0,8;FALSE;FALSE;0,32;0,68;0
"hs_as_c_Log2";"hs_Gen_Tot";0,000154688532314652;1e-12;-0,00438449883288517;-0,00284802452584938;-0,00284802452584938;-0,00274346515135803;0,00198167967826731;-0,00684191607282577;0,000635879281924994;-0,00684191607282577;0,000635879281924994;100;1;0,9;TRUE;0,95;0,8;TRUE;TRUE;0,05;0,95;0
"hs_cd_c_Log2";"hs_Gen_Tot";0,000154688532314652;1e-12;0,00331163926264605;0,00225076368869283;0,00225076368869283;0,00203259077818715;0,00181958846354369;-0,00103750403777564;0,0061748670665201;-0,00103750403777564;0,0061748670665201;100;1;0,9;TRUE;0,92;0,8;TRUE;TRUE;0,92;0,08;0
"hs_co_c_Log2";"hs_Gen_Tot";0,000154688532314652;1e-12;-0,00453672302284334;-0,00333869921629188;-0,00333869921629188;-0,00331910946680313;0,00248224618921146;-0,00898664010715005;0,000963960766570685;-0,00898664010715005;0,000963960766570685;100;1;0,9;TRUE;0,92;0,8;TRUE;TRUE;0,08;0,92;0
"hs_cs_c_Log2";"hs_Gen_Tot";0,000154688532314652;1e-12;-0,000295994704399786;-0,000505754635909441;-0,000505754635909441;-0,000280028033583962;0,00204355327860898;-0,00487551498144368;0,00307945930483972;-0,00487551498144368;0,00307945930483972;100;1;0,9;TRUE;0,56;0,8;FALSE;FALSE;0,44;0,56;0
"hs_cu_c_Log2";"hs_Gen_Tot";0,000154688532314652;1e-12;-0,000934741771733864;-0,000798076142467027;-0,000798076142467027;-0,000860108367844007;0,00212682171542953;-0,00388658372499423;0,00407292092501117;-0,00388658372499423;0,00407292092501117;100;1;0,9;TRUE;0,66;0,8;FALSE;FALSE;0,34;0,66;0
"hs_hg_c_Log2";"hs_Gen_Tot";0,000154688532314652;1e-12;0,00117284878672233;0,000593104887502778;0,000593104887502778;0,000459483662657881;0,00199640894994839;-0,00382108101187041;0,00481201018080259;-0,00382108101187041;0,00481201018080259;100;1;0,9;TRUE;0,6;0,8;FALSE;FALSE;0,6;0,4;0
"hs_mn_c_Log2";"hs_Gen_Tot";0,000154688532314652;1e-12;0,00263413050261179;0,00171925307818792;0,00171925307818792;0,00144289731122502;0,00231049754019011;-0,00185073011725414;0,00627701371403836;-0,00185073011725414;0,00627701371403836;100;1;0,9;TRUE;0,74;0,8;FALSE;FALSE;0,74;0,26;0
"hs_mo_c_Log2";"hs_Gen_Tot";0,000154688532314652;1e-12;-0,00123611870314635;-0,00113477632434678;-0,00113477632434678;-0,00127893967825109;0,00167074039157777;-0,00425522707500496;0,0023227737362315;-0,00425522707500496;0,0023227737362315;100;1;0,9;TRUE;0,79;0,8;FALSE;FALSE;0,21;0,79;0
"hs_pb_c_Log2";"hs_Gen_Tot";0,000154688532314652;1e-12;0,0042575588814379;0,00324643336513586;0,00324643336513586;0,00304656266671758;0,00204871128007965;0,00018847201629248;0,00798385184489272;0,00018847201629248;0,00798385184489272;100;1;0,9;TRUE;0,98;0,8;TRUE;TRUE;0,98;0,02;0
"hs_hum_mt_hs_h_None";"hs_Gen_Tot";0,000154688532314652;1e-12;-0,00434012696630807;-0,00414185007962788;-0,00414185007962788;-0,0044007875562241;0,00260699139971063;-0,00963999714709186;0,000729955977812279;-0,00963999714709186;0,000729955977812279;100;1;0,9;TRUE;0,96;0,8;TRUE;TRUE;0,04;0,96;0
"hs_tm_mt_hs_h_None";"hs_Gen_Tot";0,000154688532314652;1e-12;-0,000596195710240679;0,000396501610366429;0,000396501610366429;0,000365770387617168;0,00299380755860828;-0,00670891792301627;0,00563790765526731;-0,00670891792301627;0,00563790765526731;100;1;0,9;TRUE;0,38;0,8;FALSE;FALSE;0,62;0,38;0
"hs_uvdvf_mt_hs_h_None";"hs_Gen_Tot";0,000154688532314652;1e-12;-0,00481840229590617;-0,00392925595154877;-0,00392925595154877;-0,00353575131343908;0,00230015637885394;-0,00877520826581277;-0,000566989586496528;-0,00877520826581277;-0,000566989586496528;100;1;0,9;TRUE;0,98;0,8;TRUE;TRUE;0,02;0,98;0
"hs_hum_dy_hs_h_None";"hs_Gen_Tot";0,000154688532314652;1e-12;-0,00281468682103149;-0,00243973959072699;-0,00243973959072699;-0,00221843615340318;0,00197797091024074;-0,00621330939183977;0,000585246227636935;-0,00621330939183977;0,000585246227636935;100;1;0,9;TRUE;0,92;0,8;TRUE;TRUE;0,08;0,92;0
"hs_hum_wk_hs_h_None";"hs_Gen_Tot";0,000154688532314652;1e-12;-0,00397411862089593;-0,00388005534574859;-0,00388005534574859;-0,00414682491739625;0,00241508177593271;-0,00784328582469766;0,00112433094849511;-0,00784328582469766;0,00112433094849511;100;1;0,9;TRUE;0,94;0,8;TRUE;TRUE;0,06;0,94;0
"hs_tm_dy_hs_h_None";"hs_Gen_Tot";0,000154688532314652;1e-12;-0,00205303422008353;-0,00127191902162406;-0,00127191902162406;-0,000966829913326718;0,00271459894585681;-0,00670664312436381;0,00352028117184232;-0,00670664312436381;0,00352028117184232;100;1;0,9;TRUE;0,66;0,8;FALSE;FALSE;0,34;0,66;0
"hs_tm_wk_hs_h_None";"hs_Gen_Tot";0,000154688532314652;1e-12;0,00502641716948498;0,00341730309720104;0,00341730309720104;0,00361852504244716;0,0024523295501122;-0,00164100850575779;0,00745105187332861;-0,00164100850575779;0,00745105187332861;100;1;0,9;TRUE;0,93;0,8;TRUE;TRUE;0,93;0,07;0
"hs_uvdvf_dy_hs_h_None";"hs_Gen_Tot";0,000154688532314652;1e-12;0,000248868812165307;9,99234440037146e-06;9,99234440037146e-06;0,000121316150952741;0,00224147630611166;-0,00451010528416851;0,00391358164637573;-0,00451010528416851;0,00391358164637573;100;1;0,9;TRUE;0,52;0,8;FALSE;FALSE;0,52;0,48;0
"hs_uvdvf_wk_hs_h_None";"hs_Gen_Tot";0,000154688532314652;1e-12;-0,00369730773053867;-0,0033435183248211;-0,0033435183248211;-0,00342141009187578;0,00269624330860079;-0,00857459069019824;0,0012347543315578;-0,00857459069019824;0,0012347543315578;100;1;0,9;TRUE;0,9;0,8;TRUE;TRUE;0,1;0,9;0
"hs_ndvi100_h_None";"hs_Gen_Tot";0,000154688532314652;1e-12;0,0028342835850956;0,00253078504960189;0,00253078504960189;0,00241176630597052;0,00230297090024986;-0,0018305892396057;0,00720643009060081;-0,0018305892396057;0,00720643009060081;100;1;0,9;TRUE;0,88;0,8;TRUE;TRUE;0,88;0,12;0
"hs_ndvi100_s_None";"hs_Gen_Tot";0,000154688532314652;1e-12;0,00589098952935749;0,00470026113875911;0,00470026113875911;0,00449540002255531;0,00242864568877184;0,000429973673989604;0,010822226796285;0,000429973673989604;0,010822226796285;100;1;0,9;TRUE;0,99;0,8;TRUE;TRUE;0,99;0,01;0
"hs_dde_cadj_Log2";"hs_Gen_Tot";0,000154688532314652;1e-12;-0,00368493239539315;-0,00294498006715678;-0,00294498006715678;-0,00264397606362489;0,00275681454997316;-0,00816673926749347;0,00187746352887191;-0,00816673926749347;0,00187746352887191;100;1;0,9;TRUE;0,84;0,8;TRUE;TRUE;0,16;0,84;0
"hs_ddt_cadj_Log2";"hs_Gen_Tot";0,000154688532314652;1e-12;0,00142702918707047;0,000867075139804204;0,000867075139804204;0,000830154825526204;0,0017553890728007;-0,00233199864181352;0,00437233965003451;-0,00233199864181352;0,00437233965003451;100;1;0,9;TRUE;0,71;0,8;FALSE;FALSE;0,71;0,29;0
"hs_hcb_cadj_Log2";"hs_Gen_Tot";0,000154688532314652;1e-12;-0,00217585960097341;-0,0026874525360633;-0,0026874525360633;-0,0020456182374041;0,0030338770140027;-0,00982800153042752;0,00258305941408585;-0,00982800153042752;0,00258305941408585;100;1;0,9;TRUE;0,87;0,8;TRUE;TRUE;0,13;0,87;0
"hs_pcb118_cadj_Log2";"hs_Gen_Tot";0,000154688532314652;1e-12;0,00430715767594431;0,00298483993795407;0,00298483993795407;0,00267691083198106;0,00232684145111699;-0,000102744223637427;0,00821868683471235;-0,000102744223637427;0,00821868683471235;100;1;0,9;TRUE;0,96;0,8;TRUE;TRUE;0,96;0,04;0
"hs_pcb138_cadj_Log2";"hs_Gen_Tot";0,000154688532314652;1e-12;-0,00358685013253898;-0,00193539547637726;-0,00193539547637726;-0,00213797573526583;0,00273030119192917;-0,00635905998455449;0,00367603982275879;-0,00635905998455449;0,00367603982275879;100;1;0,9;TRUE;0,83;0,8;TRUE;TRUE;0,17;0,83;0
"hs_pcb153_cadj_Log2";"hs_Gen_Tot";0,000154688532314652;1e-12;0,00300246198762863;0,00201564162778315;0,00201564162778315;0,00158869280418611;0,00293504296465398;-0,00276014372689049;0,0087759073280613;-0,00276014372689049;0,0087759073280613;100;1;0,9;TRUE;0,77;0,8;FALSE;FALSE;0,77;0,23;0
"hs_pcb170_cadj_Log2";"hs_Gen_Tot";0,000154688532314652;1e-12;-0,00855295542094772;-0,00679682889560871;-0,00679682889560871;-0,00651863535753591;0,00340835831231427;-0,0142193414966413;-0,00167986953488181;-0,0142193414966413;-0,00167986953488181;100;1;0,9;TRUE;1;0,8;TRUE;TRUE;0;1;0
"hs_pcb180_cadj_Log2";"hs_Gen_Tot";0,000154688532314652;1e-12;-0,000692086069506505;-0,000274008796591674;-0,000274008796591674;-5,27691356768545e-05;0,00223521006573816;-0,00489650147524262;0,00392636039585832;-0,00489650147524262;0,00392636039585832;100;1;0,9;TRUE;0,51;0,8;FALSE;FALSE;0,49;0,51;0
"hs_sumPCBs5_cadj_Log2";"hs_Gen_Tot";0,000154688532314652;1e-12;-0,00761482138666038;-0,0056127758722971;-0,0056127758722971;-0,00528418426917403;0,00323489370876963;-0,0117442395921613;-0,000480161487883252;-0,0117442395921613;-0,000480161487883252;100;1;0,9;TRUE;0,98;0,8;TRUE;TRUE;0,02;0,98;0
"hs_pfhxs_c_Log2";"hs_Gen_Tot";0,000154688532314652;1e-12;-0,00226293139519523;-0,00124643498384818;-0,00124643498384818;-0,00107683060710279;0,00208489488292834;-0,00567894420761534;0,00214698061885215;-0,00567894420761534;0,00214698061885215;100;1;0,9;TRUE;0,7;0,8;FALSE;FALSE;0,3;0,7;0
"hs_pfna_c_Log2";"hs_Gen_Tot";0,000154688532314652;1e-12;0,00217489630840884;0,00129998363091377;0,00129998363091377;0,000924114186604702;0,00252954997542069;-0,00256506059878076;0,00731542713643521;-0,00256506059878076;0,00731542713643521;100;1;0,9;TRUE;0,7;0,8;FALSE;FALSE;0,7;0,3;0
"hs_pfoa_c_Log2";"hs_Gen_Tot";0,000154688532314652;1e-12;0,000414667664995976;0,000601937515267342;0,000601937515267342;0,000733653975498915;0,00197449399430442;-0,0043831338835758;0,00404840933631983;-0,0043831338835758;0,00404840933631983;100;1;0,9;TRUE;0,67;0,8;FALSE;FALSE;0,67;0,33;0
"hs_pfos_c_Log2";"hs_Gen_Tot";0,000154688532314652;1e-12;-0,00605832679914347;-0,00455306226080751;-0,00455306226080751;-0,00365115829232403;0,0025852532904924;-0,0108464121655526;-0,00110563633108556;-0,0108464121655526;-0,00110563633108556;100;1;0,9;TRUE;1;0,8;TRUE;TRUE;0;1;0
"hs_pfunda_c_Log2";"hs_Gen_Tot";0,000154688532314652;1e-12;-0,00252880152975101;-0,00181123942567325;-0,00181123942567325;-0,00181401307756294;0,00171383578948514;-0,00496951384433145;0,00150428269561905;-0,00496951384433145;0,00150428269561905;100;1;0,9;TRUE;0,88;0,8;TRUE;TRUE;0,12;0,88;0
"hs_hm_pers_None";"hs_Gen_Tot";0,000154688532314652;1e-12;0,00329430262077234;0,00251254211955479;0,00251254211955479;0,00236730736337313;0,00183910859788641;-0,000436464892309161;0,00616030328052308;-0,000436464892309161;0,00616030328052308;100;1;0,9;TRUE;0,96;0,8;TRUE;TRUE;0,96;0,04;0
"hs_trafload_h_pow1over3";"hs_Gen_Tot";0,000154688532314652;1e-12;-0,000883586877472684;-0,000613924842524996;-0,000613924842524996;-0,000608614419891695;0,00173091538917198;-0,00374379751765219;0,00269528398944331;-0,00374379751765219;0,00269528398944331;100;1;0,9;TRUE;0,66;0,8;FALSE;FALSE;0,34;0,66;0
"hs_trafnear_h_pow1over3";"hs_Gen_Tot";0,000154688532314652;1e-12;0,000944375494090592;0,000335485594987017;0,000335485594987017;0,000332892785225945;0,00203759194366457;-0,00328578771743353;0,00453974949014422;-0,00328578771743353;0,00453974949014422;100;1;0,9;TRUE;0,57;0,8;FALSE;FALSE;0,57;0,43;0
"FAS_cat_None_Low";"hs_Gen_Tot";0,000154688532314652;1e-12;0,00957495000210592;0,009555286040563;0,009555286040563;0,00890099101330584;0,00866283476680655;-0,00237080982751407;0,029128107046648;-0,00237080982751407;0,029128107046648;100;1;0,9;TRUE;0,88;0,8;TRUE;TRUE;0,88;0,12;0
"FAS_cat_None_Middle";"hs_Gen_Tot";0,000154688532314652;1e-12;-0,0011259609022366;9,03597947513977e-06;9,03597947513977e-06;-6,43221141701685e-05;0,00334371568212955;-0,00625491520219091;0,0056855030081825;-0,00625491520219091;0,0056855030081825;100;1;0,9;TRUE;0,52;0,8;FALSE;FALSE;0,48;0,52;0
"hs_globalexp2_None_no exposure";"hs_Gen_Tot";0,000154688532314652;1e-12;-0,0022773537393957;-0,000546659824993532;-0,000546659824993532;-0,00016104848984995;0,00351106021667135;-0,00820440266403781;0,00602686264918157;-0,00820440266403781;0,00602686264918157;100;1;0,9;TRUE;0,51;0,8;FALSE;FALSE;0,49;0,51;0
"h_abs_ratio_preg_Log";"hs_bmi_c_cat";0,000154688532314652;1e-12;-0,036663661385644;-0,0337849447250942;-0,0337849447250942;-0,031232011726805;0,0732442702285108;-0,202892204725449;0,0866734992529643;-0,202892204725449;0,0866734992529643;100;1;0,9;TRUE;0,72;0,8;FALSE;FALSE;0,28;0,72;0
"h_no2_ratio_preg_Log";"hs_bmi_c_cat";0,000154688532314652;1e-12;-0,057329290086924;-0,0566242657415622;-0,0566242657415622;-0,049691424076244;0,0787320838794893;-0,227492286597394;0,0715824057148485;-0,227492286597394;0,0715824057148485;100;1;0,9;TRUE;0,72;0,8;FALSE;FALSE;0,28;0,72;0
"h_pm10_ratio_preg_None";"hs_bmi_c_cat";0,000154688532314652;1e-12;0,082956256766007;0,077496004038608;0,077496004038608;0,0724664224179129;0,0617950888214228;-0,0319771918996249;0,189068458882634;-0,0319771918996249;0,189068458882634;100;1;0,9;TRUE;0,92;0,8;TRUE;TRUE;0,92;0,08;0
"h_pm25_ratio_preg_None";"hs_bmi_c_cat";0,000154688532314652;1e-12;0,00894748688251927;0,00422365793060786;0,00422365793060786;0,00720629007273352;0,0814571024419704;-0,152332221667959;0,184582493257529;-0,152332221667959;0,184582493257529;100;1;0,9;TRUE;0,56;0,8;FALSE;FALSE;0,56;0,44;0
"h_accesslines300_preg_dic0";"hs_bmi_c_cat";0,000154688532314652;1e-12;-0,178380855617723;-0,184717688892093;-0,184717688892093;-0,178546860682552;0,171326911414676;-0,498657623927288;0,155544099120723;-0,498657623927288;0,155544099120723;100;1;0,9;TRUE;0,87;0,8;TRUE;TRUE;0,13;0,87;0
"h_accesspoints300_preg_Log";"hs_bmi_c_cat";0,000154688532314652;1e-12;0,00887379305323649;0,00449259691334736;0,00449259691334736;0,00504810605040583;0,0803974376509788;-0,134336645401694;0,156539207395875;-0,134336645401694;0,156539207395875;100;1;0,9;TRUE;0,54;0,8;FALSE;FALSE;0,54;0,46;0
"h_builtdens300_preg_Sqrt";"hs_bmi_c_cat";0,000154688532314652;1e-12;-0,00215764730082898;0,00191780780786189;0,00191780780786189;0,00247556366211712;0,0798303492027673;-0,153688564156605;0,137910772733669;-0,153688564156605;0,137910772733669;100;1;0,9;TRUE;0,48;0,8;FALSE;FALSE;0,52;0,48;0
"h_connind300_preg_Sqrt";"hs_bmi_c_cat";0,000154688532314652;1e-12;-0,0619018292625528;-0,0689252426667076;-0,0689252426667076;-0,0739446792343741;0,065331235313993;-0,187422098970639;0,0469707480553833;-0,187422098970639;0,0469707480553833;100;1;0,9;TRUE;0,88;0,8;TRUE;TRUE;0,12;0,88;0
"h_fdensity300_preg_Log";"hs_bmi_c_cat";0,000154688532314652;1e-12;-0,0441080017731254;-0,0522553442919467;-0,0522553442919467;-0,0466914576547541;0,0852107855237669;-0,217275590512633;0,0877528038026014;-0,217275590512633;0,0877528038026014;100;1;0,9;TRUE;0,75;0,8;FALSE;FALSE;0,25;0,75;0
"h_frichness300_preg_None";"hs_bmi_c_cat";0,000154688532314652;1e-12;-0,0984356551258432;-0,0994720683072778;-0,0994720683072778;-0,104882616231276;0,0781870368652971;-0,246566703047054;0,0418311472525883;-0,246566703047054;0,0418311472525883;100;1;0,9;TRUE;0,9;0,8;TRUE;TRUE;0,1;0,9;0
"h_landuseshan300_preg_None";"hs_bmi_c_cat";0,000154688532314652;1e-12;0,0940247841280701;0,0945795415481751;0,0945795415481751;0,0972857452896167;0,0698181539098006;-0,0419929953661712;0,21667854941587;-0,0419929953661712;0,21667854941587;100;1;0,9;TRUE;0,91;0,8;TRUE;TRUE;0,91;0,09;0
"h_popdens_preg_Sqrt";"hs_bmi_c_cat";0,000154688532314652;1e-12;0,0738855372045705;0,0814745541421415;0,0814745541421415;0,0829935868679142;0,0753774250609517;-0,0895589121989879;0,21630280339684;-0,0895589121989879;0,21630280339684;100;1;0,9;TRUE;0,86;0,8;TRUE;TRUE;0,86;0,14;0
"h_walkability_mean_preg_None";"hs_bmi_c_cat";0,000154688532314652;1e-12;-0,122097183244535;-0,123158340146191;-0,123158340146191;-0,117068806467528;0,0704798975899336;-0,260282741232323;-0,00315585546546792;-0,260282741232323;-0,00315585546546792;100;1;0,9;TRUE;0,98;0,8;TRUE;TRUE;0,02;0,98;0
"hs_as_m_Log2";"hs_bmi_c_cat";0,000154688532314652;1e-12;0,121075532641347;0,112936941447493;0,112936941447493;0,11795701839324;0,0693501421605983;-0,0298003427744799;0,232637021083117;-0,0298003427744799;0,232637021083117;100;1;0,9;TRUE;0,93;0,8;TRUE;TRUE;0,93;0,07;0
"hs_cd_m_Log2";"hs_bmi_c_cat";0,000154688532314652;1e-12;-0,00901878434900949;-0,011084674034501;-0,011084674034501;-0,0115712617847184;0,0615323060661412;-0,118730465797745;0,114979444310013;-0,118730465797745;0,114979444310013;100;1;0,9;TRUE;0,56;0,8;FALSE;FALSE;0,44;0,56;0
"hs_co_m_Log2";"hs_bmi_c_cat";0,000154688532314652;1e-12;0,0598544032553967;0,0661039875830806;0,0661039875830806;0,0673852881948322;0,0808956579113713;-0,089653142027363;0,221540977537559;-0,089653142027363;0,221540977537559;100;1;0,9;TRUE;0,8;0,8;TRUE;TRUE;0,8;0,2;0
"hs_cs_m_Log2";"hs_bmi_c_cat";0,000154688532314652;1e-12;0,0182546166371479;0,0230023451834285;0,0230023451834285;0,0227534492670985;0,0767620680916227;-0,123124220485178;0,18388306392169;-0,123124220485178;0,18388306392169;100;1;0,9;TRUE;0,62;0,8;FALSE;FALSE;0,62;0,38;0
"hs_cu_m_Log2";"hs_bmi_c_cat";0,000154688532314652;1e-12;-0,102322319978225;-0,107500819561225;-0,107500819561225;-0,0986566085917247;0,066506195418766;-0,243408373951641;0,0291139615110992;-0,243408373951641;0,0291139615110992;100;1;0,9;TRUE;0,94;0,8;TRUE;TRUE;0,06;0,94;0
"hs_hg_m_Log2";"hs_bmi_c_cat";0,000154688532314652;1e-12;0,0231307517371201;0,0288401682335583;0,0288401682335583;0,0332759557076166;0,0735834403079857;-0,117579983981183;0,167064027671917;-0,117579983981183;0,167064027671917;100;1;0,9;TRUE;0,71;0,8;FALSE;FALSE;0,71;0,29;0
"hs_mn_m_Log2";"hs_bmi_c_cat";0,000154688532314652;1e-12;-0,0673491819944798;-0,0710774878764155;-0,0710774878764155;-0,0519978199615516;0,0770277243604705;-0,217715296824916;0,0664033455898709;-0,217715296824916;0,0664033455898709;100;1;0,9;TRUE;0,82;0,8;TRUE;TRUE;0,18;0,82;0
"hs_mo_m_Log2";"hs_bmi_c_cat";0,000154688532314652;1e-12;0,0104068599183121;0,00570406167831492;0,00570406167831492;0,0104734970073696;0,0915065085535112;-0,152808311981663;0,171318117009209;-0,152808311981663;0,171318117009209;100;1;0,9;TRUE;0,56;0,8;FALSE;FALSE;0,56;0,44;0
"hs_pb_m_Log2";"hs_bmi_c_cat";0,000154688532314652;1e-12;0,0334571211694772;0,0327121864471747;0,0327121864471747;0,036045149818583;0,0608704264797258;-0,0948655256999657;0,131733422312863;-0,0948655256999657;0,131733422312863;100;1;0,9;TRUE;0,72;0,8;FALSE;FALSE;0,72;0,28;0
"h_humidity_preg_None";"hs_bmi_c_cat";0,000154688532314652;1e-12;-0,0877121043754931;-0,093056822671893;-0,093056822671893;-0,0928609419556058;0,0681908223404954;-0,218734483491785;0,0425581224021833;-0,218734483491785;0,0425581224021833;100;1;0,9;TRUE;0,92;0,8;TRUE;TRUE;0,08;0,92;0
"h_pressure_preg_None";"hs_bmi_c_cat";0,000154688532314652;1e-12;0,0424020407767503;0,0414261842549253;0,0414261842549253;0,0423921667693593;0,0720206990984012;-0,101577878806741;0,183392393691366;-0,101577878806741;0,183392393691366;100;1;0,9;TRUE;0,73;0,8;FALSE;FALSE;0,73;0,27;0
"h_temperature_preg_None";"hs_bmi_c_cat";0,000154688532314652;1e-12;-0,0168617246019041;-0,00862327878246806;-0,00862327878246806;-0,0118890139973659;0,0721819902263257;-0,155745593360747;0,124042988727895;-0,155745593360747;0,124042988727895;100;1;0,9;TRUE;0,59;0,8;FALSE;FALSE;0,41;0,59;0
"h_ndvi100_preg_None";"hs_bmi_c_cat";0,000154688532314652;1e-12;-0,115292530102838;-0,110954836780732;-0,110954836780732;-0,111194609969285;0,0763402648123815;-0,257655276744241;0,0338148869548513;-0,257655276744241;0,0338148869548513;100;1;0,9;TRUE;0,95;0,8;TRUE;TRUE;0,05;0,95;0
"hs_dde_madj_Log2";"hs_bmi_c_cat";0,000154688532314652;1e-12;0,235713624197843;0,236819136062645;0,236819136062645;0,226302667228703;0,0743340126504946;0,109776501486523;0,380549365147532;0,109776501486523;0,380549365147532;100;1;0,9;TRUE;1;0,8;TRUE;TRUE;1;0;0
"hs_ddt_madj_Log2";"hs_bmi_c_cat";0,000154688532314652;1e-12;-0,0266304562106842;-0,0278715388680054;-0,0278715388680054;-0,0280783928784901;0,069922582874333;-0,15721577825687;0,0928706113150788;-0,15721577825687;0,0928706113150788;100;1;0,9;TRUE;0,67;0,8;FALSE;FALSE;0,33;0,67;0
"hs_hcb_madj_Log2";"hs_bmi_c_cat";0,000154688532314652;1e-12;-0,0529972415917647;-0,0433980188790153;-0,0433980188790153;-0,0400973043840054;0,0787439490425184;-0,172349494821732;0,094047414384976;-0,172349494821732;0,094047414384976;100;1;0,9;TRUE;0,68;0,8;FALSE;FALSE;0,32;0,68;0
"hs_pcb118_madj_Log2";"hs_bmi_c_cat";0,000154688532314652;1e-12;-0,0482147518580026;-0,0479120063256225;-0,0479120063256225;-0,0394014279128455;0,0868976023972003;-0,213134680772333;0,114858461415311;-0,213134680772333;0,114858461415311;100;1;0,9;TRUE;0,73;0,8;FALSE;FALSE;0,27;0,73;0
"hs_pcb138_madj_Log2";"hs_bmi_c_cat";0,000154688532314652;1e-12;-0,0135947306478389;0,000758163087961481;0,000758163087961481;-0,0123301542224041;0,0985728043683973;-0,154934424190261;0,182206263563793;-0,154934424190261;0,182206263563793;100;1;0,9;TRUE;0,55;0,8;FALSE;FALSE;0,45;0,55;0
"hs_pcb153_madj_Log2";"hs_bmi_c_cat";0,000154688532314652;1e-12;0,0935204519231069;0,0834802973920506;0,0834802973920506;0,0828685318884353;0,0715577059148219;-0,0652504655634372;0,214724261450049;-0,0652504655634372;0,214724261450049;100;1;0,9;TRUE;0,89;0,8;TRUE;TRUE;0,89;0,11;0
"hs_pcb170_madj_Log2";"hs_bmi_c_cat";0,000154688532314652;1e-12;-0,152603852331981;-0,151578199007376;-0,151578199007376;-0,150840381865439;0,0697550111622717;-0,276918177574568;-0,0265039551969423;-0,276918177574568;-0,0265039551969423;100;1;0,9;TRUE;0,99;0,8;TRUE;TRUE;0,01;0,99;0
"hs_pcb180_madj_Log2";"hs_bmi_c_cat";0,000154688532314652;1e-12;-0,022326218434681;-0,0161168172367202;-0,0161168172367202;-0,00818152901708455;0,068506677093919;-0,141155997496697;0,119957877735329;-0,141155997496697;0,119957877735329;100;1;0,9;TRUE;0,58;0,8;FALSE;FALSE;0,42;0,58;0
"hs_sumPCBs5_madj_Log2";"hs_bmi_c_cat";0,000154688532314652;1e-12;0,040984222634336;0,0349110526851792;0,0349110526851792;0,0356079944405984;0,0923971376327108;-0,116946030424684;0,221276613232133;-0,116946030424684;0,221276613232133;100;1;0,9;TRUE;0,65;0,8;FALSE;FALSE;0,65;0,35;0
"hs_pfhxs_m_Log2";"hs_bmi_c_cat";0,000154688532314652;1e-12;-0,121945734466455;-0,120467459826908;-0,120467459826908;-0,120663256889522;0,066445136872753;-0,259777606854608;-0,00265148787322385;-0,259777606854608;-0,00265148787322385;100;1;0,9;TRUE;0,97;0,8;TRUE;TRUE;0,03;0,97;0
"hs_pfna_m_Log2";"hs_bmi_c_cat";0,000154688532314652;1e-12;0,133662535154354;0,136477219694861;0,136477219694861;0,140734844033192;0,0768929110637677;-0,00668674456162453;0,278480404241084;-0,00668674456162453;0,278480404241084;100;1;0,9;TRUE;0,96;0,8;TRUE;TRUE;0,96;0,04;0
"hs_pfoa_m_Log2";"hs_bmi_c_cat";0,000154688532314652;1e-12;-0,00726919603256843;-0,00879140955486351;-0,00879140955486351;0,00127637794239377;0,0719260615071194;-0,131158890350509;0,128858635285077;-0,131158890350509;0,128858635285077;100;1;0,9;TRUE;0,48;0,8;FALSE;FALSE;0,52;0,48;0
"hs_pfos_m_Log2";"hs_bmi_c_cat";0,000154688532314652;1e-12;-0,0202617613724366;-0,0181344077624968;-0,0181344077624968;-0,0151215344730468;0,0739987196065015;-0,179219886130576;0,117722295476826;-0,179219886130576;0,117722295476826;100;1;0,9;TRUE;0,56;0,8;FALSE;FALSE;0,44;0,56;0
"hs_pfunda_m_Log2";"hs_bmi_c_cat";0,000154688532314652;1e-12;-0,00816924667090074;-0,00503239715976543;-0,00503239715976543;-0,00151168642618396;0,0778936312106751;-0,143515428285787;0,150564109392958;-0,143515428285787;0,150564109392958;100;1;0,9;TRUE;0,51;0,8;FALSE;FALSE;0,49;0,51;0
"e3_asmokcigd_p_None";"hs_bmi_c_cat";0,000154688532314652;1e-12;-0,0609597611035472;-0,0638688788957081;-0,0638688788957081;-0,0662917746951514;0,0580300538838511;-0,169796351457372;0,058213651237753;-0,169796351457372;0,058213651237753;100;1;0,9;TRUE;0,85;0,8;TRUE;TRUE;0,15;0,85;0
"h_distinvnear1_preg_Log";"hs_bmi_c_cat";0,000154688532314652;1e-12;0,0592895661465259;0,059671180448385;0,059671180448385;0,0547586308900299;0,0726312161919608;-0,0585060021163201;0,2051276407359;-0,0585060021163201;0,2051276407359;100;1;0,9;TRUE;0,77;0,8;FALSE;FALSE;0,77;0,23;0
"h_trafload_preg_pow1over3";"hs_bmi_c_cat";0,000154688532314652;1e-12;0,119789575900438;0,123846293765907;0,123846293765907;0,124583162955355;0,0686429929192845;-0,0192822818983747;0,267403947548054;-0,0192822818983747;0,267403947548054;100;1;0,9;TRUE;0,93;0,8;TRUE;TRUE;0,93;0,07;0
"h_trafnear_preg_pow1over3";"hs_bmi_c_cat";0,000154688532314652;1e-12;-0,00559111015858267;0,00444330538298051;0,00444330538298051;0,0117922741974747;0,0652959086350268;-0,126265447053151;0,136257357545038;-0,126265447053151;0,136257357545038;100;1;0,9;TRUE;0,44;0,8;FALSE;FALSE;0,56;0,44;0
"h_bro_preg_Log";"hs_bmi_c_cat";0,000154688532314652;1e-12;-0,0877179013620701;-0,0908694923768008;-0,0908694923768008;-0,0957460467010329;0,0575181556694691;-0,187831154567226;0,0208552468510593;-0,187831154567226;0,0208552468510593;100;1;0,9;TRUE;0,93;0,8;TRUE;TRUE;0,07;0,93;0
"h_clf_preg_Log";"hs_bmi_c_cat";0,000154688532314652;1e-12;-0,0822621245115454;-0,0893204035439137;-0,0893204035439137;-0,0864500535633931;0,0811452135650597;-0,25133525861186;0,0609947387519041;-0,25133525861186;0,0609947387519041;100;1;0,9;TRUE;0,89;0,8;TRUE;TRUE;0,11;0,89;0
"h_thm_preg_Log";"hs_bmi_c_cat";0,000154688532314652;1e-12;-0,111131906490953;-0,113382447899386;-0,113382447899386;-0,117866798274638;0,0710347677532543;-0,256755826075841;0,0348111121425902;-0,256755826075841;0,0348111121425902;100;1;0,9;TRUE;0,96;0,8;TRUE;TRUE;0,04;0,96;0
"e3_alcpreg_yn_None_1";"hs_bmi_c_cat";0,000154688532314652;1e-12;-0,0807241500969749;-0,0964688192924668;-0,0964688192924668;-0,0917631696120283;0,1340724253894;-0,335140562783483;0,167533722186046;-0,335140562783483;0,167533722186046;100;1;0,9;TRUE;0,77;0,8;FALSE;FALSE;0,23;0,77;0
"h_pamod_t3_None_Often";"hs_bmi_c_cat";0,000154688532314652;1e-12;-0,325386424002518;-0,337405017157554;-0,337405017157554;-0,340632919727999;0,110410542800162;-0,522373965580734;-0,136242668803899;-0,522373965580734;-0,136242668803899;100;1;0,9;TRUE;1;0,8;TRUE;TRUE;0;1;0
"h_pamod_t3_None_Sometimes";"hs_bmi_c_cat";0,000154688532314652;1e-12;-0,195851608903897;-0,196588011689657;-0,196588011689657;-0,216295038178708;0,182376032345732;-0,578655607401023;0,16386090223946;-0,578655607401023;0,16386090223946;100;1;0,9;TRUE;0,83;0,8;TRUE;TRUE;0,17;0,83;0
"h_pamod_t3_None_Very Often";"hs_bmi_c_cat";0,000154688532314652;1e-12;-0,0143394055946831;-0,016624869960348;-0,016624869960348;-0,02176911014438;0,114674060156142;-0,242265513153372;0,188108006200753;-0,242265513153372;0,188108006200753;100;1;0,9;TRUE;0,54;0,8;FALSE;FALSE;0,46;0,54;0
"h_pavig_t3_None_Low";"hs_bmi_c_cat";0,000154688532314652;1e-12;-0,303177867956023;-0,300613043001476;-0,300613043001476;-0,280167485074406;0,164937242957129;-0,678892126812329;-0,0218349612613114;-0,678892126812329;-0,0218349612613114;100;1;0,9;TRUE;0,98;0,8;TRUE;TRUE;0,02;0,98;0
"h_pavig_t3_None_Medium";"hs_bmi_c_cat";0,000154688532314652;1e-12;-0,303167555756457;-0,307556540036087;-0,307556540036087;-0,305688197773417;0,161588596412373;-0,60064700854039;-0,000983487441764391;-0,60064700854039;-0,000983487441764391;100;1;0,9;TRUE;0,97;0,8;TRUE;TRUE;0,03;0,97;0
"hs_no2_dy_hs_h_Log";"hs_bmi_c_cat";0,000154688532314652;1e-12;-0,130671540520147;-0,117701938928527;-0,117701938928527;-0,115333803222157;0,0802307519114304;-0,261496403599341;0,0505706439914711;-0,261496403599341;0,0505706439914711;100;1;0,9;TRUE;0,94;0,8;TRUE;TRUE;0,06;0,94;0
"hs_no2_wk_hs_h_Log";"hs_bmi_c_cat";0,000154688532314652;1e-12;0,0448437553628289;0,0469115307281971;0,0469115307281971;0,0503752301179247;0,05804978364979;-0,0608308098680913;0,144802830223594;-0,0608308098680913;0,144802830223594;100;1;0,9;TRUE;0,79;0,8;FALSE;FALSE;0,79;0,21;0
"hs_no2_yr_hs_h_Log";"hs_bmi_c_cat";0,000154688532314652;1e-12;0,0417462530125867;0,0313038736248789;0,0313038736248789;0,0243238124812429;0,0685637046518233;-0,1003914356873;0,16573655934184;-0,1003914356873;0,16573655934184;100;1;0,9;TRUE;0,66;0,8;FALSE;FALSE;0,66;0,34;0
"hs_pm10_dy_hs_h_None";"hs_bmi_c_cat";0,000154688532314652;1e-12;0,142912225422067;0,141700522835519;0,141700522835519;0,141453553153167;0,074662299326329;-0,0169459045519839;0,278951042364041;-0,0169459045519839;0,278951042364041;100;1;0,9;TRUE;0,96;0,8;TRUE;TRUE;0,96;0,04;0
"hs_pm10_wk_hs_h_None";"hs_bmi_c_cat";0,000154688532314652;1e-12;-0,110985660561632;-0,0920194746274085;-0,0920194746274085;-0,097402751863598;0,0579659817853879;-0,180197709246091;0,0394018076453785;-0,180197709246091;0,0394018076453785;100;1;0,9;TRUE;0,94;0,8;TRUE;TRUE;0,06;0,94;0
"hs_pm10_yr_hs_h_None";"hs_bmi_c_cat";0,000154688532314652;1e-12;-0,0360839803996891;-0,0323983141083776;-0,0323983141083776;-0,0360263091428524;0,0662219394878754;-0,15029297555491;0,0995589022800236;-0,15029297555491;0,0995589022800236;100;1;0,9;TRUE;0,71;0,8;FALSE;FALSE;0,29;0,71;0
"hs_pm25_dy_hs_h_None";"hs_bmi_c_cat";0,000154688532314652;1e-12;0,135379793533408;0,131320676561651;0,131320676561651;0,127939439377673;0,07177099464794;-0,0154619898072529;0,271837167042116;-0,0154619898072529;0,271837167042116;100;1;0,9;TRUE;0,96;0,8;TRUE;TRUE;0,96;0,04;0
"hs_pm25_wk_hs_h_None";"hs_bmi_c_cat";0,000154688532314652;1e-12;-0,0418320761021314;-0,0456930440641899;-0,0456930440641899;-0,0368001094547523;0,0716186385743486;-0,182276098331533;0,0940851321273672;-0,182276098331533;0,0940851321273672;100;1;0,9;TRUE;0,8;0,8;TRUE;TRUE;0,2;0,8;0
"hs_pm25_yr_hs_h_None";"hs_bmi_c_cat";0,000154688532314652;1e-12;-0,14598792763352;-0,145725549272691;-0,145725549272691;-0,144792286422568;0,0687282683736836;-0,286375206300211;-0,0259229598986059;-0,286375206300211;-0,0259229598986059;100;1;0,9;TRUE;0,99;0,8;TRUE;TRUE;0,01;0,99;0
"hs_pm25abs_dy_hs_h_Log";"hs_bmi_c_cat";0,000154688532314652;1e-12;-0,00280662489494193;-0,00520315164418069;-0,00520315164418069;-0,00518956548644346;0,0690375598187348;-0,120767446697078;0,134755357812645;-0,120767446697078;0,134755357812645;100;1;0,9;TRUE;0,53;0,8;FALSE;FALSE;0,47;0,53;0
"hs_pm25abs_wk_hs_h_Log";"hs_bmi_c_cat";0,000154688532314652;1e-12;0,0793933187949169;0,0862412377352815;0,0862412377352815;0,0945489810963423;0,0658323856375059;-0,0482787317935008;0,192447391043695;-0,0482787317935008;0,192447391043695;100;1;0,9;TRUE;0,85;0,8;TRUE;TRUE;0,85;0,15;0
"hs_pm25abs_yr_hs_h_Log";"hs_bmi_c_cat";0,000154688532314652;1e-12;0,0811056541899381;0,0769165818537963;0,0769165818537963;0,0832037963946987;0,0753263241881085;-0,0620364191462895;0,237905414562706;-0,0620364191462895;0,237905414562706;100;1;0,9;TRUE;0,83;0,8;TRUE;TRUE;0,83;0,17;0
"hs_accesslines300_h_dic0";"hs_bmi_c_cat";0,000154688532314652;1e-12;-0,0357037818311408;-0,0217190984329463;-0,0217190984329463;-0,0424305259097454;0,198372014894198;-0,35236239911955;0,34888112534536;-0,35236239911955;0,34888112534536;100;1;0,9;TRUE;0,59;0,8;FALSE;FALSE;0,41;0,59;0
"hs_accesspoints300_h_Log";"hs_bmi_c_cat";0,000154688532314652;1e-12;0,079022881192573;0,0742692296778741;0,0742692296778741;0,0829400596834618;0,0726907657945396;-0,0750457093271266;0,198810055615683;-0,0750457093271266;0,198810055615683;100;1;0,9;TRUE;0,85;0,8;TRUE;TRUE;0,85;0,15;0
"hs_builtdens300_h_Sqrt";"hs_bmi_c_cat";0,000154688532314652;1e-12;-0,0181003002770973;-0,017599689475069;-0,017599689475069;-0,0151449467764397;0,0763962299242632;-0,169720389274759;0,148515982107324;-0,169720389274759;0,148515982107324;100;1;0,9;TRUE;0,63;0,8;FALSE;FALSE;0,37;0,63;0
"hs_connind300_h_Log";"hs_bmi_c_cat";0,000154688532314652;1e-12;0,0471886332463326;0,0512142284559572;0,0512142284559572;0,0515396884382505;0,0767048638363615;-0,0969518468839103;0,180638904921225;-0,0969518468839103;0,180638904921225;100;1;0,9;TRUE;0,74;0,8;FALSE;FALSE;0,74;0,26;0
"hs_fdensity300_h_Log";"hs_bmi_c_cat";0,000154688532314652;1e-12;-0,0445646486816004;-0,0524613280832986;-0,0524613280832986;-0,052369370437463;0,0722299182897486;-0,178087277957746;0,0771781709038634;-0,178087277957746;0,0771781709038634;100;1;0,9;TRUE;0,77;0,8;FALSE;FALSE;0,23;0,77;0
"hs_landuseshan300_h_None";"hs_bmi_c_cat";0,000154688532314652;1e-12;-0,0709552458010945;-0,0677228721566924;-0,0677228721566924;-0,0791141917318645;0,072200781088873;-0,198900710284912;0,0724543097384526;-0,198900710284912;0,0724543097384526;100;1;0,9;TRUE;0,8;0,8;TRUE;TRUE;0,2;0,8;0
"hs_popdens_h_Sqrt";"hs_bmi_c_cat";0,000154688532314652;1e-12;0,0445877844237057;0,0511994874688772;0,0511994874688772;0,0507687575030364;0,0664191357087486;-0,0761613067933337;0,163886117146138;-0,0761613067933337;0,163886117146138;100;1;0,9;TRUE;0,76;0,8;FALSE;FALSE;0,76;0,24;0
"hs_walkability_mean_h_None";"hs_bmi_c_cat";0,000154688532314652;1e-12;0,0596943145956772;0,0551254300819332;0,0551254300819332;0,0591338714773127;0,0842679564409012;-0,124101342577564;0,210935274512138;-0,124101342577564;0,210935274512138;100;1;0,9;TRUE;0,76;0,8;FALSE;FALSE;0,76;0,24;0
"hs_accesslines300_s_dic0";"hs_bmi_c_cat";0,000154688532314652;1e-12;0,167617583283547;0,146647721773798;0,146647721773798;0,150691626016673;0,19066948303419;-0,307469629090158;0,548440099346548;-0,307469629090158;0,548440099346548;100;1;0,9;TRUE;0,8;0,8;TRUE;TRUE;0,8;0,2;0
"hs_accesspoints300_s_Log";"hs_bmi_c_cat";0,000154688532314652;1e-12;-0,171756431921066;-0,17758943162914;-0,17758943162914;-0,186869581851179;0,0791046980131145;-0,330523728224857;-0,0259107342678601;-0,330523728224857;-0,0259107342678601;100;1;0,9;TRUE;0,99;0,8;TRUE;TRUE;0,01;0,99;0
"hs_builtdens300_s_Sqrt";"hs_bmi_c_cat";0,000154688532314652;1e-12;0,0095168855906471;0,00663046233560501;0,00663046233560501;0,0185166640516801;0,0755523420596163;-0,144575570510775;0,133428768542744;-0,144575570510775;0,133428768542744;100;1;0,9;TRUE;0,57;0,8;FALSE;FALSE;0,57;0,43;0
"hs_connind300_s_Log";"hs_bmi_c_cat";0,000154688532314652;1e-12;-0,000332711506673554;0,0038451458173936;0,0038451458173936;-0,00265757085587081;0,0751800247461729;-0,114635951582803;0,160482111655301;-0,114635951582803;0,160482111655301;100;1;0,9;TRUE;0,52;0,8;FALSE;FALSE;0,48;0,52;0
"hs_fdensity300_s_Log";"hs_bmi_c_cat";0,000154688532314652;1e-12;-0,108457237033797;-0,105579739233212;-0,105579739233212;-0,106437213305468;0,0860643132321192;-0,256520462581029;0,0607831662311602;-0,256520462581029;0,0607831662311602;100;1;0,9;TRUE;0,88;0,8;TRUE;TRUE;0,12;0,88;0
"hs_landuseshan300_s_None";"hs_bmi_c_cat";0,000154688532314652;1e-12;-0,0768509335266803;-0,0842416029282351;-0,0842416029282351;-0,0898669508792523;0,0721274313929711;-0,193825303819377;0,039992859825953;-0,193825303819377;0,039992859825953;100;1;0,9;TRUE;0,87;0,8;TRUE;TRUE;0,13;0,87;0
"hs_popdens_s_Sqrt";"hs_bmi_c_cat";0,000154688532314652;1e-12;-0,0928589287928292;-0,0911018143758808;-0,0911018143758808;-0,103276359854303;0,067786908907273;-0,214332538152213;0,0244547057581233;-0,214332538152213;0,0244547057581233;100;1;0,9;TRUE;0,9;0,8;TRUE;TRUE;0,1;0,9;0
"h_Absorbance_Log";"hs_bmi_c_cat";0,000154688532314652;1e-12;-0,032922017671374;-0,0347224407288108;-0,0347224407288108;-0,0371705151666057;0,0720275680972;-0,17479732884165;0,0926441500374306;-0,17479732884165;0,0926441500374306;100;1;0,9;TRUE;0,64;0,8;FALSE;FALSE;0,36;0,64;0
"h_Benzene_Log";"hs_bmi_c_cat";0,000154688532314652;1e-12;0,0762284540665162;0,0764506629158076;0,0764506629158076;0,0708639693768299;0,0731720592968524;-0,0567092973755329;0,212036727524642;-0,0567092973755329;0,212036727524642;100;1;0,9;TRUE;0,87;0,8;TRUE;TRUE;0,87;0,13;0
"h_NO2_Log";"hs_bmi_c_cat";0,000154688532314652;1e-12;0,0661277054540893;0,0628889715994989;0,0628889715994989;0,0585569278402767;0,0769317671559394;-0,0719182056512418;0,219443015813031;-0,0719182056512418;0,219443015813031;100;1;0,9;TRUE;0,8;0,8;TRUE;TRUE;0,8;0,2;0
"h_PM_Log";"hs_bmi_c_cat";0,000154688532314652;1e-12;0,121912966382564;0,12092482863375;0,12092482863375;0,116117806630686;0,0646899726102879;0,00136584528561527;0,237680911679264;0,00136584528561527;0,237680911679264;100;1;0,9;TRUE;0,97;0,8;TRUE;TRUE;0,97;0,03;0
"h_TEX_Log";"hs_bmi_c_cat";0,000154688532314652;1e-12;0,00313753893639575;-0,00106179030155429;-0,00106179030155429;0,0014767883748421;0,0684681560171656;-0,122430123199507;0,137655639419045;-0,122430123199507;0,137655639419045;100;1;0,9;TRUE;0,51;0,8;FALSE;FALSE;0,51;0,49;0
"hs_KIDMED_None";"hs_bmi_c_cat";0,000154688532314652;1e-12;0,149737750443401;0,159465189899795;0,159465189899795;0,157954381867847;0,0727197618790283;0,0133501795292787;0,284896477718202;0,0133501795292787;0,284896477718202;100;1;0,9;TRUE;0,98;0,8;TRUE;TRUE;0,98;0,02;0
"hs_mvpa_prd_alt_None";"hs_bmi_c_cat";0,000154688532314652;1e-12;-0,119904163178023;-0,117092786868652;-0,117092786868652;-0,113563414234716;0,0751360372273571;-0,259383884626142;0,0192208991956888;-0,259383884626142;0,0192208991956888;100;1;0,9;TRUE;0,95;0,8;TRUE;TRUE;0,05;0,95;0
"hs_sd_wk_None";"hs_bmi_c_cat";0,000154688532314652;1e-12;0,00643130733763789;-0,00428650308252732;-0,00428650308252732;0,00333201550727087;0,0587943435229268;-0,121408281795433;0,0954975691927546;-0,121408281795433;0,0954975691927546;100;1;0,9;TRUE;0,52;0,8;FALSE;FALSE;0,52;0,48;0
"hs_dif_hours_total_None";"hs_bmi_c_cat";0,000154688532314652;1e-12;-0,122559769990184;-0,125473426600373;-0,125473426600373;-0,123739466840951;0,0719081837805632;-0,248213306351377;0,00749312999847554;-0,248213306351377;0,00749312999847554;100;1;0,9;TRUE;0,97;0,8;TRUE;TRUE;0,03;0,97;0
"hs_as_c_Log2";"hs_bmi_c_cat";0,000154688532314652;1e-12;0,088581679898972;0,0973495413448272;0,0973495413448272;0,0986034287422015;0,0712234587116881;-0,0280581922713027;0,247090829354752;-0,0280581922713027;0,247090829354752;100;1;0,9;TRUE;0,9;0,8;TRUE;TRUE;0,9;0,1;0
"hs_cd_c_Log2";"hs_bmi_c_cat";0,000154688532314652;1e-12;0,0626199610183712;0,0607252757624362;0,0607252757624362;0,0555427866507936;0,0675593904834197;-0,0696748389612254;0,175829964599522;-0,0696748389612254;0,175829964599522;100;1;0,9;TRUE;0,79;0,8;FALSE;FALSE;0,79;0,21;0
"hs_co_c_Log2";"hs_bmi_c_cat";0,000154688532314652;1e-12;-0,108911669409955;-0,112436098104182;-0,112436098104182;-0,113390621777951;0,0678573947826995;-0,238169966477839;0,000803762432013561;-0,238169966477839;0,000803762432013561;100;1;0,9;TRUE;0,97;0,8;TRUE;TRUE;0,03;0,97;0
"hs_cs_c_Log2";"hs_bmi_c_cat";0,000154688532314652;1e-12;0,282836186383729;0,291474114516521;0,291474114516521;0,292924288679024;0,0676453105721319;0,169286920084402;0,419816725458824;0,169286920084402;0,419816725458824;100;1;0,9;TRUE;1;0,8;TRUE;TRUE;1;0;0
"hs_cu_c_Log2";"hs_bmi_c_cat";0,000154688532314652;1e-12;0,26052778437807;0,269707718681275;0,269707718681275;0,266379829988038;0,0684700855567127;0,134102092709323;0,386189957279717;0,134102092709323;0,386189957279717;100;1;0,9;TRUE;1;0,8;TRUE;TRUE;1;0;0
"hs_hg_c_Log2";"hs_bmi_c_cat";0,000154688532314652;1e-12;-0,0279265826726512;-0,0316818124390092;-0,0316818124390092;-0,0342727035582718;0,0663560378805479;-0,179817826054392;0,0953640744518125;-0,179817826054392;0,0953640744518125;100;1;0,9;TRUE;0,69;0,8;FALSE;FALSE;0,31;0,69;0
"hs_mn_c_Log2";"hs_bmi_c_cat";0,000154688532314652;1e-12;-0,00552552027748749;-0,0115272314940897;-0,0115272314940897;-0,011030632157512;0,056324178494571;-0,123317694981945;0,09377000123843;-0,123317694981945;0,09377000123843;100;1;0,9;TRUE;0,62;0,8;FALSE;FALSE;0,38;0,62;0
"hs_mo_c_Log2";"hs_bmi_c_cat";0,000154688532314652;1e-12;-0,0422132003958935;-0,0458465896845911;-0,0458465896845911;-0,0451327053910733;0,0607136337572504;-0,173913757093415;0,0746560010564944;-0,173913757093415;0,0746560010564944;100;1;0,9;TRUE;0,8;0,8;TRUE;TRUE;0,2;0,8;0
"hs_pb_c_Log2";"hs_bmi_c_cat";0,000154688532314652;1e-12;-0,0949741327964204;-0,0944346322664364;-0,0944346322664364;-0,0948384054436326;0,0631070688223713;-0,202221722128359;0,0158024956585939;-0,202221722128359;0,0158024956585939;100;1;0,9;TRUE;0,96;0,8;TRUE;TRUE;0,04;0,96;0
"hs_hum_mt_hs_h_None";"hs_bmi_c_cat";0,000154688532314652;1e-12;0,327659098976462;0,323883841473153;0,323883841473153;0,326261109491654;0,075880124604388;0,196251347388503;0,455036276886088;0,196251347388503;0,455036276886088;100;1;0,9;TRUE;1;0,8;TRUE;TRUE;1;0;0
"hs_tm_mt_hs_h_None";"hs_bmi_c_cat";0,000154688532314652;1e-12;0,0739927785992675;0,0731200924772552;0,0731200924772552;0,0810983856516766;0,0592631910544831;-0,0500179219807861;0,187303488388663;-0,0500179219807861;0,187303488388663;100;1;0,9;TRUE;0,88;0,8;TRUE;TRUE;0,88;0,12;0
"hs_uvdvf_mt_hs_h_None";"hs_bmi_c_cat";0,000154688532314652;1e-12;0,0901168911798152;0,0830031213753244;0,0830031213753244;0,0804195943257782;0,0558310242678971;-0,018269612905141;0,185600951063887;-0,018269612905141;0,185600951063887;100;1;0,9;TRUE;0,92;0,8;TRUE;TRUE;0,92;0,08;0
"hs_hum_dy_hs_h_None";"hs_bmi_c_cat";0,000154688532314652;1e-12;0,101020442563513;0,112924226592999;0,112924226592999;0,117645371509845;0,0723342984521453;-0,0212230012649059;0,245635336837478;-0,0212230012649059;0,245635336837478;100;1;0,9;TRUE;0,91;0,8;TRUE;TRUE;0,91;0,09;0
"hs_hum_wk_hs_h_None";"hs_bmi_c_cat";0,000154688532314652;1e-12;0,130175966163979;0,136216161444024;0,136216161444024;0,143381487799655;0,0732685396628578;-0,00521826777350741;0,255195145003446;-0,00521826777350741;0,255195145003446;100;1;0,9;TRUE;0,96;0,8;TRUE;TRUE;0,96;0,04;0
"hs_tm_dy_hs_h_None";"hs_bmi_c_cat";0,000154688532314652;1e-12;-0,101954515025926;-0,0938561222293931;-0,0938561222293931;-0,0953873178960437;0,0739399340904831;-0,228142845782769;0,0506753463272165;-0,228142845782769;0,0506753463272165;100;1;0,9;TRUE;0,87;0,8;TRUE;TRUE;0,13;0,87;0
"hs_tm_wk_hs_h_None";"hs_bmi_c_cat";0,000154688532314652;1e-12;0,0579122695880421;0,0525607668414571;0,0525607668414571;0,0555643000318883;0,062191697054371;-0,0725346670722841;0,180754967332071;-0,0725346670722841;0,180754967332071;100;1;0,9;TRUE;0,8;0,8;TRUE;TRUE;0,8;0,2;0
"hs_uvdvf_dy_hs_h_None";"hs_bmi_c_cat";0,000154688532314652;1e-12;-0,0388552522781595;-0,0357228537387664;-0,0357228537387664;-0,0428983398238843;0,0574361999224514;-0,129503690456014;0,103835077002815;-0,129503690456014;0,103835077002815;100;1;0,9;TRUE;0,76;0,8;FALSE;FALSE;0,24;0,76;0
"hs_uvdvf_wk_hs_h_None";"hs_bmi_c_cat";0,000154688532314652;1e-12;-0,0172903831476078;-0,0170437049221351;-0,0170437049221351;-0,0195385405205515;0,059641732922684;-0,131849980740528;0,0983297186182159;-0,131849980740528;0,0983297186182159;100;1;0,9;TRUE;0,63;0,8;FALSE;FALSE;0,37;0,63;0
"hs_ndvi100_h_None";"hs_bmi_c_cat";0,000154688532314652;1e-12;-0,0172599726172071;-0,0167760529079596;-0,0167760529079596;-0,0139326889565389;0,064035998076825;-0,13805891371878;0,0971426816789804;-0,13805891371878;0,0971426816789804;100;1;0,9;TRUE;0,6;0,8;FALSE;FALSE;0,4;0,6;0
"hs_ndvi100_s_None";"hs_bmi_c_cat";0,000154688532314652;1e-12;-0,0998985043480211;-0,0917796816490108;-0,0917796816490108;-0,0913285027316013;0,0817876754075971;-0,250429163261964;0,0442625174909468;-0,250429163261964;0,0442625174909468;100;1;0,9;TRUE;0,85;0,8;TRUE;TRUE;0,15;0,85;0
"hs_dde_cadj_Log2";"hs_bmi_c_cat";0,000154688532314652;1e-12;-0,254966645618914;-0,247830544756405;-0,247830544756405;-0,249036299138009;0,08167601937383;-0,411635442731154;-0,0797282932938253;-0,411635442731154;-0,0797282932938253;100;1;0,9;TRUE;1;0,8;TRUE;TRUE;0;1;0
"hs_ddt_cadj_Log2";"hs_bmi_c_cat";0,000154688532314652;1e-12;0,0355616211701235;0,0345381853444754;0,0345381853444754;0,0283518620918661;0,076388113014438;-0,0867002985894277;0,210212873347245;-0,0867002985894277;0,210212873347245;100;1;0,9;TRUE;0,71;0,8;FALSE;FALSE;0,71;0,29;0
"hs_hcb_cadj_Log2";"hs_bmi_c_cat";0,000154688532314652;1e-12;-0,321882261453306;-0,440812451068902;-0,440812451068902;-0,320125625639599;0,283401195752257;-0,941455809916987;-0,112150316503793;-0,941455809916987;-0,112150316503793;100;1;0,9;TRUE;1;0,8;TRUE;TRUE;0;1;0
"hs_pcb118_cadj_Log2";"hs_bmi_c_cat";0,000154688532314652;1e-12;0,00114109538244449;-0,00419708208833596;-0,00419708208833596;0,000995530729027228;0,0685417223401335;-0,127873679599292;0,1192525727749;-0,127873679599292;0,1192525727749;100;1;0,9;TRUE;0,5;0,8;FALSE;FALSE;0,5;0,5;0
"hs_pcb138_cadj_Log2";"hs_bmi_c_cat";0,000154688532314652;1e-12;0,0424046703468776;0,0322017358205244;0,0322017358205244;0,0392324249822128;0,0731792889033281;-0,0970297124610839;0,162851243738411;-0,0970297124610839;0,162851243738411;100;1;0,9;TRUE;0,72;0,8;FALSE;FALSE;0,72;0,28;0
"hs_pcb153_cadj_Log2";"hs_bmi_c_cat";0,000154688532314652;1e-12;-0,15239687040084;-0,144327653491895;-0,144327653491895;-0,134709592221163;0,0780263338546783;-0,281593986199522;-0,00162082415480578;-0,281593986199522;-0,00162082415480578;100;1;0,9;TRUE;0,97;0,8;TRUE;TRUE;0,03;0,97;0
"hs_pcb170_cadj_Log2";"hs_bmi_c_cat";0,000154688532314652;1e-12;-0,222691091431219;-0,223954823915167;-0,223954823915167;-0,221793037657105;0,0705734894431499;-0,353902931425626;-0,0827088464634317;-0,353902931425626;-0,0827088464634317;100;1;0,9;TRUE;1;0,8;TRUE;TRUE;0;1;0
"hs_pcb180_cadj_Log2";"hs_bmi_c_cat";0,000154688532314652;1e-12;-0,116010680509235;-0,128006288496682;-0,128006288496682;-0,129607827448657;0,0771018282100392;-0,271223063103251;-0,00757610209336529;-0,271223063103251;-0,00757610209336529;100;1;0,9;TRUE;0,99;0,8;TRUE;TRUE;0,01;0,99;0
"hs_sumPCBs5_cadj_Log2";"hs_bmi_c_cat";0,000154688532314652;1e-12;-0,243946935651177;-0,223479108304384;-0,223479108304384;-0,225794699580878;0,0729249062070819;-0,338935780998487;-0,0861328041872154;-0,338935780998487;-0,0861328041872154;100;1;0,9;TRUE;1;0,8;TRUE;TRUE;0;1;0
"hs_pfhxs_c_Log2";"hs_bmi_c_cat";0,000154688532314652;1e-12;-0,00387515827535448;0,00103342065786178;0,00103342065786178;0,00489717779437298;0,0767982870673799;-0,14136884735982;0,160193626166242;-0,14136884735982;0,160193626166242;100;1;0,9;TRUE;0,47;0,8;FALSE;FALSE;0,53;0,47;0
"hs_pfna_c_Log2";"hs_bmi_c_cat";0,000154688532314652;1e-12;0,0294031020567795;0,0322396917305694;0,0322396917305694;0,0343342648921473;0,0764255350298134;-0,101388712824268;0,170181961788555;-0,101388712824268;0,170181961788555;100;1;0,9;TRUE;0,65;0,8;FALSE;FALSE;0,65;0,35;0
"hs_pfoa_c_Log2";"hs_bmi_c_cat";0,000154688532314652;1e-12;-0,00531288355701444;-0,00756604768017934;-0,00756604768017934;-0,00364762489244396;0,0731962979066637;-0,173046423204127;0,119180982830974;-0,173046423204127;0,119180982830974;100;1;0,9;TRUE;0,54;0,8;FALSE;FALSE;0,46;0,54;0
"hs_pfos_c_Log2";"hs_bmi_c_cat";0,000154688532314652;1e-12;-0,0676934089758362;-0,0622697842954669;-0,0622697842954669;-0,0630806047134803;0,0719629681554275;-0,196793635914304;0,0678025704598221;-0,196793635914304;0,0678025704598221;100;1;0,9;TRUE;0,84;0,8;TRUE;TRUE;0,16;0,84;0
"hs_pfunda_c_Log2";"hs_bmi_c_cat";0,000154688532314652;1e-12;-0,07036470001931;-0,0761491409072865;-0,0761491409072865;-0,0756776508614807;0,0638474858872378;-0,199427408701873;0,0489018901121351;-0,199427408701873;0,0489018901121351;100;1;0,9;TRUE;0,89;0,8;TRUE;TRUE;0,11;0,89;0
"hs_hm_pers_None";"hs_bmi_c_cat";0,000154688532314652;1e-12;-0,00229764246834094;-0,000144230808840982;-0,000144230808840982;-0,00300054519340306;0,0677932647736864;-0,125825191377493;0,12613856349993;-0,125825191377493;0,12613856349993;100;1;0,9;TRUE;0,51;0,8;FALSE;FALSE;0,49;0,51;0
"hs_trafload_h_pow1over3";"hs_bmi_c_cat";0,000154688532314652;1e-12;-0,035140736292781;-0,0379657953513542;-0,0379657953513542;-0,036401872921482;0,0661671474015039;-0,166266978239094;0,0861579331317582;-0,166266978239094;0,0861579331317582;100;1;0,9;TRUE;0,72;0,8;FALSE;FALSE;0,28;0,72;0
"hs_trafnear_h_pow1over3";"hs_bmi_c_cat";0,000154688532314652;1e-12;0,0335352418241377;0,0339815860874559;0,0339815860874559;0,0368465810723487;0,0737982598074357;-0,0851649127811524;0,165906366942899;-0,0851649127811524;0,165906366942899;100;1;0,9;TRUE;0,65;0,8;FALSE;FALSE;0,65;0,35;0
"FAS_cat_None_Low";"hs_bmi_c_cat";0,000154688532314652;1e-12;-0,600797749321154;-0,615139444627218;-0,615139444627218;-0,631512956578991;0,191164493299857;-0,939341385845198;-0,19578410198553;-0,939341385845198;-0,19578410198553;100;1;0,9;TRUE;1;0,8;TRUE;TRUE;0;1;0
"FAS_cat_None_Middle";"hs_bmi_c_cat";0,000154688532314652;1e-12;-0,21623869057684;-0,229113037889822;-0,229113037889822;-0,226186300479522;0,141667784326904;-0,505606134329702;0,0189286228849045;-0,505606134329702;0,0189286228849045;100;1;0,9;TRUE;0,95;0,8;TRUE;TRUE;0,05;0,95;0
"hs_globalexp2_None_no exposure";"hs_bmi_c_cat";0,000154688532314652;1e-12;-0,144247079715701;-0,152473489897857;-0,152473489897857;-0,162052418904881;0,145718199376849;-0,409771457054063;0,111655822050508;-0,409771457054063;0,111655822050508;100;1;0,9;TRUE;0,84;0,8;TRUE;TRUE;0,16;0,84;0
