"exposure";"outcome";"lambda";"selection_tol";"beta_original";"beta_boot_mean_all";"beta_boot_mean_selected";"beta_boot_median_selected";"beta_boot_sd_all";"beta_boot_q025_all";"beta_boot_q975_all";"beta_boot_q025_selected";"beta_boot_q975_selected";"n_selected";"sel_prob";"sel_prob_threshold";"passes_sel_prob";"sign_consistency";"sign_consistency_threshold";"passes_sign_consistency";"passes_stability_filter";"prop_positive";"prop_negative";"prop_zero"
"hs_no2_dy_hs_h_Log";"e3_bw";9,58594405990971e-05;1e-12;0,0141300748576271;0,0144278999673806;0,0144278999673806;0,0140616026251264;0,00431731762161368;0,00729821123517332;0,0226954049417633;0,00729821123517332;0,0226954049417633;100;1;0,9;TRUE;1;0,8;TRUE;TRUE;1;0;0
"hs_no2_wk_hs_h_Log";"e3_bw";9,58594405990971e-05;1e-12;0,00900150472237193;0,0103267873401087;0,0103267873401087;0,0100495272287386;0,00518964693904524;8,38337285454803e-05;0,0195579106969263;8,38337285454803e-05;0,0195579106969263;100;1;0,9;TRUE;0,97;0,8;TRUE;TRUE;0,97;0,03;0
"hs_no2_yr_hs_h_Log";"e3_bw";9,58594405990971e-05;1e-12;0,0282765759874706;0,0294640765350561;0,0294640765350561;0,0288436107251783;0,00510218164561134;0,0210957552238366;0,0403343693775566;0,0210957552238366;0,0403343693775566;100;1;0,9;TRUE;1;0,8;TRUE;TRUE;1;0;0
"hs_pm10_dy_hs_h_None";"e3_bw";9,58594405990971e-05;1e-12;-0,00769886312402396;-0,00744150494595507;-0,00744150494595507;-0,00743222537263991;0,00444594605594702;-0,0175573703178697;0,000752588114191823;-0,0175573703178697;0,000752588114191823;100;1;0,9;TRUE;0,96;0,8;TRUE;TRUE;0,04;0,96;0
"hs_pm10_wk_hs_h_None";"e3_bw";9,58594405990971e-05;1e-12;-0,00678414797051633;-0,00747112777029702;-0,00747112777029702;-0,00743243096149367;0,0045956174478051;-0,0173456215719997;0,000470548824491766;-0,0173456215719997;0,000470548824491766;100;1;0,9;TRUE;0,97;0,8;TRUE;TRUE;0,03;0,97;0
"hs_pm10_yr_hs_h_None";"e3_bw";9,58594405990971e-05;1e-12;-0,00929469034194007;-0,00954223754531365;-0,00954223754531365;-0,0101263320371616;0,0058776983238825;-0,0220038056863232;0,00127616399689054;-0,0220038056863232;0,00127616399689054;100;1;0,9;TRUE;0,94;0,8;TRUE;TRUE;0,06;0,94;0
"hs_pm25_dy_hs_h_None";"e3_bw";9,58594405990971e-05;1e-12;0,00660193701408962;0,0065012066680066;0,0065012066680066;0,00655266451536313;0,00488265125023574;-0,00411760549786869;0,0158915135919589;-0,00411760549786869;0,0158915135919589;100;1;0,9;TRUE;0,91;0,8;TRUE;TRUE;0,91;0,09;0
"hs_pm25_wk_hs_h_None";"e3_bw";9,58594405990971e-05;1e-12;-0,00945664110288991;-0,0102047116876875;-0,0102047116876875;-0,00914990600926339;0,00508674406615087;-0,0202186798752665;-0,0023772783752364;-0,0202186798752665;-0,0023772783752364;100;1;0,9;TRUE;1;0,8;TRUE;TRUE;0;1;0
"hs_pm25_yr_hs_h_None";"e3_bw";9,58594405990971e-05;1e-12;0,0243406269584359;0,0255992354892245;0,0255992354892245;0,0247567483284731;0,00760796204632026;0,0140718530112695;0,0413054751526061;0,0140718530112695;0,0413054751526061;100;1;0,9;TRUE;1;0,8;TRUE;TRUE;1;0;0
"hs_pm25abs_dy_hs_h_Log";"e3_bw";9,58594405990971e-05;1e-12;-0,00291509543441369;-0,00330146139574129;-0,00330146139574129;-0,00320029231049962;0,0038065052856387;-0,0100026817419378;0,00302821272650257;-0,0100026817419378;0,00302821272650257;100;1;0,9;TRUE;0,79;0,8;FALSE;FALSE;0,21;0,79;0
"hs_pm25abs_wk_hs_h_Log";"e3_bw";9,58594405990971e-05;1e-12;-0,0131093434083008;-0,0132442028187275;-0,0132442028187275;-0,0130812806088767;0,00404951482309582;-0,0201229301918906;-0,0055272844612037;-0,0201229301918906;-0,0055272844612037;100;1;0,9;TRUE;1;0,8;TRUE;TRUE;0;1;0
"hs_pm25abs_yr_hs_h_Log";"e3_bw";9,58594405990971e-05;1e-12;-0,00901132516330225;-0,00919330431024296;-0,00919330431024296;-0,00920736584828419;0,00451200643033371;-0,018679872299552;-0,00062726901288052;-0,018679872299552;-0,00062726901288052;100;1;0,9;TRUE;0,98;0,8;TRUE;TRUE;0,02;0,98;0
"hs_accesslines300_h_dic0";"e3_bw";9,58594405990971e-05;1e-12;-0,010398053101796;-0,00970973982075241;-0,00970973982075241;-0,00891954623715838;0,0136484026092482;-0,0327657800590849;0,0141764287345173;-0,0327657800590849;0,0141764287345173;100;1;0,9;TRUE;0,78;0,8;FALSE;FALSE;0,22;0,78;0
"hs_accesspoints300_h_Log";"e3_bw";9,58594405990971e-05;1e-12;0,0044492708615682;0,00466778156422024;0,00466778156422024;0,00378565556288758;0,00449461673724973;-0,00201798260223572;0,0135790748450247;-0,00201798260223572;0,0135790748450247;100;1;0,9;TRUE;0,85;0,8;TRUE;TRUE;0,85;0,15;0
"hs_builtdens300_h_Sqrt";"e3_bw";9,58594405990971e-05;1e-12;-0,00491315511242709;-0,00553546260686731;-0,00553546260686731;-0,00582097977113996;0,00458222576913195;-0,0147573222534808;0,00339855709565971;-0,0147573222534808;0,00339855709565971;100;1;0,9;TRUE;0,87;0,8;TRUE;TRUE;0,13;0,87;0
"hs_connind300_h_Log";"e3_bw";9,58594405990971e-05;1e-12;0,00395939502857106;0,0041593083771146;0,0041593083771146;0,00426925332480239;0,00425418145775027;-0,00430290683991937;0,0117960860033535;-0,00430290683991937;0,0117960860033535;100;1;0,9;TRUE;0,83;0,8;TRUE;TRUE;0,83;0,17;0
"hs_fdensity300_h_Log";"e3_bw";9,58594405990971e-05;1e-12;0,0150517828426197;0,0155471330670679;0,0155471330670679;0,0156604975240304;0,00517383757543015;0,00447363278329968;0,0255826382949624;0,00447363278329968;0,0255826382949624;100;1;0,9;TRUE;1;0,8;TRUE;TRUE;1;0;0
"hs_landuseshan300_h_None";"e3_bw";9,58594405990971e-05;1e-12;0,00388389951427802;0,00429421105093462;0,00429421105093462;0,00429194197732828;0,003927207718013;-0,00320612261543651;0,0116880297461068;-0,00320612261543651;0,0116880297461068;100;1;0,9;TRUE;0,87;0,8;TRUE;TRUE;0,87;0,13;0
"hs_popdens_h_Sqrt";"e3_bw";9,58594405990971e-05;1e-12;-0,0106662394723488;-0,0105217352580452;-0,0105217352580452;-0,0108782576274137;0,0038308442262207;-0,0173000344670056;-0,00270814718390896;-0,0173000344670056;-0,00270814718390896;100;1;0,9;TRUE;0,99;0,8;TRUE;TRUE;0,01;0,99;0
"hs_walkability_mean_h_None";"e3_bw";9,58594405990971e-05;1e-12;-0,0052284583793844;-0,00536249780722765;-0,00536249780722765;-0,00530382499487615;0,00415899685511745;-0,0136358238334353;0,00178054655587907;-0,0136358238334353;0,00178054655587907;100;1;0,9;TRUE;0,91;0,8;TRUE;TRUE;0,09;0,91;0
"hs_accesslines300_s_dic0";"e3_bw";9,58594405990971e-05;1e-12;0,014689631495229;0,0150390878573822;0,0150390878573822;0,0154503629581385;0,015529070173365;-0,0155925724614638;0,040154515337007;-0,0155925724614638;0,040154515337007;100;1;0,9;TRUE;0,86;0,8;TRUE;TRUE;0,86;0,14;0
"hs_accesspoints300_s_Log";"e3_bw";9,58594405990971e-05;1e-12;0,0111981390239803;0,011082037471367;0,011082037471367;0,0110674381944451;0,00413456415798556;0,00366666829556536;0,0187826103002798;0,00366666829556536;0,0187826103002798;100;1;0,9;TRUE;0,99;0,8;TRUE;TRUE;0,99;0,01;0
"hs_builtdens300_s_Sqrt";"e3_bw";9,58594405990971e-05;1e-12;-0,00928536308117178;-0,00999870577050187;-0,00999870577050187;-0,0102696198052589;0,00416310142352799;-0,0185265289548514;-0,00320050491533246;-0,0185265289548514;-0,00320050491533246;100;1;0,9;TRUE;1;0,8;TRUE;TRUE;0;1;0
"hs_connind300_s_Log";"e3_bw";9,58594405990971e-05;1e-12;0,00639289196687366;0,00624008139544079;0,00624008139544079;0,0060261280412919;0,00377283591729617;-0,000475547105479743;0,014223980999;-0,000475547105479743;0,014223980999;100;1;0,9;TRUE;0,95;0,8;TRUE;TRUE;0,95;0,05;0
"hs_fdensity300_s_Log";"e3_bw";9,58594405990971e-05;1e-12;0,0175726346238047;0,0177381473501903;0,0177381473501903;0,0177403245025991;0,00400158134525206;0,0107117369120371;0,0237937437641016;0,0107117369120371;0,0237937437641016;100;1;0,9;TRUE;1;0,8;TRUE;TRUE;1;0;0
"hs_landuseshan300_s_None";"e3_bw";9,58594405990971e-05;1e-12;0,00599024460560265;0,00600574462815409;0,00600574462815409;0,00624656681189958;0,0034482227146417;-0,00101122537924239;0,0121695360199863;-0,00101122537924239;0,0121695360199863;100;1;0,9;TRUE;0,94;0,8;TRUE;TRUE;0,94;0,06;0
"hs_popdens_s_Sqrt";"e3_bw";9,58594405990971e-05;1e-12;-0,00345727557283864;-0,00397773231358882;-0,00397773231358882;-0,00372586165223455;0,00365041132286162;-0,0122275410301343;0,00237790483080889;-0,0122275410301343;0,00237790483080889;100;1;0,9;TRUE;0,88;0,8;TRUE;TRUE;0,12;0,88;0
"h_Absorbance_Log";"e3_bw";9,58594405990971e-05;1e-12;0,000428277091873725;0,000244589520385224;0,000244589520385224;0,000430812932873214;0,00391741883413273;-0,0073603848047395;0,00695708757532112;-0,0073603848047395;0,00695708757532112;100;1;0,9;TRUE;0,54;0,8;FALSE;FALSE;0,54;0,46;0
"h_Benzene_Log";"e3_bw";9,58594405990971e-05;1e-12;-0,00127663752894734;-0,00158846299065582;-0,00158846299065582;-0,00107412063509103;0,00345112688517219;-0,00802781775673498;0,00521273575519975;-0,00802781775673498;0,00521273575519975;100;1;0,9;TRUE;0,68;0,8;FALSE;FALSE;0,32;0,68;0
"h_NO2_Log";"e3_bw";9,58594405990971e-05;1e-12;0,0109196775260167;0,0115641812785772;0,0115641812785772;0,0115719544161755;0,00401563919087693;0,00303343487565434;0,0182904540513846;0,00303343487565434;0,0182904540513846;100;1;0,9;TRUE;1;0,8;TRUE;TRUE;1;0;0
"h_PM_Log";"e3_bw";9,58594405990971e-05;1e-12;0,00465632322114739;0,00535267244725899;0,00535267244725899;0,0050458976598011;0,00358779177863996;-0,000403321546276503;0,0125538980165023;-0,000403321546276503;0,0125538980165023;100;1;0,9;TRUE;0,94;0,8;TRUE;TRUE;0,94;0,06;0
"h_TEX_Log";"e3_bw";9,58594405990971e-05;1e-12;-0,00511448915018609;-0,00485600770915424;-0,00485600770915424;-0,00485219380312356;0,00392983507642269;-0,0127919702647767;0,00209845093588626;-0,0127919702647767;0,00209845093588626;100;1;0,9;TRUE;0,91;0,8;TRUE;TRUE;0,09;0,91;0
"hs_KIDMED_None";"e3_bw";9,58594405990971e-05;1e-12;-0,000879687243599956;-0,00021473172115957;-0,00021473172115957;-0,000164489135495609;0,00370611164849595;-0,00744835038249233;0,0069590880271989;-0,00744835038249233;0,0069590880271989;100;1;0,9;TRUE;0,51;0,8;FALSE;FALSE;0,49;0,51;0
"hs_mvpa_prd_alt_None";"e3_bw";9,58594405990971e-05;1e-12;-0,00366603725683913;-0,00410534663636248;-0,00410534663636248;-0,00402471132019947;0,00368712252060343;-0,0122223888558424;0,00260410402335615;-0,0122223888558424;0,00260410402335615;100;1;0,9;TRUE;0,86;0,8;TRUE;TRUE;0,14;0,86;0
"hs_sd_wk_None";"e3_bw";9,58594405990971e-05;1e-12;0,0023904690440162;0,00181159631212643;0,00181159631212643;0,00180871957554533;0,00327186069977813;-0,00406642915224609;0,00706786685994004;-0,00406642915224609;0,00706786685994004;100;1;0,9;TRUE;0,7;0,8;FALSE;FALSE;0,7;0,3;0
"hs_dif_hours_total_None";"e3_bw";9,58594405990971e-05;1e-12;0,00398113251370784;0,00398688012321194;0,00398688012321194;0,0042036706306368;0,00343010223259535;-0,00244586422688962;0,0094658677517843;-0,00244586422688962;0,0094658677517843;100;1;0,9;TRUE;0,85;0,8;TRUE;TRUE;0,85;0,15;0
"hs_as_c_Log2";"e3_bw";9,58594405990971e-05;1e-12;-0,000382624980016542;-0,00057021061456267;-0,00057021061456267;-0,0008001787819873;0,00339349760998083;-0,00697860085877032;0,00575131746127674;-0,00697860085877032;0,00575131746127674;100;1;0,9;TRUE;0,56;0,8;FALSE;FALSE;0,44;0,56;0
"hs_cd_c_Log2";"e3_bw";9,58594405990971e-05;1e-12;-0,00161341289671288;-0,00154775266738628;-0,00154775266738628;-0,00120630618883354;0,00297166445285937;-0,00871298374354372;0,00342185782611706;-0,00871298374354372;0,00342185782611706;100;1;0,9;TRUE;0,7;0,8;FALSE;FALSE;0,3;0,7;0
"hs_co_c_Log2";"e3_bw";9,58594405990971e-05;1e-12;0,00159946927434503;0,00178169818532938;0,00178169818532938;0,00175169166218393;0,00313365774362157;-0,00430257147853568;0,00784577116158877;-0,00430257147853568;0,00784577116158877;100;1;0,9;TRUE;0,71;0,8;FALSE;FALSE;0,71;0,29;0
"hs_cs_c_Log2";"e3_bw";9,58594405990971e-05;1e-12;-0,00432495966913458;-0,00426968025703211;-0,00426968025703211;-0,00406994235159375;0,00393820743605281;-0,0126837540718141;0,0029174185215104;-0,0126837540718141;0,0029174185215104;100;1;0,9;TRUE;0,86;0,8;TRUE;TRUE;0,14;0,86;0
"hs_cu_c_Log2";"e3_bw";9,58594405990971e-05;1e-12;-0,0035255667210397;-0,00316659895371149;-0,00316659895371149;-0,00320170193423246;0,00338321801182664;-0,0110742157654524;0,00264804457643646;-0,0110742157654524;0,00264804457643646;100;1;0,9;TRUE;0,83;0,8;TRUE;TRUE;0,17;0,83;0
"hs_hg_c_Log2";"e3_bw";9,58594405990971e-05;1e-12;-0,00648908534138122;-0,0062040126027357;-0,0062040126027357;-0,00608157151356696;0,00384662271726835;-0,0126656675486157;0,000552781762003846;-0,0126656675486157;0,000552781762003846;100;1;0,9;TRUE;0,97;0,8;TRUE;TRUE;0,03;0,97;0
"hs_mn_c_Log2";"e3_bw";9,58594405990971e-05;1e-12;-0,00397493426493826;-0,00395532941012891;-0,00395532941012891;-0,00365292184869658;0,00286105317068573;-0,00983689873142087;0,000423727502504366;-0,00983689873142087;0,000423727502504366;100;1;0,9;TRUE;0,9;0,8;TRUE;TRUE;0,1;0,9;0
"hs_mo_c_Log2";"e3_bw";9,58594405990971e-05;1e-12;-0,00298979180570811;-0,00365072371948199;-0,00365072371948199;-0,00366513233985576;0,00255280979073333;-0,00925676626218092;0,000735962897891464;-0,00925676626218092;0,000735962897891464;100;1;0,9;TRUE;0,92;0,8;TRUE;TRUE;0,08;0,92;0
"hs_pb_c_Log2";"e3_bw";9,58594405990971e-05;1e-12;-6,01060455153648e-05;-0,000326323833167192;-0,000326323833167192;-0,000274081969720483;0,00284880794889128;-0,00558730095765256;0,00495274426998414;-0,00558730095765256;0,00495274426998414;100;1;0,9;TRUE;0,55;0,8;FALSE;FALSE;0,45;0,55;0
"hs_hum_mt_hs_h_None";"e3_bw";9,58594405990971e-05;1e-12;-0,031500413214944;-0,0315586743758366;-0,0315586743758366;-0,0319704205472841;0,00423391246783624;-0,0397069940334535;-0,0231040171503429;-0,0397069940334535;-0,0231040171503429;100;1;0,9;TRUE;1;0,8;TRUE;TRUE;0;1;0
"hs_tm_mt_hs_h_None";"e3_bw";9,58594405990971e-05;1e-12;0,00412174108517603;0,00405761845865229;0,00405761845865229;0,00372237193114415;0,00507794606754232;-0,00613085140332929;0,0139364438080888;-0,00613085140332929;0,0139364438080888;100;1;0,9;TRUE;0,8;0,8;TRUE;TRUE;0,8;0,2;0
"hs_uvdvf_mt_hs_h_None";"e3_bw";9,58594405990971e-05;1e-12;-0,011902353858792;-0,011367895367947;-0,011367895367947;-0,0113711124556614;0,00488360030622103;-0,02097282304004;-0,00107347134949792;-0,02097282304004;-0,00107347134949792;100;1;0,9;TRUE;0,98;0,8;TRUE;TRUE;0,02;0,98;0
"hs_hum_dy_hs_h_None";"e3_bw";9,58594405990971e-05;1e-12;-0,00733517013128733;-0,00757295566254945;-0,00757295566254945;-0,00748415601523916;0,00381088143125564;-0,0146888899698142;-0,000612927367087072;-0,0146888899698142;-0,000612927367087072;100;1;0,9;TRUE;0,98;0,8;TRUE;TRUE;0,02;0,98;0
"hs_hum_wk_hs_h_None";"e3_bw";9,58594405990971e-05;1e-12;-0,0224631791731456;-0,0225185284519228;-0,0225185284519228;-0,0221765657535751;0,00478089326171942;-0,03186721206698;-0,0128351838272523;-0,03186721206698;-0,0128351838272523;100;1;0,9;TRUE;1;0,8;TRUE;TRUE;0;1;0
"hs_tm_dy_hs_h_None";"e3_bw";9,58594405990971e-05;1e-12;-0,00617834722638057;-0,00555901537013638;-0,00555901537013638;-0,005801036512079;0,00503023460108934;-0,0151440158802342;0,00347519116912046;-0,0151440158802342;0,00347519116912046;100;1;0,9;TRUE;0,84;0,8;TRUE;TRUE;0,16;0,84;0
"hs_tm_wk_hs_h_None";"e3_bw";9,58594405990971e-05;1e-12;0,00245265202343293;0,00278223222962249;0,00278223222962249;0,00259622422786628;0,00438886528564674;-0,005630702959498;0,0101530456303105;-0,005630702959498;0,0101530456303105;100;1;0,9;TRUE;0,77;0,8;FALSE;FALSE;0,77;0,23;0
"hs_uvdvf_dy_hs_h_None";"e3_bw";9,58594405990971e-05;1e-12;0,000382872840422421;-1,07157835319219e-05;-1,07157835319219e-05;0,000345624323964173;0,00416304990717929;-0,0069525624459573;0,00884408224737156;-0,0069525624459573;0,00884408224737156;100;1;0,9;TRUE;0,55;0,8;FALSE;FALSE;0,55;0,45;0
"hs_uvdvf_wk_hs_h_None";"e3_bw";9,58594405990971e-05;1e-12;-0,0197838765019634;-0,020501925556699;-0,020501925556699;-0,0201566098831095;0,00500806566198247;-0,0290794397993869;-0,01267320384156;-0,0290794397993869;-0,01267320384156;100;1;0,9;TRUE;1;0,8;TRUE;TRUE;0;1;0
"hs_ndvi100_h_None";"e3_bw";9,58594405990971e-05;1e-12;0,00744944725904226;0,0078476058010172;0,0078476058010172;0,00753561595734375;0,00446036721767577;-0,000198212065460907;0,0177864122395838;-0,000198212065460907;0,0177864122395838;100;1;0,9;TRUE;0,97;0,8;TRUE;TRUE;0,97;0,03;0
"hs_ndvi100_s_None";"e3_bw";9,58594405990971e-05;1e-12;0,0117536453603713;0,011420127215387;0,011420127215387;0,0113385664434932;0,00459426360381069;0,00261117981707679;0,0206968093404651;0,00261117981707679;0,0206968093404651;100;1;0,9;TRUE;1;0,8;TRUE;TRUE;1;0;0
"hs_dde_cadj_Log2";"e3_bw";9,58594405990971e-05;1e-12;-0,00737332341224158;-0,00781821983078806;-0,00781821983078806;-0,00745847199666867;0,00349313859919942;-0,0165308582551506;-0,00231946304798877;-0,0165308582551506;-0,00231946304798877;100;1;0,9;TRUE;1;0,8;TRUE;TRUE;0;1;0
"hs_ddt_cadj_Log2";"e3_bw";9,58594405990971e-05;1e-12;-0,00513744133151809;-0,00537485094146225;-0,00537485094146225;-0,00550615648668298;0,0032657470730971;-0,0117294763159405;0,00104405718213149;-0,0117294763159405;0,00104405718213149;100;1;0,9;TRUE;0,95;0,8;TRUE;TRUE;0,05;0,95;0
"hs_hcb_cadj_Log2";"e3_bw";9,58594405990971e-05;1e-12;0,00120647815833726;-0,00214098826238159;-0,00214098826238159;-0,000747667394922402;0,00564579133717965;-0,0146661995480417;0,00489577257488257;-0,0146661995480417;0,00489577257488257;100;1;0,9;TRUE;0,43;0,8;FALSE;FALSE;0,43;0,57;0
"hs_pcb118_cadj_Log2";"e3_bw";9,58594405990971e-05;1e-12;0,00248506403930462;0,00278469676989311;0,00278469676989311;0,00280104617236588;0,00417357143445808;-0,00430251851207387;0,0101692620637459;-0,00430251851207387;0,0101692620637459;100;1;0,9;TRUE;0,72;0,8;FALSE;FALSE;0,72;0,28;0
"hs_pcb138_cadj_Log2";"e3_bw";9,58594405990971e-05;1e-12;-0,00135514531508632;-0,00114683339387148;-0,00114683339387148;-0,000717709576008937;0,00736191828521022;-0,0146598856102963;0,0118372597856658;-0,0146598856102963;0,0118372597856658;100;1;0,9;TRUE;0,54;0,8;FALSE;FALSE;0,46;0,54;0
"hs_pcb153_cadj_Log2";"e3_bw";9,58594405990971e-05;1e-12;-0,00296295231127154;-0,00373777992317257;-0,00373777992317257;-0,00324797727913691;0,00585484155438419;-0,0164793268856156;0,00700749667914487;-0,0164793268856156;0,00700749667914487;100;1;0,9;TRUE;0,72;0,8;FALSE;FALSE;0,28;0,72;0
"hs_pcb170_cadj_Log2";"e3_bw";9,58594405990971e-05;1e-12;-0,00435819052027759;-0,00517681748133053;-0,00517681748133053;-0,00515941237976574;0,00424682690861931;-0,0137379863125395;0,00231567299904535;-0,0137379863125395;0,00231567299904535;100;1;0,9;TRUE;0,89;0,8;TRUE;TRUE;0,11;0,89;0
"hs_pcb180_cadj_Log2";"e3_bw";9,58594405990971e-05;1e-12;0,00194926034151811;0,00194398586943508;0,00194398586943508;0,00226761968101464;0,0042067308128947;-0,00604191936231905;0,00942533650646753;-0,00604191936231905;0,00942533650646753;100;1;0,9;TRUE;0,67;0,8;FALSE;FALSE;0,67;0,33;0
"hs_sumPCBs5_cadj_Log2";"e3_bw";9,58594405990971e-05;1e-12;-0,0134855736961015;-0,0136025857454445;-0,0136025857454445;-0,0140988865838924;0,00528944303415317;-0,024272535527646;-0,00392070029133592;-0,024272535527646;-0,00392070029133592;100;1;0,9;TRUE;1;0,8;TRUE;TRUE;0;1;0
"hs_pfhxs_c_Log2";"e3_bw";9,58594405990971e-05;1e-12;0,0106996552100111;0,0110907846506318;0,0110907846506318;0,0110130161798221;0,00369791579832083;0,00466439023403395;0,0174378251654874;0,00466439023403395;0,0174378251654874;100;1;0,9;TRUE;1;0,8;TRUE;TRUE;1;0;0
"hs_pfna_c_Log2";"e3_bw";9,58594405990971e-05;1e-12;-0,0127388779443436;-0,013140163069303;-0,013140163069303;-0,0127687588328203;0,0042916961994883;-0,0209588931274979;-0,0065431592798068;-0,0209588931274979;-0,0065431592798068;100;1;0,9;TRUE;1;0,8;TRUE;TRUE;0;1;0
"hs_pfoa_c_Log2";"e3_bw";9,58594405990971e-05;1e-12;0,0143794958434629;0,014688861087257;0,014688861087257;0,014192266455497;0,00394376971336198;0,0074835118860488;0,0221484296385025;0,0074835118860488;0,0221484296385025;100;1;0,9;TRUE;1;0,8;TRUE;TRUE;1;0;0
"hs_pfos_c_Log2";"e3_bw";9,58594405990971e-05;1e-12;-0,000848928779500609;-0,00100184310901607;-0,00100184310901607;-0,000539979663390517;0,00399551243785718;-0,00974101796570122;0,00612217954699809;-0,00974101796570122;0,00612217954699809;100;1;0,9;TRUE;0,56;0,8;FALSE;FALSE;0,44;0,56;0
"hs_pfunda_c_Log2";"e3_bw";9,58594405990971e-05;1e-12;0,000781100014289051;0,00108121818474128;0,00108121818474128;0,00101386177245218;0,0033329695603904;-0,00413670204628496;0,00654718496695538;-0,00413670204628496;0,00654718496695538;100;1;0,9;TRUE;0,57;0,8;FALSE;FALSE;0,57;0,43;0
"hs_hm_pers_None";"e3_bw";9,58594405990971e-05;1e-12;-0,00138480616006209;-0,000743221355019186;-0,000743221355019186;-0,000452794439112231;0,00329180404503813;-0,00631229894076195;0,00528361662695769;-0,00631229894076195;0,00528361662695769;100;1;0,9;TRUE;0,59;0,8;FALSE;FALSE;0,41;0,59;0
"hs_trafload_h_pow1over3";"e3_bw";9,58594405990971e-05;1e-12;-0,00077219853088761;-0,00108864146837442;-0,00108864146837442;-0,000991391099446177;0,00343063423256126;-0,00853701209377093;0,00570884016836954;-0,00853701209377093;0,00570884016836954;100;1;0,9;TRUE;0,6;0,8;FALSE;FALSE;0,4;0,6;0
"hs_trafnear_h_pow1over3";"e3_bw";9,58594405990971e-05;1e-12;-0,00704299762053739;-0,00706520025098626;-0,00706520025098626;-0,00769464543540063;0,00419614457079762;-0,0151798193373619;0,000408912804912663;-0,0151798193373619;0,000408912804912663;100;1;0,9;TRUE;0,96;0,8;TRUE;TRUE;0,04;0,96;0
"FAS_cat_None_Low";"e3_bw";9,58594405990971e-05;1e-12;0,0493617259920678;0,0490494032935583;0,0490494032935583;0,0492187177328659;0,0104947664447746;0,0314782254154775;0,0673613798826323;0,0314782254154775;0,0673613798826323;100;1;0,9;TRUE;1;0,8;TRUE;TRUE;1;0;0
"FAS_cat_None_Middle";"e3_bw";9,58594405990971e-05;1e-12;0,0325100200530093;0,0319423674603785;0,0319423674603785;0,0314356345154736;0,00693195285896979;0,0193933209505684;0,0450899466163448;0,0193933209505684;0,0450899466163448;100;1;0,9;TRUE;1;0,8;TRUE;TRUE;1;0;0
"hs_globalexp2_None_no exposure";"e3_bw";9,58594405990971e-05;1e-12;0,0480027675626267;0,0495916766338427;0,0495916766338427;0,0491130354327297;0,00639006355288596;0,0365499352082662;0,0605009679409349;0,0365499352082662;0,0605009679409349;100;1;0,9;TRUE;1;0,8;TRUE;TRUE;1;0;0
"hs_no2_dy_hs_h_Log";"hs_asthma";9,58594405990971e-05;1e-12;-0,0823837881440775;-0,0825783684863574;-0,0825783684863574;-0,0816317485071633;0,0651486567939133;-0,206687111687055;0,0419683670627889;-0,206687111687055;0,0419683670627889;100;1;0,9;TRUE;0,9;0,8;TRUE;TRUE;0,1;0,9;0
"hs_no2_wk_hs_h_Log";"hs_asthma";9,58594405990971e-05;1e-12;-0,0294957001168245;-0,0310581905306031;-0,0310581905306031;-0,0304755480068087;0,0625961310034958;-0,149269214458063;0,0766195633687816;-0,149269214458063;0,0766195633687816;100;1;0,9;TRUE;0,68;0,8;FALSE;FALSE;0,32;0,68;0
"hs_no2_yr_hs_h_Log";"hs_asthma";9,58594405990971e-05;1e-12;-0,11762001814483;-0,117375625003208;-0,117375625003208;-0,110729452395679;0,0529075869923234;-0,221227849930529;-0,00886303559743631;-0,221227849930529;-0,00886303559743631;100;1;0,9;TRUE;0,98;0,8;TRUE;TRUE;0,02;0,98;0
"hs_pm10_dy_hs_h_None";"hs_asthma";9,58594405990971e-05;1e-12;0,0043829631044648;0,00136502547669698;0,00136502547669698;-0,00225261148911669;0,0611924477601422;-0,104677076415428;0,122166425738177;-0,104677076415428;0,122166425738177;100;1;0,9;TRUE;0,48;0,8;FALSE;FALSE;0,48;0,52;0
"hs_pm10_wk_hs_h_None";"hs_asthma";9,58594405990971e-05;1e-12;0,00244881711852704;0,000680865920369748;0,000680865920369748;-0,00841923894200287;0,0687695935314314;-0,146899499185276;0,146550740783297;-0,146899499185276;0,146550740783297;100;1;0,9;TRUE;0,45;0,8;FALSE;FALSE;0,45;0,55;0
"hs_pm10_yr_hs_h_None";"hs_asthma";9,58594405990971e-05;1e-12;-0,0228156587357019;-0,0231151100291109;-0,0231151100291109;-0,029112778923016;0,0552139403861581;-0,113395860333703;0,0819095491135766;-0,113395860333703;0,0819095491135766;100;1;0,9;TRUE;0,64;0,8;FALSE;FALSE;0,36;0,64;0
"hs_pm25_dy_hs_h_None";"hs_asthma";9,58594405990971e-05;1e-12;-0,0860208049997137;-0,0887678766356173;-0,0887678766356173;-0,0814606799839959;0,0841730803861835;-0,263877070151231;0,04965266345681;-0,263877070151231;0,04965266345681;100;1;0,9;TRUE;0,9;0,8;TRUE;TRUE;0,1;0,9;0
"hs_pm25_wk_hs_h_None";"hs_asthma";9,58594405990971e-05;1e-12;-0,0175439182379974;-0,0189975965159276;-0,0189975965159276;-0,0187287436199873;0,0605517517050015;-0,162037610225768;0,08451360650458;-0,162037610225768;0,08451360650458;100;1;0,9;TRUE;0,63;0,8;FALSE;FALSE;0,37;0,63;0
"hs_pm25_yr_hs_h_None";"hs_asthma";9,58594405990971e-05;1e-12;-0,130334404327678;-0,12769538808064;-0,12769538808064;-0,137235631386799;0,0732978370619556;-0,255719058774291;0,0199013911402094;-0,255719058774291;0,0199013911402094;100;1;0,9;TRUE;0,95;0,8;TRUE;TRUE;0,05;0,95;0
"hs_pm25abs_dy_hs_h_Log";"hs_asthma";9,58594405990971e-05;1e-12;0,0541053254233742;0,0582694533318915;0,0582694533318915;0,0577847345850693;0,0793205821514835;-0,09718189610957;0,210153034630673;-0,09718189610957;0,210153034630673;100;1;0,9;TRUE;0,76;0,8;FALSE;FALSE;0,76;0,24;0
"hs_pm25abs_wk_hs_h_Log";"hs_asthma";9,58594405990971e-05;1e-12;-0,0596131616506352;-0,056445463899596;-0,056445463899596;-0,0559486630280613;0,0774493058624393;-0,213956084107604;0,0811678108523236;-0,213956084107604;0,0811678108523236;100;1;0,9;TRUE;0,76;0,8;FALSE;FALSE;0,24;0,76;0
"hs_pm25abs_yr_hs_h_Log";"hs_asthma";9,58594405990971e-05;1e-12;-0,113598676606168;-0,105633130221314;-0,105633130221314;-0,108950793973952;0,0658518825788191;-0,233466718424865;-0,00249835514754298;-0,233466718424865;-0,00249835514754298;100;1;0,9;TRUE;0,98;0,8;TRUE;TRUE;0,02;0,98;0
"hs_accesslines300_h_dic0";"hs_asthma";9,58594405990971e-05;1e-12;-0,0434292656786434;-0,0428854117413305;-0,0428854117413305;-0,0420805816069825;0,100793747865936;-0,256861391669745;0,113895107923635;-0,256861391669745;0,113895107923635;100;1;0,9;TRUE;0,64;0,8;FALSE;FALSE;0,36;0,64;0
"hs_accesspoints300_h_Log";"hs_asthma";9,58594405990971e-05;1e-12;-0,26345771142194;-0,260728328464393;-0,260728328464393;-0,255191017787856;0,067873534552348;-0,381192113249266;-0,144223978667541;-0,381192113249266;-0,144223978667541;100;1;0,9;TRUE;1;0,8;TRUE;TRUE;0;1;0
"hs_builtdens300_h_Sqrt";"hs_asthma";9,58594405990971e-05;1e-12;0,0011167286886486;-0,000395508760206906;-0,000395508760206906;-0,0037390698783479;0,0651214800069216;-0,132672321627228;0,123537122516392;-0,132672321627228;0,123537122516392;100;1;0,9;TRUE;0,48;0,8;FALSE;FALSE;0,48;0,52;0
"hs_connind300_h_Log";"hs_asthma";9,58594405990971e-05;1e-12;-0,000242058947109378;-0,00102673714948128;-0,00102673714948128;0,00212262955019369;0,0773541398432558;-0,18115998514374;0,146834554452493;-0,18115998514374;0,146834554452493;100;1;0,9;TRUE;0,47;0,8;FALSE;FALSE;0,53;0,47;0
"hs_fdensity300_h_Log";"hs_asthma";9,58594405990971e-05;1e-12;0,00690440892375446;0,00471747223209417;0,00471747223209417;0,00545396244429266;0,0765166454621632;-0,122417861565674;0,159581963234744;-0,122417861565674;0,159581963234744;100;1;0,9;TRUE;0,52;0,8;FALSE;FALSE;0,52;0,48;0
"hs_landuseshan300_h_None";"hs_asthma";9,58594405990971e-05;1e-12;0,0163656865301377;0,0147591782742476;0,0147591782742476;0,0248669310489413;0,0735792406325158;-0,125334264136392;0,14173784410271;-0,125334264136392;0,14173784410271;100;1;0,9;TRUE;0,64;0,8;FALSE;FALSE;0,64;0,36;0
"hs_popdens_h_Sqrt";"hs_asthma";9,58594405990971e-05;1e-12;0,0519019035023322;0,0515944048011046;0,0515944048011046;0,0466122817212403;0,0751928879160478;-0,0942019131305919;0,191012540344129;-0,0942019131305919;0,191012540344129;100;1;0,9;TRUE;0,75;0,8;FALSE;FALSE;0,75;0,25;0
"hs_walkability_mean_h_None";"hs_asthma";9,58594405990971e-05;1e-12;0,12784956704629;0,125876323250389;0,125876323250389;0,127251023497911;0,0797390832551655;-0,0196689595217749;0,300647195356119;-0,0196689595217749;0,300647195356119;100;1;0,9;TRUE;0,94;0,8;TRUE;TRUE;0,94;0,06;0
"hs_accesslines300_s_dic0";"hs_asthma";9,58594405990971e-05;1e-12;-0,0320681876790538;-0,0294133087684803;-0,0294133087684803;-0,0356489637100918;0,107121536006764;-0,232485809330377;0,147173803824361;-0,232485809330377;0,147173803824361;100;1;0,9;TRUE;0,57;0,8;FALSE;FALSE;0,43;0,57;0
"hs_accesspoints300_s_Log";"hs_asthma";9,58594405990971e-05;1e-12;-0,0184815394607375;-0,0242925738649324;-0,0242925738649324;-0,0228710522660812;0,0692747743283473;-0,150980473358355;0,105566574711486;-0,150980473358355;0,105566574711486;100;1;0,9;TRUE;0,65;0,8;FALSE;FALSE;0,35;0,65;0
"hs_builtdens300_s_Sqrt";"hs_asthma";9,58594405990971e-05;1e-12;0,0247572175141869;0,0258822624201044;0,0258822624201044;0,0213752609453053;0,0718142201909333;-0,0934414854795703;0,167947280096506;-0,0934414854795703;0,167947280096506;100;1;0,9;TRUE;0,63;0,8;FALSE;FALSE;0,63;0,37;0
"hs_connind300_s_Log";"hs_asthma";9,58594405990971e-05;1e-12;-0,00963751484424521;-0,00834178057224284;-0,00834178057224284;-0,0189016704579176;0,0785518929899611;-0,167240782372824;0,13123561476392;-0,167240782372824;0,13123561476392;100;1;0,9;TRUE;0,59;0,8;FALSE;FALSE;0,41;0,59;0
"hs_fdensity300_s_Log";"hs_asthma";9,58594405990971e-05;1e-12;-0,0892772866499968;-0,0924816410930474;-0,0924816410930474;-0,0930800092471659;0,0681660507730658;-0,23313435964894;0,0235986402987264;-0,23313435964894;0,0235986402987264;100;1;0,9;TRUE;0,92;0,8;TRUE;TRUE;0,08;0,92;0
"hs_landuseshan300_s_None";"hs_asthma";9,58594405990971e-05;1e-12;-0,112483444894829;-0,113645751456432;-0,113645751456432;-0,113523690773111;0,0795583435952592;-0,257027095952081;0,0587111130997045;-0,257027095952081;0,0587111130997045;100;1;0,9;TRUE;0,91;0,8;TRUE;TRUE;0,09;0,91;0
"hs_popdens_s_Sqrt";"hs_asthma";9,58594405990971e-05;1e-12;0,0149632529506768;0,0185677615935284;0,0185677615935284;0,0272563009067632;0,0630751018246504;-0,0867388202445754;0,140348066381818;-0,0867388202445754;0,140348066381818;100;1;0,9;TRUE;0,59;0,8;FALSE;FALSE;0,59;0,41;0
"h_Absorbance_Log";"hs_asthma";9,58594405990971e-05;1e-12;0,124580851519321;0,120489698226827;0,120489698226827;0,118708571733836;0,0719020345137671;-0,024609218807805;0,257324768113787;-0,024609218807805;0,257324768113787;100;1;0,9;TRUE;0,94;0,8;TRUE;TRUE;0,94;0,06;0
"h_Benzene_Log";"hs_asthma";9,58594405990971e-05;1e-12;0,129542151465699;0,128509356300866;0,128509356300866;0,140701889578756;0,0740007254514804;-0,00391602017821929;0,253414900948495;-0,00391602017821929;0,253414900948495;100;1;0,9;TRUE;0,97;0,8;TRUE;TRUE;0,97;0,03;0
"h_NO2_Log";"hs_asthma";9,58594405990971e-05;1e-12;-0,0542831004076809;-0,0536075780878099;-0,0536075780878099;-0,0603789249554513;0,0897607817029553;-0,229264520557759;0,10992192578429;-0,229264520557759;0,10992192578429;100;1;0,9;TRUE;0,71;0,8;FALSE;FALSE;0,29;0,71;0
"h_PM_Log";"hs_asthma";9,58594405990971e-05;1e-12;-0,0171071922673243;-0,0188090395265798;-0,0188090395265798;-0,0150826901195634;0,0660855993481358;-0,155804242202835;0,0954664180995843;-0,155804242202835;0,0954664180995843;100;1;0,9;TRUE;0,57;0,8;FALSE;FALSE;0,43;0,57;0
"h_TEX_Log";"hs_asthma";9,58594405990971e-05;1e-12;-0,0381964488130383;-0,0325228062122612;-0,0325228062122612;-0,0304870174098394;0,0759229311846132;-0,166256265938056;0,108699552019009;-0,166256265938056;0,108699552019009;100;1;0,9;TRUE;0,67;0,8;FALSE;FALSE;0,33;0,67;0
"hs_KIDMED_None";"hs_asthma";9,58594405990971e-05;1e-12;-0,191165216288047;-0,1889660949501;-0,1889660949501;-0,188795981400193;0,0680411507097631;-0,337349013512212;-0,0590471921773507;-0,337349013512212;-0,0590471921773507;100;1;0,9;TRUE;1;0,8;TRUE;TRUE;0;1;0
"hs_mvpa_prd_alt_None";"hs_asthma";9,58594405990971e-05;1e-12;0,00241663520096768;0,00484921353577136;0,00484921353577136;0,00468703070196768;0,0809950732022353;-0,150473032965214;0,148431683925962;-0,150473032965214;0,148431683925962;100;1;0,9;TRUE;0,52;0,8;FALSE;FALSE;0,52;0,48;0
"hs_sd_wk_None";"hs_asthma";9,58594405990971e-05;1e-12;-0,0612413954665946;-0,0644834855587799;-0,0644834855587799;-0,0625146483020331;0,0600350046763957;-0,199136463312666;0,0358910721063059;-0,199136463312666;0,0358910721063059;100;1;0,9;TRUE;0,88;0,8;TRUE;TRUE;0,12;0,88;0
"hs_dif_hours_total_None";"hs_asthma";9,58594405990971e-05;1e-12;-0,214281312434952;-0,2139038863801;-0,2139038863801;-0,219849021794869;0,0705669699618827;-0,344839417313985;-0,0746308150989272;-0,344839417313985;-0,0746308150989272;100;1;0,9;TRUE;1;0,8;TRUE;TRUE;0;1;0
"hs_as_c_Log2";"hs_asthma";9,58594405990971e-05;1e-12;-0,117637709418279;-0,111902387823345;-0,111902387823345;-0,112381916270457;0,0743127890795113;-0,249806550377849;0,0542869617637189;-0,249806550377849;0,0542869617637189;100;1;0,9;TRUE;0,95;0,8;TRUE;TRUE;0,05;0,95;0
"hs_cd_c_Log2";"hs_asthma";9,58594405990971e-05;1e-12;-0,00405648004905242;0,000877385713154625;0,000877385713154625;0,00663896962960855;0,0929382784154359;-0,189606055361431;0,169404338924719;-0,189606055361431;0,169404338924719;100;1;0,9;TRUE;0,49;0,8;FALSE;FALSE;0,51;0,49;0
"hs_co_c_Log2";"hs_asthma";9,58594405990971e-05;1e-12;-0,113767836753383;-0,114502030700395;-0,114502030700395;-0,120798763703495;0,066399631669157;-0,241473859319763;0,0264777812021202;-0,241473859319763;0,0264777812021202;100;1;0,9;TRUE;0,93;0,8;TRUE;TRUE;0,07;0,93;0
"hs_cs_c_Log2";"hs_asthma";9,58594405990971e-05;1e-12;-0,039871842771841;-0,0338267724937324;-0,0338267724937324;-0,0428439526066084;0,0817590189222786;-0,175119412401733;0,113966671079491;-0,175119412401733;0,113966671079491;100;1;0,9;TRUE;0,69;0,8;FALSE;FALSE;0,31;0,69;0
"hs_cu_c_Log2";"hs_asthma";9,58594405990971e-05;1e-12;-0,0249442898973076;-0,027263453882595;-0,027263453882595;-0,0339480552397426;0,0780113662797691;-0,158834201044147;0,123795520370243;-0,158834201044147;0,123795520370243;100;1;0,9;TRUE;0,62;0,8;FALSE;FALSE;0,38;0,62;0
"hs_hg_c_Log2";"hs_asthma";9,58594405990971e-05;1e-12;0,060866115080469;0,0609280133770835;0,0609280133770835;0,0712430509164692;0,0750712424201497;-0,118217434160615;0,20427123791385;-0,118217434160615;0,20427123791385;100;1;0,9;TRUE;0,82;0,8;TRUE;TRUE;0,82;0,18;0
"hs_mn_c_Log2";"hs_asthma";9,58594405990971e-05;1e-12;0,151225146856137;0,147139549078531;0,147139549078531;0,147717618984733;0,067972196448729;0,00144638901555494;0,248943967349294;0,00144638901555494;0,248943967349294;100;1;0,9;TRUE;0,97;0,8;TRUE;TRUE;0,97;0,03;0
"hs_mo_c_Log2";"hs_asthma";9,58594405990971e-05;1e-12;0,0783385364054104;0,085403096691662;0,085403096691662;0,0704833878707467;0,0681344714565641;-0,012881784463901;0,224750973668272;-0,012881784463901;0,224750973668272;100;1;0,9;TRUE;0,93;0,8;TRUE;TRUE;0,93;0,07;0
"hs_pb_c_Log2";"hs_asthma";9,58594405990971e-05;1e-12;-0,0834799738438731;-0,086312774702186;-0,086312774702186;-0,0818197525576549;0,067634467902496;-0,218116350938516;0,0373572824708496;-0,218116350938516;0,0373572824708496;100;1;0,9;TRUE;0,9;0,8;TRUE;TRUE;0,1;0,9;0
"hs_hum_mt_hs_h_None";"hs_asthma";9,58594405990971e-05;1e-12;-0,0219202622248638;-0,0150817353690184;-0,0150817353690184;-0,0102251026707305;0,0703369847663603;-0,141446600890272;0,117332729696023;-0,141446600890272;0,117332729696023;100;1;0,9;TRUE;0,56;0,8;FALSE;FALSE;0,44;0,56;0
"hs_tm_mt_hs_h_None";"hs_asthma";9,58594405990971e-05;1e-12;-0,0627230155654285;-0,0596606012234272;-0,0596606012234272;-0,0605758752998058;0,051290639421517;-0,157312347579318;0,0433453593656534;-0,157312347579318;0,0433453593656534;100;1;0,9;TRUE;0,89;0,8;TRUE;TRUE;0,11;0,89;0
"hs_uvdvf_mt_hs_h_None";"hs_asthma";9,58594405990971e-05;1e-12;0,0363473882506928;0,033699426863661;0,033699426863661;0,0344927904123395;0,0548230426723501;-0,0746769255352089;0,133189683109857;-0,0746769255352089;0,133189683109857;100;1;0,9;TRUE;0,75;0,8;FALSE;FALSE;0,75;0,25;0
"hs_hum_dy_hs_h_None";"hs_asthma";9,58594405990971e-05;1e-12;0,0756558589706567;0,0761878558228708;0,0761878558228708;0,076109937277776;0,0762524054685215;-0,0780703621522011;0,204507210382876;-0,0780703621522011;0,204507210382876;100;1;0,9;TRUE;0,81;0,8;TRUE;TRUE;0,81;0,19;0
"hs_hum_wk_hs_h_None";"hs_asthma";9,58594405990971e-05;1e-12;0,276841635449551;0,274937336871141;0,274937336871141;0,275503016134008;0,0632604790812824;0,166014502017027;0,40462881705731;0,166014502017027;0,40462881705731;100;1;0,9;TRUE;1;0,8;TRUE;TRUE;1;0;0
"hs_tm_dy_hs_h_None";"hs_asthma";9,58594405990971e-05;1e-12;0,0505970952711789;0,0484847998958474;0,0484847998958474;0,0473937256516446;0,0590433818931517;-0,0704358120329285;0,152183949234476;-0,0704358120329285;0,152183949234476;100;1;0,9;TRUE;0,77;0,8;FALSE;FALSE;0,77;0,23;0
"hs_tm_wk_hs_h_None";"hs_asthma";9,58594405990971e-05;1e-12;0,0405643818269375;0,0349747051637338;0,0349747051637338;0,0370909605090068;0,0609960387922279;-0,0735116456555297;0,134687826994103;-0,0735116456555297;0,134687826994103;100;1;0,9;TRUE;0,71;0,8;FALSE;FALSE;0,71;0,29;0
"hs_uvdvf_dy_hs_h_None";"hs_asthma";9,58594405990971e-05;1e-12;-0,0516287923531095;-0,0483352991949545;-0,0483352991949545;-0,0458261547864732;0,0561728878822806;-0,150626035617662;0,0571227981053044;-0,150626035617662;0,0571227981053044;100;1;0,9;TRUE;0,82;0,8;TRUE;TRUE;0,18;0,82;0
"hs_uvdvf_wk_hs_h_None";"hs_asthma";9,58594405990971e-05;1e-12;0,0399824354345445;0,0361390577796432;0,0361390577796432;0,0381363951125602;0,0567349786060499;-0,0816532319468609;0,127525085259708;-0,0816532319468609;0,127525085259708;100;1;0,9;TRUE;0,72;0,8;FALSE;FALSE;0,72;0,28;0
"hs_ndvi100_h_None";"hs_asthma";9,58594405990971e-05;1e-12;-0,180670574640102;-0,179956863046317;-0,179956863046317;-0,185249921790595;0,0813158310900934;-0,332256773330746;-0,0402181984962457;-0,332256773330746;-0,0402181984962457;100;1;0,9;TRUE;0,99;0,8;TRUE;TRUE;0,01;0,99;0
"hs_ndvi100_s_None";"hs_asthma";9,58594405990971e-05;1e-12;-0,106641701522548;-0,100821768760067;-0,100821768760067;-0,102255035407062;0,0723015306651263;-0,223272470262341;0,0395784195414444;-0,223272470262341;0,0395784195414444;100;1;0,9;TRUE;0,9;0,8;TRUE;TRUE;0,1;0,9;0
"hs_dde_cadj_Log2";"hs_asthma";9,58594405990971e-05;1e-12;0,0953214280792781;0,0982174356183453;0,0982174356183453;0,103580323149601;0,103540576392671;-0,111674437531229;0,30160711041677;-0,111674437531229;0,30160711041677;100;1;0,9;TRUE;0,83;0,8;TRUE;TRUE;0,83;0,17;0
"hs_ddt_cadj_Log2";"hs_asthma";9,58594405990971e-05;1e-12;0,0733749436317842;0,0801878927573591;0,0801878927573591;0,0845356778886837;0,0711929740884568;-0,053803446181558;0,213002028083459;-0,053803446181558;0,213002028083459;100;1;0,9;TRUE;0,83;0,8;TRUE;TRUE;0,83;0,17;0
"hs_hcb_cadj_Log2";"hs_asthma";9,58594405990971e-05;1e-12;0,0228409559602012;0,0226703147396008;0,0226703147396008;0,022759303432068;0,0558678882548333;-0,07950477241481;0,131563298840354;-0,07950477241481;0,131563298840354;100;1;0,9;TRUE;0,66;0,8;FALSE;FALSE;0,66;0,34;0
"hs_pcb118_cadj_Log2";"hs_asthma";9,58594405990971e-05;1e-12;0,0479288881030054;0,0505128383095482;0,0505128383095482;0,0506135622145955;0,0665942421395758;-0,0712816914750433;0,16744851135687;-0,0712816914750433;0,16744851135687;100;1;0,9;TRUE;0,78;0,8;FALSE;FALSE;0,78;0,22;0
"hs_pcb138_cadj_Log2";"hs_asthma";9,58594405990971e-05;1e-12;0,0427665300934916;0,0457860516789185;0,0457860516789185;0,028575462075475;0,112572787756109;-0,147581138239796;0,219317197337518;-0,147581138239796;0,219317197337518;100;1;0,9;TRUE;0,62;0,8;FALSE;FALSE;0,62;0,38;0
"hs_pcb153_cadj_Log2";"hs_asthma";9,58594405990971e-05;1e-12;0,0164045880910666;0,0120190937961362;0,0120190937961362;0,00446448155355536;0,0594439407996582;-0,0870091806996356;0,133627672517743;-0,0870091806996356;0,133627672517743;100;1;0,9;TRUE;0,54;0,8;FALSE;FALSE;0,54;0,46;0
"hs_pcb170_cadj_Log2";"hs_asthma";9,58594405990971e-05;1e-12;0,0935423170453891;0,09214368619288;0,09214368619288;0,0897833503007418;0,0754831895194643;-0,047400587716977;0,239813269037068;-0,047400587716977;0,239813269037068;100;1;0,9;TRUE;0,92;0,8;TRUE;TRUE;0,92;0,08;0
"hs_pcb180_cadj_Log2";"hs_asthma";9,58594405990971e-05;1e-12;-0,0947182751495642;-0,0833096594820703;-0,0833096594820703;-0,0799114631691933;0,0926947201085331;-0,233933142393421;0,117842957354359;-0,233933142393421;0,117842957354359;100;1;0,9;TRUE;0,85;0,8;TRUE;TRUE;0,15;0,85;0
"hs_sumPCBs5_cadj_Log2";"hs_asthma";9,58594405990971e-05;1e-12;0,00866606821007175;0,00891163447788092;0,00891163447788092;0,00261007967209383;0,0586342472789892;-0,0921271490050028;0,127906293927896;-0,0921271490050028;0,127906293927896;100;1;0,9;TRUE;0,55;0,8;FALSE;FALSE;0,55;0,45;0
"hs_pfhxs_c_Log2";"hs_asthma";9,58594405990971e-05;1e-12;0,0240533353133577;0,023576460163544;0,023576460163544;0,0207107345625511;0,0649990915337549;-0,101481000857214;0,159774098111793;-0,101481000857214;0,159774098111793;100;1;0,9;TRUE;0,6;0,8;FALSE;FALSE;0,6;0,4;0
"hs_pfna_c_Log2";"hs_asthma";9,58594405990971e-05;1e-12;0,123530087115582;0,124182898193389;0,124182898193389;0,129087123984077;0,0720213827535633;-0,00587186284502551;0,252756954404072;-0,00587186284502551;0,252756954404072;100;1;0,9;TRUE;0,96;0,8;TRUE;TRUE;0,96;0,04;0
"hs_pfoa_c_Log2";"hs_asthma";9,58594405990971e-05;1e-12;-0,129036883344289;-0,13023701428391;-0,13023701428391;-0,121863168874983;0,072861598865332;-0,265163992345321;0,0157427795496666;-0,265163992345321;0,0157427795496666;100;1;0,9;TRUE;0,95;0,8;TRUE;TRUE;0,05;0,95;0
"hs_pfos_c_Log2";"hs_asthma";9,58594405990971e-05;1e-12;-0,0302183466184562;-0,0324825541128985;-0,0324825541128985;-0,0323072519772498;0,0765985463877852;-0,188477935593272;0,116568442446234;-0,188477935593272;0,116568442446234;100;1;0,9;TRUE;0,68;0,8;FALSE;FALSE;0,32;0,68;0
"hs_pfunda_c_Log2";"hs_asthma";9,58594405990971e-05;1e-12;0,0547981534265006;0,0571518002498416;0,0571518002498416;0,0530404194818688;0,0709827115292126;-0,0690690856312361;0,192127624945324;-0,0690690856312361;0,192127624945324;100;1;0,9;TRUE;0,78;0,8;FALSE;FALSE;0,78;0,22;0
"hs_hm_pers_None";"hs_asthma";9,58594405990971e-05;1e-12;-0,0910599484773148;-0,0869434620444352;-0,0869434620444352;-0,0847199797540824;0,0694597804849118;-0,210609765096073;0,0358605771751732;-0,210609765096073;0,0358605771751732;100;1;0,9;TRUE;0,89;0,8;TRUE;TRUE;0,11;0,89;0
"hs_trafload_h_pow1over3";"hs_asthma";9,58594405990971e-05;1e-12;0,0188115164981752;0,0222314501446617;0,0222314501446617;0,026188987112568;0,0714725332439568;-0,10155615516062;0,163726894686147;-0,10155615516062;0,163726894686147;100;1;0,9;TRUE;0,63;0,8;FALSE;FALSE;0,63;0,37;0
"hs_trafnear_h_pow1over3";"hs_asthma";9,58594405990971e-05;1e-12;0,03443121095005;0,0323203869132425;0,0323203869132425;0,0324751292464085;0,0688970469250838;-0,0951642656609847;0,167238265451409;-0,0951642656609847;0,167238265451409;100;1;0,9;TRUE;0,69;0,8;FALSE;FALSE;0,69;0,31;0
"FAS_cat_None_Low";"hs_asthma";9,58594405990971e-05;1e-12;-0,176050086784625;-0,196458068624349;-0,196458068624349;-0,221550117370186;0,178193173697269;-0,511350872562729;0,158777086479599;-0,511350872562729;0,158777086479599;100;1;0,9;TRUE;0,85;0,8;TRUE;TRUE;0,15;0,85;0
"FAS_cat_None_Middle";"hs_asthma";9,58594405990971e-05;1e-12;-0,292319343252743;-0,293443097276093;-0,293443097276093;-0,287895277851481;0,148126778320579;-0,573999734080924;-0,0348205977645504;-0,573999734080924;-0,0348205977645504;100;1;0,9;TRUE;0,99;0,8;TRUE;TRUE;0,01;0,99;0
"hs_globalexp2_None_no exposure";"hs_asthma";9,58594405990971e-05;1e-12;0,0643816747593029;0,0548171436451015;0,0548171436451015;0,040243741799042;0,136661829596815;-0,166613936405334;0,344247175495333;-0,166613936405334;0,344247175495333;100;1;0,9;TRUE;0,62;0,8;FALSE;FALSE;0,62;0,38;0
"hs_no2_dy_hs_h_Log";"hs_zbmi_who";9,58594405990971e-05;1e-12;0,00784618819031758;0,00823770010453148;0,00823770010453148;0,00832425582315575;0,00566462956746975;-0,00177046384879317;0,0193852498789576;-0,00177046384879317;0,0193852498789576;100;1;0,9;TRUE;0,91;0,8;TRUE;TRUE;0,91;0,09;0
"hs_no2_wk_hs_h_Log";"hs_zbmi_who";9,58594405990971e-05;1e-12;0,0165113263671559;0,0159657182456416;0,0159657182456416;0,0158027033280327;0,00644258910940735;0,00305237436651538;0,0285543787365001;0,00305237436651538;0,0285543787365001;100;1;0,9;TRUE;1;0,8;TRUE;TRUE;1;0;0
"hs_no2_yr_hs_h_Log";"hs_zbmi_who";9,58594405990971e-05;1e-12;0,0265983975925821;0,0264013100838519;0,0264013100838519;0,025933545686812;0,00598781902274288;0,0137961354422897;0,0373779761214239;0,0137961354422897;0,0373779761214239;100;1;0,9;TRUE;1;0,8;TRUE;TRUE;1;0;0
"hs_pm10_dy_hs_h_None";"hs_zbmi_who";9,58594405990971e-05;1e-12;-0,000452209026564825;-0,000707867823212327;-0,000707867823212327;-0,000528939595190398;0,00587477553213581;-0,0112674818656333;0,0106143325392116;-0,0112674818656333;0,0106143325392116;100;1;0,9;TRUE;0,55;0,8;FALSE;FALSE;0,45;0,55;0
"hs_pm10_wk_hs_h_None";"hs_zbmi_who";9,58594405990971e-05;1e-12;-0,0136244796143581;-0,0121024640531907;-0,0121024640531907;-0,0123884301552007;0,00558990952425086;-0,0222262676721576;0,000525811430709999;-0,0222262676721576;0,000525811430709999;100;1;0,9;TRUE;0,96;0,8;TRUE;TRUE;0,04;0,96;0
"hs_pm10_yr_hs_h_None";"hs_zbmi_who";9,58594405990971e-05;1e-12;-0,0136947058672338;-0,012510181142748;-0,012510181142748;-0,0125009211220417;0,00715864513588978;-0,0277445909406745;0,000217263862931371;-0,0277445909406745;0,000217263862931371;100;1;0,9;TRUE;0,97;0,8;TRUE;TRUE;0,03;0,97;0
"hs_pm25_dy_hs_h_None";"hs_zbmi_who";9,58594405990971e-05;1e-12;0,0143563206250616;0,0130795981386557;0,0130795981386557;0,0130787046806742;0,00615317302649527;0,00156511848180629;0,0232793970699625;0,00156511848180629;0,0232793970699625;100;1;0,9;TRUE;0,99;0,8;TRUE;TRUE;0,99;0,01;0
"hs_pm25_wk_hs_h_None";"hs_zbmi_who";9,58594405990971e-05;1e-12;-0,0127416998091341;-0,012673091288841;-0,012673091288841;-0,0120908159466874;0,00698117689584209;-0,0264519760654052;-0,00193863048298035;-0,0264519760654052;-0,00193863048298035;100;1;0,9;TRUE;0,98;0,8;TRUE;TRUE;0,02;0,98;0
"hs_pm25_yr_hs_h_None";"hs_zbmi_who";9,58594405990971e-05;1e-12;0,028815494274745;0,02806804500612;0,02806804500612;0,0274962198103446;0,00900189691794116;0,01155400043595;0,0451025409124354;0,01155400043595;0,0451025409124354;100;1;0,9;TRUE;1;0,8;TRUE;TRUE;1;0;0
"hs_pm25abs_dy_hs_h_Log";"hs_zbmi_who";9,58594405990971e-05;1e-12;-0,00776962454427843;-0,00748380507072676;-0,00748380507072676;-0,00801027576880705;0,00540602651714275;-0,0166340229118073;0,00257801751022898;-0,0166340229118073;0,00257801751022898;100;1;0,9;TRUE;0,91;0,8;TRUE;TRUE;0,09;0,91;0
"hs_pm25abs_wk_hs_h_Log";"hs_zbmi_who";9,58594405990971e-05;1e-12;-0,0110649709232489;-0,0109364963241432;-0,0109364963241432;-0,011143969768899;0,00562140264754755;-0,0204943579631696;0,00059076422621719;-0,0204943579631696;0,00059076422621719;100;1;0,9;TRUE;0,95;0,8;TRUE;TRUE;0,05;0,95;0
"hs_pm25abs_yr_hs_h_Log";"hs_zbmi_who";9,58594405990971e-05;1e-12;-0,00203001671377598;-0,00240831929322037;-0,00240831929322037;-0,00211279063541321;0,00676622033487633;-0,0142916391944574;0,00940271604917525;-0,0142916391944574;0,00940271604917525;100;1;0,9;TRUE;0,62;0,8;FALSE;FALSE;0,38;0,62;0
"hs_accesslines300_h_dic0";"hs_zbmi_who";9,58594405990971e-05;1e-12;0,00824370008528544;0,00832513510204662;0,00832513510204662;0,00973706753016406;0,0163505585106916;-0,0257910782862313;0,0362047553323329;-0,0257910782862313;0,0362047553323329;100;1;0,9;TRUE;0,72;0,8;FALSE;FALSE;0,72;0,28;0
"hs_accesspoints300_h_Log";"hs_zbmi_who";9,58594405990971e-05;1e-12;0,00237146463030757;0,00199659727823605;0,00199659727823605;0,00168640660086449;0,00649072867040944;-0,00909191814483035;0,0157650832414537;-0,00909191814483035;0,0157650832414537;100;1;0,9;TRUE;0,64;0,8;FALSE;FALSE;0,64;0,36;0
"hs_builtdens300_h_Sqrt";"hs_zbmi_who";9,58594405990971e-05;1e-12;-0,0084193718544853;-0,00858114539323913;-0,00858114539323913;-0,0079645113480302;0,00658580667515244;-0,0211081340245601;0,00298672766280505;-0,0211081340245601;0,00298672766280505;100;1;0,9;TRUE;0,9;0,8;TRUE;TRUE;0,1;0,9;0
"hs_connind300_h_Log";"hs_zbmi_who";9,58594405990971e-05;1e-12;0,00502755074200025;0,00499561255863714;0,00499561255863714;0,00492704720115647;0,0054022377001362;-0,00469530262784055;0,0172067838917402;-0,00469530262784055;0,0172067838917402;100;1;0,9;TRUE;0,83;0,8;TRUE;TRUE;0,83;0,17;0
"hs_fdensity300_h_Log";"hs_zbmi_who";9,58594405990971e-05;1e-12;0,0089711992418533;0,00920021263405126;0,00920021263405126;0,00907511932066588;0,00679541138676146;-0,00371462645353706;0,022389621287998;-0,00371462645353706;0,022389621287998;100;1;0,9;TRUE;0,89;0,8;TRUE;TRUE;0,89;0,11;0
"hs_landuseshan300_h_None";"hs_zbmi_who";9,58594405990971e-05;1e-12;0,0055464641177221;0,00531920833897574;0,00531920833897574;0,00511383531369316;0,00494084210166578;-0,00444824203005179;0,0147332159403729;-0,00444824203005179;0,0147332159403729;100;1;0,9;TRUE;0,86;0,8;TRUE;TRUE;0,86;0,14;0
"hs_popdens_h_Sqrt";"hs_zbmi_who";9,58594405990971e-05;1e-12;-0,00502170740687777;-0,00449291555003782;-0,00449291555003782;-0,00512741915632232;0,00542963982968046;-0,0139962783884759;0,00524774199530796;-0,0139962783884759;0,00524774199530796;100;1;0,9;TRUE;0,77;0,8;FALSE;FALSE;0,23;0,77;0
"hs_walkability_mean_h_None";"hs_zbmi_who";9,58594405990971e-05;1e-12;-0,00946200738565949;-0,0089610597182309;-0,0089610597182309;-0,00979081174841603;0,00636214640470219;-0,0202282099064879;0,00311955027346834;-0,0202282099064879;0,00311955027346834;100;1;0,9;TRUE;0,9;0,8;TRUE;TRUE;0,1;0,9;0
"hs_accesslines300_s_dic0";"hs_zbmi_who";9,58594405990971e-05;1e-12;0,0379845213342715;0,0351926570867347;0,0351926570867347;0,0360872006564406;0,0171936103431848;-0,000274699366996679;0,0665551754873152;-0,000274699366996679;0,0665551754873152;100;1;0,9;TRUE;0,97;0,8;TRUE;TRUE;0,97;0,03;0
"hs_accesspoints300_s_Log";"hs_zbmi_who";9,58594405990971e-05;1e-12;-0,000160693339994413;8,15826522265796e-05;8,15826522265796e-05;5,24929323615119e-05;0,00589094126207587;-0,0126265048995524;0,0103262506002752;-0,0126265048995524;0,0103262506002752;100;1;0,9;TRUE;0,5;0,8;FALSE;FALSE;0,5;0,5;0
"hs_builtdens300_s_Sqrt";"hs_zbmi_who";9,58594405990971e-05;1e-12;-0,0109807293735197;-0,0108392813002722;-0,0108392813002722;-0,0102580027079134;0,00549692707677041;-0,0212535718158408;-0,00107833335680203;-0,0212535718158408;-0,00107833335680203;100;1;0,9;TRUE;0,98;0,8;TRUE;TRUE;0,02;0,98;0
"hs_connind300_s_Log";"hs_zbmi_who";9,58594405990971e-05;1e-12;0,000768824457636607;0,0012139774631684;0,0012139774631684;0,000335070725964251;0,00551011930438149;-0,00824276301929683;0,0121618645055766;-0,00824276301929683;0,0121618645055766;100;1;0,9;TRUE;0,51;0,8;FALSE;FALSE;0,51;0,49;0
"hs_fdensity300_s_Log";"hs_zbmi_who";9,58594405990971e-05;1e-12;0,0130146170846136;0,0126506160820981;0,0126506160820981;0,0135068341647875;0,00545212151187079;0,00147786631247737;0,0211142999596156;0,00147786631247737;0,0211142999596156;100;1;0,9;TRUE;0,97;0,8;TRUE;TRUE;0,97;0,03;0
"hs_landuseshan300_s_None";"hs_zbmi_who";9,58594405990971e-05;1e-12;0,000926733172413471;0,000853764941886203;0,000853764941886203;0,00102888438787039;0,00506355758078219;-0,00848351322084359;0,00897365305583897;-0,00848351322084359;0,00897365305583897;100;1;0,9;TRUE;0,55;0,8;FALSE;FALSE;0,55;0,45;0
"hs_popdens_s_Sqrt";"hs_zbmi_who";9,58594405990971e-05;1e-12;-0,0079139008614329;-0,0077496932936782;-0,0077496932936782;-0,00730201173785528;0,00428440223957753;-0,0160299789006852;5,69466798411515e-05;-0,0160299789006852;5,69466798411515e-05;100;1;0,9;TRUE;0,96;0,8;TRUE;TRUE;0,04;0,96;0
"h_Absorbance_Log";"hs_zbmi_who";9,58594405990971e-05;1e-12;-0,00095295697907819;-0,000635967717504926;-0,000635967717504926;-0,00143736674564974;0,0050678078909506;-0,0087930221290159;0,0114771947201298;-0,0087930221290159;0,0114771947201298;100;1;0,9;TRUE;0,64;0,8;FALSE;FALSE;0,36;0,64;0
"h_Benzene_Log";"hs_zbmi_who";9,58594405990971e-05;1e-12;0,00222270099235241;0,00180097349386126;0,00180097349386126;0,000937355318533925;0,00514919713267752;-0,00669505303502799;0,0128280715081495;-0,00669505303502799;0,0128280715081495;100;1;0,9;TRUE;0,63;0,8;FALSE;FALSE;0,63;0,37;0
"h_NO2_Log";"hs_zbmi_who";9,58594405990971e-05;1e-12;0,0164646676311244;0,0152659665278498;0,0152659665278498;0,0157804588161425;0,00506464627362698;0,00476638080830281;0,023932556900243;0,00476638080830281;0,023932556900243;100;1;0,9;TRUE;1;0,8;TRUE;TRUE;1;0;0
"h_PM_Log";"hs_zbmi_who";9,58594405990971e-05;1e-12;0,0123889744709757;0,0123811361046492;0,0123811361046492;0,0122189842755636;0,00491356996474265;0,00248755321646007;0,0208074463917471;0,00248755321646007;0,0208074463917471;100;1;0,9;TRUE;1;0,8;TRUE;TRUE;1;0;0
"h_TEX_Log";"hs_zbmi_who";9,58594405990971e-05;1e-12;-7,22944822644226e-05;-0,000248860168417431;-0,000248860168417431;-0,000169812590633107;0,0055837512951866;-0,012099388807879;0,0112444594928197;-0,012099388807879;0,0112444594928197;100;1;0,9;TRUE;0,52;0,8;FALSE;FALSE;0,48;0,52;0
"hs_KIDMED_None";"hs_zbmi_who";9,58594405990971e-05;1e-12;0,0088985108981048;0,00820484702086853;0,00820484702086853;0,00818276925179964;0,00483975468763588;-0,000617158531741162;0,0175583315317581;-0,000617158531741162;0,0175583315317581;100;1;0,9;TRUE;0,95;0,8;TRUE;TRUE;0,95;0,05;0
"hs_mvpa_prd_alt_None";"hs_zbmi_who";9,58594405990971e-05;1e-12;-0,00927869622274294;-0,00884825496931716;-0,00884825496931716;-0,00903052855493135;0,00521732596916621;-0,0193755003893007;0,00125044104891849;-0,0193755003893007;0,00125044104891849;100;1;0,9;TRUE;0,94;0,8;TRUE;TRUE;0,06;0,94;0
"hs_sd_wk_None";"hs_zbmi_who";9,58594405990971e-05;1e-12;0,000447428420480691;-0,000207196126492142;-0,000207196126492142;4,14653383501079e-05;0,00451620086104093;-0,00781419813061423;0,00786532214029152;-0,00781419813061423;0,00786532214029152;100;1;0,9;TRUE;0,51;0,8;FALSE;FALSE;0,51;0,49;0
"hs_dif_hours_total_None";"hs_zbmi_who";9,58594405990971e-05;1e-12;-0,00410906483825676;-0,00367523330107952;-0,00367523330107952;-0,00415392987453873;0,00466539840179542;-0,0115439804158536;0,00494449584861038;-0,0115439804158536;0,00494449584861038;100;1;0,9;TRUE;0,75;0,8;FALSE;FALSE;0,25;0,75;0
"hs_as_c_Log2";"hs_zbmi_who";9,58594405990971e-05;1e-12;-0,000392894068283005;-0,000928872323310228;-0,000928872323310228;-0,00107005889468242;0,00594271407911962;-0,01280778675916;0,010688541364456;-0,01280778675916;0,010688541364456;100;1;0,9;TRUE;0,56;0,8;FALSE;FALSE;0,44;0,56;0
"hs_cd_c_Log2";"hs_zbmi_who";9,58594405990971e-05;1e-12;-0,000509209009371864;-0,000726421657684264;-0,000726421657684264;-0,000707532587363304;0,00431812677946145;-0,00863565392066024;0,00807462523491475;-0,00863565392066024;0,00807462523491475;100;1;0,9;TRUE;0,65;0,8;FALSE;FALSE;0,35;0,65;0
"hs_co_c_Log2";"hs_zbmi_who";9,58594405990971e-05;1e-12;-0,00287551630493252;-0,00276003848369268;-0,00276003848369268;-0,00237065820467537;0,00385359482084688;-0,0109862891056777;0,0046718580065182;-0,0109862891056777;0,0046718580065182;100;1;0,9;TRUE;0,78;0,8;FALSE;FALSE;0,22;0,78;0
"hs_cs_c_Log2";"hs_zbmi_who";9,58594405990971e-05;1e-12;0,00796704080678499;0,00736678254175928;0,00736678254175928;0,00748649131694087;0,00440343062046662;-0,000803567840020616;0,0157791726980028;-0,000803567840020616;0,0157791726980028;100;1;0,9;TRUE;0,95;0,8;TRUE;TRUE;0,95;0,05;0
"hs_cu_c_Log2";"hs_zbmi_who";9,58594405990971e-05;1e-12;0,0133009736404104;0,0124205350518291;0,0124205350518291;0,0120754397655763;0,0050856070251714;0,00287514727413298;0,0228333151010146;0,00287514727413298;0,0228333151010146;100;1;0,9;TRUE;1;0,8;TRUE;TRUE;1;0;0
"hs_hg_c_Log2";"hs_zbmi_who";9,58594405990971e-05;1e-12;-0,00676164924041644;-0,00610984389806325;-0,00610984389806325;-0,00648038982010056;0,00538935603653264;-0,0164241323844452;0,00390939379842784;-0,0164241323844452;0,00390939379842784;100;1;0,9;TRUE;0,88;0,8;TRUE;TRUE;0,12;0,88;0
"hs_mn_c_Log2";"hs_zbmi_who";9,58594405990971e-05;1e-12;-0,00193676562339348;-0,00186380505716763;-0,00186380505716763;-0,00175842635910847;0,00405759704802442;-0,00971293869187102;0,00556423262654742;-0,00971293869187102;0,00556423262654742;100;1;0,9;TRUE;0,71;0,8;FALSE;FALSE;0,29;0,71;0
"hs_mo_c_Log2";"hs_zbmi_who";9,58594405990971e-05;1e-12;-0,0112825487149371;-0,0111294150694083;-0,0111294150694083;-0,0109290760787767;0,00458790795479365;-0,0196245629888213;-0,00271834155292868;-0,0196245629888213;-0,00271834155292868;100;1;0,9;TRUE;0,99;0,8;TRUE;TRUE;0,01;0,99;0
"hs_pb_c_Log2";"hs_zbmi_who";9,58594405990971e-05;1e-12;-0,000848841517844503;-0,00126469582938151;-0,00126469582938151;-0,00131768381903708;0,00409398277610466;-0,00779504411262582;0,00710580927097393;-0,00779504411262582;0,00710580927097393;100;1;0,9;TRUE;0,58;0,8;FALSE;FALSE;0,42;0,58;0
"hs_hum_mt_hs_h_None";"hs_zbmi_who";9,58594405990971e-05;1e-12;-0,0151945848555044;-0,0157108991477183;-0,0157108991477183;-0,0153145936539013;0,00623556153592424;-0,0276813954067312;-0,00289366823212207;-0,0276813954067312;-0,00289366823212207;100;1;0,9;TRUE;0,99;0,8;TRUE;TRUE;0,01;0,99;0
"hs_tm_mt_hs_h_None";"hs_zbmi_who";9,58594405990971e-05;1e-12;0,00475633866084407;0,00470996353873901;0,00470996353873901;0,00454207792358293;0,00628746772868108;-0,0063060486980569;0,0171301949366498;-0,0063060486980569;0,0171301949366498;100;1;0,9;TRUE;0,76;0,8;FALSE;FALSE;0,76;0,24;0
"hs_uvdvf_mt_hs_h_None";"hs_zbmi_who";9,58594405990971e-05;1e-12;-0,00486808652760925;-0,00466328293435218;-0,00466328293435218;-0,00483851135616203;0,0058001959260798;-0,0147704600320046;0,00516892601265564;-0,0147704600320046;0,00516892601265564;100;1;0,9;TRUE;0,75;0,8;FALSE;FALSE;0,25;0,75;0
"hs_hum_dy_hs_h_None";"hs_zbmi_who";9,58594405990971e-05;1e-12;-0,00509636367282072;-0,00487149466423142;-0,00487149466423142;-0,00428073917325948;0,0056220864212732;-0,0164062260278449;0,00572784577237916;-0,0164062260278449;0,00572784577237916;100;1;0,9;TRUE;0,81;0,8;TRUE;TRUE;0,19;0,81;0
"hs_hum_wk_hs_h_None";"hs_zbmi_who";9,58594405990971e-05;1e-12;-0,0188039189812155;-0,017806952681807;-0,017806952681807;-0,0177010356796011;0,00646546317486343;-0,0295011455306107;-0,00745783526973452;-0,0295011455306107;-0,00745783526973452;100;1;0,9;TRUE;1;0,8;TRUE;TRUE;0;1;0
"hs_tm_dy_hs_h_None";"hs_zbmi_who";9,58594405990971e-05;1e-12;-0,00590245759661168;-0,00526066676547204;-0,00526066676547204;-0,00493311891979606;0,00705052827673401;-0,017636617714727;0,00665925000531789;-0,017636617714727;0,00665925000531789;100;1;0,9;TRUE;0,76;0,8;FALSE;FALSE;0,24;0,76;0
"hs_tm_wk_hs_h_None";"hs_zbmi_who";9,58594405990971e-05;1e-12;0,00344615972024722;0,00340275855073955;0,00340275855073955;0,00355079765070157;0,0059266162146222;-0,00856054826446518;0,0147301388144078;-0,00856054826446518;0,0147301388144078;100;1;0,9;TRUE;0,73;0,8;FALSE;FALSE;0,73;0,27;0
"hs_uvdvf_dy_hs_h_None";"hs_zbmi_who";9,58594405990971e-05;1e-12;-0,000271822140485989;-0,00108907975497946;-0,00108907975497946;-0,00197617491290579;0,00555031789413485;-0,0106458616098004;0,00842955309717012;-0,0106458616098004;0,00842955309717012;100;1;0,9;TRUE;0,57;0,8;FALSE;FALSE;0,43;0,57;0
"hs_uvdvf_wk_hs_h_None";"hs_zbmi_who";9,58594405990971e-05;1e-12;-0,0251120331356587;-0,0241559629744752;-0,0241559629744752;-0,0236347657499564;0,00572574552066678;-0,0347503338428524;-0,0131392974164247;-0,0347503338428524;-0,0131392974164247;100;1;0,9;TRUE;1;0,8;TRUE;TRUE;0;1;0
"hs_ndvi100_h_None";"hs_zbmi_who";9,58594405990971e-05;1e-12;0,0063147333524572;0,00647326683011594;0,00647326683011594;0,00525360438509986;0,00600989393076303;-0,00260527526616735;0,0181168069568214;-0,00260527526616735;0,0181168069568214;100;1;0,9;TRUE;0,84;0,8;TRUE;TRUE;0,84;0,16;0
"hs_ndvi100_s_None";"hs_zbmi_who";9,58594405990971e-05;1e-12;0,00338919457813513;0,00367052637878304;0,00367052637878304;0,00339992607090036;0,00609175664321696;-0,00708587941031822;0,0155877296878093;-0,00708587941031822;0,0155877296878093;100;1;0,9;TRUE;0,73;0,8;FALSE;FALSE;0,73;0,27;0
"hs_dde_cadj_Log2";"hs_zbmi_who";9,58594405990971e-05;1e-12;-0,0228113863790072;-0,0214474922290072;-0,0214474922290072;-0,0218759936813962;0,00523506175740855;-0,0294522550401322;-0,010935911307561;-0,0294522550401322;-0,010935911307561;100;1;0,9;TRUE;1;0,8;TRUE;TRUE;0;1;0
"hs_ddt_cadj_Log2";"hs_zbmi_who";9,58594405990971e-05;1e-12;-0,00591650100668661;-0,00578495973076208;-0,00578495973076208;-0,00587677520768603;0,00461067513117026;-0,0150821303600502;0,00217654077776167;-0,0150821303600502;0,00217654077776167;100;1;0,9;TRUE;0,88;0,8;TRUE;TRUE;0,12;0,88;0
"hs_hcb_cadj_Log2";"hs_zbmi_who";9,58594405990971e-05;1e-12;-0,0133109026353567;-0,0185658538514895;-0,0185658538514895;-0,013959887068471;0,0131705532301441;-0,0434150101472104;-0,00312503799360349;-0,0434150101472104;-0,00312503799360349;100;1;0,9;TRUE;1;0,8;TRUE;TRUE;0;1;0
"hs_pcb118_cadj_Log2";"hs_zbmi_who";9,58594405990971e-05;1e-12;0,0103485930406143;0,00991481172825009;0,00991481172825009;0,00999310684419417;0,00594971541929784;-0,00113731971459933;0,0202817522609467;-0,00113731971459933;0,0202817522609467;100;1;0,9;TRUE;0,95;0,8;TRUE;TRUE;0,95;0,05;0
"hs_pcb138_cadj_Log2";"hs_zbmi_who";9,58594405990971e-05;1e-12;0,00427028689788103;0,00300268823069599;0,00300268823069599;0,00322187243305155;0,0104496438999577;-0,0174693462852769;0,0199674531375278;-0,0174693462852769;0,0199674531375278;100;1;0,9;TRUE;0,6;0,8;FALSE;FALSE;0,6;0,4;0
"hs_pcb153_cadj_Log2";"hs_zbmi_who";9,58594405990971e-05;1e-12;-0,0118528575985252;-0,0109545308774228;-0,0109545308774228;-0,0102974739283224;0,00733893278552433;-0,0266197810276124;0,00223929030780003;-0,0266197810276124;0,00223929030780003;100;1;0,9;TRUE;0,95;0,8;TRUE;TRUE;0,05;0,95;0
"hs_pcb170_cadj_Log2";"hs_zbmi_who";9,58594405990971e-05;1e-12;-0,0213400531659665;-0,0203824323957352;-0,0203824323957352;-0,0202672177764152;0,0054263764933364;-0,0336292536058849;-0,00991393850869338;-0,0336292536058849;-0,00991393850869338;100;1;0,9;TRUE;1;0,8;TRUE;TRUE;0;1;0
"hs_pcb180_cadj_Log2";"hs_zbmi_who";9,58594405990971e-05;1e-12;-0,00715149594953402;-0,00678501403407842;-0,00678501403407842;-0,00741022922859288;0,00677227201296281;-0,0201504733695789;0,00638493737071665;-0,0201504733695789;0,00638493737071665;100;1;0,9;TRUE;0,83;0,8;TRUE;TRUE;0,17;0,83;0
"hs_sumPCBs5_cadj_Log2";"hs_zbmi_who";9,58594405990971e-05;1e-12;-0,025594829685938;-0,0234374948398651;-0,0234374948398651;-0,0238227251837606;0,00723338908186255;-0,0380589819229154;-0,0104214223069506;-0,0380589819229154;-0,0104214223069506;100;1;0,9;TRUE;1;0,8;TRUE;TRUE;0;1;0
"hs_pfhxs_c_Log2";"hs_zbmi_who";9,58594405990971e-05;1e-12;0,015788125934409;0,0151612806025947;0,0151612806025947;0,0151274764216776;0,00632347251021392;0,00316997424828693;0,0273521353121152;0,00316997424828693;0,0273521353121152;100;1;0,9;TRUE;0,98;0,8;TRUE;TRUE;0,98;0,02;0
"hs_pfna_c_Log2";"hs_zbmi_who";9,58594405990971e-05;1e-12;-0,0102013227383758;-0,0101921549898561;-0,0101921549898561;-0,00993131529067876;0,00612995628830528;-0,0219854926318779;0,000906140716131126;-0,0219854926318779;0,000906140716131126;100;1;0,9;TRUE;0,94;0,8;TRUE;TRUE;0,06;0,94;0
"hs_pfoa_c_Log2";"hs_zbmi_who";9,58594405990971e-05;1e-12;0,0106538978757336;0,0102324953585119;0,0102324953585119;0,00970798449254738;0,00482545936329811;0,00211408108770032;0,0202968458419719;0,00211408108770032;0,0202968458419719;100;1;0,9;TRUE;0,99;0,8;TRUE;TRUE;0,99;0,01;0
"hs_pfos_c_Log2";"hs_zbmi_who";9,58594405990971e-05;1e-12;-0,00766608998673527;-0,00653538090947032;-0,00653538090947032;-0,00675659921949167;0,00566390712311798;-0,0178100268927974;0,0040824305606468;-0,0178100268927974;0,0040824305606468;100;1;0,9;TRUE;0,87;0,8;TRUE;TRUE;0,13;0,87;0
"hs_pfunda_c_Log2";"hs_zbmi_who";9,58594405990971e-05;1e-12;0,00273248532000437;0,00269825227679977;0,00269825227679977;0,00266117879300271;0,00440499705091796;-0,00617178336404036;0,0102603579824685;-0,00617178336404036;0,0102603579824685;100;1;0,9;TRUE;0,77;0,8;FALSE;FALSE;0,77;0,23;0
"hs_hm_pers_None";"hs_zbmi_who";9,58594405990971e-05;1e-12;0,000962440507010332;0,00125415010386828;0,00125415010386828;0,00102013559214091;0,00439274028386545;-0,00696014957813474;0,00942609044287727;-0,00696014957813474;0,00942609044287727;100;1;0,9;TRUE;0,66;0,8;FALSE;FALSE;0,66;0,34;0
"hs_trafload_h_pow1over3";"hs_zbmi_who";9,58594405990971e-05;1e-12;-0,00398779436797846;-0,00407884005440811;-0,00407884005440811;-0,00381375681406622;0,00480795043809867;-0,0155224268784062;0,00463022347907818;-0,0155224268784062;0,00463022347907818;100;1;0,9;TRUE;0,83;0,8;TRUE;TRUE;0,17;0,83;0
"hs_trafnear_h_pow1over3";"hs_zbmi_who";9,58594405990971e-05;1e-12;-0,000835394568653168;-0,00077829281539802;-0,00077829281539802;-0,00171444709353004;0,00621528166052144;-0,0118052430038599;0,0118315736830037;-0,0118052430038599;0,0118315736830037;100;1;0,9;TRUE;0,6;0,8;FALSE;FALSE;0,4;0,6;0
"FAS_cat_None_Low";"hs_zbmi_who";9,58594405990971e-05;1e-12;0,0183350326050804;0,0192091520849974;0,0192091520849974;0,0193045907095991;0,0131614759537844;-0,00690942266760932;0,0445031238782104;-0,00690942266760932;0,0445031238782104;100;1;0,9;TRUE;0,96;0,8;TRUE;TRUE;0,96;0,04;0
"FAS_cat_None_Middle";"hs_zbmi_who";9,58594405990971e-05;1e-12;0,0200037644901259;0,0186858898109753;0,0186858898109753;0,0190988404669774;0,00948840934939406;0,00110102938421897;0,0337754372123454;0,00110102938421897;0,0337754372123454;100;1;0,9;TRUE;0,99;0,8;TRUE;TRUE;0,99;0,01;0
"hs_globalexp2_None_no exposure";"hs_zbmi_who";9,58594405990971e-05;1e-12;0,0379391876253739;0,0377705594495197;0,0377705594495197;0,0364727777435543;0,00897764242644505;0,0235899990748165;0,0564223672622771;0,0235899990748165;0,0564223672622771;100;1;0,9;TRUE;1;0,8;TRUE;TRUE;1;0;0
"hs_no2_dy_hs_h_Log";"hs_correct_raven";9,58594405990971e-05;1e-12;-0,0127270115069653;-0,0116342762177215;-0,0116342762177215;-0,01175432796203;0,00885980423274804;-0,029462527617433;0,00718831285089018;-0,029462527617433;0,00718831285089018;100;1;0,9;TRUE;0,93;0,8;TRUE;TRUE;0,07;0,93;0
"hs_no2_wk_hs_h_Log";"hs_correct_raven";9,58594405990971e-05;1e-12;0,00552449302881338;0,00616140857669814;0,00616140857669814;0,00640810013962873;0,00949669321492519;-0,0141382794626348;0,0228879499246127;-0,0141382794626348;0,0228879499246127;100;1;0,9;TRUE;0,81;0,8;TRUE;TRUE;0,81;0,19;0
"hs_no2_yr_hs_h_Log";"hs_correct_raven";9,58594405990971e-05;1e-12;0,0348103563753645;0,0341768906071862;0,0341768906071862;0,0329080301657629;0,0116460835842741;0,0127493290479969;0,0571429137011802;0,0127493290479969;0,0571429137011802;100;1;0,9;TRUE;1;0,8;TRUE;TRUE;1;0;0
"hs_pm10_dy_hs_h_None";"hs_correct_raven";9,58594405990971e-05;1e-12;-0,0175184850133778;-0,0181532917229915;-0,0181532917229915;-0,0178394953343141;0,00786082779012983;-0,0328240537021854;-0,00179369317854307;-0,0328240537021854;-0,00179369317854307;100;1;0,9;TRUE;0,97;0,8;TRUE;TRUE;0,03;0,97;0
"hs_pm10_wk_hs_h_None";"hs_correct_raven";9,58594405990971e-05;1e-12;-0,000811375658908635;-0,000361033271314049;-0,000361033271314049;-0,000333216908060568;0,0085613754727957;-0,0197939999462464;0,0149675595189538;-0,0197939999462464;0,0149675595189538;100;1;0,9;TRUE;0,51;0,8;FALSE;FALSE;0,49;0,51;0
"hs_pm10_yr_hs_h_None";"hs_correct_raven";9,58594405990971e-05;1e-12;0,00298443806902941;0,0021632347428103;0,0021632347428103;0,0032773704698074;0,0118414036827233;-0,0184571291455336;0,0240233697024517;-0,0184571291455336;0,0240233697024517;100;1;0,9;TRUE;0,61;0,8;FALSE;FALSE;0,61;0,39;0
"hs_pm25_dy_hs_h_None";"hs_correct_raven";9,58594405990971e-05;1e-12;0,00718679486351024;0,00749003759877268;0,00749003759877268;0,00784216150679037;0,00809806026852541;-0,00702310874928678;0,0237207511425962;-0,00702310874928678;0,0237207511425962;100;1;0,9;TRUE;0,82;0,8;TRUE;TRUE;0,82;0,18;0
"hs_pm25_wk_hs_h_None";"hs_correct_raven";9,58594405990971e-05;1e-12;-0,00308765727507236;-0,00352974479407646;-0,00352974479407646;-0,00360402263083501;0,00715429795335476;-0,0161802711840706;0,00971368366976545;-0,0161802711840706;0,00971368366976545;100;1;0,9;TRUE;0,73;0,8;FALSE;FALSE;0,27;0,73;0
"hs_pm25_yr_hs_h_None";"hs_correct_raven";9,58594405990971e-05;1e-12;0,0124552586832387;0,0115024118827148;0,0115024118827148;0,0108519490048171;0,0131162834624449;-0,011993780691234;0,03575369982229;-0,011993780691234;0,03575369982229;100;1;0,9;TRUE;0,78;0,8;FALSE;FALSE;0,78;0,22;0
"hs_pm25abs_dy_hs_h_Log";"hs_correct_raven";9,58594405990971e-05;1e-12;0,0212090951380595;0,0202172422624514;0,0202172422624514;0,0188319931522505;0,00750512757092191;0,00606662172264341;0,0335458217282223;0,00606662172264341;0,0335458217282223;100;1;0,9;TRUE;1;0,8;TRUE;TRUE;1;0;0
"hs_pm25abs_wk_hs_h_Log";"hs_correct_raven";9,58594405990971e-05;1e-12;-0,019299963876596;-0,0177390519925355;-0,0177390519925355;-0,0177986744804405;0,00834844062128989;-0,0338828433791644;-0,0033410667148619;-0,0338828433791644;-0,0033410667148619;100;1;0,9;TRUE;0,99;0,8;TRUE;TRUE;0,01;0,99;0
"hs_pm25abs_yr_hs_h_Log";"hs_correct_raven";9,58594405990971e-05;1e-12;-0,0055634501866091;-0,00579084021376181;-0,00579084021376181;-0,0057879474430477;0,00827848686686872;-0,0240280356333941;0,00862723205596117;-0,0240280356333941;0,00862723205596117;100;1;0,9;TRUE;0,76;0,8;FALSE;FALSE;0,24;0,76;0
"hs_accesslines300_h_dic0";"hs_correct_raven";9,58594405990971e-05;1e-12;-0,00764154978250932;-0,0083262047219455;-0,0083262047219455;-0,0107011575931042;0,03379065135093;-0,0662913235906817;0,0615959900001908;-0,0662913235906817;0,0615959900001908;100;1;0,9;TRUE;0,66;0,8;FALSE;FALSE;0,34;0,66;0
"hs_accesspoints300_h_Log";"hs_correct_raven";9,58594405990971e-05;1e-12;-0,0034570834226213;-0,00241242040428937;-0,00241242040428937;-0,00208663338635173;0,00739016702038888;-0,0182822928326378;0,0109235954016872;-0,0182822928326378;0,0109235954016872;100;1;0,9;TRUE;0,59;0,8;FALSE;FALSE;0,41;0,59;0
"hs_builtdens300_h_Sqrt";"hs_correct_raven";9,58594405990971e-05;1e-12;-0,00394443818801945;-0,00385919021162753;-0,00385919021162753;-0,00367545827264749;0,00722058460676555;-0,0185445719929884;0,00954729519982265;-0,0185445719929884;0,00954729519982265;100;1;0,9;TRUE;0,69;0,8;FALSE;FALSE;0,31;0,69;0
"hs_connind300_h_Log";"hs_correct_raven";9,58594405990971e-05;1e-12;-0,00933460862275612;-0,00887001306429096;-0,00887001306429096;-0,00921734147715259;0,00920800440439427;-0,025831672836129;0,00646446026377965;-0,025831672836129;0,00646446026377965;100;1;0,9;TRUE;0,83;0,8;TRUE;TRUE;0,17;0,83;0
"hs_fdensity300_h_Log";"hs_correct_raven";9,58594405990971e-05;1e-12;0,035136700153464;0,0343138348277088;0,0343138348277088;0,0346577260542082;0,00831157850271767;0,0174944352634094;0,0537216136128445;0,0174944352634094;0,0537216136128445;100;1;0,9;TRUE;1;0,8;TRUE;TRUE;1;0;0
"hs_landuseshan300_h_None";"hs_correct_raven";9,58594405990971e-05;1e-12;0,00972842147465149;0,00974689675505417;0,00974689675505417;0,00938808129060175;0,00651094538250866;-0,0018879245142604;0,0230878767909529;-0,0018879245142604;0,0230878767909529;100;1;0,9;TRUE;0,93;0,8;TRUE;TRUE;0,93;0,07;0
"hs_popdens_h_Sqrt";"hs_correct_raven";9,58594405990971e-05;1e-12;-0,0184514362425926;-0,0183017412477471;-0,0183017412477471;-0,0180035017657296;0,00656665705572982;-0,0304191289050835;-0,00663172822387679;-0,0304191289050835;-0,00663172822387679;100;1;0,9;TRUE;1;0,8;TRUE;TRUE;0;1;0
"hs_walkability_mean_h_None";"hs_correct_raven";9,58594405990971e-05;1e-12;-0,00278899225699393;-0,00294144529813724;-0,00294144529813724;-0,00276935468798471;0,00638559892461058;-0,014554797818592;0,00779209000582942;-0,014554797818592;0,00779209000582942;100;1;0,9;TRUE;0,68;0,8;FALSE;FALSE;0,32;0,68;0
"hs_accesslines300_s_dic0";"hs_correct_raven";9,58594405990971e-05;1e-12;0,035949212922508;0,0358985770204321;0,0358985770204321;0,0361424258994773;0,0302600885278435;-0,0208320267914606;0,103963595228417;-0,0208320267914606;0,103963595228417;100;1;0,9;TRUE;0,92;0,8;TRUE;TRUE;0,92;0,08;0
"hs_accesspoints300_s_Log";"hs_correct_raven";9,58594405990971e-05;1e-12;0,00436724315826083;0,0045454849789038;0,0045454849789038;0,00412235130422208;0,00795145607888947;-0,00986498647344239;0,0211425899755471;-0,00986498647344239;0,0211425899755471;100;1;0,9;TRUE;0,74;0,8;FALSE;FALSE;0,74;0,26;0
"hs_builtdens300_s_Sqrt";"hs_correct_raven";9,58594405990971e-05;1e-12;-0,013837023828385;-0,0134655761184321;-0,0134655761184321;-0,011754895628261;0,0087005744091039;-0,0303544873142588;0,00112688238210554;-0,0303544873142588;0,00112688238210554;100;1;0,9;TRUE;0,95;0,8;TRUE;TRUE;0,05;0,95;0
"hs_connind300_s_Log";"hs_correct_raven";9,58594405990971e-05;1e-12;0,00820597091343705;0,00871623841210384;0,00871623841210384;0,00894931922501228;0,00663507144298375;-0,00361083474486675;0,0204480508637504;-0,00361083474486675;0,0204480508637504;100;1;0,9;TRUE;0,87;0,8;TRUE;TRUE;0,87;0,13;0
"hs_fdensity300_s_Log";"hs_correct_raven";9,58594405990971e-05;1e-12;0,0158473903291948;0,016111009079672;0,016111009079672;0,0151169698332807;0,00720075124136261;0,00382998687699997;0,0311816337365558;0,00382998687699997;0,0311816337365558;100;1;0,9;TRUE;1;0,8;TRUE;TRUE;1;0;0
"hs_landuseshan300_s_None";"hs_correct_raven";9,58594405990971e-05;1e-12;-0,00100579196966939;-0,000456566534533597;-0,000456566534533597;-4,56372175082499e-05;0,00545457788603874;-0,0103880036402631;0,00965461787346259;-0,0103880036402631;0,00965461787346259;100;1;0,9;TRUE;0,5;0,8;FALSE;FALSE;0,5;0,5;0
"hs_popdens_s_Sqrt";"hs_correct_raven";9,58594405990971e-05;1e-12;-0,00087747754577494;-0,00117408574283397;-0,00117408574283397;-0,000984519023210002;0,00682979538630376;-0,0150461927157585;0,0112923031701285;-0,0150461927157585;0,0112923031701285;100;1;0,9;TRUE;0,59;0,8;FALSE;FALSE;0,41;0,59;0
"h_Absorbance_Log";"hs_correct_raven";9,58594405990971e-05;1e-12;0,00827459433373208;0,00742115102758355;0,00742115102758355;0,00684544173256586;0,0066718070333868;-0,00406338851088657;0,0185030970022675;-0,00406338851088657;0,0185030970022675;100;1;0,9;TRUE;0,86;0,8;TRUE;TRUE;0,86;0,14;0
"h_Benzene_Log";"hs_correct_raven";9,58594405990971e-05;1e-12;-0,0113818223276792;-0,0113312243347636;-0,0113312243347636;-0,0109080554976607;0,00642307307589247;-0,0247514236083401;-0,000397056831649393;-0,0247514236083401;-0,000397056831649393;100;1;0,9;TRUE;0,98;0,8;TRUE;TRUE;0,02;0,98;0
"h_NO2_Log";"hs_correct_raven";9,58594405990971e-05;1e-12;0,0131481280820033;0,0132239839704613;0,0132239839704613;0,0136806112845648;0,00747514026213975;-0,00234262399175113;0,025899132239966;-0,00234262399175113;0,025899132239966;100;1;0,9;TRUE;0,95;0,8;TRUE;TRUE;0,95;0,05;0
"h_PM_Log";"hs_correct_raven";9,58594405990971e-05;1e-12;-0,00570547543290805;-0,00474661855708182;-0,00474661855708182;-0,00370870650162354;0,00562117373103224;-0,0158364726870559;0,00538391044626984;-0,0158364726870559;0,00538391044626984;100;1;0,9;TRUE;0,84;0,8;TRUE;TRUE;0,16;0,84;0
"h_TEX_Log";"hs_correct_raven";9,58594405990971e-05;1e-12;-0,00470324225243895;-0,00487636978151714;-0,00487636978151714;-0,00564529189228086;0,00583173461885558;-0,0145416055462741;0,00615098193166771;-0,0145416055462741;0,00615098193166771;100;1;0,9;TRUE;0,77;0,8;FALSE;FALSE;0,23;0,77;0
"hs_KIDMED_None";"hs_correct_raven";9,58594405990971e-05;1e-12;0,0122553182380313;0,0121905528843831;0,0121905528843831;0,0115165853360543;0,00519138490965768;0,00356602198958194;0,023226228701;0,00356602198958194;0,023226228701;100;1;0,9;TRUE;1;0,8;TRUE;TRUE;1;0;0
"hs_mvpa_prd_alt_None";"hs_correct_raven";9,58594405990971e-05;1e-12;-0,0151255402777265;-0,0154277242638229;-0,0154277242638229;-0,014956441069465;0,00651280466443261;-0,0281204634976945;-0,00497159563685326;-0,0281204634976945;-0,00497159563685326;100;1;0,9;TRUE;1;0,8;TRUE;TRUE;0;1;0
"hs_sd_wk_None";"hs_correct_raven";9,58594405990971e-05;1e-12;-0,0092904942142473;-0,00863560245163642;-0,00863560245163642;-0,009183543465996;0,00539517253290258;-0,0171968533541679;0,00205243245699598;-0,0171968533541679;0,00205243245699598;100;1;0,9;TRUE;0,92;0,8;TRUE;TRUE;0,08;0,92;0
"hs_dif_hours_total_None";"hs_correct_raven";9,58594405990971e-05;1e-12;0,0029727921159731;0,0030099608440542;0,0030099608440542;0,00273707073414144;0,00662182483639954;-0,0100076816746818;0,0158705226105276;-0,0100076816746818;0,0158705226105276;100;1;0,9;TRUE;0,72;0,8;FALSE;FALSE;0,72;0,28;0
"hs_as_c_Log2";"hs_correct_raven";9,58594405990971e-05;1e-12;0,0196592076777599;0,0195924899237162;0,0195924899237162;0,0195863415798993;0,00593480346875644;0,00888362212387607;0,0305678621886666;0,00888362212387607;0,0305678621886666;100;1;0,9;TRUE;1;0,8;TRUE;TRUE;1;0;0
"hs_cd_c_Log2";"hs_correct_raven";9,58594405990971e-05;1e-12;-0,00556737171937761;-0,00540956206259353;-0,00540956206259353;-0,00468379316628304;0,00538522909072196;-0,0159255986864918;0,00384922852142851;-0,0159255986864918;0,00384922852142851;100;1;0,9;TRUE;0,86;0,8;TRUE;TRUE;0,14;0,86;0
"hs_co_c_Log2";"hs_correct_raven";9,58594405990971e-05;1e-12;0,00798873873315029;0,00773020258379549;0,00773020258379549;0,00830420442695561;0,00564768342398512;-0,00580538693413024;0,0172363985291035;-0,00580538693413024;0,0172363985291035;100;1;0,9;TRUE;0,93;0,8;TRUE;TRUE;0,93;0,07;0
"hs_cs_c_Log2";"hs_correct_raven";9,58594405990971e-05;1e-12;0,00181119745094624;0,00150557607928077;0,00150557607928077;0,00165402061354586;0,00700146787030845;-0,0110556217851945;0,0152981409222777;-0,0110556217851945;0,0152981409222777;100;1;0,9;TRUE;0,61;0,8;FALSE;FALSE;0,61;0,39;0
"hs_cu_c_Log2";"hs_correct_raven";9,58594405990971e-05;1e-12;-0,00551652077574231;-0,00580180585093453;-0,00580180585093453;-0,00654794348157415;0,00590340600858915;-0,0168946049353692;0,00534409021563397;-0,0168946049353692;0,00534409021563397;100;1;0,9;TRUE;0,85;0,8;TRUE;TRUE;0,15;0,85;0
"hs_hg_c_Log2";"hs_correct_raven";9,58594405990971e-05;1e-12;-0,0138456173218843;-0,0135841180618413;-0,0135841180618413;-0,0132942831811578;0,0064786841498823;-0,0265295205167253;-0,00210266424620067;-0,0265295205167253;-0,00210266424620067;100;1;0,9;TRUE;1;0,8;TRUE;TRUE;0;1;0
"hs_mn_c_Log2";"hs_correct_raven";9,58594405990971e-05;1e-12;-0,012038576130588;-0,0118752058463739;-0,0118752058463739;-0,0122944046341142;0,00507394180870465;-0,0214317246369065;-0,000815760420513106;-0,0214317246369065;-0,000815760420513106;100;1;0,9;TRUE;0,98;0,8;TRUE;TRUE;0,02;0,98;0
"hs_mo_c_Log2";"hs_correct_raven";9,58594405990971e-05;1e-12;-0,0087124943283619;-0,0086307325539912;-0,0086307325539912;-0,00803988918728909;0,00603392577871141;-0,0186103792745129;0,00371129810921542;-0,0186103792745129;0,00371129810921542;100;1;0,9;TRUE;0,95;0,8;TRUE;TRUE;0,05;0,95;0
"hs_pb_c_Log2";"hs_correct_raven";9,58594405990971e-05;1e-12;-0,00787037380747166;-0,00728728665661716;-0,00728728665661716;-0,00724740827828075;0,00659127020422265;-0,0194189385072697;0,00437994237143395;-0,0194189385072697;0,00437994237143395;100;1;0,9;TRUE;0,86;0,8;TRUE;TRUE;0,14;0,86;0
"hs_hum_mt_hs_h_None";"hs_correct_raven";9,58594405990971e-05;1e-12;-0,0269435304473522;-0,0267947172738979;-0,0267947172738979;-0,027239440535976;0,00734906232139657;-0,0382711972976512;-0,0118283562898877;-0,0382711972976512;-0,0118283562898877;100;1;0,9;TRUE;1;0,8;TRUE;TRUE;0;1;0
"hs_tm_mt_hs_h_None";"hs_correct_raven";9,58594405990971e-05;1e-12;0,0146333259276552;0,0140683238816853;0,0140683238816853;0,0135984720419157;0,00953339110991698;-0,00336352980711474;0,0319737156304796;-0,00336352980711474;0,0319737156304796;100;1;0,9;TRUE;0,92;0,8;TRUE;TRUE;0,92;0,08;0
"hs_uvdvf_mt_hs_h_None";"hs_correct_raven";9,58594405990971e-05;1e-12;-0,00483102421459065;-0,00452951562981196;-0,00452951562981196;-0,00463664361254169;0,00910102060929846;-0,0211131033230254;0,0114288777235747;-0,0211131033230254;0,0114288777235747;100;1;0,9;TRUE;0,72;0,8;FALSE;FALSE;0,28;0,72;0
"hs_hum_dy_hs_h_None";"hs_correct_raven";9,58594405990971e-05;1e-12;-0,00513374253579458;-0,00637627366889204;-0,00637627366889204;-0,00611233365784647;0,00616997343632849;-0,0178951675568413;0,0035724700620268;-0,0178951675568413;0,0035724700620268;100;1;0,9;TRUE;0,82;0,8;TRUE;TRUE;0,18;0,82;0
"hs_hum_wk_hs_h_None";"hs_correct_raven";9,58594405990971e-05;1e-12;-0,0152687579158542;-0,0151430444210676;-0,0151430444210676;-0,0142782925942441;0,00812592249118086;-0,0306955378320628;0,00126680708155915;-0,0306955378320628;0,00126680708155915;100;1;0,9;TRUE;0,96;0,8;TRUE;TRUE;0,04;0,96;0
"hs_tm_dy_hs_h_None";"hs_correct_raven";9,58594405990971e-05;1e-12;-0,0084390385762224;-0,00861380312726182;-0,00861380312726182;-0,00784256596226504;0,00848132093081523;-0,0239109731267773;0,00694098920262048;-0,0239109731267773;0,00694098920262048;100;1;0,9;TRUE;0,87;0,8;TRUE;TRUE;0,13;0,87;0
"hs_tm_wk_hs_h_None";"hs_correct_raven";9,58594405990971e-05;1e-12;-0,004268995583555;-0,00374175881529516;-0,00374175881529516;-0,00339116074465784;0,00870206409441503;-0,0194650088638735;0,0127592244042499;-0,0194650088638735;0,0127592244042499;100;1;0,9;TRUE;0,65;0,8;FALSE;FALSE;0,35;0,65;0
"hs_uvdvf_dy_hs_h_None";"hs_correct_raven";9,58594405990971e-05;1e-12;0,000123659725077036;0,000388932533294038;0,000388932533294038;0,000452217667566863;0,0090511415965148;-0,0176948668089731;0,017341364633323;-0,0176948668089731;0,017341364633323;100;1;0,9;TRUE;0,52;0,8;FALSE;FALSE;0,52;0,48;0
"hs_uvdvf_wk_hs_h_None";"hs_correct_raven";9,58594405990971e-05;1e-12;-0,0226424088933268;-0,0216739528289019;-0,0216739528289019;-0,0223858709936237;0,00913943769297451;-0,0385699099037796;-0,00312164172307342;-0,0385699099037796;-0,00312164172307342;100;1;0,9;TRUE;1;0,8;TRUE;TRUE;0;1;0
"hs_ndvi100_h_None";"hs_correct_raven";9,58594405990971e-05;1e-12;0,00330758309883849;0,00320791881015198;0,00320791881015198;0,00322967147407364;0,00886528103406027;-0,0139597714600301;0,0170851459532967;-0,0139597714600301;0,0170851459532967;100;1;0,9;TRUE;0,66;0,8;FALSE;FALSE;0,66;0,34;0
"hs_ndvi100_s_None";"hs_correct_raven";9,58594405990971e-05;1e-12;-0,00262338349119161;-0,00249775210164168;-0,00249775210164168;-0,00175798745923097;0,00774465055930332;-0,0149399583361986;0,0121111705404612;-0,0149399583361986;0,0121111705404612;100;1;0,9;TRUE;0,59;0,8;FALSE;FALSE;0,41;0,59;0
"hs_dde_cadj_Log2";"hs_correct_raven";9,58594405990971e-05;1e-12;-0,0131537224972897;-0,0125502785089597;-0,0125502785089597;-0,0108023678144392;0,00817832815644243;-0,032647521871497;-0,00125547561142641;-0,032647521871497;-0,00125547561142641;100;1;0,9;TRUE;0,98;0,8;TRUE;TRUE;0,02;0,98;0
"hs_ddt_cadj_Log2";"hs_correct_raven";9,58594405990971e-05;1e-12;-0,0102374429909294;-0,0106515514355314;-0,0106515514355314;-0,011495950528497;0,0065167850501865;-0,0223158369831108;0,00206588437414102;-0,0223158369831108;0,00206588437414102;100;1;0,9;TRUE;0,95;0,8;TRUE;TRUE;0,05;0,95;0
"hs_hcb_cadj_Log2";"hs_correct_raven";9,58594405990971e-05;1e-12;0,000579805519669897;-0,00181186852527332;-0,00181186852527332;0,00122079663437253;0,00799205178595349;-0,0217990998224924;0,00711832988475389;-0,0217990998224924;0,00711832988475389;100;1;0,9;TRUE;0,59;0,8;FALSE;FALSE;0,59;0,41;0
"hs_pcb118_cadj_Log2";"hs_correct_raven";9,58594405990971e-05;1e-12;-0,0159779422887988;-0,0160327385614959;-0,0160327385614959;-0,0159011127331275;0,00774494269295462;-0,0316809264705289;-0,00224523574570048;-0,0316809264705289;-0,00224523574570048;100;1;0,9;TRUE;0,98;0,8;TRUE;TRUE;0,02;0,98;0
"hs_pcb138_cadj_Log2";"hs_correct_raven";9,58594405990971e-05;1e-12;0,00487135253798981;0,00343673495298245;0,00343673495298245;0,00406383502026505;0,00928823063715259;-0,0178227160587873;0,0176355716939597;-0,0178227160587873;0,0176355716939597;100;1;0,9;TRUE;0,7;0,8;FALSE;FALSE;0,7;0,3;0
"hs_pcb153_cadj_Log2";"hs_correct_raven";9,58594405990971e-05;1e-12;-0,0103177736902808;-0,00919850961628623;-0,00919850961628623;-0,00931614270026921;0,00991751875678937;-0,0275418338225478;0,00725895843327609;-0,0275418338225478;0,00725895843327609;100;1;0,9;TRUE;0,87;0,8;TRUE;TRUE;0,13;0,87;0
"hs_pcb170_cadj_Log2";"hs_correct_raven";9,58594405990971e-05;1e-12;0,0102032489916536;0,0102984784749291;0,0102984784749291;0,010462586738777;0,00735362878562893;-0,00459038362045508;0,0240178234605551;-0,00459038362045508;0,0240178234605551;100;1;0,9;TRUE;0,91;0,8;TRUE;TRUE;0,91;0,09;0
"hs_pcb180_cadj_Log2";"hs_correct_raven";9,58594405990971e-05;1e-12;0,00804336756992616;0,00729689976914552;0,00729689976914552;0,00706096489068987;0,00711818616400316;-0,00626673583693005;0,0202293855072711;-0,00626673583693005;0,0202293855072711;100;1;0,9;TRUE;0,85;0,8;TRUE;TRUE;0,85;0,15;0
"hs_sumPCBs5_cadj_Log2";"hs_correct_raven";9,58594405990971e-05;1e-12;-0,00604608763889924;-0,00496601293851767;-0,00496601293851767;-0,00487368667669655;0,00903006911824651;-0,0205312680295458;0,013990587466041;-0,0205312680295458;0,013990587466041;100;1;0,9;TRUE;0,73;0,8;FALSE;FALSE;0,27;0,73;0
"hs_pfhxs_c_Log2";"hs_correct_raven";9,58594405990971e-05;1e-12;0,027735242874925;0,0273494254013049;0,0273494254013049;0,0274480775247528;0,00689488249518572;0,0140200266981692;0,0407838817756089;0,0140200266981692;0,0407838817756089;100;1;0,9;TRUE;1;0,8;TRUE;TRUE;1;0;0
"hs_pfna_c_Log2";"hs_correct_raven";9,58594405990971e-05;1e-12;-0,024948985098119;-0,0247466390032365;-0,0247466390032365;-0,0252718827444361;0,00720522714651907;-0,0385302962610114;-0,0128972224885352;-0,0385302962610114;-0,0128972224885352;100;1;0,9;TRUE;1;0,8;TRUE;TRUE;0;1;0
"hs_pfoa_c_Log2";"hs_correct_raven";9,58594405990971e-05;1e-12;0,0256444518286187;0,0253967882887344;0,0253967882887344;0,0246904164312848;0,00661090274221215;0,0134522554215652;0,0391538916716504;0,0134522554215652;0,0391538916716504;100;1;0,9;TRUE;1;0,8;TRUE;TRUE;1;0;0
"hs_pfos_c_Log2";"hs_correct_raven";9,58594405990971e-05;1e-12;0,0136734487423706;0,0136085599088034;0,0136085599088034;0,0134396046446223;0,00731058005498818;-0,00121820561619121;0,0276282017188625;-0,00121820561619121;0,0276282017188625;100;1;0,9;TRUE;0,96;0,8;TRUE;TRUE;0,96;0,04;0
"hs_pfunda_c_Log2";"hs_correct_raven";9,58594405990971e-05;1e-12;0,00783854670234554;0,00793968613795256;0,00793968613795256;0,00731907529015549;0,00575615571713265;-0,00199384120194932;0,0200179059214095;-0,00199384120194932;0,0200179059214095;100;1;0,9;TRUE;0,91;0,8;TRUE;TRUE;0,91;0,09;0
"hs_hm_pers_None";"hs_correct_raven";9,58594405990971e-05;1e-12;-0,0132678464526449;-0,0130262370537914;-0,0130262370537914;-0,013430172477578;0,00595749745684361;-0,02313650739472;-0,000594775085352477;-0,02313650739472;-0,000594775085352477;100;1;0,9;TRUE;0,99;0,8;TRUE;TRUE;0,01;0,99;0
"hs_trafload_h_pow1over3";"hs_correct_raven";9,58594405990971e-05;1e-12;0,00078822349197626;0,000928920923072206;0,000928920923072206;0,000878775875357914;0,00642345493767799;-0,0108167063870357;0,0139721707512237;-0,0108167063870357;0,0139721707512237;100;1;0,9;TRUE;0,54;0,8;FALSE;FALSE;0,54;0,46;0
"hs_trafnear_h_pow1over3";"hs_correct_raven";9,58594405990971e-05;1e-12;-0,0173496466786988;-0,0175860917595321;-0,0175860917595321;-0,018146223177019;0,00790928531825998;-0,031270022433175;-0,00123625973347379;-0,031270022433175;-0,00123625973347379;100;1;0,9;TRUE;0,98;0,8;TRUE;TRUE;0,02;0,98;0
"FAS_cat_None_Low";"hs_correct_raven";9,58594405990971e-05;1e-12;0,0312178310058505;0,0318966100628243;0,0318966100628243;0,0323995373800037;0,0178403332729108;-0,00106713213684404;0,0657808355332601;-0,00106713213684404;0,0657808355332601;100;1;0,9;TRUE;0,97;0,8;TRUE;TRUE;0,97;0,03;0
"FAS_cat_None_Middle";"hs_correct_raven";9,58594405990971e-05;1e-12;0,04439962484935;0,0442416938357255;0,0442416938357255;0,0446931945615137;0,011295688065221;0,0255341053809539;0,0640302892038343;0,0255341053809539;0,0640302892038343;100;1;0,9;TRUE;1;0,8;TRUE;TRUE;1;0;0
"hs_globalexp2_None_no exposure";"hs_correct_raven";9,58594405990971e-05;1e-12;0,0492597916305553;0,0490182699836217;0,0490182699836217;0,0492190869711655;0,0122101821141298;0,0262499123412902;0,0753136239858581;0,0262499123412902;0,0753136239858581;100;1;0,9;TRUE;1;0,8;TRUE;TRUE;1;0;0
"hs_no2_dy_hs_h_Log";"hs_Gen_Tot";9,58594405990971e-05;1e-12;0,00925789378246438;0,00861192850425409;0,00861192850425409;0,00796429107712667;0,00464812552722223;0,00128983549851316;0,017681621614351;0,00128983549851316;0,017681621614351;100;1;0,9;TRUE;0,99;0,8;TRUE;TRUE;0,99;0,01;0
"hs_no2_wk_hs_h_Log";"hs_Gen_Tot";9,58594405990971e-05;1e-12;0,00495775014171301;0,00447641326332483;0,00447641326332483;0,00463553911547651;0,00297590730726715;-0,00113064506684274;0,0114252464431414;-0,00113064506684274;0,0114252464431414;100;1;0,9;TRUE;0,94;0,8;TRUE;TRUE;0,94;0,06;0
"hs_no2_yr_hs_h_Log";"hs_Gen_Tot";9,58594405990971e-05;1e-12;0,00697695760937134;0,00678364825402558;0,00678364825402558;0,0069917873799681;0,00322911494989445;-0,000235540976649368;0,012435529561678;-0,000235540976649368;0,012435529561678;100;1;0,9;TRUE;0,96;0,8;TRUE;TRUE;0,96;0,04;0
"hs_pm10_dy_hs_h_None";"hs_Gen_Tot";9,58594405990971e-05;1e-12;0,000657394643532991;-6,46156888226773e-05;-6,46156888226773e-05;7,39845748173375e-05;0,00255904339883679;-0,00457569935152777;0,00499304881437492;-0,00457569935152777;0,00499304881437492;100;1;0,9;TRUE;0,51;0,8;FALSE;FALSE;0,51;0,49;0
"hs_pm10_wk_hs_h_None";"hs_Gen_Tot";9,58594405990971e-05;1e-12;-0,00501999009966859;-0,00486367745096626;-0,00486367745096626;-0,00428283513977331;0,00342930651678826;-0,0132899904696811;2,96549961481184e-05;-0,0132899904696811;2,96549961481184e-05;100;1;0,9;TRUE;0,97;0,8;TRUE;TRUE;0,03;0,97;0
"hs_pm10_yr_hs_h_None";"hs_Gen_Tot";9,58594405990971e-05;1e-12;-0,00742772414895724;-0,00605476558614305;-0,00605476558614305;-0,00568832994788344;0,00353217905008312;-0,0136216254279883;-0,000237746665044137;-0,0136216254279883;-0,000237746665044137;100;1;0,9;TRUE;0,98;0,8;TRUE;TRUE;0,02;0,98;0
"hs_pm25_dy_hs_h_None";"hs_Gen_Tot";9,58594405990971e-05;1e-12;0,00226947003856769;0,00255088518100374;0,00255088518100374;0,00228975478290343;0,00276075902959673;-0,00256742581706557;0,00864422743075807;-0,00256742581706557;0,00864422743075807;100;1;0,9;TRUE;0,84;0,8;TRUE;TRUE;0,84;0,16;0
"hs_pm25_wk_hs_h_None";"hs_Gen_Tot";9,58594405990971e-05;1e-12;-0,0058446577408614;-0,00530959963305946;-0,00530959963305946;-0,00439495351253153;0,0033632044354495;-0,0133852831756559;-0,000746848071199267;-0,0133852831756559;-0,000746848071199267;100;1;0,9;TRUE;0,98;0,8;TRUE;TRUE;0,02;0,98;0
"hs_pm25_yr_hs_h_None";"hs_Gen_Tot";9,58594405990971e-05;1e-12;0,0106078183713348;0,00885338094015607;0,00885338094015607;0,0086336085355707;0,00364410506382995;0,00199505385566964;0,0153641322455956;0,00199505385566964;0,0153641322455956;100;1;0,9;TRUE;0,99;0,8;TRUE;TRUE;0,99;0,01;0
"hs_pm25abs_dy_hs_h_Log";"hs_Gen_Tot";9,58594405990971e-05;1e-12;-0,00667550968171951;-0,00570896402301509;-0,00570896402301509;-0,00519028654986764;0,00373345436791464;-0,012672651222935;0,000212375009784181;-0,012672651222935;0,000212375009784181;100;1;0,9;TRUE;0,97;0,8;TRUE;TRUE;0,03;0,97;0
"hs_pm25abs_wk_hs_h_Log";"hs_Gen_Tot";9,58594405990971e-05;1e-12;-0,00406687751627798;-0,00319778242659047;-0,00319778242659047;-0,00303148070375666;0,00270108231703417;-0,00795377915510135;0,0019791441323875;-0,00795377915510135;0,0019791441323875;100;1;0,9;TRUE;0,88;0,8;TRUE;TRUE;0,12;0,88;0
"hs_pm25abs_yr_hs_h_Log";"hs_Gen_Tot";9,58594405990971e-05;1e-12;-0,0048118392697855;-0,00400261588320454;-0,00400261588320454;-0,00376509133476801;0,00340171979165165;-0,0112415657791868;0,00147246443086861;-0,0112415657791868;0,00147246443086861;100;1;0,9;TRUE;0,91;0,8;TRUE;TRUE;0,09;0,91;0
"hs_accesslines300_h_dic0";"hs_Gen_Tot";9,58594405990971e-05;1e-12;-0,00217035578681324;0,000351854851008075;0,000351854851008075;-8,02554461416276e-05;0,00745305899492914;-0,0132330925895801;0,015246728866709;-0,0132330925895801;0,015246728866709;100;1;0,9;TRUE;0,5;0,8;FALSE;FALSE;0,5;0,5;0
"hs_accesspoints300_h_Log";"hs_Gen_Tot";9,58594405990971e-05;1e-12;-0,000927875234489648;0,000808440063187892;0,000808440063187892;0,00126146850427146;0,00331500619129089;-0,00576846896688881;0,00810186372903721;-0,00576846896688881;0,00810186372903721;100;1;0,9;TRUE;0,44;0,8;FALSE;FALSE;0,56;0,44;0
"hs_builtdens300_h_Sqrt";"hs_Gen_Tot";9,58594405990971e-05;1e-12;-0,0026254901739757;-0,00215298188754217;-0,00215298188754217;-0,00208366999279597;0,00251562019169183;-0,00725448156786999;0,00285321234642996;-0,00725448156786999;0,00285321234642996;100;1;0,9;TRUE;0,82;0,8;TRUE;TRUE;0,18;0,82;0
"hs_connind300_h_Log";"hs_Gen_Tot";9,58594405990971e-05;1e-12;0,00475891493933775;0,00410232543326448;0,00410232543326448;0,00394501285258596;0,0030287657189892;-0,000550221245990719;0,00971204567177722;-0,000550221245990719;0,00971204567177722;100;1;0,9;TRUE;0,92;0,8;TRUE;TRUE;0,92;0,08;0
"hs_fdensity300_h_Log";"hs_Gen_Tot";9,58594405990971e-05;1e-12;7,18220043569478e-05;0,000410615611300833;0,000410615611300833;0,00125567333641626;0,00385229100330962;-0,00769021608914199;0,00667740743285866;-0,00769021608914199;0,00667740743285866;100;1;0,9;TRUE;0,58;0,8;FALSE;FALSE;0,58;0,42;0
"hs_landuseshan300_h_None";"hs_Gen_Tot";9,58594405990971e-05;1e-12;0,000619861509080778;0,000616234280494944;0,000616234280494944;0,000695127684690262;0,00220278642188228;-0,00320254088807804;0,0050362094544651;-0,00320254088807804;0,0050362094544651;100;1;0,9;TRUE;0,6;0,8;FALSE;FALSE;0,6;0,4;0
"hs_popdens_h_Sqrt";"hs_Gen_Tot";9,58594405990971e-05;1e-12;-0,00045281477386125;-0,000905820292560728;-0,000905820292560728;-0,00109942120637249;0,0027394824124272;-0,00654504613193155;0,00345291469697139;-0,00654504613193155;0,00345291469697139;100;1;0,9;TRUE;0,61;0,8;FALSE;FALSE;0,39;0,61;0
"hs_walkability_mean_h_None";"hs_Gen_Tot";9,58594405990971e-05;1e-12;-0,00123268778965088;-0,00169080963687609;-0,00169080963687609;-0,0017138254649865;0,00264115009740123;-0,00682765077564851;0,00319784926324947;-0,00682765077564851;0,00319784926324947;100;1;0,9;TRUE;0,74;0,8;FALSE;FALSE;0,26;0,74;0
"hs_accesslines300_s_dic0";"hs_Gen_Tot";9,58594405990971e-05;1e-12;0,00386109354746019;0,00471807415318953;0,00471807415318953;0,00494974314173141;0,00765482785377626;-0,010141950948327;0,0198427325924891;-0,010141950948327;0,0198427325924891;100;1;0,9;TRUE;0,72;0,8;FALSE;FALSE;0,72;0,28;0
"hs_accesspoints300_s_Log";"hs_Gen_Tot";9,58594405990971e-05;1e-12;0,0036489476695843;0,00361683988718162;0,00361683988718162;0,00361441298495036;0,00308645273978497;-0,0019387195129381;0,00998733949060183;-0,0019387195129381;0,00998733949060183;100;1;0,9;TRUE;0,88;0,8;TRUE;TRUE;0,88;0,12;0
"hs_builtdens300_s_Sqrt";"hs_Gen_Tot";9,58594405990971e-05;1e-12;-0,00231297546497355;-0,0020445228875507;-0,0020445228875507;-0,00245650388827871;0,00265438528796223;-0,00636964992140651;0,00403867181532522;-0,00636964992140651;0,00403867181532522;100;1;0,9;TRUE;0,83;0,8;TRUE;TRUE;0,17;0,83;0
"hs_connind300_s_Log";"hs_Gen_Tot";9,58594405990971e-05;1e-12;0,000904908914457632;0,00106970023370931;0,00106970023370931;0,00110916930201888;0,00259864240694393;-0,00338627915782844;0,00577932384959357;-0,00338627915782844;0,00577932384959357;100;1;0,9;TRUE;0,68;0,8;FALSE;FALSE;0,68;0,32;0
"hs_fdensity300_s_Log";"hs_Gen_Tot";9,58594405990971e-05;1e-12;0,0048590775925434;0,00492521726116063;0,00492521726116063;0,00463177224755529;0,00264695666667595;5,17840084810231e-05;0,00995982262101919;5,17840084810231e-05;0,00995982262101919;100;1;0,9;TRUE;0,97;0,8;TRUE;TRUE;0,97;0,03;0
"hs_landuseshan300_s_None";"hs_Gen_Tot";9,58594405990971e-05;1e-12;0,0013000619054849;0,00194516892147746;0,00194516892147746;0,00176308515555641;0,00231418737107001;-0,00229839818314498;0,00651213278557447;-0,00229839818314498;0,00651213278557447;100;1;0,9;TRUE;0,8;0,8;TRUE;TRUE;0,8;0,2;0
"hs_popdens_s_Sqrt";"hs_Gen_Tot";9,58594405990971e-05;1e-12;-0,00239521495750492;-0,00204810489039298;-0,00204810489039298;-0,00188241814944281;0,00207490828990609;-0,00608555782127895;0,00172031595636896;-0,00608555782127895;0,00172031595636896;100;1;0,9;TRUE;0,83;0,8;TRUE;TRUE;0,17;0,83;0
"h_Absorbance_Log";"hs_Gen_Tot";9,58594405990971e-05;1e-12;4,33204343013243e-05;-0,000719699519941908;-0,000719699519941908;-0,000459532417766351;0,00253209724128802;-0,00636752383582563;0,00386370631374453;-0,00636752383582563;0,00386370631374453;100;1;0,9;TRUE;0,39;0,8;FALSE;FALSE;0,39;0,61;0
"h_Benzene_Log";"hs_Gen_Tot";9,58594405990971e-05;1e-12;0,00446903885201622;0,00335888319071841;0,00335888319071841;0,00310863109833661;0,00299243261239692;-0,0010276283294296;0,0101325313661081;-0,0010276283294296;0,0101325313661081;100;1;0,9;TRUE;0,88;0,8;TRUE;TRUE;0,88;0,12;0
"h_NO2_Log";"hs_Gen_Tot";9,58594405990971e-05;1e-12;0,00363836922289015;0,00360509095713345;0,00360509095713345;0,00329999321501753;0,00271726204032838;-0,000923427438627686;0,00918832031000169;-0,000923427438627686;0,00918832031000169;100;1;0,9;TRUE;0,93;0,8;TRUE;TRUE;0,93;0,07;0
"h_PM_Log";"hs_Gen_Tot";9,58594405990971e-05;1e-12;0,00516381384019919;0,00445710636451911;0,00445710636451911;0,00419710400503737;0,00245960772715026;0,000341438221044977;0,00927981798033034;0,000341438221044977;0,00927981798033034;100;1;0,9;TRUE;0,98;0,8;TRUE;TRUE;0,98;0,02;0
"h_TEX_Log";"hs_Gen_Tot";9,58594405990971e-05;1e-12;-0,00178445157043052;-0,0015681942226517;-0,0015681942226517;-0,0014342271355534;0,00235028720965663;-0,00612734725242917;0,00227300122987226;-0,00612734725242917;0,00227300122987226;100;1;0,9;TRUE;0,74;0,8;FALSE;FALSE;0,26;0,74;0
"hs_KIDMED_None";"hs_Gen_Tot";9,58594405990971e-05;1e-12;-0,00477226555575469;-0,00334063692883932;-0,00334063692883932;-0,00304401492184997;0,00322124229937923;-0,0105644639507757;0,00212576158175337;-0,0105644639507757;0,00212576158175337;100;1;0,9;TRUE;0,86;0,8;TRUE;TRUE;0,14;0,86;0
"hs_mvpa_prd_alt_None";"hs_Gen_Tot";9,58594405990971e-05;1e-12;0,000418483636207758;2,07688263096161e-06;2,07688263096161e-06;-0,000201769072518453;0,00242719318365817;-0,00469052050381579;0,00432209499448636;-0,00469052050381579;0,00432209499448636;100;1;0,9;TRUE;0,48;0,8;FALSE;FALSE;0,48;0,52;0
"hs_sd_wk_None";"hs_Gen_Tot";9,58594405990971e-05;1e-12;0,00235141694162925;0,00241505600267117;0,00241505600267117;0,00182504161972049;0,0026911879136776;-0,00144747220390603;0,00818195170005172;-0,00144747220390603;0,00818195170005172;100;1;0,9;TRUE;0,82;0,8;TRUE;TRUE;0,82;0,18;0
"hs_dif_hours_total_None";"hs_Gen_Tot";9,58594405990971e-05;1e-12;-0,00293133357812381;-0,00138173356115085;-0,00138173356115085;-0,00112014586277777;0,00320959580077447;-0,00891191730370269;0,0039331405397036;-0,00891191730370269;0,0039331405397036;100;1;0,9;TRUE;0,6;0,8;FALSE;FALSE;0,4;0,6;0
"hs_as_c_Log2";"hs_Gen_Tot";9,58594405990971e-05;1e-12;-0,00665432653892729;-0,00475598828951815;-0,00475598828951815;-0,00468121374014568;0,00303578771376978;-0,0107331678367095;0,000712004288583723;-0,0107331678367095;0,000712004288583723;100;1;0,9;TRUE;0,94;0,8;TRUE;TRUE;0,06;0,94;0
"hs_cd_c_Log2";"hs_Gen_Tot";9,58594405990971e-05;1e-12;0,000435012462185316;0,000449254031680902;0,000449254031680902;0,000311688482815022;0,00198288006837211;-0,00298136606398632;0,00530241203787181;-0,00298136606398632;0,00530241203787181;100;1;0,9;TRUE;0,58;0,8;FALSE;FALSE;0,58;0,42;0
"hs_co_c_Log2";"hs_Gen_Tot";9,58594405990971e-05;1e-12;-0,00339471062432205;-0,00228898997124741;-0,00228898997124741;-0,00182712727913116;0,00273523640490066;-0,00773529623806878;0,00216255054707128;-0,00773529623806878;0,00216255054707128;100;1;0,9;TRUE;0,79;0,8;FALSE;FALSE;0,21;0,79;0
"hs_cs_c_Log2";"hs_Gen_Tot";9,58594405990971e-05;1e-12;-0,00166430083305434;-0,00125312851538308;-0,00125312851538308;-0,00089425939182995;0,00276949480090864;-0,00763382931962073;0,00279123133353453;-0,00763382931962073;0,00279123133353453;100;1;0,9;TRUE;0,63;0,8;FALSE;FALSE;0,37;0,63;0
"hs_cu_c_Log2";"hs_Gen_Tot";9,58594405990971e-05;1e-12;0,00150663360954011;0,00109506815061922;0,00109506815061922;0,00122858291811889;0,00244202594070426;-0,00343196531873449;0,00616558845141698;-0,00343196531873449;0,00616558845141698;100;1;0,9;TRUE;0,65;0,8;FALSE;FALSE;0,65;0,35;0
"hs_hg_c_Log2";"hs_Gen_Tot";9,58594405990971e-05;1e-12;0,00018566860567249;-0,000782270778631792;-0,000782270778631792;-0,000892459246679152;0,00227413796191333;-0,00537433390206568;0,00383656994478984;-0,00537433390206568;0,00383656994478984;100;1;0,9;TRUE;0,33;0,8;FALSE;FALSE;0,33;0,67;0
"hs_mn_c_Log2";"hs_Gen_Tot";9,58594405990971e-05;1e-12;0,00307888711817416;0,00191395170286091;0,00191395170286091;0,00170264708538789;0,00254961218408028;-0,00153441015519747;0,00660144376140985;-0,00153441015519747;0,00660144376140985;100;1;0,9;TRUE;0,78;0,8;FALSE;FALSE;0,78;0,22;0
"hs_mo_c_Log2";"hs_Gen_Tot";9,58594405990971e-05;1e-12;7,69852653343368e-05;-3,87569436901653e-05;-3,87569436901653e-05;-0,000321308444607016;0,0021043565754186;-0,00315079583490332;0,00501561549482668;-0,00315079583490332;0,00501561549482668;100;1;0,9;TRUE;0,43;0,8;FALSE;FALSE;0,43;0,57;0
"hs_pb_c_Log2";"hs_Gen_Tot";9,58594405990971e-05;1e-12;0,000371329406641658;0,000717444362984592;0,000717444362984592;0,000204892950332254;0,00221151683842019;-0,00272428904410112;0,00590252737342134;-0,00272428904410112;0,00590252737342134;100;1;0,9;TRUE;0,57;0,8;FALSE;FALSE;0,57;0,43;0
"hs_hum_mt_hs_h_None";"hs_Gen_Tot";9,58594405990971e-05;1e-12;-0,0105542499336994;-0,00964711424674555;-0,00964711424674555;-0,00978753360339918;0,0036640596996228;-0,0156022815038842;-0,0030057980878101;-0,0156022815038842;-0,0030057980878101;100;1;0,9;TRUE;0,99;0,8;TRUE;TRUE;0,01;0,99;0
"hs_tm_mt_hs_h_None";"hs_Gen_Tot";9,58594405990971e-05;1e-12;-0,00177977899556417;-0,000983198614799053;-0,000983198614799053;-0,000684743440097356;0,00311101792203491;-0,0084432449744219;0,00381512980672364;-0,0084432449744219;0,00381512980672364;100;1;0,9;TRUE;0,57;0,8;FALSE;FALSE;0,43;0,57;0
"hs_uvdvf_mt_hs_h_None";"hs_Gen_Tot";9,58594405990971e-05;1e-12;-0,00439859833762255;-0,00416800105665656;-0,00416800105665656;-0,00368722422758189;0,00289714243085598;-0,0111952152237516;0,000204968148752693;-0,0111952152237516;0,000204968148752693;100;1;0,9;TRUE;0,96;0,8;TRUE;TRUE;0,04;0,96;0
"hs_hum_dy_hs_h_None";"hs_Gen_Tot";9,58594405990971e-05;1e-12;-0,00172121495629104;-0,00232033265287037;-0,00232033265287037;-0,00199732126106836;0,00244518174148877;-0,00807519941680463;0,00178661849473412;-0,00807519941680463;0,00178661849473412;100;1;0,9;TRUE;0,86;0,8;TRUE;TRUE;0,14;0,86;0
"hs_hum_wk_hs_h_None";"hs_Gen_Tot";9,58594405990971e-05;1e-12;-0,00519666645505965;-0,0059014998187488;-0,0059014998187488;-0,00579937840756211;0,00286478654941145;-0,0109169890547249;-0,000906989165645507;-0,0109169890547249;-0,000906989165645507;100;1;0,9;TRUE;0,98;0,8;TRUE;TRUE;0,02;0,98;0
"hs_tm_dy_hs_h_None";"hs_Gen_Tot";9,58594405990971e-05;1e-12;-0,000957199093078659;-0,00117872633009321;-0,00117872633009321;-0,00104324584829776;0,00270416168688279;-0,00702025572931598;0,00354423949114689;-0,00702025572931598;0,00354423949114689;100;1;0,9;TRUE;0,64;0,8;FALSE;FALSE;0,36;0,64;0
"hs_tm_wk_hs_h_None";"hs_Gen_Tot";9,58594405990971e-05;1e-12;0,00328297646949493;0,00244380421601762;0,00244380421601762;0,00228548745832379;0,00266073509936926;-0,0016488693020232;0,00716057760423949;-0,0016488693020232;0,00716057760423949;100;1;0,9;TRUE;0,82;0,8;TRUE;TRUE;0,82;0,18;0
"hs_uvdvf_dy_hs_h_None";"hs_Gen_Tot";9,58594405990971e-05;1e-12;-0,000706887296647019;-0,000373650952533717;-0,000373650952533717;-0,000851890926690758;0,00219663441259677;-0,00393066093874122;0,00374374211028439;-0,00393066093874122;0,00374374211028439;100;1;0,9;TRUE;0,63;0,8;FALSE;FALSE;0,37;0,63;0
"hs_uvdvf_wk_hs_h_None";"hs_Gen_Tot";9,58594405990971e-05;1e-12;-0,00700387909424392;-0,0062044564728879;-0,0062044564728879;-0,00584226826214347;0,00278818401715095;-0,0117158739221029;-0,0014441938468354;-0,0117158739221029;-0,0014441938468354;100;1;0,9;TRUE;0,99;0,8;TRUE;TRUE;0,01;0,99;0
"hs_ndvi100_h_None";"hs_Gen_Tot";9,58594405990971e-05;1e-12;0,000762424987810414;0,00135127494477612;0,00135127494477612;0,00132141644159475;0,00290252770417899;-0,00408825935118563;0,00762639917718004;-0,00408825935118563;0,00762639917718004;100;1;0,9;TRUE;0,65;0,8;FALSE;FALSE;0,65;0,35;0
"hs_ndvi100_s_None";"hs_Gen_Tot";9,58594405990971e-05;1e-12;0,00473565709820447;0,00487243661728433;0,00487243661728433;0,00478288410643073;0,00285659725293103;8,91472122212044e-05;0,0114303851944309;8,91472122212044e-05;0,0114303851944309;100;1;0,9;TRUE;0,97;0,8;TRUE;TRUE;0,97;0,03;0
"hs_dde_cadj_Log2";"hs_Gen_Tot";9,58594405990971e-05;1e-12;-0,00245861443038265;-0,00270255984971414;-0,00270255984971414;-0,00233089778878371;0,00283888213928273;-0,00745168732297322;0,00210478688914373;-0,00745168732297322;0,00210478688914373;100;1;0,9;TRUE;0,85;0,8;TRUE;TRUE;0,15;0,85;0
"hs_ddt_cadj_Log2";"hs_Gen_Tot";9,58594405990971e-05;1e-12;0,000278003837983591;-0,000417009050370565;-0,000417009050370565;-0,000229394447284934;0,00192710243902338;-0,00409109645390102;0,00323509935949406;-0,00409109645390102;0,00323509935949406;100;1;0,9;TRUE;0,42;0,8;FALSE;FALSE;0,42;0,58;0
"hs_hcb_cadj_Log2";"hs_Gen_Tot";9,58594405990971e-05;1e-12;-0,00142067291751624;-0,00182988830345881;-0,00182988830345881;-0,00141222907375221;0,00304304379359216;-0,0097290716651109;0,00207259713086802;-0,0097290716651109;0,00207259713086802;100;1;0,9;TRUE;0,76;0,8;FALSE;FALSE;0,24;0,76;0
"hs_pcb118_cadj_Log2";"hs_Gen_Tot";9,58594405990971e-05;1e-12;0,00727402483627101;0,00559747071741857;0,00559747071741857;0,00548337861750913;0,00318735964214705;-0,00107041089991526;0,0120692777345583;-0,00107041089991526;0,0120692777345583;100;1;0,9;TRUE;0,96;0,8;TRUE;TRUE;0,96;0,04;0
"hs_pcb138_cadj_Log2";"hs_Gen_Tot";9,58594405990971e-05;1e-12;-0,000375242252896673;-0,000334706568065934;-0,000334706568065934;-0,00022824595366558;0,00315554974892201;-0,00722083005557484;0,00563511335063546;-0,00722083005557484;0,00563511335063546;100;1;0,9;TRUE;0,55;0,8;FALSE;FALSE;0,45;0,55;0
"hs_pcb153_cadj_Log2";"hs_Gen_Tot";9,58594405990971e-05;1e-12;-0,00059409972574369;-0,000827754886070258;-0,000827754886070258;-0,000720370473853853;0,0032073007538793;-0,00820001787726303;0,00450252005954973;-0,00820001787726303;0,00450252005954973;100;1;0,9;TRUE;0,59;0,8;FALSE;FALSE;0,41;0,59;0
"hs_pcb170_cadj_Log2";"hs_Gen_Tot";9,58594405990971e-05;1e-12;-0,00635519364734276;-0,00569712783164087;-0,00569712783164087;-0,00551545237498197;0,00351867005996514;-0,013550736318961;0,000342471979758488;-0,013550736318961;0,000342471979758488;100;1;0,9;TRUE;0,96;0,8;TRUE;TRUE;0,04;0,96;0
"hs_pcb180_cadj_Log2";"hs_Gen_Tot";9,58594405990971e-05;1e-12;-0,0036548065040719;-0,00285263130687348;-0,00285263130687348;-0,00234637650377677;0,00373271209656815;-0,0107122251204393;0,00182023247996247;-0,0107122251204393;0,00182023247996247;100;1;0,9;TRUE;0,76;0,8;FALSE;FALSE;0,24;0,76;0
"hs_sumPCBs5_cadj_Log2";"hs_Gen_Tot";9,58594405990971e-05;1e-12;-0,00864154159861897;-0,00689415399698746;-0,00689415399698746;-0,00665960207731217;0,00345975844808657;-0,0127381815348272;-6,17428645090634e-05;-0,0127381815348272;-6,17428645090634e-05;100;1;0,9;TRUE;0,97;0,8;TRUE;TRUE;0,03;0,97;0
"hs_pfhxs_c_Log2";"hs_Gen_Tot";9,58594405990971e-05;1e-12;0,00124518620780523;0,00123543766216262;0,00123543766216262;0,00178855995156372;0,00342123140987675;-0,00522816970844473;0,00715352699992504;-0,00522816970844473;0,00715352699992504;100;1;0,9;TRUE;0,68;0,8;FALSE;FALSE;0,68;0,32;0
"hs_pfna_c_Log2";"hs_Gen_Tot";9,58594405990971e-05;1e-12;0,000409313532541438;-0,000408769680009136;-0,000408769680009136;-0,000668961062666466;0,00293966244822993;-0,00625383051443456;0,0063003934823311;-0,00625383051443456;0,0063003934823311;100;1;0,9;TRUE;0,44;0,8;FALSE;FALSE;0,44;0,56;0
"hs_pfoa_c_Log2";"hs_Gen_Tot";9,58594405990971e-05;1e-12;0,00014661697006458;0,000961666268771013;0,000961666268771013;0,00143682765864524;0,00277686661394349;-0,00411916162510192;0,00555308456114203;-0,00411916162510192;0,00555308456114203;100;1;0,9;TRUE;0,64;0,8;FALSE;FALSE;0,64;0,36;0
"hs_pfos_c_Log2";"hs_Gen_Tot";9,58594405990971e-05;1e-12;-0,0052936033017328;-0,00443921222003689;-0,00443921222003689;-0,00420747408889779;0,00315300032307781;-0,0109047200165712;0,00022516151369692;-0,0109047200165712;0,00022516151369692;100;1;0,9;TRUE;0,92;0,8;TRUE;TRUE;0,08;0,92;0
"hs_pfunda_c_Log2";"hs_Gen_Tot";9,58594405990971e-05;1e-12;-0,000181535440924493;-0,000109032852558971;-0,000109032852558971;-0,000222633958974124;0,00196437066682748;-0,00441716496898127;0,00362576216249466;-0,00441716496898127;0,00362576216249466;100;1;0,9;TRUE;0,56;0,8;FALSE;FALSE;0,44;0,56;0
"hs_hm_pers_None";"hs_Gen_Tot";9,58594405990971e-05;1e-12;0,00121993490139194;0,00149732773287959;0,00149732773287959;0,00122110552219778;0,00233959697670723;-0,00286976331040224;0,00606892074220645;-0,00286976331040224;0,00606892074220645;100;1;0,9;TRUE;0,74;0,8;FALSE;FALSE;0,74;0,26;0
"hs_trafload_h_pow1over3";"hs_Gen_Tot";9,58594405990971e-05;1e-12;-0,000887052481382695;-0,000744690179187666;-0,000744690179187666;-0,000934977017127663;0,00213549155762083;-0,00474819120961968;0,00394411848304326;-0,00474819120961968;0,00394411848304326;100;1;0,9;TRUE;0,62;0,8;FALSE;FALSE;0,38;0,62;0
"hs_trafnear_h_pow1over3";"hs_Gen_Tot";9,58594405990971e-05;1e-12;0,00131497904621585;0,000549120823161743;0,000549120823161743;0,000492575301680969;0,00234312824040801;-0,00403935379586463;0,0054145288159498;-0,00403935379586463;0,0054145288159498;100;1;0,9;TRUE;0,58;0,8;FALSE;FALSE;0,58;0,42;0
"FAS_cat_None_Low";"hs_Gen_Tot";9,58594405990971e-05;1e-12;0,0149347642011769;0,0159337484671884;0,0159337484671884;0,0157693202967303;0,00739057453808899;0,00459268989892385;0,0323239104350872;0,00459268989892385;0,0323239104350872;100;1;0,9;TRUE;0,99;0,8;TRUE;TRUE;0,99;0,01;0
"FAS_cat_None_Middle";"hs_Gen_Tot";9,58594405990971e-05;1e-12;0,00282337854206429;0,00535449849590034;0,00535449849590034;0,00568004201534307;0,00452294846348841;-0,00264941424316801;0,0162333872647457;-0,00264941424316801;0,0162333872647457;100;1;0,9;TRUE;0,91;0,8;TRUE;TRUE;0,91;0,09;0
"hs_globalexp2_None_no exposure";"hs_Gen_Tot";9,58594405990971e-05;1e-12;0,0170706221341517;0,0148100044719216;0,0148100044719216;0,014240694147947;0,00531768075829882;0,00656768202013205;0,0257068418576786;0,00656768202013205;0,0257068418576786;100;1;0,9;TRUE;1;0,8;TRUE;TRUE;1;0;0
"hs_no2_dy_hs_h_Log";"hs_bmi_c_cat";9,58594405990971e-05;1e-12;-0,146705543038824;-0,143176556334504;-0,143176556334504;-0,137429476773629;0,0716877624984833;-0,269050965274321;-0,0129664045385287;-0,269050965274321;-0,0129664045385287;100;1;0,9;TRUE;0,99;0,8;TRUE;TRUE;0,01;0,99;0
"hs_no2_wk_hs_h_Log";"hs_bmi_c_cat";9,58594405990971e-05;1e-12;0,094838734474116;0,0885633943185552;0,0885633943185552;0,084281010625266;0,0653845895722035;-0,0277452689946693;0,229384194112806;-0,0277452689946693;0,229384194112806;100;1;0,9;TRUE;0,95;0,8;TRUE;TRUE;0,95;0,05;0
"hs_no2_yr_hs_h_Log";"hs_bmi_c_cat";9,58594405990971e-05;1e-12;-0,0953025434379654;-0,0941588651993608;-0,0941588651993608;-0,0897243480763591;0,0612900941812165;-0,233584192895152;0,0232073330772264;-0,233584192895152;0,0232073330772264;100;1;0,9;TRUE;0,95;0,8;TRUE;TRUE;0,05;0,95;0
"hs_pm10_dy_hs_h_None";"hs_bmi_c_cat";9,58594405990971e-05;1e-12;0,127402556004505;0,125074459074443;0,125074459074443;0,124141800301313;0,0654531746669234;0,0110166432274646;0,249619493354471;0,0110166432274646;0,249619493354471;100;1;0,9;TRUE;0,98;0,8;TRUE;TRUE;0,98;0,02;0
"hs_pm10_wk_hs_h_None";"hs_bmi_c_cat";9,58594405990971e-05;1e-12;-0,0904817565717153;-0,0717176215449328;-0,0717176215449328;-0,0741073656029746;0,0779907613710394;-0,183517288179572;0,0876443689634661;-0,183517288179572;0,0876443689634661;100;1;0,9;TRUE;0,84;0,8;TRUE;TRUE;0,16;0,84;0
"hs_pm10_yr_hs_h_None";"hs_bmi_c_cat";9,58594405990971e-05;1e-12;-0,0464177401776911;-0,0367718254126523;-0,0367718254126523;-0,0367582886064413;0,0678535702576854;-0,164771411490488;0,112020612326678;-0,164771411490488;0,112020612326678;100;1;0,9;TRUE;0,74;0,8;FALSE;FALSE;0,26;0,74;0
"hs_pm25_dy_hs_h_None";"hs_bmi_c_cat";9,58594405990971e-05;1e-12;0,100584233361933;0,0958396962330494;0,0958396962330494;0,0959678706412773;0,0681676728199672;-0,0146532106071459;0,211364860841839;-0,0146532106071459;0,211364860841839;100;1;0,9;TRUE;0,9;0,8;TRUE;TRUE;0,9;0,1;0
"hs_pm25_wk_hs_h_None";"hs_bmi_c_cat";9,58594405990971e-05;1e-12;-0,0302989269397953;-0,0256157856042251;-0,0256157856042251;-0,0273187991238009;0,0620866019013923;-0,137967848689971;0,109208884843512;-0,137967848689971;0,109208884843512;100;1;0,9;TRUE;0,71;0,8;FALSE;FALSE;0,29;0,71;0
"hs_pm25_yr_hs_h_None";"hs_bmi_c_cat";9,58594405990971e-05;1e-12;0,00202479928879255;-0,000458295031860582;-0,000458295031860582;-2,48178703545928e-05;0,0642385765982546;-0,114880081823032;0,122521249702859;-0,114880081823032;0,122521249702859;100;1;0,9;TRUE;0,5;0,8;FALSE;FALSE;0,5;0,5;0
"hs_pm25abs_dy_hs_h_Log";"hs_bmi_c_cat";9,58594405990971e-05;1e-12;-0,0563467903858758;-0,0581387524376499;-0,0581387524376499;-0,0566082917440398;0,0698373704530596;-0,192736661902047;0,0608745005406883;-0,192736661902047;0,0608745005406883;100;1;0,9;TRUE;0,77;0,8;FALSE;FALSE;0,23;0,77;0
"hs_pm25abs_wk_hs_h_Log";"hs_bmi_c_cat";9,58594405990971e-05;1e-12;0,053151647378012;0,0553083740142173;0,0553083740142173;0,0475191891440094;0,070694845839976;-0,0822064450803139;0,195509045208407;-0,0822064450803139;0,195509045208407;100;1;0,9;TRUE;0,81;0,8;TRUE;TRUE;0,81;0,19;0
"hs_pm25abs_yr_hs_h_Log";"hs_bmi_c_cat";9,58594405990971e-05;1e-12;0,120981256435405;0,119430598168265;0,119430598168265;0,123676001385141;0,0701686528256911;-0,0157377019238183;0,242164222965445;-0,0157377019238183;0,242164222965445;100;1;0,9;TRUE;0,96;0,8;TRUE;TRUE;0,96;0,04;0
"hs_accesslines300_h_dic0";"hs_bmi_c_cat";9,58594405990971e-05;1e-12;0,313238307380539;0,300786314006789;0,300786314006789;0,314438188180182;0,17320075720898;-0,0286904864497645;0,571212099281674;-0,0286904864497645;0,571212099281674;100;1;0,9;TRUE;0,96;0,8;TRUE;TRUE;0,96;0,04;0
"hs_accesspoints300_h_Log";"hs_bmi_c_cat";9,58594405990971e-05;1e-12;-0,0678731111002511;-0,0713187355654713;-0,0713187355654713;-0,068868839502243;0,0813332621757578;-0,228247946870226;0,0901254067623397;-0,228247946870226;0,0901254067623397;100;1;0,9;TRUE;0,82;0,8;TRUE;TRUE;0,18;0,82;0
"hs_builtdens300_h_Sqrt";"hs_bmi_c_cat";9,58594405990971e-05;1e-12;-0,0440685856757982;-0,0431671515755119;-0,0431671515755119;-0,0465524933016734;0,0613400537903192;-0,158087633669125;0,0800084373191692;-0,158087633669125;0,0800084373191692;100;1;0,9;TRUE;0,77;0,8;FALSE;FALSE;0,23;0,77;0
"hs_connind300_h_Log";"hs_bmi_c_cat";9,58594405990971e-05;1e-12;0,00319088022905499;-0,000527291684167681;-0,000527291684167681;0,000785512676477226;0,0764861750235803;-0,139350542447694;0,137934650147492;-0,139350542447694;0,137934650147492;100;1;0,9;TRUE;0,51;0,8;FALSE;FALSE;0,51;0,49;0
"hs_fdensity300_h_Log";"hs_bmi_c_cat";9,58594405990971e-05;1e-12;-0,120150137510847;-0,12105018579522;-0,12105018579522;-0,12617947191453;0,0804674263597522;-0,27503759556482;0,0622607994008709;-0,27503759556482;0,0622607994008709;100;1;0,9;TRUE;0,95;0,8;TRUE;TRUE;0,05;0,95;0
"hs_landuseshan300_h_None";"hs_bmi_c_cat";9,58594405990971e-05;1e-12;0,021351917185201;0,0189274329724143;0,0189274329724143;0,0142736117397181;0,0676969228838656;-0,122489598360077;0,145884790634456;-0,122489598360077;0,145884790634456;100;1;0,9;TRUE;0,58;0,8;FALSE;FALSE;0,58;0,42;0
"hs_popdens_h_Sqrt";"hs_bmi_c_cat";9,58594405990971e-05;1e-12;0,113455267477337;0,113187708223272;0,113187708223272;0,10868791843096;0,0727212562560025;-0,0162667914380706;0,25598750771061;-0,0162667914380706;0,25598750771061;100;1;0,9;TRUE;0,95;0,8;TRUE;TRUE;0,95;0,05;0
"hs_walkability_mean_h_None";"hs_bmi_c_cat";9,58594405990971e-05;1e-12;-0,0434311871211833;-0,0453914238687214;-0,0453914238687214;-0,0500868786507064;0,0726607365151034;-0,181076933186188;0,0819041531610486;-0,181076933186188;0,0819041531610486;100;1;0,9;TRUE;0,74;0,8;FALSE;FALSE;0,26;0,74;0
"hs_accesslines300_s_dic0";"hs_bmi_c_cat";9,58594405990971e-05;1e-12;0,340041779747201;0,336566551809493;0,336566551809493;0,311774082060691;0,189291834084852;-0,00748069824127791;0,735210960546159;-0,00748069824127791;0,735210960546159;100;1;0,9;TRUE;0,97;0,8;TRUE;TRUE;0,97;0,03;0
"hs_accesspoints300_s_Log";"hs_bmi_c_cat";9,58594405990971e-05;1e-12;-0,207192570577704;-0,213129103646997;-0,213129103646997;-0,208229464710327;0,074820913630244;-0,362897422171307;-0,0706489364367758;-0,362897422171307;-0,0706489364367758;100;1;0,9;TRUE;1;0,8;TRUE;TRUE;0;1;0
"hs_builtdens300_s_Sqrt";"hs_bmi_c_cat";9,58594405990971e-05;1e-12;-0,00615298090747257;-0,00482180266605577;-0,00482180266605577;0,00113734019665157;0,071402862600593;-0,129144110844529;0,144014417594928;-0,129144110844529;0,144014417594928;100;1;0,9;TRUE;0,5;0,8;FALSE;FALSE;0,5;0,5;0
"hs_connind300_s_Log";"hs_bmi_c_cat";9,58594405990971e-05;1e-12;-0,102506967061642;-0,105777106265202;-0,105777106265202;-0,112371746788577;0,0770065942486205;-0,254562289945364;0,0325747324938698;-0,254562289945364;0,0325747324938698;100;1;0,9;TRUE;0,88;0,8;TRUE;TRUE;0,12;0,88;0
"hs_fdensity300_s_Log";"hs_bmi_c_cat";9,58594405990971e-05;1e-12;-0,118113441955736;-0,118731487615582;-0,118731487615582;-0,118433104729085;0,0786774094565382;-0,25900359399254;0,0411731328598833;-0,25900359399254;0,0411731328598833;100;1;0,9;TRUE;0,93;0,8;TRUE;TRUE;0,07;0,93;0
"hs_landuseshan300_s_None";"hs_bmi_c_cat";9,58594405990971e-05;1e-12;-0,104937631464664;-0,110378443073123;-0,110378443073123;-0,106488457965061;0,0772701429284348;-0,263086527052495;0,0450474578570148;-0,263086527052495;0,0450474578570148;100;1;0,9;TRUE;0,94;0,8;TRUE;TRUE;0,06;0,94;0
"hs_popdens_s_Sqrt";"hs_bmi_c_cat";9,58594405990971e-05;1e-12;-0,060388598964376;-0,0603014974231904;-0,0603014974231904;-0,0546592962930143;0,0502365530859348;-0,167240710688295;0,0196705495866978;-0,167240710688295;0,0196705495866978;100;1;0,9;TRUE;0,92;0,8;TRUE;TRUE;0,08;0,92;0
"h_Absorbance_Log";"hs_bmi_c_cat";9,58594405990971e-05;1e-12;-0,00904365742323523;-0,00609049148030428;-0,00609049148030428;-0,00466727065105843;0,061255704572215;-0,116331223183345;0,108085491847248;-0,116331223183345;0,108085491847248;100;1;0,9;TRUE;0,57;0,8;FALSE;FALSE;0,43;0,57;0
"h_Benzene_Log";"hs_bmi_c_cat";9,58594405990971e-05;1e-12;0,0651111743088768;0,0676428556719578;0,0676428556719578;0,0666787001853525;0,0668103505699579;-0,0481869006349424;0,204181115421733;-0,0481869006349424;0,204181115421733;100;1;0,9;TRUE;0,83;0,8;TRUE;TRUE;0,83;0,17;0
"h_NO2_Log";"hs_bmi_c_cat";9,58594405990971e-05;1e-12;0,0597908602142105;0,0570839243620851;0,0570839243620851;0,0518127060257057;0,0740487992052268;-0,0832836081031457;0,191734020595783;-0,0832836081031457;0,191734020595783;100;1;0,9;TRUE;0,78;0,8;FALSE;FALSE;0,78;0,22;0
"h_PM_Log";"hs_bmi_c_cat";9,58594405990971e-05;1e-12;0,106226403595763;0,109331763308267;0,109331763308267;0,113528641039906;0,0690064146472823;-0,013565669172139;0,24048111711468;-0,013565669172139;0,24048111711468;100;1;0,9;TRUE;0,97;0,8;TRUE;TRUE;0,97;0,03;0
"h_TEX_Log";"hs_bmi_c_cat";9,58594405990971e-05;1e-12;0,0873244646764404;0,0854773228445383;0,0854773228445383;0,0847042014321526;0,0605216905273674;-0,019540308095706;0,218159900946514;-0,019540308095706;0,218159900946514;100;1;0,9;TRUE;0,93;0,8;TRUE;TRUE;0,93;0,07;0
"hs_KIDMED_None";"hs_bmi_c_cat";9,58594405990971e-05;1e-12;0,144388855396143;0,144982111946241;0,144982111946241;0,146645283773146;0,0592916552875116;0,0311804890086835;0,256185483671965;0,0311804890086835;0,256185483671965;100;1;0,9;TRUE;1;0,8;TRUE;TRUE;1;0;0
"hs_mvpa_prd_alt_None";"hs_bmi_c_cat";9,58594405990971e-05;1e-12;-0,0845004545161203;-0,0849679281470852;-0,0849679281470852;-0,0880199284737809;0,0766794191861141;-0,230108741546988;0,0573961312852026;-0,230108741546988;0,0573961312852026;100;1;0,9;TRUE;0,9;0,8;TRUE;TRUE;0,1;0,9;0
"hs_sd_wk_None";"hs_bmi_c_cat";9,58594405990971e-05;1e-12;-0,0454087786460477;-0,0485612853062346;-0,0485612853062346;-0,0379835789893633;0,0600564271158383;-0,165829491610141;0,0669881322146936;-0,165829491610141;0,0669881322146936;100;1;0,9;TRUE;0,82;0,8;TRUE;TRUE;0,18;0,82;0
"hs_dif_hours_total_None";"hs_bmi_c_cat";9,58594405990971e-05;1e-12;-0,154667640208433;-0,156304921038941;-0,156304921038941;-0,158099880813111;0,0633971013717232;-0,267465479692582;-0,0385365229802358;-0,267465479692582;-0,0385365229802358;100;1;0,9;TRUE;0,99;0,8;TRUE;TRUE;0,01;0,99;0
"hs_as_c_Log2";"hs_bmi_c_cat";9,58594405990971e-05;1e-12;-0,00183690186858871;0,000492152561204601;0,000492152561204601;0,00190536694982463;0,0729396628680429;-0,128571100858783;0,13763483076955;-0,128571100858783;0,13763483076955;100;1;0,9;TRUE;0,49;0,8;FALSE;FALSE;0,51;0,49;0
"hs_cd_c_Log2";"hs_bmi_c_cat";9,58594405990971e-05;1e-12;0,019035606598145;0,0184337096962817;0,0184337096962817;0,0125950050857946;0,0622826718352373;-0,0966845820728858;0,149405835607985;-0,0966845820728858;0,149405835607985;100;1;0,9;TRUE;0,6;0,8;FALSE;FALSE;0,6;0,4;0
"hs_co_c_Log2";"hs_bmi_c_cat";9,58594405990971e-05;1e-12;-0,0812174780736518;-0,0836375429909836;-0,0836375429909836;-0,0828979892608425;0,0574078433525118;-0,203627186942767;0,0199212041241149;-0,203627186942767;0,0199212041241149;100;1;0,9;TRUE;0,92;0,8;TRUE;TRUE;0,08;0,92;0
"hs_cs_c_Log2";"hs_bmi_c_cat";9,58594405990971e-05;1e-12;0,201724308042878;0,207383964519053;0,207383964519053;0,20864703977987;0,0596455325270684;0,0796264332171949;0,312933886255559;0,0796264332171949;0,312933886255559;100;1;0,9;TRUE;1;0,8;TRUE;TRUE;1;0;0
"hs_cu_c_Log2";"hs_bmi_c_cat";9,58594405990971e-05;1e-12;0,269565070060607;0,274025408250003;0,274025408250003;0,272874747084167;0,0655503104514087;0,160926957279204;0,40548426000761;0,160926957279204;0,40548426000761;100;1;0,9;TRUE;1;0,8;TRUE;TRUE;1;0;0
"hs_hg_c_Log2";"hs_bmi_c_cat";9,58594405990971e-05;1e-12;0,0122090416077302;0,0145135043957927;0,0145135043957927;0,00623811225322455;0,0624506405835296;-0,091732373439157;0,141328080710043;-0,091732373439157;0,141328080710043;100;1;0,9;TRUE;0,57;0,8;FALSE;FALSE;0,57;0,43;0
"hs_mn_c_Log2";"hs_bmi_c_cat";9,58594405990971e-05;1e-12;0,0505905968125019;0,0471739925159517;0,0471739925159517;0,0422255981519997;0,0637871590944021;-0,0866052731084042;0,180296369427755;-0,0866052731084042;0,180296369427755;100;1;0,9;TRUE;0,81;0,8;TRUE;TRUE;0,81;0,19;0
"hs_mo_c_Log2";"hs_bmi_c_cat";9,58594405990971e-05;1e-12;-0,119482663687775;-0,124195074505202;-0,124195074505202;-0,127992477565077;0,0639921382074841;-0,234213789095471;-0,00922299573062037;-0,234213789095471;-0,00922299573062037;100;1;0,9;TRUE;0,98;0,8;TRUE;TRUE;0,02;0,98;0
"hs_pb_c_Log2";"hs_bmi_c_cat";9,58594405990971e-05;1e-12;-0,0223735530809342;-0,0226909281593018;-0,0226909281593018;-0,0191316428710905;0,0545881632354404;-0,137582714349341;0,0728837624406788;-0,137582714349341;0,0728837624406788;100;1;0,9;TRUE;0,67;0,8;FALSE;FALSE;0,33;0,67;0
"hs_hum_mt_hs_h_None";"hs_bmi_c_cat";9,58594405990971e-05;1e-12;0,324737697318311;0,327655971691359;0,327655971691359;0,330350008364293;0,073224222557717;0,186290762672871;0,46336038300939;0,186290762672871;0,46336038300939;100;1;0,9;TRUE;1;0,8;TRUE;TRUE;1;0;0
"hs_tm_mt_hs_h_None";"hs_bmi_c_cat";9,58594405990971e-05;1e-12;-0,000348490163687102;0,00178077706106227;0,00178077706106227;0,000674458171651937;0,0707896154907731;-0,123388864036736;0,13750510241732;-0,123388864036736;0,13750510241732;100;1;0,9;TRUE;0,49;0,8;FALSE;FALSE;0,51;0,49;0
"hs_uvdvf_mt_hs_h_None";"hs_bmi_c_cat";9,58594405990971e-05;1e-12;0,142280462950223;0,139412593367218;0,139412593367218;0,139668490054063;0,0568227057865532;0,0340110488523568;0,242235767393328;0,0340110488523568;0,242235767393328;100;1;0,9;TRUE;0,98;0,8;TRUE;TRUE;0,98;0,02;0
"hs_hum_dy_hs_h_None";"hs_bmi_c_cat";9,58594405990971e-05;1e-12;0,0584380893503913;0,0621463016368498;0,0621463016368498;0,0633824273050033;0,0721578465503049;-0,0629519033603923;0,196129411158099;-0,0629519033603923;0,196129411158099;100;1;0,9;TRUE;0,77;0,8;FALSE;FALSE;0,77;0,23;0
"hs_hum_wk_hs_h_None";"hs_bmi_c_cat";9,58594405990971e-05;1e-12;0,132684778532852;0,139696037637306;0,139696037637306;0,130107238377399;0,0735585566438258;0,0108287563407115;0,261020413293895;0,0108287563407115;0,261020413293895;100;1;0,9;TRUE;0,98;0,8;TRUE;TRUE;0,98;0,02;0
"hs_tm_dy_hs_h_None";"hs_bmi_c_cat";9,58594405990971e-05;1e-12;0,0212108550217608;0,0191985133572676;0,0191985133572676;0,0173704455734144;0,0791337471883153;-0,114518123624999;0,162622409155971;-0,114518123624999;0,162622409155971;100;1;0,9;TRUE;0,61;0,8;FALSE;FALSE;0,61;0,39;0
"hs_tm_wk_hs_h_None";"hs_bmi_c_cat";9,58594405990971e-05;1e-12;0,0112541609687698;0,00795579447844081;0,00795579447844081;0,0191103640167707;0,0624660252112025;-0,111476943202546;0,113733895026915;-0,111476943202546;0,113733895026915;100;1;0,9;TRUE;0,62;0,8;FALSE;FALSE;0,62;0,38;0
"hs_uvdvf_dy_hs_h_None";"hs_bmi_c_cat";9,58594405990971e-05;1e-12;-0,0156492801363752;-0,0161570490249298;-0,0161570490249298;-0,0198569133441028;0,0581793551433992;-0,116140364926328;0,112017774211426;-0,116140364926328;0,112017774211426;100;1;0,9;TRUE;0,61;0,8;FALSE;FALSE;0,39;0,61;0
"hs_uvdvf_wk_hs_h_None";"hs_bmi_c_cat";9,58594405990971e-05;1e-12;-0,0386260778520995;-0,0349552809799819;-0,0349552809799819;-0,0325447840901867;0,0611607085625184;-0,16141372895155;0,0755145297175316;-0,16141372895155;0,0755145297175316;100;1;0,9;TRUE;0,72;0,8;FALSE;FALSE;0,28;0,72;0
"hs_ndvi100_h_None";"hs_bmi_c_cat";9,58594405990971e-05;1e-12;-0,051029104251366;-0,0477352963918733;-0,0477352963918733;-0,0525312257774024;0,0728611017540837;-0,177410404356837;0,101294367719045;-0,177410404356837;0,101294367719045;100;1;0,9;TRUE;0,75;0,8;FALSE;FALSE;0,25;0,75;0
"hs_ndvi100_s_None";"hs_bmi_c_cat";9,58594405990971e-05;1e-12;-0,171664261325423;-0,167354668298578;-0,167354668298578;-0,148342124239195;0,0771001041063049;-0,324236454428386;-0,035202767797497;-0,324236454428386;-0,035202767797497;100;1;0,9;TRUE;1;0,8;TRUE;TRUE;0;1;0
"hs_dde_cadj_Log2";"hs_bmi_c_cat";9,58594405990971e-05;1e-12;-0,220999228983416;-0,216545731321415;-0,216545731321415;-0,22175710815121;0,0686977150272668;-0,347207148691384;-0,0709298188515962;-0,347207148691384;-0,0709298188515962;100;1;0,9;TRUE;1;0,8;TRUE;TRUE;0;1;0
"hs_ddt_cadj_Log2";"hs_bmi_c_cat";9,58594405990971e-05;1e-12;0,00323015317348462;-0,00153032851154062;-0,00153032851154062;-0,0204029396937449;0,0725475166630754;-0,148078241587222;0,137123954814161;-0,148078241587222;0,137123954814161;100;1;0,9;TRUE;0,44;0,8;FALSE;FALSE;0,44;0,56;0
"hs_hcb_cadj_Log2";"hs_bmi_c_cat";9,58594405990971e-05;1e-12;-0,22936537862965;-0,287552076904975;-0,287552076904975;-0,249498252592872;0,140831568845823;-0,591899159323393;-0,118863438746641;-0,591899159323393;-0,118863438746641;100;1;0,9;TRUE;1;0,8;TRUE;TRUE;0;1;0
"hs_pcb118_cadj_Log2";"hs_bmi_c_cat";9,58594405990971e-05;1e-12;0,115501246065342;0,11293016689779;0,11293016689779;0,100072681988007;0,0683490092359302;0,0157047246495258;0,270921627606973;0,0157047246495258;0,270921627606973;100;1;0,9;TRUE;0,99;0,8;TRUE;TRUE;0,99;0,01;0
"hs_pcb138_cadj_Log2";"hs_bmi_c_cat";9,58594405990971e-05;1e-12;0,0974773809175144;0,0879820640807564;0,0879820640807564;0,0900182173649091;0,0733040570944849;-0,0564014553630005;0,217297552757379;-0,0564014553630005;0,217297552757379;100;1;0,9;TRUE;0,87;0,8;TRUE;TRUE;0,87;0,13;0
"hs_pcb153_cadj_Log2";"hs_bmi_c_cat";9,58594405990971e-05;1e-12;-0,134854495381992;-0,129336540405908;-0,129336540405908;-0,124922895193857;0,0607376435243039;-0,248119331503582;-0,00235807323791416;-0,248119331503582;-0,00235807323791416;100;1;0,9;TRUE;0,97;0,8;TRUE;TRUE;0,03;0,97;0
"hs_pcb170_cadj_Log2";"hs_bmi_c_cat";9,58594405990971e-05;1e-12;-0,244307066793474;-0,245405624297303;-0,245405624297303;-0,249314205168288;0,066549956757684;-0,367404921591404;-0,10857678580457;-0,367404921591404;-0,10857678580457;100;1;0,9;TRUE;1;0,8;TRUE;TRUE;0;1;0
"hs_pcb180_cadj_Log2";"hs_bmi_c_cat";9,58594405990971e-05;1e-12;-0,153255281087322;-0,15851045165558;-0,15851045165558;-0,165035966232081;0,0835887424411283;-0,324511664470022;0,00300017178961558;-0,324511664470022;0,00300017178961558;100;1;0,9;TRUE;0,96;0,8;TRUE;TRUE;0,04;0,96;0
"hs_sumPCBs5_cadj_Log2";"hs_bmi_c_cat";9,58594405990971e-05;1e-12;-0,157790464952057;-0,14879445409676;-0,14879445409676;-0,151243127542176;0,0557622784733383;-0,241908698663211;-0,0407896878138204;-0,241908698663211;-0,0407896878138204;100;1;0,9;TRUE;1;0,8;TRUE;TRUE;0;1;0
"hs_pfhxs_c_Log2";"hs_bmi_c_cat";9,58594405990971e-05;1e-12;0,065374296754225;0,0656479674486127;0,0656479674486127;0,0898626183022905;0,090870603685393;-0,168719933583387;0,191280252697908;-0,168719933583387;0,191280252697908;100;1;0,9;TRUE;0,79;0,8;FALSE;FALSE;0,79;0,21;0
"hs_pfna_c_Log2";"hs_bmi_c_cat";9,58594405990971e-05;1e-12;0,0735116677646565;0,0750740605524117;0,0750740605524117;0,0776673609628079;0,0673244677426313;-0,0408231562313977;0,198882998733141;-0,0408231562313977;0,198882998733141;100;1;0,9;TRUE;0,84;0,8;TRUE;TRUE;0,84;0,16;0
"hs_pfoa_c_Log2";"hs_bmi_c_cat";9,58594405990971e-05;1e-12;-0,0965926574302389;-0,0988389699496038;-0,0988389699496038;-0,0996078627092765;0,0585342393980439;-0,206151167891773;-0,00129670978119758;-0,206151167891773;-0,00129670978119758;100;1;0,9;TRUE;0,98;0,8;TRUE;TRUE;0,02;0,98;0
"hs_pfos_c_Log2";"hs_bmi_c_cat";9,58594405990971e-05;1e-12;-0,102551722944558;-0,0948297257998505;-0,0948297257998505;-0,0959507943330811;0,0719273286842004;-0,215136333566426;0,0359499679309703;-0,215136333566426;0,0359499679309703;100;1;0,9;TRUE;0,86;0,8;TRUE;TRUE;0,14;0,86;0
"hs_pfunda_c_Log2";"hs_bmi_c_cat";9,58594405990971e-05;1e-12;0,0363694577449187;0,0339933501349624;0,0339933501349624;0,0300019015502089;0,0775225359163145;-0,107083489429438;0,177840409257879;-0,107083489429438;0,177840409257879;100;1;0,9;TRUE;0,67;0,8;FALSE;FALSE;0,67;0,33;0
"hs_hm_pers_None";"hs_bmi_c_cat";9,58594405990971e-05;1e-12;0,027665152617038;0,0273585821768028;0,0273585821768028;0,0301995072429634;0,06285741008751;-0,112972892937177;0,145405655979052;-0,112972892937177;0,145405655979052;100;1;0,9;TRUE;0,67;0,8;FALSE;FALSE;0,67;0,33;0
"hs_trafload_h_pow1over3";"hs_bmi_c_cat";9,58594405990971e-05;1e-12;-0,0467332538677446;-0,0482313071273213;-0,0482313071273213;-0,0500069787582142;0,0588355189062525;-0,153787116395023;0,0710665013452252;-0,153787116395023;0,0710665013452252;100;1;0,9;TRUE;0,79;0,8;FALSE;FALSE;0,21;0,79;0
"hs_trafnear_h_pow1over3";"hs_bmi_c_cat";9,58594405990971e-05;1e-12;0,112016436059506;0,113580866493536;0,113580866493536;0,111782341764855;0,0741935916790579;-0,0364633062652603;0,244187653882271;-0,0364633062652603;0,244187653882271;100;1;0,9;TRUE;0,92;0,8;TRUE;TRUE;0,92;0,08;0
"FAS_cat_None_Low";"hs_bmi_c_cat";9,58594405990971e-05;1e-12;-0,617192973980896;-0,629132598509828;-0,629132598509828;-0,648945744386464;0,182142397283306;-0,960935666945197;-0,259811887503282;-0,960935666945197;-0,259811887503282;100;1;0,9;TRUE;1;0,8;TRUE;TRUE;0;1;0
"FAS_cat_None_Middle";"hs_bmi_c_cat";9,58594405990971e-05;1e-12;-0,287815968979679;-0,292434952444783;-0,292434952444783;-0,291971404212553;0,138941527814485;-0,547829500621045;-0,00660036999767719;-0,547829500621045;-0,00660036999767719;100;1;0,9;TRUE;0,98;0,8;TRUE;TRUE;0,02;0,98;0
"hs_globalexp2_None_no exposure";"hs_bmi_c_cat";9,58594405990971e-05;1e-12;-0,256442575474662;-0,264307515228908;-0,264307515228908;-0,245719797922799;0,137136755665603;-0,521984537717242;-0,0208239426353562;-0,521984537717242;-0,0208239426353562;100;1;0,9;TRUE;0,99;0,8;TRUE;TRUE;0,01;0,99;0
