"exposure";"outcome";"lambda";"selection_tol";"beta_original";"beta_boot_mean_all";"beta_boot_mean_selected";"beta_boot_median_selected";"beta_boot_sd_all";"beta_boot_q025_all";"beta_boot_q975_all";"beta_boot_q025_selected";"beta_boot_q975_selected";"n_selected";"sel_prob";"sel_prob_threshold";"passes_sel_prob";"sign_consistency";"sign_consistency_threshold";"passes_sign_consistency";"passes_stability_filter";"prop_positive";"prop_negative";"prop_zero"
"h_abs_ratio_preg_Log";"e3_bw";0,000154688532314652;1e-12;-0,00546913265239804;-0,00490467447936583;-0,00490467447936583;-0,00482158133192926;0,00482618934762408;-0,0138392116616666;0,00426908293158488;-0,0138392116616666;0,00426908293158488;100;1;0,9;TRUE;0,82;0,8;TRUE;TRUE;0,18;0,82;0
"h_no2_ratio_preg_Log";"e3_bw";0,000154688532314652;1e-12;-0,00358920714677374;-0,00464538549578373;-0,00464538549578373;-0,00451952661425635;0,00552328801759895;-0,0156022981661839;0,00491198504399921;-0,0156022981661839;0,00491198504399921;100;1;0,9;TRUE;0,77;0,8;FALSE;FALSE;0,23;0,77;0
"h_pm10_ratio_preg_None";"e3_bw";0,000154688532314652;1e-12;-0,011417694146262;-0,0113220035169016;-0,0113220035169016;-0,0112384902795766;0,00518823101385822;-0,021144441443152;-0,00212110208918163;-0,021144441443152;-0,00212110208918163;100;1;0,9;TRUE;0,99;0,8;TRUE;TRUE;0,01;0,99;0
"h_pm25_ratio_preg_None";"e3_bw";0,000154688532314652;1e-12;-0,00431172619898674;-0,00418547806528683;-0,00418547806528683;-0,00412114628143792;0,00348349442607891;-0,010563138478142;0,00302409010563997;-0,010563138478142;0,00302409010563997;100;1;0,9;TRUE;0,91;0,8;TRUE;TRUE;0,09;0,91;0
"h_accesslines300_preg_dic0";"e3_bw";0,000154688532314652;1e-12;0,0137634097334576;0,0147139722910739;0,0147139722910739;0,0135325251027037;0,00970029030661181;-0,00229040696418155;0,0325594971621381;-0,00229040696418155;0,0325594971621381;100;1;0,9;TRUE;0,95;0,8;TRUE;TRUE;0,95;0,05;0
"h_accesspoints300_preg_Log";"e3_bw";0,000154688532314652;1e-12;0,00391041003079898;0,00371129602632833;0,00371129602632833;0,00356515798819158;0,00424427801592422;-0,00500888836848805;0,011277502157041;-0,00500888836848805;0,011277502157041;100;1;0,9;TRUE;0,82;0,8;TRUE;TRUE;0,82;0,18;0
"h_builtdens300_preg_Sqrt";"e3_bw";0,000154688532314652;1e-12;0,000299815699476677;-0,000334487360782787;-0,000334487360782787;-0,0010171926388704;0,00419134977158063;-0,00767295136192343;0,00836598291298696;-0,00767295136192343;0,00836598291298696;100;1;0,9;TRUE;0,41;0,8;FALSE;FALSE;0,41;0,59;0
"h_connind300_preg_Sqrt";"e3_bw";0,000154688532314652;1e-12;0,00104751607103581;0,00124885886386337;0,00124885886386337;0,0013025452578161;0,00335133738381371;-0,00472267894770749;0,00784348496632697;-0,00472267894770749;0,00784348496632697;100;1;0,9;TRUE;0,64;0,8;FALSE;FALSE;0,64;0,36;0
"h_fdensity300_preg_Log";"e3_bw";0,000154688532314652;1e-12;0,00776638724559527;0,00740507634382318;0,00740507634382318;0,00746377271855296;0,00526261323274735;-0,00182144588913989;0,0192356913024937;-0,00182144588913989;0,0192356913024937;100;1;0,9;TRUE;0,94;0,8;TRUE;TRUE;0,94;0,06;0
"h_frichness300_preg_None";"e3_bw";0,000154688532314652;1e-12;0,00952554370994469;0,00963912488130906;0,00963912488130906;0,00916463568489592;0,00504821984320917;0,000893251168565337;0,0204935079143098;0,000893251168565337;0,0204935079143098;100;1;0,9;TRUE;1;0,8;TRUE;TRUE;1;0;0
"h_landuseshan300_preg_None";"e3_bw";0,000154688532314652;1e-12;0,0103879733731851;0,00949859822886561;0,00949859822886561;0,00952554248215087;0,00324721700760817;0,00404116307130312;0,0146530963377281;0,00404116307130312;0,0146530963377281;100;1;0,9;TRUE;1;0,8;TRUE;TRUE;1;0;0
"h_popdens_preg_Sqrt";"e3_bw";0,000154688532314652;1e-12;0,00605428912270886;0,00682670354837836;0,00682670354837836;0,00713655583550012;0,00337706938442784;0,000798510504371658;0,0133991904811205;0,000798510504371658;0,0133991904811205;100;1;0,9;TRUE;0,99;0,8;TRUE;TRUE;0,99;0,01;0
"h_walkability_mean_preg_None";"e3_bw";0,000154688532314652;1e-12;-0,00663664104903566;-0,0071538447048288;-0,0071538447048288;-0,00708056068667711;0,00355108517166982;-0,0136872629738435;-0,00143000071421862;-0,0136872629738435;-0,00143000071421862;100;1;0,9;TRUE;0,98;0,8;TRUE;TRUE;0,02;0,98;0
"hs_as_m_Log2";"e3_bw";0,000154688532314652;1e-12;0,00292756329346694;0,00309111949811462;0,00309111949811462;0,00292747358362131;0,00294069164087185;-0,00200093495984729;0,00934365091785216;-0,00200093495984729;0,00934365091785216;100;1;0,9;TRUE;0,86;0,8;TRUE;TRUE;0,86;0,14;0
"hs_cd_m_Log2";"e3_bw";0,000154688532314652;1e-12;0,00239601913721792;0,0033317065700853;0,0033317065700853;0,0033832867361006;0,00335821440003537;-0,00245086190929592;0,00939320595818978;-0,00245086190929592;0,00939320595818978;100;1;0,9;TRUE;0,84;0,8;TRUE;TRUE;0,84;0,16;0
"hs_co_m_Log2";"e3_bw";0,000154688532314652;1e-12;-0,00204650725894676;-0,00186102491613338;-0,00186102491613338;-0,00217803744330409;0,0032474257552326;-0,00721250058751923;0,00406555406665813;-0,00721250058751923;0,00406555406665813;100;1;0,9;TRUE;0,68;0,8;FALSE;FALSE;0,32;0,68;0
"hs_cs_m_Log2";"e3_bw";0,000154688532314652;1e-12;-0,00474562774415802;-0,00506969198710721;-0,00506969198710721;-0,00513622598705453;0,00280731435401432;-0,0114489591692565;0,000567386133583089;-0,0114489591692565;0,000567386133583089;100;1;0,9;TRUE;0,96;0,8;TRUE;TRUE;0,04;0,96;0
"hs_cu_m_Log2";"e3_bw";0,000154688532314652;1e-12;-0,00338393468386932;-0,00290444319349015;-0,00290444319349015;-0,00297638941398393;0,00315232787194944;-0,00901664579675422;0,00186991475010523;-0,00901664579675422;0,00186991475010523;100;1;0,9;TRUE;0,76;0,8;FALSE;FALSE;0,24;0,76;0
"hs_hg_m_Log2";"e3_bw";0,000154688532314652;1e-12;-0,000625933254987128;-0,00067015251529301;-0,00067015251529301;-0,000273963258007838;0,00399556256467677;-0,00796037667404456;0,00496959822308903;-0,00796037667404456;0,00496959822308903;100;1;0,9;TRUE;0,55;0,8;FALSE;FALSE;0,45;0,55;0
"hs_mn_m_Log2";"e3_bw";0,000154688532314652;1e-12;-0,00145582533588707;-0,00108899493700648;-0,00108899493700648;-0,00104367696089295;0,00279072102480387;-0,00669633015257409;0,00376163864132044;-0,00669633015257409;0,00376163864132044;100;1;0,9;TRUE;0,64;0,8;FALSE;FALSE;0,36;0,64;0
"hs_mo_m_Log2";"e3_bw";0,000154688532314652;1e-12;-0,00192148277829049;-0,00150798919676127;-0,00150798919676127;-0,00151834016689196;0,00307202933440948;-0,00739588119498819;0,00473175097818335;-0,00739588119498819;0,00473175097818335;100;1;0,9;TRUE;0,7;0,8;FALSE;FALSE;0,3;0,7;0
"hs_pb_m_Log2";"e3_bw";0,000154688532314652;1e-12;-0,00375342625362131;-0,00395170745841415;-0,00395170745841415;-0,00386810738674755;0,0026526168137873;-0,00888763796068022;0,000803961946116096;-0,00888763796068022;0,000803961946116096;100;1;0,9;TRUE;0,95;0,8;TRUE;TRUE;0,05;0,95;0
"h_humidity_preg_None";"e3_bw";0,000154688532314652;1e-12;0,0224758808966098;0,0225261903957134;0,0225261903957134;0,0220179775959631;0,00493367576592317;0,0136203987973771;0,0328656300944465;0,0136203987973771;0,0328656300944465;100;1;0,9;TRUE;1;0,8;TRUE;TRUE;1;0;0
"h_pressure_preg_None";"e3_bw";0,000154688532314652;1e-12;-0,0175712229428503;-0,0175179917072962;-0,0175179917072962;-0,0174537396711943;0,00534134278111176;-0,028528972817856;-0,0078539145458994;-0,028528972817856;-0,0078539145458994;100;1;0,9;TRUE;1;0,8;TRUE;TRUE;0;1;0
"h_temperature_preg_None";"e3_bw";0,000154688532314652;1e-12;-0,000392395050397056;-0,00091211731878521;-0,00091211731878521;-0,000541131618590809;0,0047060621332922;-0,0095167242659202;0,00670065400163691;-0,0095167242659202;0,00670065400163691;100;1;0,9;TRUE;0,56;0,8;FALSE;FALSE;0,44;0,56;0
"h_ndvi100_preg_None";"e3_bw";0,000154688532314652;1e-12;0,00891184034654882;0,00790663302336484;0,00790663302336484;0,00817995466630857;0,00440330719859102;-0,000145372340998397;0,0157733138662304;-0,000145372340998397;0,0157733138662304;100;1;0,9;TRUE;0,97;0,8;TRUE;TRUE;0,97;0,03;0
"hs_dde_madj_Log2";"e3_bw";0,000154688532314652;1e-12;-0,00703138132641574;-0,00651628929846809;-0,00651628929846809;-0,00632538230125443;0,00372227584528789;-0,0124631856115999;-0,000430553125924966;-0,0124631856115999;-0,000430553125924966;100;1;0,9;TRUE;0,98;0,8;TRUE;TRUE;0,02;0,98;0
"hs_ddt_madj_Log2";"e3_bw";0,000154688532314652;1e-12;-0,000583234647207386;-0,00036447465371841;-0,00036447465371841;-0,000301106237264158;0,00303340721321195;-0,00665137420560615;0,00537461059256663;-0,00665137420560615;0,00537461059256663;100;1;0,9;TRUE;0,51;0,8;FALSE;FALSE;0,49;0,51;0
"hs_hcb_madj_Log2";"e3_bw";0,000154688532314652;1e-12;0,00039707361525272;6,10649592732184e-05;6,10649592732184e-05;-0,000157777837375492;0,00320502047744209;-0,00714385363686952;0,00622029915547757;-0,00714385363686952;0,00622029915547757;100;1;0,9;TRUE;0,49;0,8;FALSE;FALSE;0,49;0,51;0
"hs_pcb118_madj_Log2";"e3_bw";0,000154688532314652;1e-12;0,00232653793845;0,00188924167102105;0,00188924167102105;0,00202016781463056;0,00393804810479565;-0,0057855511350788;0,00984330364418852;-0,0057855511350788;0,00984330364418852;100;1;0,9;TRUE;0,71;0,8;FALSE;FALSE;0,71;0,29;0
"hs_pcb138_madj_Log2";"e3_bw";0,000154688532314652;1e-12;-0,00495965627177836;-0,00489477695934925;-0,00489477695934925;-0,00455666390308682;0,00417887182956757;-0,0138730424985304;0,00232746175617599;-0,0138730424985304;0,00232746175617599;100;1;0,9;TRUE;0,86;0,8;TRUE;TRUE;0,14;0,86;0
"hs_pcb153_madj_Log2";"e3_bw";0,000154688532314652;1e-12;-0,00651767174559585;-0,00587935953099316;-0,00587935953099316;-0,00629600157552156;0,00516553384360335;-0,0143937174172046;0,00339144971000424;-0,0143937174172046;0,00339144971000424;100;1;0,9;TRUE;0,88;0,8;TRUE;TRUE;0,12;0,88;0
"hs_pcb170_madj_Log2";"e3_bw";0,000154688532314652;1e-12;0,00120005284402493;0,00160574945930385;0,00160574945930385;0,0014308138156689;0,00512262426336367;-0,00817784598724032;0,0119488722449326;-0,00817784598724032;0,0119488722449326;100;1;0,9;TRUE;0,62;0,8;FALSE;FALSE;0,62;0,38;0
"hs_pcb180_madj_Log2";"e3_bw";0,000154688532314652;1e-12;0,00608974282969608;0,00408669799369349;0,00408669799369349;0,00423867331738549;0,00634012748306565;-0,00906154820765177;0,0165129889843831;-0,00906154820765177;0,0165129889843831;100;1;0,9;TRUE;0,74;0,8;FALSE;FALSE;0,74;0,26;0
"hs_sumPCBs5_madj_Log2";"e3_bw";0,000154688532314652;1e-12;-0,0004119851804361;-0,00122349150760744;-0,00122349150760744;-0,000735139129552966;0,00528183478253996;-0,0119074986508991;0,00741734339546424;-0,0119074986508991;0,00741734339546424;100;1;0,9;TRUE;0,57;0,8;FALSE;FALSE;0,43;0,57;0
"hs_pfhxs_m_Log2";"e3_bw";0,000154688532314652;1e-12;0,01054073262422;0,00976204106771756;0,00976204106771756;0,00958204490223391;0,0035473951704335;0,00375797888823108;0,0165514308761026;0,00375797888823108;0,0165514308761026;100;1;0,9;TRUE;0,99;0,8;TRUE;TRUE;0,99;0,01;0
"hs_pfna_m_Log2";"e3_bw";0,000154688532314652;1e-12;-0,0079282149262484;-0,00781009507072252;-0,00781009507072252;-0,00809840729507263;0,00460226230646419;-0,0168794931932766;0,00178769994014644;-0,0168794931932766;0,00178769994014644;100;1;0,9;TRUE;0,93;0,8;TRUE;TRUE;0,07;0,93;0
"hs_pfoa_m_Log2";"e3_bw";0,000154688532314652;1e-12;-0,00207617592938842;-0,00211791334190626;-0,00211791334190626;-0,0012967707213524;0,00446635563976811;-0,0106220119118738;0,00496633622042771;-0,0106220119118738;0,00496633622042771;100;1;0,9;TRUE;0,63;0,8;FALSE;FALSE;0,37;0,63;0
"hs_pfos_m_Log2";"e3_bw";0,000154688532314652;1e-12;-0,00284360231090125;-0,00301196390650894;-0,00301196390650894;-0,00304334736128832;0,00396443958683328;-0,0111108174143364;0,00462745780267955;-0,0111108174143364;0,00462745780267955;100;1;0,9;TRUE;0,78;0,8;FALSE;FALSE;0,22;0,78;0
"hs_pfunda_m_Log2";"e3_bw";0,000154688532314652;1e-12;-0,00230779068987549;-0,00269576482764446;-0,00269576482764446;-0,00271861362067752;0,00383283907640296;-0,0108656617237722;0,00383177588290394;-0,0108656617237722;0,00383177588290394;100;1;0,9;TRUE;0,76;0,8;FALSE;FALSE;0,24;0,76;0
"e3_asmokcigd_p_None";"e3_bw";0,000154688532314652;1e-12;-0,0065138925672094;-0,00687673850299952;-0,00687673850299952;-0,00685099566963678;0,00285411254176928;-0,0118114631819468;-0,00063500268820506;-0,0118114631819468;-0,00063500268820506;100;1;0,9;TRUE;0,99;0,8;TRUE;TRUE;0,01;0,99;0
"h_distinvnear1_preg_Log";"e3_bw";0,000154688532314652;1e-12;-0,00126736801907687;-0,0014781261850039;-0,0014781261850039;-0,00211523624567476;0,00313161938179458;-0,00700859053618802;0,00643388465244976;-0,00700859053618802;0,00643388465244976;100;1;0,9;TRUE;0,7;0,8;FALSE;FALSE;0,3;0,7;0
"h_trafload_preg_pow1over3";"e3_bw";0,000154688532314652;1e-12;-0,00188373704059661;-0,00141695676718637;-0,00141695676718637;-0,00130597124819043;0,00334357579098525;-0,0078738930512685;0,00537805174267811;-0,0078738930512685;0,00537805174267811;100;1;0,9;TRUE;0,71;0,8;FALSE;FALSE;0,29;0,71;0
"h_trafnear_preg_pow1over3";"e3_bw";0,000154688532314652;1e-12;-0,00575353639794233;-0,00595187051450697;-0,00595187051450697;-0,00630482464354742;0,00398023687266533;-0,0150740668478085;0,00277876470255548;-0,0150740668478085;0,00277876470255548;100;1;0,9;TRUE;0,94;0,8;TRUE;TRUE;0,06;0,94;0
"h_bro_preg_Log";"e3_bw";0,000154688532314652;1e-12;0,00908785158034252;0,00926139670031804;0,00926139670031804;0,00932812704830745;0,00593481846657394;-0,00139341085702563;0,0213934285957083;-0,00139341085702563;0,0213934285957083;100;1;0,9;TRUE;0,97;0,8;TRUE;TRUE;0,97;0,03;0
"h_clf_preg_Log";"e3_bw";0,000154688532314652;1e-12;0,00241495010659975;0,00274746443225977;0,00274746443225977;0,00265575795434946;0,00395745244426959;-0,00508984891383264;0,0109942629447349;-0,00508984891383264;0,0109942629447349;100;1;0,9;TRUE;0,75;0,8;FALSE;FALSE;0,75;0,25;0
"h_thm_preg_Log";"e3_bw";0,000154688532314652;1e-12;0,00154122781377898;0,0018374179260174;0,0018374179260174;0,00175584588267012;0,00457858567856833;-0,00696303267623258;0,0106105622135714;-0,00696303267623258;0,0106105622135714;100;1;0,9;TRUE;0,66;0,8;FALSE;FALSE;0,66;0,34;0
"e3_alcpreg_yn_None_1";"e3_bw";0,000154688532314652;1e-12;0,0154263202482811;0,0165757360048032;0,0165757360048032;0,0161512624977611;0,00560138925567551;0,00618505795612227;0,0274546261393042;0,00618505795612227;0,0274546261393042;100;1;0,9;TRUE;1;0,8;TRUE;TRUE;1;0;0
"h_pamod_t3_None_Often";"e3_bw";0,000154688532314652;1e-12;0,0937989966599713;0,090733087687475;0,090733087687475;0,090026223401776;0,0108230500160418;0,0724098862908378;0,110607218641178;0,0724098862908378;0,110607218641178;100;1;0,9;TRUE;1;0,8;TRUE;TRUE;1;0;0
"h_pamod_t3_None_Sometimes";"e3_bw";0,000154688532314652;1e-12;0,0869523154329954;0,0829244682329762;0,0829244682329762;0,0826238338096419;0,0132744383512741;0,0612408078663468;0,105460585507522;0,0612408078663468;0,105460585507522;100;1;0,9;TRUE;1;0,8;TRUE;TRUE;1;0;0
"h_pamod_t3_None_Very Often";"e3_bw";0,000154688532314652;1e-12;0,0873281755261025;0,0836906618488173;0,0836906618488173;0,0831072046887859;0,0114829992560157;0,0622113568047181;0,103640397277636;0,0622113568047181;0,103640397277636;100;1;0,9;TRUE;1;0,8;TRUE;TRUE;1;0;0
"h_pavig_t3_None_Low";"e3_bw";0,000154688532314652;1e-12;0,106433927169239;0,102061400856654;0,102061400856654;0,101766345743057;0,00985853924222902;0,0844861634051821;0,121158774866762;0,0844861634051821;0,121158774866762;100;1;0,9;TRUE;1;0,8;TRUE;TRUE;1;0;0
"h_pavig_t3_None_Medium";"e3_bw";0,000154688532314652;1e-12;0,100639665415824;0,0962813670131072;0,0962813670131072;0,0960770983358365;0,00962477847191356;0,0775646522726356;0,113588870162487;0,0775646522726356;0,113588870162487;100;1;0,9;TRUE;1;0,8;TRUE;TRUE;1;0;0
"hs_no2_dy_hs_h_Log";"e3_bw";0,000154688532314652;1e-12;0,0142892322342445;0,013956347939065;0,013956347939065;0,0137498559516426;0,00533940776099161;0,003968478073473;0,023522215203667;0,003968478073473;0,023522215203667;100;1;0,9;TRUE;0,99;0,8;TRUE;TRUE;0,99;0,01;0
"hs_no2_wk_hs_h_Log";"e3_bw";0,000154688532314652;1e-12;0,00973953537234392;0,0104576557924639;0,0104576557924639;0,0105429210102918;0,004888220237489;-0,000112257979681248;0,0188726496937889;-0,000112257979681248;0,0188726496937889;100;1;0,9;TRUE;0,97;0,8;TRUE;TRUE;0,97;0,03;0
"hs_no2_yr_hs_h_Log";"e3_bw";0,000154688532314652;1e-12;0,0283827274125307;0,0280405739940669;0,0280405739940669;0,0281637057135789;0,00548532933990061;0,0172590301966425;0,0383768606528562;0,0172590301966425;0,0383768606528562;100;1;0,9;TRUE;1;0,8;TRUE;TRUE;1;0;0
"hs_pm10_dy_hs_h_None";"e3_bw";0,000154688532314652;1e-12;-0,00315218028742018;-0,00227032564180318;-0,00227032564180318;-0,00292999756907008;0,00446515767121286;-0,00958801664999178;0,00668020204301192;-0,00958801664999178;0,00668020204301192;100;1;0,9;TRUE;0,73;0,8;FALSE;FALSE;0,27;0,73;0
"hs_pm10_wk_hs_h_None";"e3_bw";0,000154688532314652;1e-12;-0,00589028611536447;-0,00592414490997691;-0,00592414490997691;-0,00592610756526406;0,0045189146209355;-0,0136166037680399;0,00192779430869747;-0,0136166037680399;0,00192779430869747;100;1;0,9;TRUE;0,92;0,8;TRUE;TRUE;0,08;0,92;0
"hs_pm10_yr_hs_h_None";"e3_bw";0,000154688532314652;1e-12;-0,0108419554825237;-0,0107224461559262;-0,0107224461559262;-0,0103458150433881;0,00426102702024449;-0,0192981168801738;-0,00313486323655531;-0,0192981168801738;-0,00313486323655531;100;1;0,9;TRUE;1;0,8;TRUE;TRUE;0;1;0
"hs_pm25_dy_hs_h_None";"e3_bw";0,000154688532314652;1e-12;-0,00282334360188276;-0,00239581681035761;-0,00239581681035761;-0,00236886858139084;0,00402793363468099;-0,0113083979605652;0,00559794759360908;-0,0113083979605652;0,00559794759360908;100;1;0,9;TRUE;0,74;0,8;FALSE;FALSE;0,26;0,74;0
"hs_pm25_wk_hs_h_None";"e3_bw";0,000154688532314652;1e-12;-0,00287861271125354;-0,00355814624020728;-0,00355814624020728;-0,00356965731747117;0,00511836390399795;-0,0149659835137548;0,00549793231631901;-0,0149659835137548;0,00549793231631901;100;1;0,9;TRUE;0,74;0,8;FALSE;FALSE;0,26;0,74;0
"hs_pm25_yr_hs_h_None";"e3_bw";0,000154688532314652;1e-12;0,0106768258219873;0,01145578811184;0,01145578811184;0,0112908090361754;0,0051689694211354;0,00335066910484689;0,0220292209559535;0,00335066910484689;0,0220292209559535;100;1;0,9;TRUE;1;0,8;TRUE;TRUE;1;0;0
"hs_pm25abs_dy_hs_h_Log";"e3_bw";0,000154688532314652;1e-12;0,00198447663671708;0,00132804921017666;0,00132804921017666;0,00104964484489473;0,0034097461973255;-0,00480761385110511;0,00811228102472143;-0,00480761385110511;0,00811228102472143;100;1;0,9;TRUE;0,63;0,8;FALSE;FALSE;0,63;0,37;0
"hs_pm25abs_wk_hs_h_Log";"e3_bw";0,000154688532314652;1e-12;-0,0101923083989979;-0,009606364480446;-0,009606364480446;-0,00962596233947146;0,00375483383442996;-0,0161795107701688;-0,00297919255472246;-0,0161795107701688;-0,00297919255472246;100;1;0,9;TRUE;1;0,8;TRUE;TRUE;0;1;0
"hs_pm25abs_yr_hs_h_Log";"e3_bw";0,000154688532314652;1e-12;-0,00912449728944666;-0,00825040967194289;-0,00825040967194289;-0,00886704815730602;0,00436472815728582;-0,0156286990944234;-0,000445817395506984;-0,0156286990944234;-0,000445817395506984;100;1;0,9;TRUE;0,97;0,8;TRUE;TRUE;0,03;0,97;0
"hs_accesslines300_h_dic0";"e3_bw";0,000154688532314652;1e-12;-0,0167735838682353;-0,0158310900098295;-0,0158310900098295;-0,0158056765967441;0,0115423386722099;-0,0394097530747557;0,00659115561935186;-0,0394097530747557;0,00659115561935186;100;1;0,9;TRUE;0,91;0,8;TRUE;TRUE;0,09;0,91;0
"hs_accesspoints300_h_Log";"e3_bw";0,000154688532314652;1e-12;-0,00633152967511145;-0,0051745488804933;-0,0051745488804933;-0,00495347679440166;0,00436605195301943;-0,0134116350274212;0,00315107802426714;-0,0134116350274212;0,00315107802426714;100;1;0,9;TRUE;0,9;0,8;TRUE;TRUE;0,1;0,9;0
"hs_builtdens300_h_Sqrt";"e3_bw";0,000154688532314652;1e-12;0,000549803832095442;0,000275822065088404;0,000275822065088404;0,000182851509777002;0,00429476975600527;-0,00800414900978934;0,00971890689031749;-0,00800414900978934;0,00971890689031749;100;1;0,9;TRUE;0,52;0,8;FALSE;FALSE;0,52;0,48;0
"hs_connind300_h_Log";"e3_bw";0,000154688532314652;1e-12;0,00764600973934983;0,00768987510337683;0,00768987510337683;0,0082643570047964;0,00403298860787138;-0,00168680258737513;0,0151558157209348;-0,00168680258737513;0,0151558157209348;100;1;0,9;TRUE;0,96;0,8;TRUE;TRUE;0,96;0,04;0
"hs_fdensity300_h_Log";"e3_bw";0,000154688532314652;1e-12;0,00694807495498481;0,0068386321777596;0,0068386321777596;0,00729438967983022;0,00499604599758544;-0,00171219703704996;0,0156555854908322;-0,00171219703704996;0,0156555854908322;100;1;0,9;TRUE;0,89;0,8;TRUE;TRUE;0,89;0,11;0
"hs_landuseshan300_h_None";"e3_bw";0,000154688532314652;1e-12;-0,00101431366871338;-0,000870209666015919;-0,000870209666015919;-0,000621138300400679;0,00304258812966367;-0,00759320239151835;0,00476204235718222;-0,00759320239151835;0,00476204235718222;100;1;0,9;TRUE;0,56;0,8;FALSE;FALSE;0,44;0,56;0
"hs_popdens_h_Sqrt";"e3_bw";0,000154688532314652;1e-12;-0,00443764840845725;-0,00416852016544146;-0,00416852016544146;-0,00416660921336599;0,00375796432672094;-0,0113508520254339;0,0032464754916277;-0,0113508520254339;0,0032464754916277;100;1;0,9;TRUE;0,86;0,8;TRUE;TRUE;0,14;0,86;0
"hs_walkability_mean_h_None";"e3_bw";0,000154688532314652;1e-12;-0,00469471362424408;-0,00450399062592799;-0,00450399062592799;-0,00414174877519938;0,00365125710033872;-0,0105369348938272;0,00222174351340883;-0,0105369348938272;0,00222174351340883;100;1;0,9;TRUE;0,91;0,8;TRUE;TRUE;0,09;0,91;0
"hs_accesslines300_s_dic0";"e3_bw";0,000154688532314652;1e-12;0,00346837405947365;0,00238115089732453;0,00238115089732453;0,00217309342400072;0,0108229649439511;-0,018442551847064;0,0255988592196663;-0,018442551847064;0,0255988592196663;100;1;0,9;TRUE;0,57;0,8;FALSE;FALSE;0,57;0,43;0
"hs_accesspoints300_s_Log";"e3_bw";0,000154688532314652;1e-12;0,00371589578599558;0,0036484941310895;0,0036484941310895;0,00408965976986228;0,00412126704818539;-0,00370067779984835;0,0118368619691983;-0,00370067779984835;0,0118368619691983;100;1;0,9;TRUE;0,82;0,8;TRUE;TRUE;0,82;0,18;0
"hs_builtdens300_s_Sqrt";"e3_bw";0,000154688532314652;1e-12;-0,00348394105860607;-0,00362508677023125;-0,00362508677023125;-0,00336241504034959;0,0040238781220121;-0,0109283593262594;0,00367734363356887;-0,0109283593262594;0,00367734363356887;100;1;0,9;TRUE;0,82;0,8;TRUE;TRUE;0,18;0,82;0
"hs_connind300_s_Log";"e3_bw";0,000154688532314652;1e-12;0,00567166820020788;0,00544824725341045;0,00544824725341045;0,00591007042787063;0,00401054566626519;-0,00293339736757869;0,0131691215852791;-0,00293339736757869;0,0131691215852791;100;1;0,9;TRUE;0,92;0,8;TRUE;TRUE;0,92;0,08;0
"hs_fdensity300_s_Log";"e3_bw";0,000154688532314652;1e-12;0,00541408100468444;0,0052836911587519;0,0052836911587519;0,00514369105265072;0,00442909949223176;-0,0040943190818075;0,0138016444882013;-0,0040943190818075;0,0138016444882013;100;1;0,9;TRUE;0,92;0,8;TRUE;TRUE;0,92;0,08;0
"hs_landuseshan300_s_None";"e3_bw";0,000154688532314652;1e-12;-0,00195667109171045;-0,00159148693889055;-0,00159148693889055;-0,00193963662847064;0,00306925447818461;-0,00699100272506723;0,00423853734889749;-0,00699100272506723;0,00423853734889749;100;1;0,9;TRUE;0,66;0,8;FALSE;FALSE;0,34;0,66;0
"hs_popdens_s_Sqrt";"e3_bw";0,000154688532314652;1e-12;0,00336077941786472;0,00295854027786313;0,00295854027786313;0,00316777776066325;0,00314721897263448;-0,00358140552976758;0,00845400613039639;-0,00358140552976758;0,00845400613039639;100;1;0,9;TRUE;0,84;0,8;TRUE;TRUE;0,84;0,16;0
"h_Absorbance_Log";"e3_bw";0,000154688532314652;1e-12;0,00765272314479005;0,0068314094641048;0,0068314094641048;0,00703404789027346;0,0037291436025208;0,00129054568057588;0,0133270005044408;0,00129054568057588;0,0133270005044408;100;1;0,9;TRUE;0,99;0,8;TRUE;TRUE;0,99;0,01;0
"h_Benzene_Log";"e3_bw";0,000154688532314652;1e-12;-0,00561263671207449;-0,00652981380742306;-0,00652981380742306;-0,00620233149320097;0,00400530008560712;-0,0143784616938806;5,85298276183948e-05;-0,0143784616938806;5,85298276183948e-05;100;1;0,9;TRUE;0,97;0,8;TRUE;TRUE;0,03;0,97;0
"h_NO2_Log";"e3_bw";0,000154688532314652;1e-12;0,00989477648255051;0,00987360175910195;0,00987360175910195;0,00994730614405072;0,00377681232016381;0,00270623637047033;0,0176112246908631;0,00270623637047033;0,0176112246908631;100;1;0,9;TRUE;1;0,8;TRUE;TRUE;1;0;0
"h_PM_Log";"e3_bw";0,000154688532314652;1e-12;0,00438344297277356;0,00426088484365482;0,00426088484365482;0,00407285166712942;0,00308640710980815;-0,00165817418418529;0,0106341188360583;-0,00165817418418529;0,0106341188360583;100;1;0,9;TRUE;0,9;0,8;TRUE;TRUE;0,9;0,1;0
"h_TEX_Log";"e3_bw";0,000154688532314652;1e-12;0,000979601764681478;0,00147339471827629;0,00147339471827629;0,00111910708450379;0,0028415844048771;-0,00337094084179718;0,00644281325465365;-0,00337094084179718;0,00644281325465365;100;1;0,9;TRUE;0,67;0,8;FALSE;FALSE;0,67;0,33;0
"hs_KIDMED_None";"e3_bw";0,000154688532314652;1e-12;0,00218855935942228;0,00283950005878034;0,00283950005878034;0,00326952072449815;0,00298346879836901;-0,0033777240331227;0,00813949766922602;-0,0033777240331227;0,00813949766922602;100;1;0,9;TRUE;0,84;0,8;TRUE;TRUE;0,84;0,16;0
"hs_mvpa_prd_alt_None";"e3_bw";0,000154688532314652;1e-12;0,00243864436504187;0,00269603693326293;0,00269603693326293;0,00253963018212493;0,00442665430618975;-0,00516940254410789;0,0107338656480853;-0,00516940254410789;0,0107338656480853;100;1;0,9;TRUE;0,74;0,8;FALSE;FALSE;0,74;0,26;0
"hs_sd_wk_None";"e3_bw";0,000154688532314652;1e-12;-0,003159019384885;-0,00291451588101317;-0,00291451588101317;-0,0028423815085742;0,00308335842150622;-0,00872363438456789;0,00221921140850358;-0,00872363438456789;0,00221921140850358;100;1;0,9;TRUE;0,82;0,8;TRUE;TRUE;0,18;0,82;0
"hs_dif_hours_total_None";"e3_bw";0,000154688532314652;1e-12;-0,00457629114333311;-0,00328714360954071;-0,00328714360954071;-0,00352786131158528;0,00333515676543522;-0,00928742797789033;0,0021978741621636;-0,00928742797789033;0,0021978741621636;100;1;0,9;TRUE;0,82;0,8;TRUE;TRUE;0,18;0,82;0
"hs_as_c_Log2";"e3_bw";0,000154688532314652;1e-12;0,00321697263177016;0,00324383480131509;0,00324383480131509;0,00338351907043519;0,0033820645195454;-0,00296388239246648;0,00931149811605118;-0,00296388239246648;0,00931149811605118;100;1;0,9;TRUE;0,84;0,8;TRUE;TRUE;0,84;0,16;0
"hs_cd_c_Log2";"e3_bw";0,000154688532314652;1e-12;0,00116483607629259;0,00116676068445251;0,00116676068445251;0,000938709607943691;0,0029368769162495;-0,00405618934412599;0,00759223523637281;-0,00405618934412599;0,00759223523637281;100;1;0,9;TRUE;0,66;0,8;FALSE;FALSE;0,66;0,34;0
"hs_co_c_Log2";"e3_bw";0,000154688532314652;1e-12;-0,00335221360729229;-0,00300111642606099;-0,00300111642606099;-0,0034326527807442;0,00282145255820685;-0,00763632301318316;0,00221068140688583;-0,00763632301318316;0,00221068140688583;100;1;0,9;TRUE;0,83;0,8;TRUE;TRUE;0,17;0,83;0
"hs_cs_c_Log2";"e3_bw";0,000154688532314652;1e-12;-0,00243881598647993;-0,00213049945387666;-0,00213049945387666;-0,00152473175315741;0,00401540328911062;-0,00940821673283305;0,00532372796993365;-0,00940821673283305;0,00532372796993365;100;1;0,9;TRUE;0,67;0,8;FALSE;FALSE;0,33;0,67;0
"hs_cu_c_Log2";"e3_bw";0,000154688532314652;1e-12;-0,00163011294904904;-0,00175998619427327;-0,00175998619427327;-0,00130288304932633;0,00300547330938837;-0,00836468386131456;0,00349773187627192;-0,00836468386131456;0,00349773187627192;100;1;0,9;TRUE;0,69;0,8;FALSE;FALSE;0,31;0,69;0
"hs_hg_c_Log2";"e3_bw";0,000154688532314652;1e-12;-0,00934287606724281;-0,00840746405285321;-0,00840746405285321;-0,00882301864308248;0,00445346023591082;-0,0153694332898002;0,000538710526955267;-0,0153694332898002;0,000538710526955267;100;1;0,9;TRUE;0,97;0,8;TRUE;TRUE;0,03;0,97;0
"hs_mn_c_Log2";"e3_bw";0,000154688532314652;1e-12;-0,00265826474201699;-0,00361202911429271;-0,00361202911429271;-0,00373783465248983;0,0032021597355252;-0,0090414864982134;0,00240352329716904;-0,0090414864982134;0,00240352329716904;100;1;0,9;TRUE;0,86;0,8;TRUE;TRUE;0,14;0,86;0
"hs_mo_c_Log2";"e3_bw";0,000154688532314652;1e-12;-0,00295530702076517;-0,00283219702331028;-0,00283219702331028;-0,00298112155538266;0,00277977916325259;-0,00833515947254226;0,00332702554695547;-0,00833515947254226;0,00332702554695547;100;1;0,9;TRUE;0,87;0,8;TRUE;TRUE;0,13;0,87;0
"hs_pb_c_Log2";"e3_bw";0,000154688532314652;1e-12;0,000888840872797376;0,0012861956830704;0,0012861956830704;0,00146954788672352;0,00273026742381328;-0,00424014648527374;0,00651855457802083;-0,00424014648527374;0,00651855457802083;100;1;0,9;TRUE;0,68;0,8;FALSE;FALSE;0,68;0,32;0
"hs_hum_mt_hs_h_None";"e3_bw";0,000154688532314652;1e-12;-0,00921750028821876;-0,00947099512718324;-0,00947099512718324;-0,00834950709413033;0,00506286564516703;-0,0204970221087765;-0,000888726957460788;-0,0204970221087765;-0,000888726957460788;100;1;0,9;TRUE;0,98;0,8;TRUE;TRUE;0,02;0,98;0
"hs_tm_mt_hs_h_None";"e3_bw";0,000154688532314652;1e-12;0,00631931560449448;0,00535464456488441;0,00535464456488441;0,00500654190867453;0,00458492434420145;-0,0027365525729378;0,0150177518797454;-0,0027365525729378;0,0150177518797454;100;1;0,9;TRUE;0,9;0,8;TRUE;TRUE;0,9;0,1;0
"hs_uvdvf_mt_hs_h_None";"e3_bw";0,000154688532314652;1e-12;-0,00501909250980694;-0,0046143441917707;-0,0046143441917707;-0,00489909498946946;0,00522635120881124;-0,0135115383381762;0,00633439487454274;-0,0135115383381762;0,00633439487454274;100;1;0,9;TRUE;0,81;0,8;TRUE;TRUE;0,19;0,81;0
"hs_hum_dy_hs_h_None";"e3_bw";0,000154688532314652;1e-12;-0,00523511412787684;-0,00542434407588527;-0,00542434407588527;-0,00574760853460817;0,00337158967679117;-0,0112215568441603;0,000928203268770276;-0,0112215568441603;0,000928203268770276;100;1;0,9;TRUE;0,95;0,8;TRUE;TRUE;0,05;0,95;0
"hs_hum_wk_hs_h_None";"e3_bw";0,000154688532314652;1e-12;-0,0130802937175885;-0,0127010314425416;-0,0127010314425416;-0,012918925852223;0,00439544909397072;-0,021191264701705;-0,0048722541229345;-0,021191264701705;-0,0048722541229345;100;1;0,9;TRUE;1;0,8;TRUE;TRUE;0;1;0
"hs_tm_dy_hs_h_None";"e3_bw";0,000154688532314652;1e-12;-0,00189573428873299;-0,00186529243938858;-0,00186529243938858;-0,00165627435578343;0,00375035699861815;-0,00890888552848458;0,00451702181157213;-0,00890888552848458;0,00451702181157213;100;1;0,9;TRUE;0,67;0,8;FALSE;FALSE;0,33;0,67;0
"hs_tm_wk_hs_h_None";"e3_bw";0,000154688532314652;1e-12;-0,00243218351069927;-0,00168121313386793;-0,00168121313386793;-0,00162143499735524;0,004133541766959;-0,0100058625650791;0,00522631743916207;-0,0100058625650791;0,00522631743916207;100;1;0,9;TRUE;0,68;0,8;FALSE;FALSE;0,32;0,68;0
"hs_uvdvf_dy_hs_h_None";"e3_bw";0,000154688532314652;1e-12;0,00349057796958294;0,00305067679731411;0,00305067679731411;0,00370819911780586;0,00399777769139518;-0,00493164276937034;0,0108440353042677;-0,00493164276937034;0,0108440353042677;100;1;0,9;TRUE;0,75;0,8;FALSE;FALSE;0,75;0,25;0
"hs_uvdvf_wk_hs_h_None";"e3_bw";0,000154688532314652;1e-12;-0,0132868256795462;-0,0131707825789637;-0,0131707825789637;-0,0134067510394528;0,00459058986907803;-0,0221924167932463;-0,00331876340085632;-0,0221924167932463;-0,00331876340085632;100;1;0,9;TRUE;0,99;0,8;TRUE;TRUE;0,01;0,99;0
"hs_ndvi100_h_None";"e3_bw";0,000154688532314652;1e-12;0,00811651134150289;0,00940144427642453;0,00940144427642453;0,00931138450305303;0,00448235150240458;0,00100323883837925;0,0175343933356185;0,00100323883837925;0,0175343933356185;100;1;0,9;TRUE;0,99;0,8;TRUE;TRUE;0,99;0,01;0
"hs_ndvi100_s_None";"e3_bw";0,000154688532314652;1e-12;0,0123783278676708;0,0123384296292777;0,0123384296292777;0,0125579104483796;0,00445963066567805;0,00290932502894538;0,0211103348361005;0,00290932502894538;0,0211103348361005;100;1;0,9;TRUE;1;0,8;TRUE;TRUE;1;0;0
"hs_dde_cadj_Log2";"e3_bw";0,000154688532314652;1e-12;-0,00385317584190251;-0,0042271562018904;-0,0042271562018904;-0,00444817210016686;0,00392792001726939;-0,011072503576117;0,00376083365849014;-0,011072503576117;0,00376083365849014;100;1;0,9;TRUE;0,86;0,8;TRUE;TRUE;0,14;0,86;0
"hs_ddt_cadj_Log2";"e3_bw";0,000154688532314652;1e-12;-0,00874856615818301;-0,0079487868710633;-0,0079487868710633;-0,00819575662209071;0,00334160312928613;-0,0136873244309464;-0,00202033495842094;-0,0136873244309464;-0,00202033495842094;100;1;0,9;TRUE;1;0,8;TRUE;TRUE;0;1;0
"hs_hcb_cadj_Log2";"e3_bw";0,000154688532314652;1e-12;-0,00525953489025457;-0,00679489735538821;-0,00679489735538821;-0,00650275307244376;0,00499661692220904;-0,0170973800396905;0,00253907218015846;-0,0170973800396905;0,00253907218015846;100;1;0,9;TRUE;0,92;0,8;TRUE;TRUE;0,08;0,92;0
"hs_pcb118_cadj_Log2";"e3_bw";0,000154688532314652;1e-12;-0,000137232678854187;-9,42907435848406e-05;-9,42907435848406e-05;0,000320148012902502;0,00411239347776584;-0,00818095655395486;0,00614654094802654;-0,00818095655395486;0,00614654094802654;100;1;0,9;TRUE;0,47;0,8;FALSE;FALSE;0,53;0,47;0
"hs_pcb138_cadj_Log2";"e3_bw";0,000154688532314652;1e-12;0,00110165605545117;0,00074369750562816;0,00074369750562816;0,000881830944750664;0,00423622919871945;-0,00666113166954695;0,00726159491488584;-0,00666113166954695;0,00726159491488584;100;1;0,9;TRUE;0,58;0,8;FALSE;FALSE;0,58;0,42;0
"hs_pcb153_cadj_Log2";"e3_bw";0,000154688532314652;1e-12;0,0010292508952553;0,000576425064102053;0,000576425064102053;0,00090234878238805;0,00530174362332883;-0,00954855392913637;0,010550813488481;-0,00954855392913637;0,010550813488481;100;1;0,9;TRUE;0,58;0,8;FALSE;FALSE;0,58;0,42;0
"hs_pcb170_cadj_Log2";"e3_bw";0,000154688532314652;1e-12;-0,00786545687692511;-0,00866156121872831;-0,00866156121872831;-0,00810765944413733;0,00393996263011244;-0,0160830915970055;-0,00224810783423299;-0,0160830915970055;-0,00224810783423299;100;1;0,9;TRUE;0,98;0,8;TRUE;TRUE;0,02;0,98;0
"hs_pcb180_cadj_Log2";"e3_bw";0,000154688532314652;1e-12;-0,000947459849086416;0,00024739588097273;0,00024739588097273;0,000614991423930457;0,0042006173526725;-0,00711976709531355;0,00781818374264188;-0,00711976709531355;0,00781818374264188;100;1;0,9;TRUE;0,44;0,8;FALSE;FALSE;0,56;0,44;0
"hs_sumPCBs5_cadj_Log2";"e3_bw";0,000154688532314652;1e-12;-0,00867613289772919;-0,00822219948858682;-0,00822219948858682;-0,00794527540826448;0,00443223478302307;-0,0168706053825988;0,000725117704415879;-0,0168706053825988;0,000725117704415879;100;1;0,9;TRUE;0,96;0,8;TRUE;TRUE;0,04;0,96;0
"hs_pfhxs_c_Log2";"e3_bw";0,000154688532314652;1e-12;0,0100032979381328;0,00936355887562826;0,00936355887562826;0,00991977487615129;0,00340821458668381;0,00129378869213537;0,0145155292230791;0,00129378869213537;0,0145155292230791;100;1;0,9;TRUE;1;0,8;TRUE;TRUE;1;0;0
"hs_pfna_c_Log2";"e3_bw";0,000154688532314652;1e-12;-0,00375611927082288;-0,00407742820418366;-0,00407742820418366;-0,00391032054019272;0,00410414013705871;-0,0131683718464916;0,00305787242759645;-0,0131683718464916;0,00305787242759645;100;1;0,9;TRUE;0,82;0,8;TRUE;TRUE;0,18;0,82;0
"hs_pfoa_c_Log2";"e3_bw";0,000154688532314652;1e-12;0,00512097225051417;0,00566477207780865;0,00566477207780865;0,00593884829044033;0,00338589051963193;-0,00182955469900028;0,0112417115915386;-0,00182955469900028;0,0112417115915386;100;1;0,9;TRUE;0,95;0,8;TRUE;TRUE;0,95;0,05;0
"hs_pfos_c_Log2";"e3_bw";0,000154688532314652;1e-12;-0,0029137559060378;-0,00269673936925432;-0,00269673936925432;-0,00236557633743121;0,0037325900127619;-0,0112653965212247;0,00375897598466945;-0,0112653965212247;0,00375897598466945;100;1;0,9;TRUE;0,79;0,8;FALSE;FALSE;0,21;0,79;0
"hs_pfunda_c_Log2";"e3_bw";0,000154688532314652;1e-12;0,00102232634226567;0,000693066038902883;0,000693066038902883;0,000609928864170312;0,00302067258549416;-0,00455876567855366;0,00619942201537646;-0,00455876567855366;0,00619942201537646;100;1;0,9;TRUE;0,57;0,8;FALSE;FALSE;0,57;0,43;0
"hs_hm_pers_None";"e3_bw";0,000154688532314652;1e-12;-0,000718226150123595;-0,000139544617989619;-0,000139544617989619;-0,000181614689319907;0,00327752145800937;-0,00581699619612933;0,00617409373945962;-0,00581699619612933;0,00617409373945962;100;1;0,9;TRUE;0,53;0,8;FALSE;FALSE;0,47;0,53;0
"hs_trafload_h_pow1over3";"e3_bw";0,000154688532314652;1e-12;0,00141854450417111;0,000881408371689475;0,000881408371689475;0,0012831530714368;0,00325581830334364;-0,00612970170229907;0,00661391476446489;-0,00612970170229907;0,00661391476446489;100;1;0,9;TRUE;0,66;0,8;FALSE;FALSE;0,66;0,34;0
"hs_trafnear_h_pow1over3";"e3_bw";0,000154688532314652;1e-12;-0,00727194479301735;-0,00678609773978294;-0,00678609773978294;-0,00684884002111769;0,00393361544991035;-0,0151515314481604;-1,32909707438983e-05;-0,0151515314481604;-1,32909707438983e-05;100;1;0,9;TRUE;0,97;0,8;TRUE;TRUE;0,03;0,97;0
"FAS_cat_None_Low";"e3_bw";0,000154688532314652;1e-12;0,0175050352438786;0,0157202593855521;0,0157202593855521;0,016423566819858;0,0106272179093955;-0,00323916864773301;0,0342320901534091;-0,00323916864773301;0,0342320901534091;100;1;0,9;TRUE;0,93;0,8;TRUE;TRUE;0,93;0,07;0
"FAS_cat_None_Middle";"e3_bw";0,000154688532314652;1e-12;0,0202653065057728;0,0194380420751238;0,0194380420751238;0,0194834560842663;0,00729620744524632;0,00596009596853184;0,032672229398389;0,00596009596853184;0,032672229398389;100;1;0,9;TRUE;0,99;0,8;TRUE;TRUE;0,99;0,01;0
"hs_globalexp2_None_no exposure";"e3_bw";0,000154688532314652;1e-12;0,024174768658725;0,023721729860534;0,023721729860534;0,0238785900313447;0,00558726418180019;0,012829631838716;0,0334263455836944;0,012829631838716;0,0334263455836944;100;1;0,9;TRUE;1;0,8;TRUE;TRUE;1;0;0
"h_abs_ratio_preg_Log";"hs_asthma";0,000154688532314652;1e-12;-0,0424147863234454;-0,0405791630351619;-0,0405791630351619;-0,0436947998309969;0,0698618203932573;-0,152176267554406;0,0864717148083068;-0,152176267554406;0,0864717148083068;100;1;0,9;TRUE;0,7;0,8;FALSE;FALSE;0,3;0,7;0
"h_no2_ratio_preg_Log";"hs_asthma";0,000154688532314652;1e-12;0,013091318883119;0,00601335503624904;0,00601335503624904;0,00471944365025176;0,0666523043931135;-0,10858283090624;0,134143371348974;-0,10858283090624;0,134143371348974;100;1;0,9;TRUE;0,53;0,8;FALSE;FALSE;0,53;0,47;0
"h_pm10_ratio_preg_None";"hs_asthma";0,000154688532314652;1e-12;0,0549730150799557;0,0506386564198604;0,0506386564198604;0,0516686584471623;0,0643364039162676;-0,0721486528047884;0,17786958999072;-0,0721486528047884;0,17786958999072;100;1;0,9;TRUE;0,81;0,8;TRUE;TRUE;0,81;0,19;0
"h_pm25_ratio_preg_None";"hs_asthma";0,000154688532314652;1e-12;-0,0843051523885515;-0,0802108797644615;-0,0802108797644615;-0,0754279852828351;0,0775018341667192;-0,232679196585784;0,0546032948194648;-0,232679196585784;0,0546032948194648;100;1;0,9;TRUE;0,84;0,8;TRUE;TRUE;0,16;0,84;0
"h_accesslines300_preg_dic0";"hs_asthma";0,000154688532314652;1e-12;-0,303994109433688;-0,278619956084314;-0,278619956084314;-0,260605367095076;0,146883173250785;-0,62015427650785;-0,00299689266731754;-0,62015427650785;-0,00299689266731754;100;1;0,9;TRUE;0,98;0,8;TRUE;TRUE;0,02;0,98;0
"h_accesspoints300_preg_Log";"hs_asthma";0,000154688532314652;1e-12;0,0333834187186508;0,027302881505559;0,027302881505559;0,0209536070976429;0,0691838843070861;-0,100283790792728;0,166440527223355;-0,100283790792728;0,166440527223355;100;1;0,9;TRUE;0,66;0,8;FALSE;FALSE;0,66;0,34;0
"h_builtdens300_preg_Sqrt";"hs_asthma";0,000154688532314652;1e-12;-0,0199757647295565;-0,0148600209858606;-0,0148600209858606;-0,0123674877547087;0,0730089717690537;-0,152209549005791;0,108856681033113;-0,152209549005791;0,108856681033113;100;1;0,9;TRUE;0,56;0,8;FALSE;FALSE;0,44;0,56;0
"h_connind300_preg_Sqrt";"hs_asthma";0,000154688532314652;1e-12;0,0719932442751539;0,0659834064037936;0,0659834064037936;0,0670962655153804;0,0695607287333406;-0,0850721593277023;0,178627888684465;-0,0850721593277023;0,178627888684465;100;1;0,9;TRUE;0,84;0,8;TRUE;TRUE;0,84;0,16;0
"h_fdensity300_preg_Log";"hs_asthma";0,000154688532314652;1e-12;-0,0432726835917859;-0,0398155959768976;-0,0398155959768976;-0,0469384415446734;0,0736947670487426;-0,193515588391694;0,123959076951455;-0,193515588391694;0,123959076951455;100;1;0,9;TRUE;0,74;0,8;FALSE;FALSE;0,26;0,74;0
"h_frichness300_preg_None";"hs_asthma";0,000154688532314652;1e-12;0,082690721042272;0,0766476052901526;0,0766476052901526;0,0789427835058139;0,0688174212845228;-0,0556006912825115;0,19913479008386;-0,0556006912825115;0,19913479008386;100;1;0,9;TRUE;0,86;0,8;TRUE;TRUE;0,86;0,14;0
"h_landuseshan300_preg_None";"hs_asthma";0,000154688532314652;1e-12;-0,0640938273401979;-0,0582971736454352;-0,0582971736454352;-0,0594845182461913;0,0829862984576408;-0,238410132718101;0,0897000117324683;-0,238410132718101;0,0897000117324683;100;1;0,9;TRUE;0,81;0,8;TRUE;TRUE;0,19;0,81;0
"h_popdens_preg_Sqrt";"hs_asthma";0,000154688532314652;1e-12;-0,203970780073953;-0,188599343580761;-0,188599343580761;-0,183396118009115;0,0703500173817759;-0,327814022991112;-0,0594539742684302;-0,327814022991112;-0,0594539742684302;100;1;0,9;TRUE;0,99;0,8;TRUE;TRUE;0,01;0,99;0
"h_walkability_mean_preg_None";"hs_asthma";0,000154688532314652;1e-12;0,149121153383242;0,141635172120797;0,141635172120797;0,147480468404796;0,0766522988930992;-0,0173284145914573;0,260951956361586;-0,0173284145914573;0,260951956361586;100;1;0,9;TRUE;0,93;0,8;TRUE;TRUE;0,93;0,07;0
"hs_as_m_Log2";"hs_asthma";0,000154688532314652;1e-12;0,0196203121183441;0,0174709086171559;0,0174709086171559;0,0181855228506989;0,0763568054396541;-0,104548246003833;0,166116723711046;-0,104548246003833;0,166116723711046;100;1;0,9;TRUE;0,6;0,8;FALSE;FALSE;0,6;0,4;0
"hs_cd_m_Log2";"hs_asthma";0,000154688532314652;1e-12;-0,29398246361148;-0,286072639808013;-0,286072639808013;-0,292548149247842;0,0700916056244961;-0,408945099454155;-0,155979413244847;-0,408945099454155;-0,155979413244847;100;1;0,9;TRUE;1;0,8;TRUE;TRUE;0;1;0
"hs_co_m_Log2";"hs_asthma";0,000154688532314652;1e-12;0,0167193325465492;0,0176397676535223;0,0176397676535223;0,0224413873825298;0,0814323280400546;-0,128416370068761;0,168773710593677;-0,128416370068761;0,168773710593677;100;1;0,9;TRUE;0,59;0,8;FALSE;FALSE;0,59;0,41;0
"hs_cs_m_Log2";"hs_asthma";0,000154688532314652;1e-12;0,0095838921548926;0,0153099780375768;0,0153099780375768;0,0142992613560528;0,0766231817570134;-0,113123267040875;0,185315635038593;-0,113123267040875;0,185315635038593;100;1;0,9;TRUE;0,55;0,8;FALSE;FALSE;0,55;0,45;0
"hs_cu_m_Log2";"hs_asthma";0,000154688532314652;1e-12;0,0228368895325902;0,0180861324463413;0,0180861324463413;0,0234328986199298;0,0606588339609761;-0,111186487399019;0,116050851384725;-0,111186487399019;0,116050851384725;100;1;0,9;TRUE;0,65;0,8;FALSE;FALSE;0,65;0,35;0
"hs_hg_m_Log2";"hs_asthma";0,000154688532314652;1e-12;-0,0667547116594888;-0,0626163944903723;-0,0626163944903723;-0,0700671088289002;0,081936009447149;-0,199940670759298;0,0955882788629686;-0,199940670759298;0,0955882788629686;100;1;0,9;TRUE;0,8;0,8;TRUE;TRUE;0,2;0,8;0
"hs_mn_m_Log2";"hs_asthma";0,000154688532314652;1e-12;-0,00806307789774201;-0,00946766483488262;-0,00946766483488262;-0,00650337485440675;0,078900906181152;-0,148369533053923;0,133745016341522;-0,148369533053923;0,133745016341522;100;1;0,9;TRUE;0,52;0,8;FALSE;FALSE;0,48;0,52;0
"hs_mo_m_Log2";"hs_asthma";0,000154688532314652;1e-12;0,0525523095086136;0,0410599455396335;0,0410599455396335;0,0368902978553505;0,072679311053726;-0,0952227839348826;0,172638998657234;-0,0952227839348826;0,172638998657234;100;1;0,9;TRUE;0,73;0,8;FALSE;FALSE;0,73;0,27;0
"hs_pb_m_Log2";"hs_asthma";0,000154688532314652;1e-12;0,0429134093833759;0,0370612631076652;0,0370612631076652;0,0514124586090368;0,0912581841166533;-0,144373288508114;0,186121439043939;-0,144373288508114;0,186121439043939;100;1;0,9;TRUE;0,7;0,8;FALSE;FALSE;0,7;0,3;0
"h_humidity_preg_None";"hs_asthma";0,000154688532314652;1e-12;-0,0914644603680244;-0,0902874557155602;-0,0902874557155602;-0,0955643713367962;0,0672400458728314;-0,209506841243999;0,0373217828915343;-0,209506841243999;0,0373217828915343;100;1;0,9;TRUE;0,89;0,8;TRUE;TRUE;0,11;0,89;0
"h_pressure_preg_None";"hs_asthma";0,000154688532314652;1e-12;0,0747706881266561;0,0675453144626736;0,0675453144626736;0,0697531739732182;0,0616613555157142;-0,0605631947526196;0,177377484421246;-0,0605631947526196;0,177377484421246;100;1;0,9;TRUE;0,88;0,8;TRUE;TRUE;0,88;0,12;0
"h_temperature_preg_None";"hs_asthma";0,000154688532314652;1e-12;-0,0221672259206515;-0,0167794130274635;-0,0167794130274635;-0,0196159775764262;0,071342539306671;-0,136833960014977;0,110295858805476;-0,136833960014977;0,110295858805476;100;1;0,9;TRUE;0,59;0,8;FALSE;FALSE;0,41;0,59;0
"h_ndvi100_preg_None";"hs_asthma";0,000154688532314652;1e-12;0,123193117033988;0,116917304814328;0,116917304814328;0,119138427360212;0,0685695775717095;-0,0219056559145634;0,26687174628602;-0,0219056559145634;0,26687174628602;100;1;0,9;TRUE;0,95;0,8;TRUE;TRUE;0,95;0,05;0
"hs_dde_madj_Log2";"hs_asthma";0,000154688532314652;1e-12;-0,0636655133884721;-0,0603979715553036;-0,0603979715553036;-0,0665827149708503;0,0705808859038661;-0,180453194248809;0,0910173954718691;-0,180453194248809;0,0910173954718691;100;1;0,9;TRUE;0,8;0,8;TRUE;TRUE;0,2;0,8;0
"hs_ddt_madj_Log2";"hs_asthma";0,000154688532314652;1e-12;-0,019571374001274;-0,017743072423081;-0,017743072423081;-0,020724665204476;0,0793896710955027;-0,193975496400319;0,123903183776007;-0,193975496400319;0,123903183776007;100;1;0,9;TRUE;0,59;0,8;FALSE;FALSE;0,41;0,59;0
"hs_hcb_madj_Log2";"hs_asthma";0,000154688532314652;1e-12;0,114456946901946;0,113195100783479;0,113195100783479;0,114020328491421;0,0488936759958266;0,0197079051730232;0,215656114162516;0,0197079051730232;0,215656114162516;100;1;0,9;TRUE;1;0,8;TRUE;TRUE;1;0;0
"hs_pcb118_madj_Log2";"hs_asthma";0,000154688532314652;1e-12;0,0797154279509399;0,0795956533306769;0,0795956533306769;0,072667558565687;0,0682793511375986;-0,0518070572237226;0,214182798937307;-0,0518070572237226;0,214182798937307;100;1;0,9;TRUE;0,91;0,8;TRUE;TRUE;0,91;0,09;0
"hs_pcb138_madj_Log2";"hs_asthma";0,000154688532314652;1e-12;0,0212153983684101;0,021290062311708;0,021290062311708;0,0245687559406017;0,0543015626852404;-0,0759853211844418;0,113717423531322;-0,0759853211844418;0,113717423531322;100;1;0,9;TRUE;0,65;0,8;FALSE;FALSE;0,65;0,35;0
"hs_pcb153_madj_Log2";"hs_asthma";0,000154688532314652;1e-12;0,135191364822484;0,124174737453579;0,124174737453579;0,125708667159762;0,0417509133394347;0,0435470291656652;0,198956579118555;0,0435470291656652;0,198956579118555;100;1;0,9;TRUE;1;0,8;TRUE;TRUE;1;0;0
"hs_pcb170_madj_Log2";"hs_asthma";0,000154688532314652;1e-12;-0,140999197812597;-0,133275759373931;-0,133275759373931;-0,140596542402596;0,0674289286979627;-0,249427945156543;-0,00515674187673745;-0,249427945156543;-0,00515674187673745;100;1;0,9;TRUE;0,97;0,8;TRUE;TRUE;0,03;0,97;0
"hs_pcb180_madj_Log2";"hs_asthma";0,000154688532314652;1e-12;0,00878904751086045;0,00900986157418042;0,00900986157418042;0,0140294302295977;0,0708339167289198;-0,134187448482668;0,122967204553333;-0,134187448482668;0,122967204553333;100;1;0,9;TRUE;0,59;0,8;FALSE;FALSE;0,59;0,41;0
"hs_sumPCBs5_madj_Log2";"hs_asthma";0,000154688532314652;1e-12;0,0414207042188215;0,0347970746528936;0,0347970746528936;0,0319299775096147;0,0595903117184705;-0,06530777755068;0,140638144863074;-0,06530777755068;0,140638144863074;100;1;0,9;TRUE;0,68;0,8;FALSE;FALSE;0,68;0,32;0
"hs_pfhxs_m_Log2";"hs_asthma";0,000154688532314652;1e-12;-0,0252942482458772;-0,0343713760106416;-0,0343713760106416;-0,0235082590445935;0,0718549341161563;-0,191222948975472;0,0827226920875164;-0,191222948975472;0,0827226920875164;100;1;0,9;TRUE;0,64;0,8;FALSE;FALSE;0,36;0,64;0
"hs_pfna_m_Log2";"hs_asthma";0,000154688532314652;1e-12;0,122882501177857;0,126852882185279;0,126852882185279;0,124507628438697;0,0741389480256101;0,00197270431411667;0,25841131000376;0,00197270431411667;0,25841131000376;100;1;0,9;TRUE;0,98;0,8;TRUE;TRUE;0,98;0,02;0
"hs_pfoa_m_Log2";"hs_asthma";0,000154688532314652;1e-12;0,110135108016859;0,107837189366243;0,107837189366243;0,111710282195269;0,0700316801247603;-0,0397990577276386;0,227461679492196;-0,0397990577276386;0,227461679492196;100;1;0,9;TRUE;0,93;0,8;TRUE;TRUE;0,93;0,07;0
"hs_pfos_m_Log2";"hs_asthma";0,000154688532314652;1e-12;-0,0106309409542822;-0,0059290950589148;-0,0059290950589148;-0,00534227710443865;0,0737744763361268;-0,137185109543642;0,122014599529069;-0,137185109543642;0,122014599529069;100;1;0,9;TRUE;0,52;0,8;FALSE;FALSE;0,48;0,52;0
"hs_pfunda_m_Log2";"hs_asthma";0,000154688532314652;1e-12;-0,0404991373186323;-0,0337849743689563;-0,0337849743689563;-0,0260795016844639;0,0644558274111811;-0,168082154351675;0,0688204316879518;-0,168082154351675;0,0688204316879518;100;1;0,9;TRUE;0,68;0,8;FALSE;FALSE;0,32;0,68;0
"e3_asmokcigd_p_None";"hs_asthma";0,000154688532314652;1e-12;0,0966488278452985;0,0929820614220218;0,0929820614220218;0,0954006422059343;0,0716836476253912;-0,0602348259736883;0,212004846916304;-0,0602348259736883;0,212004846916304;100;1;0,9;TRUE;0,92;0,8;TRUE;TRUE;0,92;0,08;0
"h_distinvnear1_preg_Log";"hs_asthma";0,000154688532314652;1e-12;0,0467537548301703;0,0480188514840704;0,0480188514840704;0,0361123915721856;0,0687610746208196;-0,0674424987456577;0,186842053908308;-0,0674424987456577;0,186842053908308;100;1;0,9;TRUE;0,76;0,8;FALSE;FALSE;0,76;0,24;0
"h_trafload_preg_pow1over3";"hs_asthma";0,000154688532314652;1e-12;-0,000819548213087749;-0,00131439775260367;-0,00131439775260367;-0,00237666239732871;0,0767125639487995;-0,138215740192513;0,137407541402429;-0,138215740192513;0,137407541402429;100;1;0,9;TRUE;0,5;0,8;FALSE;FALSE;0,5;0,5;0
"h_trafnear_preg_pow1over3";"hs_asthma";0,000154688532314652;1e-12;-0,037058840863446;-0,0336179396237158;-0,0336179396237158;-0,0375861803724486;0,0646956816277765;-0,16367242350904;0,074560778355598;-0,16367242350904;0,074560778355598;100;1;0,9;TRUE;0,64;0,8;FALSE;FALSE;0,36;0,64;0
"h_bro_preg_Log";"hs_asthma";0,000154688532314652;1e-12;0,0427801081157576;0,0386544941416465;0,0386544941416465;0,0429941367977223;0,0636857938718846;-0,0850974359359107;0,163348576332969;-0,0850974359359107;0,163348576332969;100;1;0,9;TRUE;0,73;0,8;FALSE;FALSE;0,73;0,27;0
"h_clf_preg_Log";"hs_asthma";0,000154688532314652;1e-12;-0,119291052601247;-0,121595813950993;-0,121595813950993;-0,120973631399881;0,0760525669619014;-0,267335195047367;0,0389365193582778;-0,267335195047367;0,0389365193582778;100;1;0,9;TRUE;0,93;0,8;TRUE;TRUE;0,07;0,93;0
"h_thm_preg_Log";"hs_asthma";0,000154688532314652;1e-12;0,0843355512874547;0,0765737378804196;0,0765737378804196;0,0760774416216766;0,0598502151082656;-0,0304913641369273;0,192890967046758;-0,0304913641369273;0,192890967046758;100;1;0,9;TRUE;0,92;0,8;TRUE;TRUE;0,92;0,08;0
"e3_alcpreg_yn_None_1";"hs_asthma";0,000154688532314652;1e-12;-0,25598458452952;-0,262636360412717;-0,262636360412717;-0,266443391822832;0,150890061520746;-0,506548526175988;0,0293182966768834;-0,506548526175988;0,0293182966768834;100;1;0,9;TRUE;0,94;0,8;TRUE;TRUE;0,06;0,94;0
"h_pamod_t3_None_Often";"hs_asthma";0,000154688532314652;1e-12;-0,267409664370236;-0,262697553873009;-0,262697553873009;-0,271026468397033;0,128268080272672;-0,50414206943254;-0,0227161016322204;-0,50414206943254;-0,0227161016322204;100;1;0,9;TRUE;0,98;0,8;TRUE;TRUE;0,02;0,98;0
"h_pamod_t3_None_Sometimes";"hs_asthma";0,000154688532314652;1e-12;-0,0179819243241622;-0,0325991130533189;-0,0325991130533189;-0,0205545766325003;0,197603536161395;-0,499123583400648;0,317257404701448;-0,499123583400648;0,317257404701448;100;1;0,9;TRUE;0,56;0,8;FALSE;FALSE;0,44;0,56;0
"h_pamod_t3_None_Very Often";"hs_asthma";0,000154688532314652;1e-12;-0,183271606411293;-0,171577295203362;-0,171577295203362;-0,178976998384818;0,128848181819978;-0,378792896828666;0,100715061735202;-0,378792896828666;0,100715061735202;100;1;0,9;TRUE;0,89;0,8;TRUE;TRUE;0,11;0,89;0
"h_pavig_t3_None_Low";"hs_asthma";0,000154688532314652;1e-12;-0,560954962084242;-0,553869031937239;-0,553869031937239;-0,540670926555078;0,159148708909509;-0,846346714991725;-0,20859030493709;-0,846346714991725;-0,20859030493709;100;1;0,9;TRUE;1;0,8;TRUE;TRUE;0;1;0
"h_pavig_t3_None_Medium";"hs_asthma";0,000154688532314652;1e-12;-0,316897235434794;-0,284832544887948;-0,284832544887948;-0,280947992095155;0,141895013907063;-0,496751704080472;0,0429178273209129;-0,496751704080472;0,0429178273209129;100;1;0,9;TRUE;0,96;0,8;TRUE;TRUE;0,04;0,96;0
"hs_no2_dy_hs_h_Log";"hs_asthma";0,000154688532314652;1e-12;-0,0814099626668153;-0,0825848364600568;-0,0825848364600568;-0,0733161477078597;0,0612302205742633;-0,205666148505462;0,02923066076751;-0,205666148505462;0,02923066076751;100;1;0,9;TRUE;0,93;0,8;TRUE;TRUE;0,07;0,93;0
"hs_no2_wk_hs_h_Log";"hs_asthma";0,000154688532314652;1e-12;0,0563841948912184;0,0460912960553949;0,0460912960553949;0,0474070048383458;0,0573753348117378;-0,0649845232685392;0,156468920404963;-0,0649845232685392;0,156468920404963;100;1;0,9;TRUE;0,81;0,8;TRUE;TRUE;0,81;0,19;0
"hs_no2_yr_hs_h_Log";"hs_asthma";0,000154688532314652;1e-12;-0,0798253806052771;-0,0778709873424615;-0,0778709873424615;-0,0792688992175822;0,0451898164874386;-0,150619950165465;0,0213096213420733;-0,150619950165465;0,0213096213420733;100;1;0,9;TRUE;0,94;0,8;TRUE;TRUE;0,06;0,94;0
"hs_pm10_dy_hs_h_None";"hs_asthma";0,000154688532314652;1e-12;-0,0373574022456078;-0,0354938873240202;-0,0354938873240202;-0,0341238711894174;0,0732560742434914;-0,166178688170948;0,0976904388864268;-0,166178688170948;0,0976904388864268;100;1;0,9;TRUE;0,72;0,8;FALSE;FALSE;0,28;0,72;0
"hs_pm10_wk_hs_h_None";"hs_asthma";0,000154688532314652;1e-12;0,0126349999585262;0,00582713235385977;0,00582713235385977;0,00173048638440062;0,064157751240764;-0,106460882535281;0,130487823176742;-0,106460882535281;0,130487823176742;100;1;0,9;TRUE;0,5;0,8;FALSE;FALSE;0,5;0,5;0
"hs_pm10_yr_hs_h_None";"hs_asthma";0,000154688532314652;1e-12;0,0388954118596743;0,0409354058145269;0,0409354058145269;0,0336059647721637;0,0599937355932043;-0,0692253051883034;0,14922323335694;-0,0692253051883034;0,14922323335694;100;1;0,9;TRUE;0,76;0,8;FALSE;FALSE;0,76;0,24;0
"hs_pm25_dy_hs_h_None";"hs_asthma";0,000154688532314652;1e-12;-0,0712527851891742;-0,0768200053225558;-0,0768200053225558;-0,070600532569486;0,0769844636108418;-0,20032604945192;0,0605119783158241;-0,20032604945192;0,0605119783158241;100;1;0,9;TRUE;0,84;0,8;TRUE;TRUE;0,16;0,84;0
"hs_pm25_wk_hs_h_None";"hs_asthma";0,000154688532314652;1e-12;0,0153032940594302;0,0109889069213288;0,0109889069213288;0,00929278870380375;0,0642705417244034;-0,119327423468763;0,133243368704669;-0,119327423468763;0,133243368704669;100;1;0,9;TRUE;0,59;0,8;FALSE;FALSE;0,59;0,41;0
"hs_pm25_yr_hs_h_None";"hs_asthma";0,000154688532314652;1e-12;-0,124020572615591;-0,110342490078893;-0,110342490078893;-0,114273159515943;0,0571977575147383;-0,2172198183601;-0,000103285410372821;-0,2172198183601;-0,000103285410372821;100;1;0,9;TRUE;0,97;0,8;TRUE;TRUE;0,03;0,97;0
"hs_pm25abs_dy_hs_h_Log";"hs_asthma";0,000154688532314652;1e-12;0,11508458841717;0,114636093669985;0,114636093669985;0,121678422776172;0,0794900644397695;-0,0264262387149901;0,25674631789589;-0,0264262387149901;0,25674631789589;100;1;0,9;TRUE;0,94;0,8;TRUE;TRUE;0,94;0,06;0
"hs_pm25abs_wk_hs_h_Log";"hs_asthma";0,000154688532314652;1e-12;-0,052759217975355;-0,0428500598831657;-0,0428500598831657;-0,030783104237717;0,0722305207108326;-0,17721768776459;0,0797015141000049;-0,17721768776459;0,0797015141000049;100;1;0,9;TRUE;0,72;0,8;FALSE;FALSE;0,28;0,72;0
"hs_pm25abs_yr_hs_h_Log";"hs_asthma";0,000154688532314652;1e-12;-0,141020798001291;-0,134153502272872;-0,134153502272872;-0,133969571055706;0,0721757608044039;-0,259429897422184;0,0145010482264734;-0,259429897422184;0,0145010482264734;100;1;0,9;TRUE;0,95;0,8;TRUE;TRUE;0,05;0,95;0
"hs_accesslines300_h_dic0";"hs_asthma";0,000154688532314652;1e-12;0,179921464589848;0,155408753811023;0,155408753811023;0,157318597578079;0,211401581925292;-0,248823441953432;0,541620259354363;-0,248823441953432;0,541620259354363;100;1;0,9;TRUE;0,78;0,8;FALSE;FALSE;0,78;0,22;0
"hs_accesspoints300_h_Log";"hs_asthma";0,000154688532314652;1e-12;-0,170208142186294;-0,158853000434981;-0,158853000434981;-0,17059101132105;0,0645603148279714;-0,259414162008435;-0,0129877878240113;-0,259414162008435;-0,0129877878240113;100;1;0,9;TRUE;0,98;0,8;TRUE;TRUE;0,02;0,98;0
"hs_builtdens300_h_Sqrt";"hs_asthma";0,000154688532314652;1e-12;-0,00640344975266874;-0,00701398377993662;-0,00701398377993662;-0,0164655965445417;0,0745941749227031;-0,130484857732037;0,142772686750011;-0,130484857732037;0,142772686750011;100;1;0,9;TRUE;0,56;0,8;FALSE;FALSE;0,44;0,56;0
"hs_connind300_h_Log";"hs_asthma";0,000154688532314652;1e-12;-0,0592849092129151;-0,0550998916422046;-0,0550998916422046;-0,0583721239099263;0,0805861241936182;-0,225341073811762;0,103339260329786;-0,225341073811762;0,103339260329786;100;1;0,9;TRUE;0,76;0,8;FALSE;FALSE;0,24;0,76;0
"hs_fdensity300_h_Log";"hs_asthma";0,000154688532314652;1e-12;0,0231821942270203;0,022353518800889;0,022353518800889;0,0122467730613623;0,0821385390628267;-0,134514973592492;0,172043146968834;-0,134514973592492;0,172043146968834;100;1;0,9;TRUE;0,63;0,8;FALSE;FALSE;0,63;0,37;0
"hs_landuseshan300_h_None";"hs_asthma";0,000154688532314652;1e-12;0,144804807894609;0,135772967637683;0,135772967637683;0,142990217453005;0,0797147608266674;0,0100873204542273;0,290756951694076;0,0100873204542273;0,290756951694076;100;1;0,9;TRUE;0,98;0,8;TRUE;TRUE;0,98;0,02;0
"hs_popdens_h_Sqrt";"hs_asthma";0,000154688532314652;1e-12;0,051330167035185;0,0459075458940609;0,0459075458940609;0,046914154980108;0,0753829254344802;-0,113482451432297;0,198134749217076;-0,113482451432297;0,198134749217076;100;1;0,9;TRUE;0,75;0,8;FALSE;FALSE;0,75;0,25;0
"hs_walkability_mean_h_None";"hs_asthma";0,000154688532314652;1e-12;0,104258193067367;0,103400655322984;0,103400655322984;0,0998071060619869;0,0700131217455571;-0,0322842048938503;0,247464162143378;-0,0322842048938503;0,247464162143378;100;1;0,9;TRUE;0,91;0,8;TRUE;TRUE;0,91;0,09;0
"hs_accesslines300_s_dic0";"hs_asthma";0,000154688532314652;1e-12;-0,189003893630589;-0,179753313577164;-0,179753313577164;-0,193275069300725;0,193916958566894;-0,474710949330717;0,235539277609757;-0,474710949330717;0,235539277609757;100;1;0,9;TRUE;0,82;0,8;TRUE;TRUE;0,18;0,82;0
"hs_accesspoints300_s_Log";"hs_asthma";0,000154688532314652;1e-12;0,00276317212568046;0,0013027546004789;0,0013027546004789;-0,000926353674376464;0,0610056544861131;-0,11499074297893;0,13328701751242;-0,11499074297893;0,13328701751242;100;1;0,9;TRUE;0,49;0,8;FALSE;FALSE;0,49;0,51;0
"hs_builtdens300_s_Sqrt";"hs_asthma";0,000154688532314652;1e-12;-0,0422625978739961;-0,0377900379308755;-0,0377900379308755;-0,0515729255592742;0,0779730793035601;-0,178879972410927;0,131805890416001;-0,178879972410927;0,131805890416001;100;1;0,9;TRUE;0,68;0,8;FALSE;FALSE;0,32;0,68;0
"hs_connind300_s_Log";"hs_asthma";0,000154688532314652;1e-12;-0,00178302781025534;-0,00611970232311535;-0,00611970232311535;-0,00188718524581516;0,0696142671423557;-0,145858330965108;0,125735067439055;-0,145858330965108;0,125735067439055;100;1;0,9;TRUE;0,5;0,8;FALSE;FALSE;0,5;0,5;0
"hs_fdensity300_s_Log";"hs_asthma";0,000154688532314652;1e-12;-0,0688032975612529;-0,0715304296364875;-0,0715304296364875;-0,0727686215141493;0,0688461164262912;-0,184619756290913;0,0696127403394456;-0,184619756290913;0,0696127403394456;100;1;0,9;TRUE;0,86;0,8;TRUE;TRUE;0,14;0,86;0
"hs_landuseshan300_s_None";"hs_asthma";0,000154688532314652;1e-12;-0,0408766677037373;-0,0443183914444495;-0,0443183914444495;-0,0396557325955274;0,0768391009974496;-0,208377246048673;0,129147535276963;-0,208377246048673;0,129147535276963;100;1;0,9;TRUE;0,72;0,8;FALSE;FALSE;0,28;0,72;0
"hs_popdens_s_Sqrt";"hs_asthma";0,000154688532314652;1e-12;0,020555628956106;0,0250429061882846;0,0250429061882846;0,029611463712335;0,066144213053277;-0,104688443104247;0,144464594590952;-0,104688443104247;0,144464594590952;100;1;0,9;TRUE;0,63;0,8;FALSE;FALSE;0,63;0,37;0
"h_Absorbance_Log";"hs_asthma";0,000154688532314652;1e-12;0,137356575830064;0,131002344224327;0,131002344224327;0,133148317972692;0,0755393456083104;-0,0124195580321819;0,277423639717569;-0,0124195580321819;0,277423639717569;100;1;0,9;TRUE;0,94;0,8;TRUE;TRUE;0,94;0,06;0
"h_Benzene_Log";"hs_asthma";0,000154688532314652;1e-12;0,154526386717843;0,153198399548719;0,153198399548719;0,156798093944502;0,0736734760614478;-0,00193612918230604;0,293544643563439;-0,00193612918230604;0,293544643563439;100;1;0,9;TRUE;0,97;0,8;TRUE;TRUE;0,97;0,03;0
"h_NO2_Log";"hs_asthma";0,000154688532314652;1e-12;-0,0285616971880159;-0,0310972130290173;-0,0310972130290173;-0,0259086034044685;0,0776168435213411;-0,199919402527835;0,113997084152193;-0,199919402527835;0,113997084152193;100;1;0,9;TRUE;0,69;0,8;FALSE;FALSE;0,31;0,69;0
"h_PM_Log";"hs_asthma";0,000154688532314652;1e-12;0,0414642834412528;0,0425444018227774;0,0425444018227774;0,0384216912713896;0,0694347820218405;-0,0765635056725556;0,17798076948668;-0,0765635056725556;0,17798076948668;100;1;0,9;TRUE;0,7;0,8;FALSE;FALSE;0,7;0,3;0
"h_TEX_Log";"hs_asthma";0,000154688532314652;1e-12;-0,106387461138888;-0,0959430527355342;-0,0959430527355342;-0,0996087116999907;0,074203622576962;-0,222467684736014;0,0444324333619712;-0,222467684736014;0,0444324333619712;100;1;0,9;TRUE;0,89;0,8;TRUE;TRUE;0,11;0,89;0
"hs_KIDMED_None";"hs_asthma";0,000154688532314652;1e-12;-0,157674829976817;-0,157438062307133;-0,157438062307133;-0,16244447685346;0,068116487165513;-0,275163236090293;-0,0207736014065041;-0,275163236090293;-0,0207736014065041;100;1;0,9;TRUE;0,99;0,8;TRUE;TRUE;0,01;0,99;0
"hs_mvpa_prd_alt_None";"hs_asthma";0,000154688532314652;1e-12;0,0505822669757402;0,0482586665962993;0,0482586665962993;0,040552506636493;0,0846952063399192;-0,115322927218551;0,211242120728287;-0,115322927218551;0,211242120728287;100;1;0,9;TRUE;0,69;0,8;FALSE;FALSE;0,69;0,31;0
"hs_sd_wk_None";"hs_asthma";0,000154688532314652;1e-12;-0,0333097232173885;-0,0334455149150935;-0,0334455149150935;-0,0279616884224414;0,0713830794407812;-0,167886642446945;0,105250861971744;-0,167886642446945;0,105250861971744;100;1;0,9;TRUE;0,69;0,8;FALSE;FALSE;0,31;0,69;0
"hs_dif_hours_total_None";"hs_asthma";0,000154688532314652;1e-12;-0,259187610917616;-0,26348100292292;-0,26348100292292;-0,261304718841665;0,0751384724636531;-0,396202386162592;-0,12480988121354;-0,396202386162592;-0,12480988121354;100;1;0,9;TRUE;1;0,8;TRUE;TRUE;0;1;0
"hs_as_c_Log2";"hs_asthma";0,000154688532314652;1e-12;-0,123189490819466;-0,116607470185783;-0,116607470185783;-0,120489257402507;0,0617556913061847;-0,22787831991642;0,00697896498439296;-0,22787831991642;0,00697896498439296;100;1;0,9;TRUE;0,96;0,8;TRUE;TRUE;0,04;0,96;0
"hs_cd_c_Log2";"hs_asthma";0,000154688532314652;1e-12;0,0431643710089305;0,0383024914714482;0,0383024914714482;0,0415168467956874;0,0827425803840937;-0,111335746521695;0,170055673166125;-0,111335746521695;0,170055673166125;100;1;0,9;TRUE;0,67;0,8;FALSE;FALSE;0,67;0,33;0
"hs_co_c_Log2";"hs_asthma";0,000154688532314652;1e-12;-0,117814879913075;-0,11657414591383;-0,11657414591383;-0,118716224902473;0,0707758591085582;-0,247242716956411;0,032136856876307;-0,247242716956411;0,032136856876307;100;1;0,9;TRUE;0,94;0,8;TRUE;TRUE;0,06;0,94;0
"hs_cs_c_Log2";"hs_asthma";0,000154688532314652;1e-12;-0,0388325156820442;-0,0412850961688716;-0,0412850961688716;-0,0485404066067966;0,0800985985583948;-0,186464049621435;0,118279147160005;-0,186464049621435;0,118279147160005;100;1;0,9;TRUE;0,68;0,8;FALSE;FALSE;0,32;0,68;0
"hs_cu_c_Log2";"hs_asthma";0,000154688532314652;1e-12;-0,00639501425494578;-0,00837509167131081;-0,00837509167131081;-0,00988284960911701;0,0653775922139178;-0,108947222293175;0,135027622043118;-0,108947222293175;0,135027622043118;100;1;0,9;TRUE;0,55;0,8;FALSE;FALSE;0,45;0,55;0
"hs_hg_c_Log2";"hs_asthma";0,000154688532314652;1e-12;0,0162151649008981;0,0145744771830231;0,0145744771830231;0,0140096775822127;0,0670567247913713;-0,110110786555301;0,154408166302765;-0,110110786555301;0,154408166302765;100;1;0,9;TRUE;0,59;0,8;FALSE;FALSE;0,59;0,41;0
"hs_mn_c_Log2";"hs_asthma";0,000154688532314652;1e-12;0,195706374422534;0,19092721237427;0,19092721237427;0,190593300284006;0,0690826785995734;0,0539447361141913;0,314576963914735;0,0539447361141913;0,314576963914735;100;1;0,9;TRUE;0,99;0,8;TRUE;TRUE;0,99;0,01;0
"hs_mo_c_Log2";"hs_asthma";0,000154688532314652;1e-12;-0,0123163886563903;-0,0021336534514717;-0,0021336534514717;0,00477709704994947;0,0584623738215282;-0,11777547022283;0,0981559587097686;-0,11777547022283;0,0981559587097686;100;1;0,9;TRUE;0,45;0,8;FALSE;FALSE;0,55;0,45;0
"hs_pb_c_Log2";"hs_asthma";0,000154688532314652;1e-12;-0,0607105771273791;-0,0643490935346098;-0,0643490935346098;-0,0674425356996561;0,0707938856954447;-0,184485655812263;0,0582897841006051;-0,184485655812263;0,0582897841006051;100;1;0,9;TRUE;0,79;0,8;FALSE;FALSE;0,21;0,79;0
"hs_hum_mt_hs_h_None";"hs_asthma";0,000154688532314652;1e-12;0,00813718003568988;0,0151532172632222;0,0151532172632222;0,0105854574362929;0,0710207026338153;-0,131369381285494;0,133915173358085;-0,131369381285494;0,133915173358085;100;1;0,9;TRUE;0,57;0,8;FALSE;FALSE;0,57;0,43;0
"hs_tm_mt_hs_h_None";"hs_asthma";0,000154688532314652;1e-12;0,0314975306311124;0,0321865067604834;0,0321865067604834;0,0331755359979279;0,0682868329786612;-0,100959034537469;0,159172296494588;-0,100959034537469;0,159172296494588;100;1;0,9;TRUE;0,67;0,8;FALSE;FALSE;0,67;0,33;0
"hs_uvdvf_mt_hs_h_None";"hs_asthma";0,000154688532314652;1e-12;0,0266475583913005;0,0225963455954624;0,0225963455954624;0,0215393737541381;0,0520468944817112;-0,0756004979491359;0,1274821371212;-0,0756004979491359;0,1274821371212;100;1;0,9;TRUE;0,66;0,8;FALSE;FALSE;0,66;0,34;0
"hs_hum_dy_hs_h_None";"hs_asthma";0,000154688532314652;1e-12;0,102846354915402;0,103684410670925;0,103684410670925;0,0973427254649205;0,0828043458883752;-0,0475025976871816;0,243068959960482;-0,0475025976871816;0,243068959960482;100;1;0,9;TRUE;0,91;0,8;TRUE;TRUE;0,91;0,09;0
"hs_hum_wk_hs_h_None";"hs_asthma";0,000154688532314652;1e-12;0,157578630500051;0,154867430053692;0,154867430053692;0,148610894387567;0,0699863908898099;0,0295315799805767;0,279102566108765;0,0295315799805767;0,279102566108765;100;1;0,9;TRUE;1;0,8;TRUE;TRUE;1;0;0
"hs_tm_dy_hs_h_None";"hs_asthma";0,000154688532314652;1e-12;0,0200064780555464;0,0292036367407011;0,0292036367407011;0,031854312970581;0,0655472053933938;-0,0971143197287155;0,14730973538691;-0,0971143197287155;0,14730973538691;100;1;0,9;TRUE;0,66;0,8;FALSE;FALSE;0,66;0,34;0
"hs_tm_wk_hs_h_None";"hs_asthma";0,000154688532314652;1e-12;0,0891713314082743;0,082063155165817;0,082063155165817;0,0887948021970679;0,0489799639150386;-0,0201983168786192;0,173724982493632;-0,0201983168786192;0,173724982493632;100;1;0,9;TRUE;0,95;0,8;TRUE;TRUE;0,95;0,05;0
"hs_uvdvf_dy_hs_h_None";"hs_asthma";0,000154688532314652;1e-12;-0,0928284056963598;-0,0877095472888307;-0,0877095472888307;-0,0830603101782427;0,0506245478279509;-0,181074907633731;0,0121234029527763;-0,181074907633731;0,0121234029527763;100;1;0,9;TRUE;0,97;0,8;TRUE;TRUE;0,03;0,97;0
"hs_uvdvf_wk_hs_h_None";"hs_asthma";0,000154688532314652;1e-12;0,0596263921847107;0,0516111732257527;0,0516111732257527;0,0575339621531998;0,0729894564884436;-0,0797416874646812;0,183433623963034;-0,0797416874646812;0,183433623963034;100;1;0,9;TRUE;0,76;0,8;FALSE;FALSE;0,76;0,24;0
"hs_ndvi100_h_None";"hs_asthma";0,000154688532314652;1e-12;-0,29714878384008;-0,281984831956642;-0,281984831956642;-0,277164398893282;0,0749453356516055;-0,419843256301288;-0,14617616140253;-0,419843256301288;-0,14617616140253;100;1;0,9;TRUE;1;0,8;TRUE;TRUE;0;1;0
"hs_ndvi100_s_None";"hs_asthma";0,000154688532314652;1e-12;-0,135384638432743;-0,1286434955488;-0,1286434955488;-0,133041653043351;0,0694923327190711;-0,268670596026269;0,014317404162813;-0,268670596026269;0,014317404162813;100;1;0,9;TRUE;0,97;0,8;TRUE;TRUE;0,03;0,97;0
"hs_dde_cadj_Log2";"hs_asthma";0,000154688532314652;1e-12;0,152405459065649;0,145068667852485;0,145068667852485;0,14333055534248;0,108205517606849;-0,042711784313116;0,349203674057204;-0,042711784313116;0,349203674057204;100;1;0,9;TRUE;0,92;0,8;TRUE;TRUE;0,92;0,08;0
"hs_ddt_cadj_Log2";"hs_asthma";0,000154688532314652;1e-12;-0,00555204143707622;0,00611125730568977;0,00611125730568977;0,00453060928959704;0,0770569786456078;-0,133105037623451;0,15649152798818;-0,133105037623451;0,15649152798818;100;1;0,9;TRUE;0,49;0,8;FALSE;FALSE;0,51;0,49;0
"hs_hcb_cadj_Log2";"hs_asthma";0,000154688532314652;1e-12;-0,0267881525468032;-0,0259087554792594;-0,0259087554792594;-0,0241453848820934;0,0694319255080301;-0,15911525919463;0,0874454309664941;-0,15911525919463;0,0874454309664941;100;1;0,9;TRUE;0,63;0,8;FALSE;FALSE;0,37;0,63;0
"hs_pcb118_cadj_Log2";"hs_asthma";0,000154688532314652;1e-12;0,0241104863245011;0,0302877561214138;0,0302877561214138;0,0244574608814172;0,0686859985095381;-0,0811097900002167;0,172065677593201;-0,0811097900002167;0,172065677593201;100;1;0,9;TRUE;0,66;0,8;FALSE;FALSE;0,66;0,34;0
"hs_pcb138_cadj_Log2";"hs_asthma";0,000154688532314652;1e-12;0,0567213634915333;0,0751232446976922;0,0751232446976922;0,0550553646905299;0,108533158046868;-0,0998087337249932;0,280409364211112;-0,0998087337249932;0,280409364211112;100;1;0,9;TRUE;0,74;0,8;FALSE;FALSE;0,74;0,26;0
"hs_pcb153_cadj_Log2";"hs_asthma";0,000154688532314652;1e-12;-0,0425696485055997;-0,0375286373980463;-0,0375286373980463;-0,032722074548934;0,0598281098857224;-0,151634458265345;0,0733399616955054;-0,151634458265345;0,0733399616955054;100;1;0,9;TRUE;0,7;0,8;FALSE;FALSE;0,3;0,7;0
"hs_pcb170_cadj_Log2";"hs_asthma";0,000154688532314652;1e-12;0,15550150649818;0,141301165417954;0,141301165417954;0,139283705344089;0,0723335931516644;-0,0116355598690399;0,268158056788247;-0,0116355598690399;0,268158056788247;100;1;0,9;TRUE;0,96;0,8;TRUE;TRUE;0,96;0,04;0
"hs_pcb180_cadj_Log2";"hs_asthma";0,000154688532314652;1e-12;-0,153241821230024;-0,147157109552502;-0,147157109552502;-0,144928546281372;0,091250737880063;-0,34505564693342;0,0358794143897125;-0,34505564693342;0,0358794143897125;100;1;0,9;TRUE;0,95;0,8;TRUE;TRUE;0,05;0,95;0
"hs_sumPCBs5_cadj_Log2";"hs_asthma";0,000154688532314652;1e-12;-0,0205767559776406;-0,0166602155021031;-0,0166602155021031;-0,0151024114892622;0,0608875075252417;-0,126363929881466;0,0939901511618753;-0,126363929881466;0,0939901511618753;100;1;0,9;TRUE;0,57;0,8;FALSE;FALSE;0,43;0,57;0
"hs_pfhxs_c_Log2";"hs_asthma";0,000154688532314652;1e-12;-0,0175135805121519;-0,0133146041617694;-0,0133146041617694;-0,0142696501520194;0,0772908583183593;-0,171743749102891;0,146798388250976;-0,171743749102891;0,146798388250976;100;1;0,9;TRUE;0,58;0,8;FALSE;FALSE;0,42;0,58;0
"hs_pfna_c_Log2";"hs_asthma";0,000154688532314652;1e-12;0,0935055521961378;0,091881359280597;0,091881359280597;0,0943057003274158;0,0685981165378868;-0,0344604171473733;0,223182855931091;-0,0344604171473733;0,223182855931091;100;1;0,9;TRUE;0,92;0,8;TRUE;TRUE;0,92;0,08;0
"hs_pfoa_c_Log2";"hs_asthma";0,000154688532314652;1e-12;-0,0811027312660658;-0,0845621211541575;-0,0845621211541575;-0,0818249442213097;0,0852473175431069;-0,287495755212074;0,0686492573197736;-0,287495755212074;0,0686492573197736;100;1;0,9;TRUE;0,86;0,8;TRUE;TRUE;0,14;0,86;0
"hs_pfos_c_Log2";"hs_asthma";0,000154688532314652;1e-12;-0,0230015647781918;-0,0194454909832931;-0,0194454909832931;-0,0203248123024435;0,0668100670104575;-0,138405813725863;0,124879594083148;-0,138405813725863;0,124879594083148;100;1;0,9;TRUE;0,64;0,8;FALSE;FALSE;0,36;0,64;0
"hs_pfunda_c_Log2";"hs_asthma";0,000154688532314652;1e-12;0,100247671990789;0,0987824278175428;0,0987824278175428;0,103741949296056;0,0586440566525569;-0,0129773396691069;0,214411302337643;-0,0129773396691069;0,214411302337643;100;1;0,9;TRUE;0,94;0,8;TRUE;TRUE;0,94;0,06;0
"hs_hm_pers_None";"hs_asthma";0,000154688532314652;1e-12;-0,144826826209891;-0,144567056929554;-0,144567056929554;-0,136835089071215;0,0637415361542115;-0,270966121058564;-0,0326558253901504;-0,270966121058564;-0,0326558253901504;100;1;0,9;TRUE;0,99;0,8;TRUE;TRUE;0,01;0,99;0
"hs_trafload_h_pow1over3";"hs_asthma";0,000154688532314652;1e-12;0,0223052893475879;0,0287252861663205;0,0287252861663205;0,0284242187884621;0,0653764011465603;-0,0990580203269253;0,171440551445509;-0,0990580203269253;0,171440551445509;100;1;0,9;TRUE;0,69;0,8;FALSE;FALSE;0,69;0,31;0
"hs_trafnear_h_pow1over3";"hs_asthma";0,000154688532314652;1e-12;-0,0106252129196572;-0,0138834821999131;-0,0138834821999131;-0,00694224564717778;0,0599967056820271;-0,138861111824924;0,0937104844810863;-0,138861111824924;0,0937104844810863;100;1;0,9;TRUE;0,58;0,8;FALSE;FALSE;0,42;0,58;0
"FAS_cat_None_Low";"hs_asthma";0,000154688532314652;1e-12;0,0496445251944805;0,0461728678719714;0,0461728678719714;0,0451583325412597;0,233583456987116;-0,383264601089727;0,537648213185131;-0,383264601089727;0,537648213185131;100;1;0,9;TRUE;0,57;0,8;FALSE;FALSE;0,57;0,43;0
"FAS_cat_None_Middle";"hs_asthma";0,000154688532314652;1e-12;-0,166723206003316;-0,167409660744879;-0,167409660744879;-0,165391909972869;0,138941146022341;-0,43260339152685;0,135904171599031;-0,43260339152685;0,135904171599031;100;1;0,9;TRUE;0,91;0,8;TRUE;TRUE;0,09;0,91;0
"hs_globalexp2_None_no exposure";"hs_asthma";0,000154688532314652;1e-12;-0,0485168282269811;-0,0612810986199508;-0,0612810986199508;-0,0581555732270441;0,165580312802174;-0,42018448925065;0,268558491955652;-0,42018448925065;0,268558491955652;100;1;0,9;TRUE;0,61;0,8;FALSE;FALSE;0,39;0,61;0
"h_abs_ratio_preg_Log";"hs_zbmi_who";0,000154688532314652;1e-12;-0,00419707114411969;-0,00419320095991016;-0,00419320095991016;-0,00370371250900481;0,00703214773600603;-0,0175516759643818;0,0076167004435957;-0,0175516759643818;0,0076167004435957;100;1;0,9;TRUE;0,72;0,8;FALSE;FALSE;0,28;0,72;0
"h_no2_ratio_preg_Log";"hs_zbmi_who";0,000154688532314652;1e-12;-0,011010635471892;-0,00977690892539161;-0,00977690892539161;-0,00980706481648696;0,00632446762339383;-0,0219953918008291;0,00175834189516592;-0,0219953918008291;0,00175834189516592;100;1;0,9;TRUE;0,94;0,8;TRUE;TRUE;0,06;0,94;0
"h_pm10_ratio_preg_None";"hs_zbmi_who";0,000154688532314652;1e-12;-0,00618843694588866;-0,00687327112862307;-0,00687327112862307;-0,00657084432386544;0,00676542537974388;-0,0177656442828455;0,00716095588143407;-0,0177656442828455;0,00716095588143407;100;1;0,9;TRUE;0,85;0,8;TRUE;TRUE;0,15;0,85;0
"h_pm25_ratio_preg_None";"hs_zbmi_who";0,000154688532314652;1e-12;-0,00670220696550358;-0,00650106189494316;-0,00650106189494316;-0,00705244947209217;0,0052356149037418;-0,0167284326143543;0,00360018854204423;-0,0167284326143543;0,00360018854204423;100;1;0,9;TRUE;0,89;0,8;TRUE;TRUE;0,11;0,89;0
"h_accesslines300_preg_dic0";"hs_zbmi_who";0,000154688532314652;1e-12;0,0122875179255687;0,00925635063383349;0,00925635063383349;0,00950320980425242;0,0125425885558755;-0,0153539075125706;0,0303706036288465;-0,0153539075125706;0,0303706036288465;100;1;0,9;TRUE;0,78;0,8;FALSE;FALSE;0,78;0,22;0
"h_accesspoints300_preg_Log";"hs_zbmi_who";0,000154688532314652;1e-12;-0,00457055888174457;-0,00419240223212672;-0,00419240223212672;-0,00409133811183873;0,00515824173833823;-0,0134672815202095;0,00624936080101995;-0,0134672815202095;0,00624936080101995;100;1;0,9;TRUE;0,79;0,8;FALSE;FALSE;0,21;0,79;0
"h_builtdens300_preg_Sqrt";"hs_zbmi_who";0,000154688532314652;1e-12;-0,00420791603894057;-0,00328017594702754;-0,00328017594702754;-0,00368076753235445;0,00481119586433892;-0,0123727963655711;0,00708537446191997;-0,0123727963655711;0,00708537446191997;100;1;0,9;TRUE;0,79;0,8;FALSE;FALSE;0,21;0,79;0
"h_connind300_preg_Sqrt";"hs_zbmi_who";0,000154688532314652;1e-12;-0,00324299782521913;-0,0026470645362507;-0,0026470645362507;-0,00235029520267414;0,00524937402784649;-0,0132289749005945;0,00695391494231736;-0,0132289749005945;0,00695391494231736;100;1;0,9;TRUE;0,69;0,8;FALSE;FALSE;0,31;0,69;0
"h_fdensity300_preg_Log";"hs_zbmi_who";0,000154688532314652;1e-12;-0,00102507375043874;-0,00043262772808075;-0,00043262772808075;0,000706899577121403;0,00625836873198572;-0,012481878722422;0,011091250403588;-0,012481878722422;0,011091250403588;100;1;0,9;TRUE;0,48;0,8;FALSE;FALSE;0,52;0,48;0
"h_frichness300_preg_None";"hs_zbmi_who";0,000154688532314652;1e-12;0,00365956890915003;0,00383893272422773;0,00383893272422773;0,00384971119506009;0,00593799926288911;-0,00754325983529012;0,0142579617517909;-0,00754325983529012;0,0142579617517909;100;1;0,9;TRUE;0,76;0,8;FALSE;FALSE;0,76;0,24;0
"h_landuseshan300_preg_None";"hs_zbmi_who";0,000154688532314652;1e-12;0,0105283419155298;0,00964872398672012;0,00964872398672012;0,0103975770018484;0,00425298342895836;0,000551363468568258;0,0172636518230984;0,000551363468568258;0,0172636518230984;100;1;0,9;TRUE;0,98;0,8;TRUE;TRUE;0,98;0,02;0
"h_popdens_preg_Sqrt";"hs_zbmi_who";0,000154688532314652;1e-12;0,0148411046234277;0,0132414424293913;0,0132414424293913;0,0137428298014277;0,0050664378506786;0,00234892069507992;0,0220526921865781;0,00234892069507992;0,0220526921865781;100;1;0,9;TRUE;0,99;0,8;TRUE;TRUE;0,99;0,01;0
"h_walkability_mean_preg_None";"hs_zbmi_who";0,000154688532314652;1e-12;-0,0116450784248572;-0,0107585682508312;-0,0107585682508312;-0,010754617567382;0,00499144336068935;-0,0193040367743894;-0,00149649843078408;-0,0193040367743894;-0,00149649843078408;100;1;0,9;TRUE;0,98;0,8;TRUE;TRUE;0,02;0,98;0
"hs_as_m_Log2";"hs_zbmi_who";0,000154688532314652;1e-12;0,00786342319644971;0,00747107191338719;0,00747107191338719;0,00738229164995088;0,00421491115359368;-0,000755049760762233;0,0145816722740362;-0,000755049760762233;0,0145816722740362;100;1;0,9;TRUE;0,95;0,8;TRUE;TRUE;0,95;0,05;0
"hs_cd_m_Log2";"hs_zbmi_who";0,000154688532314652;1e-12;0,0065176021438502;0,00524247462502856;0,00524247462502856;0,00500490457282599;0,00487384887451286;-0,00371282491335352;0,0140371403673493;-0,00371282491335352;0,0140371403673493;100;1;0,9;TRUE;0,85;0,8;TRUE;TRUE;0,85;0,15;0
"hs_co_m_Log2";"hs_zbmi_who";0,000154688532314652;1e-12;0,00328665929872363;0,00344477287790918;0,00344477287790918;0,00356312827065854;0,00383979194755673;-0,00361939328581794;0,010375084033326;-0,00361939328581794;0,010375084033326;100;1;0,9;TRUE;0,82;0,8;TRUE;TRUE;0,82;0,18;0
"hs_cs_m_Log2";"hs_zbmi_who";0,000154688532314652;1e-12;-0,00395118683316651;-0,00374260275571864;-0,00374260275571864;-0,00366184153416656;0,00387527997932596;-0,0127483546565826;0,00316689299710514;-0,0127483546565826;0,00316689299710514;100;1;0,9;TRUE;0,85;0,8;TRUE;TRUE;0,15;0,85;0
"hs_cu_m_Log2";"hs_zbmi_who";0,000154688532314652;1e-12;-0,0100148587467499;-0,00931994842326526;-0,00931994842326526;-0,00890214904471169;0,00438600786053524;-0,0189867942525203;-0,00192022140624927;-0,0189867942525203;-0,00192022140624927;100;1;0,9;TRUE;0,98;0,8;TRUE;TRUE;0,02;0,98;0
"hs_hg_m_Log2";"hs_zbmi_who";0,000154688532314652;1e-12;-0,000313586320064243;-0,000874570018975176;-0,000874570018975176;-0,0012564130200266;0,00437717368701542;-0,0087784545601556;0,00797999922364861;-0,0087784545601556;0,00797999922364861;100;1;0,9;TRUE;0,61;0,8;FALSE;FALSE;0,39;0,61;0
"hs_mn_m_Log2";"hs_zbmi_who";0,000154688532314652;1e-12;0,00169124866604739;0,00169858583193126;0,00169858583193126;0,00133399782587137;0,00388721833799849;-0,00543757258562117;0,00961869003394798;-0,00543757258562117;0,00961869003394798;100;1;0,9;TRUE;0,65;0,8;FALSE;FALSE;0,65;0,35;0
"hs_mo_m_Log2";"hs_zbmi_who";0,000154688532314652;1e-12;-0,00242106070204194;-0,00209754247095127;-0,00209754247095127;-0,00177671519645169;0,00443515633176336;-0,0106975313376387;0,00658978250802614;-0,0106975313376387;0,00658978250802614;100;1;0,9;TRUE;0,7;0,8;FALSE;FALSE;0,3;0,7;0
"hs_pb_m_Log2";"hs_zbmi_who";0,000154688532314652;1e-12;-0,00321916765543249;-0,00276820119875404;-0,00276820119875404;-0,00302233861442273;0,00393809201299154;-0,00885964204254233;0,00637085538437377;-0,00885964204254233;0,00637085538437377;100;1;0,9;TRUE;0,78;0,8;FALSE;FALSE;0,22;0,78;0
"h_humidity_preg_None";"hs_zbmi_who";0,000154688532314652;1e-12;0,0217379296630349;0,0202440846520075;0,0202440846520075;0,020118065992552;0,00606423944354236;0,0104145799906676;0,0332456273090043;0,0104145799906676;0,0332456273090043;100;1;0,9;TRUE;1;0,8;TRUE;TRUE;1;0;0
"h_pressure_preg_None";"hs_zbmi_who";0,000154688532314652;1e-12;-0,0181218565392803;-0,0178837073355998;-0,0178837073355998;-0,0183522524634328;0,00594273938639531;-0,0291960507082162;-0,00705357070551346;-0,0291960507082162;-0,00705357070551346;100;1;0,9;TRUE;1;0,8;TRUE;TRUE;0;1;0
"h_temperature_preg_None";"hs_zbmi_who";0,000154688532314652;1e-12;0,00107126683442535;0,000934931352819453;0,000934931352819453;0,000466199410647327;0,00575067262812466;-0,00949868176609218;0,0114310541695921;-0,00949868176609218;0,0114310541695921;100;1;0,9;TRUE;0,56;0,8;FALSE;FALSE;0,56;0,44;0
"h_ndvi100_preg_None";"hs_zbmi_who";0,000154688532314652;1e-12;0,000368451515630362;0,00129386834416378;0,00129386834416378;0,00145685610540058;0,00581020711696412;-0,0104617189437694;0,0123953677922951;-0,0104617189437694;0,0123953677922951;100;1;0,9;TRUE;0,59;0,8;FALSE;FALSE;0,59;0,41;0
"hs_dde_madj_Log2";"hs_zbmi_who";0,000154688532314652;1e-12;0,00565246958643541;0,00468231877681115;0,00468231877681115;0,00484592115605988;0,00510275881261742;-0,00504017060416683;0,0146554653750038;-0,00504017060416683;0,0146554653750038;100;1;0,9;TRUE;0,84;0,8;TRUE;TRUE;0,84;0,16;0
"hs_ddt_madj_Log2";"hs_zbmi_who";0,000154688532314652;1e-12;-0,00162427194522222;-0,00123228786283143;-0,00123228786283143;-0,00168925918650427;0,00338465359197138;-0,00719028398078582;0,00604313867007713;-0,00719028398078582;0,00604313867007713;100;1;0,9;TRUE;0,65;0,8;FALSE;FALSE;0,35;0,65;0
"hs_hcb_madj_Log2";"hs_zbmi_who";0,000154688532314652;1e-12;-0,00271576004812984;-0,00255477063925178;-0,00255477063925178;-0,00249659211027522;0,00407024746058311;-0,0108420364658648;0,0043452309084173;-0,0108420364658648;0,0043452309084173;100;1;0,9;TRUE;0,74;0,8;FALSE;FALSE;0,26;0,74;0
"hs_pcb118_madj_Log2";"hs_zbmi_who";0,000154688532314652;1e-12;0,00270569068712352;0,00185375203395683;0,00185375203395683;0,00119096419338904;0,00585883787123136;-0,00888664893577434;0,0153328153177726;-0,00888664893577434;0,0153328153177726;100;1;0,9;TRUE;0,61;0,8;FALSE;FALSE;0,61;0,39;0
"hs_pcb138_madj_Log2";"hs_zbmi_who";0,000154688532314652;1e-12;-0,0068175163972554;-0,00578556562460521;-0,00578556562460521;-0,00577200632326113;0,00676648457799247;-0,0179284012779547;0,00701290595645303;-0,0179284012779547;0,00701290595645303;100;1;0,9;TRUE;0,81;0,8;TRUE;TRUE;0,19;0,81;0
"hs_pcb153_madj_Log2";"hs_zbmi_who";0,000154688532314652;1e-12;-0,00274504576386436;-0,0024834335618475;-0,0024834335618475;-0,00337229938315172;0,00593276335310642;-0,0124208780101626;0,00889478075663615;-0,0124208780101626;0,00889478075663615;100;1;0,9;TRUE;0,69;0,8;FALSE;FALSE;0,31;0,69;0
"hs_pcb170_madj_Log2";"hs_zbmi_who";0,000154688532314652;1e-12;-0,00597391029945393;-0,00570850732973958;-0,00570850732973958;-0,00584136177973883;0,0066813524278136;-0,017459399960019;0,00602253080223315;-0,017459399960019;0,00602253080223315;100;1;0,9;TRUE;0,76;0,8;FALSE;FALSE;0,24;0,76;0
"hs_pcb180_madj_Log2";"hs_zbmi_who";0,000154688532314652;1e-12;-0,000470192319454468;-0,000438038704217589;-0,000438038704217589;-0,000330311675439013;0,00601595974695461;-0,0129318341155744;0,0111002604048954;-0,0129318341155744;0,0111002604048954;100;1;0,9;TRUE;0,54;0,8;FALSE;FALSE;0,46;0,54;0
"hs_sumPCBs5_madj_Log2";"hs_zbmi_who";0,000154688532314652;1e-12;-0,00639241992307258;-0,00606300128207707;-0,00606300128207707;-0,00601796391918027;0,0069547669952523;-0,017766685899916;0,00746424716881417;-0,017766685899916;0,00746424716881417;100;1;0,9;TRUE;0,78;0,8;FALSE;FALSE;0,22;0,78;0
"hs_pfhxs_m_Log2";"hs_zbmi_who";0,000154688532314652;1e-12;6,26314032217441e-05;0,00131522567083044;0,00131522567083044;0,000928271197268716;0,00510826216933638;-0,00814055343375275;0,0120801989486364;-0,00814055343375275;0,0120801989486364;100;1;0,9;TRUE;0,67;0,8;FALSE;FALSE;0,67;0,33;0
"hs_pfna_m_Log2";"hs_zbmi_who";0,000154688532314652;1e-12;0,000179677252176878;3,89550226968533e-05;3,89550226968533e-05;1,45905110469666e-06;0,0055913212559036;-0,00953444941302855;0,0122406636855038;-0,00953444941302855;0,0122406636855038;100;1;0,9;TRUE;0,5;0,8;FALSE;FALSE;0,5;0,5;0
"hs_pfoa_m_Log2";"hs_zbmi_who";0,000154688532314652;1e-12;-0,00182400874675566;-0,00111166238034937;-0,00111166238034937;-0,00108286017290522;0,00551759197619065;-0,0113701281234973;0,00864939068273762;-0,0113701281234973;0,00864939068273762;100;1;0,9;TRUE;0,55;0,8;FALSE;FALSE;0,45;0,55;0
"hs_pfos_m_Log2";"hs_zbmi_who";0,000154688532314652;1e-12;-0,00545169880665493;-0,0053270789243419;-0,0053270789243419;-0,00565266844217207;0,00506315257304509;-0,013258418910231;0,00676706094623276;-0,013258418910231;0,00676706094623276;100;1;0,9;TRUE;0,86;0,8;TRUE;TRUE;0,14;0,86;0
"hs_pfunda_m_Log2";"hs_zbmi_who";0,000154688532314652;1e-12;-0,000438801121097592;-0,000556999095759142;-0,000556999095759142;0,000215070390771016;0,00517910980720916;-0,0129629234290191;0,00729704777098686;-0,0129629234290191;0,00729704777098686;100;1;0,9;TRUE;0,48;0,8;FALSE;FALSE;0,52;0,48;0
"e3_asmokcigd_p_None";"hs_zbmi_who";0,000154688532314652;1e-12;-0,0103471536158427;-0,00970018769921326;-0,00970018769921326;-0,00973481382031047;0,0040580158516245;-0,0173434508633011;-0,00098074742735185;-0,0173434508633011;-0,00098074742735185;100;1;0,9;TRUE;0,99;0,8;TRUE;TRUE;0,01;0,99;0
"h_distinvnear1_preg_Log";"hs_zbmi_who";0,000154688532314652;1e-12;-0,000122090031422108;-3,90550357791042e-05;-3,90550357791042e-05;0,000126894729787732;0,00505524334472615;-0,0100748564115942;0,00871291806217064;-0,0100748564115942;0,00871291806217064;100;1;0,9;TRUE;0,5;0,8;FALSE;FALSE;0,5;0,5;0
"h_trafload_preg_pow1over3";"hs_zbmi_who";0,000154688532314652;1e-12;0,0100330556043636;0,00921693331625059;0,00921693331625059;0,00925926889175562;0,00424346092841777;-0,000344874731815791;0,0177657043190709;-0,000344874731815791;0,0177657043190709;100;1;0,9;TRUE;0,97;0,8;TRUE;TRUE;0,97;0,03;0
"h_trafnear_preg_pow1over3";"hs_zbmi_who";0,000154688532314652;1e-12;-0,00277923539199731;-0,00360557177967215;-0,00360557177967215;-0,00362068268582284;0,00480008278501265;-0,0114035764197669;0,00526525852929088;-0,0114035764197669;0,00526525852929088;100;1;0,9;TRUE;0,72;0,8;FALSE;FALSE;0,28;0,72;0
"h_bro_preg_Log";"hs_zbmi_who";0,000154688532314652;1e-12;0,00840209564597045;0,00878958654357795;0,00878958654357795;0,00838909146399501;0,00738346229956706;-0,00524371696095192;0,0216723675249995;-0,00524371696095192;0,0216723675249995;100;1;0,9;TRUE;0,91;0,8;TRUE;TRUE;0,91;0,09;0
"h_clf_preg_Log";"hs_zbmi_who";0,000154688532314652;1e-12;0,00103698676029208;0,000576065484751966;0,000576065484751966;0,000431507546683054;0,00467294029734968;-0,00885750674119309;0,00853848274266185;-0,00885750674119309;0,00853848274266185;100;1;0,9;TRUE;0,57;0,8;FALSE;FALSE;0,57;0,43;0
"h_thm_preg_Log";"hs_zbmi_who";0,000154688532314652;1e-12;-0,00362267691712474;-0,00247573094585281;-0,00247573094585281;-0,00244215742843281;0,00640564103156146;-0,0146605628510965;0,00806209910437914;-0,0146605628510965;0,00806209910437914;100;1;0,9;TRUE;0,64;0,8;FALSE;FALSE;0,36;0,64;0
"e3_alcpreg_yn_None_1";"hs_zbmi_who";0,000154688532314652;1e-12;0,00736061857490521;0,00777306422632192;0,00777306422632192;0,00739231041010611;0,00982631575550928;-0,0104214805624786;0,0265731858273769;-0,0104214805624786;0,0265731858273769;100;1;0,9;TRUE;0,79;0,8;FALSE;FALSE;0,79;0,21;0
"h_pamod_t3_None_Often";"hs_zbmi_who";0,000154688532314652;1e-12;0,0730058279015245;0,0695490473652948;0,0695490473652948;0,0706147694487066;0,0106086211731141;0,0468093194105897;0,084653887480324;0,0468093194105897;0,084653887480324;100;1;0,9;TRUE;1;0,8;TRUE;TRUE;1;0;0
"h_pamod_t3_None_Sometimes";"hs_zbmi_who";0,000154688532314652;1e-12;0,067142259870082;0,0640296949683777;0,0640296949683777;0,0654574287294609;0,0135403697965606;0,0339768441922218;0,088984904677189;0,0339768441922218;0,088984904677189;100;1;0,9;TRUE;1;0,8;TRUE;TRUE;1;0;0
"h_pamod_t3_None_Very Often";"hs_zbmi_who";0,000154688532314652;1e-12;0,071957249636504;0,0679765101575787;0,0679765101575787;0,0683919410526856;0,0119556108514784;0,0429115687996022;0,0897562376742395;0,0429115687996022;0,0897562376742395;100;1;0,9;TRUE;1;0,8;TRUE;TRUE;1;0;0
"h_pavig_t3_None_Low";"hs_zbmi_who";0,000154688532314652;1e-12;0,0834938834487503;0,0810332489230436;0,0810332489230436;0,0781738658803272;0,0116951919531437;0,0622853725890546;0,10551280111931;0,0622853725890546;0,10551280111931;100;1;0,9;TRUE;1;0,8;TRUE;TRUE;1;0;0
"h_pavig_t3_None_Medium";"hs_zbmi_who";0,000154688532314652;1e-12;0,0855905248541152;0,0831379162219436;0,0831379162219436;0,0827541942327741;0,012971692472295;0,0621752195586232;0,10857485449137;0,0621752195586232;0,10857485449137;100;1;0,9;TRUE;1;0,8;TRUE;TRUE;1;0;0
"hs_no2_dy_hs_h_Log";"hs_zbmi_who";0,000154688532314652;1e-12;0,00489839640156599;0,00469838231293853;0,00469838231293853;0,00513745609468681;0,00542648186208953;-0,00630753477077661;0,0146943342971289;-0,00630753477077661;0,0146943342971289;100;1;0,9;TRUE;0,8;0,8;TRUE;TRUE;0,8;0,2;0
"hs_no2_wk_hs_h_Log";"hs_zbmi_who";0,000154688532314652;1e-12;0,0120825480288324;0,0123949895632638;0,0123949895632638;0,0124648420349459;0,00577691824469179;0,00210123144655192;0,0230041396406239;0,00210123144655192;0,0230041396406239;100;1;0,9;TRUE;1;0,8;TRUE;TRUE;1;0;0
"hs_no2_yr_hs_h_Log";"hs_zbmi_who";0,000154688532314652;1e-12;0,0286890915033777;0,0279900383064669;0,0279900383064669;0,0281885191489196;0,00557270725482554;0,0164439738932975;0,0376379198086742;0,0164439738932975;0,0376379198086742;100;1;0,9;TRUE;1;0,8;TRUE;TRUE;1;0;0
"hs_pm10_dy_hs_h_None";"hs_zbmi_who";0,000154688532314652;1e-12;0,00680667444673888;0,00574561448311127;0,00574561448311127;0,0054967563726033;0,00482696638406126;-0,00282761019705672;0,015882418931519;-0,00282761019705672;0,015882418931519;100;1;0,9;TRUE;0,91;0,8;TRUE;TRUE;0,91;0,09;0
"hs_pm10_wk_hs_h_None";"hs_zbmi_who";0,000154688532314652;1e-12;-0,0137079599389799;-0,0117228975506184;-0,0117228975506184;-0,0118872835013289;0,00577196704552996;-0,0225474437262551;-0,000889554724272394;-0,0225474437262551;-0,000889554724272394;100;1;0,9;TRUE;0,98;0,8;TRUE;TRUE;0,02;0,98;0
"hs_pm10_yr_hs_h_None";"hs_zbmi_who";0,000154688532314652;1e-12;-0,0124575366531262;-0,0117012414293325;-0,0117012414293325;-0,0114429257424893;0,00634685659414063;-0,022759933741782;-0,000126084599435122;-0,022759933741782;-0,000126084599435122;100;1;0,9;TRUE;0,97;0,8;TRUE;TRUE;0,03;0,97;0
"hs_pm25_dy_hs_h_None";"hs_zbmi_who";0,000154688532314652;1e-12;0,00394570298623905;0,00332762373950923;0,00332762373950923;0,00305428937829083;0,00555596892414654;-0,00753183613207614;0,0142173425653102;-0,00753183613207614;0,0142173425653102;100;1;0,9;TRUE;0,73;0,8;FALSE;FALSE;0,73;0,27;0
"hs_pm25_wk_hs_h_None";"hs_zbmi_who";0,000154688532314652;1e-12;-0,00255148848690379;-0,0038625632289599;-0,0038625632289599;-0,00375343379284231;0,0069915041466887;-0,0179362039042573;0,00824746082236607;-0,0179362039042573;0,00824746082236607;100;1;0,9;TRUE;0,65;0,8;FALSE;FALSE;0,35;0,65;0
"hs_pm25_yr_hs_h_None";"hs_zbmi_who";0,000154688532314652;1e-12;0,0152584705998883;0,0134368759949958;0,0134368759949958;0,0130262522322696;0,00639941990815006;0,00200505093007805;0,0249253278412245;0,00200505093007805;0,0249253278412245;100;1;0,9;TRUE;0,98;0,8;TRUE;TRUE;0,98;0,02;0
"hs_pm25abs_dy_hs_h_Log";"hs_zbmi_who";0,000154688532314652;1e-12;-0,00226211049404649;-0,00139927216601559;-0,00139927216601559;-0,0015133629049269;0,00422836806759571;-0,00967935888689712;0,00676201580475421;-0,00967935888689712;0,00676201580475421;100;1;0,9;TRUE;0,63;0,8;FALSE;FALSE;0,37;0,63;0
"hs_pm25abs_wk_hs_h_Log";"hs_zbmi_who";0,000154688532314652;1e-12;-0,00453139053949306;-0,0047843761931383;-0,0047843761931383;-0,00512216772380757;0,00492053158277095;-0,013375150393534;0,00390594169671975;-0,013375150393534;0,00390594169671975;100;1;0,9;TRUE;0,8;0,8;TRUE;TRUE;0,2;0,8;0
"hs_pm25abs_yr_hs_h_Log";"hs_zbmi_who";0,000154688532314652;1e-12;-0,00347170696991436;-0,00370789740974313;-0,00370789740974313;-0,00362406213500273;0,00552989290115291;-0,0150423326689439;0,00789386148823855;-0,0150423326689439;0,00789386148823855;100;1;0,9;TRUE;0,76;0,8;FALSE;FALSE;0,24;0,76;0
"hs_accesslines300_h_dic0";"hs_zbmi_who";0,000154688532314652;1e-12;-0,0198663321524767;-0,0168614010465279;-0,0168614010465279;-0,0176605341002801;0,015463644509643;-0,0443141293436954;0,0134935457058448;-0,0443141293436954;0,0134935457058448;100;1;0,9;TRUE;0,82;0,8;TRUE;TRUE;0,18;0,82;0
"hs_accesspoints300_h_Log";"hs_zbmi_who";0,000154688532314652;1e-12;-0,00389611692643315;-0,00459799991401103;-0,00459799991401103;-0,00435883618760899;0,00583345246599502;-0,0155909340089902;0,00655289739598026;-0,0155909340089902;0,00655289739598026;100;1;0,9;TRUE;0,78;0,8;FALSE;FALSE;0,22;0,78;0
"hs_builtdens300_h_Sqrt";"hs_zbmi_who";0,000154688532314652;1e-12;-0,00178526035196668;-0,00154891093561945;-0,00154891093561945;-0,0018978108164338;0,00555688799881613;-0,0110721548868375;0,00835286096429564;-0,0110721548868375;0,00835286096429564;100;1;0,9;TRUE;0,58;0,8;FALSE;FALSE;0,42;0,58;0
"hs_connind300_h_Log";"hs_zbmi_who";0,000154688532314652;1e-12;0,0135587201604877;0,0124417674148144;0,0124417674148144;0,0124352193760258;0,00530068079769023;0,00338977783700597;0,0224015264570869;0,00338977783700597;0,0224015264570869;100;1;0,9;TRUE;0,99;0,8;TRUE;TRUE;0,99;0,01;0
"hs_fdensity300_h_Log";"hs_zbmi_who";0,000154688532314652;1e-12;-0,000819005319822198;-0,000197295965442083;-0,000197295965442083;0,000563910237301301;0,00655182628385223;-0,0129200270983746;0,012347559491853;-0,0129200270983746;0,012347559491853;100;1;0,9;TRUE;0,45;0,8;FALSE;FALSE;0,55;0,45;0
"hs_landuseshan300_h_None";"hs_zbmi_who";0,000154688532314652;1e-12;-0,0062060564855416;-0,00472398048919688;-0,00472398048919688;-0,00526131602540527;0,0048371524724982;-0,0131799293697227;0,00578134991849904;-0,0131799293697227;0,00578134991849904;100;1;0,9;TRUE;0,83;0,8;TRUE;TRUE;0,17;0,83;0
"hs_popdens_h_Sqrt";"hs_zbmi_who";0,000154688532314652;1e-12;0,000658098004544144;0,000700103936410496;0,000700103936410496;0,00029244631784466;0,00537347676785301;-0,00933000869511444;0,0127496343716977;-0,00933000869511444;0,0127496343716977;100;1;0,9;TRUE;0,52;0,8;FALSE;FALSE;0,52;0,48;0
"hs_walkability_mean_h_None";"hs_zbmi_who";0,000154688532314652;1e-12;-0,00326292704071072;-0,00316199072175368;-0,00316199072175368;-0,00326522260831579;0,00527932269081485;-0,0139358161985041;0,00592963313372714;-0,0139358161985041;0,00592963313372714;100;1;0,9;TRUE;0,71;0,8;FALSE;FALSE;0,29;0,71;0
"hs_accesslines300_s_dic0";"hs_zbmi_who";0,000154688532314652;1e-12;0,0155201750899162;0,0133564182115165;0,0133564182115165;0,0136420538930396;0,014104305337091;-0,00873306169615665;0,0419456977524867;-0,00873306169615665;0,0419456977524867;100;1;0,9;TRUE;0,81;0,8;TRUE;TRUE;0,81;0,19;0
"hs_accesspoints300_s_Log";"hs_zbmi_who";0,000154688532314652;1e-12;-0,00671993460708751;-0,00576987134557526;-0,00576987134557526;-0,00534153310981234;0,00525900999359934;-0,0159148676434268;0,0020458530142119;-0,0159148676434268;0,0020458530142119;100;1;0,9;TRUE;0,85;0,8;TRUE;TRUE;0,15;0,85;0
"hs_builtdens300_s_Sqrt";"hs_zbmi_who";0,000154688532314652;1e-12;-0,00144719624427194;-0,00222858854684385;-0,00222858854684385;-0,00165742010709982;0,00513398306984306;-0,0119405556061425;0,00696737129602472;-0,0119405556061425;0,00696737129602472;100;1;0,9;TRUE;0,66;0,8;FALSE;FALSE;0,34;0,66;0
"hs_connind300_s_Log";"hs_zbmi_who";0,000154688532314652;1e-12;0,000527282257580698;0,00095630114616247;0,00095630114616247;0,000601839304423301;0,00561688766175383;-0,00878471827870633;0,0113735309569549;-0,00878471827870633;0,0113735309569549;100;1;0,9;TRUE;0,54;0,8;FALSE;FALSE;0,54;0,46;0
"hs_fdensity300_s_Log";"hs_zbmi_who";0,000154688532314652;1e-12;0,00242129222015977;0,00206978465332913;0,00206978465332913;0,00173284997699;0,00585207875463324;-0,00849347922600505;0,0131812157769109;-0,00849347922600505;0,0131812157769109;100;1;0,9;TRUE;0,62;0,8;FALSE;FALSE;0,62;0,38;0
"hs_landuseshan300_s_None";"hs_zbmi_who";0,000154688532314652;1e-12;-0,00178184050876761;-0,00177813063179427;-0,00177813063179427;-0,00198367511909882;0,0045256787662194;-0,0104580360245415;0,00601044470135942;-0,0104580360245415;0,00601044470135942;100;1;0,9;TRUE;0,66;0,8;FALSE;FALSE;0,34;0,66;0
"hs_popdens_s_Sqrt";"hs_zbmi_who";0,000154688532314652;1e-12;-0,00396409484754365;-0,00364897909441839;-0,00364897909441839;-0,00338298505203266;0,00449587428877071;-0,0115590356110283;0,00406223356452855;-0,0115590356110283;0,00406223356452855;100;1;0,9;TRUE;0,78;0,8;FALSE;FALSE;0,22;0,78;0
"h_Absorbance_Log";"hs_zbmi_who";0,000154688532314652;1e-12;0,00046371444951375;0,00138890327321473;0,00138890327321473;0,00132248280054734;0,00486586510495218;-0,00866050068348839;0,0105927440482675;-0,00866050068348839;0,0105927440482675;100;1;0,9;TRUE;0,59;0,8;FALSE;FALSE;0,59;0,41;0
"h_Benzene_Log";"hs_zbmi_who";0,000154688532314652;1e-12;-0,000684687953574783;-0,000937024482295443;-0,000937024482295443;-0,000333422090048573;0,00516463329891397;-0,0103358723315361;0,00964032077603221;-0,0103358723315361;0,00964032077603221;100;1;0,9;TRUE;0,53;0,8;FALSE;FALSE;0,47;0,53;0
"h_NO2_Log";"hs_zbmi_who";0,000154688532314652;1e-12;0,0113405140146339;0,0110205996315;0,0110205996315;0,0117701458708033;0,00504172089229606;0,000575076318833105;0,0193802627842646;0,000575076318833105;0,0193802627842646;100;1;0,9;TRUE;0,97;0,8;TRUE;TRUE;0,97;0,03;0
"h_PM_Log";"hs_zbmi_who";0,000154688532314652;1e-12;0,0111062858343211;0,0106068362875861;0,0106068362875861;0,0111142201216044;0,00521328526835771;0,00153533118215244;0,0202850142156931;0,00153533118215244;0,0202850142156931;100;1;0,9;TRUE;1;0,8;TRUE;TRUE;1;0;0
"h_TEX_Log";"hs_zbmi_who";0,000154688532314652;1e-12;0,00521313079829458;0,00441767576081172;0,00441767576081172;0,00438846956842731;0,00439070906199214;-0,0038498141015344;0,0122693329856956;-0,0038498141015344;0,0122693329856956;100;1;0,9;TRUE;0,85;0,8;TRUE;TRUE;0,85;0,15;0
"hs_KIDMED_None";"hs_zbmi_who";0,000154688532314652;1e-12;0,00966600080546869;0,00935236786407032;0,00935236786407032;0,0093559539357624;0,00444130979373448;0,00102271811133746;0,017135512329515;0,00102271811133746;0,017135512329515;100;1;0,9;TRUE;0,99;0,8;TRUE;TRUE;0,99;0,01;0
"hs_mvpa_prd_alt_None";"hs_zbmi_who";0,000154688532314652;1e-12;-0,000916807116630618;-0,000854863480634346;-0,000854863480634346;-0,00127366217480519;0,00581582655603128;-0,0101343512847793;0,0120063707931148;-0,0101343512847793;0,0120063707931148;100;1;0,9;TRUE;0,62;0,8;FALSE;FALSE;0,38;0,62;0
"hs_sd_wk_None";"hs_zbmi_who";0,000154688532314652;1e-12;-0,000561128813892374;-0,00139965686021591;-0,00139965686021591;-0,00164232464985926;0,00496399373040401;-0,0114652762352582;0,00768138884257616;-0,0114652762352582;0,00768138884257616;100;1;0,9;TRUE;0,64;0,8;FALSE;FALSE;0,36;0,64;0
"hs_dif_hours_total_None";"hs_zbmi_who";0,000154688532314652;1e-12;-0,00618414489120804;-0,00626552877477451;-0,00626552877477451;-0,005971381830237;0,00460031130668877;-0,0152546099546518;0,0019184354536542;-0,0152546099546518;0,0019184354536542;100;1;0,9;TRUE;0,92;0,8;TRUE;TRUE;0,08;0,92;0
"hs_as_c_Log2";"hs_zbmi_who";0,000154688532314652;1e-12;-7,05814714285477e-05;0,000259873376132949;0,000259873376132949;0,00021243748364316;0,00419324467528985;-0,00755430528310357;0,00763969336428773;-0,00755430528310357;0,00763969336428773;100;1;0,9;TRUE;0,49;0,8;FALSE;FALSE;0,51;0,49;0
"hs_cd_c_Log2";"hs_zbmi_who";0,000154688532314652;1e-12;0,00323244251262634;0,00297012552066103;0,00297012552066103;0,00250424193598432;0,00393136597376171;-0,00357836715030626;0,0125015938472808;-0,00357836715030626;0,0125015938472808;100;1;0,9;TRUE;0,78;0,8;FALSE;FALSE;0,78;0,22;0
"hs_co_c_Log2";"hs_zbmi_who";0,000154688532314652;1e-12;-0,00820449846848513;-0,00787368600305519;-0,00787368600305519;-0,00824850080016371;0,00400609285733308;-0,014704011842022;-0,000290034691735013;-0,014704011842022;-0,000290034691735013;100;1;0,9;TRUE;0,98;0,8;TRUE;TRUE;0,02;0,98;0
"hs_cs_c_Log2";"hs_zbmi_who";0,000154688532314652;1e-12;0,0114210662490876;0,0106364421935373;0,0106364421935373;0,0103453383769248;0,00492700651824961;0,0024838068657491;0,0205717399064735;0,0024838068657491;0,0205717399064735;100;1;0,9;TRUE;0,99;0,8;TRUE;TRUE;0,99;0,01;0
"hs_cu_c_Log2";"hs_zbmi_who";0,000154688532314652;1e-12;0,0128689875354015;0,0121195391911802;0,0121195391911802;0,0114034060827235;0,00464625799051912;0,00436288740846854;0,0215457594215845;0,00436288740846854;0,0215457594215845;100;1;0,9;TRUE;1;0,8;TRUE;TRUE;1;0;0
"hs_hg_c_Log2";"hs_zbmi_who";0,000154688532314652;1e-12;-0,00614693877978207;-0,00641895731494664;-0,00641895731494664;-0,00660321545184015;0,00590482330141575;-0,0180500118099489;0,00286283125976684;-0,0180500118099489;0,00286283125976684;100;1;0,9;TRUE;0,85;0,8;TRUE;TRUE;0,15;0,85;0
"hs_mn_c_Log2";"hs_zbmi_who";0,000154688532314652;1e-12;-0,00613136984966775;-0,00567036540591704;-0,00567036540591704;-0,00587666001819357;0,00380335481780613;-0,0128011586182613;0,00039843653717721;-0,0128011586182613;0,00039843653717721;100;1;0,9;TRUE;0,95;0,8;TRUE;TRUE;0,05;0,95;0
"hs_mo_c_Log2";"hs_zbmi_who";0,000154688532314652;1e-12;-0,00659883380289847;-0,00633019172167586;-0,00633019172167586;-0,00617796913187375;0,00360299924368128;-0,0127540169332237;0,000552172293307605;-0,0127540169332237;0,000552172293307605;100;1;0,9;TRUE;0,96;0,8;TRUE;TRUE;0,04;0,96;0
"hs_pb_c_Log2";"hs_zbmi_who";0,000154688532314652;1e-12;0,00296921217383105;0,00269062899684818;0,00269062899684818;0,00295166179674124;0,00449722339990695;-0,00580218851962805;0,0113841717782244;-0,00580218851962805;0,0113841717782244;100;1;0,9;TRUE;0,75;0,8;FALSE;FALSE;0,75;0,25;0
"hs_hum_mt_hs_h_None";"hs_zbmi_who";0,000154688532314652;1e-12;0,00416764942879998;0,00335501747264542;0,00335501747264542;0,0030494046583426;0,00601656278734518;-0,00760926008172954;0,0151131055316008;-0,00760926008172954;0,0151131055316008;100;1;0,9;TRUE;0,7;0,8;FALSE;FALSE;0,7;0,3;0
"hs_tm_mt_hs_h_None";"hs_zbmi_who";0,000154688532314652;1e-12;0,00183989726307229;0,00208255953992532;0,00208255953992532;0,00186096296431208;0,00577307154636936;-0,00736927181212094;0,0149911197157326;-0,00736927181212094;0,0149911197157326;100;1;0,9;TRUE;0,67;0,8;FALSE;FALSE;0,67;0,33;0
"hs_uvdvf_mt_hs_h_None";"hs_zbmi_who";0,000154688532314652;1e-12;-0,000606591273939837;-0,000310309954121388;-0,000310309954121388;-0,000592110650881904;0,00581988754133541;-0,0115129863674468;0,0104435139110937;-0,0115129863674468;0,0104435139110937;100;1;0,9;TRUE;0,53;0,8;FALSE;FALSE;0,47;0,53;0
"hs_hum_dy_hs_h_None";"hs_zbmi_who";0,000154688532314652;1e-12;-0,00492235607620615;-0,0043484841584343;-0,0043484841584343;-0,00417086598799128;0,00436358559165648;-0,0120049619717609;0,00389127651015003;-0,0120049619717609;0,00389127651015003;100;1;0,9;TRUE;0,83;0,8;TRUE;TRUE;0,17;0,83;0
"hs_hum_wk_hs_h_None";"hs_zbmi_who";0,000154688532314652;1e-12;-0,00696491580666557;-0,00669228091647476;-0,00669228091647476;-0,00666720172971241;0,00519394484418016;-0,0165604443308847;0,0046877196285614;-0,0165604443308847;0,0046877196285614;100;1;0,9;TRUE;0,91;0,8;TRUE;TRUE;0,09;0,91;0
"hs_tm_dy_hs_h_None";"hs_zbmi_who";0,000154688532314652;1e-12;-0,00685553731731184;-0,00622792885306301;-0,00622792885306301;-0,00552267325983511;0,00566332604828456;-0,0168205419920172;0,00448582267990812;-0,0168205419920172;0,00448582267990812;100;1;0,9;TRUE;0,88;0,8;TRUE;TRUE;0,12;0,88;0
"hs_tm_wk_hs_h_None";"hs_zbmi_who";0,000154688532314652;1e-12;-0,00260932862331852;-0,0020934205697386;-0,0020934205697386;-0,00271106479665653;0,00550376271923371;-0,0124025209643549;0,00730499180379635;-0,0124025209643549;0,00730499180379635;100;1;0,9;TRUE;0,67;0,8;FALSE;FALSE;0,33;0,67;0
"hs_uvdvf_dy_hs_h_None";"hs_zbmi_who";0,000154688532314652;1e-12;0,00304158077215377;0,0018559669563635;0,0018559669563635;0,00244958560981851;0,00527015775437452;-0,00915196368564297;0,0111944155328569;-0,00915196368564297;0,0111944155328569;100;1;0,9;TRUE;0,65;0,8;FALSE;FALSE;0,65;0,35;0
"hs_uvdvf_wk_hs_h_None";"hs_zbmi_who";0,000154688532314652;1e-12;-0,0109015330226112;-0,0112931343537511;-0,0112931343537511;-0,010767087940896;0,00594575434408021;-0,0220560264481257;-5,50036868321011e-05;-0,0220560264481257;-5,50036868321011e-05;100;1;0,9;TRUE;0,97;0,8;TRUE;TRUE;0,03;0,97;0
"hs_ndvi100_h_None";"hs_zbmi_who";0,000154688532314652;1e-12;0,00770196944078838;0,00711707215377215;0,00711707215377215;0,0070462148484428;0,00604160945948;-0,00498960916661851;0,0173260666463182;-0,00498960916661851;0,0173260666463182;100;1;0,9;TRUE;0,89;0,8;TRUE;TRUE;0,89;0,11;0
"hs_ndvi100_s_None";"hs_zbmi_who";0,000154688532314652;1e-12;0,00945715648736024;0,00840376125508483;0,00840376125508483;0,00890107029772734;0,0061306140223196;-0,00282802203857198;0,0179192325766161;-0,00282802203857198;0,0179192325766161;100;1;0,9;TRUE;0,94;0,8;TRUE;TRUE;0,94;0,06;0
"hs_dde_cadj_Log2";"hs_zbmi_who";0,000154688532314652;1e-12;-0,0183088109592646;-0,0173889011359181;-0,0173889011359181;-0,0178351685935039;0,00575479002539453;-0,0271464458983929;-0,00662434826737703;-0,0271464458983929;-0,00662434826737703;100;1;0,9;TRUE;1;0,8;TRUE;TRUE;0;1;0
"hs_ddt_cadj_Log2";"hs_zbmi_who";0,000154688532314652;1e-12;-0,00522509614860191;-0,00507277428832968;-0,00507277428832968;-0,00581668682282995;0,00486494830638515;-0,0147259726554688;0,00594808253495611;-0,0147259726554688;0,00594808253495611;100;1;0,9;TRUE;0,92;0,8;TRUE;TRUE;0,08;0,92;0
"hs_hcb_cadj_Log2";"hs_zbmi_who";0,000154688532314652;1e-12;-0,0327025375841328;-0,0304804846626578;-0,0304804846626578;-0,0298405195544058;0,006546936248455;-0,0432712644137346;-0,0193834501216894;-0,0432712644137346;-0,0193834501216894;100;1;0,9;TRUE;1;0,8;TRUE;TRUE;0;1;0
"hs_pcb118_cadj_Log2";"hs_zbmi_who";0,000154688532314652;1e-12;0,00517368665605884;0,00375416726315961;0,00375416726315961;0,00409525457882147;0,00570943337203128;-0,00786553997038773;0,0148977058001342;-0,00786553997038773;0,0148977058001342;100;1;0,9;TRUE;0,75;0,8;FALSE;FALSE;0,75;0,25;0
"hs_pcb138_cadj_Log2";"hs_zbmi_who";0,000154688532314652;1e-12;0,00278091635832112;0,00168282924696996;0,00168282924696996;0,00207407720182517;0,00638678829200429;-0,0112576745155959;0,0134952962076649;-0,0112576745155959;0,0134952962076649;100;1;0,9;TRUE;0,64;0,8;FALSE;FALSE;0,64;0,36;0
"hs_pcb153_cadj_Log2";"hs_zbmi_who";0,000154688532314652;1e-12;-0,00199762280207076;-0,00252797516955555;-0,00252797516955555;-0,00254299493214756;0,00647188950828691;-0,0174059198772898;0,00984886926992178;-0,0174059198772898;0,00984886926992178;100;1;0,9;TRUE;0,7;0,8;FALSE;FALSE;0,3;0,7;0
"hs_pcb170_cadj_Log2";"hs_zbmi_who";0,000154688532314652;1e-12;-0,0239455016132007;-0,0222026543117261;-0,0222026543117261;-0,022074605216483;0,00594682653282988;-0,0347838862935823;-0,0116152943767288;-0,0347838862935823;-0,0116152943767288;100;1;0,9;TRUE;1;0,8;TRUE;TRUE;0;1;0
"hs_pcb180_cadj_Log2";"hs_zbmi_who";0,000154688532314652;1e-12;-0,00476842061579217;-0,00504875058322382;-0,00504875058322382;-0,00585774195685142;0,00579812195472168;-0,0149283097972996;0,00673805489676159;-0,0149283097972996;0,00673805489676159;100;1;0,9;TRUE;0,8;0,8;TRUE;TRUE;0,2;0,8;0
"hs_sumPCBs5_cadj_Log2";"hs_zbmi_who";0,000154688532314652;1e-12;-0,0170144650065267;-0,0156452793500646;-0,0156452793500646;-0,013737313768391;0,00577747710299498;-0,026166613930713;-0,00623403113742377;-0,026166613930713;-0,00623403113742377;100;1;0,9;TRUE;1;0,8;TRUE;TRUE;0;1;0
"hs_pfhxs_c_Log2";"hs_zbmi_who";0,000154688532314652;1e-12;0,00899302390629103;0,009171272080412;0,009171272080412;0,00966162007835339;0,00420942756207622;0,000714402535749294;0,0167106842208053;0,000714402535749294;0,0167106842208053;100;1;0,9;TRUE;0,97;0,8;TRUE;TRUE;0,97;0,03;0
"hs_pfna_c_Log2";"hs_zbmi_who";0,000154688532314652;1e-12;0,000575474214079676;-0,000209632334038715;-0,000209632334038715;-2,16358429221149e-05;0,00574276276122825;-0,0121050494658344;0,0103597348041977;-0,0121050494658344;0,0103597348041977;100;1;0,9;TRUE;0,48;0,8;FALSE;FALSE;0,48;0,52;0
"hs_pfoa_c_Log2";"hs_zbmi_who";0,000154688532314652;1e-12;-0,000864205934289276;-0,000303348359476714;-0,000303348359476714;-0,000443830510030554;0,00492323165942467;-0,00927759084837722;0,010653934782222;-0,00927759084837722;0,010653934782222;100;1;0,9;TRUE;0,55;0,8;FALSE;FALSE;0,45;0,55;0
"hs_pfos_c_Log2";"hs_zbmi_who";0,000154688532314652;1e-12;-0,00823809445341103;-0,00701871679227486;-0,00701871679227486;-0,00697245625798481;0,00484398280450315;-0,0170120396249742;0,00170327163751938;-0,0170120396249742;0,00170327163751938;100;1;0,9;TRUE;0,93;0,8;TRUE;TRUE;0,07;0,93;0
"hs_pfunda_c_Log2";"hs_zbmi_who";0,000154688532314652;1e-12;0,000131530269129705;0,000908756513240211;0,000908756513240211;0,0011088931703748;0,00397196385003971;-0,00694605462898915;0,00838354479295365;-0,00694605462898915;0,00838354479295365;100;1;0,9;TRUE;0,6;0,8;FALSE;FALSE;0,6;0,4;0
"hs_hm_pers_None";"hs_zbmi_who";0,000154688532314652;1e-12;-0,000479394723569726;-0,00104625058280062;-0,00104625058280062;-0,000532100870078398;0,00391728123956169;-0,00820430629578793;0,0055811098772926;-0,00820430629578793;0,0055811098772926;100;1;0,9;TRUE;0,57;0,8;FALSE;FALSE;0,43;0,57;0
"hs_trafload_h_pow1over3";"hs_zbmi_who";0,000154688532314652;1e-12;-0,00579181819480861;-0,00507710652833184;-0,00507710652833184;-0,0048915307401566;0,00477778584753542;-0,0143573235391075;0,00345859023817309;-0,0143573235391075;0,00345859023817309;100;1;0,9;TRUE;0,84;0,8;TRUE;TRUE;0,16;0,84;0
"hs_trafnear_h_pow1over3";"hs_zbmi_who";0,000154688532314652;1e-12;-0,00227491951516936;-0,0024929671520055;-0,0024929671520055;-0,00251454273339901;0,00520860757386823;-0,0126114018623188;0,00642830324220219;-0,0126114018623188;0,00642830324220219;100;1;0,9;TRUE;0,66;0,8;FALSE;FALSE;0,34;0,66;0
"FAS_cat_None_Low";"hs_zbmi_who";0,000154688532314652;1e-12;-0,00996495193799857;-0,00793068148383751;-0,00793068148383751;-0,00942372517752451;0,0120943169520988;-0,0274057447319886;0,0158173489852161;-0,0274057447319886;0,0158173489852161;100;1;0,9;TRUE;0,71;0,8;FALSE;FALSE;0,29;0,71;0
"FAS_cat_None_Middle";"hs_zbmi_who";0,000154688532314652;1e-12;0,00741224992921899;0,00788292638189867;0,00788292638189867;0,00678482814598642;0,00915040899539374;-0,0063143598573934;0,0277899283479306;-0,0063143598573934;0,0277899283479306;100;1;0,9;TRUE;0,77;0,8;FALSE;FALSE;0,77;0,23;0
"hs_globalexp2_None_no exposure";"hs_zbmi_who";0,000154688532314652;1e-12;0,0127893114779789;0,0135100598027446;0,0135100598027446;0,0131943174770326;0,00875574091190334;-0,00447051025440296;0,0309350489780731;-0,00447051025440296;0,0309350489780731;100;1;0,9;TRUE;0,96;0,8;TRUE;TRUE;0,96;0,04;0
"h_abs_ratio_preg_Log";"hs_correct_raven";0,000154688532314652;1e-12;0,00547317574159103;0,00394629692512886;0,00394629692512886;0,00334852040690855;0,00904929295901004;-0,010806140627158;0,0191354495967583;-0,010806140627158;0,0191354495967583;100;1;0,9;TRUE;0,61;0,8;FALSE;FALSE;0,61;0,39;0
"h_no2_ratio_preg_Log";"hs_correct_raven";0,000154688532314652;1e-12;0,0175411499668264;0,0170836928660881;0,0170836928660881;0,0177038134506567;0,00935932844855313;-0,00113976847491263;0,0348156781197926;-0,00113976847491263;0,0348156781197926;100;1;0,9;TRUE;0,94;0,8;TRUE;TRUE;0,94;0,06;0
"h_pm10_ratio_preg_None";"hs_correct_raven";0,000154688532314652;1e-12;-0,012605238435311;-0,0126327309260764;-0,0126327309260764;-0,0118334307989398;0,00889979934599773;-0,0304275640203895;0,00279868497198449;-0,0304275640203895;0,00279868497198449;100;1;0,9;TRUE;0,94;0,8;TRUE;TRUE;0,06;0,94;0
"h_pm25_ratio_preg_None";"hs_correct_raven";0,000154688532314652;1e-12;0,00663697035551221;0,00572069118411986;0,00572069118411986;0,00576494244975242;0,0062445935020056;-0,00754652249386329;0,0185815752810146;-0,00754652249386329;0,0185815752810146;100;1;0,9;TRUE;0,83;0,8;TRUE;TRUE;0,83;0,17;0
"h_accesslines300_preg_dic0";"hs_correct_raven";0,000154688532314652;1e-12;-0,0117214027187589;-0,00871513695949473;-0,00871513695949473;-0,00890061806805731;0,0188075398258957;-0,050296014325081;0,0238814193367777;-0,050296014325081;0,0238814193367777;100;1;0,9;TRUE;0,68;0,8;FALSE;FALSE;0,32;0,68;0
"h_accesspoints300_preg_Log";"hs_correct_raven";0,000154688532314652;1e-12;-0,0034065059663016;-0,00328220124002567;-0,00328220124002567;-0,00275897028205365;0,00893604490614015;-0,0200555231250595;0,0126257419331596;-0,0200555231250595;0,0126257419331596;100;1;0,9;TRUE;0,67;0,8;FALSE;FALSE;0,33;0,67;0
"h_builtdens300_preg_Sqrt";"hs_correct_raven";0,000154688532314652;1e-12;0,00988766952697105;0,0088767671741222;0,0088767671741222;0,00867928908751109;0,0104304230344094;-0,0103289739290429;0,0290774945692442;-0,0103289739290429;0,0290774945692442;100;1;0,9;TRUE;0,77;0,8;FALSE;FALSE;0,77;0,23;0
"h_connind300_preg_Sqrt";"hs_correct_raven";0,000154688532314652;1e-12;-0,00401406863199832;-0,0039435022154259;-0,0039435022154259;-0,00277462180783435;0,00706241889400118;-0,0194145451238642;0,00721942127330263;-0,0194145451238642;0,00721942127330263;100;1;0,9;TRUE;0,67;0,8;FALSE;FALSE;0,33;0,67;0
"h_fdensity300_preg_Log";"hs_correct_raven";0,000154688532314652;1e-12;0,0102555242477713;0,0101874624860217;0,0101874624860217;0,0101889682244455;0,00987152768566262;-0,0113982586397763;0,0283554056608913;-0,0113982586397763;0,0283554056608913;100;1;0,9;TRUE;0,86;0,8;TRUE;TRUE;0,86;0,14;0
"h_frichness300_preg_None";"hs_correct_raven";0,000154688532314652;1e-12;0,00630240338437508;0,00615623635609587;0,00615623635609587;0,00649728290339139;0,00832160069220413;-0,0107284925306111;0,0222569632833826;-0,0107284925306111;0,0222569632833826;100;1;0,9;TRUE;0,78;0,8;FALSE;FALSE;0,78;0,22;0
"h_landuseshan300_preg_None";"hs_correct_raven";0,000154688532314652;1e-12;0,00788030361954333;0,00797560628799836;0,00797560628799836;0,00761868486578657;0,00604818163314699;-0,00257385027780919;0,0213668445922615;-0,00257385027780919;0,0213668445922615;100;1;0,9;TRUE;0,91;0,8;TRUE;TRUE;0,91;0,09;0
"h_popdens_preg_Sqrt";"hs_correct_raven";0,000154688532314652;1e-12;-0,0033348098204715;-0,00300101430116265;-0,00300101430116265;-0,00257413878934957;0,00704923045191483;-0,0167839964237487;0,00876919825383733;-0,0167839964237487;0,00876919825383733;100;1;0,9;TRUE;0,67;0,8;FALSE;FALSE;0,33;0,67;0
"h_walkability_mean_preg_None";"hs_correct_raven";0,000154688532314652;1e-12;-0,00446170442056728;-0,00423114318247349;-0,00423114318247349;-0,00430371570975599;0,00748013931061835;-0,0192182945921879;0,00987382665375018;-0,0192182945921879;0,00987382665375018;100;1;0,9;TRUE;0,73;0,8;FALSE;FALSE;0,27;0,73;0
"hs_as_m_Log2";"hs_correct_raven";0,000154688532314652;1e-12;0,00141485656557242;0,00188696699816621;0,00188696699816621;0,00179979842821952;0,00454564755077362;-0,00741281340731824;0,00906627513180749;-0,00741281340731824;0,00906627513180749;100;1;0,9;TRUE;0,69;0,8;FALSE;FALSE;0,69;0,31;0
"hs_cd_m_Log2";"hs_correct_raven";0,000154688532314652;1e-12;0,00198250480863164;0,00196282314054159;0,00196282314054159;0,00147695990793208;0,00633499049971668;-0,00917408099239739;0,0117498906115976;-0,00917408099239739;0,0117498906115976;100;1;0,9;TRUE;0,61;0,8;FALSE;FALSE;0,61;0,39;0
"hs_co_m_Log2";"hs_correct_raven";0,000154688532314652;1e-12;-0,00175101405869214;-0,00250893206856434;-0,00250893206856434;-0,00306920296913747;0,00532543919938181;-0,0118151779908432;0,00749336666560545;-0,0118151779908432;0,00749336666560545;100;1;0,9;TRUE;0,68;0,8;FALSE;FALSE;0,32;0,68;0
"hs_cs_m_Log2";"hs_correct_raven";0,000154688532314652;1e-12;0,00248355873301759;0,0024029009910035;0,0024029009910035;0,00224050684710814;0,00596317617592344;-0,00685193710951806;0,0137212128380386;-0,00685193710951806;0,0137212128380386;100;1;0,9;TRUE;0,62;0,8;FALSE;FALSE;0,62;0,38;0
"hs_cu_m_Log2";"hs_correct_raven";0,000154688532314652;1e-12;0,000642142746201153;0,000214817000292691;0,000214817000292691;0,00100882911920272;0,00761436716156749;-0,0127522093026307;0,0126137502554647;-0,0127522093026307;0,0126137502554647;100;1;0,9;TRUE;0,53;0,8;FALSE;FALSE;0,53;0,47;0
"hs_hg_m_Log2";"hs_correct_raven";0,000154688532314652;1e-12;0,000325694307109673;0,000300326037508675;0,000300326037508675;0,000607902432875201;0,00546650991689841;-0,0101016378958757;0,0101392436754184;-0,0101016378958757;0,0101392436754184;100;1;0,9;TRUE;0,55;0,8;FALSE;FALSE;0,55;0,45;0
"hs_mn_m_Log2";"hs_correct_raven";0,000154688532314652;1e-12;0,000972086725847081;0,000550676149882032;0,000550676149882032;0,0011595679353304;0,00617537572758475;-0,0109384020803654;0,0105451288923377;-0,0109384020803654;0,0105451288923377;100;1;0,9;TRUE;0,56;0,8;FALSE;FALSE;0,56;0,44;0
"hs_mo_m_Log2";"hs_correct_raven";0,000154688532314652;1e-12;0,00273592689742463;0,00273210112135205;0,00273210112135205;0,00185266243243701;0,00529257512918375;-0,00571874677865307;0,0137314804764265;-0,00571874677865307;0,0137314804764265;100;1;0,9;TRUE;0,65;0,8;FALSE;FALSE;0,65;0,35;0
"hs_pb_m_Log2";"hs_correct_raven";0,000154688532314652;1e-12;0,00153721842495035;0,000854093958654067;0,000854093958654067;1,67260819457914e-05;0,00537369448926988;-0,00887645771719547;0,0115819761378996;-0,00887645771719547;0,0115819761378996;100;1;0,9;TRUE;0,5;0,8;FALSE;FALSE;0,5;0,5;0
"h_humidity_preg_None";"hs_correct_raven";0,000154688532314652;1e-12;0,0017728775044255;0,00369323989889004;0,00369323989889004;0,00254217803864731;0,00943857552617839;-0,0138134842877675;0,0223029756649018;-0,0138134842877675;0,0223029756649018;100;1;0,9;TRUE;0,62;0,8;FALSE;FALSE;0,62;0,38;0
"h_pressure_preg_None";"hs_correct_raven";0,000154688532314652;1e-12;-0,0170286827350337;-0,0165330686097526;-0,0165330686097526;-0,0166426273976545;0,00914942715475306;-0,0328169289681496;0,000653413690567509;-0,0328169289681496;0,000653413690567509;100;1;0,9;TRUE;0,96;0,8;TRUE;TRUE;0,04;0,96;0
"h_temperature_preg_None";"hs_correct_raven";0,000154688532314652;1e-12;0,00631094075614348;0,00511112695880443;0,00511112695880443;0,0057141836711512;0,00852221088933694;-0,00927879415855315;0,0225698070820491;-0,00927879415855315;0,0225698070820491;100;1;0,9;TRUE;0,71;0,8;FALSE;FALSE;0,71;0,29;0
"h_ndvi100_preg_None";"hs_correct_raven";0,000154688532314652;1e-12;0,0067791615924591;0,00548852230125575;0,00548852230125575;0,00526597832686035;0,00823379636636314;-0,0113026301445943;0,0213301556760801;-0,0113026301445943;0,0213301556760801;100;1;0,9;TRUE;0,78;0,8;FALSE;FALSE;0,78;0,22;0
"hs_dde_madj_Log2";"hs_correct_raven";0,000154688532314652;1e-12;-0,0107163884492579;-0,0104272298344991;-0,0104272298344991;-0,0104917206597038;0,00534908441201127;-0,0185907819645298;-0,000595761265974464;-0,0185907819645298;-0,000595761265974464;100;1;0,9;TRUE;0,97;0,8;TRUE;TRUE;0,03;0,97;0
"hs_ddt_madj_Log2";"hs_correct_raven";0,000154688532314652;1e-12;0,00789164498095128;0,00763517056638754;0,00763517056638754;0,0069439136992311;0,00563653104092956;-0,00311320355486653;0,0167244476699692;-0,00311320355486653;0,0167244476699692;100;1;0,9;TRUE;0,93;0,8;TRUE;TRUE;0,93;0,07;0
"hs_hcb_madj_Log2";"hs_correct_raven";0,000154688532314652;1e-12;0,00398455670026107;0,00372056599891609;0,00372056599891609;0,00395554547099294;0,00480375951684694;-0,00534745303413237;0,0129249746064058;-0,00534745303413237;0,0129249746064058;100;1;0,9;TRUE;0,79;0,8;FALSE;FALSE;0,79;0,21;0
"hs_pcb118_madj_Log2";"hs_correct_raven";0,000154688532314652;1e-12;-0,0181910612391802;-0,0166119777544944;-0,0166119777544944;-0,0160796165979405;0,00856216935115195;-0,0317931317539543;-0,00189843911051095;-0,0317931317539543;-0,00189843911051095;100;1;0,9;TRUE;0,97;0,8;TRUE;TRUE;0,03;0,97;0
"hs_pcb138_madj_Log2";"hs_correct_raven";0,000154688532314652;1e-12;0,0111071870369701;0,0102440018751638;0,0102440018751638;0,00976307290471141;0,00857429301530404;-0,00459781520667574;0,0262059759049018;-0,00459781520667574;0,0262059759049018;100;1;0,9;TRUE;0,87;0,8;TRUE;TRUE;0,87;0,13;0
"hs_pcb153_madj_Log2";"hs_correct_raven";0,000154688532314652;1e-12;-0,0164943287380106;-0,0157007561319929;-0,0157007561319929;-0,016461575793641;0,00901079278294246;-0,0326091624088288;0,00144100390313241;-0,0326091624088288;0,00144100390313241;100;1;0,9;TRUE;0,97;0,8;TRUE;TRUE;0,03;0,97;0
"hs_pcb170_madj_Log2";"hs_correct_raven";0,000154688532314652;1e-12;0,00373394988260125;0,00297614380216871;0,00297614380216871;0,0032180924200897;0,0097496929230649;-0,0153470431643179;0,0216136383490931;-0,0153470431643179;0,0216136383490931;100;1;0,9;TRUE;0,65;0,8;FALSE;FALSE;0,65;0,35;0
"hs_pcb180_madj_Log2";"hs_correct_raven";0,000154688532314652;1e-12;0,0195446042799222;0,0177199434009245;0,0177199434009245;0,018671707665366;0,0109794083618438;-0,00231099648013581;0,0380656245432052;-0,00231099648013581;0,0380656245432052;100;1;0,9;TRUE;0,95;0,8;TRUE;TRUE;0,95;0,05;0
"hs_sumPCBs5_madj_Log2";"hs_correct_raven";0,000154688532314652;1e-12;-0,00215396637540007;-0,00178718205332462;-0,00178718205332462;-0,00136268081963564;0,00827555680893035;-0,017700386615878;0,0146030734448578;-0,017700386615878;0,0146030734448578;100;1;0,9;TRUE;0,58;0,8;FALSE;FALSE;0,42;0,58;0
"hs_pfhxs_m_Log2";"hs_correct_raven";0,000154688532314652;1e-12;0,0185099524686467;0,019467470449762;0,019467470449762;0,0182344587836224;0,00816614923066072;0,00562127853580357;0,0345981419102812;0,00562127853580357;0,0345981419102812;100;1;0,9;TRUE;1;0,8;TRUE;TRUE;1;0;0
"hs_pfna_m_Log2";"hs_correct_raven";0,000154688532314652;1e-12;-0,00496625699783996;-0,00668743198191715;-0,00668743198191715;-0,0058943601808584;0,00868268020874151;-0,0238777084423646;0,00834261580070315;-0,0238777084423646;0,00834261580070315;100;1;0,9;TRUE;0,77;0,8;FALSE;FALSE;0,23;0,77;0
"hs_pfoa_m_Log2";"hs_correct_raven";0,000154688532314652;1e-12;0,00616095784017529;0,00614381647480924;0,00614381647480924;0,00543079861833319;0,00821633688305473;-0,00884684693527032;0,0229111456302179;-0,00884684693527032;0,0229111456302179;100;1;0,9;TRUE;0,78;0,8;FALSE;FALSE;0,78;0,22;0
"hs_pfos_m_Log2";"hs_correct_raven";0,000154688532314652;1e-12;0,00246320212352977;0,00208624085065156;0,00208624085065156;0,00254301494887702;0,00884380799837429;-0,0136307112970203;0,0182944546004353;-0,0136307112970203;0,0182944546004353;100;1;0,9;TRUE;0,59;0,8;FALSE;FALSE;0,59;0,41;0
"hs_pfunda_m_Log2";"hs_correct_raven";0,000154688532314652;1e-12;0,0012496880683764;0,00180594234530886;0,00180594234530886;0,00258739760518778;0,00551803470452376;-0,00807509324055422;0,0112712467179914;-0,00807509324055422;0,0112712467179914;100;1;0,9;TRUE;0,67;0,8;FALSE;FALSE;0,67;0,33;0
"e3_asmokcigd_p_None";"hs_correct_raven";0,000154688532314652;1e-12;-0,00668547241382087;-0,00624058163573571;-0,00624058163573571;-0,00630833964122052;0,00590056044637107;-0,0167247997630962;0,00655578227204163;-0,0167247997630962;0,00655578227204163;100;1;0,9;TRUE;0,85;0,8;TRUE;TRUE;0,15;0,85;0
"h_distinvnear1_preg_Log";"hs_correct_raven";0,000154688532314652;1e-12;0,00119474248135362;0,00100094347158372;0,00100094347158372;0,000420384744891696;0,0049588200697632;-0,00757997234306225;0,011106323164749;-0,00757997234306225;0,011106323164749;100;1;0,9;TRUE;0,52;0,8;FALSE;FALSE;0,52;0,48;0
"h_trafload_preg_pow1over3";"hs_correct_raven";0,000154688532314652;1e-12;-0,0045652229769477;-0,00386994363406391;-0,00386994363406391;-0,00381596426389814;0,00504775228528321;-0,013985633888531;0,00487151463837398;-0,013985633888531;0,00487151463837398;100;1;0,9;TRUE;0,79;0,8;FALSE;FALSE;0,21;0,79;0
"h_trafnear_preg_pow1over3";"hs_correct_raven";0,000154688532314652;1e-12;-0,0114581672330659;-0,0120505698874995;-0,0120505698874995;-0,0119965959750787;0,00711462337561381;-0,0243767461573912;0,00467275376686685;-0,0243767461573912;0,00467275376686685;100;1;0,9;TRUE;0,95;0,8;TRUE;TRUE;0,05;0,95;0
"h_bro_preg_Log";"hs_correct_raven";0,000154688532314652;1e-12;0,0124019913764593;0,010946717405557;0,010946717405557;0,0108618795913242;0,0105292207211602;-0,00873960433190383;0,0299954644409249;-0,00873960433190383;0,0299954644409249;100;1;0,9;TRUE;0,9;0,8;TRUE;TRUE;0,9;0,1;0
"h_clf_preg_Log";"hs_correct_raven";0,000154688532314652;1e-12;0,000108274735875959;0,000811314400495829;0,000811314400495829;0,000152782357463606;0,00694762957572393;-0,0104764401716234;0,014930637386358;-0,0104764401716234;0,014930637386358;100;1;0,9;TRUE;0,52;0,8;FALSE;FALSE;0,52;0,48;0
"h_thm_preg_Log";"hs_correct_raven";0,000154688532314652;1e-12;-0,0049680418301113;-0,0049831307880082;-0,0049831307880082;-0,00514306775845232;0,00852233306917508;-0,0204950787868196;0,0107708579907921;-0,0204950787868196;0,0107708579907921;100;1;0,9;TRUE;0,68;0,8;FALSE;FALSE;0,32;0,68;0
"e3_alcpreg_yn_None_1";"hs_correct_raven";0,000154688532314652;1e-12;0,0302827246863066;0,030341494653131;0,030341494653131;0,0312505017334951;0,0116577852792326;0,00849102993096852;0,0530019663945685;0,00849102993096852;0,0530019663945685;100;1;0,9;TRUE;0,99;0,8;TRUE;TRUE;0,99;0,01;0
"h_pamod_t3_None_Often";"hs_correct_raven";0,000154688532314652;1e-12;0,0902983295712771;0,0854510965836277;0,0854510965836277;0,0855563926083756;0,0200699004809836;0,0493374400693;0,121287557412798;0,0493374400693;0,121287557412798;100;1;0,9;TRUE;1;0,8;TRUE;TRUE;1;0;0
"h_pamod_t3_None_Sometimes";"hs_correct_raven";0,000154688532314652;1e-12;0,0809346079633832;0,0758480485979656;0,0758480485979656;0,079337388710654;0,0203985022600238;0,0382679215813536;0,110389953601074;0,0382679215813536;0,110389953601074;100;1;0,9;TRUE;1;0,8;TRUE;TRUE;1;0;0
"h_pamod_t3_None_Very Often";"hs_correct_raven";0,000154688532314652;1e-12;0,0863294288510393;0,0813535924521638;0,0813535924521638;0,0822626501753288;0,0169489945778877;0,0481178317989786;0,112280730883179;0,0481178317989786;0,112280730883179;100;1;0,9;TRUE;1;0,8;TRUE;TRUE;1;0;0
"h_pavig_t3_None_Low";"hs_correct_raven";0,000154688532314652;1e-12;0,092168789503067;0,0918877214761342;0,0918877214761342;0,0908903091722662;0,0190674622180176;0,0626913108627279;0,126423076512321;0,0626913108627279;0,126423076512321;100;1;0,9;TRUE;1;0,8;TRUE;TRUE;1;0;0
"h_pavig_t3_None_Medium";"hs_correct_raven";0,000154688532314652;1e-12;0,0699366805604265;0,0701373891641661;0,0701373891641661;0,071084586104363;0,0195478400558027;0,0316967221757477;0,108364072159755;0,0316967221757477;0,108364072159755;100;1;0,9;TRUE;1;0,8;TRUE;TRUE;1;0;0
"hs_no2_dy_hs_h_Log";"hs_correct_raven";0,000154688532314652;1e-12;-0,00692687874117466;-0,00599229780146165;-0,00599229780146165;-0,00686224020385757;0,00835040475219137;-0,0230428036808601;0,00982284806869212;-0,0230428036808601;0,00982284806869212;100;1;0,9;TRUE;0,78;0,8;FALSE;FALSE;0,22;0,78;0
"hs_no2_wk_hs_h_Log";"hs_correct_raven";0,000154688532314652;1e-12;0,00159678259349951;0,00283366705699859;0,00283366705699859;0,00317108403675989;0,00912762267642811;-0,0158851824551771;0,0202260187739862;-0,0158851824551771;0,0202260187739862;100;1;0,9;TRUE;0,63;0,8;FALSE;FALSE;0,63;0,37;0
"hs_no2_yr_hs_h_Log";"hs_correct_raven";0,000154688532314652;1e-12;0,0303837968294812;0,0296037619685261;0,0296037619685261;0,0285667137634557;0,00908118157698397;0,0127787224046493;0,0491013924772058;0,0127787224046493;0,0491013924772058;100;1;0,9;TRUE;1;0,8;TRUE;TRUE;1;0;0
"hs_pm10_dy_hs_h_None";"hs_correct_raven";0,000154688532314652;1e-12;-0,0161865954741323;-0,0163561598353289;-0,0163561598353289;-0,0169596270134357;0,0071730251401404;-0,0316292200619761;-0,00204505238141508;-0,0316292200619761;-0,00204505238141508;100;1;0,9;TRUE;1;0,8;TRUE;TRUE;0;1;0
"hs_pm10_wk_hs_h_None";"hs_correct_raven";0,000154688532314652;1e-12;0,00114328599399671;0,000989943015898027;0,000989943015898027;0,00139993936150519;0,00905546004924322;-0,0164163059210431;0,0167500583248779;-0,0164163059210431;0,0167500583248779;100;1;0,9;TRUE;0,57;0,8;FALSE;FALSE;0,57;0,43;0
"hs_pm10_yr_hs_h_None";"hs_correct_raven";0,000154688532314652;1e-12;-0,00834001473691482;-0,00822832771327152;-0,00822832771327152;-0,00824066134100833;0,00856700778473069;-0,0215211277364488;0,00718300299638901;-0,0215211277364488;0,00718300299638901;100;1;0,9;TRUE;0,8;0,8;TRUE;TRUE;0,2;0,8;0
"hs_pm25_dy_hs_h_None";"hs_correct_raven";0,000154688532314652;1e-12;-0,00105784420050375;-0,00111114168501291;-0,00111114168501291;-0,00102921718497234;0,00727775112601814;-0,0135235604241995;0,0129035449647736;-0,0135235604241995;0,0129035449647736;100;1;0,9;TRUE;0,57;0,8;FALSE;FALSE;0,43;0,57;0
"hs_pm25_wk_hs_h_None";"hs_correct_raven";0,000154688532314652;1e-12;0,0035893070669825;0,00355505534962435;0,00355505534962435;0,00339610652683036;0,00718103515554468;-0,00978157264474118;0,0183501315661015;-0,00978157264474118;0,0183501315661015;100;1;0,9;TRUE;0,69;0,8;FALSE;FALSE;0,69;0,31;0
"hs_pm25_yr_hs_h_None";"hs_correct_raven";0,000154688532314652;1e-12;0,00123537055052308;0,000391279446129378;0,000391279446129378;0,000845473493846188;0,010336367013914;-0,0190205692657381;0,01674352586903;-0,0190205692657381;0,01674352586903;100;1;0,9;TRUE;0,52;0,8;FALSE;FALSE;0,52;0,48;0
"hs_pm25abs_dy_hs_h_Log";"hs_correct_raven";0,000154688532314652;1e-12;0,0179670455951916;0,0169171881593485;0,0169171881593485;0,0166492868146167;0,00625963666466628;0,00521205624117939;0,030280151908038;0,00521205624117939;0,030280151908038;100;1;0,9;TRUE;1;0,8;TRUE;TRUE;1;0;0
"hs_pm25abs_wk_hs_h_Log";"hs_correct_raven";0,000154688532314652;1e-12;-0,0114057829055475;-0,0109823686240472;-0,0109823686240472;-0,0108336476508278;0,0069036224939526;-0,0235583405192637;0,00165673792027028;-0,0235583405192637;0,00165673792027028;100;1;0,9;TRUE;0,93;0,8;TRUE;TRUE;0,07;0,93;0
"hs_pm25abs_yr_hs_h_Log";"hs_correct_raven";0,000154688532314652;1e-12;-0,00905931888067676;-0,00946216813631387;-0,00946216813631387;-0,00796251842969828;0,00684036873174015;-0,0234023002417896;0,000632357778356285;-0,0234023002417896;0,000632357778356285;100;1;0,9;TRUE;0,96;0,8;TRUE;TRUE;0,04;0,96;0
"hs_accesslines300_h_dic0";"hs_correct_raven";0,000154688532314652;1e-12;0,00143154641645207;0,00238846088303711;0,00238846088303711;0,002646169854387;0,0207910608849161;-0,0385133991786036;0,0448806007380626;-0,0385133991786036;0,0448806007380626;100;1;0,9;TRUE;0,55;0,8;FALSE;FALSE;0,55;0,45;0
"hs_accesspoints300_h_Log";"hs_correct_raven";0,000154688532314652;1e-12;-0,00717219739104735;-0,00613340216750863;-0,00613340216750863;-0,0058202454289853;0,00796417065168207;-0,0228965279655052;0,00915562749381975;-0,0228965279655052;0,00915562749381975;100;1;0,9;TRUE;0,78;0,8;FALSE;FALSE;0,22;0,78;0
"hs_builtdens300_h_Sqrt";"hs_correct_raven";0,000154688532314652;1e-12;-0,00296442572596776;-0,00304993082415393;-0,00304993082415393;-0,00309860436356755;0,00941477578989428;-0,0227715654303598;0,0135511747179184;-0,0227715654303598;0,0135511747179184;100;1;0,9;TRUE;0,59;0,8;FALSE;FALSE;0,41;0,59;0
"hs_connind300_h_Log";"hs_correct_raven";0,000154688532314652;1e-12;-0,00656494892485159;-0,00578601382410595;-0,00578601382410595;-0,00665079152291491;0,00769813186109265;-0,0189086461630781;0,0101388747965728;-0,0189086461630781;0,0101388747965728;100;1;0,9;TRUE;0,77;0,8;FALSE;FALSE;0,23;0,77;0
"hs_fdensity300_h_Log";"hs_correct_raven";0,000154688532314652;1e-12;0,0195448321779111;0,0186036447046563;0,0186036447046563;0,0173191193677595;0,00909497038552473;0,00424236379529018;0,0372538862251414;0,00424236379529018;0,0372538862251414;100;1;0,9;TRUE;0,99;0,8;TRUE;TRUE;0,99;0,01;0
"hs_landuseshan300_h_None";"hs_correct_raven";0,000154688532314652;1e-12;0,00839485212827234;0,00789795194959457;0,00789795194959457;0,00831931011295836;0,00491527762803798;-0,00163418567523261;0,0159947044486147;-0,00163418567523261;0,0159947044486147;100;1;0,9;TRUE;0,92;0,8;TRUE;TRUE;0,92;0,08;0
"hs_popdens_h_Sqrt";"hs_correct_raven";0,000154688532314652;1e-12;-0,0111879634012966;-0,0104534547176401;-0,0104534547176401;-0,0104862293355127;0,00688035296417325;-0,0238588572667141;0,00408821425064802;-0,0238588572667141;0,00408821425064802;100;1;0,9;TRUE;0,93;0,8;TRUE;TRUE;0,07;0,93;0
"hs_walkability_mean_h_None";"hs_correct_raven";0,000154688532314652;1e-12;0,000845554891686215;0,000487482240363227;0,000487482240363227;0,000965845600179729;0,006437780706906;-0,0112054958592913;0,0119042267334448;-0,0112054958592913;0,0119042267334448;100;1;0,9;TRUE;0,58;0,8;FALSE;FALSE;0,58;0,42;0
"hs_accesslines300_s_dic0";"hs_correct_raven";0,000154688532314652;1e-12;0,00737276272646266;0,00801410433735972;0,00801410433735972;0,0068357931527091;0,0201495766958407;-0,0254630830470526;0,0449957286601689;-0,0254630830470526;0,0449957286601689;100;1;0,9;TRUE;0,59;0,8;FALSE;FALSE;0,59;0,41;0
"hs_accesspoints300_s_Log";"hs_correct_raven";0,000154688532314652;1e-12;-0,00118024997992267;-0,000226088637951412;-0,000226088637951412;0,00028435894545803;0,00726825682690253;-0,0170793348294637;0,0121971584889611;-0,0170793348294637;0,0121971584889611;100;1;0,9;TRUE;0,48;0,8;FALSE;FALSE;0,52;0,48;0
"hs_builtdens300_s_Sqrt";"hs_correct_raven";0,000154688532314652;1e-12;-0,00468066004298577;-0,00402244852274677;-0,00402244852274677;-0,00346497869841044;0,0084068646375696;-0,0180811088223197;0,0125044373290542;-0,0180811088223197;0,0125044373290542;100;1;0,9;TRUE;0,64;0,8;FALSE;FALSE;0,36;0,64;0
"hs_connind300_s_Log";"hs_correct_raven";0,000154688532314652;1e-12;0,00562268381109562;0,00614958743592899;0,00614958743592899;0,00519249009519295;0,00676290198700849;-0,00606479940209094;0,0205861273054352;-0,00606479940209094;0,0205861273054352;100;1;0,9;TRUE;0,81;0,8;TRUE;TRUE;0,81;0,19;0
"hs_fdensity300_s_Log";"hs_correct_raven";0,000154688532314652;1e-12;0,00665450813068854;0,00708138564651048;0,00708138564651048;0,00732465134903832;0,00652229652744132;-0,00730729864310418;0,0183397528206689;-0,00730729864310418;0,0183397528206689;100;1;0,9;TRUE;0,87;0,8;TRUE;TRUE;0,87;0,13;0
"hs_landuseshan300_s_None";"hs_correct_raven";0,000154688532314652;1e-12;-0,00486966545782673;-0,00455634566270586;-0,00455634566270586;-0,00460814509575797;0,00637300955072179;-0,0182137962481788;0,00759788109106807;-0,0182137962481788;0,00759788109106807;100;1;0,9;TRUE;0,78;0,8;FALSE;FALSE;0,22;0,78;0
"hs_popdens_s_Sqrt";"hs_correct_raven";0,000154688532314652;1e-12;0,00346098244523509;0,00316923453415538;0,00316923453415538;0,00275684388749161;0,00721913981638311;-0,0107739537629707;0,0156628366083732;-0,0107739537629707;0,0156628366083732;100;1;0,9;TRUE;0,68;0,8;FALSE;FALSE;0,68;0,32;0
"h_Absorbance_Log";"hs_correct_raven";0,000154688532314652;1e-12;0,0131536387280461;0,0126584975972936;0,0126584975972936;0,0130556557459154;0,00762501791526806;-0,00341384536450022;0,0246690859516771;-0,00341384536450022;0,0246690859516771;100;1;0,9;TRUE;0,94;0,8;TRUE;TRUE;0,94;0,06;0
"h_Benzene_Log";"hs_correct_raven";0,000154688532314652;1e-12;-0,0169436079287209;-0,0163002424679743;-0,0163002424679743;-0,0160050841478338;0,00666284623699706;-0,0282654284902402;-0,00432667039736992;-0,0282654284902402;-0,00432667039736992;100;1;0,9;TRUE;0,99;0,8;TRUE;TRUE;0,01;0,99;0
"h_NO2_Log";"hs_correct_raven";0,000154688532314652;1e-12;0,0100123410256196;0,00968691183705649;0,00968691183705649;0,0094133117342341;0,00661748517020205;-0,00295500279307629;0,0218469544761787;-0,00295500279307629;0,0218469544761787;100;1;0,9;TRUE;0,93;0,8;TRUE;TRUE;0,93;0,07;0
"h_PM_Log";"hs_correct_raven";0,000154688532314652;1e-12;-0,00760492358304963;-0,0057250623201485;-0,0057250623201485;-0,00608434857709571;0,00573798090799932;-0,0162156434287022;0,00593246894265682;-0,0162156434287022;0,00593246894265682;100;1;0,9;TRUE;0,82;0,8;TRUE;TRUE;0,18;0,82;0
"h_TEX_Log";"hs_correct_raven";0,000154688532314652;1e-12;0,00386532112109422;0,00354012623646467;0,00354012623646467;0,00388909805520716;0,0053753292606935;-0,00736324171589149;0,0132158919196696;-0,00736324171589149;0,0132158919196696;100;1;0,9;TRUE;0,77;0,8;FALSE;FALSE;0,77;0,23;0
"hs_KIDMED_None";"hs_correct_raven";0,000154688532314652;1e-12;0,0168207670839545;0,0161701367179475;0,0161701367179475;0,0160143422992659;0,00501713638084069;0,00642593617518469;0,0252617045627044;0,00642593617518469;0,0252617045627044;100;1;0,9;TRUE;1;0,8;TRUE;TRUE;1;0;0
"hs_mvpa_prd_alt_None";"hs_correct_raven";0,000154688532314652;1e-12;-0,0130543363153038;-0,0126797794029217;-0,0126797794029217;-0,0123228276522724;0,00670515263462733;-0,0247130390187533;-4,23797758029851e-05;-0,0247130390187533;-4,23797758029851e-05;100;1;0,9;TRUE;0,97;0,8;TRUE;TRUE;0,03;0,97;0
"hs_sd_wk_None";"hs_correct_raven";0,000154688532314652;1e-12;-0,0159878056626058;-0,0149046672091074;-0,0149046672091074;-0,0149880307376457;0,00591696891738828;-0,0252995279621024;-0,00171132060706475;-0,0252995279621024;-0,00171132060706475;100;1;0,9;TRUE;0,98;0,8;TRUE;TRUE;0,02;0,98;0
"hs_dif_hours_total_None";"hs_correct_raven";0,000154688532314652;1e-12;-0,00074851065949489;-0,00144503332750466;-0,00144503332750466;-0,000803116596626656;0,00537113251071301;-0,0119820953931377;0,00630295669269902;-0,0119820953931377;0,00630295669269902;100;1;0,9;TRUE;0,56;0,8;FALSE;FALSE;0,44;0,56;0
"hs_as_c_Log2";"hs_correct_raven";0,000154688532314652;1e-12;0,0179705136421863;0,0168674607466848;0,0168674607466848;0,0172528685303076;0,00558956867394216;0,00773378924996252;0,0275382093256563;0,00773378924996252;0,0275382093256563;100;1;0,9;TRUE;1;0,8;TRUE;TRUE;1;0;0
"hs_cd_c_Log2";"hs_correct_raven";0,000154688532314652;1e-12;-0,00485410445005184;-0,00463225170983568;-0,00463225170983568;-0,00477469234136716;0,00543009334648751;-0,0166772193135219;0,00553296405420906;-0,0166772193135219;0,00553296405420906;100;1;0,9;TRUE;0,81;0,8;TRUE;TRUE;0,19;0,81;0
"hs_co_c_Log2";"hs_correct_raven";0,000154688532314652;1e-12;0,00511666398481212;0,00465937868958852;0,00465937868958852;0,00435820765901313;0,00485104879674303;-0,00381987539515647;0,0137030290437183;-0,00381987539515647;0,0137030290437183;100;1;0,9;TRUE;0,8;0,8;TRUE;TRUE;0,8;0,2;0
"hs_cs_c_Log2";"hs_correct_raven";0,000154688532314652;1e-12;0,00107542654869129;0,00132695362989009;0,00132695362989009;0,000981333069122189;0,006953243319575;-0,0110387003940836;0,0171690990360197;-0,0110387003940836;0,0171690990360197;100;1;0,9;TRUE;0,56;0,8;FALSE;FALSE;0,56;0,44;0
"hs_cu_c_Log2";"hs_correct_raven";0,000154688532314652;1e-12;-0,00165031831844106;-0,00175606553579534;-0,00175606553579534;-0,00175184011482049;0,00588440271277588;-0,012680191279708;0,00828870424822896;-0,012680191279708;0,00828870424822896;100;1;0,9;TRUE;0,6;0,8;FALSE;FALSE;0,4;0,6;0
"hs_hg_c_Log2";"hs_correct_raven";0,000154688532314652;1e-12;-0,0187478218584591;-0,018160346877373;-0,018160346877373;-0,0182866784394626;0,00597124126318964;-0,028015626801934;-0,00718326100015113;-0,028015626801934;-0,00718326100015113;100;1;0,9;TRUE;1;0,8;TRUE;TRUE;0;1;0
"hs_mn_c_Log2";"hs_correct_raven";0,000154688532314652;1e-12;-0,00693275864478681;-0,00666290498039717;-0,00666290498039717;-0,00645315970210586;0,00551272318737328;-0,016700232476237;0,0043668240314349;-0,016700232476237;0,0043668240314349;100;1;0,9;TRUE;0,91;0,8;TRUE;TRUE;0,09;0,91;0
"hs_mo_c_Log2";"hs_correct_raven";0,000154688532314652;1e-12;-0,00450261407693372;-0,00416546935215371;-0,00416546935215371;-0,00416320378344414;0,00508908129311026;-0,0152587627102026;0,00597293609252318;-0,0152587627102026;0,00597293609252318;100;1;0,9;TRUE;0,81;0,8;TRUE;TRUE;0,19;0,81;0
"hs_pb_c_Log2";"hs_correct_raven";0,000154688532314652;1e-12;-0,00730361278930926;-0,00691938799654456;-0,00691938799654456;-0,00706653399685365;0,00499510619425042;-0,0157096653576111;0,00333594340144754;-0,0157096653576111;0,00333594340144754;100;1;0,9;TRUE;0,91;0,8;TRUE;TRUE;0,09;0,91;0
"hs_hum_mt_hs_h_None";"hs_correct_raven";0,000154688532314652;1e-12;0,00427746899199097;0,00312739881795626;0,00312739881795626;0,00282549435757596;0,00835403135530136;-0,0131225539758073;0,0202110911153252;-0,0131225539758073;0,0202110911153252;100;1;0,9;TRUE;0,68;0,8;FALSE;FALSE;0,68;0,32;0
"hs_tm_mt_hs_h_None";"hs_correct_raven";0,000154688532314652;1e-12;0,0136595345674785;0,0129769235653261;0,0129769235653261;0,013310048170153;0,00918175787389844;-0,00537429710830323;0,0296260352476541;-0,00537429710830323;0,0296260352476541;100;1;0,9;TRUE;0,91;0,8;TRUE;TRUE;0,91;0,09;0
"hs_uvdvf_mt_hs_h_None";"hs_correct_raven";0,000154688532314652;1e-12;0,00742946027371302;0,00639778927992662;0,00639778927992662;0,00574080594063019;0,00987976837396514;-0,0106229942710026;0,026369208319895;-0,0106229942710026;0,026369208319895;100;1;0,9;TRUE;0,77;0,8;FALSE;FALSE;0,77;0,23;0
"hs_hum_dy_hs_h_None";"hs_correct_raven";0,000154688532314652;1e-12;-0,00488035002962594;-0,00489197894938558;-0,00489197894938558;-0,00451721521273883;0,00583099600373222;-0,0167062894767421;0,00632509119755057;-0,0167062894767421;0,00632509119755057;100;1;0,9;TRUE;0,83;0,8;TRUE;TRUE;0,17;0,83;0
"hs_hum_wk_hs_h_None";"hs_correct_raven";0,000154688532314652;1e-12;-0,00779344219094208;-0,00785545271356692;-0,00785545271356692;-0,00679848845877878;0,00975081232394641;-0,0261857857266868;0,010964270278423;-0,0261857857266868;0,010964270278423;100;1;0,9;TRUE;0,81;0,8;TRUE;TRUE;0,19;0,81;0
"hs_tm_dy_hs_h_None";"hs_correct_raven";0,000154688532314652;1e-12;-0,00352356197893266;-0,00415108695922761;-0,00415108695922761;-0,00409844522908766;0,00845708883407723;-0,0192770957219807;0,0148658001915274;-0,0192770957219807;0,0148658001915274;100;1;0,9;TRUE;0,69;0,8;FALSE;FALSE;0,31;0,69;0
"hs_tm_wk_hs_h_None";"hs_correct_raven";0,000154688532314652;1e-12;-0,00928083483221124;-0,00851828975930062;-0,00851828975930062;-0,008580894434743;0,00909318445498781;-0,0256384866786636;0,00794397967212954;-0,0256384866786636;0,00794397967212954;100;1;0,9;TRUE;0,81;0,8;TRUE;TRUE;0,19;0,81;0
"hs_uvdvf_dy_hs_h_None";"hs_correct_raven";0,000154688532314652;1e-12;0,000428260296492267;0,000363963652182112;0,000363963652182112;0,000265745484206041;0,00938411241089578;-0,0154049653633798;0,0193440224606304;-0,0154049653633798;0,0193440224606304;100;1;0,9;TRUE;0,51;0,8;FALSE;FALSE;0,51;0,49;0
"hs_uvdvf_wk_hs_h_None";"hs_correct_raven";0,000154688532314652;1e-12;-0,0162866510909118;-0,0147235970820733;-0,0147235970820733;-0,0140876204215683;0,00909206675097276;-0,0339111352681804;0,00148709015678721;-0,0339111352681804;0,00148709015678721;100;1;0,9;TRUE;0,96;0,8;TRUE;TRUE;0,04;0,96;0
"hs_ndvi100_h_None";"hs_correct_raven";0,000154688532314652;1e-12;0,00768285808114406;0,00748966944096956;0,00748966944096956;0,00736196307862028;0,00778256419422024;-0,00761345787222294;0,0234120269800222;-0,00761345787222294;0,0234120269800222;100;1;0,9;TRUE;0,83;0,8;TRUE;TRUE;0,83;0,17;0
"hs_ndvi100_s_None";"hs_correct_raven";0,000154688532314652;1e-12;0,00172934196747395;0,00086997004629632;0,00086997004629632;0,000896421056463278;0,00749407693909789;-0,0135359495828861;0,0145724160478827;-0,0135359495828861;0,0145724160478827;100;1;0,9;TRUE;0,53;0,8;FALSE;FALSE;0,53;0,47;0
"hs_dde_cadj_Log2";"hs_correct_raven";0,000154688532314652;1e-12;-0,00858165316928976;-0,00909014932921382;-0,00909014932921382;-0,00879634367986942;0,00850047332223596;-0,0280065203065569;0,00434480009974168;-0,0280065203065569;0,00434480009974168;100;1;0,9;TRUE;0,84;0,8;TRUE;TRUE;0,16;0,84;0
"hs_ddt_cadj_Log2";"hs_correct_raven";0,000154688532314652;1e-12;-0,0077271300692997;-0,00813079123599469;-0,00813079123599469;-0,0082460801370843;0,0061578103459639;-0,0209372839288876;0,00320435516670394;-0,0209372839288876;0,00320435516670394;100;1;0,9;TRUE;0,93;0,8;TRUE;TRUE;0,07;0,93;0
"hs_hcb_cadj_Log2";"hs_correct_raven";0,000154688532314652;1e-12;0,00405333384777795;0,00367246435556969;0,00367246435556969;0,003157293451264;0,00850833156516498;-0,0119797965229488;0,0187990744193406;-0,0119797965229488;0,0187990744193406;100;1;0,9;TRUE;0,68;0,8;FALSE;FALSE;0,68;0,32;0
"hs_pcb118_cadj_Log2";"hs_correct_raven";0,000154688532314652;1e-12;-0,0149611291151904;-0,0144386576137486;-0,0144386576137486;-0,015475618801776;0,00861919528630617;-0,030062512550478;0,00424655877878866;-0,030062512550478;0,00424655877878866;100;1;0,9;TRUE;0,94;0,8;TRUE;TRUE;0,06;0,94;0
"hs_pcb138_cadj_Log2";"hs_correct_raven";0,000154688532314652;1e-12;0,00905300938847616;0,00726256021620991;0,00726256021620991;0,0079998481506875;0,00750419263667562;-0,0079807604484371;0,0182350557216086;-0,0079807604484371;0,0182350557216086;100;1;0,9;TRUE;0,87;0,8;TRUE;TRUE;0,87;0,13;0
"hs_pcb153_cadj_Log2";"hs_correct_raven";0,000154688532314652;1e-12;-0,00653904239477679;-0,00563920510026459;-0,00563920510026459;-0,00545152849423668;0,00817691693537401;-0,0216922062058292;0,00956834306035186;-0,0216922062058292;0,00956834306035186;100;1;0,9;TRUE;0,74;0,8;FALSE;FALSE;0,26;0,74;0
"hs_pcb170_cadj_Log2";"hs_correct_raven";0,000154688532314652;1e-12;0,00322893476969069;0,00287123695772132;0,00287123695772132;0,00222228170710057;0,00705311114874964;-0,00982763249531561;0,0154590980584597;-0,00982763249531561;0,0154590980584597;100;1;0,9;TRUE;0,66;0,8;FALSE;FALSE;0,66;0,34;0
"hs_pcb180_cadj_Log2";"hs_correct_raven";0,000154688532314652;1e-12;0,00411478440642735;0,00382050707394333;0,00382050707394333;0,00435286044249118;0,00580022642956502;-0,00782095739158961;0,0144759255547271;-0,00782095739158961;0,0144759255547271;100;1;0,9;TRUE;0,73;0,8;FALSE;FALSE;0,73;0,27;0
"hs_sumPCBs5_cadj_Log2";"hs_correct_raven";0,000154688532314652;1e-12;0,000114814173137976;0,000419493027436052;0,000419493027436052;0,000611582616235445;0,00843520114251755;-0,0152158389166597;0,0166236455667228;-0,0152158389166597;0,0166236455667228;100;1;0,9;TRUE;0,52;0,8;FALSE;FALSE;0,52;0,48;0
"hs_pfhxs_c_Log2";"hs_correct_raven";0,000154688532314652;1e-12;0,0215820520799718;0,0212572406885331;0,0212572406885331;0,0214807642592771;0,00730971002509115;0,00758397684809499;0,0363850790368219;0,00758397684809499;0,0363850790368219;100;1;0,9;TRUE;1;0,8;TRUE;TRUE;1;0;0
"hs_pfna_c_Log2";"hs_correct_raven";0,000154688532314652;1e-12;-0,0154308918954301;-0,0149580074739744;-0,0149580074739744;-0,0157770605096951;0,00710227290031732;-0,0275707712842166;-0,00135753089685124;-0,0275707712842166;-0,00135753089685124;100;1;0,9;TRUE;0,98;0,8;TRUE;TRUE;0,02;0,98;0
"hs_pfoa_c_Log2";"hs_correct_raven";0,000154688532314652;1e-12;0,0126054090767466;0,0123973705013549;0,0123973705013549;0,0116706378821233;0,00552272584260511;0,00363380018049702;0,0236243753679103;0,00363380018049702;0,0236243753679103;100;1;0,9;TRUE;1;0,8;TRUE;TRUE;1;0;0
"hs_pfos_c_Log2";"hs_correct_raven";0,000154688532314652;1e-12;0,00517229565234871;0,00509272487874598;0,00509272487874598;0,00565285454926851;0,00733398763048222;-0,00758931220279392;0,0189448397025586;-0,00758931220279392;0,0189448397025586;100;1;0,9;TRUE;0,73;0,8;FALSE;FALSE;0,73;0,27;0
"hs_pfunda_c_Log2";"hs_correct_raven";0,000154688532314652;1e-12;0,00645456459644836;0,00675999968660774;0,00675999968660774;0,00689814472082767;0,00505289974813436;-0,00239052186679486;0,0174271139139561;-0,00239052186679486;0,0174271139139561;100;1;0,9;TRUE;0,91;0,8;TRUE;TRUE;0,91;0,09;0
"hs_hm_pers_None";"hs_correct_raven";0,000154688532314652;1e-12;-0,00777677436026336;-0,00796144921975725;-0,00796144921975725;-0,00794544428670984;0,00518503903173744;-0,0179081931493333;0,00195854285977546;-0,0179081931493333;0,00195854285977546;100;1;0,9;TRUE;0,92;0,8;TRUE;TRUE;0,08;0,92;0
"hs_trafload_h_pow1over3";"hs_correct_raven";0,000154688532314652;1e-12;0,00508023524339522;0,00500596756326331;0,00500596756326331;0,00493721278753003;0,00570844594175387;-0,0053393694433732;0,0176084143319851;-0,0053393694433732;0,0176084143319851;100;1;0,9;TRUE;0,8;0,8;TRUE;TRUE;0,8;0,2;0
"hs_trafnear_h_pow1over3";"hs_correct_raven";0,000154688532314652;1e-12;-0,0153594661135343;-0,0148810979194393;-0,0148810979194393;-0,0144331872502771;0,00664237849205861;-0,028258482292219;-0,00481359018336697;-0,028258482292219;-0,00481359018336697;100;1;0,9;TRUE;0,99;0,8;TRUE;TRUE;0,01;0,99;0
"FAS_cat_None_Low";"hs_correct_raven";0,000154688532314652;1e-12;0,000188291232485167;0,00157663490492892;0,00157663490492892;0,000943355921214097;0,0186942546065788;-0,035017317368813;0,0412723946553074;-0,035017317368813;0,0412723946553074;100;1;0,9;TRUE;0,53;0,8;FALSE;FALSE;0,53;0,47;0
"FAS_cat_None_Middle";"hs_correct_raven";0,000154688532314652;1e-12;0,0345148890520356;0,0346932840199081;0,0346932840199081;0,0344699313361784;0,0104261359375624;0,0159210152765793;0,0565684122649648;0,0159210152765793;0,0565684122649648;100;1;0,9;TRUE;1;0,8;TRUE;TRUE;1;0;0
"hs_globalexp2_None_no exposure";"hs_correct_raven";0,000154688532314652;1e-12;0,0188414360593408;0,0197188113801508;0,0197188113801508;0,0203202346710516;0,0106059829902374;-0,00166736339421011;0,0398635134657881;-0,00166736339421011;0,0398635134657881;100;1;0,9;TRUE;0,96;0,8;TRUE;TRUE;0,96;0,04;0
"h_abs_ratio_preg_Log";"hs_Gen_Tot";0,000154688532314652;1e-12;-0,00353631026054903;-0,00337465616547311;-0,00337465616547311;-0,00256355692733018;0,00391959204641631;-0,0133154157070331;0,00152567637535425;-0,0133154157070331;0,00152567637535425;100;1;0,9;TRUE;0,83;0,8;TRUE;TRUE;0,17;0,83;0
"h_no2_ratio_preg_Log";"hs_Gen_Tot";0,000154688532314652;1e-12;-0,00628108589743855;-0,00437759239699543;-0,00437759239699543;-0,00455620530933555;0,00388416754090041;-0,0116254773354416;0,00431399456972865;-0,0116254773354416;0,00431399456972865;100;1;0,9;TRUE;0,92;0,8;TRUE;TRUE;0,08;0,92;0
"h_pm10_ratio_preg_None";"hs_Gen_Tot";0,000154688532314652;1e-12;-0,00116905858365812;-0,00165276737597111;-0,00165276737597111;-0,00173479848395069;0,00275749142448454;-0,00619528881144094;0,00429946843922119;-0,00619528881144094;0,00429946843922119;100;1;0,9;TRUE;0,81;0,8;TRUE;TRUE;0,19;0,81;0
"h_pm25_ratio_preg_None";"hs_Gen_Tot";0,000154688532314652;1e-12;-0,00360464261146887;-0,00383544666318443;-0,00383544666318443;-0,00327206697907226;0,00369622126545978;-0,0132748454496067;0,00122107677403064;-0,0132748454496067;0,00122107677403064;100;1;0,9;TRUE;0,93;0,8;TRUE;TRUE;0,07;0,93;0
"h_accesslines300_preg_dic0";"hs_Gen_Tot";0,000154688532314652;1e-12;0,00827184876460426;0,00596173612521043;0,00596173612521043;0,00570815482118403;0,00597901796810374;-0,00528660534186279;0,0167263637582091;-0,00528660534186279;0,0167263637582091;100;1;0,9;TRUE;0,87;0,8;TRUE;TRUE;0,87;0,13;0
"h_accesspoints300_preg_Log";"hs_Gen_Tot";0,000154688532314652;1e-12;0,00193207500958011;0,00107129590109495;0,00107129590109495;0,000814941815309758;0,00299775259689347;-0,00477151059229736;0,00614680639429575;-0,00477151059229736;0,00614680639429575;100;1;0,9;TRUE;0,65;0,8;FALSE;FALSE;0,65;0,35;0
"h_builtdens300_preg_Sqrt";"hs_Gen_Tot";0,000154688532314652;1e-12;-0,00262784631442693;-0,00180160016727453;-0,00180160016727453;-0,00176238796686223;0,0029252865382342;-0,00704899219498275;0,00368483428530508;-0,00704899219498275;0,00368483428530508;100;1;0,9;TRUE;0,76;0,8;FALSE;FALSE;0,24;0,76;0
"h_connind300_preg_Sqrt";"hs_Gen_Tot";0,000154688532314652;1e-12;0,00119731003833396;0,000293544782723579;0,000293544782723579;0,000390954512677844;0,00227828291842034;-0,00470292332593305;0,00471022359596293;-0,00470292332593305;0,00471022359596293;100;1;0,9;TRUE;0,61;0,8;FALSE;FALSE;0,61;0,39;0
"h_fdensity300_preg_Log";"hs_Gen_Tot";0,000154688532314652;1e-12;4,76217517796476e-05;-9,98817940864604e-05;-9,98817940864604e-05;-0,000254162957917665;0,00279352918915673;-0,00697912232782435;0,00509268496415449;-0,00697912232782435;0,00509268496415449;100;1;0,9;TRUE;0,44;0,8;FALSE;FALSE;0,44;0,56;0
"h_frichness300_preg_None";"hs_Gen_Tot";0,000154688532314652;1e-12;0,00199960287872353;0,0017064270247558;0,0017064270247558;0,00165192767791593;0,00218552179837906;-0,00277440071377871;0,00593352821310736;-0,00277440071377871;0,00593352821310736;100;1;0,9;TRUE;0,81;0,8;TRUE;TRUE;0,81;0,19;0
"h_landuseshan300_preg_None";"hs_Gen_Tot";0,000154688532314652;1e-12;0,00225334528618953;0,00252933670488473;0,00252933670488473;0,00258439958655233;0,00223361468769822;-0,00133296377212433;0,00825633213940512;-0,00133296377212433;0,00825633213940512;100;1;0,9;TRUE;0,9;0,8;TRUE;TRUE;0,9;0,1;0
"h_popdens_preg_Sqrt";"hs_Gen_Tot";0,000154688532314652;1e-12;0,00373570365694866;0,00353295800711499;0,00353295800711499;0,00300004982174945;0,00263177012017133;-0,000221523370200263;0,0084021965781605;-0,000221523370200263;0,0084021965781605;100;1;0,9;TRUE;0,96;0,8;TRUE;TRUE;0,96;0,04;0
"h_walkability_mean_preg_None";"hs_Gen_Tot";0,000154688532314652;1e-12;-0,00182947340128271;-0,00190213403244078;-0,00190213403244078;-0,00172062514443124;0,00234988194270667;-0,00699193656421915;0,00219234473168034;-0,00699193656421915;0,00219234473168034;100;1;0,9;TRUE;0,78;0,8;FALSE;FALSE;0,22;0,78;0
"hs_as_m_Log2";"hs_Gen_Tot";0,000154688532314652;1e-12;0,0011613193612307;0,00129023553046345;0,00129023553046345;0,000945698264233803;0,00170933589887051;-0,00131152280898574;0,00558976226424449;-0,00131152280898574;0,00558976226424449;100;1;0,9;TRUE;0,78;0,8;FALSE;FALSE;0,78;0,22;0
"hs_cd_m_Log2";"hs_Gen_Tot";0,000154688532314652;1e-12;0,000580843468024967;0,000458898600198853;0,000458898600198853;0,000298680552564306;0,00307669278392212;-0,00611065855869847;0,0067780897643959;-0,00611065855869847;0,0067780897643959;100;1;0,9;TRUE;0,59;0,8;FALSE;FALSE;0,59;0,41;0
"hs_co_m_Log2";"hs_Gen_Tot";0,000154688532314652;1e-12;-5,80993587587321e-05;-2,61812716413028e-05;-2,61812716413028e-05;4,31548613238342e-05;0,00186385127300691;-0,00362491731392005;0,00413350698013158;-0,00362491731392005;0,00413350698013158;100;1;0,9;TRUE;0,49;0,8;FALSE;FALSE;0,51;0,49;0
"hs_cs_m_Log2";"hs_Gen_Tot";0,000154688532314652;1e-12;-0,00249913313939413;-0,00212371107151238;-0,00212371107151238;-0,00175322684662513;0,0023729203936458;-0,00772336178456903;0,00147109457638313;-0,00772336178456903;0,00147109457638313;100;1;0,9;TRUE;0,88;0,8;TRUE;TRUE;0,12;0,88;0
"hs_cu_m_Log2";"hs_Gen_Tot";0,000154688532314652;1e-12;-0,00194137813420221;-0,00256433564256632;-0,00256433564256632;-0,00212897189988461;0,00285055160156672;-0,00817721573984192;0,00143845624274032;-0,00817721573984192;0,00143845624274032;100;1;0,9;TRUE;0,84;0,8;TRUE;TRUE;0,16;0,84;0
"hs_hg_m_Log2";"hs_Gen_Tot";0,000154688532314652;1e-12;-0,000353457556223792;-0,000350381124897568;-0,000350381124897568;-0,000234292145458134;0,00160762673440823;-0,00334003493271555;0,00232992205074124;-0,00334003493271555;0,00232992205074124;100;1;0,9;TRUE;0,58;0,8;FALSE;FALSE;0,42;0,58;0
"hs_mn_m_Log2";"hs_Gen_Tot";0,000154688532314652;1e-12;-0,000643932754004949;-0,000846818386364959;-0,000846818386364959;-0,000482645586978424;0,00186066495925965;-0,00542075663078281;0,00192436179373398;-0,00542075663078281;0,00192436179373398;100;1;0,9;TRUE;0,64;0,8;FALSE;FALSE;0,36;0,64;0
"hs_mo_m_Log2";"hs_Gen_Tot";0,000154688532314652;1e-12;-0,00146663055868793;-0,00144281769017851;-0,00144281769017851;-0,00128452181642138;0,00202876427745583;-0,00583530029514266;0,00194591725796553;-0,00583530029514266;0,00194591725796553;100;1;0,9;TRUE;0,77;0,8;FALSE;FALSE;0,23;0,77;0
"hs_pb_m_Log2";"hs_Gen_Tot";0,000154688532314652;1e-12;-0,00185696470547971;-0,00187954052839349;-0,00187954052839349;-0,00136800938364182;0,00191533940980042;-0,00611621581620865;0,00078871280724923;-0,00611621581620865;0,00078871280724923;100;1;0,9;TRUE;0,87;0,8;TRUE;TRUE;0,13;0,87;0
"h_humidity_preg_None";"hs_Gen_Tot";0,000154688532314652;1e-12;0,00863448749329684;0,00716283196719609;0,00716283196719609;0,00682403028853443;0,00410948582373345;-3,98566053898908e-05;0,015369090029456;-3,98566053898908e-05;0,015369090029456;100;1;0,9;TRUE;0,97;0,8;TRUE;TRUE;0,97;0,03;0
"h_pressure_preg_None";"hs_Gen_Tot";0,000154688532314652;1e-12;-0,00292980603011057;-0,00284873318275968;-0,00284873318275968;-0,0031298950052063;0,00247854530076813;-0,00668406880562061;0,00231853397011681;-0,00668406880562061;0,00231853397011681;100;1;0,9;TRUE;0,89;0,8;TRUE;TRUE;0,11;0,89;0
"h_temperature_preg_None";"hs_Gen_Tot";0,000154688532314652;1e-12;-0,00164998621029525;-0,00118608447126457;-0,00118608447126457;-0,000947238696252632;0,00312583811979627;-0,00738703646222255;0,00504478152537197;-0,00738703646222255;0,00504478152537197;100;1;0,9;TRUE;0,68;0,8;FALSE;FALSE;0,32;0,68;0
"h_ndvi100_preg_None";"hs_Gen_Tot";0,000154688532314652;1e-12;0,00148589812040794;0,0018311664368906;0,0018311664368906;0,00163512986350041;0,00249705226081404;-0,00236752786433657;0,00670265851172721;-0,00236752786433657;0,00670265851172721;100;1;0,9;TRUE;0,75;0,8;FALSE;FALSE;0,75;0,25;0
"hs_dde_madj_Log2";"hs_Gen_Tot";0,000154688532314652;1e-12;0,000551007347049832;0,000701981326882437;0,000701981326882437;0,000575093877714095;0,00222104823111065;-0,00279331082945243;0,00647484425905286;-0,00279331082945243;0,00647484425905286;100;1;0,9;TRUE;0,61;0,8;FALSE;FALSE;0,61;0,39;0
"hs_ddt_madj_Log2";"hs_Gen_Tot";0,000154688532314652;1e-12;-0,00227558097491179;-0,00220622440761273;-0,00220622440761273;-0,00183271113968352;0,00253883158658675;-0,00850707883666033;0,00151760556981887;-0,00850707883666033;0,00151760556981887;100;1;0,9;TRUE;0,86;0,8;TRUE;TRUE;0,14;0,86;0
"hs_hcb_madj_Log2";"hs_Gen_Tot";0,000154688532314652;1e-12;-0,000960001402803924;-0,00122804377130968;-0,00122804377130968;-0,000851288943262509;0,0023408761664573;-0,00576192020776328;0,00145102470601651;-0,00576192020776328;0,00145102470601651;100;1;0,9;TRUE;0,74;0,8;FALSE;FALSE;0,26;0,74;0
"hs_pcb118_madj_Log2";"hs_Gen_Tot";0,000154688532314652;1e-12;0,00553917674271266;0,0045160042285821;0,0045160042285821;0,00393373631371563;0,00453341851110786;-0,00225324704546102;0,0139440189947012;-0,00225324704546102;0,0139440189947012;100;1;0,9;TRUE;0,9;0,8;TRUE;TRUE;0,9;0,1;0
"hs_pcb138_madj_Log2";"hs_Gen_Tot";0,000154688532314652;1e-12;-0,00488941371082226;-0,00432480448318211;-0,00432480448318211;-0,00402662059408313;0,00385774125748155;-0,0131481138182572;0,00137316604210645;-0,0131481138182572;0,00137316604210645;100;1;0,9;TRUE;0,91;0,8;TRUE;TRUE;0,09;0,91;0
"hs_pcb153_madj_Log2";"hs_Gen_Tot";0,000154688532314652;1e-12;0,00175038842372939;0,000673773397572041;0,000673773397572041;0,000698542110744866;0,00351539369347953;-0,00579354648884569;0,00639672014748674;-0,00579354648884569;0,00639672014748674;100;1;0,9;TRUE;0,62;0,8;FALSE;FALSE;0,62;0,38;0
"hs_pcb170_madj_Log2";"hs_Gen_Tot";0,000154688532314652;1e-12;-0,000963088658868692;-0,0011419820730987;-0,0011419820730987;-0,000630122307208398;0,0030274788103321;-0,00676241735002874;0,00422418001900562;-0,00676241735002874;0,00422418001900562;100;1;0,9;TRUE;0,65;0,8;FALSE;FALSE;0,35;0,65;0
"hs_pcb180_madj_Log2";"hs_Gen_Tot";0,000154688532314652;1e-12;-0,00277830049091522;-0,00174661858180414;-0,00174661858180414;-0,001914565370462;0,00291923788663856;-0,007417504735125;0,00490306481827306;-0,007417504735125;0,00490306481827306;100;1;0,9;TRUE;0,73;0,8;FALSE;FALSE;0,27;0,73;0
"hs_sumPCBs5_madj_Log2";"hs_Gen_Tot";0,000154688532314652;1e-12;1,72128909066661e-05;0,000361416413876538;0,000361416413876538;0,000144848694556396;0,00265679829459893;-0,00396367628721566;0,00601685334850822;-0,00396367628721566;0,00601685334850822;100;1;0,9;TRUE;0,54;0,8;FALSE;FALSE;0,54;0,46;0
"hs_pfhxs_m_Log2";"hs_Gen_Tot";0,000154688532314652;1e-12;-0,000967778226297612;-3,58369370725015e-05;-3,58369370725015e-05;3,62836642465076e-05;0,00231652605051523;-0,00484531826102421;0,0045131724171812;-0,00484531826102421;0,0045131724171812;100;1;0,9;TRUE;0,48;0,8;FALSE;FALSE;0,52;0,48;0
"hs_pfna_m_Log2";"hs_Gen_Tot";0,000154688532314652;1e-12;-0,001427674979244;-0,00204797779705542;-0,00204797779705542;-0,00151537653851178;0,00317622978958976;-0,00981164632885147;0,00291616317085681;-0,00981164632885147;0,00291616317085681;100;1;0,9;TRUE;0,72;0,8;FALSE;FALSE;0,28;0,72;0
"hs_pfoa_m_Log2";"hs_Gen_Tot";0,000154688532314652;1e-12;-0,0023028702890411;-0,00185445459333481;-0,00185445459333481;-0,00169726858361605;0,00260070352414269;-0,00713293664733461;0,0025124909324714;-0,00713293664733461;0,0025124909324714;100;1;0,9;TRUE;0,74;0,8;FALSE;FALSE;0,26;0,74;0
"hs_pfos_m_Log2";"hs_Gen_Tot";0,000154688532314652;1e-12;-0,00194114897177314;-0,00188380998477661;-0,00188380998477661;-0,0017309481806005;0,00245896353043205;-0,0072445070091802;0,00275953455143883;-0,0072445070091802;0,00275953455143883;100;1;0,9;TRUE;0,82;0,8;TRUE;TRUE;0,18;0,82;0
"hs_pfunda_m_Log2";"hs_Gen_Tot";0,000154688532314652;1e-12;-0,00115803584837353;-0,000853000907563534;-0,000853000907563534;-0,00074080840900669;0,00225633078884947;-0,00469051939435583;0,00475780818267963;-0,00469051939435583;0,00475780818267963;100;1;0,9;TRUE;0,71;0,8;FALSE;FALSE;0,29;0,71;0
"e3_asmokcigd_p_None";"hs_Gen_Tot";0,000154688532314652;1e-12;-0,00118198514250054;-0,00147904974740201;-0,00147904974740201;-0,00153103795761953;0,00208800922806437;-0,00541003645070104;0,0026056947192952;-0,00541003645070104;0,0026056947192952;100;1;0,9;TRUE;0,8;0,8;TRUE;TRUE;0,2;0,8;0
"h_distinvnear1_preg_Log";"hs_Gen_Tot";0,000154688532314652;1e-12;-0,000717181903520699;-0,000315723753306141;-0,000315723753306141;-0,000446266828054691;0,00193352606865951;-0,00415687774393288;0,00386710181622292;-0,00415687774393288;0,00386710181622292;100;1;0,9;TRUE;0,59;0,8;FALSE;FALSE;0,41;0,59;0
"h_trafload_preg_pow1over3";"hs_Gen_Tot";0,000154688532314652;1e-12;0,00110883288130982;0,000816520303100369;0,000816520303100369;0,000577819413981347;0,0016964603087391;-0,00203430089296635;0,0041104738653216;-0,00203430089296635;0,0041104738653216;100;1;0,9;TRUE;0,64;0,8;FALSE;FALSE;0,64;0,36;0
"h_trafnear_preg_pow1over3";"hs_Gen_Tot";0,000154688532314652;1e-12;0,000666063304962046;0,000230432489327457;0,000230432489327457;6,30922994702823e-05;0,00252182880918514;-0,00459946530055821;0,00532898722769687;-0,00459946530055821;0,00532898722769687;100;1;0,9;TRUE;0,52;0,8;FALSE;FALSE;0,52;0,48;0
"h_bro_preg_Log";"hs_Gen_Tot";0,000154688532314652;1e-12;0,000605677821963953;0,000558805790781862;0,000558805790781862;0,00127033747273443;0,00332118610648804;-0,00663038368026202;0,0060298442374598;-0,00663038368026202;0,0060298442374598;100;1;0,9;TRUE;0,68;0,8;FALSE;FALSE;0,68;0,32;0
"h_clf_preg_Log";"hs_Gen_Tot";0,000154688532314652;1e-12;0,000807288680244479;0,000786487896322127;0,000786487896322127;0,000893273341693771;0,00211913198420077;-0,00410211220720994;0,00510329319293656;-0,00410211220720994;0,00510329319293656;100;1;0,9;TRUE;0,7;0,8;FALSE;FALSE;0,7;0,3;0
"h_thm_preg_Log";"hs_Gen_Tot";0,000154688532314652;1e-12;0,00158824534150272;0,00132878479077352;0,00132878479077352;0,00136478036187328;0,00293874389840682;-0,00369973784489603;0,00767956523251179;-0,00369973784489603;0,00767956523251179;100;1;0,9;TRUE;0,69;0,8;FALSE;FALSE;0,69;0,31;0
"e3_alcpreg_yn_None_1";"hs_Gen_Tot";0,000154688532314652;1e-12;-0,00187696721513556;-0,0017237202398284;-0,0017237202398284;-0,000191478745661503;0,00532963182065254;-0,0114814837455198;0,0057922014919934;-0,0114814837455198;0,0057922014919934;100;1;0,9;TRUE;0,56;0,8;FALSE;FALSE;0,44;0,56;0
"h_pamod_t3_None_Often";"hs_Gen_Tot";0,000154688532314652;1e-12;0,0143827011951715;0,0128482629470495;0,0128482629470495;0,013343434550136;0,00698656420512257;-0,00139843756282943;0,0246252597114345;-0,00139843756282943;0,0246252597114345;100;1;0,9;TRUE;0,96;0,8;TRUE;TRUE;0,96;0,04;0
"h_pamod_t3_None_Sometimes";"hs_Gen_Tot";0,000154688532314652;1e-12;0,0141146941472815;0,0121386099339199;0,0121386099339199;0,0124092619264732;0,00655524213510915;-0,00161323932182944;0,0228769423035763;-0,00161323932182944;0,0228769423035763;100;1;0,9;TRUE;0,96;0,8;TRUE;TRUE;0,96;0,04;0
"h_pamod_t3_None_Very Often";"hs_Gen_Tot";0,000154688532314652;1e-12;0,0131131110803376;0,0121983856344894;0,0121983856344894;0,0124956655795021;0,00655231810706331;-0,00151440364594594;0,0232835024004687;-0,00151440364594594;0,0232835024004687;100;1;0,9;TRUE;0,94;0,8;TRUE;TRUE;0,94;0,06;0
"h_pavig_t3_None_Low";"hs_Gen_Tot";0,000154688532314652;1e-12;0,0187788346972704;0,020290440647376;0,020290440647376;0,0207891418758795;0,00613416687858185;0,00907821503538072;0,0333209552380754;0,00907821503538072;0,0333209552380754;100;1;0,9;TRUE;1;0,8;TRUE;TRUE;1;0;0
"h_pavig_t3_None_Medium";"hs_Gen_Tot";0,000154688532314652;1e-12;0,0225672625860634;0,0224092327299471;0,0224092327299471;0,0215599671978225;0,00745524947037291;0,0111053162312532;0,0378991592706752;0,0111053162312532;0,0378991592706752;100;1;0,9;TRUE;1;0,8;TRUE;TRUE;1;0;0
"hs_no2_dy_hs_h_Log";"hs_Gen_Tot";0,000154688532314652;1e-12;0,00692281670950625;0,00549817294535388;0,00549817294535388;0,0058067133717686;0,00416006031438848;-0,00272971022839881;0,0134829483435894;-0,00272971022839881;0,0134829483435894;100;1;0,9;TRUE;0,9;0,8;TRUE;TRUE;0,9;0,1;0
"hs_no2_wk_hs_h_Log";"hs_Gen_Tot";0,000154688532314652;1e-12;0,00375420235486637;0,00377892705297305;0,00377892705297305;0,00356871450428636;0,00283245075717959;-0,000825594303853891;0,0100987935752841;-0,000825594303853891;0,0100987935752841;100;1;0,9;TRUE;0,94;0,8;TRUE;TRUE;0,94;0,06;0
"hs_no2_yr_hs_h_Log";"hs_Gen_Tot";0,000154688532314652;1e-12;0,00400320191222362;0,00432741602659071;0,00432741602659071;0,00454479903506238;0,00317893540800725;-0,00218705160697029;0,0105847778926696;-0,00218705160697029;0,0105847778926696;100;1;0,9;TRUE;0,92;0,8;TRUE;TRUE;0,92;0,08;0
"hs_pm10_dy_hs_h_None";"hs_Gen_Tot";0,000154688532314652;1e-12;0,00333840173287213;0,00215001944217801;0,00215001944217801;0,00228013137909111;0,00296674397855092;-0,00369579653214433;0,00786090449246408;-0,00369579653214433;0,00786090449246408;100;1;0,9;TRUE;0,85;0,8;TRUE;TRUE;0,85;0,15;0
"hs_pm10_wk_hs_h_None";"hs_Gen_Tot";0,000154688532314652;1e-12;-0,00316826582790463;-0,00368148771775104;-0,00368148771775104;-0,00334133918761214;0,0035883417681605;-0,0104392282678367;0,00131888819553224;-0,0104392282678367;0,00131888819553224;100;1;0,9;TRUE;0,91;0,8;TRUE;TRUE;0,09;0,91;0
"hs_pm10_yr_hs_h_None";"hs_Gen_Tot";0,000154688532314652;1e-12;-0,00243007231280332;-0,00269660034178254;-0,00269660034178254;-0,00267633555527086;0,00277077834197047;-0,00938641980577855;0,00171826843866002;-0,00938641980577855;0,00171826843866002;100;1;0,9;TRUE;0,85;0,8;TRUE;TRUE;0,15;0,85;0
"hs_pm25_dy_hs_h_None";"hs_Gen_Tot";0,000154688532314652;1e-12;-0,00050606039296766;0,000279686998129419;0,000279686998129419;-0,000204219822958896;0,0025353517539548;-0,00360033574449076;0,00647228028944813;-0,00360033574449076;0,00647228028944813;100;1;0,9;TRUE;0,55;0,8;FALSE;FALSE;0,45;0,55;0
"hs_pm25_wk_hs_h_None";"hs_Gen_Tot";0,000154688532314652;1e-12;-0,00203820219642094;-0,00222671695988419;-0,00222671695988419;-0,00151886569583826;0,00314838672888;-0,0102563255839141;0,00256686084212894;-0,0102563255839141;0,00256686084212894;100;1;0,9;TRUE;0,8;0,8;TRUE;TRUE;0,2;0,8;0
"hs_pm25_yr_hs_h_None";"hs_Gen_Tot";0,000154688532314652;1e-12;0,00426732310131084;0,00293750204343223;0,00293750204343223;0,0031272902322014;0,00362406301465782;-0,00564696362098423;0,00855275869839846;-0,00564696362098423;0,00855275869839846;100;1;0,9;TRUE;0,83;0,8;TRUE;TRUE;0,83;0,17;0
"hs_pm25abs_dy_hs_h_Log";"hs_Gen_Tot";0,000154688532314652;1e-12;-0,00385883889914283;-0,00307663080686547;-0,00307663080686547;-0,00293096689038111;0,00323117656113017;-0,0097207495788352;0,0035047677680764;-0,0097207495788352;0,0035047677680764;100;1;0,9;TRUE;0,87;0,8;TRUE;TRUE;0,13;0,87;0
"hs_pm25abs_wk_hs_h_Log";"hs_Gen_Tot";0,000154688532314652;1e-12;-0,000999305442679514;-0,000942038245418275;-0,000942038245418275;-0,00100215901104958;0,00224922480713239;-0,00547157962342582;0,00371426647539095;-0,00547157962342582;0,00371426647539095;100;1;0,9;TRUE;0,69;0,8;FALSE;FALSE;0,31;0,69;0
"hs_pm25abs_yr_hs_h_Log";"hs_Gen_Tot";0,000154688532314652;1e-12;-0,00119577273479356;-0,00116510235676562;-0,00116510235676562;-0,00114128091161148;0,00217317753083456;-0,00538158947482926;0,00338157435164906;-0,00538158947482926;0,00338157435164906;100;1;0,9;TRUE;0,73;0,8;FALSE;FALSE;0,27;0,73;0
"hs_accesslines300_h_dic0";"hs_Gen_Tot";0,000154688532314652;1e-12;-0,00729471968074162;-0,00595526166564921;-0,00595526166564921;-0,00504639996223281;0,00665215009963081;-0,0194679634393371;0,0058240584517171;-0,0194679634393371;0,0058240584517171;100;1;0,9;TRUE;0,87;0,8;TRUE;TRUE;0,13;0,87;0
"hs_accesspoints300_h_Log";"hs_Gen_Tot";0,000154688532314652;1e-12;-0,000741831094860942;-0,00033631743719352;-0,00033631743719352;-0,00067094593953737;0,003255602687803;-0,00603803644008226;0,00738175179518187;-0,00603803644008226;0,00738175179518187;100;1;0,9;TRUE;0,58;0,8;FALSE;FALSE;0,42;0,58;0
"hs_builtdens300_h_Sqrt";"hs_Gen_Tot";0,000154688532314652;1e-12;0,000812257495595908;0,00074656041465985;0,00074656041465985;0,000296081512249244;0,00228547642944778;-0,00335527431184159;0,00548399288597641;-0,00335527431184159;0,00548399288597641;100;1;0,9;TRUE;0,56;0,8;FALSE;FALSE;0,56;0,44;0
"hs_connind300_h_Log";"hs_Gen_Tot";0,000154688532314652;1e-12;0,00508828614832616;0,00466285328452667;0,00466285328452667;0,0041045195681423;0,00353951664083923;-0,000228118542021676;0,012661685305738;-0,000228118542021676;0,012661685305738;100;1;0,9;TRUE;0,96;0,8;TRUE;TRUE;0,96;0,04;0
"hs_fdensity300_h_Log";"hs_Gen_Tot";0,000154688532314652;1e-12;-0,00249549414541127;-0,00211713363261899;-0,00211713363261899;-0,00181108248070021;0,0033799944979194;-0,00906551092966983;0,00325615652783461;-0,00906551092966983;0,00325615652783461;100;1;0,9;TRUE;0,77;0,8;FALSE;FALSE;0,23;0,77;0
"hs_landuseshan300_h_None";"hs_Gen_Tot";0,000154688532314652;1e-12;-0,00274537893241311;-0,00258615495264382;-0,00258615495264382;-0,00207013254014037;0,00255669321793441;-0,00957278032875782;0,000818990186667168;-0,00957278032875782;0,000818990186667168;100;1;0,9;TRUE;0,86;0,8;TRUE;TRUE;0,14;0,86;0
"hs_popdens_h_Sqrt";"hs_Gen_Tot";0,000154688532314652;1e-12;0,00131649167519397;0,000966717288628758;0,000966717288628758;0,00100904393587538;0,00249190836656108;-0,00286546775618082;0,00690745062349422;-0,00286546775618082;0,00690745062349422;100;1;0,9;TRUE;0,63;0,8;FALSE;FALSE;0,63;0,37;0
"hs_walkability_mean_h_None";"hs_Gen_Tot";0,000154688532314652;1e-12;-0,00197956046277146;-0,00181693545188726;-0,00181693545188726;-0,00173519012454562;0,0024227630962265;-0,00717103888933737;0,0023838616589812;-0,00717103888933737;0,0023838616589812;100;1;0,9;TRUE;0,8;0,8;TRUE;TRUE;0,2;0,8;0
"hs_accesslines300_s_dic0";"hs_Gen_Tot";0,000154688532314652;1e-12;0,000230219118112566;0,0029176918858076;0,0029176918858076;0,00204747716911838;0,00619713081337281;-0,00719823435782279;0,0201157607669421;-0,00719823435782279;0,0201157607669421;100;1;0,9;TRUE;0,69;0,8;FALSE;FALSE;0,69;0,31;0
"hs_accesspoints300_s_Log";"hs_Gen_Tot";0,000154688532314652;1e-12;0,00116058348346087;0,00120699757491659;0,00120699757491659;0,0010947039279846;0,00243477181378281;-0,00302476530497849;0,00711512416598219;-0,00302476530497849;0,00711512416598219;100;1;0,9;TRUE;0,69;0,8;FALSE;FALSE;0,69;0,31;0
"hs_builtdens300_s_Sqrt";"hs_Gen_Tot";0,000154688532314652;1e-12;-0,000154106939974111;2,06748599323614e-05;2,06748599323614e-05;-0,000253565100978966;0,00260861427369376;-0,00431183544230641;0,00673406522843103;-0,00431183544230641;0,00673406522843103;100;1;0,9;TRUE;0,58;0,8;FALSE;FALSE;0,42;0,58;0
"hs_connind300_s_Log";"hs_Gen_Tot";0,000154688532314652;1e-12;0,000594750501469033;0,000978593678816875;0,000978593678816875;0,00104465986704767;0,00220698770378964;-0,00289513351482775;0,00564014767792149;-0,00289513351482775;0,00564014767792149;100;1;0,9;TRUE;0,7;0,8;FALSE;FALSE;0,7;0,3;0
"hs_fdensity300_s_Log";"hs_Gen_Tot";0,000154688532314652;1e-12;0,000330568667478187;0,00074161757152437;0,00074161757152437;0,000872729247996686;0,00195938251179712;-0,00242444622407527;0,00427753924647039;-0,00242444622407527;0,00427753924647039;100;1;0,9;TRUE;0,65;0,8;FALSE;FALSE;0,65;0,35;0
"hs_landuseshan300_s_None";"hs_Gen_Tot";0,000154688532314652;1e-12;0,000400763558332661;0,000543967013836916;0,000543967013836916;0,000403564487122632;0,00176750907321388;-0,00241789316533843;0,00440364766416027;-0,00241789316533843;0,00440364766416027;100;1;0,9;TRUE;0,61;0,8;FALSE;FALSE;0,61;0,39;0
"hs_popdens_s_Sqrt";"hs_Gen_Tot";0,000154688532314652;1e-12;6,55004255434934e-05;-0,000121587868561644;-0,000121587868561644;4,09668456342329e-05;0,00194654160887062;-0,00427837851611145;0,00379956138888996;-0,00427837851611145;0,00379956138888996;100;1;0,9;TRUE;0,52;0,8;FALSE;FALSE;0,52;0,48;0
"h_Absorbance_Log";"hs_Gen_Tot";0,000154688532314652;1e-12;-0,000520475531597213;-0,000712340994078381;-0,000712340994078381;-0,000472983165984587;0,00301606977689052;-0,00623310367540839;0,00490726293615554;-0,00623310367540839;0,00490726293615554;100;1;0,9;TRUE;0,59;0,8;FALSE;FALSE;0,41;0,59;0
"h_Benzene_Log";"hs_Gen_Tot";0,000154688532314652;1e-12;0,00231400212706735;0,00280159953543089;0,00280159953543089;0,00153723985834804;0,00414340664005127;-0,00195043508138229;0,0142880889135407;-0,00195043508138229;0,0142880889135407;100;1;0,9;TRUE;0,77;0,8;FALSE;FALSE;0,77;0,23;0
"h_NO2_Log";"hs_Gen_Tot";0,000154688532314652;1e-12;0,00162287880296509;0,00169315752340045;0,00169315752340045;0,00175157372072778;0,00214367641834719;-0,002303564872373;0,00621677294429254;-0,002303564872373;0,00621677294429254;100;1;0,9;TRUE;0,82;0,8;TRUE;TRUE;0,82;0,18;0
"h_PM_Log";"hs_Gen_Tot";0,000154688532314652;1e-12;0,00412120599097569;0,0038295018453064;0,0038295018453064;0,00321711556291011;0,00340770101753296;-0,00116679759563429;0,0109532275142013;-0,00116679759563429;0,0109532275142013;100;1;0,9;TRUE;0,94;0,8;TRUE;TRUE;0,94;0,06;0
"h_TEX_Log";"hs_Gen_Tot";0,000154688532314652;1e-12;-0,000355541959155598;-0,000337992747562265;-0,000337992747562265;-2,31958542136546e-05;0,00200419638248456;-0,00430082703226087;0,00280194304293907;-0,00430082703226087;0,00280194304293907;100;1;0,9;TRUE;0,52;0,8;FALSE;FALSE;0,48;0,52;0
"hs_KIDMED_None";"hs_Gen_Tot";0,000154688532314652;1e-12;-0,00290895844385027;-0,00218039627297226;-0,00218039627297226;-0,00195182802822478;0,00326368363716049;-0,0109436750978931;0,00324760578147924;-0,0109436750978931;0,00324760578147924;100;1;0,9;TRUE;0,73;0,8;FALSE;FALSE;0,27;0,73;0
"hs_mvpa_prd_alt_None";"hs_Gen_Tot";0,000154688532314652;1e-12;0,00405907368247082;0,00269448861646965;0,00269448861646965;0,00256647695662549;0,00291543248124459;-0,00324484979273098;0,00772912037898007;-0,00324484979273098;0,00772912037898007;100;1;0,9;TRUE;0,82;0,8;TRUE;TRUE;0,82;0,18;0
"hs_sd_wk_None";"hs_Gen_Tot";0,000154688532314652;1e-12;0,00282947663361988;0,00249809435994592;0,00249809435994592;0,00195378067870952;0,00322517513543314;-0,00186430242655595;0,0107992479270088;-0,00186430242655595;0,0107992479270088;100;1;0,9;TRUE;0,75;0,8;FALSE;FALSE;0,75;0,25;0
"hs_dif_hours_total_None";"hs_Gen_Tot";0,000154688532314652;1e-12;-0,00192341456958755;-0,00179523622165279;-0,00179523622165279;-0,00140643409643664;0,00315426214404564;-0,00942686865892869;0,00378639970992596;-0,00942686865892869;0,00378639970992596;100;1;0,9;TRUE;0,72;0,8;FALSE;FALSE;0,28;0,72;0
"hs_as_c_Log2";"hs_Gen_Tot";0,000154688532314652;1e-12;-0,00342743260982137;-0,00252688236987838;-0,00252688236987838;-0,00244275293380535;0,0027710872600383;-0,0075590411886089;0,00374104644120233;-0,0075590411886089;0,00374104644120233;100;1;0,9;TRUE;0,83;0,8;TRUE;TRUE;0,17;0,83;0
"hs_cd_c_Log2";"hs_Gen_Tot";0,000154688532314652;1e-12;0,00183464935154294;0,00154820451859819;0,00154820451859819;0,00118822372122557;0,00201441929915879;-0,00148789966807055;0,00645914066476471;-0,00148789966807055;0,00645914066476471;100;1;0,9;TRUE;0,83;0,8;TRUE;TRUE;0,83;0,17;0
"hs_co_c_Log2";"hs_Gen_Tot";0,000154688532314652;1e-12;-0,0030069719543498;-0,00261094242567399;-0,00261094242567399;-0,00220025809580588;0,00240934459182662;-0,00724869874551051;0,000973191162514343;-0,00724869874551051;0,000973191162514343;100;1;0,9;TRUE;0,9;0,8;TRUE;TRUE;0,1;0,9;0
"hs_cs_c_Log2";"hs_Gen_Tot";0,000154688532314652;1e-12;-0,000419677661687605;-8,79061933396021e-05;-8,79061933396021e-05;5,10273811459528e-05;0,00272682484348021;-0,00734963712169757;0,0054352440111265;-0,00734963712169757;0,0054352440111265;100;1;0,9;TRUE;0,47;0,8;FALSE;FALSE;0,53;0,47;0
"hs_cu_c_Log2";"hs_Gen_Tot";0,000154688532314652;1e-12;0,000645584181542538;0,00107293724439412;0,00107293724439412;0,000763320648385004;0,00245515155669358;-0,00255241204009373;0,0073677628587208;-0,00255241204009373;0,0073677628587208;100;1;0,9;TRUE;0,66;0,8;FALSE;FALSE;0,66;0,34;0
"hs_hg_c_Log2";"hs_Gen_Tot";0,000154688532314652;1e-12;0,00105671772142387;9,59273977313541e-05;9,59273977313541e-05;0,000113246797529856;0,00252872400171216;-0,00451462950461678;0,0050101239129453;-0,00451462950461678;0,0050101239129453;100;1;0,9;TRUE;0,51;0,8;FALSE;FALSE;0,51;0,49;0
"hs_mn_c_Log2";"hs_Gen_Tot";0,000154688532314652;1e-12;0,000529475475437143;0,000164348077444563;0,000164348077444563;0,000161565649508893;0,00212546699435333;-0,00364668086728579;0,00536097881523003;-0,00364668086728579;0,00536097881523003;100;1;0,9;TRUE;0,53;0,8;FALSE;FALSE;0,53;0,47;0
"hs_mo_c_Log2";"hs_Gen_Tot";0,000154688532314652;1e-12;-0,000320410525709386;-0,000260178828963334;-0,000260178828963334;-0,000434599021996008;0,00155462849755801;-0,00296331402668384;0,00309304360194243;-0,00296331402668384;0,00309304360194243;100;1;0,9;TRUE;0,61;0,8;FALSE;FALSE;0,39;0,61;0
"hs_pb_c_Log2";"hs_Gen_Tot";0,000154688532314652;1e-12;0,00227493853412047;0,00203294588021991;0,00203294588021991;0,00173792820943966;0,00218810913449361;-0,00100261325408873;0,00637721752879298;-0,00100261325408873;0,00637721752879298;100;1;0,9;TRUE;0,83;0,8;TRUE;TRUE;0,83;0,17;0
"hs_hum_mt_hs_h_None";"hs_Gen_Tot";0,000154688532314652;1e-12;-0,00398568964741146;-0,00311786454244719;-0,00311786454244719;-0,00249346794514225;0,00353259636700026;-0,0107427273007263;0,00237992803650949;-0,0107427273007263;0,00237992803650949;100;1;0,9;TRUE;0,82;0,8;TRUE;TRUE;0,18;0,82;0
"hs_tm_mt_hs_h_None";"hs_Gen_Tot";0,000154688532314652;1e-12;-0,00107936910905168;-0,000868437867088398;-0,000868437867088398;-0,00064639920424602;0,00298318127788025;-0,00730990199419447;0,00481048310445412;-0,00730990199419447;0,00481048310445412;100;1;0,9;TRUE;0,62;0,8;FALSE;FALSE;0,38;0,62;0
"hs_uvdvf_mt_hs_h_None";"hs_Gen_Tot";0,000154688532314652;1e-12;-0,00360542596280804;-0,00293635901535767;-0,00293635901535767;-0,00221660579235483;0,00355341644061382;-0,0109158280004256;0,00194031411475342;-0,0109158280004256;0,00194031411475342;100;1;0,9;TRUE;0,85;0,8;TRUE;TRUE;0,15;0,85;0
"hs_hum_dy_hs_h_None";"hs_Gen_Tot";0,000154688532314652;1e-12;-0,000847073489718417;-0,00140708174787258;-0,00140708174787258;-0,001207391911637;0,0021147099251689;-0,00653689592149032;0,00169134078652722;-0,00653689592149032;0,00169134078652722;100;1;0,9;TRUE;0,76;0,8;FALSE;FALSE;0,24;0,76;0
"hs_hum_wk_hs_h_None";"hs_Gen_Tot";0,000154688532314652;1e-12;-0,00293234552924465;-0,00271148642728481;-0,00271148642728481;-0,00245449352531308;0,00295251611305654;-0,00946789829892886;0,00223969608574743;-0,00946789829892886;0,00223969608574743;100;1;0,9;TRUE;0,86;0,8;TRUE;TRUE;0,14;0,86;0
"hs_tm_dy_hs_h_None";"hs_Gen_Tot";0,000154688532314652;1e-12;-0,000195824736322092;-0,000237521383995605;-0,000237521383995605;-0,000403607982731413;0,00210120913896133;-0,00390999919171372;0,00378761871296058;-0,00390999919171372;0,00378761871296058;100;1;0,9;TRUE;0,57;0,8;FALSE;FALSE;0,43;0,57;0
"hs_tm_wk_hs_h_None";"hs_Gen_Tot";0,000154688532314652;1e-12;0,00135265916949015;0,000797564621659403;0,000797564621659403;0,000807349839528435;0,00271179597578391;-0,00359088551718;0,0063869704682133;-0,00359088551718;0,0063869704682133;100;1;0,9;TRUE;0,59;0,8;FALSE;FALSE;0,59;0,41;0
"hs_uvdvf_dy_hs_h_None";"hs_Gen_Tot";0,000154688532314652;1e-12;0,00123905298053156;0,000928808235757401;0,000928808235757401;0,000907105917723649;0,00260870376590534;-0,00414521089329874;0,00711284193273799;-0,00414521089329874;0,00711284193273799;100;1;0,9;TRUE;0,65;0,8;FALSE;FALSE;0,65;0,35;0
"hs_uvdvf_wk_hs_h_None";"hs_Gen_Tot";0,000154688532314652;1e-12;-0,00119127483247375;-0,00159100708882002;-0,00159100708882002;-0,00187834976766158;0,00263903278437929;-0,005955979621495;0,00427011386741017;-0,005955979621495;0,00427011386741017;100;1;0,9;TRUE;0,74;0,8;FALSE;FALSE;0,26;0,74;0
"hs_ndvi100_h_None";"hs_Gen_Tot";0,000154688532314652;1e-12;0,0012133725015204;0,00102426771363623;0,00102426771363623;0,00125215599597329;0,00265150355990371;-0,00387865303897467;0,00553470915846088;-0,00387865303897467;0,00553470915846088;100;1;0,9;TRUE;0,68;0,8;FALSE;FALSE;0,68;0,32;0
"hs_ndvi100_s_None";"hs_Gen_Tot";0,000154688532314652;1e-12;0,0043648227424456;0,00360961579629111;0,00360961579629111;0,00333428408593713;0,00270658555557409;-0,00173517902119613;0,00863071672945282;-0,00173517902119613;0,00863071672945282;100;1;0,9;TRUE;0,93;0,8;TRUE;TRUE;0,93;0,07;0
"hs_dde_cadj_Log2";"hs_Gen_Tot";0,000154688532314652;1e-12;-0,000256597829720088;-0,00122140007989255;-0,00122140007989255;-0,0013502026639128;0,00295195988807077;-0,00711208748215823;0,0040310770905208;-0,00711208748215823;0,0040310770905208;100;1;0,9;TRUE;0,7;0,8;FALSE;FALSE;0,3;0,7;0
"hs_ddt_cadj_Log2";"hs_Gen_Tot";0,000154688532314652;1e-12;-0,00143216469077049;-0,00162152664861592;-0,00162152664861592;-0,00134286900023658;0,00199003855573695;-0,00622539462457377;0,00148215507852683;-0,00622539462457377;0,00148215507852683;100;1;0,9;TRUE;0,8;0,8;TRUE;TRUE;0,2;0,8;0
"hs_hcb_cadj_Log2";"hs_Gen_Tot";0,000154688532314652;1e-12;-0,00487951260962306;-0,00432429870743259;-0,00432429870743259;-0,00419360500417185;0,00370613569145086;-0,0130315425333837;0,00249935744728856;-0,0130315425333837;0,00249935744728856;100;1;0,9;TRUE;0,9;0,8;TRUE;TRUE;0,1;0,9;0
"hs_pcb118_cadj_Log2";"hs_Gen_Tot";0,000154688532314652;1e-12;0,00400785982186469;0,00321990850277966;0,00321990850277966;0,00294082566484031;0,0035424150218528;-0,00206437260510031;0,0101110057320598;-0,00206437260510031;0,0101110057320598;100;1;0,9;TRUE;0,86;0,8;TRUE;TRUE;0,86;0,14;0
"hs_pcb138_cadj_Log2";"hs_Gen_Tot";0,000154688532314652;1e-12;-0,00166542111037382;-0,000683019404130592;-0,000683019404130592;-0,000471707835967496;0,00295356518528817;-0,00674813882671196;0,00431101339488162;-0,00674813882671196;0,00431101339488162;100;1;0,9;TRUE;0,55;0,8;FALSE;FALSE;0,45;0,55;0
"hs_pcb153_cadj_Log2";"hs_Gen_Tot";0,000154688532314652;1e-12;0,00183366437467955;0,00119591695783394;0,00119591695783394;0,000771525590837969;0,00261430876308911;-0,00339688862664531;0,00670427712095309;-0,00339688862664531;0,00670427712095309;100;1;0,9;TRUE;0,64;0,8;FALSE;FALSE;0,64;0,36;0
"hs_pcb170_cadj_Log2";"hs_Gen_Tot";0,000154688532314652;1e-12;-0,00492967310417502;-0,00470660968922644;-0,00470660968922644;-0,00466798750615283;0,00337340865976904;-0,0109500673866921;0,000628689910910426;-0,0109500673866921;0,000628689910910426;100;1;0,9;TRUE;0,97;0,8;TRUE;TRUE;0,03;0,97;0
"hs_pcb180_cadj_Log2";"hs_Gen_Tot";0,000154688532314652;1e-12;-0,00173172177099023;-0,00218575764017;-0,00218575764017;-0,0015608924439998;0,00305509180213172;-0,00934568057410136;0,00206031195357505;-0,00934568057410136;0,00206031195357505;100;1;0,9;TRUE;0,71;0,8;FALSE;FALSE;0,29;0,71;0
"hs_sumPCBs5_cadj_Log2";"hs_Gen_Tot";0,000154688532314652;1e-12;-0,00409998760234879;-0,00359835999146629;-0,00359835999146629;-0,00326989485531163;0,00301477396703218;-0,0100479827537064;0,000891347945949538;-0,0100479827537064;0,000891347945949538;100;1;0,9;TRUE;0,9;0,8;TRUE;TRUE;0,1;0,9;0
"hs_pfhxs_c_Log2";"hs_Gen_Tot";0,000154688532314652;1e-12;-0,00135630271885551;-0,000448397337304799;-0,000448397337304799;-0,000396254539318972;0,0030352567519799;-0,00673101021959936;0,00616640519492931;-0,00673101021959936;0,00616640519492931;100;1;0,9;TRUE;0,57;0,8;FALSE;FALSE;0,43;0,57;0
"hs_pfna_c_Log2";"hs_Gen_Tot";0,000154688532314652;1e-12;0,00262488886062828;0,0021171884842235;0,0021171884842235;0,00154367325247232;0,00326533965960436;-0,00286139124405876;0,0103699651693495;-0,00286139124405876;0,0103699651693495;100;1;0,9;TRUE;0,75;0,8;FALSE;FALSE;0,75;0,25;0
"hs_pfoa_c_Log2";"hs_Gen_Tot";0,000154688532314652;1e-12;-0,0014618085179737;-0,0013046778981368;-0,0013046778981368;-0,0011300374195912;0,0023409133860406;-0,00665228318427439;0,00224162438313134;-0,00665228318427439;0,00224162438313134;100;1;0,9;TRUE;0,67;0,8;FALSE;FALSE;0,33;0,67;0
"hs_pfos_c_Log2";"hs_Gen_Tot";0,000154688532314652;1e-12;-0,0028194131487525;-0,00273877358177469;-0,00273877358177469;-0,00210631447895925;0,00302172041144716;-0,00938715548805371;0,000794921919996482;-0,00938715548805371;0,000794921919996482;100;1;0,9;TRUE;0,9;0,8;TRUE;TRUE;0,1;0,9;0
"hs_pfunda_c_Log2";"hs_Gen_Tot";0,000154688532314652;1e-12;-0,00118818697962063;-0,000729367265664825;-0,000729367265664825;-0,000651416167703704;0,00190718404377472;-0,00423357049652569;0,00256778087693343;-0,00423357049652569;0,00256778087693343;100;1;0,9;TRUE;0,69;0,8;FALSE;FALSE;0,31;0,69;0
"hs_hm_pers_None";"hs_Gen_Tot";0,000154688532314652;1e-12;0,00157594225924658;0,00105435849389608;0,00105435849389608;0,00114391637551242;0,0023487085993296;-0,00497021876687434;0,00498656656855566;-0,00497021876687434;0,00498656656855566;100;1;0,9;TRUE;0,74;0,8;FALSE;FALSE;0,74;0,26;0
"hs_trafload_h_pow1over3";"hs_Gen_Tot";0,000154688532314652;1e-12;-0,00112150394431987;-0,000781903004703527;-0,000781903004703527;-0,000604404581519068;0,00197463293328477;-0,00488907152738311;0,00234895825978854;-0,00488907152738311;0,00234895825978854;100;1;0,9;TRUE;0,63;0,8;FALSE;FALSE;0,37;0,63;0
"hs_trafnear_h_pow1over3";"hs_Gen_Tot";0,000154688532314652;1e-12;0,00115697076625413;0,000853892425195309;0,000853892425195309;0,000664702010137219;0,00227994429883156;-0,00343201714214673;0,00555176320466706;-0,00343201714214673;0,00555176320466706;100;1;0,9;TRUE;0,57;0,8;FALSE;FALSE;0,57;0,43;0
"FAS_cat_None_Low";"hs_Gen_Tot";0,000154688532314652;1e-12;0,00541068318492405;0,00641667785474011;0,00641667785474011;0,0050616829420647;0,00866968860374435;-0,00533052243525631;0,0274532610546149;-0,00533052243525631;0,0274532610546149;100;1;0,9;TRUE;0,75;0,8;FALSE;FALSE;0,75;0,25;0
"FAS_cat_None_Middle";"hs_Gen_Tot";0,000154688532314652;1e-12;-0,00120418911536694;0,000720669898696723;0,000720669898696723;0,000208860350396771;0,00480430389872059;-0,00742265548175158;0,0118701907903861;-0,00742265548175158;0,0118701907903861;100;1;0,9;TRUE;0,47;0,8;FALSE;FALSE;0,53;0,47;0
"hs_globalexp2_None_no exposure";"hs_Gen_Tot";0,000154688532314652;1e-12;0,00444392412451879;0,00431685775297354;0,00431685775297354;0,00403666258917843;0,003780354887381;-0,00248128432042192;0,0119244756508777;-0,00248128432042192;0,0119244756508777;100;1;0,9;TRUE;0,87;0,8;TRUE;TRUE;0,87;0,13;0
"h_abs_ratio_preg_Log";"hs_bmi_c_cat";0,000154688532314652;1e-12;0,0236315876881806;0,0233908599768767;0,0233908599768767;0,0308479725639285;0,0847265064872382;-0,127615594545877;0,184242509838673;-0,127615594545877;0,184242509838673;100;1;0,9;TRUE;0,59;0,8;FALSE;FALSE;0,59;0,41;0
"h_no2_ratio_preg_Log";"hs_bmi_c_cat";0,000154688532314652;1e-12;-0,0885823911802999;-0,0854458779123858;-0,0854458779123858;-0,076191800239987;0,080931666073383;-0,243636406360004;0,0689736477572035;-0,243636406360004;0,0689736477572035;100;1;0,9;TRUE;0,88;0,8;TRUE;TRUE;0,12;0,88;0
"h_pm10_ratio_preg_None";"hs_bmi_c_cat";0,000154688532314652;1e-12;0,0743271212485762;0,0715208647282017;0,0715208647282017;0,0650068437961046;0,0801405915111166;-0,0670712734439511;0,219353580284455;-0,0670712734439511;0,219353580284455;100;1;0,9;TRUE;0,84;0,8;TRUE;TRUE;0,84;0,16;0
"h_pm25_ratio_preg_None";"hs_bmi_c_cat";0,000154688532314652;1e-12;-0,0488684650841225;-0,0469364113809019;-0,0469364113809019;-0,0405417020029464;0,0686891164730427;-0,182301147785871;0,0747210027714661;-0,182301147785871;0,0747210027714661;100;1;0,9;TRUE;0,73;0,8;FALSE;FALSE;0,27;0,73;0
"h_accesslines300_preg_dic0";"hs_bmi_c_cat";0,000154688532314652;1e-12;-0,125499074120375;-0,136657826184016;-0,136657826184016;-0,14436262793306;0,173496249471069;-0,431196096913248;0,154234990750811;-0,431196096913248;0,154234990750811;100;1;0,9;TRUE;0,74;0,8;FALSE;FALSE;0,26;0,74;0
"h_accesspoints300_preg_Log";"hs_bmi_c_cat";0,000154688532314652;1e-12;-0,149639105843305;-0,14608387457608;-0,14608387457608;-0,1463531892238;0,0653650068300696;-0,261882662673973;-0,03252285712215;-0,261882662673973;-0,03252285712215;100;1;0,9;TRUE;1;0,8;TRUE;TRUE;0;1;0
"h_builtdens300_preg_Sqrt";"hs_bmi_c_cat";0,000154688532314652;1e-12;-0,0619010289277901;-0,0569373134121255;-0,0569373134121255;-0,066773258867989;0,074312663720481;-0,17684449958269;0,0960838410292859;-0,17684449958269;0,0960838410292859;100;1;0,9;TRUE;0,75;0,8;FALSE;FALSE;0,25;0,75;0
"h_connind300_preg_Sqrt";"hs_bmi_c_cat";0,000154688532314652;1e-12;-0,0676705563819068;-0,0627564702732614;-0,0627564702732614;-0,0584983163269795;0,0833849756494741;-0,229994358848182;0,0620196328568143;-0,229994358848182;0,0620196328568143;100;1;0,9;TRUE;0,75;0,8;FALSE;FALSE;0,25;0,75;0
"h_fdensity300_preg_Log";"hs_bmi_c_cat";0,000154688532314652;1e-12;-0,141188304760274;-0,140066735546747;-0,140066735546747;-0,139750101152541;0,0713120254068847;-0,264025556739308;0,00175260807839592;-0,264025556739308;0,00175260807839592;100;1;0,9;TRUE;0,97;0,8;TRUE;TRUE;0,03;0,97;0
"h_frichness300_preg_None";"hs_bmi_c_cat";0,000154688532314652;1e-12;-0,0668414349620199;-0,0768052734713473;-0,0768052734713473;-0,0702925430214551;0,0810493439913098;-0,231138412524816;0,0733494096156605;-0,231138412524816;0,0733494096156605;100;1;0,9;TRUE;0,83;0,8;TRUE;TRUE;0,17;0,83;0
"h_landuseshan300_preg_None";"hs_bmi_c_cat";0,000154688532314652;1e-12;0,00762394009636413;0,00958490233395941;0,00958490233395941;0,00950041189942704;0,0761740841850489;-0,136993406062604;0,14605987316999;-0,136993406062604;0,14605987316999;100;1;0,9;TRUE;0,56;0,8;FALSE;FALSE;0,56;0,44;0
"h_popdens_preg_Sqrt";"hs_bmi_c_cat";0,000154688532314652;1e-12;0,0995480259486518;0,0972065922062237;0,0972065922062237;0,10222828856247;0,0835658966329946;-0,0910008118560131;0,241682407598241;-0,0910008118560131;0,241682407598241;100;1;0,9;TRUE;0,9;0,8;TRUE;TRUE;0,9;0,1;0
"h_walkability_mean_preg_None";"hs_bmi_c_cat";0,000154688532314652;1e-12;-0,0642889160995434;-0,0650379793554665;-0,0650379793554665;-0,0664290075010705;0,0712193127055938;-0,217751415277624;0,0644497476329369;-0,217751415277624;0,0644497476329369;100;1;0,9;TRUE;0,8;0,8;TRUE;TRUE;0,2;0,8;0
"hs_as_m_Log2";"hs_bmi_c_cat";0,000154688532314652;1e-12;0,0966739577860022;0,090289805917925;0,090289805917925;0,0927104563061681;0,0692868473541829;-0,0409799466622407;0,211959564693613;-0,0409799466622407;0,211959564693613;100;1;0,9;TRUE;0,88;0,8;TRUE;TRUE;0,88;0,12;0
"hs_cd_m_Log2";"hs_bmi_c_cat";0,000154688532314652;1e-12;0,00587343974916359;0,00433853700465488;0,00433853700465488;0,00888203104602823;0,0800889219243768;-0,149653627430106;0,149277028648011;-0,149653627430106;0,149277028648011;100;1;0,9;TRUE;0,53;0,8;FALSE;FALSE;0,53;0,47;0
"hs_co_m_Log2";"hs_bmi_c_cat";0,000154688532314652;1e-12;0,0944057279230113;0,10121616157268;0,10121616157268;0,0994771924749418;0,0655195022355022;-0,00724461949677385;0,232841223345875;-0,00724461949677385;0,232841223345875;100;1;0,9;TRUE;0,94;0,8;TRUE;TRUE;0,94;0,06;0
"hs_cs_m_Log2";"hs_bmi_c_cat";0,000154688532314652;1e-12;0,0211643969767875;0,0218283927588654;0,0218283927588654;0,0209798591242309;0,0601836702361025;-0,0918755535391179;0,153280695425586;-0,0918755535391179;0,153280695425586;100;1;0,9;TRUE;0,61;0,8;FALSE;FALSE;0,61;0,39;0
"hs_cu_m_Log2";"hs_bmi_c_cat";0,000154688532314652;1e-12;-0,111626835426927;-0,118068669104694;-0,118068669104694;-0,117514192037547;0,0654362014187765;-0,257214512282976;0,0102815941348348;-0,257214512282976;0,0102815941348348;100;1;0,9;TRUE;0,95;0,8;TRUE;TRUE;0,05;0,95;0
"hs_hg_m_Log2";"hs_bmi_c_cat";0,000154688532314652;1e-12;-0,0103334295150812;-0,0112097418769838;-0,0112097418769838;-0,0137916447861546;0,0799842878629181;-0,125260250580884;0,148218335314025;-0,125260250580884;0,148218335314025;100;1;0,9;TRUE;0,57;0,8;FALSE;FALSE;0,43;0,57;0
"hs_mn_m_Log2";"hs_bmi_c_cat";0,000154688532314652;1e-12;0,0559115051072569;0,0612263433154562;0,0612263433154562;0,051505721941584;0,0612851760558133;-0,0532507136203401;0,191502719162876;-0,0532507136203401;0,191502719162876;100;1;0,9;TRUE;0,89;0,8;TRUE;TRUE;0,89;0,11;0
"hs_mo_m_Log2";"hs_bmi_c_cat";0,000154688532314652;1e-12;0,0100424941292669;0,00155803160013546;0,00155803160013546;0,00181084334648316;0,091736702209149;-0,183156876024211;0,163795530637293;-0,183156876024211;0,163795530637293;100;1;0,9;TRUE;0,5;0,8;FALSE;FALSE;0,5;0,5;0
"hs_pb_m_Log2";"hs_bmi_c_cat";0,000154688532314652;1e-12;0,0227995190307463;0,0281458464175189;0,0281458464175189;0,0222996184091466;0,0672757777641066;-0,0915834316786515;0,169605462982415;-0,0915834316786515;0,169605462982415;100;1;0,9;TRUE;0,65;0,8;FALSE;FALSE;0,65;0,35;0
"h_humidity_preg_None";"hs_bmi_c_cat";0,000154688532314652;1e-12;-0,0261324942965943;-0,035102213522222;-0,035102213522222;-0,0407077779345886;0,0701069117939794;-0,153305806653491;0,0776621230264374;-0,153305806653491;0,0776621230264374;100;1;0,9;TRUE;0,67;0,8;FALSE;FALSE;0,33;0,67;0
"h_pressure_preg_None";"hs_bmi_c_cat";0,000154688532314652;1e-12;-0,0354440058467865;-0,036535926811258;-0,036535926811258;-0,03690054377379;0,0686569523745217;-0,152237818812911;0,0899420190872179;-0,152237818812911;0,0899420190872179;100;1;0,9;TRUE;0,67;0,8;FALSE;FALSE;0,33;0,67;0
"h_temperature_preg_None";"hs_bmi_c_cat";0,000154688532314652;1e-12;0,0352374892125059;0,0437887195928172;0,0437887195928172;0,0407162655053873;0,0656021553684316;-0,0774401103768014;0,151516772147892;-0,0774401103768014;0,151516772147892;100;1;0,9;TRUE;0,75;0,8;FALSE;FALSE;0,75;0,25;0
"h_ndvi100_preg_None";"hs_bmi_c_cat";0,000154688532314652;1e-12;-0,103489957139443;-0,100121740943642;-0,100121740943642;-0,107675786183338;0,0846602974560225;-0,264334781617048;0,0570445102649367;-0,264334781617048;0,0570445102649367;100;1;0,9;TRUE;0,87;0,8;TRUE;TRUE;0,13;0,87;0
"hs_dde_madj_Log2";"hs_bmi_c_cat";0,000154688532314652;1e-12;0,18309457310757;0,18830156430545;0,18830156430545;0,181997862593435;0,0722346032595339;0,0484802865454784;0,327039979050635;0,0484802865454784;0,327039979050635;100;1;0,9;TRUE;1;0,8;TRUE;TRUE;1;0;0
"hs_ddt_madj_Log2";"hs_bmi_c_cat";0,000154688532314652;1e-12;-0,00502117350652986;-0,00471453125945157;-0,00471453125945157;0,00706488155701887;0,0604514366533917;-0,140955181630632;0,0896466783854138;-0,140955181630632;0,0896466783854138;100;1;0,9;TRUE;0,46;0,8;FALSE;FALSE;0,54;0,46;0
"hs_hcb_madj_Log2";"hs_bmi_c_cat";0,000154688532314652;1e-12;-0,0176561637345338;-0,023782410815089;-0,023782410815089;-0,0187855173654401;0,0548459787321519;-0,129139508323947;0,0752047874379941;-0,129139508323947;0,0752047874379941;100;1;0,9;TRUE;0,67;0,8;FALSE;FALSE;0,33;0,67;0
"hs_pcb118_madj_Log2";"hs_bmi_c_cat";0,000154688532314652;1e-12;-0,0155772333417237;-0,0204044859564746;-0,0204044859564746;-0,0257230172312319;0,0722650371317868;-0,130327675423436;0,153313760757168;-0,130327675423436;0,153313760757168;100;1;0,9;TRUE;0,66;0,8;FALSE;FALSE;0,34;0,66;0
"hs_pcb138_madj_Log2";"hs_bmi_c_cat";0,000154688532314652;1e-12;-0,00300275115025716;0,00676240024064187;0,00676240024064187;-0,000129470643297364;0,0946554992208649;-0,164053303930451;0,193479186982951;-0,164053303930451;0,193479186982951;100;1;0,9;TRUE;0,5;0,8;FALSE;FALSE;0,5;0,5;0
"hs_pcb153_madj_Log2";"hs_bmi_c_cat";0,000154688532314652;1e-12;0,0603272536693423;0,0589492921387668;0,0589492921387668;0,0430615485364202;0,0782107081102925;-0,0748169700304606;0,215123051030503;-0,0748169700304606;0,215123051030503;100;1;0,9;TRUE;0,78;0,8;FALSE;FALSE;0,78;0,22;0
"hs_pcb170_madj_Log2";"hs_bmi_c_cat";0,000154688532314652;1e-12;-0,15343278958968;-0,148550584712067;-0,148550584712067;-0,148149293091304;0,0843622684737715;-0,309372862216083;-0,0103993695340545;-0,309372862216083;-0,0103993695340545;100;1;0,9;TRUE;0,99;0,8;TRUE;TRUE;0,01;0,99;0
"hs_pcb180_madj_Log2";"hs_bmi_c_cat";0,000154688532314652;1e-12;-0,067282773547683;-0,0649315371759688;-0,0649315371759688;-0,0671655298756595;0,0650901149277769;-0,206188685135711;0,0643054262363914;-0,206188685135711;0,0643054262363914;100;1;0,9;TRUE;0,87;0,8;TRUE;TRUE;0,13;0,87;0
"hs_sumPCBs5_madj_Log2";"hs_bmi_c_cat";0,000154688532314652;1e-12;-0,101287626440323;-0,105883155482612;-0,105883155482612;-0,108976761098083;0,079735205663259;-0,254407639720034;0,0293458623684908;-0,254407639720034;0,0293458623684908;100;1;0,9;TRUE;0,92;0,8;TRUE;TRUE;0,08;0,92;0
"hs_pfhxs_m_Log2";"hs_bmi_c_cat";0,000154688532314652;1e-12;-0,146748491659093;-0,141476678260486;-0,141476678260486;-0,144852734132945;0,0764858809590209;-0,273930883166294;0,0114466642423622;-0,273930883166294;0,0114466642423622;100;1;0,9;TRUE;0,96;0,8;TRUE;TRUE;0,04;0,96;0
"hs_pfna_m_Log2";"hs_bmi_c_cat";0,000154688532314652;1e-12;0,161050775933476;0,166165939459576;0,166165939459576;0,1639931516893;0,0705493014674213;0,0511350682412031;0,308291183427613;0,0511350682412031;0,308291183427613;100;1;0,9;TRUE;1;0,8;TRUE;TRUE;1;0;0
"hs_pfoa_m_Log2";"hs_bmi_c_cat";0,000154688532314652;1e-12;0,0456295147256279;0,0412071587484681;0,0412071587484681;0,0510291025721671;0,0744951786558413;-0,0913855572598748;0,172438891143383;-0,0913855572598748;0,172438891143383;100;1;0,9;TRUE;0,66;0,8;FALSE;FALSE;0,66;0,34;0
"hs_pfos_m_Log2";"hs_bmi_c_cat";0,000154688532314652;1e-12;-0,0439446266735611;-0,0415985252429952;-0,0415985252429952;-0,038359185027617;0,0737838320003312;-0,169777786583722;0,0912234943787678;-0,169777786583722;0,0912234943787678;100;1;0,9;TRUE;0,74;0,8;FALSE;FALSE;0,26;0,74;0
"hs_pfunda_m_Log2";"hs_bmi_c_cat";0,000154688532314652;1e-12;0,0256020826378586;0,0321180718459217;0,0321180718459217;0,0322057126636683;0,0704175098796205;-0,0971010772985248;0,142187050121024;-0,0971010772985248;0,142187050121024;100;1;0,9;TRUE;0,67;0,8;FALSE;FALSE;0,67;0,33;0
"e3_asmokcigd_p_None";"hs_bmi_c_cat";0,000154688532314652;1e-12;-0,0615309621376032;-0,0575548020965874;-0,0575548020965874;-0,0606614347221982;0,0605914854183254;-0,170921257400797;0,0638841860465638;-0,170921257400797;0,0638841860465638;100;1;0,9;TRUE;0,83;0,8;TRUE;TRUE;0,17;0,83;0
"h_distinvnear1_preg_Log";"hs_bmi_c_cat";0,000154688532314652;1e-12;0,0344190910558072;0,0354966564096524;0,0354966564096524;0,0294918879005033;0,0757231084442338;-0,101512396033228;0,16203287683401;-0,101512396033228;0,16203287683401;100;1;0,9;TRUE;0,69;0,8;FALSE;FALSE;0,69;0,31;0
"h_trafload_preg_pow1over3";"hs_bmi_c_cat";0,000154688532314652;1e-12;0,200634042410839;0,205734687967197;0,205734687967197;0,211659204366783;0,0688243904433502;0,0702833686970572;0,337950832870687;0,0702833686970572;0,337950832870687;100;1;0,9;TRUE;1;0,8;TRUE;TRUE;1;0;0
"h_trafnear_preg_pow1over3";"hs_bmi_c_cat";0,000154688532314652;1e-12;0,0155260461377874;0,0181204940513571;0,0181204940513571;0,0160169874329301;0,0729094839612408;-0,118907193709279;0,156769289497308;-0,118907193709279;0,156769289497308;100;1;0,9;TRUE;0,6;0,8;FALSE;FALSE;0,6;0,4;0
"h_bro_preg_Log";"hs_bmi_c_cat";0,000154688532314652;1e-12;0,0296164463200468;0,0253797833667142;0,0253797833667142;0,0265289400021834;0,0729683710544448;-0,111596235545693;0,162087790909137;-0,111596235545693;0,162087790909137;100;1;0,9;TRUE;0,62;0,8;FALSE;FALSE;0,62;0,38;0
"h_clf_preg_Log";"hs_bmi_c_cat";0,000154688532314652;1e-12;-0,0531588013438249;-0,0607689331397386;-0,0607689331397386;-0,0635195962965557;0,0733727493194028;-0,205705715448404;0,0543590235981802;-0,205705715448404;0,0543590235981802;100;1;0,9;TRUE;0,77;0,8;FALSE;FALSE;0,23;0,77;0
"h_thm_preg_Log";"hs_bmi_c_cat";0,000154688532314652;1e-12;-0,0822698681325377;-0,0783543552670342;-0,0783543552670342;-0,0812768547873762;0,0890440074626579;-0,257512673362477;0,105800047850433;-0,257512673362477;0,105800047850433;100;1;0,9;TRUE;0,83;0,8;TRUE;TRUE;0,17;0,83;0
"e3_alcpreg_yn_None_1";"hs_bmi_c_cat";0,000154688532314652;1e-12;-0,132108956713862;-0,144814081547705;-0,144814081547705;-0,120516980683368;0,145882236370497;-0,441394470012899;0,124860944205687;-0,441394470012899;0,124860944205687;100;1;0,9;TRUE;0,85;0,8;TRUE;TRUE;0,15;0,85;0
"h_pamod_t3_None_Often";"hs_bmi_c_cat";0,000154688532314652;1e-12;-0,201812968392679;-0,207833696701958;-0,207833696701958;-0,204430259534024;0,116351996266843;-0,432688814744727;0,0107380649310423;-0,432688814744727;0,0107380649310423;100;1;0,9;TRUE;0,96;0,8;TRUE;TRUE;0,04;0,96;0
"h_pamod_t3_None_Sometimes";"hs_bmi_c_cat";0,000154688532314652;1e-12;-0,146255393555038;-0,143049390230976;-0,143049390230976;-0,139193241814101;0,195449848241031;-0,575011512316598;0,195299156575781;-0,575011512316598;0,195299156575781;100;1;0,9;TRUE;0,8;0,8;TRUE;TRUE;0,2;0,8;0
"h_pamod_t3_None_Very Often";"hs_bmi_c_cat";0,000154688532314652;1e-12;-0,0954240853750324;-0,101465215391233;-0,101465215391233;-0,10252807675654;0,117596363353829;-0,337273564024693;0,160569028158974;-0,337273564024693;0,160569028158974;100;1;0,9;TRUE;0,82;0,8;TRUE;TRUE;0,18;0,82;0
"h_pavig_t3_None_Low";"hs_bmi_c_cat";0,000154688532314652;1e-12;-0,305116712459256;-0,315161267164302;-0,315161267164302;-0,301997505139438;0,150019849675833;-0,554941454627025;-0,0393839621629464;-0,554941454627025;-0,0393839621629464;100;1;0,9;TRUE;0,98;0,8;TRUE;TRUE;0,02;0,98;0
"h_pavig_t3_None_Medium";"hs_bmi_c_cat";0,000154688532314652;1e-12;-0,157880230537439;-0,15330966126104;-0,15330966126104;-0,168105771834342;0,168792258078404;-0,454391993233341;0,160899210838166;-0,454391993233341;0,160899210838166;100;1;0,9;TRUE;0,79;0,8;FALSE;FALSE;0,21;0,79;0
"hs_no2_dy_hs_h_Log";"hs_bmi_c_cat";0,000154688532314652;1e-12;-0,199923320168947;-0,189914437947445;-0,189914437947445;-0,189764348701302;0,0710695532602825;-0,313400295872981;-0,0677561980534046;-0,313400295872981;-0,0677561980534046;100;1;0,9;TRUE;1;0,8;TRUE;TRUE;0;1;0
"hs_no2_wk_hs_h_Log";"hs_bmi_c_cat";0,000154688532314652;1e-12;0,0617165883443106;0,0553046088823253;0,0553046088823253;0,0550661682378304;0,0654567950047268;-0,0519553591219001;0,183249440244816;-0,0519553591219001;0,183249440244816;100;1;0,9;TRUE;0,79;0,8;FALSE;FALSE;0,79;0,21;0
"hs_no2_yr_hs_h_Log";"hs_bmi_c_cat";0,000154688532314652;1e-12;0,063739712391766;0,0586205890528651;0,0586205890528651;0,0584040420461318;0,0541364079112323;-0,0446255565479781;0,151995531935143;-0,0446255565479781;0,151995531935143;100;1;0,9;TRUE;0,87;0,8;TRUE;TRUE;0,87;0,13;0
"hs_pm10_dy_hs_h_None";"hs_bmi_c_cat";0,000154688532314652;1e-12;0,129257518880195;0,132304943041243;0,132304943041243;0,135864164831179;0,0756975801099995;-0,00902582799094823;0,311154279186841;-0,00902582799094823;0,311154279186841;100;1;0,9;TRUE;0,95;0,8;TRUE;TRUE;0,95;0,05;0
"hs_pm10_wk_hs_h_None";"hs_bmi_c_cat";0,000154688532314652;1e-12;-0,134693666989774;-0,113232339542419;-0,113232339542419;-0,115397862297618;0,0751684606526341;-0,227657324738643;0,0568360309888907;-0,227657324738643;0,0568360309888907;100;1;0,9;TRUE;0,93;0,8;TRUE;TRUE;0,07;0,93;0
"hs_pm10_yr_hs_h_None";"hs_bmi_c_cat";0,000154688532314652;1e-12;-0,0412806955954684;-0,0316412734338821;-0,0316412734338821;-0,0286791493439072;0,0802998388872066;-0,203496535574171;0,0966898868686834;-0,203496535574171;0,0966898868686834;100;1;0,9;TRUE;0,62;0,8;FALSE;FALSE;0,38;0,62;0
"hs_pm25_dy_hs_h_None";"hs_bmi_c_cat";0,000154688532314652;1e-12;0,0996375419286188;0,0921349804097516;0,0921349804097516;0,0951634239584374;0,0758206294757973;-0,0714064602373544;0,216339264386048;-0,0714064602373544;0,216339264386048;100;1;0,9;TRUE;0,89;0,8;TRUE;TRUE;0,89;0,11;0
"hs_pm25_wk_hs_h_None";"hs_bmi_c_cat";0,000154688532314652;1e-12;0,0173069608664891;0,00425778456472441;0,00425778456472441;-0,00170174209018062;0,0766861620058144;-0,134271471266413;0,141376064484626;-0,134271471266413;0,141376064484626;100;1;0,9;TRUE;0,48;0,8;FALSE;FALSE;0,48;0,52;0
"hs_pm25_yr_hs_h_None";"hs_bmi_c_cat";0,000154688532314652;1e-12;0,0563275389578066;0,0479434583214523;0,0479434583214523;0,050003754427093;0,0808777004534215;-0,105661772391581;0,182462737237428;-0,105661772391581;0,182462737237428;100;1;0,9;TRUE;0,72;0,8;FALSE;FALSE;0,72;0,28;0
"hs_pm25abs_dy_hs_h_Log";"hs_bmi_c_cat";0,000154688532314652;1e-12;-0,00454707516115226;-0,00785065035882771;-0,00785065035882771;-0,00242270788409744;0,065400900733997;-0,126170503317616;0,118503506406886;-0,126170503317616;0,118503506406886;100;1;0,9;TRUE;0,51;0,8;FALSE;FALSE;0,49;0,51;0
"hs_pm25abs_wk_hs_h_Log";"hs_bmi_c_cat";0,000154688532314652;1e-12;0,0584821132955038;0,0662618023415787;0,0662618023415787;0,0681621918055111;0,0718021929290042;-0,0570861339083976;0,212561210238323;-0,0570861339083976;0,212561210238323;100;1;0,9;TRUE;0,82;0,8;TRUE;TRUE;0,82;0,18;0
"hs_pm25abs_yr_hs_h_Log";"hs_bmi_c_cat";0,000154688532314652;1e-12;0,0422738820141926;0,0447017101977991;0,0447017101977991;0,0494876092529542;0,0700845692161174;-0,10910857512002;0,175337848602264;-0,10910857512002;0,175337848602264;100;1;0,9;TRUE;0,73;0,8;FALSE;FALSE;0,73;0,27;0
"hs_accesslines300_h_dic0";"hs_bmi_c_cat";0,000154688532314652;1e-12;-0,0112596982042924;-0,00315528556150052;-0,00315528556150052;-0,021810579888446;0,187267929322392;-0,343301920656297;0,335422038518984;-0,343301920656297;0,335422038518984;100;1;0,9;TRUE;0,52;0,8;FALSE;FALSE;0,48;0,52;0
"hs_accesspoints300_h_Log";"hs_bmi_c_cat";0,000154688532314652;1e-12;-0,017077218194528;-0,0298505454875189;-0,0298505454875189;-0,0264275967850197;0,0814392387703663;-0,186481051334361;0,123539558996605;-0,186481051334361;0,123539558996605;100;1;0,9;TRUE;0,66;0,8;FALSE;FALSE;0,34;0,66;0
"hs_builtdens300_h_Sqrt";"hs_bmi_c_cat";0,000154688532314652;1e-12;-0,0499272341086122;-0,0429773671109491;-0,0429773671109491;-0,0415880074941221;0,0701630580383528;-0,164189758096984;0,0890124972254576;-0,164189758096984;0,0890124972254576;100;1;0,9;TRUE;0,74;0,8;FALSE;FALSE;0,26;0,74;0
"hs_connind300_h_Log";"hs_bmi_c_cat";0,000154688532314652;1e-12;0,0770087010796355;0,0768190674037132;0,0768190674037132;0,0709591228671698;0,0771375533499462;-0,063085346499808;0,22956091335998;-0,063085346499808;0,22956091335998;100;1;0,9;TRUE;0,84;0,8;TRUE;TRUE;0,84;0,16;0
"hs_fdensity300_h_Log";"hs_bmi_c_cat";0,000154688532314652;1e-12;-0,0849896728739154;-0,0926272804772861;-0,0926272804772861;-0,0915612753781299;0,0788756657233645;-0,259334467308343;0,0505692271393084;-0,259334467308343;0,0505692271393084;100;1;0,9;TRUE;0,89;0,8;TRUE;TRUE;0,11;0,89;0
"hs_landuseshan300_h_None";"hs_bmi_c_cat";0,000154688532314652;1e-12;-0,0371522041185253;-0,0369124591758466;-0,0369124591758466;-0,0421989044897458;0,0774807774141537;-0,157609893700654;0,119570142466088;-0,157609893700654;0,119570142466088;100;1;0,9;TRUE;0,72;0,8;FALSE;FALSE;0,28;0,72;0
"hs_popdens_h_Sqrt";"hs_bmi_c_cat";0,000154688532314652;1e-12;0,0760630461489521;0,081202227209462;0,081202227209462;0,081492943630138;0,0764849711861136;-0,0829523282001468;0,217733183232229;-0,0829523282001468;0,217733183232229;100;1;0,9;TRUE;0,88;0,8;TRUE;TRUE;0,88;0,12;0
"hs_walkability_mean_h_None";"hs_bmi_c_cat";0,000154688532314652;1e-12;0,052080617536011;0,0439252325453452;0,0439252325453452;0,0477796357770671;0,0765031136676283;-0,105114500994432;0,173000677576229;-0,105114500994432;0,173000677576229;100;1;0,9;TRUE;0,72;0,8;FALSE;FALSE;0,72;0,28;0
"hs_accesslines300_s_dic0";"hs_bmi_c_cat";0,000154688532314652;1e-12;0,185768724597701;0,172829836585607;0,172829836585607;0,189615911812467;0,192922000108428;-0,221437190644097;0,511390130346071;-0,221437190644097;0,511390130346071;100;1;0,9;TRUE;0,82;0,8;TRUE;TRUE;0,82;0,18;0
"hs_accesspoints300_s_Log";"hs_bmi_c_cat";0,000154688532314652;1e-12;-0,186816764388421;-0,189540252052512;-0,189540252052512;-0,187922481837895;0,0854063706945146;-0,356492240907047;-0,0439675724560982;-0,356492240907047;-0,0439675724560982;100;1;0,9;TRUE;0,99;0,8;TRUE;TRUE;0,01;0,99;0
"hs_builtdens300_s_Sqrt";"hs_bmi_c_cat";0,000154688532314652;1e-12;0,0139805132719988;0,00790209454910453;0,00790209454910453;0,0111480664833227;0,074667186708135;-0,12828026323809;0,145159311064996;-0,12828026323809;0,145159311064996;100;1;0,9;TRUE;0,55;0,8;FALSE;FALSE;0,55;0,45;0
"hs_connind300_s_Log";"hs_bmi_c_cat";0,000154688532314652;1e-12;-0,0774117436495899;-0,0803149510119696;-0,0803149510119696;-0,0876507422506557;0,0825125560590514;-0,223361471862539;0,0825510579505864;-0,223361471862539;0,0825510579505864;100;1;0,9;TRUE;0,8;0,8;TRUE;TRUE;0,2;0,8;0
"hs_fdensity300_s_Log";"hs_bmi_c_cat";0,000154688532314652;1e-12;-0,0533507177285247;-0,0591303543089474;-0,0591303543089474;-0,0626953847876163;0,0848661614203578;-0,222207670365515;0,0982027985118643;-0,222207670365515;0,0982027985118643;100;1;0,9;TRUE;0,76;0,8;FALSE;FALSE;0,24;0,76;0
"hs_landuseshan300_s_None";"hs_bmi_c_cat";0,000154688532314652;1e-12;-0,0188696379242492;-0,0235865221650535;-0,0235865221650535;-0,0237800892624609;0,0758661345875952;-0,176162961535101;0,110285015491676;-0,176162961535101;0,110285015491676;100;1;0,9;TRUE;0,62;0,8;FALSE;FALSE;0,38;0,62;0
"hs_popdens_s_Sqrt";"hs_bmi_c_cat";0,000154688532314652;1e-12;-0,116299386419252;-0,119977060720405;-0,119977060720405;-0,123566004192921;0,0724993281413465;-0,263003114411109;0,0230901891633294;-0,263003114411109;0,0230901891633294;100;1;0,9;TRUE;0,93;0,8;TRUE;TRUE;0,07;0,93;0
"h_Absorbance_Log";"hs_bmi_c_cat";0,000154688532314652;1e-12;-0,0612777461769336;-0,0615571881197324;-0,0615571881197324;-0,0563536187588594;0,0741749847029713;-0,213136301494801;0,0810799994846984;-0,213136301494801;0,0810799994846984;100;1;0,9;TRUE;0,81;0,8;TRUE;TRUE;0,19;0,81;0
"h_Benzene_Log";"hs_bmi_c_cat";0,000154688532314652;1e-12;0,0848255661305457;0,0903710602008797;0,0903710602008797;0,0843554451747315;0,0742347410999348;-0,0691191368164455;0,228674724234252;-0,0691191368164455;0,228674724234252;100;1;0,9;TRUE;0,9;0,8;TRUE;TRUE;0,9;0,1;0
"h_NO2_Log";"hs_bmi_c_cat";0,000154688532314652;1e-12;0,0444993069436644;0,0440133318790954;0,0440133318790954;0,0500462181723479;0,0760470485594903;-0,0888102987123502;0,197677753350785;-0,0888102987123502;0,197677753350785;100;1;0,9;TRUE;0,69;0,8;FALSE;FALSE;0,69;0,31;0
"h_PM_Log";"hs_bmi_c_cat";0,000154688532314652;1e-12;0,113096537089049;0,118326797927724;0,118326797927724;0,119863468625569;0,0739166093405155;-0,00896047917370707;0,249375331347516;-0,00896047917370707;0,249375331347516;100;1;0,9;TRUE;0,92;0,8;TRUE;TRUE;0,92;0,08;0
"h_TEX_Log";"hs_bmi_c_cat";0,000154688532314652;1e-12;0,0582988207230811;0,0539553952438535;0,0539553952438535;0,0568612560333463;0,0721586447550545;-0,100222547340077;0,17080135997588;-0,100222547340077;0,17080135997588;100;1;0,9;TRUE;0,75;0,8;FALSE;FALSE;0,75;0,25;0
"hs_KIDMED_None";"hs_bmi_c_cat";0,000154688532314652;1e-12;0,133951398928354;0,136949332728143;0,136949332728143;0,134985073123585;0,0727228829862654;-0,0115136143809073;0,295779500566147;-0,0115136143809073;0,295779500566147;100;1;0,9;TRUE;0,96;0,8;TRUE;TRUE;0,96;0,04;0
"hs_mvpa_prd_alt_None";"hs_bmi_c_cat";0,000154688532314652;1e-12;-0,0771577318912324;-0,0747931666783144;-0,0747931666783144;-0,0758566517357624;0,0761015813746647;-0,220207482685152;0,0925197403701547;-0,220207482685152;0,0925197403701547;100;1;0,9;TRUE;0,85;0,8;TRUE;TRUE;0,15;0,85;0
"hs_sd_wk_None";"hs_bmi_c_cat";0,000154688532314652;1e-12;-0,000218772395551087;-0,00472369176323973;-0,00472369176323973;-0,00603912627249831;0,0766014159404093;-0,139028868573333;0,148029828985744;-0,139028868573333;0,148029828985744;100;1;0,9;TRUE;0,51;0,8;FALSE;FALSE;0,49;0,51;0
"hs_dif_hours_total_None";"hs_bmi_c_cat";0,000154688532314652;1e-12;-0,0955293919024434;-0,100495987591479;-0,100495987591479;-0,0975011770999882;0,0618159929955048;-0,206362697972784;0,0202990512574599;-0,206362697972784;0,0202990512574599;100;1;0,9;TRUE;0,96;0,8;TRUE;TRUE;0,04;0,96;0
"hs_as_c_Log2";"hs_bmi_c_cat";0,000154688532314652;1e-12;-0,0460764370676494;-0,0443727422217434;-0,0443727422217434;-0,0423243783496251;0,0688877275047428;-0,161114267231678;0,108208767125854;-0,161114267231678;0,108208767125854;100;1;0,9;TRUE;0,75;0,8;FALSE;FALSE;0,25;0,75;0
"hs_cd_c_Log2";"hs_bmi_c_cat";0,000154688532314652;1e-12;0,0363667393839675;0,0335839409420152;0,0335839409420152;0,035774987786789;0,0684113819720595;-0,099301558749623;0,16601816116106;-0,099301558749623;0,16601816116106;100;1;0,9;TRUE;0,69;0,8;FALSE;FALSE;0,69;0,31;0
"hs_co_c_Log2";"hs_bmi_c_cat";0,000154688532314652;1e-12;-0,104269855522406;-0,105199206629289;-0,105199206629289;-0,0904730761123057;0,0655411624981826;-0,229892770051999;0,0170835862694322;-0,229892770051999;0,0170835862694322;100;1;0,9;TRUE;0,95;0,8;TRUE;TRUE;0,05;0,95;0
"hs_cs_c_Log2";"hs_bmi_c_cat";0,000154688532314652;1e-12;0,238874319864735;0,242020350452058;0,242020350452058;0,242220732731135;0,0711604932406905;0,101127358285869;0,379945034815761;0,101127358285869;0,379945034815761;100;1;0,9;TRUE;1;0,8;TRUE;TRUE;1;0;0
"hs_cu_c_Log2";"hs_bmi_c_cat";0,000154688532314652;1e-12;0,252077382646528;0,264935075341357;0,264935075341357;0,251610550218311;0,0619628621866623;0,163106388369805;0,398116105118034;0,163106388369805;0,398116105118034;100;1;0,9;TRUE;1;0,8;TRUE;TRUE;1;0;0
"hs_hg_c_Log2";"hs_bmi_c_cat";0,000154688532314652;1e-12;0,0146991674613614;0,0112664399352956;0,0112664399352956;0,00417443101276506;0,077823699405006;-0,128601497006246;0,173150479162252;-0,128601497006246;0,173150479162252;100;1;0,9;TRUE;0,54;0,8;FALSE;FALSE;0,54;0,46;0
"hs_mn_c_Log2";"hs_bmi_c_cat";0,000154688532314652;1e-12;-0,0302831699334354;-0,0314020933072273;-0,0314020933072273;-0,0271837032277322;0,0558039478166222;-0,134900421878136;0,0892674350601853;-0,134900421878136;0,0892674350601853;100;1;0,9;TRUE;0,73;0,8;FALSE;FALSE;0,27;0,73;0
"hs_mo_c_Log2";"hs_bmi_c_cat";0,000154688532314652;1e-12;-0,0791158929766007;-0,0818301112605363;-0,0818301112605363;-0,0827831065813938;0,0560999755895684;-0,187226373593925;0,0206143670778682;-0,187226373593925;0,0206143670778682;100;1;0,9;TRUE;0,93;0,8;TRUE;TRUE;0,07;0,93;0
"hs_pb_c_Log2";"hs_bmi_c_cat";0,000154688532314652;1e-12;0,00511627518070518;0,00634995056645167;0,00634995056645167;0,0100203467489825;0,0687580722666816;-0,133317797218816;0,132256623264068;-0,133317797218816;0,132256623264068;100;1;0,9;TRUE;0,54;0,8;FALSE;FALSE;0,54;0,46;0
"hs_hum_mt_hs_h_None";"hs_bmi_c_cat";0,000154688532314652;1e-12;0,247891995960671;0,252469196392423;0,252469196392423;0,248911442357138;0,0936470959878711;0,0807196063296342;0,453075818691982;0,0807196063296342;0,453075818691982;100;1;0,9;TRUE;1;0,8;TRUE;TRUE;1;0;0
"hs_tm_mt_hs_h_None";"hs_bmi_c_cat";0,000154688532314652;1e-12;-0,0383832526415504;-0,0370830523302375;-0,0370830523302375;-0,039834611351315;0,0640584572136039;-0,1430738878267;0,0857284988031418;-0,1430738878267;0,0857284988031418;100;1;0,9;TRUE;0,71;0,8;FALSE;FALSE;0,29;0,71;0
"hs_uvdvf_mt_hs_h_None";"hs_bmi_c_cat";0,000154688532314652;1e-12;0,101255375567557;0,096636555231362;0,096636555231362;0,0848480669978313;0,0618528609296021;-0,0151220669441038;0,229341441241596;-0,0151220669441038;0,229341441241596;100;1;0,9;TRUE;0,95;0,8;TRUE;TRUE;0,95;0,05;0
"hs_hum_dy_hs_h_None";"hs_bmi_c_cat";0,000154688532314652;1e-12;0,0182888662968697;0,0253344225840951;0,0253344225840951;0,0230800512949936;0,0709124852833251;-0,100780518590152;0,157729547550399;-0,100780518590152;0,157729547550399;100;1;0,9;TRUE;0,65;0,8;FALSE;FALSE;0,65;0,35;0
"hs_hum_wk_hs_h_None";"hs_bmi_c_cat";0,000154688532314652;1e-12;0,126314170152351;0,127902068252999;0,127902068252999;0,137533196640238;0,0844898644575518;-0,02718463511496;0,261090351902828;-0,02718463511496;0,261090351902828;100;1;0,9;TRUE;0,95;0,8;TRUE;TRUE;0,95;0,05;0
"hs_tm_dy_hs_h_None";"hs_bmi_c_cat";0,000154688532314652;1e-12;-0,0919917340701545;-0,0894579807413481;-0,0894579807413481;-0,088071124017154;0,082621961989268;-0,241657311521498;0,0701079380432423;-0,241657311521498;0,0701079380432423;100;1;0,9;TRUE;0,88;0,8;TRUE;TRUE;0,12;0,88;0
"hs_tm_wk_hs_h_None";"hs_bmi_c_cat";0,000154688532314652;1e-12;-0,00342875338653304;-0,00578795648010652;-0,00578795648010652;-0,00836644053215305;0,0644565213093011;-0,118139609014126;0,101741274208652;-0,118139609014126;0,101741274208652;100;1;0,9;TRUE;0,54;0,8;FALSE;FALSE;0,46;0,54;0
"hs_uvdvf_dy_hs_h_None";"hs_bmi_c_cat";0,000154688532314652;1e-12;-0,0290828094763403;-0,0321800017611788;-0,0321800017611788;-0,0283121617122629;0,0658532805400221;-0,167584407418404;0,0827977428286218;-0,167584407418404;0,0827977428286218;100;1;0,9;TRUE;0,67;0,8;FALSE;FALSE;0,33;0,67;0
"hs_uvdvf_wk_hs_h_None";"hs_bmi_c_cat";0,000154688532314652;1e-12;0,0158149194852248;0,0114559308958094;0,0114559308958094;0,00960553582267344;0,0656267488980651;-0,101456190815979;0,133676955832292;-0,101456190815979;0,133676955832292;100;1;0,9;TRUE;0,58;0,8;FALSE;FALSE;0,58;0,42;0
"hs_ndvi100_h_None";"hs_bmi_c_cat";0,000154688532314652;1e-12;-0,0608664816795478;-0,0637970704528421;-0,0637970704528421;-0,0719938020275953;0,0740329391029625;-0,207860031350051;0,0707407218985457;-0,207860031350051;0,0707407218985457;100;1;0,9;TRUE;0,77;0,8;FALSE;FALSE;0,23;0,77;0
"hs_ndvi100_s_None";"hs_bmi_c_cat";0,000154688532314652;1e-12;-0,0783760591947933;-0,0784267321748382;-0,0784267321748382;-0,085111529020345;0,0864939727965605;-0,255981167259431;0,0737269503038229;-0,255981167259431;0,0737269503038229;100;1;0,9;TRUE;0,79;0,8;FALSE;FALSE;0,21;0,79;0
"hs_dde_cadj_Log2";"hs_bmi_c_cat";0,000154688532314652;1e-12;-0,240499351468573;-0,241445267574862;-0,241445267574862;-0,251770539479424;0,0905972293588431;-0,377890945563664;-0,0534866677383778;-0,377890945563664;-0,0534866677383778;100;1;0,9;TRUE;1;0,8;TRUE;TRUE;0;1;0
"hs_ddt_cadj_Log2";"hs_bmi_c_cat";0,000154688532314652;1e-12;0,0410915970878919;0,0429133997928988;0,0429133997928988;0,0311021621708694;0,0764609633207891;-0,0988295382471527;0,195647803686194;-0,0988295382471527;0,195647803686194;100;1;0,9;TRUE;0,75;0,8;FALSE;FALSE;0,75;0,25;0
"hs_hcb_cadj_Log2";"hs_bmi_c_cat";0,000154688532314652;1e-12;-0,48657730173777;-0,474515610093298;-0,474515610093298;-0,473437477845042;0,0790685333692337;-0,621350644221682;-0,316256113649599;-0,621350644221682;-0,316256113649599;100;1;0,9;TRUE;1;0,8;TRUE;TRUE;0;1;0
"hs_pcb118_cadj_Log2";"hs_bmi_c_cat";0,000154688532314652;1e-12;0,0653716832893338;0,0566354440241696;0,0566354440241696;0,0550385152095066;0,0699650924293702;-0,0734860941074456;0,194273030083396;-0,0734860941074456;0,194273030083396;100;1;0,9;TRUE;0,79;0,8;FALSE;FALSE;0,79;0,21;0
"hs_pcb138_cadj_Log2";"hs_bmi_c_cat";0,000154688532314652;1e-12;0,0653545229982325;0,0454386927580286;0,0454386927580286;0,0629450507116052;0,0788705423130943;-0,13029341044849;0,178317811924518;-0,13029341044849;0,178317811924518;100;1;0,9;TRUE;0,76;0,8;FALSE;FALSE;0,76;0,24;0
"hs_pcb153_cadj_Log2";"hs_bmi_c_cat";0,000154688532314652;1e-12;-0,0794258155729089;-0,0880525752372867;-0,0880525752372867;-0,0857553748269065;0,0721906666346519;-0,226511691939091;0,0406523859193316;-0,226511691939091;0,0406523859193316;100;1;0,9;TRUE;0,88;0,8;TRUE;TRUE;0,12;0,88;0
"hs_pcb170_cadj_Log2";"hs_bmi_c_cat";0,000154688532314652;1e-12;-0,241951434247885;-0,247471067364141;-0,247471067364141;-0,24201185555911;0,0838402274937746;-0,417837916493858;-0,0855251379587939;-0,417837916493858;-0,0855251379587939;100;1;0,9;TRUE;1;0,8;TRUE;TRUE;0;1;0
"hs_pcb180_cadj_Log2";"hs_bmi_c_cat";0,000154688532314652;1e-12;-0,0964432745844096;-0,111962663411929;-0,111962663411929;-0,111814941187815;0,0804030208299453;-0,282493939058936;0,0396040327085494;-0,282493939058936;0,0396040327085494;100;1;0,9;TRUE;0,94;0,8;TRUE;TRUE;0,06;0,94;0
"hs_sumPCBs5_cadj_Log2";"hs_bmi_c_cat";0,000154688532314652;1e-12;-0,155248294922283;-0,156550109589995;-0,156550109589995;-0,146326937314452;0,068337841208516;-0,288296929081116;-0,0411918995201349;-0,288296929081116;-0,0411918995201349;100;1;0,9;TRUE;1;0,8;TRUE;TRUE;0;1;0
"hs_pfhxs_c_Log2";"hs_bmi_c_cat";0,000154688532314652;1e-12;0,0306554470113406;0,0290749723569114;0,0290749723569114;0,0297985975740432;0,061680825174092;-0,102684531518851;0,148098985915432;-0,102684531518851;0,148098985915432;100;1;0,9;TRUE;0,68;0,8;FALSE;FALSE;0,68;0,32;0
"hs_pfna_c_Log2";"hs_bmi_c_cat";0,000154688532314652;1e-12;0,0631262541637895;0,0621514300774294;0,0621514300774294;0,0685035519750601;0,0794672034851575;-0,128274101582583;0,236047615322604;-0,128274101582583;0,236047615322604;100;1;0,9;TRUE;0,8;0,8;TRUE;TRUE;0,8;0,2;0
"hs_pfoa_c_Log2";"hs_bmi_c_cat";0,000154688532314652;1e-12;-0,0957594802853745;-0,0993758138025093;-0,0993758138025093;-0,106278092041113;0,0745787600726985;-0,244553099385745;0,0419693967569302;-0,244553099385745;0,0419693967569302;100;1;0,9;TRUE;0,88;0,8;TRUE;TRUE;0,12;0,88;0
"hs_pfos_c_Log2";"hs_bmi_c_cat";0,000154688532314652;1e-12;-0,0889945802006058;-0,0839817659276723;-0,0839817659276723;-0,0876627361668042;0,0750188362935882;-0,220143004020609;0,0662167655313907;-0,220143004020609;0,0662167655313907;100;1;0,9;TRUE;0,88;0,8;TRUE;TRUE;0,12;0,88;0
"hs_pfunda_c_Log2";"hs_bmi_c_cat";0,000154688532314652;1e-12;0,0242929393647669;0,0245000205273709;0,0245000205273709;0,0318028056834271;0,0737684957665428;-0,108135293751056;0,151415512943189;-0,108135293751056;0,151415512943189;100;1;0,9;TRUE;0,65;0,8;FALSE;FALSE;0,65;0,35;0
"hs_hm_pers_None";"hs_bmi_c_cat";0,000154688532314652;1e-12;-0,0499312968596764;-0,0477273529525289;-0,0477273529525289;-0,0439549760034027;0,0671603512654415;-0,177345798525707;0,0710665466536148;-0,177345798525707;0,0710665466536148;100;1;0,9;TRUE;0,76;0,8;FALSE;FALSE;0,24;0,76;0
"hs_trafload_h_pow1over3";"hs_bmi_c_cat";0,000154688532314652;1e-12;-0,110509936639822;-0,106520714199303;-0,106520714199303;-0,0991597755706229;0,0686017305141361;-0,253210791848667;0,000467433626535912;-0,253210791848667;0,000467433626535912;100;1;0,9;TRUE;0,97;0,8;TRUE;TRUE;0,03;0,97;0
"hs_trafnear_h_pow1over3";"hs_bmi_c_cat";0,000154688532314652;1e-12;0,0485388328178791;0,0529233022593328;0,0529233022593328;0,0543543286319179;0,0809155461712526;-0,0940209181698942;0,227036494327029;-0,0940209181698942;0,227036494327029;100;1;0,9;TRUE;0,75;0,8;FALSE;FALSE;0,75;0,25;0
"FAS_cat_None_Low";"hs_bmi_c_cat";0,000154688532314652;1e-12;-0,471692043772102;-0,474735299414369;-0,474735299414369;-0,48297733361637;0,176574180369216;-0,806229244205057;-0,143923251657503;-0,806229244205057;-0,143923251657503;100;1;0,9;TRUE;1;0,8;TRUE;TRUE;0;1;0
"FAS_cat_None_Middle";"hs_bmi_c_cat";0,000154688532314652;1e-12;-0,184122991475921;-0,200448742077723;-0,200448742077723;-0,207856441317715;0,123256261302425;-0,416146948391507;0,026320442828051;-0,416146948391507;0,026320442828051;100;1;0,9;TRUE;0,95;0,8;TRUE;TRUE;0,05;0,95;0
"hs_globalexp2_None_no exposure";"hs_bmi_c_cat";0,000154688532314652;1e-12;-0,164545912683659;-0,164227140486513;-0,164227140486513;-0,154069898776894;0,137641565380137;-0,422884640823095;0,0598134949073271;-0,422884640823095;0,0598134949073271;100;1;0,9;TRUE;0,9;0,8;TRUE;TRUE;0,1;0,9;0
