"exposure";"outcome";"lambda";"selection_tol";"beta_original";"beta_boot_mean_all";"beta_boot_mean_selected";"beta_boot_median_selected";"beta_boot_sd_all";"beta_boot_q025_all";"beta_boot_q975_all";"beta_boot_q025_selected";"beta_boot_q975_selected";"n_selected";"sel_prob";"sel_prob_threshold";"passes_sel_prob";"sign_consistency";"sign_consistency_threshold";"passes_sign_consistency";"passes_stability_filter";"prop_positive";"prop_negative";"prop_zero"
"hs_no2_dy_hs_h_Log";"e3_bw";0,18953694118342;1e-12;-0,0212644611520859;-0,00391590115640414;-0,00407906370458765;-0,00973862224166549;0,0263992133601509;-0,0396532363065436;0,0668242154160775;-0,04004673932635;0,068291385242026;96;0,96;0,9;TRUE;0,729166666666667;0,8;FALSE;FALSE;0,26;0,7;0,04
"hs_no2_wk_hs_h_Log";"e3_bw";0,18953694118342;1e-12;0;-0,00518584012700677;-0,00774005989105488;-0,00399036677470441;0,0108961367793667;-0,0347165329063128;0,00800011666708621;-0,0362448334759167;0,00918295567853992;67;0,67;0,9;FALSE;NA;0,8;FALSE;FALSE;0,17;0,5;0,33
"hs_no2_yr_hs_h_Log";"e3_bw";0,18953694118342;1e-12;-0,0129194954476388;-0,0175506885294353;-0,0186709452440801;-0,0143952718247432;0,0226628830895871;-0,088238805201312;0,00910476593793826;-0,0896371046141974;0,00914810362367151;94;0,94;0,9;TRUE;0,808510638297872;0,8;TRUE;TRUE;0,18;0,76;0,06
"hs_pm10_dy_hs_h_None";"e3_bw";0,18953694118342;1e-12;0,00275008670055738;0,00605437670995281;0,00624162547417816;0,00535090828556306;0,0186908814941098;-0,0240449558433246;0,0571021834810416;-0,0241903167225547;0,0573154951836275;97;0,97;0,9;TRUE;0,608247422680412;0,8;FALSE;FALSE;0,59;0,38;0,03
"hs_pm10_wk_hs_h_None";"e3_bw";0,18953694118342;1e-12;0,00733388754998299;-0,00342129549109408;-0,00342129549109408;-0,00199405618485642;0,0211053306514541;-0,0489072200362243;0,031194796102439;-0,0489072200362243;0,031194796102439;100;1;0,9;TRUE;0,46;0,8;FALSE;FALSE;0,46;0,54;0
"hs_pm10_yr_hs_h_None";"e3_bw";0,18953694118342;1e-12;0,00399846299852635;0,0183024957918542;0,0234647381946849;0,0135678165532284;0,0300249501812652;-0,00637605594160931;0,0974260330271192;-0,00763937616569378;0,105224778003449;78;0,78;0,9;FALSE;0,884615384615385;0,8;TRUE;FALSE;0,69;0,09;0,22
"hs_pm25_dy_hs_h_None";"e3_bw";0,18953694118342;1e-12;-0,00557753857117414;-0,00571814473224466;-0,0057759037699441;-0,00446050648556471;0,020149669362729;-0,0500003909764755;0,0312816663884303;-0,0500197069939499;0,0313316547621334;99;0,99;0,9;TRUE;0,606060606060606;0,8;FALSE;FALSE;0,39;0,6;0,01
"hs_pm25_wk_hs_h_None";"e3_bw";0,18953694118342;1e-12;-0,000630790941213306;0,00379761192088856;0,00446777873045712;0,00188846379582119;0,0168617512485909;-0,025959863665798;0,0421654940858014;-0,0286055173365783;0,0429462654099092;85;0,85;0,9;FALSE;0,470588235294118;0,8;FALSE;FALSE;0,45;0,4;0,15
"hs_pm25_yr_hs_h_None";"e3_bw";0,18953694118342;1e-12;-0,000468142072858678;-0,00328616428165936;-0,00331935786026198;-0,00871195512536929;0,0433809875948247;-0,0750879599529391;0,102170643171616;-0,0750900261398048;0,102462091197097;99;0,99;0,9;TRUE;0,565656565656566;0,8;FALSE;FALSE;0,43;0,56;0,01
"hs_pm25abs_dy_hs_h_Log";"e3_bw";0,18953694118342;1e-12;0,021171114276006;0,020466951261752;0,020466951261752;0,0204993896029084;0,0180164813237887;-0,0148040179055238;0,0578531560818941;-0,0148040179055238;0,0578531560818941;100;1;0,9;TRUE;0,9;0,8;TRUE;TRUE;0,9;0,1;0
"hs_pm25abs_wk_hs_h_Log";"e3_bw";0,18953694118342;1e-12;0;-0,00481095105889373;-0,00534550117654859;-0,00461413730669818;0,0100013809317115;-0,0257462119801777;0,0166316772167401;-0,0271460043683259;0,0171419903558349;90;0,9;0,9;TRUE;NA;0,8;FALSE;FALSE;0,22;0,68;0,1
"hs_pm25abs_yr_hs_h_Log";"e3_bw";0,18953694118342;1e-12;0,00202200569150811;0,00152310049755277;0,00160326368163449;0,00227044408678281;0,0171963267534765;-0,0252327527349342;0,0326226802704324;-0,0253713650917827;0,0331444271081045;95;0,95;0,9;TRUE;0,6;0,8;FALSE;FALSE;0,57;0,38;0,05
"hs_accesslines300_h_dic0";"e3_bw";0,18953694118342;1e-12;0,043670788389365;0,0799338000058026;0,0799338000058026;0,0634303030256669;0,1437657759155;-0,147027213672088;0,375298387795888;-0,147027213672088;0,375298387795888;100;1;0,9;TRUE;0,71;0,8;FALSE;FALSE;0,71;0,29;0
"hs_accesspoints300_h_Log";"e3_bw";0,18953694118342;1e-12;-0,0252480832474152;-0,025114689136038;-0,025114689136038;-0,0219624925900318;0,0257124647034316;-0,0851909179040345;0,0145843240747056;-0,0851909179040345;0,0145843240747056;100;1;0,9;TRUE;0,87;0,8;TRUE;TRUE;0,13;0,87;0
"hs_builtdens300_h_Sqrt";"e3_bw";0,18953694118342;1e-12;0,000440719227314526;0,00628873603743421;0,00838498138324561;0,00408038322087589;0,0124382839992123;-0,0101105817060186;0,0361644065388166;-0,0102243988054235;0,0370365533778138;75;0,75;0,9;FALSE;0,746666666666667;0,8;FALSE;FALSE;0,56;0,19;0,25
"hs_connind300_h_Log";"e3_bw";0,18953694118342;1e-12;-0,00392689233110052;-0,00343932326273815;-0,00382147029193128;-0,00300211791236699;0,0129329485159858;-0,0296958813422882;0,0264230111495634;-0,0304669577518374;0,0266415190574024;90;0,9;0,9;TRUE;0,7;0,8;FALSE;FALSE;0,27;0,63;0,1
"hs_fdensity300_h_Log";"e3_bw";0,18953694118342;1e-12;0,00916089087443859;0,0121128545901978;0,0127503732528398;0,0120693350735874;0,0170294934557993;-0,0181163339130804;0,044320227694152;-0,0186767075622417;0,044414989553984;95;0,95;0,9;TRUE;0,726315789473684;0,8;FALSE;FALSE;0,69;0,26;0,05
"hs_landuseshan300_h_None";"e3_bw";0,18953694118342;1e-12;0,00809299099021609;0,00206377208041147;0,00210588987797089;0,00221412239542644;0,012918933236383;-0,0246984628176943;0,027415721711934;-0,0247356259962163;0,0274224825418136;98;0,98;0,9;TRUE;0,642857142857143;0,8;FALSE;FALSE;0,63;0,35;0,02
"hs_popdens_h_Sqrt";"e3_bw";0,18953694118342;1e-12;-0,00912433160564071;-0,0111903843289906;-0,0114187595193781;-0,00805336574279656;0,0179116566254512;-0,0528381573726679;0,0177739771541864;-0,0529572926638298;0,0178488344065632;98;0,98;0,9;TRUE;0,755102040816326;0,8;FALSE;FALSE;0,24;0,74;0,02
"hs_walkability_mean_h_None";"e3_bw";0,18953694118342;1e-12;0,00509119656798736;-0,00209125445143291;-0,00227310266460099;-0,00185997581231361;0,0129875563668869;-0,0272783841018431;0,0294497975033724;-0,027783258181475;0,0303956224028967;92;0,92;0,9;TRUE;0,402173913043478;0,8;FALSE;FALSE;0,37;0,55;0,08
"hs_accesslines300_s_dic0";"e3_bw";0,18953694118342;1e-12;-0,0901474588316794;-0,0970686194582791;-0,0970686194582791;-0,0865862874227988;0,111572173971849;-0,32237188722996;0,0904752504979792;-0,32237188722996;0,0904752504979792;100;1;0,9;TRUE;0,82;0,8;TRUE;TRUE;0,18;0,82;0
"hs_accesspoints300_s_Log";"e3_bw";0,18953694118342;1e-12;-0,0257692977680441;-0,0325249909833233;-0,0328535262457811;-0,0319307905346439;0,0237286574097587;-0,0934063435102839;0,00230552337461802;-0,0934404463961098;0,00235385112850038;99;0,99;0,9;TRUE;0,939393939393939;0,8;TRUE;TRUE;0,06;0,93;0,01
"hs_builtdens300_s_Sqrt";"e3_bw";0,18953694118342;1e-12;0;-0,00272343724869369;-0,00313038764217665;-0,00195399883572262;0,00950875578504738;-0,0266213168413398;0,0165239329691355;-0,0282974017724743;0,0168748785818079;87;0,87;0,9;FALSE;NA;0,8;FALSE;FALSE;0,27;0,6;0,13
"hs_connind300_s_Log";"e3_bw";0,18953694118342;1e-12;-0,001732573449075;-0,0158671205502886;-0,0172468701633572;-0,0121501218401092;0,0189890859059346;-0,059529376665223;0,00578636550870646;-0,060991449264276;0,00587419056701793;92;0,92;0,9;TRUE;0,815217391304348;0,8;TRUE;TRUE;0,17;0,75;0,08
"hs_fdensity300_s_Log";"e3_bw";0,18953694118342;1e-12;-0,00524605594496174;-0,00380564048314321;-0,0040920865410142;-0,00196632966715172;0,0161008386986086;-0,0346939468510628;0,0323951290659536;-0,0348471685380208;0,0334219587070885;93;0,93;0,9;TRUE;0,591397849462366;0,8;FALSE;FALSE;0,38;0,55;0,07
"hs_landuseshan300_s_None";"e3_bw";0,18953694118342;1e-12;-0,00843935747590665;-0,005960459930857;-0,00620881242797604;-0,00529503593608595;0,0139516935933071;-0,0370920138291721;0,018154726963854;-0,0371107229090987;0,0182763672569804;96;0,96;0,9;TRUE;0,625;0,8;FALSE;FALSE;0,36;0,6;0,04
"hs_popdens_s_Sqrt";"e3_bw";0,18953694118342;1e-12;0,00431726728081511;0,0182568316159459;0,0192177174904694;0,0160941395955373;0,0168857722352746;-0,00326708950317794;0,0549126633367378;-0,00353077051885213;0,0549581930353898;95;0,95;0,9;TRUE;0,926315789473684;0,8;TRUE;TRUE;0,88;0,07;0,05
"h_Absorbance_Log";"e3_bw";0,18953694118342;1e-12;0,0125091183139036;0,00623421557223978;0,00636144446146916;0,00605616042042969;0,0178090427291082;-0,0344191681539298;0,0435881554053244;-0,0352511430840277;0,0438184776170139;98;0,98;0,9;TRUE;0,724489795918367;0,8;FALSE;FALSE;0,71;0,27;0,02
"h_Benzene_Log";"e3_bw";0,18953694118342;1e-12;-0,0272840992058939;-0,0311881078560616;-0,0311881078560616;-0,0275208390089113;0,0236049377665985;-0,0854665268165889;0,00603168446489718;-0,0854665268165889;0,00603168446489718;100;1;0,9;TRUE;0,91;0,8;TRUE;TRUE;0,09;0,91;0
"h_NO2_Log";"e3_bw";0,18953694118342;1e-12;0,0103261200383797;0,0255770163942403;0,0258353700951922;0,0218502113714931;0,0206782041141404;-0,00436645763393567;0,0746371382137088;-0,00438017656944003;0,0746482115056937;99;0,99;0,9;TRUE;0,919191919191919;0,8;TRUE;TRUE;0,91;0,08;0,01
"h_PM_Log";"e3_bw";0,18953694118342;1e-12;-0,0121288223835083;-0,0154072168288538;-0,0160491841967227;-0,0146040400628114;0,0149178179944196;-0,0486804665788746;0,000217811165883408;-0,0486905215410572;0,00022052266611042;96;0,96;0,9;TRUE;0,927083333333333;0,8;TRUE;TRUE;0,07;0,89;0,04
"h_TEX_Log";"e3_bw";0,18953694118342;1e-12;0,00343653573262584;0,00739124213071574;0,00812224409968763;0,00511888986225556;0,0115395186398927;-0,00868518825020426;0,0372217656224676;-0,00905786368416614;0,0378910531074823;91;0,91;0,9;TRUE;0,747252747252747;0,8;FALSE;FALSE;0,68;0,23;0,09
"hs_KIDMED_None";"e3_bw";0,18953694118342;1e-12;0,0219050494935923;0,0204015263220486;0,0204015263220486;0,0209118962758555;0,0190360818990156;-0,0119955438581255;0,0616708358280137;-0,0119955438581255;0,0616708358280137;100;1;0,9;TRUE;0,87;0,8;TRUE;TRUE;0,87;0,13;0
"hs_mvpa_prd_alt_None";"e3_bw";0,18953694118342;1e-12;-0,00587620277031846;-0,011596730528077;-0,0117138692202798;-0,011198374401673;0,0156331272391928;-0,0400044750127238;0,0126374270789447;-0,04004219023723;0,0127472875708393;99;0,99;0,9;TRUE;0,787878787878788;0,8;FALSE;FALSE;0,21;0,78;0,01
"hs_sd_wk_None";"e3_bw";0,18953694118342;1e-12;-0,0125016030131859;-0,00685298221746321;-0,00699283899741144;-0,00580447594688299;0,0167905845973321;-0,0426411103407077;0,0306113710264719;-0,0430364104290632;0,0309806775498128;98;0,98;0,9;TRUE;0,76530612244898;0,8;FALSE;FALSE;0,23;0,75;0,02
"hs_dif_hours_total_None";"e3_bw";0,18953694118342;1e-12;-0,0143060060092523;-0,0286840582625813;-0,0286840582625813;-0,0272292189066125;0,0246092492581188;-0,0828019219983416;0,0102466580509708;-0,0828019219983416;0,0102466580509708;100;1;0,9;TRUE;0,93;0,8;TRUE;TRUE;0,07;0,93;0
"hs_as_c_Log2";"e3_bw";0,18953694118342;1e-12;0,0147979408836951;0,0203326221923406;0,0205380022144855;0,0191327864757998;0,0217839833285845;-0,0158889594249656;0,0555318452755063;-0,0160963355532199;0,0555670783508508;99;0,99;0,9;TRUE;0,868686868686869;0,8;TRUE;TRUE;0,86;0,13;0,01
"hs_cd_c_Log2";"e3_bw";0,18953694118342;1e-12;-0,00258373373101728;0,00177532437144879;0,00190895093704171;-1,00640954422424e-05;0,0141850920258111;-0,0237339720172717;0,0405835587364668;-0,0242071600569981;0,0434877895727084;93;0,93;0,9;TRUE;0,505376344086022;0,8;FALSE;FALSE;0,46;0,47;0,07
"hs_co_c_Log2";"e3_bw";0,18953694118342;1e-12;0,00522711134377029;-0,0013637715787352;-0,00137754704922747;-0,00114420497228086;0,0146262859027731;-0,037929115300073;0,020768772884608;-0,0379617935416836;0,0207761677528486;99;0,99;0,9;TRUE;0,464646464646465;0,8;FALSE;FALSE;0,46;0,53;0,01
"hs_cs_c_Log2";"e3_bw";0,18953694118342;1e-12;0,0181712699048301;0,0186099817962771;0,0186099817962771;0,0196316165281511;0,0229185276945369;-0,0328427944558071;0,0614806789697977;-0,0328427944558071;0,0614806789697977;100;1;0,9;TRUE;0,83;0,8;TRUE;TRUE;0,83;0,17;0
"hs_cu_c_Log2";"e3_bw";0,18953694118342;1e-12;-0,00472836239113796;-0,00238724494607188;-0,00238724494607188;-0,000813409320508272;0,015725324599738;-0,0357785956384996;0,0229457255243712;-0,0357785956384996;0,0229457255243712;100;1;0,9;TRUE;0,53;0,8;FALSE;FALSE;0,47;0,53;0
"hs_hg_c_Log2";"e3_bw";0,18953694118342;1e-12;-0,0132069020534746;-0,0225014881889727;-0,0227287759484573;-0,0223483655479215;0,0202667504135158;-0,0701840425916035;0,00816727726316737;-0,0703531225176054;0,00822450890110838;99;0,99;0,9;TRUE;0,868686868686869;0,8;TRUE;TRUE;0,13;0,86;0,01
"hs_mn_c_Log2";"e3_bw";0,18953694118342;1e-12;-0,0117687786687227;-0,0169615025567548;-0,0169615025567548;-0,0137439620353777;0,0167332046841517;-0,0549685402618058;0,00847268545047355;-0,0549685402618058;0,00847268545047355;100;1;0,9;TRUE;0,92;0,8;TRUE;TRUE;0,08;0,92;0
"hs_mo_c_Log2";"e3_bw";0,18953694118342;1e-12;-0,0251359176260113;-0,042148032157334;-0,042148032157334;-0,0385112383220028;0,0239225997789762;-0,0901541599406557;-0,00256814358382455;-0,0901541599406557;-0,00256814358382455;100;1;0,9;TRUE;0,99;0,8;TRUE;TRUE;0,01;0,99;0
"hs_pb_c_Log2";"e3_bw";0,18953694118342;1e-12;-0,00932624774365596;-0,00949066347952541;-0,00999017208371096;-0,00776943624693726;0,0122167836996283;-0,0361452225241383;0,0104275875690086;-0,0371497719034122;0,010669185964467;95;0,95;0,9;TRUE;0,821052631578947;0,8;TRUE;TRUE;0,17;0,78;0,05
"hs_hum_mt_hs_h_None";"e3_bw";0,18953694118342;1e-12;0,00941949823070786;0,0198500518509206;0,0198500518509206;0,0163599665773323;0,0276012784463488;-0,0321913301836657;0,0848100138039614;-0,0321913301836657;0,0848100138039614;100;1;0,9;TRUE;0,83;0,8;TRUE;TRUE;0,83;0,17;0
"hs_tm_mt_hs_h_None";"e3_bw";0,18953694118342;1e-12;0,00266574677686953;-5,23990670288307e-05;-5,63430828266997e-05;0,000736433814597698;0,0169708118417487;-0,0348951852172398;0,03617815650521;-0,0349268410269094;0,0367745493068961;93;0,93;0,9;TRUE;0,526881720430108;0,8;FALSE;FALSE;0,49;0,44;0,07
"hs_uvdvf_mt_hs_h_None";"e3_bw";0,18953694118342;1e-12;0,00572187546249842;0,00268756994977049;0,00305405676110283;0,00190488944587977;0,0174351535807851;-0,0323185231832358;0,0386046168973189;-0,0346092128463276;0,0388752369186797;88;0,88;0,9;FALSE;0,625;0,8;FALSE;FALSE;0,55;0,33;0,12
"hs_hum_dy_hs_h_None";"e3_bw";0,18953694118342;1e-12;0,0124551502884611;-0,00435748219940469;-0,00435748219940469;-0,00249533252448264;0,0226889819076454;-0,0540773294618056;0,0330671526852418;-0,0540773294618056;0,0330671526852418;100;1;0,9;TRUE;0,47;0,8;FALSE;FALSE;0,47;0,53;0
"hs_hum_wk_hs_h_None";"e3_bw";0,18953694118342;1e-12;-0,00376537451887941;-0,0197208657136758;-0,0197208657136758;-0,0183745186511779;0,0257896994213164;-0,0694935287317131;0,0226185921053037;-0,0694935287317131;0,0226185921053037;100;1;0,9;TRUE;0,81;0,8;TRUE;TRUE;0,19;0,81;0
"hs_tm_dy_hs_h_None";"e3_bw";0,18953694118342;1e-12;0;0,000521607111699701;0,000704874475269866;-0,00111132033869388;0,0161446644187934;-0,0256616600677561;0,02945910217016;-0,0272636659730935;0,0332144219778692;74;0,74;0,9;FALSE;NA;0,8;FALSE;FALSE;0,32;0,42;0,26
"hs_tm_wk_hs_h_None";"e3_bw";0,18953694118342;1e-12;0;-0,005131570349245;-0,00712718104061806;-0,00601751459905338;0,0119753766724683;-0,0332411145772068;0,0160051544150985;-0,037813066188121;0,0174646952744897;72;0,72;0,9;FALSE;NA;0,8;FALSE;FALSE;0,2;0,52;0,28
"hs_uvdvf_dy_hs_h_None";"e3_bw";0,18953694118342;1e-12;0;0,00683966441738467;0,00777234592884622;0,00361378355608641;0,0175138570394335;-0,0181522120797561;0,0424335359885859;-0,0194343461249962;0,042643723749939;88;0,88;0,9;FALSE;NA;0,8;FALSE;FALSE;0,55;0,33;0,12
"hs_uvdvf_wk_hs_h_None";"e3_bw";0,18953694118342;1e-12;-0,0111477263735791;-0,00733384360979448;-0,0078019612870154;-0,00728617986553905;0,0183932881436566;-0,0455644499750696;0,0245595158043289;-0,046268053646258;0,024808845968496;94;0,94;0,9;TRUE;0,712765957446808;0,8;FALSE;FALSE;0,27;0,67;0,06
"hs_ndvi100_h_None";"e3_bw";0,18953694118342;1e-12;0,00661046036762901;0,0112115303832909;0,0116786774825946;0,00632288713060873;0,0175047391360154;-0,0161637813085419;0,0575890813625851;-0,0164811334437902;0,0584669212919916;96;0,96;0,9;TRUE;0,770833333333333;0,8;FALSE;FALSE;0,74;0,22;0,04
"hs_ndvi100_s_None";"e3_bw";0,18953694118342;1e-12;-0,0165724353632496;-0,0125331933006503;-0,0126597912127781;-0,0156308400742679;0,0204922171810284;-0,0440526245652931;0,0317173947557221;-0,0440557375799711;0,0319572365934048;99;0,99;0,9;TRUE;0,757575757575758;0,8;FALSE;FALSE;0,24;0,75;0,01
"hs_dde_cadj_Log2";"e3_bw";0,18953694118342;1e-12;-0,000523410736428186;-0,00145247803642291;-0,00145247803642291;-0,00146452223246849;0,0191789911936746;-0,034428390495146;0,0453308590851368;-0,034428390495146;0,0453308590851368;100;1;0,9;TRUE;0,56;0,8;FALSE;FALSE;0,44;0,56;0
"hs_ddt_cadj_Log2";"e3_bw";0,18953694118342;1e-12;-0,00148842570859176;-0,00366268625802052;-0,00420998420462128;-0,00426914908962769;0,0114161339464619;-0,0324145384186156;0,0192564704500784;-0,0330363394885861;0,0200620507562386;87;0,87;0,9;FALSE;0,701149425287356;0,8;FALSE;FALSE;0,26;0,61;0,13
"hs_hcb_cadj_Log2";"e3_bw";0,18953694118342;1e-12;-0,0315160535754202;-0,051241441087602;-0,051241441087602;-0,0412240906833064;0,0346714326296679;-0,12663054823544;-0,00821756995357456;-0,12663054823544;-0,00821756995357456;100;1;0,9;TRUE;0,99;0,8;TRUE;TRUE;0,01;0,99;0
"hs_pcb118_cadj_Log2";"e3_bw";0,18953694118342;1e-12;-0,0102263792188718;-0,00806606571780269;-0,0082306793038803;-0,00676585933545618;0,0166908733227453;-0,0389479786112691;0,0218383201442453;-0,0390052955505286;0,0218899949404399;98;0,98;0,9;TRUE;0,704081632653061;0,8;FALSE;FALSE;0,29;0,69;0,02
"hs_pcb138_cadj_Log2";"e3_bw";0,18953694118342;1e-12;0;0,00673649313521111;0,0073222751469686;0,00508516032182843;0,0173713184445206;-0,0231583227271353;0,0508990635651823;-0,0238728546927081;0,0512564079707062;92;0,92;0,9;TRUE;NA;0,8;FALSE;FALSE;0,63;0,29;0,08
"hs_pcb153_cadj_Log2";"e3_bw";0,18953694118342;1e-12;-0,013094611546422;-0,00728474668110751;-0,00758827779282032;-0,00770078502705663;0,0226656710669932;-0,0490948132468349;0,043298233254242;-0,0495193490090165;0,0434402574936525;96;0,96;0,9;TRUE;0,6875;0,8;FALSE;FALSE;0,3;0,66;0,04
"hs_pcb170_cadj_Log2";"e3_bw";0,18953694118342;1e-12;0,00628018363700583;-0,0123192266258057;-0,0123192266258057;-0,00737648435714269;0,0245208715879238;-0,0677677550746482;0,0255631192494422;-0,0677677550746482;0,0255631192494422;100;1;0,9;TRUE;0,32;0,8;FALSE;FALSE;0,32;0,68;0
"hs_pcb180_cadj_Log2";"e3_bw";0,18953694118342;1e-12;0,0224603791183953;0,015831846711582;0,015831846711582;0,0142348652619838;0,0239889019509193;-0,0298636152545879;0,0611936814012738;-0,0298636152545879;0,0611936814012738;100;1;0,9;TRUE;0,8;0,8;TRUE;TRUE;0,8;0,2;0
"hs_sumPCBs5_cadj_Log2";"e3_bw";0,18953694118342;1e-12;-0,00283811592118889;0,014369923380641;0,014369923380641;0,00934648415923381;0,0292753051149273;-0,0285544552421544;0,0849714651016352;-0,0285544552421544;0,0849714651016352;100;1;0,9;TRUE;0,33;0,8;FALSE;FALSE;0,67;0,33;0
"hs_pfhxs_c_Log2";"e3_bw";0,18953694118342;1e-12;0,014447977271939;0,0187219789890149;0,0191040601928724;0,0198435215523898;0,0217858726005207;-0,0292924892184128;0,0615506775467957;-0,0294115426085597;0,0618689434950729;98;0,98;0,9;TRUE;0,857142857142857;0,8;TRUE;TRUE;0,84;0,14;0,02
"hs_pfna_c_Log2";"e3_bw";0,18953694118342;1e-12;-0,00505170860274256;-0,00119890096042636;-0,00124885516711079;-0,0010081298290352;0,0172167433205123;-0,0346021789305175;0,0327238183314887;-0,0351438688397644;0,0336193165727239;96;0,96;0,9;TRUE;0,541666666666667;0,8;FALSE;FALSE;0,44;0,52;0,04
"hs_pfoa_c_Log2";"e3_bw";0,18953694118342;1e-12;0,0111898122822974;0,0121271062278225;0,0123745981916556;0,00985374010232263;0,0153713593249301;-0,013800246036318;0,0428798011975087;-0,0138860051194367;0,0428885559430594;98;0,98;0,9;TRUE;0,775510204081633;0,8;FALSE;FALSE;0,76;0,22;0,02
"hs_pfos_c_Log2";"e3_bw";0,18953694118342;1e-12;0,0141440045466521;0,00510064073225198;0,00510064073225198;0,00626303911603063;0,0166566930696169;-0,0358641070563547;0,0346867987568862;-0,0358641070563547;0,0346867987568862;100;1;0,9;TRUE;0,69;0,8;FALSE;FALSE;0,69;0,31;0
"hs_pfunda_c_Log2";"e3_bw";0,18953694118342;1e-12;0,000618074312367088;0,00600267825390118;0,00666964250433465;0,0029963969708769;0,0138176007539041;-0,0148103527657335;0,0351375629149962;-0,0150830087758196;0,035391839009526;90;0,9;0,9;TRUE;0,711111111111111;0,8;FALSE;FALSE;0,64;0,26;0,1
"hs_hm_pers_None";"e3_bw";0,18953694118342;1e-12;-0,0132290994580502;-0,0141257873492927;-0,0141257873492927;-0,0149592243642314;0,0186490003459229;-0,0409327538768344;0,0366007601956544;-0,0409327538768344;0,0366007601956544;100;1;0,9;TRUE;0,84;0,8;TRUE;TRUE;0,16;0,84;0
"hs_trafload_h_pow1over3";"e3_bw";0,18953694118342;1e-12;0;-0,0111280026639259;-0,0126454575726431;-0,00888422200179307;0,0140431085663318;-0,0409546645427015;0,00457465468234608;-0,0436052958492803;0,00480640065502326;88;0,88;0,9;FALSE;NA;0,8;FALSE;FALSE;0,1;0,78;0,12
"hs_trafnear_h_pow1over3";"e3_bw";0,18953694118342;1e-12;-0,00913018851634198;-0,0067217965979209;-0,00738658966804494;-0,00598020650823821;0,0146547516291589;-0,0381120072647927;0,0224921232136532;-0,0381462282035781;0,0243400953111034;91;0,91;0,9;TRUE;0,736263736263736;0,8;FALSE;FALSE;0,24;0,67;0,09
"FAS_cat_None_Low";"e3_bw";0,18953694118342;1e-12;-0,0815117899905385;-0,116942869383344;-0,116942869383344;-0,106613411855268;0,0753549689869875;-0,284495858889424;-0,0111034836056319;-0,284495858889424;-0,0111034836056319;100;1;0,9;TRUE;1;0,8;TRUE;TRUE;0;1;0
"FAS_cat_None_Middle";"e3_bw";0,18953694118342;1e-12;-0,00541881100227161;0,000464134569478592;0,000468822797453123;0,000496714724822607;0,0340579823725917;-0,0763794398423417;0,0634607194356654;-0,0767425360483649;0,0636118435744696;99;0,99;0,9;TRUE;0,484848484848485;0,8;FALSE;FALSE;0,51;0,48;0,01
"hs_globalexp2_None_no exposure";"e3_bw";0,18953694118342;1e-12;-0,00908817241188076;-0,0198450050521646;-0,020458768095015;-0,0192371962346629;0,0240098478437202;-0,0699882792103919;0,0184975964466972;-0,0701311965781754;0,0189097627617632;97;0,97;0,9;TRUE;0,793814432989691;0,8;FALSE;FALSE;0,2;0,77;0,03
"hs_no2_dy_hs_h_Log";"hs_asthma";0,18953694118342;1e-12;-0,0218074312584327;-0,0333004424758682;-0,0346879609123627;-0,034106613896391;0,0450631988883652;-0,12913528167263;0,0468763613902225;-0,12976378181653;0,0481020214337968;96;0,96;0,9;TRUE;0,833333333333333;0,8;TRUE;TRUE;0,16;0,8;0,04
"hs_no2_wk_hs_h_Log";"hs_asthma";0,18953694118342;1e-12;0;0,00341577943843787;0,00509817826632518;0,00218090936985933;0,0171549684429949;-0,0277508782030505;0,0495953477449814;-0,0325742707751993;0,0530809207294777;67;0,67;0,9;FALSE;NA;0,8;FALSE;FALSE;0,47;0,2;0,33
"hs_no2_yr_hs_h_Log";"hs_asthma";0,18953694118342;1e-12;-0,0601281653423263;-0,0612823069364472;-0,0651939435494119;-0,0603667560231727;0,0414601415236704;-0,149036116651614;0;-0,149390178884408;-0,0078874795324159;94;0,94;0,9;TRUE;0,98936170212766;0,8;TRUE;TRUE;0,01;0,93;0,06
"hs_pm10_dy_hs_h_None";"hs_asthma";0,18953694118342;1e-12;0,00543707091414038;0,000276562569500569;0,000285116051031515;0,000432885803753424;0,0337690278287876;-0,075721553228806;0,080073771188147;-0,0758654053726156;0,0806086438387632;97;0,97;0,9;TRUE;0,515463917525773;0,8;FALSE;FALSE;0,5;0,47;0,03
"hs_pm10_wk_hs_h_None";"hs_asthma";0,18953694118342;1e-12;-0,0093166768203299;-0,0101397170918171;-0,0101397170918171;-0,0113127949857088;0,0365046540871371;-0,07773184751713;0,0577969873608319;-0,07773184751713;0,0577969873608319;100;1;0,9;TRUE;0,7;0,8;FALSE;FALSE;0,3;0,7;0
"hs_pm10_yr_hs_h_None";"hs_asthma";0,18953694118342;1e-12;-0,00139673746814073;-0,00451796000868512;-0,00579225642139118;-0,00263626391843196;0,0186915895191136;-0,0447769144899294;0,0291420227070048;-0,0468888964537559;0,0301158880440581;78;0,78;0,9;FALSE;0,615384615384615;0,8;FALSE;FALSE;0,3;0,48;0,22
"hs_pm25_dy_hs_h_None";"hs_asthma";0,18953694118342;1e-12;-0,0491937516367718;-0,0607952095775186;-0,0614093026035541;-0,0554349200001287;0,0480302593228529;-0,161582894109318;0,00228928704415035;-0,161845929085401;0,0023370496087009;99;0,99;0,9;TRUE;0,95959595959596;0,8;TRUE;TRUE;0,04;0,95;0,01
"hs_pm25_wk_hs_h_None";"hs_asthma";0,18953694118342;1e-12;-9,6651020072815e-05;0,00111728922374572;0,00131445791028908;-0,00126674284993924;0,0252665319272398;-0,0435367163817543;0,0490316202868513;-0,0445429012062976;0,0517562044806064;85;0,85;0,9;FALSE;0,576470588235294;0,8;FALSE;FALSE;0,36;0,49;0,15
"hs_pm25_yr_hs_h_None";"hs_asthma";0,18953694118342;1e-12;-0,0785602148065939;-0,0817160357054849;-0,0825414502075605;-0,07863350746026;0,0497648906291395;-0,161582926516101;0,00353875596964439;-0,161834018420496;0,00357083353720926;99;0,99;0,9;TRUE;0,94949494949495;0,8;TRUE;TRUE;0,05;0,94;0,01
"hs_pm25abs_dy_hs_h_Log";"hs_asthma";0,18953694118342;1e-12;0,019956079458508;0,036804142785919;0,036804142785919;0,024722077500393;0,0458563583391801;-0,0134415656552859;0,142345749065003;-0,0134415656552859;0,142345749065003;100;1;0,9;TRUE;0,84;0,8;TRUE;TRUE;0,84;0,16;0
"hs_pm25abs_wk_hs_h_Log";"hs_asthma";0,18953694118342;1e-12;0;-0,0135342809641761;-0,0150380899601956;-0,00380034847641539;0,0326681027572905;-0,117722311382516;0,028708506168553;-0,119343341018897;0,0295372243041134;90;0,9;0,9;TRUE;NA;0,8;FALSE;FALSE;0,24;0,66;0,1
"hs_pm25abs_yr_hs_h_Log";"hs_asthma";0,18953694118342;1e-12;-0,0346335706880087;-0,0603479067031031;-0,0635241123190559;-0,0487112553309834;0,0585861044527685;-0,164714930331351;0,000177245227829314;-0,165212134897879;0,000186704420462395;95;0,95;0,9;TRUE;0,968421052631579;0,8;TRUE;TRUE;0,03;0,92;0,05
"hs_accesslines300_h_dic0";"hs_asthma";0,18953694118342;1e-12;0,434523801902197;0,434445505950533;0,434445505950533;0,426918178070411;0,41259617616336;-0,404242990324535;1,13548381082184;-0,404242990324535;1,13548381082184;100;1;0,9;TRUE;0,87;0,8;TRUE;TRUE;0,87;0,13;0
"hs_accesspoints300_h_Log";"hs_asthma";0,18953694118342;1e-12;-0,149210608219289;-0,147655934755787;-0,147655934755787;-0,144576333300019;0,0719763181778897;-0,283639045411934;-0,033010130840371;-0,283639045411934;-0,033010130840371;100;1;0,9;TRUE;1;0,8;TRUE;TRUE;0;1;0
"hs_builtdens300_h_Sqrt";"hs_asthma";0,18953694118342;1e-12;0,000463904950398624;0,00356125000267313;0,00474833333689751;0,000695470940320709;0,0173788750098733;-0,0265668570344171;0,0462444829978261;-0,0319061391169519;0,047753800040356;75;0,75;0,9;FALSE;0,613333333333333;0,8;FALSE;FALSE;0,46;0,29;0,25
"hs_connind300_h_Log";"hs_asthma";0,18953694118342;1e-12;0,00286094557273816;0,00977891375379979;0,0108654597264442;0,00377765825278485;0,0360084163170446;-0,0461491461669687;0,0975536822158319;-0,04862370214612;0,10555366260391;90;0,9;0,9;TRUE;0,666666666666667;0,8;FALSE;FALSE;0,6;0,3;0,1
"hs_fdensity300_h_Log";"hs_asthma";0,18953694118342;1e-12;0,0231247712048529;0,0315214125209623;0,0331804342325919;0,0163213305673495;0,0523751645173641;-0,0366981167200426;0,138538474966981;-0,0370254160293246;0,140475964000871;95;0,95;0,9;TRUE;0,778947368421053;0,8;FALSE;FALSE;0,74;0,21;0,05
"hs_landuseshan300_h_None";"hs_asthma";0,18953694118342;1e-12;0,0105802847242236;0,0293622100396751;0,029961438815995;0,0121826975036261;0,0467614322953691;-0,0181801726424827;0,137366682553158;-0,0182821577796329;0,137702312375256;98;0,98;0,9;TRUE;0,857142857142857;0,8;TRUE;TRUE;0,84;0,14;0,02
"hs_popdens_h_Sqrt";"hs_asthma";0,18953694118342;1e-12;-0,0041817203300488;-0,0105652080385337;-0,010780824529116;-0,00644950283044822;0,0313060729218631;-0,0829222018660289;0,042895643953315;-0,084731026330631;0,0429409325923717;98;0,98;0,9;TRUE;0,622448979591837;0,8;FALSE;FALSE;0,37;0,61;0,02
"hs_walkability_mean_h_None";"hs_asthma";0,18953694118342;1e-12;0,063151788338843;0,0805314229938311;0,0875341554280773;0,0811333104339186;0,0662028732110103;0;0,225068387932316;0,000774630151531743;0,22744237177456;92;0,92;0,9;TRUE;0,978260869565217;0,8;TRUE;TRUE;0,9;0,02;0,08
"hs_accesslines300_s_dic0";"hs_asthma";0,18953694118342;1e-12;-0,296358422633315;-0,318771082518827;-0,318771082518827;-0,31059632215564;0,280798693482315;-0,897877517135827;0,177479780772614;-0,897877517135827;0,177479780772614;100;1;0,9;TRUE;0,88;0,8;TRUE;TRUE;0,12;0,88;0
"hs_accesspoints300_s_Log";"hs_asthma";0,18953694118342;1e-12;-0,00933497906040538;-0,0061998463149542;-0,00626247102520626;-0,00741405790350577;0,0405502344667385;-0,0777092512021938;0,0815048728825664;-0,0777979343018028;0,0815643490639451;99;0,99;0,9;TRUE;0,595959595959596;0,8;FALSE;FALSE;0,4;0,59;0,01
"hs_builtdens300_s_Sqrt";"hs_asthma";0,18953694118342;1e-12;0;0,00354659961314639;0,00407655127947861;0,000186461287745309;0,0260057362111037;-0,0337378867076005;0,0971941205552058;-0,0348634402362847;0,0990048296376905;87;0,87;0,9;FALSE;NA;0,8;FALSE;FALSE;0,46;0,41;0,13
"hs_connind300_s_Log";"hs_asthma";0,18953694118342;1e-12;0,00137764854302207;0,0228235948200293;0,0248082552391622;0,0111782607621131;0,0434718522921019;-0,0403969676907569;0,142484349893029;-0,0416865641887109;0,154724110392197;92;0,92;0,9;TRUE;0,804347826086957;0,8;TRUE;TRUE;0,74;0,18;0,08
"hs_fdensity300_s_Log";"hs_asthma";0,18953694118342;1e-12;-0,0390801143071219;-0,0519689137893286;-0,0558805524616436;-0,043124130411686;0,0529000466755047;-0,15992416194791;0,0114431785103877;-0,16247011035801;0,0127147774245015;93;0,93;0,9;TRUE;0,849462365591398;0,8;TRUE;TRUE;0,14;0,79;0,07
"hs_landuseshan300_s_None";"hs_asthma";0,18953694118342;1e-12;-0,0194638937258478;-0,0325949391256749;-0,0339530615892447;-0,0203461755907105;0,0452945899288592;-0,130895213424838;0,0376470496614801;-0,13139840284972;0,0383106218547156;96;0,96;0,9;TRUE;0,739583333333333;0,8;FALSE;FALSE;0,25;0,71;0,04
"hs_popdens_s_Sqrt";"hs_asthma";0,18953694118342;1e-12;0,0017589586742294;0,0100172631201656;0,0105444874949112;0,0013935910482176;0,0389684165534189;-0,0599705532193341;0,0896865399214826;-0,0631178641896689;0,0913204591153676;95;0,95;0,9;TRUE;0,547368421052632;0,8;FALSE;FALSE;0,52;0,43;0,05
"h_Absorbance_Log";"hs_asthma";0,18953694118342;1e-12;0,0519127013956029;0,0758422340707782;0,0773900347661002;0,0729697052106759;0,0597573752954165;-0,00160399415000543;0,206511346554236;-0,00170031470368515;0,206902155477805;98;0,98;0,9;TRUE;0,969387755102041;0,8;TRUE;TRUE;0,95;0,03;0,02
"h_Benzene_Log";"hs_asthma";0,18953694118342;1e-12;0,0908670588471521;0,0984796100732603;0,0984796100732603;0,102064818550386;0,0562939680252539;0,0127579969365308;0,211656776373796;0,0127579969365308;0,211656776373796;100;1;0,9;TRUE;1;0,8;TRUE;TRUE;1;0;0
"h_NO2_Log";"hs_asthma";0,18953694118342;1e-12;-0,00904162098500642;-0,0242549100940046;-0,0244999091858633;-0,0148154351177191;0,0414070711963692;-0,113611813764932;0,0472802144008243;-0,114042199544447;0,047890321800487;99;0,99;0,9;TRUE;0,727272727272727;0,8;FALSE;FALSE;0,27;0,72;0,01
"h_PM_Log";"hs_asthma";0,18953694118342;1e-12;0,00274984936943675;0,00402122519892293;0,00418877624887805;0,00278037887231582;0,0350209937910915;-0,0912359660115453;0,0834721630696524;-0,091322670193559;0,083830060774858;96;0,96;0,9;TRUE;0,614583333333333;0,8;FALSE;FALSE;0,59;0,37;0,04
"h_TEX_Log";"hs_asthma";0,18953694118342;1e-12;-0,00287020057527243;-0,0156994204209641;-0,0172521103527078;-0,00456846149867062;0,0355119629607709;-0,108029800027358;0,0325277387954755;-0,10877029471615;0,0340812306513307;91;0,91;0,9;TRUE;0,703296703296703;0,8;FALSE;FALSE;0,27;0,64;0,09
"hs_KIDMED_None";"hs_asthma";0,18953694118342;1e-12;-0,0900556153060773;-0,0925870527456706;-0,0925870527456706;-0,0850230382182953;0,0574911951963655;-0,219102342256617;-0,00475143228626323;-0,219102342256617;-0,00475143228626323;100;1;0,9;TRUE;0,97;0,8;TRUE;TRUE;0,03;0,97;0
"hs_mvpa_prd_alt_None";"hs_asthma";0,18953694118342;1e-12;-0,00291501435336697;-0,0114141379666047;-0,0115294322894997;-0,00396297317801681;0,029198926206903;-0,0776511057579826;0,0426471565110798;-0,077665530316362;0,0427176564270836;99;0,99;0,9;TRUE;0,707070707070707;0,8;FALSE;FALSE;0,29;0,7;0,01
"hs_sd_wk_None";"hs_asthma";0,18953694118342;1e-12;-0,0167705226576231;-0,0309983920946526;-0,0316310123414822;-0,0194113846050958;0,0382799852363281;-0,12968742296337;0,0115968362968283;-0,130497392284426;0,0117422163618556;98;0,98;0,9;TRUE;0,846938775510204;0,8;TRUE;TRUE;0,15;0,83;0,02
"hs_dif_hours_total_None";"hs_asthma";0,18953694118342;1e-12;-0,109176216834727;-0,115094041461802;-0,115094041461802;-0,105005471826106;0,0650345943584249;-0,228715516690343;-0,00896821150746882;-0,228715516690343;-0,00896821150746882;100;1;0,9;TRUE;0,97;0,8;TRUE;TRUE;0,03;0,97;0
"hs_as_c_Log2";"hs_asthma";0,18953694118342;1e-12;-0,0642552610208037;-0,0553733258556174;-0,0559326523794115;-0,0419273360160659;0,0506500332078166;-0,157868250035091;0,0100304935320819;-0,157935906001093;0,0102139635147298;99;0,99;0,9;TRUE;0,919191919191919;0,8;TRUE;TRUE;0,08;0,91;0,01
"hs_cd_c_Log2";"hs_asthma";0,18953694118342;1e-12;0,00822551676768967;0,0169188751475096;0,0181923388682899;0,00726410305179288;0,0326460984570299;-0,0269564960018012;0,106193120075219;-0,0288121189126767;0,106580537071419;93;0,93;0,9;TRUE;0,698924731182796;0,8;FALSE;FALSE;0,65;0,28;0,07
"hs_co_c_Log2";"hs_asthma";0,18953694118342;1e-12;-0,0581750503568424;-0,0687877217244605;-0,0694825471964248;-0,0611857251612994;0,0552161043187941;-0,187878142101957;0,0045768404747836;-0,188509258775877;0,00473953551020092;99;0,99;0,9;TRUE;0,95959595959596;0,8;TRUE;TRUE;0,04;0,95;0,01
"hs_cs_c_Log2";"hs_asthma";0,18953694118342;1e-12;-0,0206328671437595;-0,00863938902108657;-0,00863938902108657;-0,0117879647912721;0,0539797470191983;-0,109473384901351;0,101140236133575;-0,109473384901351;0,101140236133575;100;1;0,9;TRUE;0,59;0,8;FALSE;FALSE;0,41;0,59;0
"hs_cu_c_Log2";"hs_asthma";0,18953694118342;1e-12;-0,0298068336346672;-0,0245193540520541;-0,0245193540520541;-0,0144084920242291;0,0524796772349544;-0,158604944439207;0,0572149890065433;-0,158604944439207;0,0572149890065433;100;1;0,9;TRUE;0,69;0,8;FALSE;FALSE;0,31;0,69;0
"hs_hg_c_Log2";"hs_asthma";0,18953694118342;1e-12;0,00691110255033759;0,0126778116357743;0,0128058703391659;0,00358687556575449;0,0310989431312652;-0,0287231646208233;0,0898506748213525;-0,0288889129257596;0,0904716093045276;99;0,99;0,9;TRUE;0,636363636363636;0,8;FALSE;FALSE;0,63;0,36;0,01
"hs_mn_c_Log2";"hs_asthma";0,18953694118342;1e-12;0,0758070380153795;0,0862606313504989;0,0862606313504989;0,07712367768409;0,0570604190051256;0,00720511772444877;0,20161946405815;0,00720511772444877;0,20161946405815;100;1;0,9;TRUE;0,99;0,8;TRUE;TRUE;0,99;0,01;0
"hs_mo_c_Log2";"hs_asthma";0,18953694118342;1e-12;0,00580671050369405;0,0177607020056941;0,0177607020056941;0,0183636226732557;0,0302031589925065;-0,0421160903635545;0,0808181418042073;-0,0421160903635545;0,0808181418042073;100;1;0,9;TRUE;0,74;0,8;FALSE;FALSE;0,74;0,26;0
"hs_pb_c_Log2";"hs_asthma";0,18953694118342;1e-12;-0,00446384719695702;-0,0219030370654636;-0,0230558284899617;-0,0150382083024083;0,0382220113609737;-0,133393244154933;0,0226256933937442;-0,136306888181772;0,0237875381192582;95;0,95;0,9;TRUE;0,768421052631579;0,8;FALSE;FALSE;0,22;0,73;0,05
"hs_hum_mt_hs_h_None";"hs_asthma";0,18953694118342;1e-12;-0,0257008091185338;-0,0210636052963871;-0,0210636052963871;-0,0221090145219375;0,0482111249864255;-0,133196177218513;0,0710514822610196;-0,133196177218513;0,0710514822610196;100;1;0,9;TRUE;0,67;0,8;FALSE;FALSE;0,33;0,67;0
"hs_tm_mt_hs_h_None";"hs_asthma";0,18953694118342;1e-12;-0,00244402459074785;-0,0130260461701191;-0,0140065012581926;-0,00832936571663659;0,0242308555814158;-0,0583238162610522;0,0371970417159916;-0,0589237344476958;0,0384500375397654;93;0,93;0,9;TRUE;0,795698924731183;0,8;FALSE;FALSE;0,19;0,74;0,07
"hs_uvdvf_mt_hs_h_None";"hs_asthma";0,18953694118342;1e-12;0,00504270822424121;0,0126520591963035;0,0143773399957995;0,00458251201441248;0,0327637516356255;-0,0343440126359149;0,0858092839594232;-0,0365797922988374;0,0874794273349176;88;0,88;0,9;FALSE;0,602272727272727;0,8;FALSE;FALSE;0,53;0,35;0,12
"hs_hum_dy_hs_h_None";"hs_asthma";0,18953694118342;1e-12;0,0340498333389728;0,0506337249191831;0,0506337249191831;0,0382007226887565;0,0572853895521082;-0,0339619151736848;0,178394776567323;-0,0339619151736848;0,178394776567323;100;1;0,9;TRUE;0,88;0,8;TRUE;TRUE;0,88;0,12;0
"hs_hum_wk_hs_h_None";"hs_asthma";0,18953694118342;1e-12;0,148650639140098;0,15501971512878;0,15501971512878;0,153659767091784;0,0695491171545018;0,0381716575614303;0,28163775768425;0,0381716575614303;0,28163775768425;100;1;0,9;TRUE;1;0,8;TRUE;TRUE;1;0;0
"hs_tm_dy_hs_h_None";"hs_asthma";0,18953694118342;1e-12;0;0,011139559302733;0,0150534585172068;0,00548914166586119;0,023761197880903;-0,013110752237798;0,0744095999486045;-0,0153785426355502;0,0766330557064066;74;0,74;0,9;FALSE;NA;0,8;FALSE;FALSE;0,49;0,25;0,26
"hs_tm_wk_hs_h_None";"hs_asthma";0,18953694118342;1e-12;0;0,0204377792035176;0,02838580444933;0,021282179911745;0,0284840745918883;-0,00738195764816854;0,0893210155677452;-0,00803755950327923;0,0927467787526747;72;0,72;0,9;FALSE;NA;0,8;FALSE;FALSE;0,65;0,07;0,28
"hs_uvdvf_dy_hs_h_None";"hs_asthma";0,18953694118342;1e-12;0;-0,0264858572209546;-0,030097565023812;-0,0240552762070329;0,0299862270885753;-0,103323364693173;0,00320325230966173;-0,104869174767454;0,00342297204695008;88;0,88;0,9;FALSE;NA;0,8;FALSE;FALSE;0,08;0,8;0,12
"hs_uvdvf_wk_hs_h_None";"hs_asthma";0,18953694118342;1e-12;0,0145358537470134;0,0211716962601919;0,0225230811278637;0,0141803774560814;0,0344765007472857;-0,0191053247433982;0,127287227932355;-0,0191845771179188;0,12755607492391;94;0,94;0,9;TRUE;0,74468085106383;0,8;FALSE;FALSE;0,7;0,24;0,06
"hs_ndvi100_h_None";"hs_asthma";0,18953694118342;1e-12;-0,0670213398665315;-0,0802515238729972;-0,0835953373677054;-0,0727536499772804;0,0674531681818983;-0,230251742602662;0;-0,23104345493986;-0,00395097036182837;96;0,96;0,9;TRUE;0,989583333333333;0,8;TRUE;TRUE;0,01;0,95;0,04
"hs_ndvi100_s_None";"hs_asthma";0,18953694118342;1e-12;-0,053332699334572;-0,0674717010039989;-0,0681532333373726;-0,0626541328915781;0,0519034672802739;-0,194246430402419;0,00435432353161889;-0,194522359536228;0,00447231942639463;99;0,99;0,9;TRUE;0,94949494949495;0,8;TRUE;TRUE;0,05;0,94;0,01
"hs_dde_cadj_Log2";"hs_asthma";0,18953694118342;1e-12;0,01671352663905;0,00717749514645957;0,00717749514645957;0,00649882193909946;0,0610096740292287;-0,115403346379537;0,130314375596825;-0,115403346379537;0,130314375596825;100;1;0,9;TRUE;0,53;0,8;FALSE;FALSE;0,53;0,47;0
"hs_ddt_cadj_Log2";"hs_asthma";0,18953694118342;1e-12;0,000284713826589734;0,00986536038616525;0,0113394946967417;0,00271572523166444;0,0342171499775267;-0,0473016367383533;0,105283647132587;-0,0484126996069419;0,109314270243244;87;0,87;0,9;FALSE;0,574712643678161;0,8;FALSE;FALSE;0,5;0,37;0,13
"hs_hcb_cadj_Log2";"hs_asthma";0,18953694118342;1e-12;0,0199383108505915;0,0266833258561711;0,0266833258561711;0,0219854131733537;0,0534067884842287;-0,0483428488773229;0,169050902829354;-0,0483428488773229;0,169050902829354;100;1;0,9;TRUE;0,76;0,8;FALSE;FALSE;0,76;0,24;0
"hs_pcb118_cadj_Log2";"hs_asthma";0,18953694118342;1e-12;0,00950713876679749;0,010291060109372;0,0105010817442571;0,00368481247634348;0,0350479960140058;-0,0506486639468068;0,0832093802096592;-0,0509739348157647;0,0834001129609094;98;0,98;0,9;TRUE;0,602040816326531;0,8;FALSE;FALSE;0,59;0,39;0,02
"hs_pcb138_cadj_Log2";"hs_asthma";0,18953694118342;1e-12;0;0,0256690713843063;0,027901164548159;0,00454611156338903;0,05725744602362;-0,0633459461232522;0,140405896329521;-0,0667012807156301;0,141754074650269;92;0,92;0,9;TRUE;NA;0,8;FALSE;FALSE;0,57;0,35;0,08
"hs_pcb153_cadj_Log2";"hs_asthma";0,18953694118342;1e-12;-0,0116974760998498;-0,0215738174670313;-0,0224727265281577;-0,0172997651523257;0,0288869642144705;-0,0846313672226798;0,0310952064768639;-0,0857831305999584;0,0320489128955488;96;0,96;0,9;TRUE;0,791666666666667;0,8;FALSE;FALSE;0,2;0,76;0,04
"hs_pcb170_cadj_Log2";"hs_asthma";0,18953694118342;1e-12;0,0903255623162048;0,0893804048547174;0,0893804048547174;0,0867042169477336;0,0528657353864792;-0,00503011203821972;0,200833767908658;-0,00503011203821972;0,200833767908658;100;1;0,9;TRUE;0,96;0,8;TRUE;TRUE;0,96;0,04;0
"hs_pcb180_cadj_Log2";"hs_asthma";0,18953694118342;1e-12;-0,0844117414082039;-0,0882684473059765;-0,0882684473059765;-0,0841279384369862;0,0675885292696856;-0,218969088272617;0,0231435797050283;-0,218969088272617;0,0231435797050283;100;1;0,9;TRUE;0,9;0,8;TRUE;TRUE;0,1;0,9;0
"hs_sumPCBs5_cadj_Log2";"hs_asthma";0,18953694118342;1e-12;0,0428230090331236;0,0272447968826555;0,0272447968826555;0,0236833937927908;0,0407553977186443;-0,0452670728713225;0,111240901672546;-0,0452670728713225;0,111240901672546;100;1;0,9;TRUE;0,74;0,8;FALSE;FALSE;0,74;0,26;0
"hs_pfhxs_c_Log2";"hs_asthma";0,18953694118342;1e-12;-0,00777472362377973;-0,00972111556755992;-0,00991950568118359;-0,00264358340915823;0,0318308947116141;-0,0821730426734707;0,0521250402385925;-0,082550964847046;0,0530015931721378;98;0,98;0,9;TRUE;0,571428571428571;0,8;FALSE;FALSE;0,42;0,56;0,02
"hs_pfna_c_Log2";"hs_asthma";0,18953694118342;1e-12;0,00717234703524448;0,0225325486438447;0,0234714048373382;0,00913607580142796;0,0380191787435569;-0,0323575657958286;0,11167688487839;-0,032928504338447;0,115081390423773;96;0,96;0,9;TRUE;0,739583333333333;0,8;FALSE;FALSE;0,71;0,25;0,04
"hs_pfoa_c_Log2";"hs_asthma";0,18953694118342;1e-12;-0,0042982328762231;-0,0112180531567263;-0,0114469930170676;-0,00921553602288957;0,0424376873395914;-0,102424247655502;0,0635463686537518;-0,103030183575912;0,0639671836886294;98;0,98;0,9;TRUE;0,612244897959184;0,8;FALSE;FALSE;0,38;0,6;0,02
"hs_pfos_c_Log2";"hs_asthma";0,18953694118342;1e-12;-0,00509973842872829;-0,00375098416695335;-0,00375098416695335;-0,00290395876839541;0,0355649074417882;-0,0775110232632859;0,0551415704400507;-0,0775110232632859;0,0551415704400507;100;1;0,9;TRUE;0,56;0,8;FALSE;FALSE;0,44;0,56;0
"hs_pfunda_c_Log2";"hs_asthma";0,18953694118342;1e-12;0,000445275261198583;0,0254305917163014;0,0282562130181126;0,014799514612669;0,0334308227404029;-0,00467025101284399;0,113868086771479;-0,00468807587389303;0,116779733265031;90;0,9;0,9;TRUE;0,866666666666667;0,8;TRUE;TRUE;0,78;0,12;0,1
"hs_hm_pers_None";"hs_asthma";0,18953694118342;1e-12;-0,0229065671847659;-0,0406286041143144;-0,0406286041143144;-0,0346053747714836;0,0410464714467397;-0,145034288248549;0,0135583158046651;-0,145034288248549;0,0135583158046651;100;1;0,9;TRUE;0,9;0,8;TRUE;TRUE;0,1;0,9;0
"hs_trafload_h_pow1over3";"hs_asthma";0,18953694118342;1e-12;0;0,00151689775496814;0,00172374744882743;0,00168750907569221;0,0218319973960876;-0,0335884904578183;0,0435972210628226;-0,0347197780721767;0,0443636651453095;88;0,88;0,9;FALSE;NA;0,8;FALSE;FALSE;0,48;0,4;0,12
"hs_trafnear_h_pow1over3";"hs_asthma";0,18953694118342;1e-12;-0,00364265255876735;-0,00967258991561332;-0,0106292196874872;-0,00544826979764656;0,0296361367918603;-0,0876576385101099;0,0482514051309639;-0,0905067528847203;0,0485207195383707;91;0,91;0,9;TRUE;0,703296703296703;0,8;FALSE;FALSE;0,27;0,64;0,09
"FAS_cat_None_Low";"hs_asthma";0,18953694118342;1e-12;-0,0681555295430002;-0,0647554146745423;-0,0647554146745423;-0,0446064395723689;0,204026453951641;-0,443983773106499;0,277581753143548;-0,443983773106499;0,277581753143548;100;1;0,9;TRUE;0,59;0,8;FALSE;FALSE;0,41;0,59;0
"FAS_cat_None_Middle";"hs_asthma";0,18953694118342;1e-12;-0,155681850112338;-0,161094812885416;-0,162722033217592;-0,142205186659222;0,124547546832329;-0,405173615685089;0,0243214236380534;-0,405179607699024;0,0248136614159183;99;0,99;0,9;TRUE;0,929292929292929;0,8;TRUE;TRUE;0,07;0,92;0,01
"hs_globalexp2_None_no exposure";"hs_asthma";0,18953694118342;1e-12;0,00342554874222387;-0,00300249910466741;-0,00309535990171898;0,00127126232077166;0,0828135104699199;-0,158647509995416;0,155532013282345;-0,159603730819042;0,157450032128471;97;0,97;0,9;TRUE;0,525773195876289;0,8;FALSE;FALSE;0,51;0,46;0,03
"hs_no2_dy_hs_h_Log";"hs_zbmi_who";0,18953694118342;1e-12;-0,0379311393027023;-0,0437967761871846;-0,0456216418616507;-0,0399094320571984;0,0359249454220984;-0,121131384542929;0,0129764870120002;-0,121731362854976;0,0132783245599095;96;0,96;0,9;TRUE;0,916666666666667;0,8;TRUE;TRUE;0,08;0,88;0,04
"hs_no2_wk_hs_h_Log";"hs_zbmi_who";0,18953694118342;1e-12;0;-0,0088322812979329;-0,0131825093998999;-0,00798321981446466;0,0173207220972991;-0,0517151482124422;0,00493245928601939;-0,0632865943387009;0,00822532534615922;67;0,67;0,9;FALSE;NA;0,8;FALSE;FALSE;0,15;0,52;0,33
"hs_no2_yr_hs_h_Log";"hs_zbmi_who";0,18953694118342;1e-12;-0,0197000009450723;-0,0214885460387657;-0,022860155360389;-0,0183041568333777;0,0275901028679339;-0,0858944833797351;0,018082455154417;-0,0866380071729486;0,0182148170341022;94;0,94;0,9;TRUE;0,808510638297872;0,8;TRUE;TRUE;0,18;0,76;0,06
"hs_pm10_dy_hs_h_None";"hs_zbmi_who";0,18953694118342;1e-12;0,0414773881803857;0,0466581744067551;0,0481012107286135;0,0403086374466076;0,0350923658499044;0;0,132283835286219;0,000311087061361014;0,132580376002869;97;0,97;0,9;TRUE;0,979381443298969;0,8;TRUE;TRUE;0,95;0,02;0,03
"hs_pm10_wk_hs_h_None";"hs_zbmi_who";0,18953694118342;1e-12;-0,0180762711186761;-0,0175303971440263;-0,0175303971440263;-0,0170783733737326;0,0255347819197802;-0,074826618454532;0,0419552693924302;-0,074826618454532;0,0419552693924302;100;1;0,9;TRUE;0,82;0,8;TRUE;TRUE;0,18;0,82;0
"hs_pm10_yr_hs_h_None";"hs_zbmi_who";0,18953694118342;1e-12;-0,00115919389616419;-0,000438656738316671;-0,000562380433739322;0,000159432557283961;0,0205111978124117;-0,0442459165156065;0,0424491671535571;-0,046676484073456;0,0444202382796627;78;0,78;0,9;FALSE;0,461538461538462;0,8;FALSE;FALSE;0,42;0,36;0,22
"hs_pm25_dy_hs_h_None";"hs_zbmi_who";0,18953694118342;1e-12;0,0281300503517613;0,0393906886656437;0,0397885744097411;0,0362535469321521;0,0306817952639899;0,000287552855812498;0,0947803962512633;0,000607936380482211;0,0948727430674734;99;0,99;0,9;TRUE;0,97979797979798;0,8;TRUE;TRUE;0,97;0,02;0,01
"hs_pm25_wk_hs_h_None";"hs_zbmi_who";0,18953694118342;1e-12;-0,00975650495637227;-0,0248262400503488;-0,0292073412357045;-0,0246016038663406;0,0259192399497199;-0,0897050973638415;0,000712939707606347;-0,0924077114839085;0,00111068688717367;85;0,85;0,9;FALSE;0,952941176470588;0,8;TRUE;FALSE;0,04;0,81;0,15
"hs_pm25_yr_hs_h_None";"hs_zbmi_who";0,18953694118342;1e-12;0,0139038270474132;0,0115865007121203;0,0117035360728488;0,0145442521204903;0,0371452068887092;-0,0607759461740689;0,0798127467602433;-0,0611047109013042;0,0801267776118793;99;0,99;0,9;TRUE;0,646464646464647;0,8;FALSE;FALSE;0,64;0,35;0,01
"hs_pm25abs_dy_hs_h_Log";"hs_zbmi_who";0,18953694118342;1e-12;-0,00613260594546096;-0,00597465932826291;-0,00597465932826291;-0,00555235520701183;0,0190146434039894;-0,0457440374637803;0,0277538037681508;-0,0457440374637803;0,0277538037681508;100;1;0,9;TRUE;0,64;0,8;FALSE;FALSE;0,36;0,64;0
"hs_pm25abs_wk_hs_h_Log";"hs_zbmi_who";0,18953694118342;1e-12;0;-0,00233176999783258;-0,00259085555314731;-0,00362671762908527;0,0169135289349595;-0,0311477040034718;0,0441534118736408;-0,0320015126112013;0,0482411895663722;90;0,9;0,9;TRUE;NA;0,8;FALSE;FALSE;0,23;0,67;0,1
"hs_pm25abs_yr_hs_h_Log";"hs_zbmi_who";0,18953694118342;1e-12;0,000946371353903041;0,00136649148236972;0,00143841208670497;0,00291348136709022;0,021712500535351;-0,0449948255675738;0,0457227512893924;-0,0456337547440808;0,0458661756699953;95;0,95;0,9;TRUE;0,568421052631579;0,8;FALSE;FALSE;0,54;0,41;0,05
"hs_accesslines300_h_dic0";"hs_zbmi_who";0,18953694118342;1e-12;-0,205747752533972;-0,18024926648628;-0,18024926648628;-0,169510828348523;0,159529846012965;-0,550785943171858;0,0704911662812489;-0,550785943171858;0,0704911662812489;100;1;0,9;TRUE;0,9;0,8;TRUE;TRUE;0,1;0,9;0
"hs_accesspoints300_h_Log";"hs_zbmi_who";0,18953694118342;1e-12;-0,0169006449529852;-0,0190990550641642;-0,0190990550641642;-0,0176410262024719;0,0262230437190763;-0,0756174403596121;0,0264478112000035;-0,0756174403596121;0,0264478112000035;100;1;0,9;TRUE;0,74;0,8;FALSE;FALSE;0,26;0,74;0
"hs_builtdens300_h_Sqrt";"hs_zbmi_who";0,18953694118342;1e-12;-0,000591131626154196;-0,00654945064654061;-0,00873260086205414;-0,00512624369483089;0,0176232695550619;-0,056195324363703;0,0224074774441758;-0,0579416190975125;0,0230710080652024;75;0,75;0,9;FALSE;0,666666666666667;0,8;FALSE;FALSE;0,25;0,5;0,25
"hs_connind300_h_Log";"hs_zbmi_who";0,18953694118342;1e-12;0,00289490887733678;0,0169989968507975;0,0188877742786639;0,01126394721751;0,0241767947955836;-0,012153898328024;0,0823578862417292;-0,0130071896111872;0,0838629945367592;90;0,9;0,9;TRUE;0,811111111111111;0,8;TRUE;TRUE;0,73;0,17;0,1
"hs_fdensity300_h_Log";"hs_zbmi_who";0,18953694118342;1e-12;-0,0157166497996354;-0,0210149861147028;-0,0221210380154767;-0,0192369774148561;0,023159911965763;-0,0708687707149098;0,0113428888620478;-0,0716921497795444;0,0113467698591735;95;0,95;0,9;TRUE;0,810526315789474;0,8;TRUE;TRUE;0,18;0,77;0,05
"hs_landuseshan300_h_None";"hs_zbmi_who";0,18953694118342;1e-12;-0,00623625832880144;-0,0124187888681693;-0,0126722335389483;-0,00794306878404978;0,0213319953405408;-0,0585528147601648;0,0195043897286791;-0,0586359319982937;0,0195097869932607;98;0,98;0,9;TRUE;0,755102040816326;0,8;FALSE;FALSE;0,24;0,74;0,02
"hs_popdens_h_Sqrt";"hs_zbmi_who";0,18953694118342;1e-12;0,0233339909151223;0,032958740854586;0,0336313682189653;0,0280447485940045;0,0258281376638635;-0,00320805396830038;0,0869928101185672;-0,00321583257603007;0,0871142183075303;98;0,98;0,9;TRUE;0,908163265306122;0,8;TRUE;TRUE;0,89;0,09;0,02
"hs_walkability_mean_h_None";"hs_zbmi_who";0,18953694118342;1e-12;0,00142903858864149;0,000313733825893984;0,000341015028145635;0,00112714544125147;0,0190972710711852;-0,0394074487658407;0,0345241889971462;-0,0399205769814908;0,0355973476275132;92;0,92;0,9;TRUE;0,532608695652174;0,8;FALSE;FALSE;0,49;0,43;0,08
"hs_accesslines300_s_dic0";"hs_zbmi_who";0,18953694118342;1e-12;-0,109594617689848;-0,119365021444006;-0,119365021444006;-0,107712851447119;0,12403079244968;-0,348724076197824;0,0826205740772605;-0,348724076197824;0,0826205740772605;100;1;0,9;TRUE;0,81;0,8;TRUE;TRUE;0,19;0,81;0
"hs_accesspoints300_s_Log";"hs_zbmi_who";0,18953694118342;1e-12;-0,0638435281606452;-0,0674309020584933;-0,0681120222813064;-0,0654559612719578;0,0354873525430966;-0,129568661789836;-0,000444924836075218;-0,129579681092783;-0,0058252546393054;99;0,99;0,9;TRUE;0,97979797979798;0,8;TRUE;TRUE;0,02;0,97;0,01
"hs_builtdens300_s_Sqrt";"hs_zbmi_who";0,18953694118342;1e-12;0;0,000942664926416675;0,00108352290392721;0,000109888321020541;0,0178163169455658;-0,0332746228963864;0,0386742407036928;-0,0348554791465609;0,0387383226132116;87;0,87;0,9;FALSE;NA;0,8;FALSE;FALSE;0,45;0,42;0,13
"hs_connind300_s_Log";"hs_zbmi_who";0,18953694118342;1e-12;-0,0024106413285558;-0,0125540683728068;-0,0136457264921813;-0,00823065112261229;0,0225184022345038;-0,0758369030400617;0,0227253961892082;-0,0776519389356297;0,0231422900502;92;0,92;0,9;TRUE;0,771739130434783;0,8;FALSE;FALSE;0,21;0,71;0,08
"hs_fdensity300_s_Log";"hs_zbmi_who";0,18953694118342;1e-12;-0,0204475676635376;-0,0259118993257663;-0,0278622573395337;-0,0219053366399568;0,0271779949428516;-0,0791209644156216;0,00848526887451788;-0,0798919854860671;0,00952515009770557;93;0,93;0,9;TRUE;0,89247311827957;0,8;TRUE;TRUE;0,1;0,83;0,07
"hs_landuseshan300_s_None";"hs_zbmi_who";0,18953694118342;1e-12;-0,0241676917743723;-0,031545201499249;-0,0328595848950511;-0,0296957549499608;0,0291495120563038;-0,0998709911944052;0,00226310868298726;-0,10023366039925;0,00242895845312602;96;0,96;0,9;TRUE;0,96875;0,8;TRUE;TRUE;0,03;0,93;0,04
"hs_popdens_s_Sqrt";"hs_zbmi_who";0,18953694118342;1e-12;-0,00321199009820695;-0,00787322940328418;-0,00828760989819388;-0,00634974775983481;0,0173192822146109;-0,0446799952362005;0,0195650894240628;-0,0454263294019681;0,0206202418849514;95;0,95;0,9;TRUE;0,736842105263158;0,8;FALSE;FALSE;0,25;0,7;0,05
"h_Absorbance_Log";"hs_zbmi_who";0,18953694118342;1e-12;-0,00034737886087733;-0,000708879281471939;-0,000723346205583612;-0,000543314405868603;0,0235174357617808;-0,0517730443528319;0,0411886615238945;-0,052103091840822;0,0411957917970464;98;0,98;0,9;TRUE;0,520408163265306;0,8;FALSE;FALSE;0,47;0,51;0,02
"h_Benzene_Log";"hs_zbmi_who";0,18953694118342;1e-12;0,0177010632414568;0,0148463097531482;0,0148463097531482;0,0190724917103859;0,026691894877325;-0,0305414921221836;0,0687155464672129;-0,0305414921221836;0,0687155464672129;100;1;0,9;TRUE;0,71;0,8;FALSE;FALSE;0,71;0,29;0
"h_NO2_Log";"hs_zbmi_who";0,18953694118342;1e-12;0,0180650657606175;0,0291251639350698;0,0294193575101715;0,028466555872428;0,023802435426128;-0,0050341431807687;0,0767982270387247;-0,00504612524530262;0,0768660959082604;99;0,99;0,9;TRUE;0,939393939393939;0,8;TRUE;TRUE;0,93;0,06;0,01
"h_PM_Log";"hs_zbmi_who";0,18953694118342;1e-12;0,0151145350914312;0,0216252309818201;0,0225262822727293;0,0200843612093114;0,0215435956136453;-0,0103270162769107;0,0697838502567354;-0,01074489851106;0,0702451095546874;96;0,96;0,9;TRUE;0,90625;0,8;TRUE;TRUE;0,87;0,09;0,04
"h_TEX_Log";"hs_zbmi_who";0,18953694118342;1e-12;0,00459398281019904;0,0137474889414759;0,0151071307049186;0,0105474015008824;0,020276664620461;-0,0133527471554212;0,0629427417836778;-0,0143636499764344;0,0649950492696023;91;0,91;0,9;TRUE;0,791208791208791;0,8;FALSE;FALSE;0,72;0,19;0,09
"hs_KIDMED_None";"hs_zbmi_who";0,18953694118342;1e-12;0,0472359398077575;0,0496819642432331;0,0496819642432331;0,0470690655142655;0,0274931082988412;-0,00084012846062331;0,11458934147398;-0,00084012846062331;0,11458934147398;100;1;0,9;TRUE;0,97;0,8;TRUE;TRUE;0,97;0,03;0
"hs_mvpa_prd_alt_None";"hs_zbmi_who";0,18953694118342;1e-12;-0,000380117962627175;-0,00367287505391625;-0,00370997480193561;-0,00204172645933645;0,0171554575997738;-0,0408018230388076;0,0307761214330327;-0,0410545280960115;0,0309425287314415;99;0,99;0,9;TRUE;0,606060606060606;0,8;FALSE;FALSE;0,39;0,6;0,01
"hs_sd_wk_None";"hs_zbmi_who";0,18953694118342;1e-12;0,000343245321660414;0,000591848710229579;0,000603927255336306;0,000359265194275435;0,0184324219752992;-0,0413811159736335;0,0431851088152;-0,0414918514638605;0,043690904155496;98;0,98;0,9;TRUE;0,510204081632653;0,8;FALSE;FALSE;0,5;0,48;0,02
"hs_dif_hours_total_None";"hs_zbmi_who";0,18953694118342;1e-12;-0,0353741692358503;-0,039041300800041;-0,039041300800041;-0,0356107568784518;0,0282632023321892;-0,10528636114511;0,00919795614530123;-0,10528636114511;0,00919795614530123;100;1;0,9;TRUE;0,95;0,8;TRUE;TRUE;0,05;0,95;0
"hs_as_c_Log2";"hs_zbmi_who";0,18953694118342;1e-12;-0,0140047226525099;-0,01011768963045;-0,0102198885156061;-0,00700867739442832;0,0222578438838392;-0,0558989197386171;0,0335155757471911;-0,0559393903471201;0,0340154095865871;99;0,99;0,9;TRUE;0,707070707070707;0,8;FALSE;FALSE;0,29;0,7;0,01
"hs_cd_c_Log2";"hs_zbmi_who";0,18953694118342;1e-12;0,00696400888625861;0,0140498155984339;0,0151073286004666;0,0115190257091837;0,0182863296072274;-0,0100694643883595;0,05751292079842;-0,0106127895469186;0,057579327485319;93;0,93;0,9;TRUE;0,774193548387097;0,8;FALSE;FALSE;0,72;0,21;0,07
"hs_co_c_Log2";"hs_zbmi_who";0,18953694118342;1e-12;-0,0172989822828966;-0,017777353471246;-0,0179569226982283;-0,018891795913648;0,0167192119057968;-0,0480635049021653;0,0206039270245571;-0,04817994295732;0,02067415552622;99;0,99;0,9;TRUE;0,868686868686869;0,8;TRUE;TRUE;0,13;0,86;0,01
"hs_cs_c_Log2";"hs_zbmi_who";0,18953694118342;1e-12;0,099058940328475;0,101075717725789;0,101075717725789;0,104424258204431;0,0374113807562663;0,0347247717537546;0,170099362444634;0,0347247717537546;0,170099362444634;100;1;0,9;TRUE;1;0,8;TRUE;TRUE;1;0;0
"hs_cu_c_Log2";"hs_zbmi_who";0,18953694118342;1e-12;0,0695966133295771;0,0704264530621902;0,0704264530621902;0,0709857095851637;0,0265431806130587;0,022082698330877;0,119007251427427;0,022082698330877;0,119007251427427;100;1;0,9;TRUE;1;0,8;TRUE;TRUE;1;0;0
"hs_hg_c_Log2";"hs_zbmi_who";0,18953694118342;1e-12;-0,00823300009355153;-0,0159687819116288;-0,016130082739019;-0,010458834873714;0,0251884393326316;-0,079619345266372;0,0166076784049695;-0,0796520116401631;0,016700200394834;99;0,99;0,9;TRUE;0,777777777777778;0,8;FALSE;FALSE;0,22;0,77;0,01
"hs_mn_c_Log2";"hs_zbmi_who";0,18953694118342;1e-12;-0,0244783551863702;-0,0293213148820081;-0,0293213148820081;-0,0250609883469756;0,0221195110227533;-0,079034395116537;0,00333646710635921;-0,079034395116537;0,00333646710635921;100;1;0,9;TRUE;0,94;0,8;TRUE;TRUE;0,06;0,94;0
"hs_mo_c_Log2";"hs_zbmi_who";0,18953694118342;1e-12;-0,0511229757315772;-0,0571070036945906;-0,0571070036945906;-0,0559449911647585;0,0272816669299711;-0,125617993836903;-0,0128330050671028;-0,125617993836903;-0,0128330050671028;100;1;0,9;TRUE;1;0,8;TRUE;TRUE;0;1;0
"hs_pb_c_Log2";"hs_zbmi_who";0,18953694118342;1e-12;-0,00372626145830332;-0,00672801229415638;-0,00708211820437513;-0,00583441460611813;0,0143556904429103;-0,0382509081940927;0,0145938737003637;-0,0382732812284652;0,0146040536488719;95;0,95;0,9;TRUE;0,694736842105263;0,8;FALSE;FALSE;0,29;0,66;0,05
"hs_hum_mt_hs_h_None";"hs_zbmi_who";0,18953694118342;1e-12;0,0845043817061198;0,0857745794423142;0,0857745794423142;0,0850585908783505;0,0396387197456071;0,00904309566064489;0,161688889379475;0,00904309566064489;0,161688889379475;100;1;0,9;TRUE;1;0,8;TRUE;TRUE;1;0;0
"hs_tm_mt_hs_h_None";"hs_zbmi_who";0,18953694118342;1e-12;0,000577881309371439;-7,37210211698553e-05;-7,92699152364035e-05;0,0028529252114305;0,0216529399724214;-0,0423295258533602;0,0425688539810327;-0,044864275576085;0,0427109543464297;93;0,93;0,9;TRUE;0,580645161290323;0,8;FALSE;FALSE;0,54;0,39;0,07
"hs_uvdvf_mt_hs_h_None";"hs_zbmi_who";0,18953694118342;1e-12;0,0113062549123155;0,0210192670345023;0,0238855307210254;0,0171574246332708;0,0244637730610737;-0,00382889243515859;0,0810446809514112;-0,00443322763944814;0,0829451625143142;88;0,88;0,9;FALSE;0,909090909090909;0,8;TRUE;FALSE;0,8;0,08;0,12
"hs_hum_dy_hs_h_None";"hs_zbmi_who";0,18953694118342;1e-12;0,0235408871731975;0,0279757381663624;0,0279757381663624;0,0237338884568874;0,0276576258918364;-0,0166651196234659;0,0925315663017875;-0,0166651196234659;0,0925315663017875;100;1;0,9;TRUE;0,82;0,8;TRUE;TRUE;0,82;0,18;0
"hs_hum_wk_hs_h_None";"hs_zbmi_who";0,18953694118342;1e-12;0,0019743395714545;-0,00570359135002567;-0,00570359135002567;-0,00436997489783449;0,030993290295918;-0,0634442881587738;0,044269817866635;-0,0634442881587738;0,044269817866635;100;1;0,9;TRUE;0,46;0,8;FALSE;FALSE;0,46;0,54;0
"hs_tm_dy_hs_h_None";"hs_zbmi_who";0,18953694118342;1e-12;0;-0,000110609192271154;-0,000149471881447505;-0,00053925343672952;0,0171619748878591;-0,0306799797285942;0,0421970446426977;-0,0341948416017683;0,0519579445661542;74;0,74;0,9;FALSE;NA;0,8;FALSE;FALSE;0,35;0,39;0,26
"hs_tm_wk_hs_h_None";"hs_zbmi_who";0,18953694118342;1e-12;0;-0,00479298569033348;-0,00665692456990762;-0,0027884604607062;0,0152357478382824;-0,0386837620090347;0,0156699987009726;-0,0408910569103021;0,0167818495412549;72;0,72;0,9;FALSE;NA;0,8;FALSE;FALSE;0,28;0,44;0,28
"hs_uvdvf_dy_hs_h_None";"hs_zbmi_who";0,18953694118342;1e-12;0;-0,00568624622643013;-0,00646164343912515;-0,00560866709005991;0,0174497586201835;-0,0412738377515631;0,0288389346781379;-0,0416958419663766;0,029586442891555;88;0,88;0,9;FALSE;NA;0,8;FALSE;FALSE;0,32;0,56;0,12
"hs_uvdvf_wk_hs_h_None";"hs_zbmi_who";0,18953694118342;1e-12;-0,011163018822072;-0,0148666882611502;-0,0158156258097342;-0,0121744105236359;0,0225535837206107;-0,0649197679304027;0,0201416277678549;-0,0653338310296581;0,0203462742754423;94;0,94;0,9;TRUE;0,74468085106383;0,8;FALSE;FALSE;0,24;0,7;0,06
"hs_ndvi100_h_None";"hs_zbmi_who";0,18953694118342;1e-12;0,00221829301878151;0,00126013329391446;0,00131263884782756;0,00156524559070687;0,0207757061101422;-0,0419499517631646;0,0406996744971987;-0,0423010219040052;0,0410631375630377;96;0,96;0,9;TRUE;0,552083333333333;0,8;FALSE;FALSE;0,53;0,43;0,04
"hs_ndvi100_s_None";"hs_zbmi_who";0,18953694118342;1e-12;-0,0271205910595541;-0,0301190602056697;-0,0304232931370401;-0,0284630601160275;0,0306831395180133;-0,0897705943948087;0,0245475135305977;-0,0900031407219176;0,0248647208439485;99;0,99;0,9;TRUE;0,878787878787879;0,8;TRUE;TRUE;0,12;0,87;0,01
"hs_dde_cadj_Log2";"hs_zbmi_who";0,18953694118342;1e-12;-0,102843562576507;-0,100106347335258;-0,100106347335258;-0,0945718347169437;0,039778237986496;-0,190433345387527;-0,0323317276515437;-0,190433345387527;-0,0323317276515437;100;1;0,9;TRUE;1;0,8;TRUE;TRUE;0;1;0
"hs_ddt_cadj_Log2";"hs_zbmi_who";0,18953694118342;1e-12;0,00232673809184768;0,0120084945170516;0,0138028672609789;0,00782875886295481;0,0203043859603102;-0,0134230365328957;0,0569052021270463;-0,0141229122137488;0,0571923556683721;87;0,87;0,9;FALSE;0,67816091954023;0,8;FALSE;FALSE;0,59;0,28;0,13
"hs_hcb_cadj_Log2";"hs_zbmi_who";0,18953694118342;1e-12;-0,158318964043162;-0,215026135051163;-0,215026135051163;-0,174077042865341;0,133513498394516;-0,474370743412604;-0,054472407510385;-0,474370743412604;-0,054472407510385;100;1;0,9;TRUE;1;0,8;TRUE;TRUE;0;1;0
"hs_pcb118_cadj_Log2";"hs_zbmi_who";0,18953694118342;1e-12;0,0129424698812538;0,0231930891085523;0,0236664174577064;0,0143402030581823;0,0273803649388973;-0,0104439438204238;0,0865762646492448;-0,0105386894283874;0,0867953208107093;98;0,98;0,9;TRUE;0,877551020408163;0,8;TRUE;TRUE;0,86;0,12;0,02
"hs_pcb138_cadj_Log2";"hs_zbmi_who";0,18953694118342;1e-12;0;-0,00664741227238708;-0,00722544812215987;-0,00433871088943173;0,0253663645907385;-0,051314905455854;0,0437846999847186;-0,0513927737945888;0,0438712427204645;92;0,92;0,9;TRUE;NA;0,8;FALSE;FALSE;0,3;0,62;0,08
"hs_pcb153_cadj_Log2";"hs_zbmi_who";0,18953694118342;1e-12;-0,0441325749619468;-0,0414842728689668;-0,043212784238507;-0,0358377677480123;0,0362109412769099;-0,125460625519858;0,00676256474819885;-0,126261193897107;0,00690181994834529;96;0,96;0,9;TRUE;0,916666666666667;0,8;TRUE;TRUE;0,08;0,88;0,04
"hs_pcb170_cadj_Log2";"hs_zbmi_who";0,18953694118342;1e-12;-0,151122230526154;-0,147664460934846;-0,147664460934846;-0,142456983617171;0,0405453966154364;-0,239592994793095;-0,0795219557208935;-0,239592994793095;-0,0795219557208935;100;1;0,9;TRUE;1;0,8;TRUE;TRUE;0;1;0
"hs_pcb180_cadj_Log2";"hs_zbmi_who";0,18953694118342;1e-12;-0,033740366001382;-0,0313793391966685;-0,0313793391966685;-0,0316328544169714;0,038513290147459;-0,111827682493121;0,0389099177879538;-0,111827682493121;0,0389099177879538;100;1;0,9;TRUE;0,81;0,8;TRUE;TRUE;0,19;0,81;0
"hs_sumPCBs5_cadj_Log2";"hs_zbmi_who";0,18953694118342;1e-12;-0,107727816915979;-0,0950503551322242;-0,0950503551322242;-0,0927074240004183;0,0373012959879939;-0,175133647808874;-0,0281637735239898;-0,175133647808874;-0,0281637735239898;100;1;0,9;TRUE;1;0,8;TRUE;TRUE;0;1;0
"hs_pfhxs_c_Log2";"hs_zbmi_who";0,18953694118342;1e-12;0,00552314872950182;0,0143939925579391;0,0146877475081012;0,0127867043788511;0,020703497872404;-0,0232788681133186;0,055987184775905;-0,0233216511311123;0,0561340616828723;98;0,98;0,9;TRUE;0,806122448979592;0,8;TRUE;TRUE;0,79;0,19;0,02
"hs_pfna_c_Log2";"hs_zbmi_who";0,18953694118342;1e-12;-0,00365692761137657;-0,00132060458544109;-0,00137562977650113;-0,0031135940761973;0,0209786315476188;-0,0318106089609329;0,0564663990028548;-0,0321041078976791;0,0578190573584313;96;0,96;0,9;TRUE;0,635416666666667;0,8;FALSE;FALSE;0,35;0,61;0,04
"hs_pfoa_c_Log2";"hs_zbmi_who";0,18953694118342;1e-12;-0,0357799056863236;-0,0425689293172538;-0,0434376829767896;-0,0430323007824666;0,0263289235614902;-0,100330677316194;-0,000467677699821647;-0,100373402813725;-0,00135772451547026;98;0,98;0,9;TRUE;0,989795918367347;0,8;TRUE;TRUE;0,01;0,97;0,02
"hs_pfos_c_Log2";"hs_zbmi_who";0,18953694118342;1e-12;-0,015165861928413;-0,017099013884067;-0,017099013884067;-0,0103791384588704;0,0249369608958312;-0,0770602210445936;0,0162996714481088;-0,0770602210445936;0,0162996714481088;100;1;0,9;TRUE;0,78;0,8;FALSE;FALSE;0,22;0,78;0
"hs_pfunda_c_Log2";"hs_zbmi_who";0,18953694118342;1e-12;-8,96323037145504e-05;0,00285263929816226;0,00316959922018029;0,00121533284601435;0,014951198076407;-0,0290782694437007;0,0367233780897436;-0,029551588040046;0,0371519197989571;90;0,9;0,9;TRUE;0,411111111111111;0,8;FALSE;FALSE;0,53;0,37;0,1
"hs_hm_pers_None";"hs_zbmi_who";0,18953694118342;1e-12;-0,00199317721434054;-0,00669241820604968;-0,00669241820604968;-0,00635213107659519;0,0159110979678987;-0,042689339446623;0,0223604206198073;-0,042689339446623;0,0223604206198073;100;1;0,9;TRUE;0,66;0,8;FALSE;FALSE;0,34;0,66;0
"hs_trafload_h_pow1over3";"hs_zbmi_who";0,18953694118342;1e-12;0;-0,0118091895585713;-0,0134195335892856;-0,0110939061045244;0,0148692087328206;-0,0426817363332998;0,00945976500367129;-0,042962036186657;0,0113523623969681;88;0,88;0,9;FALSE;NA;0,8;FALSE;FALSE;0,11;0,77;0,12
"hs_trafnear_h_pow1over3";"hs_zbmi_who";0,18953694118342;1e-12;0,0105822973057603;0,0217335883843461;0,0238830641586221;0,0217162026704933;0,021321357934413;-0,00343101062476872;0,072692022312312;-0,00355464215481294;0,0730547291539267;91;0,91;0,9;TRUE;0,901098901098901;0,8;TRUE;TRUE;0,82;0,09;0,09
"FAS_cat_None_Low";"hs_zbmi_who";0,18953694118342;1e-12;-0,291344464777604;-0,279435494437208;-0,279435494437208;-0,282272536997789;0,0827551752551803;-0,443670539636458;-0,139843504675491;-0,443670539636458;-0,139843504675491;100;1;0,9;TRUE;1;0,8;TRUE;TRUE;0;1;0
"FAS_cat_None_Middle";"hs_zbmi_who";0,18953694118342;1e-12;-0,0767604857072009;-0,0678353801188335;-0,0685205859786197;-0,060875040976684;0,0540512248813728;-0,170120623073385;0,0149816858909366;-0,170377419879909;0,0150178190170786;99;0,99;0,9;TRUE;0,878787878787879;0,8;TRUE;TRUE;0,12;0,87;0,01
"hs_globalexp2_None_no exposure";"hs_zbmi_who";0,18953694118342;1e-12;-0,0399286846161842;-0,0556310634651257;-0,0573516118197172;-0,0523266335255371;0,0560694073497793;-0,18549067720233;0,0280416020834971;-0,186010733270243;0,0295427006897691;97;0,97;0,9;TRUE;0,88659793814433;0,8;TRUE;TRUE;0,11;0,86;0,03
"hs_no2_dy_hs_h_Log";"hs_correct_raven";0,18953694118342;1e-12;-0,0284334156938654;-0,0283934238744365;-0,029576483202538;-0,0251942331108007;0,0300349071758818;-0,103300208049876;0,0165092653830675;-0,105000393207779;0,017493982001488;96;0,96;0,9;TRUE;0,854166666666667;0,8;TRUE;TRUE;0,14;0,82;0,04
"hs_no2_wk_hs_h_Log";"hs_correct_raven";0,18953694118342;1e-12;0;-0,00869061488969654;-0,0129710669995471;-0,00658429389781487;0,0193688877745749;-0,0661528075330085;0,0108145847420334;-0,0800890877286905;0,0180186598117173;67;0,67;0,9;FALSE;NA;0,8;FALSE;FALSE;0,2;0,47;0,33
"hs_no2_yr_hs_h_Log";"hs_correct_raven";0,18953694118342;1e-12;-0,0292581219470064;-0,0273923431029975;-0,0291407905351037;-0,0277655103604391;0,0264928176177282;-0,0802241101402048;0,0108791675093682;-0,0821668299859447;0,0109379446638085;94;0,94;0,9;TRUE;0,893617021276596;0,8;TRUE;TRUE;0,1;0,84;0,06
"hs_pm10_dy_hs_h_None";"hs_correct_raven";0,18953694118342;1e-12;-0,0294082123482618;-0,0199870178857278;-0,0206051730780699;-0,0182129811344733;0,0223879307082091;-0,0637571540937422;0,015910209499771;-0,0639386467509805;0,0159824647940608;97;0,97;0,9;TRUE;0,793814432989691;0,8;FALSE;FALSE;0,2;0,77;0,03
"hs_pm10_wk_hs_h_None";"hs_correct_raven";0,18953694118342;1e-12;-0,0100905828387386;-0,00623647787363553;-0,00623647787363553;-0,00259404456878352;0,0245624176438832;-0,0514742948783066;0,0388188605886247;-0,0514742948783066;0,0388188605886247;100;1;0,9;TRUE;0,57;0,8;FALSE;FALSE;0,43;0,57;0
"hs_pm10_yr_hs_h_None";"hs_correct_raven";0,18953694118342;1e-12;0,0102840446148793;0,0298981640231161;0,0383309795168155;0,0348941711505685;0,0372337360090675;-0,00641039788862416;0,116039123474621;-0,00762368821587046;0,127266304250135;78;0,78;0,9;FALSE;0,846153846153846;0,8;TRUE;FALSE;0,66;0,12;0,22
"hs_pm25_dy_hs_h_None";"hs_correct_raven";0,18953694118342;1e-12;-0,0043022892855776;-0,00449545498664042;-0,00454086362286911;-0,00146253540870823;0,0200309391965204;-0,0445146837452339;0,0356996493222215;-0,0445567587949004;0,0357817506437725;99;0,99;0,9;TRUE;0,585858585858586;0,8;FALSE;FALSE;0,41;0,58;0,01
"hs_pm25_wk_hs_h_None";"hs_correct_raven";0,18953694118342;1e-12;0,00364326283073108;0,0119168733986396;0,0140198510572231;0,00873063222574686;0,0247600649540123;-0,032608250419068;0,0775728125035809;-0,0344495052004232;0,0809099946317646;85;0,85;0,9;FALSE;0,717647058823529;0,8;FALSE;FALSE;0,61;0,24;0,15
"hs_pm25_yr_hs_h_None";"hs_correct_raven";0,18953694118342;1e-12;-0,0865341754443485;-0,0645509867459591;-0,0652030169151102;-0,0570349497363527;0,0568264602563863;-0,167451487366875;0,0189146734736568;-0,167680620357973;0,0189790976644863;99;0,99;0,9;TRUE;0,858585858585859;0,8;TRUE;TRUE;0,14;0,85;0,01
"hs_pm25abs_dy_hs_h_Log";"hs_correct_raven";0,18953694118342;1e-12;0,0388357582916848;0,0399268244302976;0,0399268244302976;0,0386345089634871;0,0200531786363589;0,00691575932256247;0,0794683122670048;0,00691575932256247;0,0794683122670048;100;1;0,9;TRUE;1;0,8;TRUE;TRUE;1;0;0
"hs_pm25abs_wk_hs_h_Log";"hs_correct_raven";0,18953694118342;1e-12;0;-0,0105445982799798;-0,0117162203110887;-0,00999186631077293;0,0142903510467298;-0,0438503259543308;0,012902041971847;-0,0456372466437711;0,0133382243355005;90;0,9;0,9;TRUE;NA;0,8;FALSE;FALSE;0,15;0,75;0,1
"hs_pm25abs_yr_hs_h_Log";"hs_correct_raven";0,18953694118342;1e-12;0,00480005276322355;0,00553879578834769;0,00583031135615546;0,00494318535231942;0,0207946331462292;-0,0279194779345242;0,0487511213325947;-0,0280488397112911;0,0499814600524872;95;0,95;0,9;TRUE;0,610526315789474;0,8;FALSE;FALSE;0,58;0,37;0,05
"hs_accesslines300_h_dic0";"hs_correct_raven";0,18953694118342;1e-12;0,147039129662639;0,142855608732718;0,142855608732718;0,15000849736779;0,0988086549763633;-0,0766328965271439;0,329111473381285;-0,0766328965271439;0,329111473381285;100;1;0,9;TRUE;0,9;0,8;TRUE;TRUE;0,9;0,1;0
"hs_accesspoints300_h_Log";"hs_correct_raven";0,18953694118342;1e-12;-0,0377432987634073;-0,0367056122294951;-0,0367056122294951;-0,03790372094924;0,0216588381435531;-0,0705122603095195;0,0127799761949777;-0,0705122603095195;0,0127799761949777;100;1;0,9;TRUE;0,96;0,8;TRUE;TRUE;0,04;0,96;0
"hs_builtdens300_h_Sqrt";"hs_correct_raven";0,18953694118342;1e-12;0,00291487618880862;0,0130455471882419;0,0173940629176559;0,0157907062863244;0,0161591602093043;-0,00364609925488109;0,0496493712779738;-0,00564935740377429;0,052360288118264;75;0,75;0,9;FALSE;0,92;0,8;TRUE;FALSE;0,69;0,06;0,25
"hs_connind300_h_Log";"hs_correct_raven";0,18953694118342;1e-12;-0,010512561260837;-0,0190016648862787;-0,0211129609847541;-0,0172889705738435;0,0213287914005979;-0,0694379904284664;0,00746738742696795;-0,0703337353582236;0,0075767993055477;90;0,9;0,9;TRUE;0,877777777777778;0,8;TRUE;TRUE;0,11;0,79;0,1
"hs_fdensity300_h_Log";"hs_correct_raven";0,18953694118342;1e-12;0,0279625349403626;0,0286533895979004;0,030161462734632;0,0279647592075089;0,0253128561881815;-0,00888885673408579;0,0786936440931617;-0,00923714161935805;0,0789798672791427;95;0,95;0,9;TRUE;0,905263157894737;0,8;TRUE;TRUE;0,86;0,09;0,05
"hs_landuseshan300_h_None";"hs_correct_raven";0,18953694118342;1e-12;0,00917214794461855;0,0131870899882448;0,0134562142737192;0,00925740114563005;0,0164926432976434;-0,012605183677699;0,0464063178233471;-0,0130057698861045;0,0464249586333665;98;0,98;0,9;TRUE;0,785714285714286;0,8;FALSE;FALSE;0,77;0,21;0,02
"hs_popdens_h_Sqrt";"hs_correct_raven";0,18953694118342;1e-12;-0,0302578754165442;-0,0305510355872356;-0,0311745261094241;-0,027477906978714;0,0199128154424079;-0,0752499566458368;0;-0,0752842374651662;-0,00133672705317972;98;0,98;0,9;TRUE;0,979591836734694;0,8;TRUE;TRUE;0,02;0,96;0,02
"hs_walkability_mean_h_None";"hs_correct_raven";0,18953694118342;1e-12;0,000841477035232791;0,0052038067120905;0,00565631164357663;0,00704639188668804;0,018583754835698;-0,0298047130018186;0,0467547486839626;-0,0320026679529938;0,048471075505943;92;0,92;0,9;TRUE;0,641304347826087;0,8;FALSE;FALSE;0,59;0,33;0,08
"hs_accesslines300_s_dic0";"hs_correct_raven";0,18953694118342;1e-12;-0,0771260766932249;-0,099326043160745;-0,099326043160745;-0,0997316005024581;0,0815889915477;-0,251974062991293;0,0795235209739915;-0,251974062991293;0,0795235209739915;100;1;0,9;TRUE;0,89;0,8;TRUE;TRUE;0,11;0,89;0
"hs_accesspoints300_s_Log";"hs_correct_raven";0,18953694118342;1e-12;-0,0364049388629933;-0,033596997682115;-0,0339363612950656;-0,0354442494511901;0,0250717127183427;-0,077442465697674;0,0163456964042498;-0,0775436314870075;0,0165387888455578;99;0,99;0,9;TRUE;0,909090909090909;0,8;TRUE;TRUE;0,09;0,9;0,01
"hs_builtdens300_s_Sqrt";"hs_correct_raven";0,18953694118342;1e-12;0;-0,000514601293230648;-0,000591495739345572;-0,00114387101525222;0,0144792536454793;-0,0294872746803824;0,0319069415726049;-0,0310011408416433;0,0340833535553926;87;0,87;0,9;FALSE;NA;0,8;FALSE;FALSE;0,39;0,48;0,13
"hs_connind300_s_Log";"hs_correct_raven";0,18953694118342;1e-12;0,000875480111620353;-0,00348264209158538;-0,00378548053433193;-0,0024625314617615;0,0180265698625491;-0,044503299004859;0,037679669516796;-0,0450826479421521;0,0380674303564416;92;0,92;0,9;TRUE;0,369565217391304;0,8;FALSE;FALSE;0,34;0,58;0,08
"hs_fdensity300_s_Log";"hs_correct_raven";0,18953694118342;1e-12;0,00838081826379697;0,00392912633332784;0,0042248670250837;0,00228833970183818;0,016933836384858;-0,0280665956357789;0,040231966461536;-0,0283601966774005;0,0407622011224872;93;0,93;0,9;TRUE;0,548387096774194;0,8;FALSE;FALSE;0,51;0,42;0,07
"hs_landuseshan300_s_None";"hs_correct_raven";0,18953694118342;1e-12;-0,00361370658593856;-0,0056762551220517;-0,00591276575213718;-0,00545049477005659;0,0163648495107426;-0,0419707279702563;0,0258052866269462;-0,0422883073224099;0,0264096638996934;96;0,96;0,9;TRUE;0,604166666666667;0,8;FALSE;FALSE;0,38;0,58;0,04
"hs_popdens_s_Sqrt";"hs_correct_raven";0,18953694118342;1e-12;0,0155350800787121;0,0257532128162085;0,0271086450696931;0,0247940969004506;0,021981660450682;-0,0059294927608133;0,0721962472780338;-0,00596673905947394;0,0722200429408575;95;0,95;0,9;TRUE;0,926315789473684;0,8;TRUE;TRUE;0,88;0,07;0,05
"h_Absorbance_Log";"hs_correct_raven";0,18953694118342;1e-12;0,0277146741273036;0,0267774474529821;0,0273239259724307;0,0260007597424705;0,0201174652338187;-0,00997741044280811;0,0678719172364931;-0,0102288306361667;0,0681790809412492;98;0,98;0,9;TRUE;0,928571428571429;0,8;TRUE;TRUE;0,91;0,07;0,02
"h_Benzene_Log";"hs_correct_raven";0,18953694118342;1e-12;-0,0406084580038632;-0,0382461518337492;-0,0382461518337492;-0,0363547493950736;0,019974480815206;-0,0796227871318158;-0,00361278900813388;-0,0796227871318158;-0,00361278900813388;100;1;0,9;TRUE;0,99;0,8;TRUE;TRUE;0,01;0,99;0
"h_NO2_Log";"hs_correct_raven";0,18953694118342;1e-12;0,0228987282888707;0,0239884857230831;0,0242307936596799;0,0245364935185561;0,0202209254580664;-0,00760679382002071;0,0667171168535639;-0,00770306722084143;0,0667537714159939;99;0,99;0,9;TRUE;0,888888888888889;0,8;TRUE;TRUE;0,88;0,11;0,01
"h_PM_Log";"hs_correct_raven";0,18953694118342;1e-12;-0,0264598857378043;-0,0284278973744007;-0,0296123930983341;-0,025791348267315;0,0180509380708666;-0,070586218055823;0;-0,0710476934351211;-0,00188595218324973;96;0,96;0,9;TRUE;0,979166666666667;0,8;TRUE;TRUE;0,02;0,94;0,04
"h_TEX_Log";"hs_correct_raven";0,18953694118342;1e-12;-0,000874002055606518;0,00195324938926092;0,00214642790028673;0,00175620291969608;0,0118765591116048;-0,0191520323313598;0,0278401265494192;-0,019874515138026;0,0280437816447552;91;0,91;0,9;TRUE;0,43956043956044;0,8;FALSE;FALSE;0,51;0,4;0,09
"hs_KIDMED_None";"hs_correct_raven";0,18953694118342;1e-12;0,029849412058277;0,0247385144460645;0,0247385144460645;0,0238806554386097;0,0216761215546659;-0,0165581887125759;0,0620775981019299;-0,0165581887125759;0,0620775981019299;100;1;0,9;TRUE;0,88;0,8;TRUE;TRUE;0,88;0,12;0
"hs_mvpa_prd_alt_None";"hs_correct_raven";0,18953694118342;1e-12;-0,028155809126334;-0,0274965313686614;-0,027774274109759;-0,0233981260762888;0,020084313801619;-0,072178579775845;0,00167765077443618;-0,0724844486551095;0,00170483286539444;99;0,99;0,9;TRUE;0,94949494949495;0,8;TRUE;TRUE;0,05;0,94;0,01
"hs_sd_wk_None";"hs_correct_raven";0,18953694118342;1e-12;-0,0116285215795242;-0,0143442235587817;-0,0146369628150834;-0,0132712228042228;0,0151727953766235;-0,0507353121483259;0,00962378888869914;-0,0507396231631777;0,00971591483224532;98;0,98;0,9;TRUE;0,836734693877551;0,8;TRUE;TRUE;0,16;0,82;0,02
"hs_dif_hours_total_None";"hs_correct_raven";0,18953694118342;1e-12;-0,0481642486523048;-0,0403889172432041;-0,0403889172432041;-0,0415464354359616;0,0232694325683281;-0,0859013781633108;0,00448078304599529;-0,0859013781633108;0,00448078304599529;100;1;0,9;TRUE;0,95;0,8;TRUE;TRUE;0,05;0,95;0
"hs_as_c_Log2";"hs_correct_raven";0,18953694118342;1e-12;0,0642969204702683;0,0520914818280927;0,0526176584122148;0,0552991982531735;0,0263132671547067;0,00140592813197213;0,09411962940589;0,00382026289042709;0,0941751456711052;99;0,99;0,9;TRUE;0,98989898989899;0,8;TRUE;TRUE;0,98;0,01;0,01
"hs_cd_c_Log2";"hs_correct_raven";0,18953694118342;1e-12;-0,00921468747545697;-0,00954968964183471;-0,0102684834858438;-0,00927325048556493;0,013768898832025;-0,0388610531204562;0,0162183637419516;-0,0392211423380153;0,0165337821107123;93;0,93;0,9;TRUE;0,78494623655914;0,8;FALSE;FALSE;0,2;0,73;0,07
"hs_co_c_Log2";"hs_correct_raven";0,18953694118342;1e-12;0,00821770166909538;0,00568139103853173;0,00573877882679973;0,00496826563508715;0,0169221024325255;-0,0267018621619966;0,0371361972078331;-0,0267095110077743;0,0371492703928092;99;0,99;0,9;TRUE;0,606060606060606;0,8;FALSE;FALSE;0,6;0,39;0,01
"hs_cs_c_Log2";"hs_correct_raven";0,18953694118342;1e-12;0,0377842010478676;0,0295914624131121;0,0295914624131121;0,0308713155121391;0,0230173535453129;-0,0106439734152963;0,0708607195617072;-0,0106439734152963;0,0708607195617072;100;1;0,9;TRUE;0,91;0,8;TRUE;TRUE;0,91;0,09;0
"hs_cu_c_Log2";"hs_correct_raven";0,18953694118342;1e-12;-0,00697251653677069;-0,00854638137988839;-0,00854638137988839;-0,0065137424084869;0,0168481203369442;-0,0437520799713141;0,0167205368133255;-0,0437520799713141;0,0167205368133255;100;1;0,9;TRUE;0,65;0,8;FALSE;FALSE;0,35;0,65;0
"hs_hg_c_Log2";"hs_correct_raven";0,18953694118342;1e-12;-0,0425906507657451;-0,0405833695487145;-0,0409933025744591;-0,0378950488608738;0,0231432255421948;-0,0855609700162797;-0,000968618768929613;-0,0855720753475631;-0,00313079249711592;99;0,99;0,9;TRUE;0,97979797979798;0,8;TRUE;TRUE;0,02;0,97;0,01
"hs_mn_c_Log2";"hs_correct_raven";0,18953694118342;1e-12;-0,01320860019109;-0,0116855534397067;-0,0116855534397067;-0,0112236450183963;0,0162095018738959;-0,0459819286900899;0,0167414174144133;-0,0459819286900899;0,0167414174144133;100;1;0,9;TRUE;0,78;0,8;FALSE;FALSE;0,22;0,78;0
"hs_mo_c_Log2";"hs_correct_raven";0,18953694118342;1e-12;-0,0430484024072603;-0,0389065237391948;-0,0389065237391948;-0,0409355502845753;0,0209869053875013;-0,0773733568226947;0,00928184573883054;-0,0773733568226947;0,00928184573883054;100;1;0,9;TRUE;0,95;0,8;TRUE;TRUE;0,05;0,95;0
"hs_pb_c_Log2";"hs_correct_raven";0,18953694118342;1e-12;-0,0197549563485606;-0,0241267814134745;-0,0253966120141837;-0,0258136935717538;0,0156405617198747;-0,0513696524237649;0,000461341279498569;-0,0516063140073224;0,000399150960426639;95;0,95;0,9;TRUE;0,968421052631579;0,8;TRUE;TRUE;0,03;0,92;0,05
"hs_hum_mt_hs_h_None";"hs_correct_raven";0,18953694118342;1e-12;0,0316463257238682;0,0185882919882766;0,0185882919882766;0,0186927438522932;0,0293731340222271;-0,0293080575596869;0,0747764487625618;-0,0293080575596869;0,0747764487625618;100;1;0,9;TRUE;0,73;0,8;FALSE;FALSE;0,73;0,27;0
"hs_tm_mt_hs_h_None";"hs_correct_raven";0,18953694118342;1e-12;-0,000908279442300637;0,00561987333088911;0,00604287454934313;0,00264417604609757;0,0201174906236666;-0,0280021439246608;0,0504944721049499;-0,0294697105060908;0,0509512266134295;93;0,93;0,9;TRUE;0,440860215053763;0,8;FALSE;FALSE;0,52;0,41;0,07
"hs_uvdvf_mt_hs_h_None";"hs_correct_raven";0,18953694118342;1e-12;0,00384450555538803;0,00572558289756413;0,00650634420177742;0,00750765013792623;0,0220014302474942;-0,0482998132677067;0,0490798166252434;-0,0527222682796226;0,0490870984807116;88;0,88;0,9;FALSE;0,704545454545455;0,8;FALSE;FALSE;0,62;0,26;0,12
"hs_hum_dy_hs_h_None";"hs_correct_raven";0,18953694118342;1e-12;-0,0163410457430873;-0,00961656337131058;-0,00961656337131058;-0,00999553252629039;0,0227891090159806;-0,058199288165634;0,036564667231898;-0,058199288165634;0,036564667231898;100;1;0,9;TRUE;0,64;0,8;FALSE;FALSE;0,36;0,64;0
"hs_hum_wk_hs_h_None";"hs_correct_raven";0,18953694118342;1e-12;-0,018087961899527;-0,0113955891249177;-0,0113955891249177;-0,0131828846494573;0,0303695436391291;-0,0656719205259968;0,0485523964495158;-0,0656719205259968;0,0485523964495158;100;1;0,9;TRUE;0,64;0,8;FALSE;FALSE;0,36;0,64;0
"hs_tm_dy_hs_h_None";"hs_correct_raven";0,18953694118342;1e-12;0;-0,0079310242605981;-0,0107176003521596;-0,00658327111319375;0,0193106696442275;-0,0574306136043553;0,0206821002266758;-0,0627198406400348;0,0222200257711885;74;0,74;0,9;FALSE;NA;0,8;FALSE;FALSE;0,22;0,52;0,26
"hs_tm_wk_hs_h_None";"hs_correct_raven";0,18953694118342;1e-12;0;-0,0063613869961037;-0,0088352597168107;-0,00734518644466583;0,0183707456046856;-0,0468272995499227;0,0261187366026669;-0,0540100551103844;0,027652767103034;72;0,72;0,9;FALSE;NA;0,8;FALSE;FALSE;0,24;0,48;0,28
"hs_uvdvf_dy_hs_h_None";"hs_correct_raven";0,18953694118342;1e-12;0;0,00331334892782638;0,00376516923616634;0,00227807513822533;0,0185959085635887;-0,032997353125022;0,0420340179141338;-0,033314019227401;0,0422681477425243;88;0,88;0,9;FALSE;NA;0,8;FALSE;FALSE;0,53;0,35;0,12
"hs_uvdvf_wk_hs_h_None";"hs_correct_raven";0,18953694118342;1e-12;-0,00561089498320291;-0,00803496415687749;-0,00854783420944414;-0,00706095901842263;0,0218429057571422;-0,0479334159692766;0,0329729170885401;-0,0482154162751717;0,0339330643566226;94;0,94;0,9;TRUE;0,638297872340426;0,8;FALSE;FALSE;0,34;0,6;0,06
"hs_ndvi100_h_None";"hs_correct_raven";0,18953694118342;1e-12;-0,000516917438386091;0,00250421795067827;0,00260856036528986;0,00187772078836258;0,0189590500539743;-0,0308401805363154;0,0410171392605067;-0,0309379420999808;0,0410344946518491;96;0,96;0,9;TRUE;0,447916666666667;0,8;FALSE;FALSE;0,53;0,43;0,04
"hs_ndvi100_s_None";"hs_correct_raven";0,18953694118342;1e-12;-0,0508047024163184;-0,039908141616658;-0,0403112541582404;-0,0402940386845688;0,0245476026518037;-0,082504508718132;0,00232054220361383;-0,0826318813185458;0,00236066650500204;99;0,99;0,9;TRUE;0,95959595959596;0,8;TRUE;TRUE;0,04;0,95;0,01
"hs_dde_cadj_Log2";"hs_correct_raven";0,18953694118342;1e-12;-0,00223978463201408;0,00453615777173789;0,00453615777173789;0,00357809292990333;0,0189623844085896;-0,0304404882972059;0,0386434828241102;-0,0304404882972059;0,0386434828241102;100;1;0,9;TRUE;0,43;0,8;FALSE;FALSE;0,57;0,43;0
"hs_ddt_cadj_Log2";"hs_correct_raven";0,18953694118342;1e-12;-0,00895626331118577;-0,0141779678985225;-0,0162965148258879;-0,0160200844704605;0,0165582084111815;-0,0504704372265886;0,0101430270939469;-0,0508494729759607;0,0110782902659027;87;0,87;0,9;FALSE;0,827586206896552;0,8;TRUE;FALSE;0,15;0,72;0,13
"hs_hcb_cadj_Log2";"hs_correct_raven";0,18953694118342;1e-12;-0,0183179433733507;-0,0204585339236459;-0,0204585339236459;-0,0216894192344118;0,0328267627620438;-0,107058023153412;0,0394224503868955;-0,107058023153412;0,0394224503868955;100;1;0,9;TRUE;0,8;0,8;TRUE;TRUE;0,2;0,8;0
"hs_pcb118_cadj_Log2";"hs_correct_raven";0,18953694118342;1e-12;-0,0295242102780835;-0,0313311478541494;-0,0319705590348464;-0,0278539442949999;0,0267303851824244;-0,0975014676838489;0,000467218723985165;-0,0982016246561017;0,000484158965022007;98;0,98;0,9;TRUE;0,948979591836735;0,8;TRUE;TRUE;0,05;0,93;0,02
"hs_pcb138_cadj_Log2";"hs_correct_raven";0,18953694118342;1e-12;0;0,0121234965875216;0,0131777136820887;0,0129866999956419;0,0169297753720664;-0,023998001837774;0,0452791301667446;-0,0248377515719456;0,0454923507694262;92;0,92;0,9;TRUE;NA;0,8;FALSE;FALSE;0,79;0,13;0,08
"hs_pcb153_cadj_Log2";"hs_correct_raven";0,18953694118342;1e-12;-0,0287317222824927;-0,0233176946135225;-0,0242892652224193;-0,0231570604570539;0,0287570307209141;-0,0780069335205989;0,0213190283094324;-0,0786374747998914;0,0217190081172094;96;0,96;0,9;TRUE;0,770833333333333;0,8;FALSE;FALSE;0,22;0,74;0,04
"hs_pcb170_cadj_Log2";"hs_correct_raven";0,18953694118342;1e-12;0,0263293143616451;0,0257693013267337;0,0257693013267337;0,0263912181131843;0,0219747175069099;-0,018652186980973;0,0632329275499425;-0,018652186980973;0,0632329275499425;100;1;0,9;TRUE;0,89;0,8;TRUE;TRUE;0,89;0,11;0
"hs_pcb180_cadj_Log2";"hs_correct_raven";0,18953694118342;1e-12;0,0201377496698;0,0229480654329294;0,0229480654329294;0,0237628052341132;0,0252409478527804;-0,016327873879597;0,0703462532450403;-0,016327873879597;0,0703462532450403;100;1;0,9;TRUE;0,82;0,8;TRUE;TRUE;0,82;0,18;0
"hs_sumPCBs5_cadj_Log2";"hs_correct_raven";0,18953694118342;1e-12;0,0527561107559453;0,0355793439874784;0,0355793439874784;0,0270764509233617;0,0426209286166489;-0,0353129763923069;0,136980967101322;-0,0353129763923069;0,136980967101322;100;1;0,9;TRUE;0,83;0,8;TRUE;TRUE;0,83;0,17;0
"hs_pfhxs_c_Log2";"hs_correct_raven";0,18953694118342;1e-12;0,0451223774055386;0,0448913403560658;0,0458074901592508;0,0486745195702232;0,0270522926677591;0,000668553228561651;0,101628531994934;0,0033172341657399;0,101940241841199;98;0,98;0,9;TRUE;1;0,8;TRUE;TRUE;0,98;0;0,02
"hs_pfna_c_Log2";"hs_correct_raven";0,18953694118342;1e-12;-0,0023491454745867;-0,00745430928643805;-0,0077649055067063;-0,00322659008746979;0,0192762424619614;-0,048888600091882;0,0284148720392401;-0,048984191060554;0,0287064005399678;96;0,96;0,9;TRUE;0,583333333333333;0,8;FALSE;FALSE;0,4;0,56;0,04
"hs_pfoa_c_Log2";"hs_correct_raven";0,18953694118342;1e-12;0,0327485216311011;0,0286493632114694;0,0292340440933361;0,0282158642274259;0,0176838896522858;-0,00111041212137487;0,0648798880707168;-0,00112704528406847;0,0652036851084607;98;0,98;0,9;TRUE;0,948979591836735;0,8;TRUE;TRUE;0,93;0,05;0,02
"hs_pfos_c_Log2";"hs_correct_raven";0,18953694118342;1e-12;0,0188754527640532;0,0188305275819231;0,0188305275819231;0,0174717490221586;0,0200250119769383;-0,0163842257498168;0,0585708238818204;-0,0163842257498168;0,0585708238818204;100;1;0,9;TRUE;0,86;0,8;TRUE;TRUE;0,86;0,14;0
"hs_pfunda_c_Log2";"hs_correct_raven";0,18953694118342;1e-12;0,00222881708177342;0,0140855964823484;0,0156506627581649;0,0142693208289435;0,0166463161115896;-0,00722960414609123;0,0504962810293841;-0,00733362663011445;0,0507922683612558;90;0,9;0,9;TRUE;0,844444444444444;0,8;TRUE;TRUE;0,76;0,14;0,1
"hs_hm_pers_None";"hs_correct_raven";0,18953694118342;1e-12;-0,0516044655554905;-0,0424931519290931;-0,0424931519290931;-0,0412846302871579;0,0197008461034567;-0,0841761757287405;-0,00987325766933532;-0,0841761757287405;-0,00987325766933532;100;1;0,9;TRUE;1;0,8;TRUE;TRUE;0;1;0
"hs_trafload_h_pow1over3";"hs_correct_raven";0,18953694118342;1e-12;0;-0,00481225361752575;-0,00546847001991563;-0,00434576132653121;0,0157681276897353;-0,0339588167835063;0,0307309795580341;-0,0344919680435386;0,0321607808000371;88;0,88;0,9;FALSE;NA;0,8;FALSE;FALSE;0,3;0,58;0,12
"hs_trafnear_h_pow1over3";"hs_correct_raven";0,18953694118342;1e-12;-0,0242223440558753;-0,0248525118503537;-0,0273104525828063;-0,0263628881871858;0,0210604131627656;-0,0695303413153192;0,00640891800693422;-0,0699166258837082;0,00659136873663776;91;0,91;0,9;TRUE;0,934065934065934;0,8;TRUE;TRUE;0,06;0,85;0,09
"FAS_cat_None_Low";"hs_correct_raven";0,18953694118342;1e-12;-0,117619802370037;-0,10049876556768;-0,10049876556768;-0,103757816401975;0,0815049871328975;-0,252500803308966;0,0625554541638331;-0,252500803308966;0,0625554541638331;100;1;0,9;TRUE;0,89;0,8;TRUE;TRUE;0,11;0,89;0
"FAS_cat_None_Middle";"hs_correct_raven";0,18953694118342;1e-12;0,0501816900110966;0,0340781542431773;0,0344223780234114;0,0288670473163132;0,0425578153418992;-0,0273781845831168;0,121134842078821;-0,027539593979241;0,121273548830497;99;0,99;0,9;TRUE;0,797979797979798;0,8;FALSE;FALSE;0,79;0,2;0,01
"hs_globalexp2_None_no exposure";"hs_correct_raven";0,18953694118342;1e-12;-0,0279213589923046;-0,0238557035437659;-0,024593508808006;-0,0206915612309147;0,0316375908339898;-0,0887733562873589;0,0216503793936231;-0,0895244350290345;0,0218947849385189;97;0,97;0,9;TRUE;0,742268041237113;0,8;FALSE;FALSE;0,25;0,72;0,03
"hs_no2_dy_hs_h_Log";"hs_Gen_Tot";0,18953694118342;1e-12;0,0300249147491637;0,0416163837974754;0,0433503997890369;0,0397723162157162;0,0370022911113364;-0,0146242768569993;0,121435670897546;-0,014706130715891;0,122797650698828;96;0,96;0,9;TRUE;0,895833333333333;0,8;TRUE;TRUE;0,86;0,1;0,04
"hs_no2_wk_hs_h_Log";"hs_Gen_Tot";0,18953694118342;1e-12;0;0,00980879279069934;0,0146399892398498;0,0114962124519252;0,0259574223744649;-0,0333364799018195;0,0737897217724634;-0,0410158723768877;0,0809464275758361;67;0,67;0,9;FALSE;NA;0,8;FALSE;FALSE;0,49;0,18;0,33
"hs_no2_yr_hs_h_Log";"hs_Gen_Tot";0,18953694118342;1e-12;-0,00919302944626806;-0,0163688142175138;-0,0174136321462913;-0,0101758677255734;0,0330637189526048;-0,103613414234707;0,0377476108566104;-0,105937673181264;0,0396591413030446;94;0,94;0,9;TRUE;0,691489361702128;0,8;FALSE;FALSE;0,29;0,65;0,06
"hs_pm10_dy_hs_h_None";"hs_Gen_Tot";0,18953694118342;1e-12;-0,0349524855985665;-0,0300875201033825;-0,03101806196225;-0,0310212111014951;0,029219125786343;-0,0820230557252039;0,0275352282665476;-0,0820675140696412;0,0285521243738843;97;0,97;0,9;TRUE;0,876288659793814;0,8;TRUE;TRUE;0,12;0,85;0,03
"hs_pm10_wk_hs_h_None";"hs_Gen_Tot";0,18953694118342;1e-12;-0,0620290815141815;-0,0764464833518769;-0,0764464833518769;-0,0747268706138644;0,0368276825960307;-0,134369931841746;-0,0167675847878108;-0,134369931841746;-0,0167675847878108;100;1;0,9;TRUE;0,99;0,8;TRUE;TRUE;0,01;0,99;0
"hs_pm10_yr_hs_h_None";"hs_Gen_Tot";0,18953694118342;1e-12;-0,00370044559015096;-0,0138777914711605;-0,0177920403476417;-0,0127104694233931;0,0317191307241015;-0,0833020612902703;0,0479925937835986;-0,0862526070863239;0,0546732139737248;78;0,78;0,9;FALSE;0,692307692307692;0,8;FALSE;FALSE;0,24;0,54;0,22
"hs_pm25_dy_hs_h_None";"hs_Gen_Tot";0,18953694118342;1e-12;0,0236101519264936;0,0230233680558805;0,0232559273291722;0,0205927162233345;0,0316505375660317;-0,0374279685762049;0,0852795599699467;-0,037824421070479;0,0853446520783716;99;0,99;0,9;TRUE;0,808080808080808;0,8;TRUE;TRUE;0,8;0,19;0,01
"hs_pm25_wk_hs_h_None";"hs_Gen_Tot";0,18953694118342;1e-12;0,00331722937377276;0,00133675796591046;0,00157265643048289;0,000934109356788057;0,0240649441051091;-0,0534557932615896;0,0507426687331398;-0,0557738420960778;0,0517254810432863;85;0,85;0,9;FALSE;0,541176470588235;0,8;FALSE;FALSE;0,46;0,39;0,15
"hs_pm25_yr_hs_h_None";"hs_Gen_Tot";0,18953694118342;1e-12;-0,142709330647921;-0,133780497759534;-0,135131815918722;-0,137791779751514;0,0664470625691063;-0,272233161319083;-0,00615440545617981;-0,272351192803385;-0,0167133791076107;99;0,99;0,9;TRUE;1;0,8;TRUE;TRUE;0;0,99;0,01
"hs_pm25abs_dy_hs_h_Log";"hs_Gen_Tot";0,18953694118342;1e-12;-0,037712547158171;-0,0455822876822666;-0,0455822876822666;-0,0436328663295883;0,0240746485217437;-0,0952202422164837;-0,00411037161655463;-0,0952202422164837;-0,00411037161655463;100;1;0,9;TRUE;0,98;0,8;TRUE;TRUE;0,02;0,98;0
"hs_pm25abs_wk_hs_h_Log";"hs_Gen_Tot";0,18953694118342;1e-12;0;0,00205713926473854;0,00228571029415393;0,000464889488048531;0,0177360123636193;-0,0294716667902454;0,0454650773567556;-0,0314530754485293;0,0477967675132319;90;0,9;0,9;TRUE;NA;0,8;FALSE;FALSE;0,49;0,41;0,1
"hs_pm25abs_yr_hs_h_Log";"hs_Gen_Tot";0,18953694118342;1e-12;-0,00933398324029752;-0,014713347406974;-0,0154877341126042;-0,0137563365633227;0,0305386159955572;-0,0691995326144212;0,0441570106650976;-0,069556559614934;0,0454186837780784;95;0,95;0,9;TRUE;0,747368421052632;0,8;FALSE;FALSE;0,24;0,71;0,05
"hs_accesslines300_h_dic0";"hs_Gen_Tot";0,18953694118342;1e-12;0,010588946089918;0,025198646324346;0,025198646324346;0,0376803461191836;0,16921798031471;-0,281216686129458;0,320557646307646;-0,281216686129458;0,320557646307646;100;1;0,9;TRUE;0,57;0,8;FALSE;FALSE;0,57;0,43;0
"hs_accesspoints300_h_Log";"hs_Gen_Tot";0,18953694118342;1e-12;0,0168293155398456;0,00996265527241351;0,00996265527241351;0,0090514822541696;0,0342501812716544;-0,0469858796338645;0,0621390465416227;-0,0469858796338645;0,0621390465416227;100;1;0,9;TRUE;0,61;0,8;FALSE;FALSE;0,61;0,39;0
"hs_builtdens300_h_Sqrt";"hs_Gen_Tot";0,18953694118342;1e-12;0,0022530774742018;0,0109282873982267;0,0145710498643022;0,0145516208850422;0,0157241871509814;-0,0155678476368236;0,0445118925903894;-0,018315850592815;0,0483354571864052;75;0,75;0,9;FALSE;0,866666666666667;0,8;TRUE;FALSE;0,65;0,1;0,25
"hs_connind300_h_Log";"hs_Gen_Tot";0,18953694118342;1e-12;0,0042813236287458;0,0115120283004782;0,0127911425560869;0,00688391629711561;0,0252748554890068;-0,0267107429883527;0,0700523126217038;-0,0268483190960125;0,0729065112221477;90;0,9;0,9;TRUE;0,722222222222222;0,8;FALSE;FALSE;0,65;0,25;0,1
"hs_fdensity300_h_Log";"hs_Gen_Tot";0,18953694118342;1e-12;-0,0027604364352574;-0,00682155447405936;-0,00718058365690459;-0,00448487827279897;0,0305254136249428;-0,0717115326177104;0,0452057995399586;-0,0718181351617695;0,0463709372639024;95;0,95;0,9;TRUE;0,568421052631579;0,8;FALSE;FALSE;0,41;0,54;0,05
"hs_landuseshan300_h_None";"hs_Gen_Tot";0,18953694118342;1e-12;-0,0246900225894927;-0,0395798410249783;-0,0403875928826309;-0,0376504126052401;0,0283545925761928;-0,103136025790199;0,00102350145471315;-0,103832491004717;8,20078188604396e-05;98;0,98;0,9;TRUE;0,969387755102041;0,8;TRUE;TRUE;0,03;0,95;0,02
"hs_popdens_h_Sqrt";"hs_Gen_Tot";0,18953694118342;1e-12;0,00743028352246844;0,00672161789907477;0,0068587937745661;0,000248610160010911;0,0257773721399867;-0,031571076511434;0,0631627016581523;-0,0316398445051611;0,0631795591075192;98;0,98;0,9;TRUE;0,5;0,8;FALSE;FALSE;0,49;0,49;0,02
"hs_walkability_mean_h_None";"hs_Gen_Tot";0,18953694118342;1e-12;-0,00752766412959117;-0,0126161550563171;-0,013713212017736;-0,0148369176501261;0,0252094288198349;-0,0680840355303203;0,0297004955920352;-0,0717851120442295;0,0301706818429416;92;0,92;0,9;TRUE;0,706521739130435;0,8;FALSE;FALSE;0,27;0,65;0,08
"hs_accesslines300_s_dic0";"hs_Gen_Tot";0,18953694118342;1e-12;0,176527992100002;0,180072862391334;0,180072862391334;0,176284532581552;0,139891438638048;-0,0586257299787765;0,478978796002468;-0,0586257299787765;0,478978796002468;100;1;0,9;TRUE;0,89;0,8;TRUE;TRUE;0,89;0,11;0
"hs_accesspoints300_s_Log";"hs_Gen_Tot";0,18953694118342;1e-12;0,0275227121635647;0,0228020481552725;0,0230323718740126;0,021780635879439;0,0320655135259287;-0,0453470485744975;0,0847434975071441;-0,0456824938362457;0,0848525496345309;99;0,99;0,9;TRUE;0,767676767676768;0,8;FALSE;FALSE;0,76;0,23;0,01
"hs_builtdens300_s_Sqrt";"hs_Gen_Tot";0,18953694118342;1e-12;0;0,00780712726234768;0,00897370949695135;0,00673196388662809;0,0199923972182619;-0,0330707330185645;0,0507808752714535;-0,035235937963757;0,0509228171420451;87;0,87;0,9;FALSE;NA;0,8;FALSE;FALSE;0,63;0,24;0,13
"hs_connind300_s_Log";"hs_Gen_Tot";0,18953694118342;1e-12;0,00849667840169442;0,0218692808319829;0,0237709574260683;0,0215136810248018;0,0246869696233435;-0,0169573864495788;0,0635429052903818;-0,0178151804712141;0,0636799548057941;92;0,92;0,9;TRUE;0,869565217391304;0,8;TRUE;TRUE;0,8;0,12;0,08
"hs_fdensity300_s_Log";"hs_Gen_Tot";0,18953694118342;1e-12;0,0177359454727639;0,0117622847805361;0,0126476180435873;0,0119543447728314;0,0225441648526736;-0,0322861081524591;0,0529687412640464;-0,0323687967353053;0,053429345378972;93;0,93;0,9;TRUE;0,720430107526882;0,8;FALSE;FALSE;0,67;0,26;0,07
"hs_landuseshan300_s_None";"hs_Gen_Tot";0,18953694118342;1e-12;0,0164688440906718;0,020933892074205;0,0218061375772968;0,018431504859652;0,0246577144921484;-0,0177574124709922;0,0786622298619953;-0,0187409127834914;0,0794508840591431;96;0,96;0,9;TRUE;0,864583333333333;0,8;TRUE;TRUE;0,83;0,13;0,04
"hs_popdens_s_Sqrt";"hs_Gen_Tot";0,18953694118342;1e-12;0,00257665331469899;0,0046565366847049;0,00490161756284726;0,00348309452608355;0,0206356783825038;-0,0364233893799215;0,0410839546953468;-0,0371641876029411;0,0417519425600381;95;0,95;0,9;TRUE;0,610526315789474;0,8;FALSE;FALSE;0,58;0,37;0,05
"h_Absorbance_Log";"hs_Gen_Tot";0,18953694118342;1e-12;-0,00401357492560146;-0,00926460906649841;-0,00945368272091675;-0,00848473221987165;0,0222068130414196;-0,0529757693269919;0,0344135774022824;-0,0531083111509956;0,0349436276418295;98;0,98;0,9;TRUE;0,622448979591837;0,8;FALSE;FALSE;0,37;0,61;0,02
"h_Benzene_Log";"hs_Gen_Tot";0,18953694118342;1e-12;0,0949677248183345;0,0916702309570613;0,0916702309570613;0,0895616436562846;0,0327943241331593;0,0365862054158991;0,160188671593074;0,0365862054158991;0,160188671593074;100;1;0,9;TRUE;1;0,8;TRUE;TRUE;1;0;0
"h_NO2_Log";"hs_Gen_Tot";0,18953694118342;1e-12;-0,00506071747688603;-0,00267390271154383;-0,00270091182984225;-0,00280830109091364;0,0308317892435541;-0,0629997279822066;0,0633728215596246;-0,063160942996653;0,0634289076239576;99;0,99;0,9;TRUE;0,545454545454545;0,8;FALSE;FALSE;0,45;0,54;0,01
"h_PM_Log";"hs_Gen_Tot";0,18953694118342;1e-12;0,0245493386484155;0,0293329021568272;0,0305551064133616;0,0263180837048176;0,0308115093920719;-0,0138889600899175;0,108834491213107;-0,0145978232212093;0,110036602420887;96;0,96;0,9;TRUE;0,854166666666667;0,8;TRUE;TRUE;0,82;0,14;0,04
"h_TEX_Log";"hs_Gen_Tot";0,18953694118342;1e-12;-0,0156434191261887;-0,0260268287088877;-0,0286009106691073;-0,0258036054777165;0,0229942107244838;-0,0684785610786162;0,00912699229971951;-0,0689041312087754;0,00921880993365732;91;0,91;0,9;TRUE;0,923076923076923;0,8;TRUE;TRUE;0,07;0,84;0,09
"hs_KIDMED_None";"hs_Gen_Tot";0,18953694118342;1e-12;-0,0510710580276632;-0,0516220191672997;-0,0516220191672997;-0,0526097716658469;0,0247171420173886;-0,0966814796735638;0,00279873771750676;-0,0966814796735638;0,00279873771750676;100;1;0,9;TRUE;0,96;0,8;TRUE;TRUE;0,04;0,96;0
"hs_mvpa_prd_alt_None";"hs_Gen_Tot";0,18953694118342;1e-12;-0,0171144218194029;-0,0212628512623884;-0,021477627537766;-0,0215618964927593;0,0216571543940593;-0,0688207780511737;0,0115957917702915;-0,0690178494278413;0,0116937421439424;99;0,99;0,9;TRUE;0,858585858585859;0,8;TRUE;TRUE;0,14;0,85;0,01
"hs_sd_wk_None";"hs_Gen_Tot";0,18953694118342;1e-12;0,0369583521326736;0,046051504568507;0,0469913311923541;0,0431252563761517;0,031175111890429;0;0,11334443242868;0,00361821497665001;0,11351443683877;98;0,98;0,9;TRUE;0,979591836734694;0,8;TRUE;TRUE;0,96;0,02;0,02
"hs_dif_hours_total_None";"hs_Gen_Tot";0,18953694118342;1e-12;-0,0517030487968716;-0,0573935403383414;-0,0573935403383414;-0,0578020096749198;0,032042463998912;-0,113498447229762;0,00274352687546914;-0,113498447229762;0,00274352687546914;100;1;0,9;TRUE;0,97;0,8;TRUE;TRUE;0,03;0,97;0
"hs_as_c_Log2";"hs_Gen_Tot";0,18953694118342;1e-12;0,00851362015824453;-4,21014961413378e-05;-4,25267637791291e-05;0,000331453290064228;0,0239142358089453;-0,0479813169465623;0,0425991384443844;-0,0481755786666657;0,0426021352657077;99;0,99;0,9;TRUE;0,515151515151515;0,8;FALSE;FALSE;0,51;0,48;0,01
"hs_cd_c_Log2";"hs_Gen_Tot";0,18953694118342;1e-12;0,00341841693598347;0,0111246717589052;0,0119620126439841;0,0105975634600298;0,0198013801961663;-0,0173941898705386;0,0579967812212351;-0,0177388584022094;0,0581069262871827;93;0,93;0,9;TRUE;0,731182795698925;0,8;FALSE;FALSE;0,68;0,25;0,07
"hs_co_c_Log2";"hs_Gen_Tot";0,18953694118342;1e-12;-0,0342719848253207;-0,0412184673487639;-0,041634815503802;-0,0402837401944519;0,0279419099679285;-0,0972642846706731;0,00679527782275516;-0,0972926564715466;0,00679945676270285;99;0,99;0,9;TRUE;0,939393939393939;0,8;TRUE;TRUE;0,06;0,93;0,01
"hs_cs_c_Log2";"hs_Gen_Tot";0,18953694118342;1e-12;0,022600843979988;0,0149461617196712;0,0149461617196712;0,0172468001498662;0,0299655259057683;-0,0393972720915701;0,0677464541520817;-0,0393972720915701;0,0677464541520817;100;1;0,9;TRUE;0,71;0,8;FALSE;FALSE;0,71;0,29;0
"hs_cu_c_Log2";"hs_Gen_Tot";0,18953694118342;1e-12;0,042341659434118;0,0381789625611246;0,0381789625611246;0,0383456832753674;0,0283079043960044;-0,00808226370122736;0,101847550331749;-0,00808226370122736;0,101847550331749;100;1;0,9;TRUE;0,93;0,8;TRUE;TRUE;0,93;0,07;0
"hs_hg_c_Log2";"hs_Gen_Tot";0,18953694118342;1e-12;-0,0072200663251555;-0,0105340240095279;-0,0106404282924525;-0,00778836523343598;0,0198872978875409;-0,0525067623086196;0,0221342928302774;-0,0525127375072693;0,0222846747978881;99;0,99;0,9;TRUE;0,707070707070707;0,8;FALSE;FALSE;0,29;0,7;0,01
"hs_mn_c_Log2";"hs_Gen_Tot";0,18953694118342;1e-12;0,0385288576779027;0,037096004342765;0,037096004342765;0,0344406500919083;0,0240341621388057;1,76603549221931e-05;0,0836281382801661;1,76603549221931e-05;0,0836281382801661;100;1;0,9;TRUE;0,97;0,8;TRUE;TRUE;0,97;0,03;0
"hs_mo_c_Log2";"hs_Gen_Tot";0,18953694118342;1e-12;0,0245326868085092;0,0153730063232624;0,0153730063232624;0,0173199048814085;0,0280813577700138;-0,0407397039536167;0,0661175057650242;-0,0407397039536167;0,0661175057650242;100;1;0,9;TRUE;0,7;0,8;FALSE;FALSE;0,7;0,3;0
"hs_pb_c_Log2";"hs_Gen_Tot";0,18953694118342;1e-12;0,00998517799858688;0,0183670874167715;0,0193337762281806;0,0203760632892781;0,0226329493449043;-0,0174006299061975;0,0690305711313663;-0,017525899414971;0,0695037918816079;95;0,95;0,9;TRUE;0,768421052631579;0,8;FALSE;FALSE;0,73;0,22;0,05
"hs_hum_mt_hs_h_None";"hs_Gen_Tot";0,18953694118342;1e-12;0,0450752866728489;0,045723074332527;0,045723074332527;0,0476057751083756;0,0392793468415055;-0,0247197485519907;0,124005492723047;-0,0247197485519907;0,124005492723047;100;1;0,9;TRUE;0,89;0,8;TRUE;TRUE;0,89;0,11;0
"hs_tm_mt_hs_h_None";"hs_Gen_Tot";0,18953694118342;1e-12;-0,0141616570553896;-0,0421482006677704;-0,045320645879323;-0,0379127424924915;0,0339899063315093;-0,115566859443637;0;-0,115893461494145;-0,00321598163705525;93;0,93;0,9;TRUE;1;0,8;TRUE;TRUE;0;0,93;0,07
"hs_uvdvf_mt_hs_h_None";"hs_Gen_Tot";0,18953694118342;1e-12;-0,0135937737154249;-0,0282297353892653;-0,0320792447605287;-0,0190161258184162;0,0418804897430474;-0,125411125509609;0,0235271369333011;-0,12717527319635;0,0244747736308997;88;0,88;0,9;FALSE;0,829545454545455;0,8;TRUE;FALSE;0,15;0,73;0,12
"hs_hum_dy_hs_h_None";"hs_Gen_Tot";0,18953694118342;1e-12;-0,0634133645952259;-0,0720026503977584;-0,0720026503977584;-0,0686774157332072;0,035241206954851;-0,139110325012899;-0,00909007248108193;-0,139110325012899;-0,00909007248108193;100;1;0,9;TRUE;0,98;0,8;TRUE;TRUE;0,02;0,98;0
"hs_hum_wk_hs_h_None";"hs_Gen_Tot";0,18953694118342;1e-12;0,0241943328840137;0,012991916877536;0,012991916877536;0,012675372240036;0,0408799646589207;-0,0605938197737337;0,100170038909922;-0,0605938197737337;0,100170038909922;100;1;0,9;TRUE;0,64;0,8;FALSE;FALSE;0,64;0,36;0
"hs_tm_dy_hs_h_None";"hs_Gen_Tot";0,18953694118342;1e-12;0;-0,00408980856545169;-0,00552676833169147;-0,00627488043976068;0,0289912115823436;-0,067708811222606;0,0623290596478888;-0,070719396875712;0,0647848818662322;74;0,74;0,9;FALSE;NA;0,8;FALSE;FALSE;0,27;0,47;0,26
"hs_tm_wk_hs_h_None";"hs_Gen_Tot";0,18953694118342;1e-12;0;-0,00273781012521071;-0,00380251406279265;-0,00330676329639973;0,0259652442869469;-0,053182861720563;0,0386660085573548;-0,0550065188964852;0,0531268559570892;72;0,72;0,9;FALSE;NA;0,8;FALSE;FALSE;0,27;0,45;0,28
"hs_uvdvf_dy_hs_h_None";"hs_Gen_Tot";0,18953694118342;1e-12;0;0,0212572322870928;0,0241559457807872;0,0190003933439063;0,0271423707592289;-0,0144020322120776;0,080226840712046;-0,0147355266614772;0,0821806151646759;88;0,88;0,9;FALSE;NA;0,8;FALSE;FALSE;0,73;0,15;0,12
"hs_uvdvf_wk_hs_h_None";"hs_Gen_Tot";0,18953694118342;1e-12;0,0408090104581165;0,0527869097857559;0,0561562870061233;0,0476815650058277;0,0373070938261364;0;0,132033525986997;0,0055140735072123;0,134315532045024;94;0,94;0,9;TRUE;1;0,8;TRUE;TRUE;0,94;0;0,06
"hs_ndvi100_h_None";"hs_Gen_Tot";0,18953694118342;1e-12;-0,0457731033155031;-0,0368953134786221;-0,038432618206898;-0,0387458615018408;0,0273844389066553;-0,0907846386431403;0,00865989984424372;-0,090814526115355;0,0090224439609689;96;0,96;0,9;TRUE;0,958333333333333;0,8;TRUE;TRUE;0,04;0,92;0,04
"hs_ndvi100_s_None";"hs_Gen_Tot";0,18953694118342;1e-12;-0,0280760403037808;-0,0152233877257769;-0,0153771593189666;-0,0130018254476012;0,027932603089924;-0,0777943395832695;0,0307271618560803;-0,0780616481317344;0,0309397258030374;99;0,99;0,9;TRUE;0,656565656565657;0,8;FALSE;FALSE;0,34;0,65;0,01
"hs_dde_cadj_Log2";"hs_Gen_Tot";0,18953694118342;1e-12;-0,0530280086275077;-0,0527179905513767;-0,0527179905513767;-0,0485192110415282;0,0351439520842257;-0,125334584243311;0,0118987043085771;-0,125334584243311;0,0118987043085771;100;1;0,9;TRUE;0,95;0,8;TRUE;TRUE;0,05;0,95;0
"hs_ddt_cadj_Log2";"hs_Gen_Tot";0,18953694118342;1e-12;-0,0056293107487197;-0,00965194951520137;-0,011094194845059;-0,0116361222240639;0,0160674025800011;-0,0434083259083819;0,0302589930110914;-0,0456392573551263;0,032198137930093;87;0,87;0,9;FALSE;0,839080459770115;0,8;TRUE;FALSE;0,14;0,73;0,13
"hs_hcb_cadj_Log2";"hs_Gen_Tot";0,18953694118342;1e-12;0,0380203166960768;0,0304710007258684;0,0304710007258684;0,0279387474845319;0,0375928699270404;-0,0531714766904826;0,112573009239343;-0,0531714766904826;0,112573009239343;100;1;0,9;TRUE;0,85;0,8;TRUE;TRUE;0,85;0,15;0
"hs_pcb118_cadj_Log2";"hs_Gen_Tot";0,18953694118342;1e-12;0,0112025297913607;0,024276930260875;0,0247723778172194;0,0199512282465221;0,0314523310963749;-0,0269754766759909;0,0945633952831643;-0,0272216673982507;0,0963863817350567;98;0,98;0,9;TRUE;0,806122448979592;0,8;TRUE;TRUE;0,79;0,19;0,02
"hs_pcb138_cadj_Log2";"hs_Gen_Tot";0,18953694118342;1e-12;0;0,0107863296394521;0,0117242713472306;0,00982842713985142;0,0394284155535039;-0,0570898593944794;0,0936332681853052;-0,0580464848885072;0,0977963766261413;92;0,92;0,9;TRUE;NA;0,8;FALSE;FALSE;0,62;0,3;0,08
"hs_pcb153_cadj_Log2";"hs_Gen_Tot";0,18953694118342;1e-12;-0,00985342440203296;-0,007607877498999;-0,00792487239479063;-0,00583377747958024;0,036232827322743;-0,0835879477981368;0,0681432472358211;-0,0861518031771566;0,068755855264579;96;0,96;0,9;TRUE;0,59375;0,8;FALSE;FALSE;0,39;0,57;0,04
"hs_pcb170_cadj_Log2";"hs_Gen_Tot";0,18953694118342;1e-12;-0,0500283431188224;-0,0547278806554136;-0,0547278806554136;-0,061906334417194;0,0322777866471611;-0,109026097659233;0,0104986921365551;-0,109026097659233;0,0104986921365551;100;1;0,9;TRUE;0,93;0,8;TRUE;TRUE;0,07;0,93;0
"hs_pcb180_cadj_Log2";"hs_Gen_Tot";0,18953694118342;1e-12;-0,111433616005971;-0,112221145721529;-0,112221145721529;-0,110070640626536;0,0448191731860353;-0,192894507707092;-0,0384339561938521;-0,192894507707092;-0,0384339561938521;100;1;0,9;TRUE;1;0,8;TRUE;TRUE;0;1;0
"hs_sumPCBs5_cadj_Log2";"hs_Gen_Tot";0,18953694118342;1e-12;0,0466855209815575;0,0472378015177183;0,0472378015177183;0,0423613006059285;0,0419096154128856;-0,0226123597934226;0,120582178297988;-0,0226123597934226;0,120582178297988;100;1;0,9;TRUE;0,9;0,8;TRUE;TRUE;0,9;0,1;0
"hs_pfhxs_c_Log2";"hs_Gen_Tot";0,18953694118342;1e-12;0,00367197035305533;0,00187017458892678;0,00190834141727222;0,00126289026683541;0,032274228793908;-0,0664925335244574;0,0617322692610689;-0,0669887442566857;0,0617470427677288;98;0,98;0,9;TRUE;0,530612244897959;0,8;FALSE;FALSE;0,52;0,46;0,02
"hs_pfna_c_Log2";"hs_Gen_Tot";0,18953694118342;1e-12;0,0196867173535524;0,041283811636663;0,0430039704548573;0,0359713034480747;0,033159829963031;0;0,118702221261504;0,0010278333243841;0,119499751184349;96;0,96;0,9;TRUE;0,979166666666667;0,8;TRUE;TRUE;0,94;0,02;0,04
"hs_pfoa_c_Log2";"hs_Gen_Tot";0,18953694118342;1e-12;-0,0219130228439027;-0,0286918687042553;-0,0292774170451584;-0,0318232228296512;0,0239432863516346;-0,0810905217430643;0,0152004810675714;-0,0816125397051549;0,0155067680645995;98;0,98;0,9;TRUE;0,877551020408163;0,8;TRUE;TRUE;0,12;0,86;0,02
"hs_pfos_c_Log2";"hs_Gen_Tot";0,18953694118342;1e-12;-0,0463692794278279;-0,059983105060456;-0,059983105060456;-0,0602555753289569;0,0290321232158988;-0,105714212764583;-0,00435612827113844;-0,105714212764583;-0,00435612827113844;100;1;0,9;TRUE;1;0,8;TRUE;TRUE;0;1;0
"hs_pfunda_c_Log2";"hs_Gen_Tot";0,18953694118342;1e-12;0,000620813702773048;0,00356353408057153;0,00395948231174614;0,00205572941485757;0,0157247740402597;-0,0249985598158444;0,036827529163814;-0,0251790297891457;0,0383868651136419;90;0,9;0,9;TRUE;0,577777777777778;0,8;FALSE;FALSE;0,52;0,38;0,1
"hs_hm_pers_None";"hs_Gen_Tot";0,18953694118342;1e-12;-0,0245025800041214;-0,0220860261361351;-0,0220860261361351;-0,0209261741406865;0,0228466991570559;-0,0703372042295884;0,0195671044663337;-0,0703372042295884;0,0195671044663337;100;1;0,9;TRUE;0,86;0,8;TRUE;TRUE;0,14;0,86;0
"hs_trafload_h_pow1over3";"hs_Gen_Tot";0,18953694118342;1e-12;0;0,00733987575383762;0,0083407679020882;0,00647584642795805;0,0152023722657573;-0,0154522633812791;0,0438919868558118;-0,0158235274031621;0,0467232997208813;88;0,88;0,9;FALSE;NA;0,8;FALSE;FALSE;0,66;0,22;0,12
"hs_trafnear_h_pow1over3";"hs_Gen_Tot";0,18953694118342;1e-12;0,0100577839993546;0,0163883135700957;0,0180091357913139;0,0143133990474109;0,0216746373398327;-0,0119601971064148;0,0618834623253652;-0,0120278321901811;0,0622885935987384;91;0,91;0,9;TRUE;0,802197802197802;0,8;TRUE;TRUE;0,73;0,18;0,09
"FAS_cat_None_Low";"hs_Gen_Tot";0,18953694118342;1e-12;0,0260017757462662;0,0173599722357323;0,0173599722357323;0,0200317722414584;0,097181709728464;-0,178086676024968;0,189332926170808;-0,178086676024968;0,189332926170808;100;1;0,9;TRUE;0,62;0,8;FALSE;FALSE;0,62;0,38;0
"FAS_cat_None_Middle";"hs_Gen_Tot";0,18953694118342;1e-12;0,0267043131079361;0,0203117862563217;0,0205169558144664;0,0215393665863425;0,0465467653919451;-0,0636510333865393;0,120912020527195;-0,0637109004373182;0,121034965818049;99;0,99;0,9;TRUE;0,666666666666667;0,8;FALSE;FALSE;0,66;0,33;0,01
"hs_globalexp2_None_no exposure";"hs_Gen_Tot";0,18953694118342;1e-12;-0,0216930240574476;-0,0224504455853762;-0,0231447892632745;-0,023728483448104;0,0386629244166633;-0,0946801919880504;0,054166993694572;-0,0951992685179592;0,0550008092707317;97;0,97;0,9;TRUE;0,742268041237113;0,8;FALSE;FALSE;0,25;0,72;0,03
"hs_no2_dy_hs_h_Log";"hs_bmi_c_cat";0,18953694118342;1e-12;-0,0588435958724659;-0,0761712704655187;-0,079345073401582;-0,0768953487857649;0,0600117348016881;-0,200927866508999;0,0210597256625865;-0,201094479798135;0,0212313068627275;96;0,96;0,9;TRUE;0,9375;0,8;TRUE;TRUE;0,06;0,9;0,04
"hs_no2_wk_hs_h_Log";"hs_bmi_c_cat";0,18953694118342;1e-12;0;-0,0105857911442792;-0,0157996882750435;-0,00451648715188822;0,0261928999019859;-0,0770831672089468;0,0146158311980458;-0,0916437115951027;0,0159602714491584;67;0,67;0,9;FALSE;NA;0,8;FALSE;FALSE;0,2;0,47;0,33
"hs_no2_yr_hs_h_Log";"hs_bmi_c_cat";0,18953694118342;1e-12;-0,0366619051605865;-0,0420368713420607;-0,0447200758958092;-0,0337924543458894;0,0430116744602121;-0,143338901938252;0,0136451079064794;-0,144128919778191;0,0136625079710085;94;0,94;0,9;TRUE;0,872340425531915;0,8;TRUE;TRUE;0,12;0,82;0,06
"hs_pm10_dy_hs_h_None";"hs_bmi_c_cat";0,18953694118342;1e-12;0,0613180513549103;0,07505755917296;0,077378926982433;0,0646010853177579;0,0593209144654121;0;0,2096896947119;0,00306479997007156;0,209926668095323;97;0,97;0,9;TRUE;0,989690721649485;0,8;TRUE;TRUE;0,96;0,01;0,03
"hs_pm10_wk_hs_h_None";"hs_bmi_c_cat";0,18953694118342;1e-12;-0,0454515060855281;-0,0450586907226953;-0,0450586907226953;-0,0441592302014281;0,0428998367539645;-0,139617485542442;0,0298603653865714;-0,139617485542442;0,0298603653865714;100;1;0,9;TRUE;0,89;0,8;TRUE;TRUE;0,11;0,89;0
"hs_pm10_yr_hs_h_None";"hs_bmi_c_cat";0,18953694118342;1e-12;-0,00237285805641404;-0,0133523888452653;-0,0171184472375197;-0,0097117222964127;0,0333422632313854;-0,0943843761463383;0,0453782658543285;-0,0951034149904115;0,04789578094054;78;0,78;0,9;FALSE;0,666666666666667;0,8;FALSE;FALSE;0,26;0,52;0,22
"hs_pm25_dy_hs_h_None";"hs_bmi_c_cat";0,18953694118342;1e-12;0,053392259044837;0,0688447861371181;0,069540188017291;0,0658823787854002;0,0516678820694922;0,000256425025693186;0,16902037465528;0,000606520370312822;0,169405064113338;99;0,99;0,9;TRUE;0,97979797979798;0,8;TRUE;TRUE;0,97;0,02;0,01
"hs_pm25_wk_hs_h_None";"hs_bmi_c_cat";0,18953694118342;1e-12;-0,0156989396337519;-0,0385396290938283;-0,0453407401103863;-0,0412396948236841;0,0434070768377931;-0,141420255150728;0,0120265030555917;-0,151985111692435;0,0163148751881708;85;0,85;0,9;FALSE;0,917647058823529;0,8;TRUE;FALSE;0,07;0,78;0,15
"hs_pm25_yr_hs_h_None";"hs_bmi_c_cat";0,18953694118342;1e-12;-0,0125198104649991;-0,0112782795656903;-0,0113922015815054;-0,0110626896567107;0,0448018066727515;-0,098408024972003;0,0759588953360695;-0,0984682934716762;0,076265899260365;99;0,99;0,9;TRUE;0,626262626262626;0,8;FALSE;FALSE;0,37;0,62;0,01
"hs_pm25abs_dy_hs_h_Log";"hs_bmi_c_cat";0,18953694118342;1e-12;-0,0175272330483756;-0,0200427645406046;-0,0200427645406046;-0,0172631210737185;0,0327531860521306;-0,0878509782205653;0,0369275204432804;-0,0878509782205653;0,0369275204432804;100;1;0,9;TRUE;0,71;0,8;FALSE;FALSE;0,29;0,71;0
"hs_pm25abs_wk_hs_h_Log";"hs_bmi_c_cat";0,18953694118342;1e-12;0;0,00150391047708158;0,00167101164120176;-0,00276927981789444;0,0302697950563074;-0,0366726605840016;0,0916823140851269;-0,0366963129630268;0,0926778452717893;90;0,9;0,9;TRUE;NA;0,8;FALSE;FALSE;0,3;0,6;0,1
"hs_pm25abs_yr_hs_h_Log";"hs_bmi_c_cat";0,18953694118342;1e-12;-0,000164195157035791;-0,00317476448177222;-0,00334185734923391;-0,00170064142331387;0,0386979865958559;-0,0863764148620188;0,0757955750101544;-0,0876356751404197;0,0773826584079178;95;0,95;0,9;TRUE;0,536842105263158;0,8;FALSE;FALSE;0,44;0,51;0,05
"hs_accesslines300_h_dic0";"hs_bmi_c_cat";0,18953694118342;1e-12;-0,343707585069034;-0,396513311409792;-0,396513311409792;-0,357542893922971;0,371256826887797;-1,31861629732837;0,180056450568769;-1,31861629732837;0,180056450568769;100;1;0,9;TRUE;0,85;0,8;TRUE;TRUE;0,15;0,85;0
"hs_accesspoints300_h_Log";"hs_bmi_c_cat";0,18953694118342;1e-12;-0,0258612271941788;-0,0292629942205675;-0,0292629942205675;-0,0322561384981323;0,0464901405772416;-0,109780034362874;0,0587332601740426;-0,109780034362874;0,0587332601740426;100;1;0,9;TRUE;0,73;0,8;FALSE;FALSE;0,27;0,73;0
"hs_builtdens300_h_Sqrt";"hs_bmi_c_cat";0,18953694118342;1e-12;-0,000364567162231566;-0,00990885658280583;-0,0132118087770744;-0,00616223510715621;0,0331305055927647;-0,093876766733954;0,0535958233280527;-0,0947789467352397;0,0651742456099422;75;0,75;0,9;FALSE;0,693333333333333;0,8;FALSE;FALSE;0,23;0,52;0,25
"hs_connind300_h_Log";"hs_bmi_c_cat";0,18953694118342;1e-12;0,00544648790190576;0,0293523797972867;0,0326137553303186;0,0202106138249818;0,0407866070322021;-0,0158542738987858;0,129736695859837;-0,0162745935856161;0,135682181084622;90;0,9;0,9;TRUE;0,877777777777778;0,8;TRUE;TRUE;0,79;0,11;0,1
"hs_fdensity300_h_Log";"hs_bmi_c_cat";0,18953694118342;1e-12;-0,0263028833122928;-0,0466209487816762;-0,0490746829280802;-0,0409574202577721;0,0453816863935784;-0,146163932407779;0,00654152689967459;-0,148907838079114;0,0068115518421938;95;0,95;0,9;TRUE;0,894736842105263;0,8;TRUE;TRUE;0,1;0,85;0,05
"hs_landuseshan300_h_None";"hs_bmi_c_cat";0,18953694118342;1e-12;-0,0159525935271832;-0,0268939471568768;-0,0274428032213028;-0,0155792644211935;0,0386964001265263;-0,123273408236801;0,0249549507888107;-0,123305274842199;0,0254357419067836;98;0,98;0,9;TRUE;0,775510204081633;0,8;FALSE;FALSE;0,22;0,76;0,02
"hs_popdens_h_Sqrt";"hs_bmi_c_cat";0,18953694118342;1e-12;0,0401648793316264;0,0603322232233066;0,0615634930850068;0,0590907223579275;0,0432957294202912;0;0,142405270542054;0,00247755082295398;0,142471252392388;98;0,98;0,9;TRUE;0,979591836734694;0,8;TRUE;TRUE;0,96;0,02;0,02
"hs_walkability_mean_h_None";"hs_bmi_c_cat";0,18953694118342;1e-12;0,000444863063104873;0,00652247662066581;0,0070896485007237;0,00380036529896693;0,0369677429535493;-0,0705073541855103;0,0739915659649177;-0,071767626722256;0,0753608300618586;92;0,92;0,9;TRUE;0,576086956521739;0,8;FALSE;FALSE;0,53;0,39;0,08
"hs_accesslines300_s_dic0";"hs_bmi_c_cat";0,18953694118342;1e-12;-0,148064081218782;-0,163346997568573;-0,163346997568573;-0,11419969586916;0,234560333465616;-0,625008625408941;0,22551323982518;-0,625008625408941;0,22551323982518;100;1;0,9;TRUE;0,75;0,8;FALSE;FALSE;0,25;0,75;0
"hs_accesspoints300_s_Log";"hs_bmi_c_cat";0,18953694118342;1e-12;-0,103965190243241;-0,113860361378274;-0,11501046603866;-0,110115839177886;0,0636194242321483;-0,239814021355987;-0,000209738281859842;-0,23989326419793;-0,0027760119236481;99;0,99;0,9;TRUE;0,97979797979798;0,8;TRUE;TRUE;0,02;0,97;0,01
"hs_builtdens300_s_Sqrt";"hs_bmi_c_cat";0,18953694118342;1e-12;0;0,00609489353746942;0,00700562475571198;0,00068132357115422;0,0344365855015795;-0,0563761729492535;0,0878336576496894;-0,0595283223332076;0,0907433225945298;87;0,87;0,9;FALSE;NA;0,8;FALSE;FALSE;0,45;0,42;0,13
"hs_connind300_s_Log";"hs_bmi_c_cat";0,18953694118342;1e-12;-0,00212112334022961;-0,0158263601115808;-0,0172025653386748;-0,00742970046451576;0,0417819065079527;-0,135400728088054;0,0521754291922409;-0,138046895056244;0,0543758939279224;92;0,92;0,9;TRUE;0,673913043478261;0,8;FALSE;FALSE;0,3;0,62;0,08
"hs_fdensity300_s_Log";"hs_bmi_c_cat";0,18953694118342;1e-12;-0,0302079076885962;-0,0472908074184845;-0,0508503305575102;-0,0295565348051237;0,0528292328093996;-0,16038817880433;0,0129986975564306;-0,161231463486807;0,0135963137129805;93;0,93;0,9;TRUE;0,870967741935484;0,8;TRUE;TRUE;0,12;0,81;0,07
"hs_landuseshan300_s_None";"hs_bmi_c_cat";0,18953694118342;1e-12;-0,0374486719585266;-0,0554016137868141;-0,0577100143612647;-0,0461503654339376;0,0530823828950939;-0,186151384964803;0,00806140728939095;-0,188926584207683;0,00815101884466596;96;0,96;0,9;TRUE;0,947916666666667;0,8;TRUE;TRUE;0,05;0,91;0,04
"hs_popdens_s_Sqrt";"hs_bmi_c_cat";0,18953694118342;1e-12;-0,00421323193777183;-0,0177216597496761;-0,0186543786838696;-0,0105398494729678;0,0320630575659429;-0,0874805979471101;0,0240758402934844;-0,0887886849372365;0,0246027346625428;95;0,95;0,9;TRUE;0,726315789473684;0,8;FALSE;FALSE;0,26;0,69;0,05
"h_Absorbance_Log";"hs_bmi_c_cat";0,18953694118342;1e-12;-0,000554568901631018;-0,000652292142857747;-0,000665604227405865;0,00218319564780419;0,0357063620812902;-0,0833530111434011;0,0648851560220624;-0,0839869448657849;0,0650446113549855;98;0,98;0,9;TRUE;0,459183673469388;0,8;FALSE;FALSE;0,53;0,45;0,02
"h_Benzene_Log";"hs_bmi_c_cat";0,18953694118342;1e-12;0,0498058749850368;0,0489468885946677;0,0489468885946677;0,0464417519501728;0,0507133538228334;-0,0341774762190401;0,15189062916672;-0,0341774762190401;0,15189062916672;100;1;0,9;TRUE;0,81;0,8;TRUE;TRUE;0,81;0,19;0
"h_NO2_Log";"hs_bmi_c_cat";0,18953694118342;1e-12;0,0306461677209574;0,046601951299894;0,047072678080701;0,0415298812645159;0,0413683011681806;-0,0126696763209731;0,126488554349868;-0,0128977643982427;0,126521100921139;99;0,99;0,9;TRUE;0,909090909090909;0,8;TRUE;TRUE;0,9;0,09;0,01
"h_PM_Log";"hs_bmi_c_cat";0,18953694118342;1e-12;0,0302320348082001;0,0446204197546982;0,0464796039111439;0,0390574377332513;0,0410673238893903;-0,00600261486579533;0,154694486100876;-0,0064227984977801;0,155905459439943;96;0,96;0,9;TRUE;0,9375;0,8;TRUE;TRUE;0,9;0,06;0,04
"h_TEX_Log";"hs_bmi_c_cat";0,18953694118342;1e-12;0,00420405824948588;0,017715591029539;0,0194676824500429;0,00923908075554373;0,0362601967311176;-0,0341365592504036;0,111644366352652;-0,0345062042894501;0,11454644700842;91;0,91;0,9;TRUE;0,703296703296703;0,8;FALSE;FALSE;0,64;0,27;0,09
"hs_KIDMED_None";"hs_bmi_c_cat";0,18953694118342;1e-12;0,0704386773915095;0,0750039665754;0,0750039665754;0,0678343463279695;0,0447714414995625;0,00282329932716392;0,17404772852908;0,00282329932716392;0,17404772852908;100;1;0,9;TRUE;0,98;0,8;TRUE;TRUE;0,98;0,02;0
"hs_mvpa_prd_alt_None";"hs_bmi_c_cat";0,18953694118342;1e-12;-0,00579128642856115;-0,0119055125489502;-0,0120257702514649;-0,00637809470692844;0,0306846462614187;-0,087745496354975;0,0409537651410642;-0,0884920502232274;0,0409797503276028;99;0,99;0,9;TRUE;0,656565656565657;0,8;FALSE;FALSE;0,34;0,65;0,01
"hs_sd_wk_None";"hs_bmi_c_cat";0,18953694118342;1e-12;0,00865730306026693;0,00329433293580644;0,00336156422021065;0,0029820404823451;0,0327688371479197;-0,0643928526626066;0,0683710686665873;-0,0648919876057192;0,0696801840029637;98;0,98;0,9;TRUE;0,581632653061224;0,8;FALSE;FALSE;0,57;0,41;0,02
"hs_dif_hours_total_None";"hs_bmi_c_cat";0,18953694118342;1e-12;-0,0737297981736184;-0,0723732077816784;-0,0723732077816784;-0,0669382571154708;0,0497568006514863;-0,180645062962276;0,012838025282493;-0,180645062962276;0,012838025282493;100;1;0,9;TRUE;0,96;0,8;TRUE;TRUE;0,04;0,96;0
"hs_as_c_Log2";"hs_bmi_c_cat";0,18953694118342;1e-12;-0,0188092021777092;-0,0221029585083444;-0,0223262207154994;-0,0125139353814977;0,0395944311022037;-0,122775904826871;0,0386959097193709;-0,123662535121309;0,0387842277067085;99;0,99;0,9;TRUE;0,737373737373737;0,8;FALSE;FALSE;0,26;0,73;0,01
"hs_cd_c_Log2";"hs_bmi_c_cat";0,18953694118342;1e-12;0,0122110704849679;0,0286532829843418;0,0308099817035933;0,0202362782985353;0,0349569656597707;-0,00973942358758987;0,114049875877094;-0,00987656438628057;0,117475492526974;93;0,93;0,9;TRUE;0,870967741935484;0,8;TRUE;TRUE;0,81;0,12;0,07
"hs_co_c_Log2";"hs_bmi_c_cat";0,18953694118342;1e-12;-0,0367217508937685;-0,0380477217497859;-0,0384320421715009;-0,0384308657862482;0,0336738266725905;-0,103070389032525;0,0345776974012081;-0,10309927514849;0,0348694477115987;99;0,99;0,9;TRUE;0,919191919191919;0,8;TRUE;TRUE;0,08;0,91;0,01
"hs_cs_c_Log2";"hs_bmi_c_cat";0,18953694118342;1e-12;0,17568112482181;0,183970630674718;0,183970630674718;0,185768941114755;0,0712474701310944;0,0569810137037139;0,311564213246001;0,0569810137037139;0,311564213246001;100;1;0,9;TRUE;1;0,8;TRUE;TRUE;1;0;0
"hs_cu_c_Log2";"hs_bmi_c_cat";0,18953694118342;1e-12;0,128131994524377;0,136989321202055;0,136989321202055;0,133801412380924;0,0539580512326972;0,0370390285550796;0,251446712796429;0,0370390285550796;0,251446712796429;100;1;0,9;TRUE;1;0,8;TRUE;TRUE;1;0;0
"hs_hg_c_Log2";"hs_bmi_c_cat";0,18953694118342;1e-12;-0,0175657499509148;-0,0203575652869461;-0,0205631972595415;-0,016417494358747;0,036801527891139;-0,117796299721732;0,0235492720184076;-0,118176884411901;0,0236392142734809;99;0,99;0,9;TRUE;0,747474747474748;0,8;FALSE;FALSE;0,25;0,74;0,01
"hs_mn_c_Log2";"hs_bmi_c_cat";0,18953694118342;1e-12;-0,0337664084547247;-0,0386248313461205;-0,0386248313461205;-0,0343091046585743;0,033583850005817;-0,11570581257291;0,0133272350413589;-0,11570581257291;0,0133272350413589;100;1;0,9;TRUE;0,93;0,8;TRUE;TRUE;0,07;0,93;0
"hs_mo_c_Log2";"hs_bmi_c_cat";0,18953694118342;1e-12;-0,0833421892385663;-0,08806788105342;-0,08806788105342;-0,0835301491252694;0,0421907763287573;-0,176490174275367;-0,0161541669323824;-0,176490174275367;-0,0161541669323824;100;1;0,9;TRUE;0,99;0,8;TRUE;TRUE;0,01;0,99;0
"hs_pb_c_Log2";"hs_bmi_c_cat";0,18953694118342;1e-12;-0,00488794547075779;-0,00940001235073026;-0,00989474984287396;-0,00590239738140301;0,0257474297241025;-0,0699969120814779;0,0319917195534215;-0,0710914833832734;0,032089211052578;95;0,95;0,9;TRUE;0,642105263157895;0,8;FALSE;FALSE;0,34;0,61;0,05
"hs_hum_mt_hs_h_None";"hs_bmi_c_cat";0,18953694118342;1e-12;0,155812777605304;0,155787422116808;0,155787422116808;0,149481704839278;0,0693019930146427;0,0260224542049237;0,291099464979697;0,0260224542049237;0,291099464979697;100;1;0,9;TRUE;1;0,8;TRUE;TRUE;1;0;0
"hs_tm_mt_hs_h_None";"hs_bmi_c_cat";0,18953694118342;1e-12;-0,00230014799489752;-0,00865362988623995;-0,00930497837230102;-0,000535123054505042;0,0368351619774107;-0,0858799545475888;0,0639448385882377;-0,0859813123045292;0,064110977536964;93;0,93;0,9;TRUE;0,526881720430108;0,8;FALSE;FALSE;0,44;0,49;0,07
"hs_uvdvf_mt_hs_h_None";"hs_bmi_c_cat";0,18953694118342;1e-12;0,0162776043178337;0,0403219775546789;0,0458204290394079;0,0340292693545564;0,0446993556807916;-0,00283514293223495;0,139765921677431;-0,00285764278538499;0,142532321719611;88;0,88;0,9;FALSE;0,909090909090909;0,8;TRUE;FALSE;0,8;0,08;0,12
"hs_hum_dy_hs_h_None";"hs_bmi_c_cat";0,18953694118342;1e-12;0,0246516239511127;0,0409467026315671;0,0409467026315671;0,0377968570503085;0,0492391840357021;-0,0335742560683191;0,14128644323193;-0,0335742560683191;0,14128644323193;100;1;0,9;TRUE;0,78;0,8;FALSE;FALSE;0,78;0,22;0
"hs_hum_wk_hs_h_None";"hs_bmi_c_cat";0,18953694118342;1e-12;0,00744770310559358;0,0177809926123616;0,0177809926123616;0,0124553730632167;0,0516729144283625;-0,0968125253785273;0,119894000076486;-0,0968125253785273;0,119894000076486;100;1;0,9;TRUE;0,6;0,8;FALSE;FALSE;0,6;0,4;0
"hs_tm_dy_hs_h_None";"hs_bmi_c_cat";0,18953694118342;1e-12;0;-0,00260369500725571;-0,00351850676656177;-0,00541858153357057;0,0280278258126126;-0,0532503289447125;0,0682459621902501;-0,0561428562474841;0,0850735749778163;74;0,74;0,9;FALSE;NA;0,8;FALSE;FALSE;0,27;0,47;0,26
"hs_tm_wk_hs_h_None";"hs_bmi_c_cat";0,18953694118342;1e-12;0;-0,00617717835556118;-0,00857941438272386;-0,00664442889504726;0,0217267071626035;-0,065933448594129;0,0265917375625293;-0,0666746426418006;0,0287552927253052;72;0,72;0,9;FALSE;NA;0,8;FALSE;FALSE;0,3;0,42;0,28
"hs_uvdvf_dy_hs_h_None";"hs_bmi_c_cat";0,18953694118342;1e-12;0;-0,0130793787264285;-0,0148629303709414;-0,0122485635393581;0,0249171714266788;-0,0649975995291606;0,0399244551554817;-0,0662743737509843;0,0425769360860812;88;0,88;0,9;FALSE;NA;0,8;FALSE;FALSE;0,25;0,63;0,12
"hs_uvdvf_wk_hs_h_None";"hs_bmi_c_cat";0,18953694118342;1e-12;-0,00994335966057487;-0,0128228915661049;-0,0136413740064946;-0,0090154945449286;0,0357573576196498;-0,0918317485493912;0,0501328321166471;-0,0927202540194796;0,0501945912151144;94;0,94;0,9;TRUE;0,670212765957447;0,8;FALSE;FALSE;0,31;0,63;0,06
"hs_ndvi100_h_None";"hs_bmi_c_cat";0,18953694118342;1e-12;-0,006456342470452;-0,00973220165428936;-0,0101377100565514;-0,0107432970457036;0,0401639931623448;-0,0837174920734151;0,0723802051130217;-0,0845833914471538;0,0735359771367464;96;0,96;0,9;TRUE;0,604166666666667;0,8;FALSE;FALSE;0,38;0,58;0,04
"hs_ndvi100_s_None";"hs_bmi_c_cat";0,18953694118342;1e-12;-0,0546119697538925;-0,0611091858238052;-0,0617264503270759;-0,0539179850415261;0,0537022127554782;-0,158158148674959;0,0161313574584832;-0,158340921114792;0,0163855173542843;99;0,99;0,9;TRUE;0,929292929292929;0,8;TRUE;TRUE;0,07;0,92;0,01
"hs_dde_cadj_Log2";"hs_bmi_c_cat";0,18953694118342;1e-12;-0,187564513214616;-0,183979040352467;-0,183979040352467;-0,172192675859083;0,0712221641713591;-0,33389729384075;-0,065161535240685;-0,33389729384075;-0,065161535240685;100;1;0,9;TRUE;1;0,8;TRUE;TRUE;0;1;0
"hs_ddt_cadj_Log2";"hs_bmi_c_cat";0,18953694118342;1e-12;0,00227914675141949;0,021027452640418;0,024169485793584;0,0110349995343191;0,0368524636649376;-0,0199561892900436;0,104282733131843;-0,0213256293696405;0,106024720324068;87;0,87;0,9;FALSE;0,689655172413793;0,8;FALSE;FALSE;0,6;0,27;0,13
"hs_hcb_cadj_Log2";"hs_bmi_c_cat";0,18953694118342;1e-12;-0,261842946886761;-0,36040160794177;-0,36040160794177;-0,293639526029315;0,216964219998345;-0,786756771164334;-0,0783420142161343;-0,786756771164334;-0,0783420142161343;100;1;0,9;TRUE;1;0,8;TRUE;TRUE;0;1;0
"hs_pcb118_cadj_Log2";"hs_bmi_c_cat";0,18953694118342;1e-12;0,0232981658246239;0,0396668922568888;0,0404764206702947;0,0279801268669488;0,0429183354112822;-0,00756608394087164;0,133217949988427;-0,00781757423845334;0,133526250434009;98;0,98;0,9;TRUE;0,918367346938776;0,8;TRUE;TRUE;0,9;0,08;0,02
"hs_pcb138_cadj_Log2";"hs_bmi_c_cat";0,18953694118342;1e-12;0;-0,0103845049578882;-0,0112875053890089;-0,00602067134910766;0,042831176710694;-0,106000479685825;0,073058586733867;-0,111047731533861;0,0752987187234592;92;0,92;0,9;TRUE;NA;0,8;FALSE;FALSE;0,32;0,6;0,08
"hs_pcb153_cadj_Log2";"hs_bmi_c_cat";0,18953694118342;1e-12;-0,0786382938414759;-0,0852381482223276;-0,0887897377315913;-0,0686552905792408;0,0636347416167278;-0,229845996087751;0;-0,230558413153861;-0,00521177627611758;96;0,96;0,9;TRUE;0,989583333333333;0,8;TRUE;TRUE;0,01;0,95;0,04
"hs_pcb170_cadj_Log2";"hs_bmi_c_cat";0,18953694118342;1e-12;-0,268222064188641;-0,263978022018423;-0,263978022018423;-0,261156011262746;0,0648121091043923;-0,392872027892249;-0,134115541038012;-0,392872027892249;-0,134115541038012;100;1;0,9;TRUE;1;0,8;TRUE;TRUE;0;1;0
"hs_pcb180_cadj_Log2";"hs_bmi_c_cat";0,18953694118342;1e-12;-0,0818338959406383;-0,0865703221631972;-0,0865703221631972;-0,0787371897602622;0,0646234542368387;-0,238199686579651;0,00568941880387582;-0,238199686579651;0,00568941880387582;100;1;0,9;TRUE;0,96;0,8;TRUE;TRUE;0,04;0,96;0
"hs_sumPCBs5_cadj_Log2";"hs_bmi_c_cat";0,18953694118342;1e-12;-0,17069052238369;-0,157887183182583;-0,157887183182583;-0,154275145053781;0,0629501761935194;-0,274023521097568;-0,0482735324572914;-0,274023521097568;-0,0482735324572914;100;1;0,9;TRUE;1;0,8;TRUE;TRUE;0;1;0
"hs_pfhxs_c_Log2";"hs_bmi_c_cat";0,18953694118342;1e-12;0,012247474065424;0,0232285320244014;0,0237025836983688;0,0194275111225356;0,037909967178969;-0,0339754245726024;0,0983959201636057;-0,0339829560391011;0,0984892303670892;98;0,98;0,9;TRUE;0,73469387755102;0,8;FALSE;FALSE;0,72;0,26;0,02
"hs_pfna_c_Log2";"hs_bmi_c_cat";0,18953694118342;1e-12;-0,00183794852843207;0,00523348119913367;0,00545154291576424;-0,0014189867093044;0,0356445162197531;-0,050145313649179;0,108070006704574;-0,0507150581794496;0,110234495173183;96;0,96;0,9;TRUE;0,541666666666667;0,8;FALSE;FALSE;0,44;0,52;0,04
"hs_pfoa_c_Log2";"hs_bmi_c_cat";0,18953694118342;1e-12;-0,0645493470535429;-0,0794120196957443;-0,0810326731589228;-0,0738501256403859;0,0485152161961733;-0,187808862391898;1,17864617729861e-05;-0,188111761086605;-0,00253499777603877;98;0,98;0,9;TRUE;0,969387755102041;0,8;TRUE;TRUE;0,03;0,95;0,02
"hs_pfos_c_Log2";"hs_bmi_c_cat";0,18953694118342;1e-12;-0,0356552659588926;-0,0409672259175624;-0,0409672259175624;-0,0287077857555352;0,0462704775598863;-0,145295600267867;0,0154826874743849;-0,145295600267867;0,0154826874743849;100;1;0,9;TRUE;0,84;0,8;TRUE;TRUE;0,16;0,84;0
"hs_pfunda_c_Log2";"hs_bmi_c_cat";0,18953694118342;1e-12;8,47074649581577e-05;0,00449440662135157;0,00499378513483508;0,0026966219699781;0,0254845313910443;-0,0421540330745716;0,0639708441345787;-0,0448790312853981;0,0653657852627406;90;0,9;0,9;TRUE;0,577777777777778;0,8;FALSE;FALSE;0,52;0,38;0,1
"hs_hm_pers_None";"hs_bmi_c_cat";0,18953694118342;1e-12;-0,0111622477111435;-0,0159401463966833;-0,0159401463966833;-0,0156608341795857;0,0301787275042549;-0,0754813167246736;0,0385737971458564;-0,0754813167246736;0,0385737971458564;100;1;0,9;TRUE;0,73;0,8;FALSE;FALSE;0,27;0,73;0
"hs_trafload_h_pow1over3";"hs_bmi_c_cat";0,18953694118342;1e-12;0;-0,0153143032858556;-0,0174026173702905;-0,0123913842542053;0,0254758328024395;-0,0776460647603876;0,0240282336692671;-0,0789410970512678;0,0251325472709806;88;0,88;0,9;FALSE;NA;0,8;FALSE;FALSE;0,16;0,72;0,12
"hs_trafnear_h_pow1over3";"hs_bmi_c_cat";0,18953694118342;1e-12;0,0193058362132746;0,0399291374322719;0,0438781730024966;0,0354422190561878;0,0406932286054695;-0,0055316531370282;0,132905763525728;-0,00574363937044654;0,133874979723615;91;0,91;0,9;TRUE;0,89010989010989;0,8;TRUE;TRUE;0,81;0,1;0,09
"FAS_cat_None_Low";"hs_bmi_c_cat";0,18953694118342;1e-12;-0,495114568236992;-0,522793158222924;-0,522793158222924;-0,5157583416045;0,166274282753796;-0,859923476625128;-0,250856089688414;-0,859923476625128;-0,250856089688414;100;1;0,9;TRUE;1;0,8;TRUE;TRUE;0;1;0
"FAS_cat_None_Middle";"hs_bmi_c_cat";0,18953694118342;1e-12;-0,121716648457697;-0,132105471559642;-0,133439870262265;-0,121941182438119;0,102757372100295;-0,324515895143454;0,0188312555997898;-0,324813175440272;0,0188847376628654;99;0,99;0,9;TRUE;0,909090909090909;0,8;TRUE;TRUE;0,09;0,9;0,01
"hs_globalexp2_None_no exposure";"hs_bmi_c_cat";0,18953694118342;1e-12;-0,0742350042190508;-0,10718773628882;-0,110502820916309;-0,090965478610562;0,0987312587780902;-0,318141615168878;0,0127124297667678;-0,318288873748192;0,0128197013151841;97;0,97;0,9;TRUE;0,876288659793814;0,8;TRUE;TRUE;0,12;0,85;0,03
