"exposure";"outcome";"lambda";"selection_tol";"beta_original";"beta_boot_mean_all";"beta_boot_mean_selected";"beta_boot_median_selected";"beta_boot_sd_all";"beta_boot_q025_all";"beta_boot_q975_all";"beta_boot_q025_selected";"beta_boot_q975_selected";"n_selected";"sel_prob";"sel_prob_threshold";"passes_sel_prob";"sign_consistency";"sign_consistency_threshold";"passes_sign_consistency";"passes_stability_filter";"prop_positive";"prop_negative";"prop_zero"
"hs_no2_dy_hs_h_Log";"e3_bw";9,58594405990971e-05;1e-12;-0,0195869288702023;-0,0166075932638139;-0,0166075932638139;-0,0167663834386732;0,00551504840236017;-0,0264446788458698;-0,00573967270846234;-0,0264446788458698;-0,00573967270846234;100;1;0,9;TRUE;0,99;0,8;TRUE;TRUE;0,01;0,99;0
"hs_no2_wk_hs_h_Log";"e3_bw";9,58594405990971e-05;1e-12;-0,0216095090440242;-0,0204434711049493;-0,0204434711049493;-0,021181979485757;0,00474830156498425;-0,0287446925296866;-0,0112153517580251;-0,0287446925296866;-0,0112153517580251;100;1;0,9;TRUE;1;0,8;TRUE;TRUE;0;1;0
"hs_no2_yr_hs_h_Log";"e3_bw";9,58594405990971e-05;1e-12;-0,0236421382938535;-0,024480651292739;-0,024480651292739;-0,0244357053493774;0,00518680046505692;-0,0339256381808787;-0,0139307146490626;-0,0339256381808787;-0,0139307146490626;100;1;0,9;TRUE;1;0,8;TRUE;TRUE;0;1;0
"hs_pm10_dy_hs_h_None";"e3_bw";9,58594405990971e-05;1e-12;0,00135767647490956;0,00235833219786089;0,00235833219786089;0,00196198752611857;0,00367008022955444;-0,00371564030613256;0,0106306447554219;-0,00371564030613256;0,0106306447554219;100;1;0,9;TRUE;0,75;0,8;FALSE;FALSE;0,75;0,25;0
"hs_pm10_wk_hs_h_None";"e3_bw";9,58594405990971e-05;1e-12;-0,000359761805183531;-0,000680907296166769;-0,000680907296166769;-0,000715015736457219;0,00514873969148301;-0,00977199269607651;0,00979498355344675;-0,00977199269607651;0,00979498355344675;100;1;0,9;TRUE;0,56;0,8;FALSE;FALSE;0,44;0,56;0
"hs_pm10_yr_hs_h_None";"e3_bw";9,58594405990971e-05;1e-12;0,0022954158963783;0,000663352542944052;0,000663352542944052;0,000467969567553308;0,00565654922738462;-0,0110515898551708;0,0112262205273893;-0,0110515898551708;0,0112262205273893;100;1;0,9;TRUE;0,53;0,8;FALSE;FALSE;0,53;0,47;0
"hs_pm25_dy_hs_h_None";"e3_bw";9,58594405990971e-05;1e-12;0,00588268807581724;0,00520227676385959;0,00520227676385959;0,00526598368777986;0,00364353261653371;-0,000818006020769628;0,0122630637609328;-0,000818006020769628;0,0122630637609328;100;1;0,9;TRUE;0,92;0,8;TRUE;TRUE;0,92;0,08;0
"hs_pm25_wk_hs_h_None";"e3_bw";9,58594405990971e-05;1e-12;0,00599550764120757;0,00481452123981083;0,00481452123981083;0,004877330047008;0,0051365406859215;-0,0053655626657448;0,0135574900091007;-0,0053655626657448;0,0135574900091007;100;1;0,9;TRUE;0,81;0,8;TRUE;TRUE;0,81;0,19;0
"hs_pm25_yr_hs_h_None";"e3_bw";9,58594405990971e-05;1e-12;-0,0176504118406001;-0,0156754396015473;-0,0156754396015473;-0,0161975310705061;0,00490247478273994;-0,0246029786824819;-0,00546399718492458;-0,0246029786824819;-0,00546399718492458;100;1;0,9;TRUE;0,99;0,8;TRUE;TRUE;0,01;0,99;0
"hs_pm25abs_dy_hs_h_Log";"e3_bw";9,58594405990971e-05;1e-12;0,0116791471509961;0,00977925674567592;0,00977925674567592;0,00958648186790701;0,00393357940816175;0,0018945322547037;0,0177088648570527;0,0018945322547037;0,0177088648570527;100;1;0,9;TRUE;1;0,8;TRUE;TRUE;1;0;0
"hs_pm25abs_wk_hs_h_Log";"e3_bw";9,58594405990971e-05;1e-12;-0,00826741277347575;-0,00881808366843924;-0,00881808366843924;-0,00834296841542312;0,00465733119334361;-0,0186166495666358;-0,00103050988272101;-0,0186166495666358;-0,00103050988272101;100;1;0,9;TRUE;0,98;0,8;TRUE;TRUE;0,02;0,98;0
"hs_pm25abs_yr_hs_h_Log";"e3_bw";9,58594405990971e-05;1e-12;0,0243415004005394;0,0222589945114978;0,0222589945114978;0,0223965537370392;0,00576576371749432;0,0128092878683269;0,0348236562518401;0,0128092878683269;0,0348236562518401;100;1;0,9;TRUE;1;0,8;TRUE;TRUE;1;0;0
"hs_accesslines300_h_dic0";"e3_bw";9,58594405990971e-05;1e-12;0,0685942925227817;0,0700327284765527;0,0700327284765527;0,0687789495759303;0,0175254400292387;0,04471725320018;0,106747306143337;0,04471725320018;0,106747306143337;100;1;0,9;TRUE;1;0,8;TRUE;TRUE;1;0;0
"hs_accesspoints300_h_Log";"e3_bw";9,58594405990971e-05;1e-12;0,018350708360751;0,0174909971964869;0,0174909971964869;0,0169498114334381;0,0036613548095818;0,0112860841427743;0,0255417107778884;0,0112860841427743;0,0255417107778884;100;1;0,9;TRUE;1;0,8;TRUE;TRUE;1;0;0
"hs_builtdens300_h_Sqrt";"e3_bw";9,58594405990971e-05;1e-12;-0,000464935287546847;-0,000916460818732646;-0,000916460818732646;-0,000622867422719901;0,0037583122165743;-0,00789492201354141;0,00628806721093058;-0,00789492201354141;0,00628806721093058;100;1;0,9;TRUE;0,6;0,8;FALSE;FALSE;0,4;0,6;0
"hs_connind300_h_Log";"e3_bw";9,58594405990971e-05;1e-12;-0,00302046528485372;-0,00214272389448055;-0,00214272389448055;-0,00177185204717718;0,00379757610743003;-0,00977220439176306;0,00416125964423105;-0,00977220439176306;0,00416125964423105;100;1;0,9;TRUE;0,72;0,8;FALSE;FALSE;0,28;0,72;0
"hs_fdensity300_h_Log";"e3_bw";9,58594405990971e-05;1e-12;0,000462355231331679;-0,00103159999371018;-0,00103159999371018;-0,000636087983402651;0,004300168573643;-0,00889475646436958;0,00723155166285263;-0,00889475646436958;0,00723155166285263;100;1;0,9;TRUE;0,44;0,8;FALSE;FALSE;0,44;0,56;0
"hs_landuseshan300_h_None";"e3_bw";9,58594405990971e-05;1e-12;0,00376534242608089;0,00296299901513347;0,00296299901513347;0,00316125689821999;0,00382097071536917;-0,00454599233390033;0,010023107669564;-0,00454599233390033;0,010023107669564;100;1;0,9;TRUE;0,78;0,8;FALSE;FALSE;0,78;0,22;0
"hs_popdens_h_Sqrt";"e3_bw";9,58594405990971e-05;1e-12;-0,00446178610028146;-0,00383440583364034;-0,00383440583364034;-0,0043066067129444;0,00402066850579062;-0,0110230294022035;0,00307881519231884;-0,0110230294022035;0,00307881519231884;100;1;0,9;TRUE;0,8;0,8;TRUE;TRUE;0,2;0,8;0
"hs_walkability_mean_h_None";"e3_bw";9,58594405990971e-05;1e-12;0,00180977977162416;0,00190172867029755;0,00190172867029755;0,00156977365778357;0,00326212727389832;-0,00410867145961358;0,00786317731349281;-0,00410867145961358;0,00786317731349281;100;1;0,9;TRUE;0,7;0,8;FALSE;FALSE;0,7;0,3;0
"hs_accesslines300_s_dic0";"e3_bw";9,58594405990971e-05;1e-12;0,0391349700294563;0,0387341752152178;0,0387341752152178;0,0377038728317529;0,0135815571553961;0,0105570142306187;0,0666781155088225;0,0105570142306187;0,0666781155088225;100;1;0,9;TRUE;1;0,8;TRUE;TRUE;1;0;0
"hs_accesspoints300_s_Log";"e3_bw";9,58594405990971e-05;1e-12;0,00527438113960859;0,00612442832454924;0,00612442832454924;0,005823324283074;0,00392869926920783;-0,00156490545584464;0,0141497127826221;-0,00156490545584464;0,0141497127826221;100;1;0,9;TRUE;0,95;0,8;TRUE;TRUE;0,95;0,05;0
"hs_builtdens300_s_Sqrt";"e3_bw";9,58594405990971e-05;1e-12;-0,00447730851855378;-0,00362990067419016;-0,00362990067419016;-0,00328705075659334;0,00388720254060412;-0,0124972867304328;0,00367135986266483;-0,0124972867304328;0,00367135986266483;100;1;0,9;TRUE;0,85;0,8;TRUE;TRUE;0,15;0,85;0
"hs_connind300_s_Log";"e3_bw";9,58594405990971e-05;1e-12;0,0108493925592717;0,0105707228356594;0,0105707228356594;0,0105633407805513;0,00365597469754614;0,00364687243121467;0,0174755689661634;0,00364687243121467;0,0174755689661634;100;1;0,9;TRUE;1;0,8;TRUE;TRUE;1;0;0
"hs_fdensity300_s_Log";"e3_bw";9,58594405990971e-05;1e-12;0,000225562353300383;0,000237148770944484;0,000237148770944484;0,000347637031880419;0,00407665072843717;-0,00738445025158367;0,00729205006105993;-0,00738445025158367;0,00729205006105993;100;1;0,9;TRUE;0,53;0,8;FALSE;FALSE;0,53;0,47;0
"hs_landuseshan300_s_None";"e3_bw";9,58594405990971e-05;1e-12;0,00460063214192643;0,00575337371365096;0,00575337371365096;0,00573237527353393;0,00398432558794808;-0,00078268264317426;0,0127333533209328;-0,00078268264317426;0,0127333533209328;100;1;0,9;TRUE;0,93;0,8;TRUE;TRUE;0,93;0,07;0
"hs_popdens_s_Sqrt";"e3_bw";9,58594405990971e-05;1e-12;-0,00236082737891295;-0,00239730538717312;-0,00239730538717312;-0,00249805490892625;0,00373981861735471;-0,0083294715392334;0,0040791086514781;-0,0083294715392334;0,0040791086514781;100;1;0,9;TRUE;0,71;0,8;FALSE;FALSE;0,29;0,71;0
"h_Absorbance_Log";"e3_bw";9,58594405990971e-05;1e-12;0,00400618796743441;0,00253880359961902;0,00253880359961902;0,00272454267641648;0,00374175882336933;-0,0060445316467354;0,00858428837851755;-0,0060445316467354;0,00858428837851755;100;1;0,9;TRUE;0,79;0,8;FALSE;FALSE;0,79;0,21;0
"h_Benzene_Log";"e3_bw";9,58594405990971e-05;1e-12;0,00144570175735976;0,00279155694648276;0,00279155694648276;0,00316967475459742;0,00424762118131011;-0,00582538666227501;0,00974149160197586;-0,00582538666227501;0,00974149160197586;100;1;0,9;TRUE;0,73;0,8;FALSE;FALSE;0,73;0,27;0
"h_NO2_Log";"e3_bw";9,58594405990971e-05;1e-12;-0,00109785936045284;-0,000609196076817445;-0,000609196076817445;-0,000794041322700338;0,00339437113306077;-0,00614522338634392;0,00553424705306868;-0,00614522338634392;0,00553424705306868;100;1;0,9;TRUE;0,57;0,8;FALSE;FALSE;0,43;0,57;0
"h_PM_Log";"e3_bw";9,58594405990971e-05;1e-12;-0,00017949164768896;0,00109696499183908;0,00109696499183908;0,00119600559767601;0,00409445740287853;-0,0078822596086982;0,00858049585090417;-0,0078822596086982;0,00858049585090417;100;1;0,9;TRUE;0,35;0,8;FALSE;FALSE;0,65;0,35;0
"h_TEX_Log";"e3_bw";9,58594405990971e-05;1e-12;0,000312774244669565;0,000658699048494451;0,000658699048494451;0,000429933926660529;0,00330005385250721;-0,0051160366004106;0,00706257545212486;-0,0051160366004106;0,00706257545212486;100;1;0,9;TRUE;0,53;0,8;FALSE;FALSE;0,53;0,47;0
"hs_KIDMED_None";"e3_bw";9,58594405990971e-05;1e-12;-0,00173103928522725;-0,00314318843365843;-0,00314318843365843;-0,00302923164106286;0,00406548691180777;-0,0099215183419054;0,00494928856124729;-0,0099215183419054;0,00494928856124729;100;1;0,9;TRUE;0,81;0,8;TRUE;TRUE;0,19;0,81;0
"hs_mvpa_prd_alt_None";"e3_bw";9,58594405990971e-05;1e-12;-0,0239261946261062;-0,0239841012586948;-0,0239841012586948;-0,023350697407021;0,00345378850808878;-0,03051583088458;-0,0181125018374641;-0,03051583088458;-0,0181125018374641;100;1;0,9;TRUE;1;0,8;TRUE;TRUE;0;1;0
"hs_sd_wk_None";"e3_bw";9,58594405990971e-05;1e-12;-0,00528622767297473;-0,00441862673552589;-0,00441862673552589;-0,00389313385430862;0,00374522254981937;-0,0124189569885915;0,00138882188163657;-0,0124189569885915;0,00138882188163657;100;1;0,9;TRUE;0,9;0,8;TRUE;TRUE;0,1;0,9;0
"hs_dif_hours_total_None";"e3_bw";9,58594405990971e-05;1e-12;-0,00221106749859425;-0,00331813295716088;-0,00331813295716088;-0,00307922916826223;0,00325062557195415;-0,00977804626792457;0,00238880379173143;-0,00977804626792457;0,00238880379173143;100;1;0,9;TRUE;0,81;0,8;TRUE;TRUE;0,19;0,81;0
"hs_as_c_Log2";"e3_bw";9,58594405990971e-05;1e-12;0,0019317953673972;0,000572162183052963;0,000572162183052963;0,000471841392454665;0,00315426966535204;-0,00700501858916112;0,00561847440670619;-0,00700501858916112;0,00561847440670619;100;1;0,9;TRUE;0,59;0,8;FALSE;FALSE;0,59;0,41;0
"hs_cd_c_Log2";"e3_bw";9,58594405990971e-05;1e-12;-0,00345379047015764;-0,00237269904473987;-0,00237269904473987;-0,00247723609096357;0,00298785202642947;-0,00723802572445252;0,00465612920330045;-0,00723802572445252;0,00465612920330045;100;1;0,9;TRUE;0,82;0,8;TRUE;TRUE;0,18;0,82;0
"hs_co_c_Log2";"e3_bw";9,58594405990971e-05;1e-12;0,00303621650846655;0,00211435351920621;0,00211435351920621;0,00211856807293329;0,00290279107885761;-0,00350132632443735;0,00660727157627022;-0,00350132632443735;0,00660727157627022;100;1;0,9;TRUE;0,75;0,8;FALSE;FALSE;0,75;0,25;0
"hs_cs_c_Log2";"e3_bw";9,58594405990971e-05;1e-12;0,0110461997468223;0,0111162524000319;0,0111162524000319;0,0109672158249668;0,00344963611503223;0,00509740658131956;0,0176632779507432;0,00509740658131956;0,0176632779507432;100;1;0,9;TRUE;1;0,8;TRUE;TRUE;1;0;0
"hs_cu_c_Log2";"e3_bw";9,58594405990971e-05;1e-12;5,38222047453518e-05;-0,000170297345817422;-0,000170297345817422;0,000221579997334756;0,00299208396971361;-0,00712204453675042;0,00458812466334633;-0,00712204453675042;0,00458812466334633;100;1;0,9;TRUE;0,54;0,8;FALSE;FALSE;0,54;0,46;0
"hs_hg_c_Log2";"e3_bw";9,58594405990971e-05;1e-12;-0,0024875366598006;-0,00158739737830269;-0,00158739737830269;-0,00147469017479821;0,00311135076039143;-0,00768309014060603;0,00393262897654422;-0,00768309014060603;0,00393262897654422;100;1;0,9;TRUE;0,64;0,8;FALSE;FALSE;0,36;0,64;0
"hs_mn_c_Log2";"e3_bw";9,58594405990971e-05;1e-12;-0,00149220612613937;-0,00103307610007868;-0,00103307610007868;-0,00093303173687966;0,00289100646515145;-0,00663917605062164;0,00353876213930553;-0,00663917605062164;0,00353876213930553;100;1;0,9;TRUE;0,62;0,8;FALSE;FALSE;0,38;0,62;0
"hs_mo_c_Log2";"e3_bw";9,58594405990971e-05;1e-12;-0,00526191517933256;-0,00564427123874273;-0,00564427123874273;-0,00567980211869453;0,00309124847842226;-0,0125236551362404;-8,48485882642202e-05;-0,0125236551362404;-8,48485882642202e-05;100;1;0,9;TRUE;0,97;0,8;TRUE;TRUE;0,03;0,97;0
"hs_pb_c_Log2";"e3_bw";9,58594405990971e-05;1e-12;0,00317772626663103;0,00335223701366126;0,00335223701366126;0,00342342773049769;0,00295139753746615;-0,00132187554005846;0,00988162646367041;-0,00132187554005846;0,00988162646367041;100;1;0,9;TRUE;0,92;0,8;TRUE;TRUE;0,92;0,08;0
"hs_hum_mt_hs_h_None";"e3_bw";9,58594405990971e-05;1e-12;0,000580511096013597;0,000680913933576195;0,000680913933576195;0,000717834608610298;0,00486831801398162;-0,0087926873392875;0,00957940546460816;-0,0087926873392875;0,00957940546460816;100;1;0,9;TRUE;0,55;0,8;FALSE;FALSE;0,55;0,45;0
"hs_tm_mt_hs_h_None";"e3_bw";9,58594405990971e-05;1e-12;-0,00626446880675357;-0,00794067188594956;-0,00794067188594956;-0,00769987825406718;0,00520494638845619;-0,0192302783557454;0,000901544800225803;-0,0192302783557454;0,000901544800225803;100;1;0,9;TRUE;0,95;0,8;TRUE;TRUE;0,05;0,95;0
"hs_uvdvf_mt_hs_h_None";"e3_bw";9,58594405990971e-05;1e-12;-0,000826844996377546;-0,00174176363636931;-0,00174176363636931;-0,00169062072097252;0,00453598738637763;-0,0095725545104049;0,00619287633547157;-0,0095725545104049;0,00619287633547157;100;1;0,9;TRUE;0,66;0,8;FALSE;FALSE;0,34;0,66;0
"hs_hum_dy_hs_h_None";"e3_bw";9,58594405990971e-05;1e-12;-0,00154120698432147;-0,00237521688917193;-0,00237521688917193;-0,00215409853696966;0,00313410478804419;-0,00958830889241325;0,00384734532680804;-0,00958830889241325;0,00384734532680804;100;1;0,9;TRUE;0,8;0,8;TRUE;TRUE;0,2;0,8;0
"hs_hum_wk_hs_h_None";"e3_bw";9,58594405990971e-05;1e-12;0,000511907183508609;0,000659308363435965;0,000659308363435965;0,000978624125403056;0,00422477257200238;-0,00857548668181833;0,00773619413765886;-0,00857548668181833;0,00773619413765886;100;1;0,9;TRUE;0,59;0,8;FALSE;FALSE;0,59;0,41;0
"hs_tm_dy_hs_h_None";"e3_bw";9,58594405990971e-05;1e-12;-0,00320348035909637;-0,00312985290187303;-0,00312985290187303;-0,00296560337831064;0,00417359025845;-0,0113464117434015;0,00491818738753859;-0,0113464117434015;0,00491818738753859;100;1;0,9;TRUE;0,8;0,8;TRUE;TRUE;0,2;0,8;0
"hs_tm_wk_hs_h_None";"e3_bw";9,58594405990971e-05;1e-12;0,00328913663137606;0,0032669557828218;0,0032669557828218;0,00302232220294149;0,00413165176334439;-0,00418965312557744;0,0114663098982055;-0,00418965312557744;0,0114663098982055;100;1;0,9;TRUE;0,76;0,8;FALSE;FALSE;0,76;0,24;0
"hs_uvdvf_dy_hs_h_None";"e3_bw";9,58594405990971e-05;1e-12;0,00397147338510535;0,00508852760998033;0,00508852760998033;0,0051447993309224;0,00456804213781725;-0,00555753063443872;0,0141397849638689;-0,00555753063443872;0,0141397849638689;100;1;0,9;TRUE;0,87;0,8;TRUE;TRUE;0,87;0,13;0
"hs_uvdvf_wk_hs_h_None";"e3_bw";9,58594405990971e-05;1e-12;-0,00523899123198461;-0,00358653637894987;-0,00358653637894987;-0,00384354206664696;0,00524554010480519;-0,0144404256756393;0,0053821434947106;-0,0144404256756393;0,0053821434947106;100;1;0,9;TRUE;0,76;0,8;FALSE;FALSE;0,24;0,76;0
"hs_ndvi100_h_None";"e3_bw";9,58594405990971e-05;1e-12;-0,0104642253143149;-0,0106094349778227;-0,0106094349778227;-0,0110693018539475;0,0048127413081589;-0,0195963191281656;-0,00147429620418201;-0,0195963191281656;-0,00147429620418201;100;1;0,9;TRUE;1;0,8;TRUE;TRUE;0;1;0
"hs_ndvi100_s_None";"e3_bw";9,58594405990971e-05;1e-12;-0,00233078812423921;-0,000605569336722768;-0,000605569336722768;-0,000907764366525068;0,00467387271306897;-0,00993109627723208;0,00815860913039322;-0,00993109627723208;0,00815860913039322;100;1;0,9;TRUE;0,56;0,8;FALSE;FALSE;0,44;0,56;0
"hs_dde_cadj_Log2";"e3_bw";9,58594405990971e-05;1e-12;-0,0125047559242815;-0,0114292447867476;-0,0114292447867476;-0,0111062789980444;0,00366429578939513;-0,0184772417068276;-0,0048501461114599;-0,0184772417068276;-0,0048501461114599;100;1;0,9;TRUE;1;0,8;TRUE;TRUE;0;1;0
"hs_ddt_cadj_Log2";"e3_bw";9,58594405990971e-05;1e-12;-0,000696140615513251;-0,00112096955720621;-0,00112096955720621;-0,000654273329684755;0,00326893661340143;-0,00778914219804286;0,00437991057103947;-0,00778914219804286;0,00437991057103947;100;1;0,9;TRUE;0,62;0,8;FALSE;FALSE;0,38;0,62;0
"hs_hcb_cadj_Log2";"e3_bw";9,58594405990971e-05;1e-12;-0,0136776070530114;-0,0182676239236836;-0,0182676239236836;-0,0154329211086949;0,00963521453650057;-0,0387462529002958;-0,00621316816147269;-0,0387462529002958;-0,00621316816147269;100;1;0,9;TRUE;1;0,8;TRUE;TRUE;0;1;0
"hs_pcb118_cadj_Log2";"e3_bw";9,58594405990971e-05;1e-12;0,00183817753922998;0,00382444297640394;0,00382444297640394;0,0032812872582702;0,00469991549435198;-0,00517621733036035;0,0137500581760332;-0,00517621733036035;0,0137500581760332;100;1;0,9;TRUE;0,82;0,8;TRUE;TRUE;0,82;0,18;0
"hs_pcb138_cadj_Log2";"e3_bw";9,58594405990971e-05;1e-12;0,0075661493256767;0,00716780785752879;0,00716780785752879;0,00801444083105941;0,00510672451252073;-0,00478065909540616;0,0144340804881845;-0,00478065909540616;0,0144340804881845;100;1;0,9;TRUE;0,9;0,8;TRUE;TRUE;0,9;0,1;0
"hs_pcb153_cadj_Log2";"e3_bw";9,58594405990971e-05;1e-12;-0,00175630373792883;-0,000628227818192168;-0,000628227818192168;-0,00118870032569337;0,00440329397871004;-0,00855011647199716;0,0085576336945448;-0,00855011647199716;0,0085576336945448;100;1;0,9;TRUE;0,58;0,8;FALSE;FALSE;0,42;0,58;0
"hs_pcb170_cadj_Log2";"e3_bw";9,58594405990971e-05;1e-12;-0,000433897808649082;-0,00107355088517332;-0,00107355088517332;-0,00120362310203291;0,00418872808724123;-0,00879358380971756;0,00744996648390287;-0,00879358380971756;0,00744996648390287;100;1;0,9;TRUE;0,61;0,8;FALSE;FALSE;0,39;0,61;0
"hs_pcb180_cadj_Log2";"e3_bw";9,58594405990971e-05;1e-12;0,00249905581353858;0,00162899158040843;0,00162899158040843;0,00161075538558542;0,00505134908392495;-0,0103964552062415;0,00990683485259376;-0,0103964552062415;0,00990683485259376;100;1;0,9;TRUE;0,64;0,8;FALSE;FALSE;0,64;0,36;0
"hs_sumPCBs5_cadj_Log2";"e3_bw";9,58594405990971e-05;1e-12;-0,00718666933100993;-0,00678764091316577;-0,00678764091316577;-0,0073397769367612;0,0044259941381507;-0,01375103322872;0,00274496621552002;-0,01375103322872;0,00274496621552002;100;1;0,9;TRUE;0,94;0,8;TRUE;TRUE;0,06;0,94;0
"hs_pfhxs_c_Log2";"e3_bw";9,58594405990971e-05;1e-12;0,019357370224386;0,0191091128006758;0,0191091128006758;0,0193770767265544;0,00401587501534812;0,0119511431826502;0,0264843387120457;0,0119511431826502;0,0264843387120457;100;1;0,9;TRUE;1;0,8;TRUE;TRUE;1;0;0
"hs_pfna_c_Log2";"e3_bw";9,58594405990971e-05;1e-12;-0,00211123556977164;-0,00144925760912563;-0,00144925760912563;-0,00114853965287521;0,00318006151346094;-0,0072953297320335;0,00526386307244856;-0,0072953297320335;0,00526386307244856;100;1;0,9;TRUE;0,72;0,8;FALSE;FALSE;0,28;0,72;0
"hs_pfoa_c_Log2";"e3_bw";9,58594405990971e-05;1e-12;-0,00464489516334692;-0,00569020662408735;-0,00569020662408735;-0,00559475869985704;0,00342485059590664;-0,0119035652800421;0,000961128830226169;-0,0119035652800421;0,000961128830226169;100;1;0,9;TRUE;0,95;0,8;TRUE;TRUE;0,05;0,95;0
"hs_pfos_c_Log2";"e3_bw";9,58594405990971e-05;1e-12;0,00599296367224951;0,00455770100891994;0,00455770100891994;0,00415520594646231;0,00486822390299625;-0,0038597832409354;0,0146290802604018;-0,0038597832409354;0,0146290802604018;100;1;0,9;TRUE;0,83;0,8;TRUE;TRUE;0,83;0,17;0
"hs_pfunda_c_Log2";"e3_bw";9,58594405990971e-05;1e-12;0,0019453701283179;0,00176355530467279;0,00176355530467279;0,00162265887376846;0,00303341902692209;-0,00414979561910689;0,00799357185254152;-0,00414979561910689;0,00799357185254152;100;1;0,9;TRUE;0,76;0,8;FALSE;FALSE;0,76;0,24;0
"hs_hm_pers_None";"e3_bw";9,58594405990971e-05;1e-12;-0,00430561245589483;-0,00277403727099193;-0,00277403727099193;-0,00317137968286121;0,00320424414971072;-0,00834595497346363;0,0037112780609944;-0,00834595497346363;0,0037112780609944;100;1;0,9;TRUE;0,83;0,8;TRUE;TRUE;0,17;0,83;0
"hs_trafload_h_pow1over3";"e3_bw";9,58594405990971e-05;1e-12;0,000789388651443014;0,000414448518014745;0,000414448518014745;0,000655438781274868;0,00296903664091623;-0,00480295296017725;0,00686831327075235;-0,00480295296017725;0,00686831327075235;100;1;0,9;TRUE;0,57;0,8;FALSE;FALSE;0,57;0,43;0
"hs_trafnear_h_pow1over3";"e3_bw";9,58594405990971e-05;1e-12;-0,00479235720247871;-0,00393668658173658;-0,00393668658173658;-0,00363676797061146;0,00423285260459139;-0,0126306078102943;0,00379933462912621;-0,0126306078102943;0,00379933462912621;100;1;0,9;TRUE;0,87;0,8;TRUE;TRUE;0,13;0,87;0
"FAS_cat_None_Low";"e3_bw";9,58594405990971e-05;1e-12;0,00426446367996259;0,00329652089974234;0,00329652089974234;0,0043772272368801;0,0151425723150941;-0,0262059378776295;0,0339075212644655;-0,0262059378776295;0,0339075212644655;100;1;0,9;TRUE;0,62;0,8;FALSE;FALSE;0,62;0,38;0
"FAS_cat_None_Middle";"e3_bw";9,58594405990971e-05;1e-12;0,0159574440010324;0,014145057810757;0,014145057810757;0,0152001695203838;0,00605553762129617;0,00189911698015552;0,0232159403283305;0,00189911698015552;0,0232159403283305;100;1;0,9;TRUE;0,99;0,8;TRUE;TRUE;0,99;0,01;0
"hs_globalexp2_None_no exposure";"e3_bw";9,58594405990971e-05;1e-12;0,0232187209128268;0,0226545525631358;0,0226545525631358;0,0234698696867519;0,00609165982234717;0,0104421440860737;0,0330745637830628;0,0104421440860737;0,0330745637830628;100;1;0,9;TRUE;1;0,8;TRUE;TRUE;1;0;0
"hs_no2_dy_hs_h_Log";"hs_asthma";9,58594405990971e-05;1e-12;0,0352691766971805;0,0390877789095031;0,0390877789095031;0,0348267136654902;0,0679982561834457;-0,0875349695789458;0,183542103197386;-0,0875349695789458;0,183542103197386;100;1;0,9;TRUE;0,69;0,8;FALSE;FALSE;0,69;0,31;0
"hs_no2_wk_hs_h_Log";"hs_asthma";9,58594405990971e-05;1e-12;0,176368325839701;0,171020266897105;0,171020266897105;0,171557210570393;0,0619889586977519;0,0612935353508479;0,275406478620477;0,0612935353508479;0,275406478620477;100;1;0,9;TRUE;0,99;0,8;TRUE;TRUE;0,99;0,01;0
"hs_no2_yr_hs_h_Log";"hs_asthma";9,58594405990971e-05;1e-12;0,0614655983415276;0,0643528898964365;0,0643528898964365;0,068234794886796;0,0459370346612727;-0,0324922323057803;0,141328374030526;-0,0324922323057803;0,141328374030526;100;1;0,9;TRUE;0,91;0,8;TRUE;TRUE;0,91;0,09;0
"hs_pm10_dy_hs_h_None";"hs_asthma";9,58594405990971e-05;1e-12;-0,060000028356428;-0,0653439424077573;-0,0653439424077573;-0,0636264030726162;0,0684380013813167;-0,191974648373369;0,0680781924877264;-0,191974648373369;0,0680781924877264;100;1;0,9;TRUE;0,84;0,8;TRUE;TRUE;0,16;0,84;0
"hs_pm10_wk_hs_h_None";"hs_asthma";9,58594405990971e-05;1e-12;-0,0801673940718892;-0,081244544209707;-0,081244544209707;-0,076164153193413;0,0588415028913051;-0,187183106508158;0,0133503989067207;-0,187183106508158;0,0133503989067207;100;1;0,9;TRUE;0,94;0,8;TRUE;TRUE;0,06;0,94;0
"hs_pm10_yr_hs_h_None";"hs_asthma";9,58594405990971e-05;1e-12;-0,0576101287838243;-0,0549157318730266;-0,0549157318730266;-0,0540937606806201;0,0494256758695435;-0,157446705755984;0,0455213931906219;-0,157446705755984;0,0455213931906219;100;1;0,9;TRUE;0,87;0,8;TRUE;TRUE;0,13;0,87;0
"hs_pm25_dy_hs_h_None";"hs_asthma";9,58594405990971e-05;1e-12;-0,0693708528413575;-0,0722944973424726;-0,0722944973424726;-0,0722457750737892;0,0738554581482655;-0,215111693049773;0,0787139820171042;-0,215111693049773;0,0787139820171042;100;1;0,9;TRUE;0,86;0,8;TRUE;TRUE;0,14;0,86;0
"hs_pm25_wk_hs_h_None";"hs_asthma";9,58594405990971e-05;1e-12;-0,0116580733311777;-0,00933832457623241;-0,00933832457623241;-0,018163038934416;0,0594214184823218;-0,106012961878912;0,120570554074474;-0,106012961878912;0,120570554074474;100;1;0,9;TRUE;0,62;0,8;FALSE;FALSE;0,38;0,62;0
"hs_pm25_yr_hs_h_None";"hs_asthma";9,58594405990971e-05;1e-12;-0,0256610769672817;-0,0246555720013855;-0,0246555720013855;-0,0302583312914272;0,0517487078031592;-0,130036208349288;0,0884016461439789;-0,130036208349288;0,0884016461439789;100;1;0,9;TRUE;0,72;0,8;FALSE;FALSE;0,28;0,72;0
"hs_pm25abs_dy_hs_h_Log";"hs_asthma";9,58594405990971e-05;1e-12;0,0860863776733168;0,0879378551567709;0,0879378551567709;0,0855482478362899;0,087516905541582;-0,0810367305675117;0,235403405770833;-0,0810367305675117;0,235403405770833;100;1;0,9;TRUE;0,83;0,8;TRUE;TRUE;0,83;0,17;0
"hs_pm25abs_wk_hs_h_Log";"hs_asthma";9,58594405990971e-05;1e-12;-0,126034293483979;-0,124524014052918;-0,124524014052918;-0,133694919949151;0,0701044956675725;-0,239890204080398;0,016087444411909;-0,239890204080398;0,016087444411909;100;1;0,9;TRUE;0,95;0,8;TRUE;TRUE;0,05;0,95;0
"hs_pm25abs_yr_hs_h_Log";"hs_asthma";9,58594405990971e-05;1e-12;-0,141568163285885;-0,134216105147479;-0,134216105147479;-0,139846713493219;0,0672711808224268;-0,253775652362191;-0,00409336144543592;-0,253775652362191;-0,00409336144543592;100;1;0,9;TRUE;0,98;0,8;TRUE;TRUE;0,02;0,98;0
"hs_accesslines300_h_dic0";"hs_asthma";9,58594405990971e-05;1e-12;0,0090512136214773;0,0142041166415943;0,0142041166415943;0,0136921900903698;0,162662006537062;-0,274565667133518;0,320895063956314;-0,274565667133518;0,320895063956314;100;1;0,9;TRUE;0,52;0,8;FALSE;FALSE;0,52;0,48;0
"hs_accesspoints300_h_Log";"hs_asthma";9,58594405990971e-05;1e-12;-0,278966997868508;-0,275903140937484;-0,275903140937484;-0,27847690826316;0,0745329216793316;-0,414102919577748;-0,114454306228604;-0,414102919577748;-0,114454306228604;100;1;0,9;TRUE;1;0,8;TRUE;TRUE;0;1;0
"hs_builtdens300_h_Sqrt";"hs_asthma";9,58594405990971e-05;1e-12;-0,0558350882895284;-0,0550977554524288;-0,0550977554524288;-0,0596915026891484;0,0713541557392939;-0,1703961792503;0,0840729924556967;-0,1703961792503;0,0840729924556967;100;1;0,9;TRUE;0,78;0,8;FALSE;FALSE;0,22;0,78;0
"hs_connind300_h_Log";"hs_asthma";9,58594405990971e-05;1e-12;0,0232878917729025;0,0249766780889788;0,0249766780889788;0,018251792645968;0,0710346733945455;-0,114254990074011;0,159446489909629;-0,114254990074011;0,159446489909629;100;1;0,9;TRUE;0,63;0,8;FALSE;FALSE;0,63;0,37;0
"hs_fdensity300_h_Log";"hs_asthma";9,58594405990971e-05;1e-12;0,0280337791233111;0,0298672957318814;0,0298672957318814;0,0345069291003409;0,0773983199666337;-0,139441496154675;0,168002164150952;-0,139441496154675;0,168002164150952;100;1;0,9;TRUE;0,69;0,8;FALSE;FALSE;0,69;0,31;0
"hs_landuseshan300_h_None";"hs_asthma";9,58594405990971e-05;1e-12;0,0602199757824868;0,065434000711802;0,065434000711802;0,0703798286367368;0,0907888106699748;-0,0898057940403529;0,257417631294692;-0,0898057940403529;0,257417631294692;100;1;0,9;TRUE;0,77;0,8;FALSE;FALSE;0,77;0,23;0
"hs_popdens_h_Sqrt";"hs_asthma";9,58594405990971e-05;1e-12;0,0366436966332364;0,038851172917331;0,038851172917331;0,0422536317582225;0,0639070745089108;-0,0807986190005296;0,17015433419793;-0,0807986190005296;0,17015433419793;100;1;0,9;TRUE;0,72;0,8;FALSE;FALSE;0,72;0,28;0
"hs_walkability_mean_h_None";"hs_asthma";9,58594405990971e-05;1e-12;0,134588253095909;0,13122510904243;0,13122510904243;0,141477098903574;0,0887812267093083;-0,0492610092471692;0,300087175153347;-0,0492610092471692;0,300087175153347;100;1;0,9;TRUE;0,9;0,8;TRUE;TRUE;0,9;0,1;0
"hs_accesslines300_s_dic0";"hs_asthma";9,58594405990971e-05;1e-12;-0,241882519840045;-0,236138633009814;-0,236138633009814;-0,245987601310015;0,166186182144875;-0,491820825586684;0,105606938182209;-0,491820825586684;0,105606938182209;100;1;0,9;TRUE;0,91;0,8;TRUE;TRUE;0,09;0,91;0
"hs_accesspoints300_s_Log";"hs_asthma";9,58594405990971e-05;1e-12;-0,0203909232921956;-0,0214996082817457;-0,0214996082817457;-0,0188654361981531;0,0723475115791273;-0,165375486870942;0,102144004516682;-0,165375486870942;0,102144004516682;100;1;0,9;TRUE;0,6;0,8;FALSE;FALSE;0,4;0,6;0
"hs_builtdens300_s_Sqrt";"hs_asthma";9,58594405990971e-05;1e-12;-0,0749084009388247;-0,074333242352105;-0,074333242352105;-0,0766063057547797;0,0692458033978656;-0,211436152764005;0,06590286989804;-0,211436152764005;0,06590286989804;100;1;0,9;TRUE;0,85;0,8;TRUE;TRUE;0,15;0,85;0
"hs_connind300_s_Log";"hs_asthma";9,58594405990971e-05;1e-12;0,0487280695783027;0,051013979351469;0,051013979351469;0,0525686665200527;0,0751927078920574;-0,100592223152397;0,196619904954849;-0,100592223152397;0,196619904954849;100;1;0,9;TRUE;0,76;0,8;FALSE;FALSE;0,76;0,24;0
"hs_fdensity300_s_Log";"hs_asthma";9,58594405990971e-05;1e-12;-0,0452915340778637;-0,0484678745226658;-0,0484678745226658;-0,0410760190176484;0,0626612417130993;-0,165203273508481;0,0840017948022069;-0,165203273508481;0,0840017948022069;100;1;0,9;TRUE;0,8;0,8;TRUE;TRUE;0,2;0,8;0
"hs_landuseshan300_s_None";"hs_asthma";9,58594405990971e-05;1e-12;-0,101014590236078;-0,104171759734958;-0,104171759734958;-0,105423344369809;0,0847242571460401;-0,256811572547763;0,0774980445945983;-0,256811572547763;0,0774980445945983;100;1;0,9;TRUE;0,9;0,8;TRUE;TRUE;0,1;0,9;0
"hs_popdens_s_Sqrt";"hs_asthma";9,58594405990971e-05;1e-12;-0,00860040110683427;-0,00264388034249762;-0,00264388034249762;0,00247173447264366;0,0779227588554746;-0,158686543103028;0,140494045171129;-0,158686543103028;0,140494045171129;100;1;0,9;TRUE;0,49;0,8;FALSE;FALSE;0,51;0,49;0
"h_Absorbance_Log";"hs_asthma";9,58594405990971e-05;1e-12;0,0869641205904952;0,0839877060420044;0,0839877060420044;0,0899521456575264;0,0667359523481516;-0,0545194151487457;0,197176471297845;-0,0545194151487457;0,197176471297845;100;1;0,9;TRUE;0,92;0,8;TRUE;TRUE;0,92;0,08;0
"h_Benzene_Log";"hs_asthma";9,58594405990971e-05;1e-12;0,0985482563239018;0,0979381161226705;0,0979381161226705;0,105175210088599;0,0680626360991187;-0,0308770437620524;0,235396569451803;-0,0308770437620524;0,235396569451803;100;1;0,9;TRUE;0,91;0,8;TRUE;TRUE;0,91;0,09;0
"h_NO2_Log";"hs_asthma";9,58594405990971e-05;1e-12;-0,0389303764162897;-0,0387309107631722;-0,0387309107631722;-0,0507590926393156;0,0770371873365459;-0,182694475863464;0,0981986806890189;-0,182694475863464;0,0981986806890189;100;1;0,9;TRUE;0,66;0,8;FALSE;FALSE;0,34;0,66;0
"h_PM_Log";"hs_asthma";9,58594405990971e-05;1e-12;0,0553509879647836;0,0555570970279593;0,0555570970279593;0,0552880539865368;0,071951629252557;-0,0864599302727857;0,197293043409282;-0,0864599302727857;0,197293043409282;100;1;0,9;TRUE;0,8;0,8;TRUE;TRUE;0,8;0,2;0
"h_TEX_Log";"hs_asthma";9,58594405990971e-05;1e-12;-0,0525815009133291;-0,048035818361923;-0,048035818361923;-0,0506101006516903;0,0786010225649119;-0,177557639826895;0,102607918646346;-0,177557639826895;0,102607918646346;100;1;0,9;TRUE;0,71;0,8;FALSE;FALSE;0,29;0,71;0
"hs_KIDMED_None";"hs_asthma";9,58594405990971e-05;1e-12;-0,137318454951531;-0,140032186218607;-0,140032186218607;-0,140779092905125;0,0739322101911081;-0,288996650217539;-0,00810740696334098;-0,288996650217539;-0,00810740696334098;100;1;0,9;TRUE;0,98;0,8;TRUE;TRUE;0,02;0,98;0
"hs_mvpa_prd_alt_None";"hs_asthma";9,58594405990971e-05;1e-12;0,165228237847601;0,169279865363371;0,169279865363371;0,167939596346845;0,0756010140967847;0,0426387729100822;0,316548233897749;0,0426387729100822;0,316548233897749;100;1;0,9;TRUE;1;0,8;TRUE;TRUE;1;0;0
"hs_sd_wk_None";"hs_asthma";9,58594405990971e-05;1e-12;-0,0519257050200445;-0,0505338745526111;-0,0505338745526111;-0,0545168948237967;0,066911171869514;-0,171238000549697;0,0761036479952419;-0,171238000549697;0,0761036479952419;100;1;0,9;TRUE;0,78;0,8;FALSE;FALSE;0,22;0,78;0
"hs_dif_hours_total_None";"hs_asthma";9,58594405990971e-05;1e-12;-0,137507531762849;-0,142284355475954;-0,142284355475954;-0,147027840237592;0,0798030344840828;-0,280098850432035;0,0103598983223129;-0,280098850432035;0,0103598983223129;100;1;0,9;TRUE;0,94;0,8;TRUE;TRUE;0,06;0,94;0
"hs_as_c_Log2";"hs_asthma";9,58594405990971e-05;1e-12;-0,0207047522365791;-0,0125470404991012;-0,0125470404991012;-0,0144260412974694;0,0631139111277482;-0,136506646542543;0,136130904533669;-0,136506646542543;0,136130904533669;100;1;0,9;TRUE;0,56;0,8;FALSE;FALSE;0,44;0,56;0
"hs_cd_c_Log2";"hs_asthma";9,58594405990971e-05;1e-12;0,0535417776855346;0,0521111326903035;0,0521111326903035;0,0491426766288283;0,0678845603175215;-0,0719424817225163;0,192016585260527;-0,0719424817225163;0,192016585260527;100;1;0,9;TRUE;0,79;0,8;FALSE;FALSE;0,79;0,21;0
"hs_co_c_Log2";"hs_asthma";9,58594405990971e-05;1e-12;-0,131162810656593;-0,130484206559248;-0,130484206559248;-0,13015715385711;0,0792981010206857;-0,28821770398539;0,0204292974369586;-0,28821770398539;0,0204292974369586;100;1;0,9;TRUE;0,94;0,8;TRUE;TRUE;0,06;0,94;0
"hs_cs_c_Log2";"hs_asthma";9,58594405990971e-05;1e-12;-0,0472703421182881;-0,049602550350811;-0,049602550350811;-0,0523409563701879;0,0800046512423703;-0,20393417777433;0,114230282545996;-0,20393417777433;0,114230282545996;100;1;0,9;TRUE;0,78;0,8;FALSE;FALSE;0,22;0,78;0
"hs_cu_c_Log2";"hs_asthma";9,58594405990971e-05;1e-12;-0,0579236564744432;-0,0595120418956719;-0,0595120418956719;-0,0596146423115568;0,0831426477480906;-0,214762818494832;0,0789035165786333;-0,214762818494832;0,0789035165786333;100;1;0,9;TRUE;0,74;0,8;FALSE;FALSE;0,26;0,74;0
"hs_hg_c_Log2";"hs_asthma";9,58594405990971e-05;1e-12;0,00738601781971037;0,00668586495947769;0,00668586495947769;0,00106090172023846;0,062869931789483;-0,119800634098251;0,128146602791744;-0,119800634098251;0,128146602791744;100;1;0,9;TRUE;0,51;0,8;FALSE;FALSE;0,51;0,49;0
"hs_mn_c_Log2";"hs_asthma";9,58594405990971e-05;1e-12;0,0899440019507423;0,0855417845923331;0,0855417845923331;0,0839494984171662;0,0773644410139806;-0,0488565548117873;0,227450358098359;-0,0488565548117873;0,227450358098359;100;1;0,9;TRUE;0,85;0,8;TRUE;TRUE;0,85;0,15;0
"hs_mo_c_Log2";"hs_asthma";9,58594405990971e-05;1e-12;0,0949908182447939;0,0977386763208485;0,0977386763208485;0,0996197602120509;0,0776361616048272;-0,0385852634230298;0,255384954677471;-0,0385852634230298;0,255384954677471;100;1;0,9;TRUE;0,88;0,8;TRUE;TRUE;0,88;0,12;0
"hs_pb_c_Log2";"hs_asthma";9,58594405990971e-05;1e-12;-0,0927185090363937;-0,0922580107529668;-0,0922580107529668;-0,0897309287528792;0,069633957155537;-0,235318020020462;0,0513608318558259;-0,235318020020462;0,0513608318558259;100;1;0,9;TRUE;0,93;0,8;TRUE;TRUE;0,07;0,93;0
"hs_hum_mt_hs_h_None";"hs_asthma";9,58594405990971e-05;1e-12;-0,136430617949782;-0,1276254278196;-0,1276254278196;-0,123088993596658;0,0838838837943174;-0,293000398826774;0,0287080268888757;-0,293000398826774;0,0287080268888757;100;1;0,9;TRUE;0,94;0,8;TRUE;TRUE;0,06;0,94;0
"hs_tm_mt_hs_h_None";"hs_asthma";9,58594405990971e-05;1e-12;-0,0156104059566165;-0,0133311444793412;-0,0133311444793412;-0,0178772893105346;0,0587976072334792;-0,112405238555896;0,096556882862167;-0,112405238555896;0,096556882862167;100;1;0,9;TRUE;0,64;0,8;FALSE;FALSE;0,36;0,64;0
"hs_uvdvf_mt_hs_h_None";"hs_asthma";9,58594405990971e-05;1e-12;-0,0079144276799146;-0,00671290661112022;-0,00671290661112022;-0,00193743615786445;0,0513615295412171;-0,111419449602593;0,0888242893224793;-0,111419449602593;0,0888242893224793;100;1;0,9;TRUE;0,51;0,8;FALSE;FALSE;0,49;0,51;0
"hs_hum_dy_hs_h_None";"hs_asthma";9,58594405990971e-05;1e-12;0,0638532435099685;0,0609313283729473;0,0609313283729473;0,0574356767603517;0,0752058329709199;-0,0676103291141192;0,219931638080817;-0,0676103291141192;0,219931638080817;100;1;0,9;TRUE;0,8;0,8;TRUE;TRUE;0,8;0,2;0
"hs_hum_wk_hs_h_None";"hs_asthma";9,58594405990971e-05;1e-12;0,137590142195755;0,138112066344471;0,138112066344471;0,135791592459173;0,0700972757492619;0,0214735742350721;0,265802828381242;0,0214735742350721;0,265802828381242;100;1;0,9;TRUE;0,98;0,8;TRUE;TRUE;0,98;0,02;0
"hs_tm_dy_hs_h_None";"hs_asthma";9,58594405990971e-05;1e-12;0,0624824733357411;0,0647923985996311;0,0647923985996311;0,073985972242365;0,0665714875451473;-0,0575860539398127;0,175366418645295;-0,0575860539398127;0,175366418645295;100;1;0,9;TRUE;0,79;0,8;FALSE;FALSE;0,79;0,21;0
"hs_tm_wk_hs_h_None";"hs_asthma";9,58594405990971e-05;1e-12;0,0640592122119954;0,0607330170105393;0,0607330170105393;0,0541391615202538;0,0524410083991485;-0,0395834224288386;0,157383761658052;-0,0395834224288386;0,157383761658052;100;1;0,9;TRUE;0,89;0,8;TRUE;TRUE;0,89;0,11;0
"hs_uvdvf_dy_hs_h_None";"hs_asthma";9,58594405990971e-05;1e-12;-0,0748873475303711;-0,072864923005307;-0,072864923005307;-0,0722884739669191;0,0594248576085058;-0,177162668822282;0,0317856122078423;-0,177162668822282;0,0317856122078423;100;1;0,9;TRUE;0,85;0,8;TRUE;TRUE;0,15;0,85;0
"hs_uvdvf_wk_hs_h_None";"hs_asthma";9,58594405990971e-05;1e-12;-0,00447907141949886;-0,00390693602704626;-0,00390693602704626;-0,00279025375929386;0,0631172015320347;-0,121162339498771;0,110429809399735;-0,121162339498771;0,110429809399735;100;1;0,9;TRUE;0,55;0,8;FALSE;FALSE;0,45;0,55;0
"hs_ndvi100_h_None";"hs_asthma";9,58594405990971e-05;1e-12;-0,127185770714791;-0,121819273915495;-0,121819273915495;-0,115782758644146;0,0765761127627335;-0,272771568558042;0,0124851738049003;-0,272771568558042;0,0124851738049003;100;1;0,9;TRUE;0,95;0,8;TRUE;TRUE;0,05;0,95;0
"hs_ndvi100_s_None";"hs_asthma";9,58594405990971e-05;1e-12;-0,00468842184687721;-0,00384449747720578;-0,00384449747720578;0,00474983874272077;0,0650851122127119;-0,138856877017499;0,110422719947474;-0,138856877017499;0,110422719947474;100;1;0,9;TRUE;0,47;0,8;FALSE;FALSE;0,53;0,47;0
"hs_dde_cadj_Log2";"hs_asthma";9,58594405990971e-05;1e-12;0,150444764854871;0,146671490120237;0,146671490120237;0,156770255021138;0,0982149262940354;-0,0583156386539591;0,314160135413009;-0,0583156386539591;0,314160135413009;100;1;0,9;TRUE;0,94;0,8;TRUE;TRUE;0,94;0,06;0
"hs_ddt_cadj_Log2";"hs_asthma";9,58594405990971e-05;1e-12;-0,0358626629900943;-0,0306508935787889;-0,0306508935787889;-0,0276138411763883;0,0701280854590487;-0,173838164909505;0,0936147930549519;-0,173838164909505;0,0936147930549519;100;1;0,9;TRUE;0,67;0,8;FALSE;FALSE;0,33;0,67;0
"hs_hcb_cadj_Log2";"hs_asthma";9,58594405990971e-05;1e-12;0,071307037792507;0,0712142807676178;0,0712142807676178;0,0682040526422509;0,0557726926464981;-0,0329294646814554;0,193118303440016;-0,0329294646814554;0,193118303440016;100;1;0,9;TRUE;0,93;0,8;TRUE;TRUE;0,93;0,07;0
"hs_pcb118_cadj_Log2";"hs_asthma";9,58594405990971e-05;1e-12;-0,0105622417149096;-0,00524310914215534;-0,00524310914215534;0,000809997751652411;0,0753270959058799;-0,167915762867478;0,137583516074017;-0,167915762867478;0,137583516074017;100;1;0,9;TRUE;0,5;0,8;FALSE;FALSE;0,5;0,5;0
"hs_pcb138_cadj_Log2";"hs_asthma";9,58594405990971e-05;1e-12;-0,0315712988528133;5,83470394824874e-05;5,83470394824874e-05;-0,0263855388448217;0,118054715688414;-0,18705073429769;0,201393903546538;-0,18705073429769;0,201393903546538;100;1;0,9;TRUE;0,61;0,8;FALSE;FALSE;0,39;0,61;0
"hs_pcb153_cadj_Log2";"hs_asthma";9,58594405990971e-05;1e-12;-0,0445674417927594;-0,0533582722533891;-0,0533582722533891;-0,0520458410638855;0,0677810659102429;-0,174884608008479;0,085994427155723;-0,174884608008479;0,085994427155723;100;1;0,9;TRUE;0,8;0,8;TRUE;TRUE;0,2;0,8;0
"hs_pcb170_cadj_Log2";"hs_asthma";9,58594405990971e-05;1e-12;0,188012422805918;0,181810145695814;0,181810145695814;0,188996167397983;0,0505645719880995;0,0721196514410269;0,26292910873449;0,0721196514410269;0,26292910873449;100;1;0,9;TRUE;1;0,8;TRUE;TRUE;1;0;0
"hs_pcb180_cadj_Log2";"hs_asthma";9,58594405990971e-05;1e-12;-0,185604432308794;-0,17692837995742;-0,17692837995742;-0,173105459721543;0,0922729004829922;-0,337056867910211;0,0240185948899459;-0,337056867910211;0,0240185948899459;100;1;0,9;TRUE;0,97;0,8;TRUE;TRUE;0,03;0,97;0
"hs_sumPCBs5_cadj_Log2";"hs_asthma";9,58594405990971e-05;1e-12;0,0336533852788318;0,0225997748611603;0,0225997748611603;0,0208512185101185;0,0593220995370625;-0,0935563762745621;0,116778322438724;-0,0935563762745621;0,116778322438724;100;1;0,9;TRUE;0,64;0,8;FALSE;FALSE;0,64;0,36;0
"hs_pfhxs_c_Log2";"hs_asthma";9,58594405990971e-05;1e-12;-0,0142609092029901;-0,0136569545794273;-0,0136569545794273;-0,0121396817425167;0,0674686999968526;-0,133357052267577;0,0965271951549572;-0,133357052267577;0,0965271951549572;100;1;0,9;TRUE;0,58;0,8;FALSE;FALSE;0,42;0,58;0
"hs_pfna_c_Log2";"hs_asthma";9,58594405990971e-05;1e-12;0,0170339424556948;0,0164292416887768;0,0164292416887768;0,0238500631071326;0,0842700577562982;-0,163225127069954;0,162548737901527;-0,163225127069954;0,162548737901527;100;1;0,9;TRUE;0,63;0,8;FALSE;FALSE;0,63;0,37;0
"hs_pfoa_c_Log2";"hs_asthma";9,58594405990971e-05;1e-12;-0,0198601266274526;-0,0190901779598332;-0,0190901779598332;-0,0194215760402011;0,0832113011219358;-0,173356803060416;0,137390023024553;-0,173356803060416;0,137390023024553;100;1;0,9;TRUE;0,6;0,8;FALSE;FALSE;0,4;0,6;0
"hs_pfos_c_Log2";"hs_asthma";9,58594405990971e-05;1e-12;0,0216372647755448;0,0184768353282672;0,0184768353282672;0,0146549741190517;0,0756285526231187;-0,110419110599334;0,15102858320787;-0,110419110599334;0,15102858320787;100;1;0,9;TRUE;0,59;0,8;FALSE;FALSE;0,59;0,41;0
"hs_pfunda_c_Log2";"hs_asthma";9,58594405990971e-05;1e-12;0,0781791026615682;0,0774600248987746;0,0774600248987746;0,0811767442836626;0,0610911736193135;-0,0526520092439688;0,191905852797565;-0,0526520092439688;0,191905852797565;100;1;0,9;TRUE;0,92;0,8;TRUE;TRUE;0,92;0,08;0
"hs_hm_pers_None";"hs_asthma";9,58594405990971e-05;1e-12;-0,0103031091298682;-0,00823532841901199;-0,00823532841901199;-0,00355165030580623;0,0749937164319868;-0,161271074255989;0,121541243624421;-0,161271074255989;0,121541243624421;100;1;0,9;TRUE;0,51;0,8;FALSE;FALSE;0,49;0,51;0
"hs_trafload_h_pow1over3";"hs_asthma";9,58594405990971e-05;1e-12;-0,00182422009842943;-0,000735406274669721;-0,000735406274669721;-0,0012504468063196;0,069783326658392;-0,127905410002007;0,152416605488979;-0,127905410002007;0,152416605488979;100;1;0,9;TRUE;0,52;0,8;FALSE;FALSE;0,48;0,52;0
"hs_trafnear_h_pow1over3";"hs_asthma";9,58594405990971e-05;1e-12;0,0207332946847484;0,0193495104941302;0,0193495104941302;0,0175712401322988;0,0660761939932111;-0,104136454318262;0,156504264047888;-0,104136454318262;0,156504264047888;100;1;0,9;TRUE;0,63;0,8;FALSE;FALSE;0,63;0,37;0
"FAS_cat_None_Low";"hs_asthma";9,58594405990971e-05;1e-12;0,0371409808291154;0,0163258261919024;0,0163258261919024;0,00976726042994215;0,311241685018402;-0,631898459716824;0,579516264432933;-0,631898459716824;0,579516264432933;100;1;0,9;TRUE;0,5;0,8;FALSE;FALSE;0,5;0,5;0
"FAS_cat_None_Middle";"hs_asthma";9,58594405990971e-05;1e-12;-0,103672677558453;-0,110935361409528;-0,110935361409528;-0,0909767866573453;0,133673916754863;-0,335480867113092;0,184477569869712;-0,335480867113092;0,184477569869712;100;1;0,9;TRUE;0,8;0,8;TRUE;TRUE;0,2;0,8;0
"hs_globalexp2_None_no exposure";"hs_asthma";9,58594405990971e-05;1e-12;-0,00275124217794213;-0,00459895446588041;-0,00459895446588041;-0,0165222983261621;0,152678256247726;-0,294780889982273;0,240660071658395;-0,294780889982273;0,240660071658395;100;1;0,9;TRUE;0,52;0,8;FALSE;FALSE;0,48;0,52;0
"hs_no2_dy_hs_h_Log";"hs_zbmi_who";9,58594405990971e-05;1e-12;-0,0179064197664615;-0,016450781698241;-0,016450781698241;-0,0158637123364069;0,00535629537163288;-0,0276085522644481;-0,00707962146706552;-0,0276085522644481;-0,00707962146706552;100;1;0,9;TRUE;1;0,8;TRUE;TRUE;0;1;0
"hs_no2_wk_hs_h_Log";"hs_zbmi_who";9,58594405990971e-05;1e-12;-0,00892428504221431;-0,00853050751140357;-0,00853050751140357;-0,0084685122789323;0,00527481170100655;-0,0189909800587697;0,000872690089918978;-0,0189909800587697;0,000872690089918978;100;1;0,9;TRUE;0,95;0,8;TRUE;TRUE;0,05;0,95;0
"hs_no2_yr_hs_h_Log";"hs_zbmi_who";9,58594405990971e-05;1e-12;-0,0134079784499052;-0,013661812431128;-0,013661812431128;-0,0139153724428531;0,0067119822123652;-0,026942070992322;-0,00151434846995343;-0,026942070992322;-0,00151434846995343;100;1;0,9;TRUE;0,99;0,8;TRUE;TRUE;0,01;0,99;0
"hs_pm10_dy_hs_h_None";"hs_zbmi_who";9,58594405990971e-05;1e-12;0,00813212967713169;0,00801387366781126;0,00801387366781126;0,00778646729276601;0,0055750902144189;-0,00208476228858294;0,0175804790772908;-0,00208476228858294;0,0175804790772908;100;1;0,9;TRUE;0,91;0,8;TRUE;TRUE;0,91;0,09;0
"hs_pm10_wk_hs_h_None";"hs_zbmi_who";9,58594405990971e-05;1e-12;-0,0122299704744506;-0,010686074462763;-0,010686074462763;-0,010278101913836;0,00601274436878973;-0,0209953173597624;0,00104394513564035;-0,0209953173597624;0,00104394513564035;100;1;0,9;TRUE;0,97;0,8;TRUE;TRUE;0,03;0,97;0
"hs_pm10_yr_hs_h_None";"hs_zbmi_who";9,58594405990971e-05;1e-12;-0,00777687846273294;-0,00696257953799266;-0,00696257953799266;-0,00693123647191391;0,00650760038121355;-0,0181668669634075;0,00657655349567398;-0,0181668669634075;0,00657655349567398;100;1;0,9;TRUE;0,86;0,8;TRUE;TRUE;0,14;0,86;0
"hs_pm25_dy_hs_h_None";"hs_zbmi_who";9,58594405990971e-05;1e-12;0,0128483376102704;0,011909803515354;0,011909803515354;0,011268337797423;0,00571265399836885;0,00314923240449603;0,0237103525059638;0,00314923240449603;0,0237103525059638;100;1;0,9;TRUE;0,98;0,8;TRUE;TRUE;0,98;0,02;0
"hs_pm25_wk_hs_h_None";"hs_zbmi_who";9,58594405990971e-05;1e-12;0,00325264131186913;0,00251193600048731;0,00251193600048731;0,00335552772256826;0,00711765558464351;-0,0114817749484325;0,0153465128780214;-0,0114817749484325;0,0153465128780214;100;1;0,9;TRUE;0,64;0,8;FALSE;FALSE;0,64;0,36;0
"hs_pm25_yr_hs_h_None";"hs_zbmi_who";9,58594405990971e-05;1e-12;-0,0113935619259045;-0,0103647045194115;-0,0103647045194115;-0,00995021414713319;0,00549620525637157;-0,0215747493263133;-0,000179320433313777;-0,0215747493263133;-0,000179320433313777;100;1;0,9;TRUE;0,98;0,8;TRUE;TRUE;0,02;0,98;0
"hs_pm25abs_dy_hs_h_Log";"hs_zbmi_who";9,58594405990971e-05;1e-12;0,00377017030736874;0,00379134427179544;0,00379134427179544;0,00355230750278317;0,00479320721332732;-0,00604891623227446;0,0121979354995286;-0,00604891623227446;0,0121979354995286;100;1;0,9;TRUE;0,78;0,8;FALSE;FALSE;0,78;0,22;0
"hs_pm25abs_wk_hs_h_Log";"hs_zbmi_who";9,58594405990971e-05;1e-12;-0,00486748618149233;-0,00548271329910155;-0,00548271329910155;-0,00531501483864343;0,0051023958361896;-0,016925763383108;0,003544110832727;-0,016925763383108;0,003544110832727;100;1;0,9;TRUE;0,87;0,8;TRUE;TRUE;0,13;0,87;0
"hs_pm25abs_yr_hs_h_Log";"hs_zbmi_who";9,58594405990971e-05;1e-12;0,0229847918778807;0,0211655616867934;0,0211655616867934;0,0215915112981079;0,00636195903205564;0,0089928909461642;0,0322296702181901;0,0089928909461642;0,0322296702181901;100;1;0,9;TRUE;1;0,8;TRUE;TRUE;1;0;0
"hs_accesslines300_h_dic0";"hs_zbmi_who";9,58594405990971e-05;1e-12;0,0452579081289129;0,0453090911576631;0,0453090911576631;0,0464012178591643;0,015114932342225;0,0193277295742866;0,0793149703730539;0,0193277295742866;0,0793149703730539;100;1;0,9;TRUE;1;0,8;TRUE;TRUE;1;0;0
"hs_accesspoints300_h_Log";"hs_zbmi_who";9,58594405990971e-05;1e-12;0,015466687920607;0,0138179654774431;0,0138179654774431;0,0136972836515513;0,00557160945649604;0,0032697077887921;0,0242928344605484;0,0032697077887921;0,0242928344605484;100;1;0,9;TRUE;0,99;0,8;TRUE;TRUE;0,99;0,01;0
"hs_builtdens300_h_Sqrt";"hs_zbmi_who";9,58594405990971e-05;1e-12;-0,00505456521527428;-0,0049333706999151;-0,0049333706999151;-0,00486808878339114;0,00519624794537694;-0,0135956616782308;0,00591750534791229;-0,0135956616782308;0,00591750534791229;100;1;0,9;TRUE;0,81;0,8;TRUE;TRUE;0,19;0,81;0
"hs_connind300_h_Log";"hs_zbmi_who";9,58594405990971e-05;1e-12;0,00362414495662663;0,00369698311818762;0,00369698311818762;0,00398392859577863;0,00503965677036901;-0,00593015643498385;0,0135381954628091;-0,00593015643498385;0,0135381954628091;100;1;0,9;TRUE;0,75;0,8;FALSE;FALSE;0,75;0,25;0
"hs_fdensity300_h_Log";"hs_zbmi_who";9,58594405990971e-05;1e-12;-0,00677324770122214;-0,00716221097842336;-0,00716221097842336;-0,00680776987130446;0,0055940277758871;-0,0180815370362621;0,00302969981002993;-0,0180815370362621;0,00302969981002993;100;1;0,9;TRUE;0,93;0,8;TRUE;TRUE;0,07;0,93;0
"hs_landuseshan300_h_None";"hs_zbmi_who";9,58594405990971e-05;1e-12;-0,00227717204677646;-0,00206512726561604;-0,00206512726561604;-0,00220014586281497;0,00469423559561432;-0,0119162036315205;0,00747528249454698;-0,0119162036315205;0,00747528249454698;100;1;0,9;TRUE;0,68;0,8;FALSE;FALSE;0,32;0,68;0
"hs_popdens_h_Sqrt";"hs_zbmi_who";9,58594405990971e-05;1e-12;0,00377058904739677;0,00477891927417391;0,00477891927417391;0,00461916357626902;0,00638562109214814;-0,00651474432188101;0,0156806589130617;-0,00651474432188101;0,0156806589130617;100;1;0,9;TRUE;0,78;0,8;FALSE;FALSE;0,78;0,22;0
"hs_walkability_mean_h_None";"hs_zbmi_who";9,58594405990971e-05;1e-12;-0,000242506482172568;6,72878388977308e-06;6,72878388977308e-06;0,000281996676493861;0,00516443131703822;-0,00990369012448274;0,00984004363417043;-0,00990369012448274;0,00984004363417043;100;1;0,9;TRUE;0,47;0,8;FALSE;FALSE;0,53;0,47;0
"hs_accesslines300_s_dic0";"hs_zbmi_who";9,58594405990971e-05;1e-12;0,0426356626962965;0,0413949267289914;0,0413949267289914;0,0388908415944753;0,0140934134572191;0,017721046091886;0,0671928134386524;0,017721046091886;0,0671928134386524;100;1;0,9;TRUE;1;0,8;TRUE;TRUE;1;0;0
"hs_accesspoints300_s_Log";"hs_zbmi_who";9,58594405990971e-05;1e-12;-0,00670703163223371;-0,00630436943616876;-0,00630436943616876;-0,00629194336757391;0,00537984970775215;-0,0168600194068537;0,00348694107753157;-0,0168600194068537;0,00348694107753157;100;1;0,9;TRUE;0,88;0,8;TRUE;TRUE;0,12;0,88;0
"hs_builtdens300_s_Sqrt";"hs_zbmi_who";9,58594405990971e-05;1e-12;-0,00207447588882176;-0,00237986818619224;-0,00237986818619224;-0,00293834612309566;0,00532482601450809;-0,0112742908068412;0,00979197665042737;-0,0112742908068412;0,00979197665042737;100;1;0,9;TRUE;0,65;0,8;FALSE;FALSE;0,35;0,65;0
"hs_connind300_s_Log";"hs_zbmi_who";9,58594405990971e-05;1e-12;0,00539062903565844;0,00552803869446933;0,00552803869446933;0,00504309484230636;0,00502067772809804;-0,00468227984229969;0,0142737005613271;-0,00468227984229969;0,0142737005613271;100;1;0,9;TRUE;0,86;0,8;TRUE;TRUE;0,86;0,14;0
"hs_fdensity300_s_Log";"hs_zbmi_who";9,58594405990971e-05;1e-12;-0,00159001355964589;-0,00186587475646103;-0,00186587475646103;-0,00183933658583232;0,00582192895940024;-0,0145072121380281;0,0108688740080972;-0,0145072121380281;0,0108688740080972;100;1;0,9;TRUE;0,63;0,8;FALSE;FALSE;0,37;0,63;0
"hs_landuseshan300_s_None";"hs_zbmi_who";9,58594405990971e-05;1e-12;-0,0009631262023986;-0,00103162795811061;-0,00103162795811061;-0,00129381475493023;0,00502798961994207;-0,0108966319764268;0,00817249621142038;-0,0108966319764268;0,00817249621142038;100;1;0,9;TRUE;0,61;0,8;FALSE;FALSE;0,39;0,61;0
"hs_popdens_s_Sqrt";"hs_zbmi_who";9,58594405990971e-05;1e-12;-0,00595621356703435;-0,0059108355692213;-0,0059108355692213;-0,00635016662682352;0,00545148710943517;-0,0151456727933887;0,00268581591620282;-0,0151456727933887;0,00268581591620282;100;1;0,9;TRUE;0,84;0,8;TRUE;TRUE;0,16;0,84;0
"h_Absorbance_Log";"hs_zbmi_who";9,58594405990971e-05;1e-12;-0,00137834873557787;-0,00103314235847222;-0,00103314235847222;-0,000904055588268114;0,00540393010017379;-0,0103707085514875;0,0103380227363238;-0,0103707085514875;0,0103380227363238;100;1;0,9;TRUE;0,56;0,8;FALSE;FALSE;0,44;0,56;0
"h_Benzene_Log";"hs_zbmi_who";9,58594405990971e-05;1e-12;0,00573800419225038;0,00597523864244405;0,00597523864244405;0,00573996700076625;0,00510808537106729;-0,00310753166154863;0,0165853495085441;-0,00310753166154863;0,0165853495085441;100;1;0,9;TRUE;0,88;0,8;TRUE;TRUE;0,88;0,12;0
"h_NO2_Log";"hs_zbmi_who";9,58594405990971e-05;1e-12;0,000948914356084896;0,000679485965470248;0,000679485965470248;0,000706426339460809;0,00580666114160636;-0,0101021364977809;0,0123471500679611;-0,0101021364977809;0,0123471500679611;100;1;0,9;TRUE;0,54;0,8;FALSE;FALSE;0,54;0,46;0
"h_PM_Log";"hs_zbmi_who";9,58594405990971e-05;1e-12;0,00924269180433869;0,00923006250666034;0,00923006250666034;0,00904274383275471;0,00473364460992866;0,000962599870410941;0,0192058341025131;0,000962599870410941;0,0192058341025131;100;1;0,9;TRUE;0,99;0,8;TRUE;TRUE;0,99;0,01;0
"h_TEX_Log";"hs_zbmi_who";9,58594405990971e-05;1e-12;0,00201175519327805;0,00156730121405997;0,00156730121405997;0,00118308862573959;0,00521300712244198;-0,0071082709038203;0,0107533469414946;-0,0071082709038203;0,0107533469414946;100;1;0,9;TRUE;0,57;0,8;FALSE;FALSE;0,57;0,43;0
"hs_KIDMED_None";"hs_zbmi_who";9,58594405990971e-05;1e-12;0,00280125102468385;0,00201576438190277;0,00201576438190277;0,00182648015834173;0,00458071893754922;-0,00566349480960058;0,0112551185562964;-0,00566349480960058;0,0112551185562964;100;1;0,9;TRUE;0,63;0,8;FALSE;FALSE;0,63;0,37;0
"hs_mvpa_prd_alt_None";"hs_zbmi_who";9,58594405990971e-05;1e-12;-0,0238805794756995;-0,0226616291317308;-0,0226616291317308;-0,0225032718505034;0,00474688978783491;-0,0322433457213018;-0,0136369942726649;-0,0322433457213018;-0,0136369942726649;100;1;0,9;TRUE;1;0,8;TRUE;TRUE;0;1;0
"hs_sd_wk_None";"hs_zbmi_who";9,58594405990971e-05;1e-12;0,00115176651825078;0,000278464486903855;0,000278464486903855;-3,19857419925068e-05;0,00538195054056442;-0,0104363012755175;0,0107361194828086;-0,0104363012755175;0,0107361194828086;100;1;0,9;TRUE;0,49;0,8;FALSE;FALSE;0,49;0,51;0
"hs_dif_hours_total_None";"hs_zbmi_who";9,58594405990971e-05;1e-12;-0,00904103352017877;-0,00915662084819961;-0,00915662084819961;-0,00952555166760067;0,00437255574799987;-0,0169126614640195;-0,000318484529626192;-0,0169126614640195;-0,000318484529626192;100;1;0,9;TRUE;0,99;0,8;TRUE;TRUE;0,01;0,99;0
"hs_as_c_Log2";"hs_zbmi_who";9,58594405990971e-05;1e-12;0,000119488259815211;-0,000270337661974647;-0,000270337661974647;-8,49404110248648e-05;0,00427562051041038;-0,00823256927053259;0,0075754869780452;-0,00823256927053259;0,0075754869780452;100;1;0,9;TRUE;0,49;0,8;FALSE;FALSE;0,49;0,51;0
"hs_cd_c_Log2";"hs_zbmi_who";9,58594405990971e-05;1e-12;-0,00161475239251958;-0,00148257315548561;-0,00148257315548561;-0,00188136474270835;0,00492228060592908;-0,0114299897982241;0,00799814226266777;-0,0114299897982241;0,00799814226266777;100;1;0,9;TRUE;0,66;0,8;FALSE;FALSE;0,34;0,66;0
"hs_co_c_Log2";"hs_zbmi_who";9,58594405990971e-05;1e-12;-0,00341022102800612;-0,00404575725813246;-0,00404575725813246;-0,00357172200957252;0,00411398515744191;-0,0113836021751213;0,00388314449003289;-0,0113836021751213;0,00388314449003289;100;1;0,9;TRUE;0,87;0,8;TRUE;TRUE;0,13;0,87;0
"hs_cs_c_Log2";"hs_zbmi_who";9,58594405990971e-05;1e-12;0,022290844266133;0,0212455929661135;0,0212455929661135;0,0218011791986779;0,00510696539730824;0,0120897115950568;0,0316339431640519;0,0120897115950568;0,0316339431640519;100;1;0,9;TRUE;1;0,8;TRUE;TRUE;1;0;0
"hs_cu_c_Log2";"hs_zbmi_who";9,58594405990971e-05;1e-12;0,0148541612323228;0,0143029108260019;0,0143029108260019;0,0142368166535969;0,00455989620810405;0,00536547142853504;0,0233406160839724;0,00536547142853504;0,0233406160839724;100;1;0,9;TRUE;1;0,8;TRUE;TRUE;1;0;0
"hs_hg_c_Log2";"hs_zbmi_who";9,58594405990971e-05;1e-12;-0,0047653728417432;-0,00433407018382514;-0,00433407018382514;-0,00430781092622621;0,0047325946398004;-0,0129748170429028;0,0036100470060282;-0,0129748170429028;0,0036100470060282;100;1;0,9;TRUE;0,78;0,8;FALSE;FALSE;0,22;0,78;0
"hs_mn_c_Log2";"hs_zbmi_who";9,58594405990971e-05;1e-12;-0,00188674824349807;-0,00159435767438308;-0,00159435767438308;-0,00225970296622681;0,00429581752018026;-0,0100134986893927;0,00687897313541223;-0,0100134986893927;0,00687897313541223;100;1;0,9;TRUE;0,67;0,8;FALSE;FALSE;0,33;0,67;0
"hs_mo_c_Log2";"hs_zbmi_who";9,58594405990971e-05;1e-12;-0,00840453911838312;-0,00854089311142282;-0,00854089311142282;-0,00849122563426831;0,0045008571850501;-0,0162085853323707;-0,000179169982395132;-0,0162085853323707;-0,000179169982395132;100;1;0,9;TRUE;0,98;0,8;TRUE;TRUE;0,02;0,98;0
"hs_pb_c_Log2";"hs_zbmi_who";9,58594405990971e-05;1e-12;-0,0026521303810822;-0,00274890490975705;-0,00274890490975705;-0,00332408738996297;0,00396237028897413;-0,00992171545161734;0,00517222998679596;-0,00992171545161734;0,00517222998679596;100;1;0,9;TRUE;0,73;0,8;FALSE;FALSE;0,27;0,73;0
"hs_hum_mt_hs_h_None";"hs_zbmi_who";9,58594405990971e-05;1e-12;0,0108780883454781;0,00992906750482606;0,00992906750482606;0,00947688007593302;0,00554607283771353;-0,00154284943730404;0,0225960272781204;-0,00154284943730404;0,0225960272781204;100;1;0,9;TRUE;0,94;0,8;TRUE;TRUE;0,94;0,06;0
"hs_tm_mt_hs_h_None";"hs_zbmi_who";9,58594405990971e-05;1e-12;-0,00544801425233682;-0,00544039197398798;-0,00544039197398798;-0,00563905515093026;0,00504540292211962;-0,0150207628167137;0,00487445510335372;-0,0150207628167137;0,00487445510335372;100;1;0,9;TRUE;0,88;0,8;TRUE;TRUE;0,12;0,88;0
"hs_uvdvf_mt_hs_h_None";"hs_zbmi_who";9,58594405990971e-05;1e-12;0,00589522346369043;0,0050440550449477;0,0050440550449477;0,00543513725126455;0,00550530998249895;-0,00550340976713701;0,0147598370722939;-0,00550340976713701;0,0147598370722939;100;1;0,9;TRUE;0,86;0,8;TRUE;TRUE;0,86;0,14;0
"hs_hum_dy_hs_h_None";"hs_zbmi_who";9,58594405990971e-05;1e-12;-0,0016900081721863;-0,00128909679318192;-0,00128909679318192;-0,00113966795552836;0,00505813410980555;-0,0106766794482236;0,00743644997099566;-0,0106766794482236;0,00743644997099566;100;1;0,9;TRUE;0,61;0,8;FALSE;FALSE;0,39;0,61;0
"hs_hum_wk_hs_h_None";"hs_zbmi_who";9,58594405990971e-05;1e-12;-0,00118009448027235;-0,000684758935012808;-0,000684758935012808;-0,000432662523140749;0,00624081856477468;-0,0122774813051936;0,0123311850070379;-0,0122774813051936;0,0123311850070379;100;1;0,9;TRUE;0,55;0,8;FALSE;FALSE;0,45;0,55;0
"hs_tm_dy_hs_h_None";"hs_zbmi_who";9,58594405990971e-05;1e-12;-0,0092834195902349;-0,00822929175336147;-0,00822929175336147;-0,00848855816207394;0,00602273365598422;-0,0194074813220353;0,00299472648371275;-0,0194074813220353;0,00299472648371275;100;1;0,9;TRUE;0,92;0,8;TRUE;TRUE;0,08;0,92;0
"hs_tm_wk_hs_h_None";"hs_zbmi_who";9,58594405990971e-05;1e-12;0,00326701014975055;0,00298595044407649;0,00298595044407649;0,00269823026883424;0,00465226419671402;-0,00605012574479574;0,0131746354876953;-0,00605012574479574;0,0131746354876953;100;1;0,9;TRUE;0,76;0,8;FALSE;FALSE;0,76;0,24;0
"hs_uvdvf_dy_hs_h_None";"hs_zbmi_who";9,58594405990971e-05;1e-12;0,000978192106556301;0,000962657676787853;0,000962657676787853;0,000888837122425759;0,00458347721545301;-0,00832642427347017;0,00857306382044065;-0,00832642427347017;0,00857306382044065;100;1;0,9;TRUE;0,62;0,8;FALSE;FALSE;0,62;0,38;0
"hs_uvdvf_wk_hs_h_None";"hs_zbmi_who";9,58594405990971e-05;1e-12;-0,00765396878824337;-0,00734393319951742;-0,00734393319951742;-0,00722462285698171;0,00492968460333536;-0,017846340628448;0,00104568493224822;-0,017846340628448;0,00104568493224822;100;1;0,9;TRUE;0,95;0,8;TRUE;TRUE;0,05;0,95;0
"hs_ndvi100_h_None";"hs_zbmi_who";9,58594405990971e-05;1e-12;-0,00904578057006817;-0,00876084283296743;-0,00876084283296743;-0,00888879588777678;0,00542979284101313;-0,0180253931639123;0,00416793456813556;-0,0180253931639123;0,00416793456813556;100;1;0,9;TRUE;0,91;0,8;TRUE;TRUE;0,09;0,91;0
"hs_ndvi100_s_None";"hs_zbmi_who";9,58594405990971e-05;1e-12;-0,00665734315953736;-0,00561863529830536;-0,00561863529830536;-0,00555750265426201;0,00606677213239625;-0,0183721976836625;0,00652878087262792;-0,0183721976836625;0,00652878087262792;100;1;0,9;TRUE;0,83;0,8;TRUE;TRUE;0,17;0,83;0
"hs_dde_cadj_Log2";"hs_zbmi_who";9,58594405990971e-05;1e-12;-0,0244247031455933;-0,0228146635914819;-0,0228146635914819;-0,0225008995681835;0,00658747014293158;-0,0376646735194315;-0,010654016812935;-0,0376646735194315;-0,010654016812935;100;1;0,9;TRUE;1;0,8;TRUE;TRUE;0;1;0
"hs_ddt_cadj_Log2";"hs_zbmi_who";9,58594405990971e-05;1e-12;-0,00356726126407878;-0,00373521801850464;-0,00373521801850464;-0,00402826251699928;0,00478795456007479;-0,012330199483514;0,00513921687454023;-0,012330199483514;0,00513921687454023;100;1;0,9;TRUE;0,76;0,8;FALSE;FALSE;0,24;0,76;0
"hs_hcb_cadj_Log2";"hs_zbmi_who";9,58594405990971e-05;1e-12;-0,0241564739314035;-0,0314768179101627;-0,0314768179101627;-0,0246601682301264;0,0169623452859169;-0,064044822053153;-0,0101922833859886;-0,064044822053153;-0,0101922833859886;100;1;0,9;TRUE;1;0,8;TRUE;TRUE;0;1;0
"hs_pcb118_cadj_Log2";"hs_zbmi_who";9,58594405990971e-05;1e-12;0,00852396326248982;0,00859089937122048;0,00859089937122048;0,00901507474298667;0,00480426579946855;-0,000659697744663832;0,0183899651088652;-0,000659697744663832;0,0183899651088652;100;1;0,9;TRUE;0,96;0,8;TRUE;TRUE;0,96;0,04;0
"hs_pcb138_cadj_Log2";"hs_zbmi_who";9,58594405990971e-05;1e-12;0,0156504326380826;0,0126355096945721;0,0126355096945721;0,0134652795627547;0,00880427918100394;-0,0129206659095292;0,0245543557961331;-0,0129206659095292;0,0245543557961331;100;1;0,9;TRUE;0,91;0,8;TRUE;TRUE;0,91;0,09;0
"hs_pcb153_cadj_Log2";"hs_zbmi_who";9,58594405990971e-05;1e-12;-0,0133067551667565;-0,0113099645438333;-0,0113099645438333;-0,011176737648422;0,00528151553202907;-0,0197747874067563;-0,000345191013107193;-0,0197747874067563;-0,000345191013107193;100;1;0,9;TRUE;0,98;0,8;TRUE;TRUE;0,02;0,98;0
"hs_pcb170_cadj_Log2";"hs_zbmi_who";9,58594405990971e-05;1e-12;-0,0213419201805399;-0,0205508008073816;-0,0205508008073816;-0,0201132464832897;0,00586566466368806;-0,0343688535288544;-0,00953228417284416;-0,0343688535288544;-0,00953228417284416;100;1;0,9;TRUE;1;0,8;TRUE;TRUE;0;1;0
"hs_pcb180_cadj_Log2";"hs_zbmi_who";9,58594405990971e-05;1e-12;-0,00202539337840681;-0,00291358611329411;-0,00291358611329411;-0,00231048579719378;0,00509278675774457;-0,0124292052773071;0,00562154355587893;-0,0124292052773071;0,00562154355587893;100;1;0,9;TRUE;0,69;0,8;FALSE;FALSE;0,31;0,69;0
"hs_sumPCBs5_cadj_Log2";"hs_zbmi_who";9,58594405990971e-05;1e-12;-0,0259018661896688;-0,0231170329057276;-0,0231170329057276;-0,0231864426563772;0,00595566052168473;-0,0335733421463442;-0,0121634122354674;-0,0335733421463442;-0,0121634122354674;100;1;0,9;TRUE;1;0,8;TRUE;TRUE;0;1;0
"hs_pfhxs_c_Log2";"hs_zbmi_who";9,58594405990971e-05;1e-12;0,0171519376448547;0,0166900308740069;0,0166900308740069;0,0171187793377693;0,00525861183103471;0,00690193233613354;0,0264310999683595;0,00690193233613354;0,0264310999683595;100;1;0,9;TRUE;1;0,8;TRUE;TRUE;1;0;0
"hs_pfna_c_Log2";"hs_zbmi_who";9,58594405990971e-05;1e-12;-0,00103948917883208;-0,00109565297868521;-0,00109565297868521;-0,00093864639203644;0,00535245204781319;-0,0101053211842552;0,00933726922587148;-0,0101053211842552;0,00933726922587148;100;1;0,9;TRUE;0,59;0,8;FALSE;FALSE;0,41;0,59;0
"hs_pfoa_c_Log2";"hs_zbmi_who";9,58594405990971e-05;1e-12;-0,00724089012330575;-0,00717768869944703;-0,00717768869944703;-0,00737098617397766;0,00511778799960673;-0,0169828930390682;0,00216740393555147;-0,0169828930390682;0,00216740393555147;100;1;0,9;TRUE;0,92;0,8;TRUE;TRUE;0,08;0,92;0
"hs_pfos_c_Log2";"hs_zbmi_who";9,58594405990971e-05;1e-12;-0,000328543788988533;0,000593980743470557;0,000593980743470557;0,000234355509105039;0,00601624448494981;-0,00996805379095444;0,0133188247382196;-0,00996805379095444;0,0133188247382196;100;1;0,9;TRUE;0,48;0,8;FALSE;FALSE;0,52;0,48;0
"hs_pfunda_c_Log2";"hs_zbmi_who";9,58594405990971e-05;1e-12;0,000786778917476106;0,000820010607401493;0,000820010607401493;0,00103008752373131;0,00435424985888117;-0,00751142227190158;0,00995738097273605;-0,00751142227190158;0,00995738097273605;100;1;0,9;TRUE;0,56;0,8;FALSE;FALSE;0,56;0,44;0
"hs_hm_pers_None";"hs_zbmi_who";9,58594405990971e-05;1e-12;-0,00157596492494643;-0,0012357244366594;-0,0012357244366594;-0,00157047372084871;0,00438351571943689;-0,00889647763421423;0,007719204088937;-0,00889647763421423;0,007719204088937;100;1;0,9;TRUE;0,63;0,8;FALSE;FALSE;0,37;0,63;0
"hs_trafload_h_pow1over3";"hs_zbmi_who";9,58594405990971e-05;1e-12;-0,0016930183623303;-0,00179340934063783;-0,00179340934063783;-0,0018759734482427;0,00406948035602129;-0,00834778933004549;0,00519812131714433;-0,00834778933004549;0,00519812131714433;100;1;0,9;TRUE;0,64;0,8;FALSE;FALSE;0,36;0,64;0
"hs_trafnear_h_pow1over3";"hs_zbmi_who";9,58594405990971e-05;1e-12;0,0021839683769524;0,00214586939624802;0,00214586939624802;0,00203977567353138;0,00506323048201025;-0,00777395210612438;0,010461857947267;-0,00777395210612438;0,010461857947267;100;1;0,9;TRUE;0,66;0,8;FALSE;FALSE;0,66;0,34;0
"FAS_cat_None_Low";"hs_zbmi_who";9,58594405990971e-05;1e-12;-0,0140663023294359;-0,0122489772137722;-0,0122489772137722;-0,0137924585638789;0,0154887741082256;-0,0449570553244058;0,0136086187448184;-0,0449570553244058;0,0136086187448184;100;1;0,9;TRUE;0,8;0,8;TRUE;TRUE;0,2;0,8;0
"FAS_cat_None_Middle";"hs_zbmi_who";9,58594405990971e-05;1e-12;0,00531772506258788;0,00534286875533396;0,00534286875533396;0,00540951992083646;0,00850448033560504;-0,00999396267633363;0,020825546656743;-0,00999396267633363;0,020825546656743;100;1;0,9;TRUE;0,72;0,8;FALSE;FALSE;0,72;0,28;0
"hs_globalexp2_None_no exposure";"hs_zbmi_who";9,58594405990971e-05;1e-12;0,0156619007218234;0,0158072019238054;0,0158072019238054;0,0165768204251421;0,0083219347483765;-0,000495829337843077;0,029761750567172;-0,000495829337843077;0,029761750567172;100;1;0,9;TRUE;0,95;0,8;TRUE;TRUE;0,95;0,05;0
"hs_no2_dy_hs_h_Log";"hs_correct_raven";9,58594405990971e-05;1e-12;-0,0438513539860008;-0,0439854809759126;-0,0439854809759126;-0,0452114179086155;0,00897178611439479;-0,0616478902363503;-0,0273961544046276;-0,0616478902363503;-0,0273961544046276;100;1;0,9;TRUE;1;0,8;TRUE;TRUE;0;1;0
"hs_no2_wk_hs_h_Log";"hs_correct_raven";9,58594405990971e-05;1e-12;-0,0464320590363942;-0,0456725689566212;-0,0456725689566212;-0,0466203689292855;0,00916601851779739;-0,0620315600694648;-0,0264710775332694;-0,0620315600694648;-0,0264710775332694;100;1;0,9;TRUE;1;0,8;TRUE;TRUE;0;1;0
"hs_no2_yr_hs_h_Log";"hs_correct_raven";9,58594405990971e-05;1e-12;-0,0484582862016351;-0,0482236355508588;-0,0482236355508588;-0,0485085644354298;0,0107844350255855;-0,0671572363169387;-0,029808652269603;-0,0671572363169387;-0,029808652269603;100;1;0,9;TRUE;1;0,8;TRUE;TRUE;0;1;0
"hs_pm10_dy_hs_h_None";"hs_correct_raven";9,58594405990971e-05;1e-12;0,000753717307398755;-0,000556430520494474;-0,000556430520494474;-0,00124716663391501;0,00773799132590377;-0,0138621574872527;0,0170405955393576;-0,0138621574872527;0,0170405955393576;100;1;0,9;TRUE;0,45;0,8;FALSE;FALSE;0,45;0,55;0
"hs_pm10_wk_hs_h_None";"hs_correct_raven";9,58594405990971e-05;1e-12;0,0044332539977925;0,00528560942833528;0,00528560942833528;0,00418956166799178;0,0095914514782382;-0,0124324297315514;0,0252752916957019;-0,0124324297315514;0,0252752916957019;100;1;0,9;TRUE;0,73;0,8;FALSE;FALSE;0,73;0,27;0
"hs_pm10_yr_hs_h_None";"hs_correct_raven";9,58594405990971e-05;1e-12;0,00896647881992539;0,0089205633115806;0,0089205633115806;0,00825300985620078;0,0134052614401673;-0,0157471918229443;0,0337616402638563;-0,0157471918229443;0,0337616402638563;100;1;0,9;TRUE;0,76;0,8;FALSE;FALSE;0,76;0,24;0
"hs_pm25_dy_hs_h_None";"hs_correct_raven";9,58594405990971e-05;1e-12;0,00853508937502623;0,00825076731862623;0,00825076731862623;0,00882171603463789;0,00702076200186212;-0,00525333538708386;0,0231656179152522;-0,00525333538708386;0,0231656179152522;100;1;0,9;TRUE;0,88;0,8;TRUE;TRUE;0,88;0,12;0
"hs_pm25_wk_hs_h_None";"hs_correct_raven";9,58594405990971e-05;1e-12;0,0138651868695451;0,0131620474279773;0,0131620474279773;0,0133295478568022;0,0107889914386179;-0,00773355774271513;0,0308919682282849;-0,00773355774271513;0,0308919682282849;100;1;0,9;TRUE;0,89;0,8;TRUE;TRUE;0,89;0,11;0
"hs_pm25_yr_hs_h_None";"hs_correct_raven";9,58594405990971e-05;1e-12;-0,0371777283457733;-0,0379513994597127;-0,0379513994597127;-0,0384463500061903;0,0100017489439889;-0,0588128691583914;-0,0194491971201715;-0,0588128691583914;-0,0194491971201715;100;1;0,9;TRUE;1;0,8;TRUE;TRUE;0;1;0
"hs_pm25abs_dy_hs_h_Log";"hs_correct_raven";9,58594405990971e-05;1e-12;0,0310596390471218;0,0308361168340518;0,0308361168340518;0,0312755632823419;0,0065706441405028;0,0181375396453341;0,043259197163627;0,0181375396453341;0,043259197163627;100;1;0,9;TRUE;1;0,8;TRUE;TRUE;1;0;0
"hs_pm25abs_wk_hs_h_Log";"hs_correct_raven";9,58594405990971e-05;1e-12;-0,0195597793981683;-0,0177235312293364;-0,0177235312293364;-0,0182831206032427;0,00832039147962908;-0,0331975347093371;-0,000710428277213612;-0,0331975347093371;-0,000710428277213612;100;1;0,9;TRUE;0,97;0,8;TRUE;TRUE;0,03;0,97;0
"hs_pm25abs_yr_hs_h_Log";"hs_correct_raven";9,58594405990971e-05;1e-12;0,0530793260648752;0,0520438659377864;0,0520438659377864;0,0505310287197715;0,0108936551971213;0,0333769092146823;0,0736933011183403;0,0333769092146823;0,0736933011183403;100;1;0,9;TRUE;1;0,8;TRUE;TRUE;1;0;0
"hs_accesslines300_h_dic0";"hs_correct_raven";9,58594405990971e-05;1e-12;0,144727423217399;0,138789060350699;0,138789060350699;0,139639955907969;0,0252445372834269;0,0904389602180325;0,190129858392471;0,0904389602180325;0,190129858392471;100;1;0,9;TRUE;1;0,8;TRUE;TRUE;1;0;0
"hs_accesspoints300_h_Log";"hs_correct_raven";9,58594405990971e-05;1e-12;0,0336504876052622;0,033993882089034;0,033993882089034;0,0338339256559447;0,00733532764803017;0,0196979383096579;0,0482349046597974;0,0196979383096579;0,0482349046597974;100;1;0,9;TRUE;1;0,8;TRUE;TRUE;1;0;0
"hs_builtdens300_h_Sqrt";"hs_correct_raven";9,58594405990971e-05;1e-12;5,45170482917233e-05;0,000144937389326999;0,000144937389326999;0,000321966819133622;0,00784952055909386;-0,013411621778796;0,0132349660818568;-0,013411621778796;0,0132349660818568;100;1;0,9;TRUE;0,51;0,8;FALSE;FALSE;0,51;0,49;0
"hs_connind300_h_Log";"hs_correct_raven";9,58594405990971e-05;1e-12;-0,00956127519638049;-0,00996120787974454;-0,00996120787974454;-0,0103962746168991;0,00749717388095689;-0,0238660805139853;0,00451364232746094;-0,0238660805139853;0,00451364232746094;100;1;0,9;TRUE;0,93;0,8;TRUE;TRUE;0,07;0,93;0
"hs_fdensity300_h_Log";"hs_correct_raven";9,58594405990971e-05;1e-12;0,00670373834892409;0,00647706383171225;0,00647706383171225;0,00674279240299021;0,00779218516670622;-0,00699120576815679;0,0195994227465423;-0,00699120576815679;0,0195994227465423;100;1;0,9;TRUE;0,76;0,8;FALSE;FALSE;0,76;0,24;0
"hs_landuseshan300_h_None";"hs_correct_raven";9,58594405990971e-05;1e-12;0,012424553929877;0,0124854171986944;0,0124854171986944;0,0122518105184989;0,00684845195872412;-0,00129575352581557;0,0252308748473346;-0,00129575352581557;0,0252308748473346;100;1;0,9;TRUE;0,96;0,8;TRUE;TRUE;0,96;0,04;0
"hs_popdens_h_Sqrt";"hs_correct_raven";9,58594405990971e-05;1e-12;-0,0109103350660389;-0,011495580168051;-0,011495580168051;-0,0124889797526258;0,00787666543491903;-0,0267194277547206;0,0039651247425036;-0,0267194277547206;0,0039651247425036;100;1;0,9;TRUE;0,92;0,8;TRUE;TRUE;0,08;0,92;0
"hs_walkability_mean_h_None";"hs_correct_raven";9,58594405990971e-05;1e-12;0,00668163181609787;0,00628286026085458;0,00628286026085458;0,00656689484403119;0,00603135531038076;-0,00629370105948026;0,0165703248983429;-0,00629370105948026;0,0165703248983429;100;1;0,9;TRUE;0,83;0,8;TRUE;TRUE;0,83;0,17;0
"hs_accesslines300_s_dic0";"hs_correct_raven";9,58594405990971e-05;1e-12;0,0697947627686628;0,069056821619267;0,069056821619267;0,071397289446733;0,0260851198893415;0,0203518979195251;0,122078378157314;0,0203518979195251;0,122078378157314;100;1;0,9;TRUE;0,99;0,8;TRUE;TRUE;0,99;0,01;0
"hs_accesspoints300_s_Log";"hs_correct_raven";9,58594405990971e-05;1e-12;0,0104603853960149;0,010098505898831;0,010098505898831;0,0106556264003654;0,00776322711578665;-0,0068021991622584;0,0238594964508642;-0,0068021991622584;0,0238594964508642;100;1;0,9;TRUE;0,92;0,8;TRUE;TRUE;0,92;0,08;0
"hs_builtdens300_s_Sqrt";"hs_correct_raven";9,58594405990971e-05;1e-12;-0,0124446860923417;-0,0116609919292896;-0,0116609919292896;-0,0109078681305776;0,00913033815287679;-0,027364834259253;0,00280484192685633;-0,027364834259253;0,00280484192685633;100;1;0,9;TRUE;0,93;0,8;TRUE;TRUE;0,07;0,93;0
"hs_connind300_s_Log";"hs_correct_raven";9,58594405990971e-05;1e-12;0,0225990871783022;0,0231377289730335;0,0231377289730335;0,0227660580051149;0,00836976331912;0,00623205692431594;0,0376149998842068;0,00623205692431594;0,0376149998842068;100;1;0,9;TRUE;1;0,8;TRUE;TRUE;1;0;0
"hs_fdensity300_s_Log";"hs_correct_raven";9,58594405990971e-05;1e-12;-0,00181696732189154;-0,00070633764003668;-0,00070633764003668;-0,000730080792516546;0,00864077569337688;-0,017033048262491;0,0151038224887164;-0,017033048262491;0,0151038224887164;100;1;0,9;TRUE;0,54;0,8;FALSE;FALSE;0,46;0,54;0
"hs_landuseshan300_s_None";"hs_correct_raven";9,58594405990971e-05;1e-12;0,00693917591792255;0,00715208601370073;0,00715208601370073;0,00767939759066668;0,00677767294055711;-0,00597386799260453;0,020254945048678;-0,00597386799260453;0,020254945048678;100;1;0,9;TRUE;0,85;0,8;TRUE;TRUE;0,85;0,15;0
"hs_popdens_s_Sqrt";"hs_correct_raven";9,58594405990971e-05;1e-12;-0,00453207780627705;-0,00453854577246852;-0,00453854577246852;-0,00441230613514234;0,00733895981301134;-0,0184606350510988;0,0098490138154274;-0,0184606350510988;0,0098490138154274;100;1;0,9;TRUE;0,8;0,8;TRUE;TRUE;0,2;0,8;0
"h_Absorbance_Log";"hs_correct_raven";9,58594405990971e-05;1e-12;0,0121620573383648;0,0115084990255236;0,0115084990255236;0,0117460122884778;0,00803207069915344;-0,00276656827945029;0,0266179498098887;-0,00276656827945029;0,0266179498098887;100;1;0,9;TRUE;0,88;0,8;TRUE;TRUE;0,88;0,12;0
"h_Benzene_Log";"hs_correct_raven";9,58594405990971e-05;1e-12;-0,00202130234217526;-0,0015963400318474;-0,0015963400318474;-0,00140410962460066;0,00730587786740509;-0,0155807067596268;0,011582392801632;-0,0155807067596268;0,011582392801632;100;1;0,9;TRUE;0,63;0,8;FALSE;FALSE;0,37;0,63;0
"h_NO2_Log";"hs_correct_raven";9,58594405990971e-05;1e-12;-0,00330876274635937;-0,00363217489995855;-0,00363217489995855;-0,0040927368533446;0,00693417641665208;-0,0150918406135004;0,008796156495115;-0,0150918406135004;0,008796156495115;100;1;0,9;TRUE;0,66;0,8;FALSE;FALSE;0,34;0,66;0
"h_PM_Log";"hs_correct_raven";9,58594405990971e-05;1e-12;-0,00537654227200513;-0,00531192264249815;-0,00531192264249815;-0,00481899296590535;0,00767482010910648;-0,0226729254663131;0,00820733257229906;-0,0226729254663131;0,00820733257229906;100;1;0,9;TRUE;0,75;0,8;FALSE;FALSE;0,25;0,75;0
"h_TEX_Log";"hs_correct_raven";9,58594405990971e-05;1e-12;0,000135180428040352;-0,000795634558214239;-0,000795634558214239;-0,000866705431540897;0,00634818631141543;-0,0125993022825013;0,0111691724275373;-0,0125993022825013;0,0111691724275373;100;1;0,9;TRUE;0,41;0,8;FALSE;FALSE;0,41;0,59;0
"hs_KIDMED_None";"hs_correct_raven";9,58594405990971e-05;1e-12;-0,00213702967662576;-0,00185036862782191;-0,00185036862782191;-0,00206222495673672;0,00658736173620072;-0,0134095592384213;0,0107353200715015;-0,0134095592384213;0,0107353200715015;100;1;0,9;TRUE;0,62;0,8;FALSE;FALSE;0,38;0,62;0
"hs_mvpa_prd_alt_None";"hs_correct_raven";9,58594405990971e-05;1e-12;-0,0459224143747743;-0,0460027448378527;-0,0460027448378527;-0,0448447173182091;0,00781268086568322;-0,0622140158812392;-0,031494003702116;-0,0622140158812392;-0,031494003702116;100;1;0,9;TRUE;1;0,8;TRUE;TRUE;0;1;0
"hs_sd_wk_None";"hs_correct_raven";9,58594405990971e-05;1e-12;-0,017228822769575;-0,0169765156340828;-0,0169765156340828;-0,0171542776576625;0,00661950382773786;-0,0293845538535774;-0,00507699921223989;-0,0293845538535774;-0,00507699921223989;100;1;0,9;TRUE;1;0,8;TRUE;TRUE;0;1;0
"hs_dif_hours_total_None";"hs_correct_raven";9,58594405990971e-05;1e-12;-0,002006563554859;-0,00153481093131702;-0,00153481093131702;-0,00152427943261005;0,00588040936048027;-0,0116483537989941;0,008327386172935;-0,0116483537989941;0,008327386172935;100;1;0,9;TRUE;0,63;0,8;FALSE;FALSE;0,37;0,63;0
"hs_as_c_Log2";"hs_correct_raven";9,58594405990971e-05;1e-12;0,00555756988899091;0,00696408990234969;0,00696408990234969;0,00700594587173956;0,00701970064667555;-0,00483877348999277;0,0204683017069262;-0,00483877348999277;0,0204683017069262;100;1;0,9;TRUE;0,82;0,8;TRUE;TRUE;0,82;0,18;0
"hs_cd_c_Log2";"hs_correct_raven";9,58594405990971e-05;1e-12;-0,00859321646556122;-0,00924576460690284;-0,00924576460690284;-0,00895568763837015;0,005299288104041;-0,0186171331295316;0,000881845468522957;-0,0186171331295316;0,000881845468522957;100;1;0,9;TRUE;0,94;0,8;TRUE;TRUE;0,06;0,94;0
"hs_co_c_Log2";"hs_correct_raven";9,58594405990971e-05;1e-12;0,00763049350926211;0,00804884336668596;0,00804884336668596;0,00807325181330903;0,00572755612485042;-0,00439521971313086;0,0178163560569948;-0,00439521971313086;0,0178163560569948;100;1;0,9;TRUE;0,92;0,8;TRUE;TRUE;0,92;0,08;0
"hs_cs_c_Log2";"hs_correct_raven";9,58594405990971e-05;1e-12;0,0189501272963791;0,0194378714311974;0,0194378714311974;0,0208168786672123;0,00650636416604835;0,00756597246086163;0,0308839693864456;0,00756597246086163;0,0308839693864456;100;1;0,9;TRUE;1;0,8;TRUE;TRUE;1;0;0
"hs_cu_c_Log2";"hs_correct_raven";9,58594405990971e-05;1e-12;-0,00395847548341566;-0,00344715276628885;-0,00344715276628885;-0,00335982824800275;0,00562474401030681;-0,0149036084157176;0,00587675370439473;-0,0149036084157176;0,00587675370439473;100;1;0,9;TRUE;0,75;0,8;FALSE;FALSE;0,25;0,75;0
"hs_hg_c_Log2";"hs_correct_raven";9,58594405990971e-05;1e-12;-0,00480637766889169;-0,00517314278977506;-0,00517314278977506;-0,00589703246729845;0,00654435591428004;-0,016213764346911;0,00704872956554849;-0,016213764346911;0,00704872956554849;100;1;0,9;TRUE;0,79;0,8;FALSE;FALSE;0,21;0,79;0
"hs_mn_c_Log2";"hs_correct_raven";9,58594405990971e-05;1e-12;-0,00293518684755933;-0,00394599515296718;-0,00394599515296718;-0,00356554548786501;0,00573637123237873;-0,0144738279528636;0,00568071615925934;-0,0144738279528636;0,00568071615925934;100;1;0,9;TRUE;0,73;0,8;FALSE;FALSE;0,27;0,73;0
"hs_mo_c_Log2";"hs_correct_raven";9,58594405990971e-05;1e-12;-0,0089551519250079;-0,00874626927076908;-0,00874626927076908;-0,0086125811158242;0,00534544442678322;-0,0186796369485301;0,000848283040673557;-0,0186796369485301;0,000848283040673557;100;1;0,9;TRUE;0,96;0,8;TRUE;TRUE;0,04;0,96;0
"hs_pb_c_Log2";"hs_correct_raven";9,58594405990971e-05;1e-12;0,00481587235923704;0,00467731874567383;0,00467731874567383;0,00471924540975101;0,00607758007941602;-0,00839608261596453;0,0150808510696362;-0,00839608261596453;0,0150808510696362;100;1;0,9;TRUE;0,81;0,8;TRUE;TRUE;0,81;0,19;0
"hs_hum_mt_hs_h_None";"hs_correct_raven";9,58594405990971e-05;1e-12;-0,00273524250069702;-0,00242263187509566;-0,00242263187509566;-0,00242595620561694;0,0101644974935117;-0,0186107469336813;0,0151225425588988;-0,0186107469336813;0,0151225425588988;100;1;0,9;TRUE;0,61;0,8;FALSE;FALSE;0,39;0,61;0
"hs_tm_mt_hs_h_None";"hs_correct_raven";9,58594405990971e-05;1e-12;-0,0111833400961357;-0,00954601642028877;-0,00954601642028877;-0,0108927591548746;0,0112438246989759;-0,0318175610349057;0,0167583554599824;-0,0318175610349057;0,0167583554599824;100;1;0,9;TRUE;0,84;0,8;TRUE;TRUE;0,16;0,84;0
"hs_uvdvf_mt_hs_h_None";"hs_correct_raven";9,58594405990971e-05;1e-12;-0,000942594947844003;-0,000958142044739081;-0,000958142044739081;-2,48483578747953e-05;0,00936358582959431;-0,0185358958936727;0,0161929145916123;-0,0185358958936727;0,0161929145916123;100;1;0,9;TRUE;0,51;0,8;FALSE;FALSE;0,49;0,51;0
"hs_hum_dy_hs_h_None";"hs_correct_raven";9,58594405990971e-05;1e-12;0,000167172126700023;-0,000139774502540864;-0,000139774502540864;-0,000761203624218396;0,00635313732516221;-0,0122273317471672;0,0143812115978006;-0,0122273317471672;0,0143812115978006;100;1;0,9;TRUE;0,46;0,8;FALSE;FALSE;0,46;0,54;0
"hs_hum_wk_hs_h_None";"hs_correct_raven";9,58594405990971e-05;1e-12;0,00461749756467907;0,00508345832514002;0,00508345832514002;0,00451663788222896;0,00781928336749243;-0,00774774044380866;0,0211357966411804;-0,00774774044380866;0,0211357966411804;100;1;0,9;TRUE;0,73;0,8;FALSE;FALSE;0,73;0,27;0
"hs_tm_dy_hs_h_None";"hs_correct_raven";9,58594405990971e-05;1e-12;-0,00280213612711823;-0,00239598872954548;-0,00239598872954548;-0,0031202758910153;0,00797542890001278;-0,0169101993844623;0,0114518015143143;-0,0169101993844623;0,0114518015143143;100;1;0,9;TRUE;0,61;0,8;FALSE;FALSE;0,39;0,61;0
"hs_tm_wk_hs_h_None";"hs_correct_raven";9,58594405990971e-05;1e-12;0,00822186770153855;0,00725036883002385;0,00725036883002385;0,00697484367649114;0,00962980403831017;-0,00900278866842249;0,0235434320475044;-0,00900278866842249;0,0235434320475044;100;1;0,9;TRUE;0,78;0,8;FALSE;FALSE;0,78;0,22;0
"hs_uvdvf_dy_hs_h_None";"hs_correct_raven";9,58594405990971e-05;1e-12;0,00569813117906995;0,00512100578092878;0,00512100578092878;0,00703885817883189;0,00951131142255209;-0,0151115345802123;0,0218651640568715;-0,0151115345802123;0,0218651640568715;100;1;0,9;TRUE;0,74;0,8;FALSE;FALSE;0,74;0,26;0
"hs_uvdvf_wk_hs_h_None";"hs_correct_raven";9,58594405990971e-05;1e-12;-0,0133841674413641;-0,0131852348686468;-0,0131852348686468;-0,0117157702217557;0,0107850077338845;-0,0377074375803173;0,00677812342469187;-0,0377074375803173;0,00677812342469187;100;1;0,9;TRUE;0,91;0,8;TRUE;TRUE;0,09;0,91;0
"hs_ndvi100_h_None";"hs_correct_raven";9,58594405990971e-05;1e-12;-0,0212717668246392;-0,020303389661234;-0,020303389661234;-0,0207222295552114;0,00970342602956136;-0,0393586440118266;-0,00324237282269875;-0,0393586440118266;-0,00324237282269875;100;1;0,9;TRUE;1;0,8;TRUE;TRUE;0;1;0
"hs_ndvi100_s_None";"hs_correct_raven";9,58594405990971e-05;1e-12;-0,00669787724612338;-0,00739316025207937;-0,00739316025207937;-0,00770970875189344;0,00898860136797408;-0,0292210870157252;0,0091731562748669;-0,0292210870157252;0,0091731562748669;100;1;0,9;TRUE;0,79;0,8;FALSE;FALSE;0,21;0,79;0
"hs_dde_cadj_Log2";"hs_correct_raven";9,58594405990971e-05;1e-12;-0,0206062742652636;-0,0212501584533999;-0,0212501584533999;-0,0215038623444036;0,00716083656801234;-0,0349777015519283;-0,00888575274103891;-0,0349777015519283;-0,00888575274103891;100;1;0,9;TRUE;1;0,8;TRUE;TRUE;0;1;0
"hs_ddt_cadj_Log2";"hs_correct_raven";9,58594405990971e-05;1e-12;0,000728253055527673;0,000689686752261815;0,000689686752261815;0,000963915837445693;0,00598917935587493;-0,0117585134062751;0,011914982212278;-0,0117585134062751;0,011914982212278;100;1;0,9;TRUE;0,59;0,8;FALSE;FALSE;0,59;0,41;0
"hs_hcb_cadj_Log2";"hs_correct_raven";9,58594405990971e-05;1e-12;-0,0261706732593223;-0,0308271789494706;-0,0308271789494706;-0,0271146065085163;0,014785180809828;-0,0627266638957914;-0,0111585798914342;-0,0627266638957914;-0,0111585798914342;100;1;0,9;TRUE;1;0,8;TRUE;TRUE;0;1;0
"hs_pcb118_cadj_Log2";"hs_correct_raven";9,58594405990971e-05;1e-12;-0,00197679891094341;-0,00235865568624552;-0,00235865568624552;-0,00243045903146086;0,00749166178962525;-0,0149341209619377;0,0132993651089764;-0,0149341209619377;0,0132993651089764;100;1;0,9;TRUE;0,66;0,8;FALSE;FALSE;0,34;0,66;0
"hs_pcb138_cadj_Log2";"hs_correct_raven";9,58594405990971e-05;1e-12;0,0125020453469909;0,0108354302396763;0,0108354302396763;0,0123358778923157;0,00901867472411183;-0,0154140846568864;0,0237938737422315;-0,0154140846568864;0,0237938737422315;100;1;0,9;TRUE;0,9;0,8;TRUE;TRUE;0,9;0,1;0
"hs_pcb153_cadj_Log2";"hs_correct_raven";9,58594405990971e-05;1e-12;-0,00319064382183369;-0,0020401510505477;-0,0020401510505477;-0,00247041120867274;0,0100398190097348;-0,0211941257837283;0,0238310973950141;-0,0211941257837283;0,0238310973950141;100;1;0,9;TRUE;0,6;0,8;FALSE;FALSE;0,4;0,6;0
"hs_pcb170_cadj_Log2";"hs_correct_raven";9,58594405990971e-05;1e-12;0,00663258505542038;0,00653751072878244;0,00653751072878244;0,00650318504253489;0,00782575655475701;-0,00731038541856697;0,0218491644241135;-0,00731038541856697;0,0218491644241135;100;1;0,9;TRUE;0,8;0,8;TRUE;TRUE;0,8;0,2;0
"hs_pcb180_cadj_Log2";"hs_correct_raven";9,58594405990971e-05;1e-12;0,00769936027654643;0,00753218732004187;0,00753218732004187;0,00692500303230739;0,00802740394017391;-0,0079539120364347;0,0219874813478204;-0,0079539120364347;0,0219874813478204;100;1;0,9;TRUE;0,85;0,8;TRUE;TRUE;0,85;0,15;0
"hs_sumPCBs5_cadj_Log2";"hs_correct_raven";9,58594405990971e-05;1e-12;-0,00869200690826828;-0,00659252665634325;-0,00659252665634325;-0,00754696706827093;0,0097062110364155;-0,0246251988239403;0,00983950607307901;-0,0246251988239403;0,00983950607307901;100;1;0,9;TRUE;0,72;0,8;FALSE;FALSE;0,28;0,72;0
"hs_pfhxs_c_Log2";"hs_correct_raven";9,58594405990971e-05;1e-12;0,0391199329034821;0,0400410317918624;0,0400410317918624;0,04024764797669;0,00798639048391556;0,0258146111989041;0,0561227109246789;0,0258146111989041;0,0561227109246789;100;1;0,9;TRUE;1;0,8;TRUE;TRUE;1;0;0
"hs_pfna_c_Log2";"hs_correct_raven";9,58594405990971e-05;1e-12;-0,00535418976693828;-0,0060443944968216;-0,0060443944968216;-0,00587113671203599;0,00674759620156231;-0,0196605172280047;0,00491025998555138;-0,0196605172280047;0,00491025998555138;100;1;0,9;TRUE;0,81;0,8;TRUE;TRUE;0,19;0,81;0
"hs_pfoa_c_Log2";"hs_correct_raven";9,58594405990971e-05;1e-12;-0,00681356320235156;-0,00640502311869445;-0,00640502311869445;-0,00708787966856259;0,00627542658605168;-0,0169696787679029;0,00667538305519213;-0,0169696787679029;0,00667538305519213;100;1;0,9;TRUE;0,85;0,8;TRUE;TRUE;0,15;0,85;0
"hs_pfos_c_Log2";"hs_correct_raven";9,58594405990971e-05;1e-12;0,0184215700875743;0,0193722752755779;0,0193722752755779;0,0183565494499595;0,00776654505963046;0,00693409203653512;0,0358092588024204;0,00693409203653512;0,0358092588024204;100;1;0,9;TRUE;1;0,8;TRUE;TRUE;1;0;0
"hs_pfunda_c_Log2";"hs_correct_raven";9,58594405990971e-05;1e-12;0,00521590546719606;0,00572583030229641;0,00572583030229641;0,00604680988697763;0,006581423405797;-0,00388896462313648;0,0190496941062848;-0,00388896462313648;0,0190496941062848;100;1;0,9;TRUE;0,78;0,8;FALSE;FALSE;0,78;0,22;0
"hs_hm_pers_None";"hs_correct_raven";9,58594405990971e-05;1e-12;-0,0105883687279564;-0,0114392930518879;-0,0114392930518879;-0,0111574314226925;0,00571277066939214;-0,0219865450889078;-0,00179125201832599;-0,0219865450889078;-0,00179125201832599;100;1;0,9;TRUE;0,98;0,8;TRUE;TRUE;0,02;0,98;0
"hs_trafload_h_pow1over3";"hs_correct_raven";9,58594405990971e-05;1e-12;0,00117800487440613;0,0016127976224633;0,0016127976224633;0,0015220501416258;0,00543338524287378;-0,00797218877944842;0,0122417644389432;-0,00797218877944842;0,0122417644389432;100;1;0,9;TRUE;0,62;0,8;FALSE;FALSE;0,62;0,38;0
"hs_trafnear_h_pow1over3";"hs_correct_raven";9,58594405990971e-05;1e-12;-0,0126878189926968;-0,0136282009872032;-0,0136282009872032;-0,0136241789668112;0,00771184856249396;-0,0299228070412512;0,00015928521663385;-0,0299228070412512;0,00015928521663385;100;1;0,9;TRUE;0,96;0,8;TRUE;TRUE;0,04;0,96;0
"FAS_cat_None_Low";"hs_correct_raven";9,58594405990971e-05;1e-12;0,00244773148112383;0,00460416522898556;0,00460416522898556;-0,000897430316568707;0,0220093504677379;-0,0362730118827968;0,0517538803246098;-0,0362730118827968;0,0517538803246098;100;1;0,9;TRUE;0,46;0,8;FALSE;FALSE;0,46;0,54;0
"FAS_cat_None_Middle";"hs_correct_raven";9,58594405990971e-05;1e-12;0,0322359040743677;0,0334608938892638;0,0334608938892638;0,034742933068593;0,0112629686755491;0,0090685688600313;0,0529432164758182;0,0090685688600313;0,0529432164758182;100;1;0,9;TRUE;0,99;0,8;TRUE;TRUE;0,99;0,01;0
"hs_globalexp2_None_no exposure";"hs_correct_raven";9,58594405990971e-05;1e-12;0,0483789515783514;0,0477657823238201;0,0477657823238201;0,0477002695003808;0,0119516290309871;0,0249601393184147;0,0684797392121666;0,0249601393184147;0,0684797392121666;100;1;0,9;TRUE;1;0,8;TRUE;TRUE;1;0;0
"hs_no2_dy_hs_h_Log";"hs_Gen_Tot";9,58594405990971e-05;1e-12;0,00223782848732601;0,00145576676907091;0,00145576676907091;0,00139807081229329;0,0059590595209144;-0,0108087365061002;0,0127161342697071;-0,0108087365061002;0,0127161342697071;100;1;0,9;TRUE;0,59;0,8;FALSE;FALSE;0,59;0,41;0
"hs_no2_wk_hs_h_Log";"hs_Gen_Tot";9,58594405990971e-05;1e-12;-0,00384185350187273;-0,00492329024485851;-0,00492329024485851;-0,00469457154027455;0,00531924201217819;-0,0157565758208959;0,00400482093856164;-0,0157565758208959;0,00400482093856164;100;1;0,9;TRUE;0,81;0,8;TRUE;TRUE;0,19;0,81;0
"hs_no2_yr_hs_h_Log";"hs_Gen_Tot";9,58594405990971e-05;1e-12;-0,0148791435337827;-0,0146769293931054;-0,0146769293931054;-0,0143671989737426;0,00574367414430347;-0,0237966459575971;-0,00341816456299449;-0,0237966459575971;-0,00341816456299449;100;1;0,9;TRUE;0,99;0,8;TRUE;TRUE;0,01;0,99;0
"hs_pm10_dy_hs_h_None";"hs_Gen_Tot";9,58594405990971e-05;1e-12;0,000290511845351501;0,00138904990263443;0,00138904990263443;0,00171088909610857;0,00478722300120885;-0,00811232358459869;0,009914014580033;-0,00811232358459869;0,009914014580033;100;1;0,9;TRUE;0,65;0,8;FALSE;FALSE;0,65;0,35;0
"hs_pm10_wk_hs_h_None";"hs_Gen_Tot";9,58594405990971e-05;1e-12;-0,0124409074224382;-0,0110724643394088;-0,0110724643394088;-0,0115759329523714;0,0073778081940573;-0,0260652554689036;0,000548033852692152;-0,0260652554689036;0,000548033852692152;100;1;0,9;TRUE;0,96;0,8;TRUE;TRUE;0,04;0,96;0
"hs_pm10_yr_hs_h_None";"hs_Gen_Tot";9,58594405990971e-05;1e-12;-0,00845230388681285;-0,00718054664033906;-0,00718054664033906;-0,00704610429781986;0,00532035078987961;-0,0181999006199914;0,00308254841099661;-0,0181999006199914;0,00308254841099661;100;1;0,9;TRUE;0,9;0,8;TRUE;TRUE;0,1;0,9;0
"hs_pm25_dy_hs_h_None";"hs_Gen_Tot";9,58594405990971e-05;1e-12;0,00653012906613416;0,00612827853155777;0,00612827853155777;0,00643779360169899;0,00514238765597679;-0,00328887229791478;0,0161818363184588;-0,00328887229791478;0,0161818363184588;100;1;0,9;TRUE;0,84;0,8;TRUE;TRUE;0,84;0,16;0
"hs_pm25_wk_hs_h_None";"hs_Gen_Tot";9,58594405990971e-05;1e-12;-0,000767278443856191;-0,00142515947363304;-0,00142515947363304;-0,000588390248208312;0,00454035875769967;-0,00977381688573239;0,00623854425861924;-0,00977381688573239;0,00623854425861924;100;1;0,9;TRUE;0,6;0,8;FALSE;FALSE;0,4;0,6;0
"hs_pm25_yr_hs_h_None";"hs_Gen_Tot";9,58594405990971e-05;1e-12;-0,0103473690041982;-0,00851492230255668;-0,00851492230255668;-0,00743347683872015;0,00699325218258377;-0,02463040453268;0,00486890203963765;-0,02463040453268;0,00486890203963765;100;1;0,9;TRUE;0,92;0,8;TRUE;TRUE;0,08;0,92;0
"hs_pm25abs_dy_hs_h_Log";"hs_Gen_Tot";9,58594405990971e-05;1e-12;-0,00762074607475889;-0,00615011010891207;-0,00615011010891207;-0,00605071511472761;0,00500700156768658;-0,014913705059053;0,00389029101454634;-0,014913705059053;0,00389029101454634;100;1;0,9;TRUE;0,89;0,8;TRUE;TRUE;0,11;0,89;0
"hs_pm25abs_wk_hs_h_Log";"hs_Gen_Tot";9,58594405990971e-05;1e-12;-0,00351700352648879;-0,00377612613722903;-0,00377612613722903;-0,00352683543998461;0,00441998666320823;-0,0115233911524644;0,00392741071725012;-0,0115233911524644;0,00392741071725012;100;1;0,9;TRUE;0,79;0,8;FALSE;FALSE;0,21;0,79;0
"hs_pm25abs_yr_hs_h_Log";"hs_Gen_Tot";9,58594405990971e-05;1e-12;-0,00312017007991379;-0,0011333002898235;-0,0011333002898235;-0,00113482114338844;0,00543124377668358;-0,0109591942529703;0,00950650059123596;-0,0109591942529703;0,00950650059123596;100;1;0,9;TRUE;0,6;0,8;FALSE;FALSE;0,4;0,6;0
"hs_accesslines300_h_dic0";"hs_Gen_Tot";9,58594405990971e-05;1e-12;0,0349795600462502;0,0344585756403093;0,0344585756403093;0,0346399588433074;0,0133734770699149;0,00285736799747739;0,0563168904331919;0,00285736799747739;0,0563168904331919;100;1;0,9;TRUE;0,99;0,8;TRUE;TRUE;0,99;0,01;0
"hs_accesspoints300_h_Log";"hs_Gen_Tot";9,58594405990971e-05;1e-12;0,0106605682349967;0,0108397275633713;0,0108397275633713;0,0109843304461132;0,00475648290271925;0,0019293448912348;0,0203341640316395;0,0019293448912348;0,0203341640316395;100;1;0,9;TRUE;1;0,8;TRUE;TRUE;1;0;0
"hs_builtdens300_h_Sqrt";"hs_Gen_Tot";9,58594405990971e-05;1e-12;-0,00302507737259478;-0,00252960093698805;-0,00252960093698805;-0,00232859127426938;0,00509251966459152;-0,0127740271805417;0,00697484486486315;-0,0127740271805417;0,00697484486486315;100;1;0,9;TRUE;0,68;0,8;FALSE;FALSE;0,32;0,68;0
"hs_connind300_h_Log";"hs_Gen_Tot";9,58594405990971e-05;1e-12;0,00590443908625192;0,00507680275105648;0,00507680275105648;0,00500554917444579;0,00450534637276898;-0,00363048441417147;0,0141300544644575;-0,00363048441417147;0,0141300544644575;100;1;0,9;TRUE;0,88;0,8;TRUE;TRUE;0,88;0,12;0
"hs_fdensity300_h_Log";"hs_Gen_Tot";9,58594405990971e-05;1e-12;-0,0118518470432006;-0,0103128112259543;-0,0103128112259543;-0,0108016248382051;0,00453955005830352;-0,0194207554323112;-0,00231362758457402;-0,0194207554323112;-0,00231362758457402;100;1;0,9;TRUE;0,99;0,8;TRUE;TRUE;0,01;0,99;0
"hs_landuseshan300_h_None";"hs_Gen_Tot";9,58594405990971e-05;1e-12;-0,00635090819303787;-0,00553201422355078;-0,00553201422355078;-0,00526193268695531;0,00418541948202991;-0,0149335432292772;0,00255524172437078;-0,0149335432292772;0,00255524172437078;100;1;0,9;TRUE;0,91;0,8;TRUE;TRUE;0,09;0,91;0
"hs_popdens_h_Sqrt";"hs_Gen_Tot";9,58594405990971e-05;1e-12;-3,403386891593e-05;0,000209393159104673;0,000209393159104673;4,46032702650969e-05;0,00645492237417197;-0,0116615095085819;0,0118690627608908;-0,0116615095085819;0,0118690627608908;100;1;0,9;TRUE;0,49;0,8;FALSE;FALSE;0,51;0,49;0
"hs_walkability_mean_h_None";"hs_Gen_Tot";9,58594405990971e-05;1e-12;-0,00114621404764615;-0,00101800563513854;-0,00101800563513854;-0,00103358584360226;0,00413102493904293;-0,00852250381864922;0,00691570445954051;-0,00852250381864922;0,00691570445954051;100;1;0,9;TRUE;0,64;0,8;FALSE;FALSE;0,36;0,64;0
"hs_accesslines300_s_dic0";"hs_Gen_Tot";9,58594405990971e-05;1e-12;0,0383409763355305;0,036959097967395;0,036959097967395;0,0359558065325335;0,0123258236253609;0,0162826930542686;0,0618179805055244;0,0162826930542686;0,0618179805055244;100;1;0,9;TRUE;0,99;0,8;TRUE;TRUE;0,99;0,01;0
"hs_accesspoints300_s_Log";"hs_Gen_Tot";9,58594405990971e-05;1e-12;0,00975858649661016;0,00889224392959866;0,00889224392959866;0,00873529414285393;0,00459946521629554;-2,40924766794037e-06;0,0170030348165715;-2,40924766794037e-06;0,0170030348165715;100;1;0,9;TRUE;0,97;0,8;TRUE;TRUE;0,97;0,03;0
"hs_builtdens300_s_Sqrt";"hs_Gen_Tot";9,58594405990971e-05;1e-12;0,00311448107221752;0,00169324443060225;0,00169324443060225;0,00124463272661608;0,00475103335329214;-0,00607288191731953;0,0119136254956803;-0,00607288191731953;0,0119136254956803;100;1;0,9;TRUE;0,57;0,8;FALSE;FALSE;0,57;0,43;0
"hs_connind300_s_Log";"hs_Gen_Tot";9,58594405990971e-05;1e-12;0,00949641651229053;0,00841487054426312;0,00841487054426312;0,00813020905468757;0,00474998896888022;0,000908426299903939;0,0170655910783539;0,000908426299903939;0,0170655910783539;100;1;0,9;TRUE;0,98;0,8;TRUE;TRUE;0,98;0,02;0
"hs_fdensity300_s_Log";"hs_Gen_Tot";9,58594405990971e-05;1e-12;0,00614860136735001;0,00519820318808564;0,00519820318808564;0,0050642873924446;0,00530130074005699;-0,0037186801572871;0,0155378815073797;-0,0037186801572871;0,0155378815073797;100;1;0,9;TRUE;0,83;0,8;TRUE;TRUE;0,83;0,17;0
"hs_landuseshan300_s_None";"hs_Gen_Tot";9,58594405990971e-05;1e-12;0,00871160757622951;0,00840444620782471;0,00840444620782471;0,00804635761212131;0,00476960206634538;0,000853784545688497;0,018226721203174;0,000853784545688497;0,018226721203174;100;1;0,9;TRUE;0,98;0,8;TRUE;TRUE;0,98;0,02;0
"hs_popdens_s_Sqrt";"hs_Gen_Tot";9,58594405990971e-05;1e-12;-0,000360288601369463;-0,00036039649621421;-0,00036039649621421;-0,000818597743207288;0,00416557247451201;-0,00741713511062035;0,00723672204891427;-0,00741713511062035;0,00723672204891427;100;1;0,9;TRUE;0,59;0,8;FALSE;FALSE;0,41;0,59;0
"h_Absorbance_Log";"hs_Gen_Tot";9,58594405990971e-05;1e-12;-0,00316140074345707;-0,0031528427781497;-0,0031528427781497;-0,00308826731380006;0,00500465219176314;-0,0136834092617329;0,005742027358182;-0,0136834092617329;0,005742027358182;100;1;0,9;TRUE;0,74;0,8;FALSE;FALSE;0,26;0,74;0
"h_Benzene_Log";"hs_Gen_Tot";9,58594405990971e-05;1e-12;0,017623522214697;0,0150937754885933;0,0150937754885933;0,0160337518143409;0,00559107773564209;0,00288270396299986;0,0252132044408871;0,00288270396299986;0,0252132044408871;100;1;0,9;TRUE;0,99;0,8;TRUE;TRUE;0,99;0,01;0
"h_NO2_Log";"hs_Gen_Tot";9,58594405990971e-05;1e-12;-0,000192771076634387;0,000134705847823046;0,000134705847823046;-6,70007565508648e-05;0,00433668991072655;-0,00840616277669284;0,00803951219635177;-0,00840616277669284;0,00803951219635177;100;1;0,9;TRUE;0,5;0,8;FALSE;FALSE;0,5;0,5;0
"h_PM_Log";"hs_Gen_Tot";9,58594405990971e-05;1e-12;0,012041535153525;0,0102052133928922;0,0102052133928922;0,0101448778410385;0,00424136372653666;0,00174163872243665;0,0178699924283781;0,00174163872243665;0,0178699924283781;100;1;0,9;TRUE;0,99;0,8;TRUE;TRUE;0,99;0,01;0
"h_TEX_Log";"hs_Gen_Tot";9,58594405990971e-05;1e-12;-0,0015710965473324;-0,000850912496477155;-0,000850912496477155;-0,000684669621861077;0,00436138327410573;-0,00945370146982543;0,00658737086627799;-0,00945370146982543;0,00658737086627799;100;1;0,9;TRUE;0,56;0,8;FALSE;FALSE;0,44;0,56;0
"hs_KIDMED_None";"hs_Gen_Tot";9,58594405990971e-05;1e-12;-0,0137171548332228;-0,011928469322197;-0,011928469322197;-0,0123645613273357;0,00428096292037509;-0,0206366145732787;-0,00418815107537231;-0,0206366145732787;-0,00418815107537231;100;1;0,9;TRUE;1;0,8;TRUE;TRUE;0;1;0
"hs_mvpa_prd_alt_None";"hs_Gen_Tot";9,58594405990971e-05;1e-12;-0,0140745740413361;-0,0139319747476737;-0,0139319747476737;-0,0140531416612591;0,00408400027855413;-0,0216095083770503;-0,00608551445533394;-0,0216095083770503;-0,00608551445533394;100;1;0,9;TRUE;1;0,8;TRUE;TRUE;0;1;0
"hs_sd_wk_None";"hs_Gen_Tot";9,58594405990971e-05;1e-12;0,0108673842754415;0,00870278581289357;0,00870278581289357;0,00920232392272087;0,00552296134984115;-0,00107839509389722;0,0202097532309588;-0,00107839509389722;0,0202097532309588;100;1;0,9;TRUE;0,93;0,8;TRUE;TRUE;0,93;0,07;0
"hs_dif_hours_total_None";"hs_Gen_Tot";9,58594405990971e-05;1e-12;-0,0107171732203106;-0,00912370837268358;-0,00912370837268358;-0,00948380573071943;0,0044930404625794;-0,0164240495521503;3,60751092310427e-05;-0,0164240495521503;3,60751092310427e-05;100;1;0,9;TRUE;0,97;0,8;TRUE;TRUE;0,03;0,97;0
"hs_as_c_Log2";"hs_Gen_Tot";9,58594405990971e-05;1e-12;-0,00375395911661056;-0,00369326552447351;-0,00369326552447351;-0,00391279332830365;0,00415055090148996;-0,0112164230175626;0,00416401170507089;-0,0112164230175626;0,00416401170507089;100;1;0,9;TRUE;0,76;0,8;FALSE;FALSE;0,24;0,76;0
"hs_cd_c_Log2";"hs_Gen_Tot";9,58594405990971e-05;1e-12;0,00415732203142156;0,00347406404514156;0,00347406404514156;0,0035546217980945;0,00376723332775121;-0,00298522060109596;0,0108443783583412;-0,00298522060109596;0,0108443783583412;100;1;0,9;TRUE;0,82;0,8;TRUE;TRUE;0,82;0,18;0
"hs_co_c_Log2";"hs_Gen_Tot";9,58594405990971e-05;1e-12;-0,00469961327921165;-0,00404958096879944;-0,00404958096879944;-0,00412210773533407;0,00360046629699099;-0,0102089142031714;0,00254656490720937;-0,0102089142031714;0,00254656490720937;100;1;0,9;TRUE;0,88;0,8;TRUE;TRUE;0,12;0,88;0
"hs_cs_c_Log2";"hs_Gen_Tot";9,58594405990971e-05;1e-12;0,00802368819646276;0,00716816327391854;0,00716816327391854;0,00666685412535489;0,00438862361879991;0,000232811757607763;0,0156995435328825;0,000232811757607763;0,0156995435328825;100;1;0,9;TRUE;0,98;0,8;TRUE;TRUE;0,98;0,02;0
"hs_cu_c_Log2";"hs_Gen_Tot";9,58594405990971e-05;1e-12;0,00126313754386378;0,00106817160984478;0,00106817160984478;0,00112082205516495;0,0039290828884822;-0,00770065364700651;0,00812138561847652;-0,00770065364700651;0,00812138561847652;100;1;0,9;TRUE;0,64;0,8;FALSE;FALSE;0,64;0,36;0
"hs_hg_c_Log2";"hs_Gen_Tot";9,58594405990971e-05;1e-12;-0,000456477174084644;-0,000380240252280584;-0,000380240252280584;0,000137530536704439;0,00429467729127384;-0,00803408957712896;0,00667739374229355;-0,00803408957712896;0,00667739374229355;100;1;0,9;TRUE;0,48;0,8;FALSE;FALSE;0,52;0,48;0
"hs_mn_c_Log2";"hs_Gen_Tot";9,58594405990971e-05;1e-12;0,00301084358119412;0,00277218318640533;0,00277218318640533;0,00259863803927558;0,00329250806651986;-0,00323324603707714;0,0090523013391212;-0,00323324603707714;0,0090523013391212;100;1;0,9;TRUE;0,78;0,8;FALSE;FALSE;0,78;0,22;0
"hs_mo_c_Log2";"hs_Gen_Tot";9,58594405990971e-05;1e-12;-0,00220250119176573;-0,00245840061143087;-0,00245840061143087;-0,00290446439883537;0,00465333341547806;-0,0105874586667539;0,00775239501070175;-0,0105874586667539;0,00775239501070175;100;1;0,9;TRUE;0,74;0,8;FALSE;FALSE;0,26;0,74;0
"hs_pb_c_Log2";"hs_Gen_Tot";9,58594405990971e-05;1e-12;0,00611637214734244;0,0056900174924661;0,0056900174924661;0,00548702490478633;0,00397266578635922;-0,00233132725239028;0,0123407062331887;-0,00233132725239028;0,0123407062331887;100;1;0,9;TRUE;0,95;0,8;TRUE;TRUE;0,95;0,05;0
"hs_hum_mt_hs_h_None";"hs_Gen_Tot";9,58594405990971e-05;1e-12;0,000320895109786316;0,000494818820014973;0,000494818820014973;0,000284211593447981;0,00477404109654471;-0,00845961909928935;0,0106387947505893;-0,00845961909928935;0,0106387947505893;100;1;0,9;TRUE;0,52;0,8;FALSE;FALSE;0,52;0,48;0
"hs_tm_mt_hs_h_None";"hs_Gen_Tot";9,58594405990971e-05;1e-12;-0,00925441062044469;-0,00869541877931257;-0,00869541877931257;-0,00863555790554435;0,00505562092902506;-0,0182650641771653;-0,00058472315929012;-0,0182650641771653;-0,00058472315929012;100;1;0,9;TRUE;0,99;0,8;TRUE;TRUE;0,01;0,99;0
"hs_uvdvf_mt_hs_h_None";"hs_Gen_Tot";9,58594405990971e-05;1e-12;-0,00695898882583714;-0,00638315529469015;-0,00638315529469015;-0,00585417450695002;0,00486157167298339;-0,0172313916118774;0,00220284071384427;-0,0172313916118774;0,00220284071384427;100;1;0,9;TRUE;0,92;0,8;TRUE;TRUE;0,08;0,92;0
"hs_hum_dy_hs_h_None";"hs_Gen_Tot";9,58594405990971e-05;1e-12;-0,0080282533504428;-0,00714274964516487;-0,00714274964516487;-0,0069023273519239;0,00477694221882595;-0,0165589964800422;0,00147754132707566;-0,0165589964800422;0,00147754132707566;100;1;0,9;TRUE;0,91;0,8;TRUE;TRUE;0,09;0,91;0
"hs_hum_wk_hs_h_None";"hs_Gen_Tot";9,58594405990971e-05;1e-12;-0,00367499196110809;-0,00366962892825664;-0,00366962892825664;-0,00459489196071992;0,00502022184145549;-0,0128852447973562;0,00762375141046067;-0,0128852447973562;0,00762375141046067;100;1;0,9;TRUE;0,82;0,8;TRUE;TRUE;0,18;0,82;0
"hs_tm_dy_hs_h_None";"hs_Gen_Tot";9,58594405990971e-05;1e-12;-0,00676956154646914;-0,00563527837658225;-0,00563527837658225;-0,00583483969938684;0,00573621419316941;-0,0178417813678886;0,0048328751439218;-0,0178417813678886;0,0048328751439218;100;1;0,9;TRUE;0,86;0,8;TRUE;TRUE;0,14;0,86;0
"hs_tm_wk_hs_h_None";"hs_Gen_Tot";9,58594405990971e-05;1e-12;-0,000115486661823902;-0,000265067146774878;-0,000265067146774878;-7,99109715916079e-05;0,00451520718534215;-0,0081196564201156;0,00915497369541736;-0,0081196564201156;0,00915497369541736;100;1;0,9;TRUE;0,52;0,8;FALSE;FALSE;0,48;0,52;0
"hs_uvdvf_dy_hs_h_None";"hs_Gen_Tot";9,58594405990971e-05;1e-12;0,00788434486092945;0,00744480340904334;0,00744480340904334;0,00712283010283881;0,00481181189391469;-0,00142427012347629;0,0165947376718427;-0,00142427012347629;0,0165947376718427;100;1;0,9;TRUE;0,94;0,8;TRUE;TRUE;0,94;0,06;0
"hs_uvdvf_wk_hs_h_None";"hs_Gen_Tot";9,58594405990971e-05;1e-12;0,00670550158370493;0,00561606119876971;0,00561606119876971;0,00494829495043712;0,00523554986096024;-0,00422911023990248;0,0153184294416294;-0,00422911023990248;0,0153184294416294;100;1;0,9;TRUE;0,88;0,8;TRUE;TRUE;0,88;0,12;0
"hs_ndvi100_h_None";"hs_Gen_Tot";9,58594405990971e-05;1e-12;-0,0119749447974417;-0,0102155197198825;-0,0102155197198825;-0,00986919435743695;0,00547624200146299;-0,0213543377250074;-0,000300754048672109;-0,0213543377250074;-0,000300754048672109;100;1;0,9;TRUE;0,97;0,8;TRUE;TRUE;0,03;0,97;0
"hs_ndvi100_s_None";"hs_Gen_Tot";9,58594405990971e-05;1e-12;0,00702710513665791;0,00630852639886768;0,00630852639886768;0,00668239134374963;0,00570234039445581;-0,00370405498074579;0,0171739794564681;-0,00370405498074579;0,0171739794564681;100;1;0,9;TRUE;0,87;0,8;TRUE;TRUE;0,87;0,13;0
"hs_dde_cadj_Log2";"hs_Gen_Tot";9,58594405990971e-05;1e-12;-0,00794264914346113;-0,00720296231007293;-0,00720296231007293;-0,00689054374448633;0,00525921301072356;-0,0172705890259737;0,00215241053126408;-0,0172705890259737;0,00215241053126408;100;1;0,9;TRUE;0,91;0,8;TRUE;TRUE;0,09;0,91;0
"hs_ddt_cadj_Log2";"hs_Gen_Tot";9,58594405990971e-05;1e-12;-0,00677034698175063;-0,00521700340766662;-0,00521700340766662;-0,00518453474922959;0,0044364729946066;-0,0137728787643963;0,00270872937032742;-0,0137728787643963;0,00270872937032742;100;1;0,9;TRUE;0,88;0,8;TRUE;TRUE;0,12;0,88;0
"hs_hcb_cadj_Log2";"hs_Gen_Tot";9,58594405990971e-05;1e-12;-0,00316012101350112;-0,00660977745263396;-0,00660977745263396;-0,00609875409771742;0,00680956773188343;-0,0215346148435991;0,00455308487392783;-0,0215346148435991;0,00455308487392783;100;1;0,9;TRUE;0,81;0,8;TRUE;TRUE;0,19;0,81;0
"hs_pcb118_cadj_Log2";"hs_Gen_Tot";9,58594405990971e-05;1e-12;0,0140169701176889;0,0123686295906681;0,0123686295906681;0,01220656765876;0,00439355519418805;0,00401853444608298;0,0207369410955216;0,00401853444608298;0,0207369410955216;100;1;0,9;TRUE;1;0,8;TRUE;TRUE;1;0;0
"hs_pcb138_cadj_Log2";"hs_Gen_Tot";9,58594405990971e-05;1e-12;0,00676172617802563;0,00607786318970975;0,00607786318970975;0,00659718283413902;0,00484477777457287;-0,00384438202173836;0,0140316460881393;-0,00384438202173836;0,0140316460881393;100;1;0,9;TRUE;0,91;0,8;TRUE;TRUE;0,91;0,09;0
"hs_pcb153_cadj_Log2";"hs_Gen_Tot";9,58594405990971e-05;1e-12;0,00271435774383345;0,00261484882900925;0,00261484882900925;0,00277023339076452;0,00390584719487518;-0,00580282113691323;0,00880131210344766;-0,00580282113691323;0,00880131210344766;100;1;0,9;TRUE;0,8;0,8;TRUE;TRUE;0,8;0,2;0
"hs_pcb170_cadj_Log2";"hs_Gen_Tot";9,58594405990971e-05;1e-12;-0,00277011291533265;-0,00317341465976216;-0,00317341465976216;-0,00307495854160289;0,00416426183791617;-0,0105302124356451;0,00502365195354091;-0,0105302124356451;0,00502365195354091;100;1;0,9;TRUE;0,77;0,8;FALSE;FALSE;0,23;0,77;0
"hs_pcb180_cadj_Log2";"hs_Gen_Tot";9,58594405990971e-05;1e-12;-0,011995391658457;-0,00937228303111557;-0,00937228303111557;-0,00927712743172658;0,00627059327045159;-0,0197178409220712;0,00260638356626357;-0,0197178409220712;0,00260638356626357;100;1;0,9;TRUE;0,91;0,8;TRUE;TRUE;0,09;0,91;0
"hs_sumPCBs5_cadj_Log2";"hs_Gen_Tot";9,58594405990971e-05;1e-12;-0,0095055623550612;-0,0077699197807923;-0,0077699197807923;-0,00749551594869554;0,00456660895204063;-0,0161386515531898;0,00020713700829976;-0,0161386515531898;0,00020713700829976;100;1;0,9;TRUE;0,97;0,8;TRUE;TRUE;0,03;0,97;0
"hs_pfhxs_c_Log2";"hs_Gen_Tot";9,58594405990971e-05;1e-12;0,0118278523719898;0,0109510954146743;0,0109510954146743;0,0103221759992118;0,0051195390572235;0,00188883807747815;0,0198274847463842;0,00188883807747815;0,0198274847463842;100;1;0,9;TRUE;1;0,8;TRUE;TRUE;1;0;0
"hs_pfna_c_Log2";"hs_Gen_Tot";9,58594405990971e-05;1e-12;0,0022021875338847;0,00200456271137533;0,00200456271137533;0,00205567483703775;0,00441240199527113;-0,00691919167842587;0,010087352861939;-0,00691919167842587;0,010087352861939;100;1;0,9;TRUE;0,7;0,8;FALSE;FALSE;0,7;0,3;0
"hs_pfoa_c_Log2";"hs_Gen_Tot";9,58594405990971e-05;1e-12;-0,00984920467043727;-0,00835461571699541;-0,00835461571699541;-0,00870732480816525;0,00470534083971929;-0,0171846996532927;0,000833428751124736;-0,0171846996532927;0,000833428751124736;100;1;0,9;TRUE;0,95;0,8;TRUE;TRUE;0,05;0,95;0
"hs_pfos_c_Log2";"hs_Gen_Tot";9,58594405990971e-05;1e-12;-0,0111198732495748;-0,0093077428662225;-0,0093077428662225;-0,00948049049690263;0,00504892077741908;-0,018323239157815;0,000340016373100874;-0,018323239157815;0,000340016373100874;100;1;0,9;TRUE;0,96;0,8;TRUE;TRUE;0,04;0,96;0
"hs_pfunda_c_Log2";"hs_Gen_Tot";9,58594405990971e-05;1e-12;0,00126671804636661;0,000851122084230961;0,000851122084230961;0,000895221558000594;0,00393640931323947;-0,00594176179427486;0,00869949652676137;-0,00594176179427486;0,00869949652676137;100;1;0,9;TRUE;0,57;0,8;FALSE;FALSE;0,57;0,43;0
"hs_hm_pers_None";"hs_Gen_Tot";9,58594405990971e-05;1e-12;0,00122120355722557;0,00144427227367563;0,00144427227367563;0,00135570755680219;0,00419206333640452;-0,00584623375310218;0,00981601860404062;-0,00584623375310218;0,00981601860404062;100;1;0,9;TRUE;0,62;0,8;FALSE;FALSE;0,62;0,38;0
"hs_trafload_h_pow1over3";"hs_Gen_Tot";9,58594405990971e-05;1e-12;0,00309503188889529;0,00235377464998484;0,00235377464998484;0,00204828317889685;0,0040220097370314;-0,00393641869172537;0,0114018300506946;-0,00393641869172537;0,0114018300506946;100;1;0,9;TRUE;0,68;0,8;FALSE;FALSE;0,68;0,32;0
"hs_trafnear_h_pow1over3";"hs_Gen_Tot";9,58594405990971e-05;1e-12;0,00319691053365166;0,00231684310446378;0,00231684310446378;0,00180805740726558;0,00460645890712882;-0,00541365531117519;0,0114718458511789;-0,00541365531117519;0,0114718458511789;100;1;0,9;TRUE;0,7;0,8;FALSE;FALSE;0,7;0,3;0
"FAS_cat_None_Low";"hs_Gen_Tot";9,58594405990971e-05;1e-12;0,0335376008444174;0,0311793191857917;0,0311793191857917;0,0314832180110855;0,018595820774718;-0,00856983031908685;0,0661177598811918;-0,00856983031908685;0,0661177598811918;100;1;0,9;TRUE;0,95;0,8;TRUE;TRUE;0,95;0,05;0
"FAS_cat_None_Middle";"hs_Gen_Tot";9,58594405990971e-05;1e-12;0,0109695736134611;0,0105835175242061;0,0105835175242061;0,00962375434941585;0,0086884690488074;-0,0052859225831539;0,0259477874030066;-0,0052859225831539;0,0259477874030066;100;1;0,9;TRUE;0,9;0,8;TRUE;TRUE;0,9;0,1;0
"hs_globalexp2_None_no exposure";"hs_Gen_Tot";9,58594405990971e-05;1e-12;0,0132462468619599;0,0125340184537722;0,0125340184537722;0,0120924174894225;0,00749371380214771;-0,000106000914771804;0,0243997445687469;-0,000106000914771804;0,0243997445687469;100;1;0,9;TRUE;0,97;0,8;TRUE;TRUE;0,97;0,03;0
"hs_no2_dy_hs_h_Log";"hs_bmi_c_cat";9,58594405990971e-05;1e-12;-0,0541065188629015;-0,0449787599538685;-0,0449787599538685;-0,0454044154664726;0,0688632023709737;-0,154333399769838;0,0917203488753401;-0,154333399769838;0,0917203488753401;100;1;0,9;TRUE;0,78;0,8;FALSE;FALSE;0,22;0,78;0
"hs_no2_wk_hs_h_Log";"hs_bmi_c_cat";9,58594405990971e-05;1e-12;0,163720967956827;0,162725521319833;0,162725521319833;0,167773815576531;0,0600893466146065;0,0412103611081264;0,270550370863675;0,0412103611081264;0,270550370863675;100;1;0,9;TRUE;1;0,8;TRUE;TRUE;1;0;0
"hs_no2_yr_hs_h_Log";"hs_bmi_c_cat";9,58594405990971e-05;1e-12;0,151011009826772;0,14879728526818;0,14879728526818;0,144989269115937;0,0644929360037673;0,00724745392931594;0,268028105827008;0,00724745392931594;0,268028105827008;100;1;0,9;TRUE;0,99;0,8;TRUE;TRUE;0,99;0,01;0
"hs_pm10_dy_hs_h_None";"hs_bmi_c_cat";9,58594405990971e-05;1e-12;0,107599224456287;0,102888446680344;0,102888446680344;0,112850578431112;0,0770602037822358;-0,0402074657216007;0,256495369394558;-0,0402074657216007;0,256495369394558;100;1;0,9;TRUE;0,9;0,8;TRUE;TRUE;0,9;0,1;0
"hs_pm10_wk_hs_h_None";"hs_bmi_c_cat";9,58594405990971e-05;1e-12;-0,150088896854253;-0,129476786969789;-0,129476786969789;-0,135828429108226;0,0768061803858244;-0,241346680961244;0,0491712991765862;-0,241346680961244;0,0491712991765862;100;1;0,9;TRUE;0,93;0,8;TRUE;TRUE;0,07;0,93;0
"hs_pm10_yr_hs_h_None";"hs_bmi_c_cat";9,58594405990971e-05;1e-12;-0,125452014629178;-0,11233674300477;-0,11233674300477;-0,109616689543576;0,0578328705668996;-0,221059264347844;0,0144910421999311;-0,221059264347844;0,0144910421999311;100;1;0,9;TRUE;0,95;0,8;TRUE;TRUE;0,05;0,95;0
"hs_pm25_dy_hs_h_None";"hs_bmi_c_cat";9,58594405990971e-05;1e-12;0,0989728863236234;0,0949185773123807;0,0949185773123807;0,094483031686901;0,0771371236654455;-0,0437387185385219;0,24247500170429;-0,0437387185385219;0,24247500170429;100;1;0,9;TRUE;0,91;0,8;TRUE;TRUE;0,91;0,09;0
"hs_pm25_wk_hs_h_None";"hs_bmi_c_cat";9,58594405990971e-05;1e-12;-0,0197408077411336;-0,013430315513549;-0,013430315513549;-0,0107369173502257;0,0684265974783852;-0,144483250519792;0,110001401881494;-0,144483250519792;0,110001401881494;100;1;0,9;TRUE;0,59;0,8;FALSE;FALSE;0,41;0,59;0
"hs_pm25_yr_hs_h_None";"hs_bmi_c_cat";9,58594405990971e-05;1e-12;0,0776396588079709;0,0744314780292268;0,0744314780292268;0,0684745858047798;0,0680461134246197;-0,0678300600806958;0,202105245651824;-0,0678300600806958;0,202105245651824;100;1;0,9;TRUE;0,89;0,8;TRUE;TRUE;0,89;0,11;0
"hs_pm25abs_dy_hs_h_Log";"hs_bmi_c_cat";9,58594405990971e-05;1e-12;-0,0392907097215867;-0,039523287507448;-0,039523287507448;-0,0375114136217889;0,065506955575699;-0,169882535794605;0,0809808382527242;-0,169882535794605;0,0809808382527242;100;1;0,9;TRUE;0,75;0,8;FALSE;FALSE;0,25;0,75;0
"hs_pm25abs_wk_hs_h_Log";"hs_bmi_c_cat";9,58594405990971e-05;1e-12;0,0237825298983412;0,0266679658816901;0,0266679658816901;0,0288555122031972;0,0689998006361756;-0,102976515105543;0,179670045151058;-0,102976515105543;0,179670045151058;100;1;0,9;TRUE;0,71;0,8;FALSE;FALSE;0,71;0,29;0
"hs_pm25abs_yr_hs_h_Log";"hs_bmi_c_cat";9,58594405990971e-05;1e-12;0,0685316158150837;0,0617675067238681;0,0617675067238681;0,0591595227263902;0,0722465717544184;-0,0833210534840423;0,186014484625654;-0,0833210534840423;0,186014484625654;100;1;0,9;TRUE;0,82;0,8;TRUE;TRUE;0,82;0,18;0
"hs_accesslines300_h_dic0";"hs_bmi_c_cat";9,58594405990971e-05;1e-12;-0,273410389292943;-0,26697921348473;-0,26697921348473;-0,271892712641266;0,171850560324284;-0,576559704564309;0,0479211038639249;-0,576559704564309;0,0479211038639249;100;1;0,9;TRUE;0,94;0,8;TRUE;TRUE;0,06;0,94;0
"hs_accesspoints300_h_Log";"hs_bmi_c_cat";9,58594405990971e-05;1e-12;-0,0591581555855051;-0,0628210545856538;-0,0628210545856538;-0,0635944949897272;0,07838780580023;-0,217820419813392;0,0858884758370824;-0,217820419813392;0,0858884758370824;100;1;0,9;TRUE;0,77;0,8;FALSE;FALSE;0,23;0,77;0
"hs_builtdens300_h_Sqrt";"hs_bmi_c_cat";9,58594405990971e-05;1e-12;-0,0704618214650625;-0,0676175435346654;-0,0676175435346654;-0,069919985346227;0,0686184148478736;-0,179145450770328;0,0671885386442037;-0,179145450770328;0,0671885386442037;100;1;0,9;TRUE;0,83;0,8;TRUE;TRUE;0,17;0,83;0
"hs_connind300_h_Log";"hs_bmi_c_cat";9,58594405990971e-05;1e-12;0,0735891490113605;0,0744361561985428;0,0744361561985428;0,0785329308182496;0,0707416815541123;-0,0593064842702792;0,201204905015855;-0,0593064842702792;0,201204905015855;100;1;0,9;TRUE;0,84;0,8;TRUE;TRUE;0,84;0,16;0
"hs_fdensity300_h_Log";"hs_bmi_c_cat";9,58594405990971e-05;1e-12;-0,0599528568614124;-0,0638212805169164;-0,0638212805169164;-0,0565357712715774;0,0724923312191385;-0,188871558795003;0,0595186646092739;-0,188871558795003;0,0595186646092739;100;1;0,9;TRUE;0,8;0,8;TRUE;TRUE;0,2;0,8;0
"hs_landuseshan300_h_None";"hs_bmi_c_cat";9,58594405990971e-05;1e-12;-0,0483426182873141;-0,048206871727707;-0,048206871727707;-0,0483931812744617;0,0643420935447881;-0,168116571641708;0,0703210248209078;-0,168116571641708;0,0703210248209078;100;1;0,9;TRUE;0,78;0,8;FALSE;FALSE;0,22;0,78;0
"hs_popdens_h_Sqrt";"hs_bmi_c_cat";9,58594405990971e-05;1e-12;0,122512229662256;0,125116525387789;0,125116525387789;0,124697085530891;0,0727193039911792;-0,0186539476425151;0,261771867979313;-0,0186539476425151;0,261771867979313;100;1;0,9;TRUE;0,96;0,8;TRUE;TRUE;0,96;0,04;0
"hs_walkability_mean_h_None";"hs_bmi_c_cat";9,58594405990971e-05;1e-12;-0,0046192837348694;-0,00756701064862923;-0,00756701064862923;-0,0114553944866205;0,0711199595167604;-0,139049643200199;0,139634680484361;-0,139049643200199;0,139634680484361;100;1;0,9;TRUE;0,54;0,8;FALSE;FALSE;0,46;0,54;0
"hs_accesslines300_s_dic0";"hs_bmi_c_cat";9,58594405990971e-05;1e-12;0,00603011498141139;0,00840726129411055;0,00840726129411055;0,0079159340648861;0,146595843509788;-0,25869042933702;0,293450152531267;-0,25869042933702;0,293450152531267;100;1;0,9;TRUE;0,52;0,8;FALSE;FALSE;0,52;0,48;0
"hs_accesspoints300_s_Log";"hs_bmi_c_cat";9,58594405990971e-05;1e-12;-0,222708538074948;-0,225988785158151;-0,225988785158151;-0,224151782849164;0,0818570168212484;-0,383570199161389;-0,079397109411689;-0,383570199161389;-0,079397109411689;100;1;0,9;TRUE;1;0,8;TRUE;TRUE;0;1;0
"hs_builtdens300_s_Sqrt";"hs_bmi_c_cat";9,58594405990971e-05;1e-12;-0,00138191785320922;-0,0026139416859707;-0,0026139416859707;0,00291638321637642;0,0685769080553785;-0,145833817435982;0,114124600012545;-0,145833817435982;0,114124600012545;100;1;0,9;TRUE;0,47;0,8;FALSE;FALSE;0,53;0,47;0
"hs_connind300_s_Log";"hs_bmi_c_cat";9,58594405990971e-05;1e-12;-0,0842059088376271;-0,0859293022800279;-0,0859293022800279;-0,0840715754192281;0,0778909301282468;-0,22237555858501;0,0452629243579034;-0,22237555858501;0,0452629243579034;100;1;0,9;TRUE;0,84;0,8;TRUE;TRUE;0,16;0,84;0
"hs_fdensity300_s_Log";"hs_bmi_c_cat";9,58594405990971e-05;1e-12;-0,0623278105988427;-0,0629963999478045;-0,0629963999478045;-0,0685223024522919;0,0736583269400235;-0,198806209571994;0,0912663206548195;-0,198806209571994;0,0912663206548195;100;1;0,9;TRUE;0,83;0,8;TRUE;TRUE;0,17;0,83;0
"hs_landuseshan300_s_None";"hs_bmi_c_cat";9,58594405990971e-05;1e-12;-0,12539672100938;-0,130922979755745;-0,130922979755745;-0,130640689734177;0,073745460610845;-0,283930870482289;0,0186146436125295;-0,283930870482289;0,0186146436125295;100;1;0,9;TRUE;0,96;0,8;TRUE;TRUE;0,04;0,96;0
"hs_popdens_s_Sqrt";"hs_bmi_c_cat";9,58594405990971e-05;1e-12;-0,0676080496261151;-0,0682921610269538;-0,0682921610269538;-0,066219361758187;0,0727005259401354;-0,210112164194943;0,0687977602922911;-0,210112164194943;0,0687977602922911;100;1;0,9;TRUE;0,81;0,8;TRUE;TRUE;0,19;0,81;0
"h_Absorbance_Log";"hs_bmi_c_cat";9,58594405990971e-05;1e-12;-0,0476494621911103;-0,0453573713982738;-0,0453573713982738;-0,0442856768436742;0,0773633911246;-0,17571583581625;0,103121436111941;-0,17571583581625;0,103121436111941;100;1;0,9;TRUE;0,73;0,8;FALSE;FALSE;0,27;0,73;0
"h_Benzene_Log";"hs_bmi_c_cat";9,58594405990971e-05;1e-12;0,00888350176831766;0,00490397069115409;0,00490397069115409;0,00306055548318698;0,0643616847296286;-0,125160760813456;0,133132021500308;-0,125160760813456;0,133132021500308;100;1;0,9;TRUE;0,52;0,8;FALSE;FALSE;0,52;0,48;0
"h_NO2_Log";"hs_bmi_c_cat";9,58594405990971e-05;1e-12;0,0253165586042306;0,0279673037950496;0,0279673037950496;0,0193609666964966;0,0818294510000751;-0,109928603372581;0,204445287260046;-0,109928603372581;0,204445287260046;100;1;0,9;TRUE;0,64;0,8;FALSE;FALSE;0,64;0,36;0
"h_PM_Log";"hs_bmi_c_cat";9,58594405990971e-05;1e-12;0,106520384419149;0,105518860930564;0,105518860930564;0,105651171293092;0,0652436944226061;-0,0179540575931006;0,239605634493718;-0,0179540575931006;0,239605634493718;100;1;0,9;TRUE;0,95;0,8;TRUE;TRUE;0,95;0,05;0
"h_TEX_Log";"hs_bmi_c_cat";9,58594405990971e-05;1e-12;0,029591193568478;0,0275725563667367;0,0275725563667367;0,0259614564297232;0,078699405136197;-0,0900186733277224;0,20381449974696;-0,0900186733277224;0,20381449974696;100;1;0,9;TRUE;0,65;0,8;FALSE;FALSE;0,65;0,35;0
"hs_KIDMED_None";"hs_bmi_c_cat";9,58594405990971e-05;1e-12;0,112327885629672;0,113688694864207;0,113688694864207;0,121127041870354;0,0661810043356056;-0,0089522004689581;0,233614522480048;-0,0089522004689581;0,233614522480048;100;1;0,9;TRUE;0,95;0,8;TRUE;TRUE;0,95;0,05;0
"hs_mvpa_prd_alt_None";"hs_bmi_c_cat";9,58594405990971e-05;1e-12;-0,00789959297207523;-0,00324209449455062;-0,00324209449455062;0,00374244771504238;0,0719854473387045;-0,126111749325996;0,119516827318887;-0,126111749325996;0,119516827318887;100;1;0,9;TRUE;0,48;0,8;FALSE;FALSE;0,52;0,48;0
"hs_sd_wk_None";"hs_bmi_c_cat";9,58594405990971e-05;1e-12;0,0295946034002414;0,0273989126770719;0,0273989126770719;0,0229576749748476;0,0730500066531425;-0,101071408648173;0,186495539805302;-0,101071408648173;0,186495539805302;100;1;0,9;TRUE;0,63;0,8;FALSE;FALSE;0,63;0,37;0
"hs_dif_hours_total_None";"hs_bmi_c_cat";9,58594405990971e-05;1e-12;-0,0895298883984081;-0,0915696321995761;-0,0915696321995761;-0,10357692153181;0,0664168538796939;-0,197898291662604;0,0303537321479902;-0,197898291662604;0,0303537321479902;100;1;0,9;TRUE;0,9;0,8;TRUE;TRUE;0,1;0,9;0
"hs_as_c_Log2";"hs_bmi_c_cat";9,58594405990971e-05;1e-12;-0,00790030294944669;-0,00564609956771232;-0,00564609956771232;-0,0105139679620398;0,0589869571680761;-0,118247723563951;0,115098248061983;-0,118247723563951;0,115098248061983;100;1;0,9;TRUE;0,57;0,8;FALSE;FALSE;0,43;0,57;0
"hs_cd_c_Log2";"hs_bmi_c_cat";9,58594405990971e-05;1e-12;0,00472742145541359;0,00398240452520442;0,00398240452520442;0,0103480894330287;0,0768378355430604;-0,156808253772472;0,148260533503005;-0,156808253772472;0,148260533503005;100;1;0,9;TRUE;0,56;0,8;FALSE;FALSE;0,56;0,44;0
"hs_co_c_Log2";"hs_bmi_c_cat";9,58594405990971e-05;1e-12;-0,0892269387511611;-0,0915864108215286;-0,0915864108215286;-0,0968945567493846;0,0518959347905744;-0,187596741206915;0,00727504411745009;-0,187596741206915;0,00727504411745009;100;1;0,9;TRUE;0,94;0,8;TRUE;TRUE;0,06;0,94;0
"hs_cs_c_Log2";"hs_bmi_c_cat";9,58594405990971e-05;1e-12;0,185252378412998;0,180683448727353;0,180683448727353;0,18595702358742;0,0766477789845526;0,0301981985114687;0,322303179179113;0,0301981985114687;0,322303179179113;100;1;0,9;TRUE;0,98;0,8;TRUE;TRUE;0,98;0,02;0
"hs_cu_c_Log2";"hs_bmi_c_cat";9,58594405990971e-05;1e-12;0,230105109927491;0,237016701344551;0,237016701344551;0,241194317474405;0,0678677885772756;0,0980694090304575;0,376539299516092;0,0980694090304575;0,376539299516092;100;1;0,9;TRUE;1;0,8;TRUE;TRUE;1;0;0
"hs_hg_c_Log2";"hs_bmi_c_cat";9,58594405990971e-05;1e-12;-0,0440438535940474;-0,0433378096080556;-0,0433378096080556;-0,0444393678383716;0,0633100515778217;-0,162395549279025;0,0696635382957869;-0,162395549279025;0,0696635382957869;100;1;0,9;TRUE;0,75;0,8;FALSE;FALSE;0,25;0,75;0
"hs_mn_c_Log2";"hs_bmi_c_cat";9,58594405990971e-05;1e-12;-0,0145778751333426;-0,0183153135280624;-0,0183153135280624;-0,0251366620118606;0,0636304778635976;-0,139126830416644;0,107054160617822;-0,139126830416644;0,107054160617822;100;1;0,9;TRUE;0,64;0,8;FALSE;FALSE;0,36;0,64;0
"hs_mo_c_Log2";"hs_bmi_c_cat";9,58594405990971e-05;1e-12;-0,0501468733305174;-0,0571641198011638;-0,0571641198011638;-0,0535830871546027;0,0584125524821303;-0,165909799436337;0,0480107964365432;-0,165909799436337;0,0480107964365432;100;1;0,9;TRUE;0,83;0,8;TRUE;TRUE;0,17;0,83;0
"hs_pb_c_Log2";"hs_bmi_c_cat";9,58594405990971e-05;1e-12;-0,122537336298884;-0,121012250718381;-0,121012250718381;-0,125735006615687;0,065533748310999;-0,226993446685417;0,00576960470820087;-0,226993446685417;0,00576960470820087;100;1;0,9;TRUE;0,96;0,8;TRUE;TRUE;0,04;0,96;0
"hs_hum_mt_hs_h_None";"hs_bmi_c_cat";9,58594405990971e-05;1e-12;0,152679908637064;0,15647812683828;0,15647812683828;0,155612901281373;0,0728344350801835;0,0274950719730494;0,288941282279304;0,0274950719730494;0,288941282279304;100;1;0,9;TRUE;0,99;0,8;TRUE;TRUE;0,99;0,01;0
"hs_tm_mt_hs_h_None";"hs_bmi_c_cat";9,58594405990971e-05;1e-12;0,0288812060236828;0,0311284413772657;0,0311284413772657;0,0281145685145953;0,0593490678369315;-0,0723236915442356;0,143087122033784;-0,0723236915442356;0,143087122033784;100;1;0,9;TRUE;0,66;0,8;FALSE;FALSE;0,66;0,34;0
"hs_uvdvf_mt_hs_h_None";"hs_bmi_c_cat";9,58594405990971e-05;1e-12;0,137492677643596;0,133179566670941;0,133179566670941;0,135642852332853;0,0645964455883743;0,0154354686576016;0,243220916670038;0,0154354686576016;0,243220916670038;100;1;0,9;TRUE;0,99;0,8;TRUE;TRUE;0,99;0,01;0
"hs_hum_dy_hs_h_None";"hs_bmi_c_cat";9,58594405990971e-05;1e-12;0,0357951688652782;0,0362555886286939;0,0362555886286939;0,0271521227275334;0,070765382363252;-0,0830110007137382;0,165202022238919;-0,0830110007137382;0,165202022238919;100;1;0,9;TRUE;0,66;0,8;FALSE;FALSE;0,66;0,34;0
"hs_hum_wk_hs_h_None";"hs_bmi_c_cat";9,58594405990971e-05;1e-12;0,00804019238693923;0,00997535161694814;0,00997535161694814;-0,00529789015191454;0,0786091977503197;-0,102846984206832;0,186564568053251;-0,102846984206832;0,186564568053251;100;1;0,9;TRUE;0,46;0,8;FALSE;FALSE;0,46;0,54;0
"hs_tm_dy_hs_h_None";"hs_bmi_c_cat";9,58594405990971e-05;1e-12;-0,0738262541611399;-0,0738819170222883;-0,0738819170222883;-0,0711996287224141;0,0786406666716916;-0,234261563823115;0,0833268170669687;-0,234261563823115;0,0833268170669687;100;1;0,9;TRUE;0,85;0,8;TRUE;TRUE;0,15;0,85;0
"hs_tm_wk_hs_h_None";"hs_bmi_c_cat";9,58594405990971e-05;1e-12;0,0209468386222436;0,0182198183944228;0,0182198183944228;0,0170979999184424;0,0482103309662316;-0,0676202176047546;0,114475751712114;-0,0676202176047546;0,114475751712114;100;1;0,9;TRUE;0,63;0,8;FALSE;FALSE;0,63;0,37;0
"hs_uvdvf_dy_hs_h_None";"hs_bmi_c_cat";9,58594405990971e-05;1e-12;-0,0786549818164793;-0,0764858057394037;-0,0764858057394037;-0,0723802306269789;0,0550459581281439;-0,172913521234924;0,0402154915458069;-0,172913521234924;0,0402154915458069;100;1;0,9;TRUE;0,92;0,8;TRUE;TRUE;0,08;0,92;0
"hs_uvdvf_wk_hs_h_None";"hs_bmi_c_cat";9,58594405990971e-05;1e-12;-0,0907666271155862;-0,0876766438411086;-0,0876766438411086;-0,0803011220262141;0,0572701677938051;-0,226087174496319;-0,000577166516810378;-0,226087174496319;-0,000577166516810378;100;1;0,9;TRUE;0,97;0,8;TRUE;TRUE;0,03;0,97;0
"hs_ndvi100_h_None";"hs_bmi_c_cat";9,58594405990971e-05;1e-12;0,0207562505651531;0,0214409453481829;0,0214409453481829;0,0164460137164613;0,0698072264489289;-0,0950665583014445;0,174189468833831;-0,0950665583014445;0,174189468833831;100;1;0,9;TRUE;0,62;0,8;FALSE;FALSE;0,62;0,38;0
"hs_ndvi100_s_None";"hs_bmi_c_cat";9,58594405990971e-05;1e-12;-0,112324918268647;-0,112626529519859;-0,112626529519859;-0,102300483283203;0,0820624321189765;-0,285567670417929;0,0175452828147616;-0,285567670417929;0,0175452828147616;100;1;0,9;TRUE;0,92;0,8;TRUE;TRUE;0,08;0,92;0
"hs_dde_cadj_Log2";"hs_bmi_c_cat";9,58594405990971e-05;1e-12;-0,189431944606452;-0,184195775101797;-0,184195775101797;-0,187781729196274;0,0857201304138995;-0,364336172510111;-0,0039439959946069;-0,364336172510111;-0,0039439959946069;100;1;0,9;TRUE;0,98;0,8;TRUE;TRUE;0,02;0,98;0
"hs_ddt_cadj_Log2";"hs_bmi_c_cat";9,58594405990971e-05;1e-12;-0,0237627572651083;-0,0308651889677984;-0,0308651889677984;-0,0258998404111131;0,0679739668718123;-0,158705802395171;0,101123733344511;-0,158705802395171;0,101123733344511;100;1;0,9;TRUE;0,7;0,8;FALSE;FALSE;0,3;0,7;0
"hs_hcb_cadj_Log2";"hs_bmi_c_cat";9,58594405990971e-05;1e-12;-0,201827067474445;-0,27018943584966;-0,27018943584966;-0,214274153907959;0,155489545996406;-0,579921710778223;-0,0625930727450383;-0,579921710778223;-0,0625930727450383;100;1;0,9;TRUE;1;0,8;TRUE;TRUE;0;1;0
"hs_pcb118_cadj_Log2";"hs_bmi_c_cat";9,58594405990971e-05;1e-12;0,0522797239258034;0,0461523476460122;0,0461523476460122;0,0420509927772318;0,067522089349783;-0,064379819941211;0,172386445867544;-0,064379819941211;0,172386445867544;100;1;0,9;TRUE;0,72;0,8;FALSE;FALSE;0,72;0,28;0
"hs_pcb138_cadj_Log2";"hs_bmi_c_cat";9,58594405990971e-05;1e-12;0,127551506897034;0,104660303383624;0,104660303383624;0,114851657289939;0,084802782753993;-0,117205870897454;0,234209295255096;-0,117205870897454;0,234209295255096;100;1;0,9;TRUE;0,9;0,8;TRUE;TRUE;0,9;0,1;0
"hs_pcb153_cadj_Log2";"hs_bmi_c_cat";9,58594405990971e-05;1e-12;-0,214169755888354;-0,203329499316943;-0,203329499316943;-0,202419714586412;0,065529593643032;-0,319807801447657;-0,0820351775602232;-0,319807801447657;-0,0820351775602232;100;1;0,9;TRUE;1;0,8;TRUE;TRUE;0;1;0
"hs_pcb170_cadj_Log2";"hs_bmi_c_cat";9,58594405990971e-05;1e-12;-0,308701179550861;-0,31102942254099;-0,31102942254099;-0,318783451556791;0,0834672784829776;-0,488010322558376;-0,157026352825434;-0,488010322558376;-0,157026352825434;100;1;0,9;TRUE;1;0,8;TRUE;TRUE;0;1;0
"hs_pcb180_cadj_Log2";"hs_bmi_c_cat";9,58594405990971e-05;1e-12;-0,0336823436870311;-0,0424137228687416;-0,0424137228687416;-0,0437862531705693;0,0684548268667223;-0,168068097422536;0,0961589090733524;-0,168068097422536;0,0961589090733524;100;1;0,9;TRUE;0,75;0,8;FALSE;FALSE;0,25;0,75;0
"hs_sumPCBs5_cadj_Log2";"hs_bmi_c_cat";9,58594405990971e-05;1e-12;-0,287877640356387;-0,272255950203824;-0,272255950203824;-0,277941039071387;0,0639392381009246;-0,387926984245787;-0,145095089062765;-0,387926984245787;-0,145095089062765;100;1;0,9;TRUE;1;0,8;TRUE;TRUE;0;1;0
"hs_pfhxs_c_Log2";"hs_bmi_c_cat";9,58594405990971e-05;1e-12;-0,0162187716515062;-0,0146887560882151;-0,0146887560882151;-0,00640649627874574;0,0772327478176128;-0,170172724360653;0,130461236335249;-0,170172724360653;0,130461236335249;100;1;0,9;TRUE;0,53;0,8;FALSE;FALSE;0,47;0,53;0
"hs_pfna_c_Log2";"hs_bmi_c_cat";9,58594405990971e-05;1e-12;0,00159297686277089;-0,0015881839021485;-0,0015881839021485;0,00137213655974633;0,0849056802825524;-0,155409115900975;0,129968254310715;-0,155409115900975;0,129968254310715;100;1;0,9;TRUE;0,51;0,8;FALSE;FALSE;0,51;0,49;0
"hs_pfoa_c_Log2";"hs_bmi_c_cat";9,58594405990971e-05;1e-12;-0,0186766794053359;-0,0180340065815442;-0,0180340065815442;-0,0195526800806957;0,074738158814743;-0,160751685186971;0,118573312005046;-0,160751685186971;0,118573312005046;100;1;0,9;TRUE;0,59;0,8;FALSE;FALSE;0,41;0,59;0
"hs_pfos_c_Log2";"hs_bmi_c_cat";9,58594405990971e-05;1e-12;-0,027596562165443;-0,0237145773559032;-0,0237145773559032;-0,0280653463134916;0,0778660159418699;-0,167902617603287;0,126457342804256;-0,167902617603287;0,126457342804256;100;1;0,9;TRUE;0,65;0,8;FALSE;FALSE;0,35;0,65;0
"hs_pfunda_c_Log2";"hs_bmi_c_cat";9,58594405990971e-05;1e-12;-0,00738156634678542;-0,00849930429978325;-0,00849930429978325;-0,0038576248732567;0,0638258559176719;-0,12847527366499;0,11384303386895;-0,12847527366499;0,11384303386895;100;1;0,9;TRUE;0,56;0,8;FALSE;FALSE;0,44;0,56;0
"hs_hm_pers_None";"hs_bmi_c_cat";9,58594405990971e-05;1e-12;0,0212821138563723;0,0212876442921333;0,0212876442921333;0,0248850489645576;0,0631721033128127;-0,089248071488246;0,155399888816954;-0,089248071488246;0,155399888816954;100;1;0,9;TRUE;0,67;0,8;FALSE;FALSE;0,67;0,33;0
"hs_trafload_h_pow1over3";"hs_bmi_c_cat";9,58594405990971e-05;1e-12;-0,0518604234306509;-0,0506813625372139;-0,0506813625372139;-0,0478430214176583;0,058368527712948;-0,157235273442947;0,0691643158178441;-0,157235273442947;0,0691643158178441;100;1;0,9;TRUE;0,84;0,8;TRUE;TRUE;0,16;0,84;0
"hs_trafnear_h_pow1over3";"hs_bmi_c_cat";9,58594405990971e-05;1e-12;0,0840506970097915;0,0839085039431243;0,0839085039431243;0,0811704207460018;0,0655794184821266;-0,0463653714305235;0,20092501259593;-0,0463653714305235;0,20092501259593;100;1;0,9;TRUE;0,88;0,8;TRUE;TRUE;0,88;0,12;0
"FAS_cat_None_Low";"hs_bmi_c_cat";9,58594405990971e-05;1e-12;-0,430875210317612;-0,45437944196674;-0,45437944196674;-0,4807715155666;0,209659247217308;-0,825429213585616;0,0039351705842203;-0,825429213585616;0,0039351705842203;100;1;0,9;TRUE;0,97;0,8;TRUE;TRUE;0,03;0,97;0
"FAS_cat_None_Middle";"hs_bmi_c_cat";9,58594405990971e-05;1e-12;-0,175136234432964;-0,173916675172739;-0,173916675172739;-0,171671977311156;0,144455288071763;-0,466118319005439;0,069740677275269;-0,466118319005439;0,069740677275269;100;1;0,9;TRUE;0,9;0,8;TRUE;TRUE;0,1;0,9;0
"hs_globalexp2_None_no exposure";"hs_bmi_c_cat";9,58594405990971e-05;1e-12;-0,0940003044657391;-0,0967818431627072;-0,0967818431627072;-0,0743572535419059;0,121348066987685;-0,34613853602636;0,121840957687066;-0,34613853602636;0,121840957687066;100;1;0,9;TRUE;0,78;0,8;FALSE;FALSE;0,22;0,78;0
