"exposure";"outcome";"lambda";"selection_tol";"beta_original";"beta_boot_mean_all";"beta_boot_mean_selected";"beta_boot_median_selected";"beta_boot_sd_all";"beta_boot_q025_all";"beta_boot_q975_all";"beta_boot_q025_selected";"beta_boot_q975_selected";"n_selected";"sel_prob";"sel_prob_threshold";"passes_sel_prob";"sign_consistency";"sign_consistency_threshold";"passes_sign_consistency";"passes_stability_filter";"prop_positive";"prop_negative";"prop_zero"
"hs_no2_dy_hs_h_Log";"e3_bw";9,58594405990971e-05;1e-12;0,0150734947594789;0,0160121863294358;0,0160121863294358;0,0157862512763188;0,00543039208989062;0,00335658380087696;0,0259308694851524;0,00335658380087696;0,0259308694851524;100;1;0,9;TRUE;1;0,8;TRUE;TRUE;1;0;0
"hs_no2_wk_hs_h_Log";"e3_bw";9,58594405990971e-05;1e-12;0,0156258406591112;0,0168956213446845;0,0168956213446845;0,0171979600168752;0,00484543206827072;0,00813505727394206;0,0261209452576166;0,00813505727394206;0,0261209452576166;100;1;0,9;TRUE;1;0,8;TRUE;TRUE;1;0;0
"hs_no2_yr_hs_h_Log";"e3_bw";9,58594405990971e-05;1e-12;0,0314379496222362;0,0324289215882704;0,0324289215882704;0,0318834180580371;0,00474367836291515;0,024620989344494;0,0411846113234284;0,024620989344494;0,0411846113234284;100;1;0,9;TRUE;1;0,8;TRUE;TRUE;1;0;0
"hs_pm10_dy_hs_h_None";"e3_bw";9,58594405990971e-05;1e-12;-0,0076411246691335;-0,00716991199354622;-0,00716991199354622;-0,00729854116950681;0,00387968230592465;-0,0152328391739221;0,000874100766124543;-0,0152328391739221;0,000874100766124543;100;1;0,9;TRUE;0,95;0,8;TRUE;TRUE;0,05;0,95;0
"hs_pm10_wk_hs_h_None";"e3_bw";9,58594405990971e-05;1e-12;-0,00521635218512084;-0,00538716107429607;-0,00538716107429607;-0,00481427822755552;0,00401877557390857;-0,0133357528325024;0,000832828803655054;-0,0133357528325024;0,000832828803655054;100;1;0,9;TRUE;0,9;0,8;TRUE;TRUE;0,1;0,9;0
"hs_pm10_yr_hs_h_None";"e3_bw";9,58594405990971e-05;1e-12;-0,00204172707199518;-0,00244533246771515;-0,00244533246771515;-0,00221491077161458;0,00493068346837055;-0,0121415082754515;0,00667245155859482;-0,0121415082754515;0,00667245155859482;100;1;0,9;TRUE;0,72;0,8;FALSE;FALSE;0,28;0,72;0
"hs_pm25_dy_hs_h_None";"e3_bw";9,58594405990971e-05;1e-12;0,0020956854093607;0,00219791770900799;0,00219791770900799;0,00194576110554041;0,00380229683711582;-0,00466398392472785;0,00943854346038479;-0,00466398392472785;0,00943854346038479;100;1;0,9;TRUE;0,68;0,8;FALSE;FALSE;0,68;0,32;0
"hs_pm25_wk_hs_h_None";"e3_bw";9,58594405990971e-05;1e-12;-0,0083379136111936;-0,00951002682397598;-0,00951002682397598;-0,00930174181983005;0,00514659274789415;-0,0195551828940617;-0,000843678355285749;-0,0195551828940617;-0,000843678355285749;100;1;0,9;TRUE;0,98;0,8;TRUE;TRUE;0,02;0,98;0
"hs_pm25_yr_hs_h_None";"e3_bw";9,58594405990971e-05;1e-12;0,0399544563580811;0,041395184131878;0,041395184131878;0,0411585286613825;0,00592858827385354;0,0316642449863604;0,0535842581564146;0,0316642449863604;0,0535842581564146;100;1;0,9;TRUE;1;0,8;TRUE;TRUE;1;0;0
"hs_pm25abs_dy_hs_h_Log";"e3_bw";9,58594405990971e-05;1e-12;-0,0046113333411847;-0,00495658407488279;-0,00495658407488279;-0,00478515368662495;0,00369774860254133;-0,0125115562120371;0,00130215598565034;-0,0125115562120371;0,00130215598565034;100;1;0,9;TRUE;0,91;0,8;TRUE;TRUE;0,09;0,91;0
"hs_pm25abs_wk_hs_h_Log";"e3_bw";9,58594405990971e-05;1e-12;-0,00885822957189255;-0,00891731687946725;-0,00891731687946725;-0,00897189212592374;0,00392131160820418;-0,0172784825525245;-0,00185528451520271;-0,0172784825525245;-0,00185528451520271;100;1;0,9;TRUE;1;0,8;TRUE;TRUE;0;1;0
"hs_pm25abs_yr_hs_h_Log";"e3_bw";9,58594405990971e-05;1e-12;-0,0135067119967078;-0,014157816146669;-0,014157816146669;-0,0134266642404816;0,00572776466509775;-0,0264485668468835;-0,00451298541034596;-0,0264485668468835;-0,00451298541034596;100;1;0,9;TRUE;1;0,8;TRUE;TRUE;0;1;0
"hs_accesslines300_h_dic0";"e3_bw";9,58594405990971e-05;1e-12;-0,0264434390813166;-0,0269089803091899;-0,0269089803091899;-0,0284853185444417;0,0143014418490095;-0,0513438322033451;0,00220150255756668;-0,0513438322033451;0,00220150255756668;100;1;0,9;TRUE;0,96;0,8;TRUE;TRUE;0,04;0,96;0
"hs_accesspoints300_h_Log";"e3_bw";9,58594405990971e-05;1e-12;0,00634156511396302;0,00620490242052194;0,00620490242052194;0,00588620269325258;0,00447926120166351;-0,00219550889337113;0,0145876679391578;-0,00219550889337113;0,0145876679391578;100;1;0,9;TRUE;0,94;0,8;TRUE;TRUE;0,94;0,06;0
"hs_builtdens300_h_Sqrt";"e3_bw";9,58594405990971e-05;1e-12;-0,00863747264642664;-0,00940656460105585;-0,00940656460105585;-0,00992036282630415;0,00404416783808013;-0,0167279911236063;-0,00136520567998501;-0,0167279911236063;-0,00136520567998501;100;1;0,9;TRUE;0,99;0,8;TRUE;TRUE;0,01;0,99;0
"hs_connind300_h_Log";"e3_bw";9,58594405990971e-05;1e-12;0,00256969811613748;0,00312791792695287;0,00312791792695287;0,00326898929216472;0,00328681892874378;-0,00354591580381145;0,0087425182557329;-0,00354591580381145;0,0087425182557329;100;1;0,9;TRUE;0,85;0,8;TRUE;TRUE;0,85;0,15;0
"hs_fdensity300_h_Log";"e3_bw";9,58594405990971e-05;1e-12;0,015813060554176;0,0161225793267777;0,0161225793267777;0,0164447501666152;0,00453643613938522;0,00822626362168468;0,0254973015824899;0,00822626362168468;0,0254973015824899;100;1;0,9;TRUE;1;0,8;TRUE;TRUE;1;0;0
"hs_landuseshan300_h_None";"e3_bw";9,58594405990971e-05;1e-12;0,00538509129063429;0,00562136636868716;0,00562136636868716;0,00572468128900856;0,00310246132906158;-0,000943550660032032;0,0115067087633163;-0,000943550660032032;0,0115067087633163;100;1;0,9;TRUE;0,95;0,8;TRUE;TRUE;0,95;0,05;0
"hs_popdens_h_Sqrt";"e3_bw";9,58594405990971e-05;1e-12;-0,00416421614969697;-0,00386877340029712;-0,00386877340029712;-0,00363753015750371;0,00394517220488307;-0,0111709976879608;0,00413673203037083;-0,0111709976879608;0,00413673203037083;100;1;0,9;TRUE;0,83;0,8;TRUE;TRUE;0,17;0,83;0
"hs_walkability_mean_h_None";"e3_bw";9,58594405990971e-05;1e-12;-0,0131704130176433;-0,0130694633791268;-0,0130694633791268;-0,0128518029303184;0,00339346328238984;-0,0197992640582614;-0,00728278588096568;-0,0197992640582614;-0,00728278588096568;100;1;0,9;TRUE;1;0,8;TRUE;TRUE;0;1;0
"hs_accesslines300_s_dic0";"e3_bw";9,58594405990971e-05;1e-12;0,0147569592230263;0,0133620907246596;0,0133620907246596;0,0125898637313758;0,0131532201285767;-0,0122886566634647;0,03602675080486;-0,0122886566634647;0,03602675080486;100;1;0,9;TRUE;0,82;0,8;TRUE;TRUE;0,82;0,18;0
"hs_accesspoints300_s_Log";"e3_bw";9,58594405990971e-05;1e-12;0,0132718199859059;0,0133334745090043;0,0133334745090043;0,012850840100783;0,0036771725534122;0,00735929667398254;0,0211700241709147;0,00735929667398254;0,0211700241709147;100;1;0,9;TRUE;1;0,8;TRUE;TRUE;1;0;0
"hs_builtdens300_s_Sqrt";"e3_bw";9,58594405990971e-05;1e-12;-0,0099668123261237;-0,010532925923846;-0,010532925923846;-0,0108256904097682;0,00437437538420666;-0,0198617647318199;-0,00195361884805468;-0,0198617647318199;-0,00195361884805468;100;1;0,9;TRUE;1;0,8;TRUE;TRUE;0;1;0
"hs_connind300_s_Log";"e3_bw";9,58594405990971e-05;1e-12;0,00233755093905883;0,00213156460961847;0,00213156460961847;0,00217254221051113;0,00308933559744701;-0,00359881595764116;0,00862559825373408;-0,00359881595764116;0,00862559825373408;100;1;0,9;TRUE;0,76;0,8;FALSE;FALSE;0,76;0,24;0
"hs_fdensity300_s_Log";"e3_bw";9,58594405990971e-05;1e-12;0,00842926735155347;0,00787891037098403;0,00787891037098403;0,00714953582753341;0,00378951198529777;0,000975088360992541;0,0144021365216394;0,000975088360992541;0,0144021365216394;100;1;0,9;TRUE;0,99;0,8;TRUE;TRUE;0,99;0,01;0
"hs_landuseshan300_s_None";"e3_bw";9,58594405990971e-05;1e-12;0,00542263558865796;0,00545833882366735;0,00545833882366735;0,00545162439527045;0,00307466562142171;-0,000670626002725167;0,0110620318328767;-0,000670626002725167;0,0110620318328767;100;1;0,9;TRUE;0,96;0,8;TRUE;TRUE;0,96;0,04;0
"hs_popdens_s_Sqrt";"e3_bw";9,58594405990971e-05;1e-12;-0,00198599975889356;-0,00195000611964005;-0,00195000611964005;-0,0017847152567771;0,00370586756458126;-0,00986818424644809;0,00411212824121436;-0,00986818424644809;0,00411212824121436;100;1;0,9;TRUE;0,64;0,8;FALSE;FALSE;0,36;0,64;0
"h_Absorbance_Log";"e3_bw";9,58594405990971e-05;1e-12;-0,00213844436340371;-0,00242599005457104;-0,00242599005457104;-0,00182203083434793;0,00412442700333605;-0,00944436720126945;0,00511837131500489;-0,00944436720126945;0,00511837131500489;100;1;0,9;TRUE;0,75;0,8;FALSE;FALSE;0,25;0,75;0
"h_Benzene_Log";"e3_bw";9,58594405990971e-05;1e-12;-0,00238929627278117;-0,00264102325555709;-0,00264102325555709;-0,00231837351023527;0,00378818719014925;-0,00981958726785357;0,00386711430311334;-0,00981958726785357;0,00386711430311334;100;1;0,9;TRUE;0,74;0,8;FALSE;FALSE;0,26;0,74;0
"h_NO2_Log";"e3_bw";9,58594405990971e-05;1e-12;0,0132291254808122;0,0140390183687025;0,0140390183687025;0,0137514776492231;0,00381426091026325;0,00748809253026855;0,0209076289115857;0,00748809253026855;0,0209076289115857;100;1;0,9;TRUE;1;0,8;TRUE;TRUE;1;0;0
"h_PM_Log";"e3_bw";9,58594405990971e-05;1e-12;0,00415932474599484;0,00483867118227096;0,00483867118227096;0,00430086469103782;0,00416775764948307;-0,00278890141096756;0,0127267192844329;-0,00278890141096756;0,0127267192844329;100;1;0,9;TRUE;0,88;0,8;TRUE;TRUE;0,88;0,12;0
"h_TEX_Log";"e3_bw";9,58594405990971e-05;1e-12;-0,00671075883911296;-0,0066384752940302;-0,0066384752940302;-0,00617178340392998;0,00381325348381234;-0,0141062809225798;0,000748849941000749;-0,0141062809225798;0,000748849941000749;100;1;0,9;TRUE;0,94;0,8;TRUE;TRUE;0,06;0,94;0
"hs_KIDMED_None";"e3_bw";9,58594405990971e-05;1e-12;0,000651016569452961;0,00100496190557995;0,00100496190557995;0,000932875473377333;0,00308797662503122;-0,00474881395376946;0,00698951241012384;-0,00474881395376946;0,00698951241012384;100;1;0,9;TRUE;0,59;0,8;FALSE;FALSE;0,59;0,41;0
"hs_mvpa_prd_alt_None";"e3_bw";9,58594405990971e-05;1e-12;-0,00380282866162842;-0,00387554545487846;-0,00387554545487846;-0,00401819513083205;0,00427193838174342;-0,0112447556497069;0,00434588212642908;-0,0112447556497069;0,00434588212642908;100;1;0,9;TRUE;0,83;0,8;TRUE;TRUE;0,17;0,83;0
"hs_sd_wk_None";"e3_bw";9,58594405990971e-05;1e-12;0,0065510925787151;0,00612696270015854;0,00612696270015854;0,0063225844147944;0,00329779128058885;-0,000247064735119935;0,0119654506274028;-0,000247064735119935;0,0119654506274028;100;1;0,9;TRUE;0,96;0,8;TRUE;TRUE;0,96;0,04;0
"hs_dif_hours_total_None";"e3_bw";9,58594405990971e-05;1e-12;0,00336935759127744;0,00338715136855924;0,00338715136855924;0,00349861181165076;0,0028687862707005;-0,0021319716541927;0,00879414116677993;-0,0021319716541927;0,00879414116677993;100;1;0,9;TRUE;0,89;0,8;TRUE;TRUE;0,89;0,11;0
"hs_as_c_Log2";"e3_bw";9,58594405990971e-05;1e-12;-0,00144943926586594;-0,00166231282625072;-0,00166231282625072;-0,00153658325936549;0,0032070005546788;-0,00930174565456672;0,00409991877628207;-0,00930174565456672;0,00409991877628207;100;1;0,9;TRUE;0,71;0,8;FALSE;FALSE;0,29;0,71;0
"hs_cd_c_Log2";"e3_bw";9,58594405990971e-05;1e-12;0,00112224479610636;0,00153270134429617;0,00153270134429617;0,00146823818850302;0,00290143525437952;-0,00527678841730357;0,00661260502039305;-0,00527678841730357;0,00661260502039305;100;1;0,9;TRUE;0,77;0,8;FALSE;FALSE;0,77;0,23;0
"hs_co_c_Log2";"e3_bw";9,58594405990971e-05;1e-12;-0,00237782164734474;-0,00289982728146201;-0,00289982728146201;-0,00267552908122831;0,00304201603390078;-0,00829523933458596;0,00253202664350023;-0,00829523933458596;0,00253202664350023;100;1;0,9;TRUE;0,82;0,8;TRUE;TRUE;0,18;0,82;0
"hs_cs_c_Log2";"e3_bw";9,58594405990971e-05;1e-12;-0,00510335576956741;-0,00527701068169702;-0,00527701068169702;-0,00554474162336541;0,00370221271644515;-0,0118123116189818;0,0020317587611158;-0,0118123116189818;0,0020317587611158;100;1;0,9;TRUE;0,9;0,8;TRUE;TRUE;0,1;0,9;0
"hs_cu_c_Log2";"e3_bw";9,58594405990971e-05;1e-12;-0,00748688435317328;-0,0069699229897909;-0,0069699229897909;-0,0068339350498983;0,00338866382962491;-0,0129643031957707;7,43197069197897e-05;-0,0129643031957707;7,43197069197897e-05;100;1;0,9;TRUE;0,97;0,8;TRUE;TRUE;0,03;0,97;0
"hs_hg_c_Log2";"e3_bw";9,58594405990971e-05;1e-12;-0,00535231928043171;-0,00519723393312096;-0,00519723393312096;-0,00550032180298914;0,00381921282040004;-0,0111560563970875;0,00364700206614444;-0,0111560563970875;0,00364700206614444;100;1;0,9;TRUE;0,91;0,8;TRUE;TRUE;0,09;0,91;0
"hs_mn_c_Log2";"e3_bw";9,58594405990971e-05;1e-12;-0,00173157378245473;-0,0015197823806029;-0,0015197823806029;-0,00171555783047011;0,00286137209585526;-0,00693559299704473;0,00372297836585563;-0,00693559299704473;0,00372297836585563;100;1;0,9;TRUE;0,7;0,8;FALSE;FALSE;0,3;0,7;0
"hs_mo_c_Log2";"e3_bw";9,58594405990971e-05;1e-12;-0,00506691987266865;-0,00498262062717958;-0,00498262062717958;-0,00463781981677752;0,00273589632291263;-0,0104208580082137;-0,000413488306883332;-0,0104208580082137;-0,000413488306883332;100;1;0,9;TRUE;1;0,8;TRUE;TRUE;0;1;0
"hs_pb_c_Log2";"e3_bw";9,58594405990971e-05;1e-12;0,00397004264212837;0,00390720307688228;0,00390720307688228;0,00363723445643246;0,00291898386244097;-0,00213759862853628;0,00989681362761216;-0,00213759862853628;0,00989681362761216;100;1;0,9;TRUE;0,92;0,8;TRUE;TRUE;0,92;0,08;0
"hs_hum_mt_hs_h_None";"e3_bw";9,58594405990971e-05;1e-12;-0,0365835808813389;-0,0368667470049961;-0,0368667470049961;-0,0366692689467949;0,00458576190487708;-0,0462439147194234;-0,0285233025444514;-0,0462439147194234;-0,0285233025444514;100;1;0,9;TRUE;1;0,8;TRUE;TRUE;0;1;0
"hs_tm_mt_hs_h_None";"e3_bw";9,58594405990971e-05;1e-12;0,00941884986648813;0,00989152363780635;0,00989152363780635;0,0099249187971481;0,00490930102457503;0,00133295720345991;0,0192652719246523;0,00133295720345991;0,0192652719246523;100;1;0,9;TRUE;0,98;0,8;TRUE;TRUE;0,98;0,02;0
"hs_uvdvf_mt_hs_h_None";"e3_bw";9,58594405990971e-05;1e-12;-0,0155119668658594;-0,0152464714478787;-0,0152464714478787;-0,0153835262977274;0,00516585930989327;-0,0249262389357921;-0,0065589434815841;-0,0249262389357921;-0,0065589434815841;100;1;0,9;TRUE;1;0,8;TRUE;TRUE;0;1;0
"hs_hum_dy_hs_h_None";"e3_bw";9,58594405990971e-05;1e-12;-0,0119871838598874;-0,0121708098001142;-0,0121708098001142;-0,0122237464432335;0,00422940169660232;-0,0216546397081781;-0,00458559781330336;-0,0216546397081781;-0,00458559781330336;100;1;0,9;TRUE;1;0,8;TRUE;TRUE;0;1;0
"hs_hum_wk_hs_h_None";"e3_bw";9,58594405990971e-05;1e-12;-0,0266142387119526;-0,026688877419491;-0,026688877419491;-0,0262738045635979;0,00408067309729905;-0,0346643317985476;-0,0191370030505362;-0,0346643317985476;-0,0191370030505362;100;1;0,9;TRUE;1;0,8;TRUE;TRUE;0;1;0
"hs_tm_dy_hs_h_None";"e3_bw";9,58594405990971e-05;1e-12;-0,00294777319213809;-0,00294216818119389;-0,00294216818119389;-0,002273617406872;0,00489367538135452;-0,0123102200847468;0,00628228315260974;-0,0123102200847468;0,00628228315260974;100;1;0,9;TRUE;0,76;0,8;FALSE;FALSE;0,24;0,76;0
"hs_tm_wk_hs_h_None";"e3_bw";9,58594405990971e-05;1e-12;0,00581700883763647;0,00634385174566077;0,00634385174566077;0,00661424400296209;0,00525498827220908;-0,00232740574462845;0,0168433328478855;-0,00232740574462845;0,0168433328478855;100;1;0,9;TRUE;0,89;0,8;TRUE;TRUE;0,89;0,11;0
"hs_uvdvf_dy_hs_h_None";"e3_bw";9,58594405990971e-05;1e-12;-0,00378868573097457;-0,00454066115022116;-0,00454066115022116;-0,00454654070393112;0,00460098746387643;-0,0144552480960356;0,00351409231401798;-0,0144552480960356;0,00351409231401798;100;1;0,9;TRUE;0,83;0,8;TRUE;TRUE;0,17;0,83;0
"hs_uvdvf_wk_hs_h_None";"e3_bw";9,58594405990971e-05;1e-12;-0,0239342270067349;-0,0244937985840892;-0,0244937985840892;-0,0244584329187177;0,00454457141759394;-0,0329401499838554;-0,0172514339651348;-0,0329401499838554;-0,0172514339651348;100;1;0,9;TRUE;1;0,8;TRUE;TRUE;0;1;0
"hs_ndvi100_h_None";"e3_bw";9,58594405990971e-05;1e-12;0,0108568602785765;0,0111970194819957;0,0111970194819957;0,0108294665107941;0,0040296924537395;0,0051154630860946;0,0210688212749877;0,0051154630860946;0,0210688212749877;100;1;0,9;TRUE;1;0,8;TRUE;TRUE;1;0;0
"hs_ndvi100_s_None";"e3_bw";9,58594405990971e-05;1e-12;0,0119522801795914;0,0120197943786439;0,0120197943786439;0,0121728106748919;0,00484577526765367;0,00132725184621076;0,0223604938314095;0,00132725184621076;0,0223604938314095;100;1;0,9;TRUE;1;0,8;TRUE;TRUE;1;0;0
"hs_dde_cadj_Log2";"e3_bw";9,58594405990971e-05;1e-12;-0,00479328368657457;-0,00484840524736795;-0,00484840524736795;-0,00471830922064401;0,00395207214100299;-0,0121249048133403;0,00169207081565101;-0,0121249048133403;0,00169207081565101;100;1;0,9;TRUE;0,86;0,8;TRUE;TRUE;0,14;0,86;0
"hs_ddt_cadj_Log2";"e3_bw";9,58594405990971e-05;1e-12;-0,00567594709942353;-0,00535832284130489;-0,00535832284130489;-0,00536046971591713;0,00332283656764632;-0,0120128885810269;0,000117941086677035;-0,0120128885810269;0,000117941086677035;100;1;0,9;TRUE;0,96;0,8;TRUE;TRUE;0,04;0,96;0
"hs_hcb_cadj_Log2";"e3_bw";9,58594405990971e-05;1e-12;0,00397719399465402;0,00200184334791521;0,00200184334791521;0,00176954055104978;0,00340702396327895;-0,00492947902896925;0,00848776396078518;-0,00492947902896925;0,00848776396078518;100;1;0,9;TRUE;0,75;0,8;FALSE;FALSE;0,75;0,25;0
"hs_pcb118_cadj_Log2";"e3_bw";9,58594405990971e-05;1e-12;0,00391432284945028;0,00409523452414858;0,00409523452414858;0,00414928126216852;0,00459588675113627;-0,00462134204655019;0,0131351704340447;-0,00462134204655019;0,0131351704340447;100;1;0,9;TRUE;0,84;0,8;TRUE;TRUE;0,84;0,16;0
"hs_pcb138_cadj_Log2";"e3_bw";9,58594405990971e-05;1e-12;-0,00238155417647593;-0,0028903093326093;-0,0028903093326093;-0,00307803262061631;0,00765566294202611;-0,018407807423481;0,00992977940159349;-0,018407807423481;0,00992977940159349;100;1;0,9;TRUE;0,65;0,8;FALSE;FALSE;0,35;0,65;0
"hs_pcb153_cadj_Log2";"e3_bw";9,58594405990971e-05;1e-12;-0,00109232573300721;-0,0017769612622226;-0,0017769612622226;-0,0013258808378328;0,00480533026893837;-0,0116876513586434;0,00676449605570435;-0,0116876513586434;0,00676449605570435;100;1;0,9;TRUE;0,63;0,8;FALSE;FALSE;0,37;0,63;0
"hs_pcb170_cadj_Log2";"e3_bw";9,58594405990971e-05;1e-12;-0,00753807459827394;-0,00836336041441016;-0,00836336041441016;-0,00823985350254126;0,00417317014140949;-0,0162485118980936;-0,00113898748023158;-0,0162485118980936;-0,00113898748023158;100;1;0,9;TRUE;0,98;0,8;TRUE;TRUE;0,02;0,98;0
"hs_pcb180_cadj_Log2";"e3_bw";9,58594405990971e-05;1e-12;0,00362098501297485;0,00389106590313433;0,00389106590313433;0,00402529382961891;0,00483875574264591;-0,00492324142878362;0,0123576037757189;-0,00492324142878362;0,0123576037757189;100;1;0,9;TRUE;0,79;0,8;FALSE;FALSE;0,79;0,21;0
"hs_sumPCBs5_cadj_Log2";"e3_bw";9,58594405990971e-05;1e-12;-0,0139699996841728;-0,0144509912263209;-0,0144509912263209;-0,0146424480710285;0,0048989769703045;-0,0236191303809491;-0,00480864033832046;-0,0236191303809491;-0,00480864033832046;100;1;0,9;TRUE;1;0,8;TRUE;TRUE;0;1;0
"hs_pfhxs_c_Log2";"e3_bw";9,58594405990971e-05;1e-12;0,00696885586233311;0,00683698450113764;0,00683698450113764;0,00662856326922135;0,0044193625121386;-0,000725751680044887;0,0161811036373555;-0,000725751680044887;0,0161811036373555;100;1;0,9;TRUE;0,93;0,8;TRUE;TRUE;0,93;0,07;0
"hs_pfna_c_Log2";"e3_bw";9,58594405990971e-05;1e-12;-0,00792178148251238;-0,00825688272114095;-0,00825688272114095;-0,00826710129776383;0,00398013767110752;-0,017217863991629;-0,00116153164639212;-0,017217863991629;-0,00116153164639212;100;1;0,9;TRUE;0,99;0,8;TRUE;TRUE;0,01;0,99;0
"hs_pfoa_c_Log2";"e3_bw";9,58594405990971e-05;1e-12;0,0154901161084226;0,0156408272302498;0,0156408272302498;0,0156271357131856;0,00357680626721529;0,00887303669261741;0,0227651794061507;0,00887303669261741;0,0227651794061507;100;1;0,9;TRUE;1;0,8;TRUE;TRUE;1;0;0
"hs_pfos_c_Log2";"e3_bw";9,58594405990971e-05;1e-12;-0,00803562200878215;-0,00838723413418641;-0,00838723413418641;-0,00844184223498167;0,00388631982538718;-0,0164602959031279;-0,000151746540852044;-0,0164602959031279;-0,000151746540852044;100;1;0,9;TRUE;0,97;0,8;TRUE;TRUE;0,03;0,97;0
"hs_pfunda_c_Log2";"e3_bw";9,58594405990971e-05;1e-12;0,00160147754736962;0,00137004963904018;0,00137004963904018;0,00113469822001727;0,00282975716760579;-0,00449391241621731;0,00639100196592903;-0,00449391241621731;0,00639100196592903;100;1;0,9;TRUE;0,63;0,8;FALSE;FALSE;0,63;0,37;0
"hs_hm_pers_None";"e3_bw";9,58594405990971e-05;1e-12;-0,00077027162846559;-0,000225943723036617;-0,000225943723036617;-3,85238105200302e-05;0,00296495336803008;-0,00564898473952175;0,00567668923983058;-0,00564898473952175;0,00567668923983058;100;1;0,9;TRUE;0,5;0,8;FALSE;FALSE;0,5;0,5;0
"hs_trafload_h_pow1over3";"e3_bw";9,58594405990971e-05;1e-12;-0,00217758463706582;-0,00253144115043272;-0,00253144115043272;-0,00255583276690368;0,00315834686575942;-0,00855343307719028;0,0037378552786325;-0,00855343307719028;0,0037378552786325;100;1;0,9;TRUE;0,8;0,8;TRUE;TRUE;0,2;0,8;0
"hs_trafnear_h_pow1over3";"e3_bw";9,58594405990971e-05;1e-12;-0,00344917559409285;-0,00329642709794257;-0,00329642709794257;-0,0031328836667114;0,0043109809165988;-0,0119293395804808;0,00477983614646901;-0,0119293395804808;0,00477983614646901;100;1;0,9;TRUE;0,8;0,8;TRUE;TRUE;0,2;0,8;0
"FAS_cat_None_Low";"e3_bw";9,58594405990971e-05;1e-12;0,0613392213285088;0,0611656795573884;0,0611656795573884;0,0611634556417302;0,0115080305088592;0,0377029111451162;0,083766587360626;0,0377029111451162;0,083766587360626;100;1;0,9;TRUE;1;0,8;TRUE;TRUE;1;0;0
"FAS_cat_None_Middle";"e3_bw";9,58594405990971e-05;1e-12;0,0248701415156126;0,0232125897721994;0,0232125897721994;0,0235892429185603;0,00585233319150314;0,0130741113782359;0,0345744647078907;0,0130741113782359;0,0345744647078907;100;1;0,9;TRUE;1;0,8;TRUE;TRUE;1;0;0
"hs_globalexp2_None_no exposure";"e3_bw";9,58594405990971e-05;1e-12;0,0407850139873296;0,0421319900459354;0,0421319900459354;0,0424656717004974;0,00634763998344564;0,0300112246131984;0,0530781140262455;0,0300112246131984;0,0530781140262455;100;1;0,9;TRUE;1;0,8;TRUE;TRUE;1;0;0
"hs_no2_dy_hs_h_Log";"hs_asthma";9,58594405990971e-05;1e-12;-0,0873987108416699;-0,085215767125503;-0,085215767125503;-0,0840744107505774;0,0615961400459835;-0,200600474533913;0,0370498684993199;-0,200600474533913;0,0370498684993199;100;1;0,9;TRUE;0,9;0,8;TRUE;TRUE;0,1;0,9;0
"hs_no2_wk_hs_h_Log";"hs_asthma";9,58594405990971e-05;1e-12;0,034360878091089;0,030517589132687;0,030517589132687;0,0372056426473291;0,0507026374857056;-0,0826708313847929;0,110921159307184;-0,0826708313847929;0,110921159307184;100;1;0,9;TRUE;0,73;0,8;FALSE;FALSE;0,73;0,27;0
"hs_no2_yr_hs_h_Log";"hs_asthma";9,58594405990971e-05;1e-12;-0,111370647065597;-0,109884038100487;-0,109884038100487;-0,108566463492909;0,041497752770274;-0,172048857975187;-0,0210985928582853;-0,172048857975187;-0,0210985928582853;100;1;0,9;TRUE;0,98;0,8;TRUE;TRUE;0,02;0,98;0
"hs_pm10_dy_hs_h_None";"hs_asthma";9,58594405990971e-05;1e-12;-0,0490301163113582;-0,0486543164408953;-0,0486543164408953;-0,0499802175829933;0,0633908689369665;-0,178051961745322;0,0550225860274673;-0,178051961745322;0,0550225860274673;100;1;0,9;TRUE;0,76;0,8;FALSE;FALSE;0,24;0,76;0
"hs_pm10_wk_hs_h_None";"hs_asthma";9,58594405990971e-05;1e-12;0,00950615871614732;0,0105217841843057;0,0105217841843057;0,00865959921513279;0,0723193215333887;-0,128706757192357;0,131680129223002;-0,128706757192357;0,131680129223002;100;1;0,9;TRUE;0,56;0,8;FALSE;FALSE;0,56;0,44;0
"hs_pm10_yr_hs_h_None";"hs_asthma";9,58594405990971e-05;1e-12;-0,0537241201760283;-0,0532374199920018;-0,0532374199920018;-0,0490394674814393;0,0531661676776262;-0,153937250070783;0,0483024115570129;-0,153937250070783;0,0483024115570129;100;1;0,9;TRUE;0,83;0,8;TRUE;TRUE;0,17;0,83;0
"hs_pm25_dy_hs_h_None";"hs_asthma";9,58594405990971e-05;1e-12;-0,137039485679889;-0,135912806812666;-0,135912806812666;-0,142034886951478;0,0780072507092414;-0,268669364727407;0,0237941013242687;-0,268669364727407;0,0237941013242687;100;1;0,9;TRUE;0,97;0,8;TRUE;TRUE;0,03;0,97;0
"hs_pm25_wk_hs_h_None";"hs_asthma";9,58594405990971e-05;1e-12;0,0403856149414957;0,039542145376574;0,039542145376574;0,027810041855197;0,0719916201425438;-0,0749554144048188;0,192107208540577;-0,0749554144048188;0,192107208540577;100;1;0,9;TRUE;0,67;0,8;FALSE;FALSE;0,67;0,33;0
"hs_pm25_yr_hs_h_None";"hs_asthma";9,58594405990971e-05;1e-12;-0,160351429029615;-0,160413942218437;-0,160413942218437;-0,162568216439291;0,0587496225439792;-0,26653563685883;-0,0525999577101315;-0,26653563685883;-0,0525999577101315;100;1;0,9;TRUE;1;0,8;TRUE;TRUE;0;1;0
"hs_pm25abs_dy_hs_h_Log";"hs_asthma";9,58594405990971e-05;1e-12;0,124803534434842;0,127847147732274;0,127847147732274;0,132873140017578;0,088623216749873;-0,0125584314418499;0,282810905663231;-0,0125584314418499;0,282810905663231;100;1;0,9;TRUE;0,96;0,8;TRUE;TRUE;0,96;0,04;0
"hs_pm25abs_wk_hs_h_Log";"hs_asthma";9,58594405990971e-05;1e-12;-0,0544614997985951;-0,0493205292504953;-0,0493205292504953;-0,0507471495260391;0,0902434763576757;-0,212459176410994;0,137631719373788;-0,212459176410994;0,137631719373788;100;1;0,9;TRUE;0,71;0,8;FALSE;FALSE;0,29;0,71;0
"hs_pm25abs_yr_hs_h_Log";"hs_asthma";9,58594405990971e-05;1e-12;-0,12777558541719;-0,121809096162554;-0,121809096162554;-0,124822240297781;0,0743784325357759;-0,263038737244319;0,0193114295904243;-0,263038737244319;0,0193114295904243;100;1;0,9;TRUE;0,94;0,8;TRUE;TRUE;0,06;0,94;0
"hs_accesslines300_h_dic0";"hs_asthma";9,58594405990971e-05;1e-12;0,165390576605923;0,16275120801213;0,16275120801213;0,146193323718516;0,173086601184776;-0,149589089261062;0,484152165905848;-0,149589089261062;0,484152165905848;100;1;0,9;TRUE;0,84;0,8;TRUE;TRUE;0,84;0,16;0
"hs_accesspoints300_h_Log";"hs_asthma";9,58594405990971e-05;1e-12;-0,266788210545487;-0,264869224527104;-0,264869224527104;-0,26056498733179;0,0639132144556504;-0,380453421944994;-0,144968501504817;-0,380453421944994;-0,144968501504817;100;1;0,9;TRUE;1;0,8;TRUE;TRUE;0;1;0
"hs_builtdens300_h_Sqrt";"hs_asthma";9,58594405990971e-05;1e-12;-0,0595371604270384;-0,0562644665428022;-0,0562644665428022;-0,0499987030348162;0,0771898991727691;-0,190287546239629;0,0971908237668069;-0,190287546239629;0,0971908237668069;100;1;0,9;TRUE;0,76;0,8;FALSE;FALSE;0,24;0,76;0
"hs_connind300_h_Log";"hs_asthma";9,58594405990971e-05;1e-12;0,0922981074168457;0,0970012811609967;0,0970012811609967;0,0933578506760701;0,0804149807884813;-0,0487130625648094;0,262593574694751;-0,0487130625648094;0,262593574694751;100;1;0,9;TRUE;0,88;0,8;TRUE;TRUE;0,88;0,12;0
"hs_fdensity300_h_Log";"hs_asthma";9,58594405990971e-05;1e-12;0,0238245930981554;0,0236673059143791;0,0236673059143791;0,0268014971739285;0,0790675573448932;-0,12271551282248;0,172805341505001;-0,12271551282248;0,172805341505001;100;1;0,9;TRUE;0,63;0,8;FALSE;FALSE;0,63;0,37;0
"hs_landuseshan300_h_None";"hs_asthma";9,58594405990971e-05;1e-12;0,0903146050193295;0,0879295473822355;0,0879295473822355;0,0872956006320816;0,0819711275507044;-0,081053707274978;0,249309816615824;-0,081053707274978;0,249309816615824;100;1;0,9;TRUE;0,85;0,8;TRUE;TRUE;0,85;0,15;0
"hs_popdens_h_Sqrt";"hs_asthma";9,58594405990971e-05;1e-12;-0,00141239731308649;0,000155651278697601;0,000155651278697601;0,00596203742869184;0,0708532005382684;-0,135212118842687;0,125877083353196;-0,135212118842687;0,125877083353196;100;1;0,9;TRUE;0,48;0,8;FALSE;FALSE;0,52;0,48;0
"hs_walkability_mean_h_None";"hs_asthma";9,58594405990971e-05;1e-12;0,172673393378694;0,168245522360317;0,168245522360317;0,173908807836494;0,095320159423868;-0,0171302509071383;0,333304836369847;-0,0171302509071383;0,333304836369847;100;1;0,9;TRUE;0,96;0,8;TRUE;TRUE;0,96;0,04;0
"hs_accesslines300_s_dic0";"hs_asthma";9,58594405990971e-05;1e-12;-0,199778090615897;-0,194232359933885;-0,194232359933885;-0,195071823659627;0,167912082818567;-0,501665887388578;0,107651321993456;-0,501665887388578;0,107651321993456;100;1;0,9;TRUE;0,85;0,8;TRUE;TRUE;0,15;0,85;0
"hs_accesspoints300_s_Log";"hs_asthma";9,58594405990971e-05;1e-12;-0,0444014717566018;-0,049176753341795;-0,049176753341795;-0,0482839537691818;0,0618070110830274;-0,166171316117803;0,0764379344190693;-0,166171316117803;0,0764379344190693;100;1;0,9;TRUE;0,83;0,8;TRUE;TRUE;0,17;0,83;0
"hs_builtdens300_s_Sqrt";"hs_asthma";9,58594405990971e-05;1e-12;0,00414302148601499;0,00471816138183026;0,00471816138183026;0,00905854857102774;0,0718076285822648;-0,138478362885089;0,139850210704871;-0,138478362885089;0,139850210704871;100;1;0,9;TRUE;0,54;0,8;FALSE;FALSE;0,54;0,46;0
"hs_connind300_s_Log";"hs_asthma";9,58594405990971e-05;1e-12;0,0932021162586873;0,0927655527933742;0,0927655527933742;0,0890796414138084;0,0647407965388557;-0,0295605064963156;0,20255056795541;-0,0295605064963156;0,20255056795541;100;1;0,9;TRUE;0,91;0,8;TRUE;TRUE;0,91;0,09;0
"hs_fdensity300_s_Log";"hs_asthma";9,58594405990971e-05;1e-12;-0,113189249150674;-0,1153492719173;-0,1153492719173;-0,115202961877033;0,0696132300384509;-0,244645343064369;0,00113470145103971;-0,244645343064369;0,00113470145103971;100;1;0,9;TRUE;0,97;0,8;TRUE;TRUE;0,03;0,97;0
"hs_landuseshan300_s_None";"hs_asthma";9,58594405990971e-05;1e-12;-0,0729507445725674;-0,0763905755906299;-0,0763905755906299;-0,07991374636424;0,0850604692457423;-0,241783009143594;0,0817996230475856;-0,241783009143594;0,0817996230475856;100;1;0,9;TRUE;0,78;0,8;FALSE;FALSE;0,22;0,78;0
"hs_popdens_s_Sqrt";"hs_asthma";9,58594405990971e-05;1e-12;0,0485936067668695;0,0452721213101968;0,0452721213101968;0,0374600832577878;0,0734181175334189;-0,081814933383435;0,197582754098959;-0,081814933383435;0,197582754098959;100;1;0,9;TRUE;0,71;0,8;FALSE;FALSE;0,71;0,29;0
"h_Absorbance_Log";"hs_asthma";9,58594405990971e-05;1e-12;0,15631195035533;0,149401210048736;0,149401210048736;0,147089414456083;0,0833672683173459;-0,0192099270969285;0,309566833299357;-0,0192099270969285;0,309566833299357;100;1;0,9;TRUE;0,93;0,8;TRUE;TRUE;0,93;0,07;0
"h_Benzene_Log";"hs_asthma";9,58594405990971e-05;1e-12;0,183173190661241;0,186485690267446;0,186485690267446;0,184988642654745;0,0685668616081325;0,0557441679618558;0,326622879014855;0,0557441679618558;0,326622879014855;100;1;0,9;TRUE;1;0,8;TRUE;TRUE;1;0;0
"h_NO2_Log";"hs_asthma";9,58594405990971e-05;1e-12;-0,034636753447468;-0,0342598464126764;-0,0342598464126764;-0,040549287096823;0,0757233283048997;-0,184075591072213;0,11542381722167;-0,184075591072213;0,11542381722167;100;1;0,9;TRUE;0,67;0,8;FALSE;FALSE;0,33;0,67;0
"h_PM_Log";"hs_asthma";9,58594405990971e-05;1e-12;-0,00488904640609358;-0,00424154404463237;-0,00424154404463237;-0,000717022156720198;0,0656207694891806;-0,138503866313563;0,113384448374749;-0,138503866313563;0,113384448374749;100;1;0,9;TRUE;0,5;0,8;FALSE;FALSE;0,5;0,5;0
"h_TEX_Log";"hs_asthma";9,58594405990971e-05;1e-12;-0,0624980123133665;-0,0593130668757996;-0,0593130668757996;-0,0627230503247048;0,0620097816305646;-0,183221961726071;0,0440695398281049;-0,183221961726071;0,0440695398281049;100;1;0,9;TRUE;0,77;0,8;FALSE;FALSE;0,23;0,77;0
"hs_KIDMED_None";"hs_asthma";9,58594405990971e-05;1e-12;-0,184165749209758;-0,185535627213624;-0,185535627213624;-0,187647936762457;0,0796740587076146;-0,35023577003353;-0,0373160745544826;-0,35023577003353;-0,0373160745544826;100;1;0,9;TRUE;1;0,8;TRUE;TRUE;0;1;0
"hs_mvpa_prd_alt_None";"hs_asthma";9,58594405990971e-05;1e-12;-0,013601965372931;-0,0102907228562055;-0,0102907228562055;0,00982125207782367;0,0790321926146517;-0,144617149913675;0,136261984376964;-0,144617149913675;0,136261984376964;100;1;0,9;TRUE;0,46;0,8;FALSE;FALSE;0,54;0,46;0
"hs_sd_wk_None";"hs_asthma";9,58594405990971e-05;1e-12;-0,12153327468294;-0,126793328169111;-0,126793328169111;-0,124596119329232;0,0621195426033796;-0,253440422961949;-0,0141055290703813;-0,253440422961949;-0,0141055290703813;100;1;0,9;TRUE;0,99;0,8;TRUE;TRUE;0,01;0,99;0
"hs_dif_hours_total_None";"hs_asthma";9,58594405990971e-05;1e-12;-0,224168448278746;-0,226845798793194;-0,226845798793194;-0,23758561906456;0,0826604097826222;-0,399244862760987;-0,0784112020679972;-0,399244862760987;-0,0784112020679972;100;1;0,9;TRUE;1;0,8;TRUE;TRUE;0;1;0
"hs_as_c_Log2";"hs_asthma";9,58594405990971e-05;1e-12;-0,0790641448362224;-0,073906204456319;-0,073906204456319;-0,0693344008877705;0,0640797043745958;-0,201875632012025;0,0430853231071062;-0,201875632012025;0,0430853231071062;100;1;0,9;TRUE;0,86;0,8;TRUE;TRUE;0,14;0,86;0
"hs_cd_c_Log2";"hs_asthma";9,58594405990971e-05;1e-12;0,0462005563108984;0,0503955742057924;0,0503955742057924;0,0656624031542577;0,0906846459138669;-0,111935232601999;0,196245193360928;-0,111935232601999;0,196245193360928;100;1;0,9;TRUE;0,7;0,8;FALSE;FALSE;0,7;0,3;0
"hs_co_c_Log2";"hs_asthma";9,58594405990971e-05;1e-12;-0,141168373212926;-0,136237624946291;-0,136237624946291;-0,141029771626197;0,0701411998852996;-0,283089673505915;-0,00268066797706838;-0,283089673505915;-0,00268066797706838;100;1;0,9;TRUE;0,97;0,8;TRUE;TRUE;0,03;0,97;0
"hs_cs_c_Log2";"hs_asthma";9,58594405990971e-05;1e-12;-0,0548095531132895;-0,0496719537796286;-0,0496719537796286;-0,048493842765923;0,0773640939291159;-0,19909968227008;0,0890498518091145;-0,19909968227008;0,0890498518091145;100;1;0,9;TRUE;0,73;0,8;FALSE;FALSE;0,27;0,73;0
"hs_cu_c_Log2";"hs_asthma";9,58594405990971e-05;1e-12;-0,0394643037779321;-0,0402794953619448;-0,0402794953619448;-0,0330719437635645;0,0703828604167387;-0,180091564952755;0,0818153355515729;-0,180091564952755;0,0818153355515729;100;1;0,9;TRUE;0,7;0,8;FALSE;FALSE;0,3;0,7;0
"hs_hg_c_Log2";"hs_asthma";9,58594405990971e-05;1e-12;0,0561236466530388;0,0557083752015753;0,0557083752015753;0,0504254984081547;0,0723059057019461;-0,0838084551357203;0,195109157494582;-0,0838084551357203;0,195109157494582;100;1;0,9;TRUE;0,75;0,8;FALSE;FALSE;0,75;0,25;0
"hs_mn_c_Log2";"hs_asthma";9,58594405990971e-05;1e-12;0,199596270261108;0,197055392811531;0,197055392811531;0,195998173762241;0,0727902695538757;0,0408704977373396;0,33217560532461;0,0408704977373396;0,33217560532461;100;1;0,9;TRUE;1;0,8;TRUE;TRUE;1;0;0
"hs_mo_c_Log2";"hs_asthma";9,58594405990971e-05;1e-12;0,0523467399047428;0,0588244358809383;0,0588244358809383;0,067369299824964;0,0638340277330253;-0,0593751746830856;0,194315324804243;-0,0593751746830856;0,194315324804243;100;1;0,9;TRUE;0,84;0,8;TRUE;TRUE;0,84;0,16;0
"hs_pb_c_Log2";"hs_asthma";9,58594405990971e-05;1e-12;-0,0291232520629498;-0,0303851637072127;-0,0303851637072127;-0,0205406787454533;0,0644301982864076;-0,145022844493345;0,0707706175237381;-0,145022844493345;0,0707706175237381;100;1;0,9;TRUE;0,65;0,8;FALSE;FALSE;0,35;0,65;0
"hs_hum_mt_hs_h_None";"hs_asthma";9,58594405990971e-05;1e-12;0,0307223518024211;0,0336166542599526;0,0336166542599526;0,0375913641769992;0,065332245860177;-0,108701093274345;0,153986927009003;-0,108701093274345;0,153986927009003;100;1;0,9;TRUE;0,68;0,8;FALSE;FALSE;0,68;0,32;0
"hs_tm_mt_hs_h_None";"hs_asthma";9,58594405990971e-05;1e-12;-0,0501781235235075;-0,04907125100006;-0,04907125100006;-0,0509973562480743;0,0546015484036478;-0,134459655009758;0,0608814980345643;-0,134459655009758;0,0608814980345643;100;1;0,9;TRUE;0,83;0,8;TRUE;TRUE;0,17;0,83;0
"hs_uvdvf_mt_hs_h_None";"hs_asthma";9,58594405990971e-05;1e-12;0,0687159558612063;0,0658880878367653;0,0658880878367653;0,0670681322175812;0,0515163130742634;-0,0290206823951586;0,162074415638445;-0,0290206823951586;0,162074415638445;100;1;0,9;TRUE;0,87;0,8;TRUE;TRUE;0,87;0,13;0
"hs_hum_dy_hs_h_None";"hs_asthma";9,58594405990971e-05;1e-12;0,0890243616644217;0,0910428646268802;0,0910428646268802;0,0866270320831899;0,0747220124569475;-0,0482991877751364;0,227571349428752;-0,0482991877751364;0,227571349428752;100;1;0,9;TRUE;0,91;0,8;TRUE;TRUE;0,91;0,09;0
"hs_hum_wk_hs_h_None";"hs_asthma";9,58594405990971e-05;1e-12;0,260417191001498;0,261931097992776;0,261931097992776;0,262125135363177;0,0799471291137001;0,121530472204058;0,403279901680179;0,121530472204058;0,403279901680179;100;1;0,9;TRUE;1;0,8;TRUE;TRUE;1;0;0
"hs_tm_dy_hs_h_None";"hs_asthma";9,58594405990971e-05;1e-12;-0,0135060039307728;-0,0131534394803627;-0,0131534394803627;-0,0221669741519964;0,0709161296368142;-0,12358747438082;0,134073770938663;-0,12358747438082;0,134073770938663;100;1;0,9;TRUE;0,58;0,8;FALSE;FALSE;0,42;0,58;0
"hs_tm_wk_hs_h_None";"hs_asthma";9,58594405990971e-05;1e-12;0,0631137722552688;0,0570542308610488;0,0570542308610488;0,0631198449543224;0,0522257488965374;-0,0490422880426908;0,160087954894197;-0,0490422880426908;0,160087954894197;100;1;0,9;TRUE;0,87;0,8;TRUE;TRUE;0,87;0,13;0
"hs_uvdvf_dy_hs_h_None";"hs_asthma";9,58594405990971e-05;1e-12;-0,0874334436062221;-0,0823507976635624;-0,0823507976635624;-0,0887345383931929;0,053523298151857;-0,175656074928014;0,02046587010163;-0,175656074928014;0,02046587010163;100;1;0,9;TRUE;0,94;0,8;TRUE;TRUE;0,06;0,94;0
"hs_uvdvf_wk_hs_h_None";"hs_asthma";9,58594405990971e-05;1e-12;0,110744086080067;0,106330265716771;0,106330265716771;0,0990484593706666;0,0595716948857337;0,00269959560388304;0,214851614879896;0,00269959560388304;0,214851614879896;100;1;0,9;TRUE;0,97;0,8;TRUE;TRUE;0,97;0,03;0
"hs_ndvi100_h_None";"hs_asthma";9,58594405990971e-05;1e-12;-0,121087257835334;-0,116379919441047;-0,116379919441047;-0,11894782878427;0,0858651003805086;-0,301436687275583;0,0448102040753746;-0,301436687275583;0,0448102040753746;100;1;0,9;TRUE;0,94;0,8;TRUE;TRUE;0,06;0,94;0
"hs_ndvi100_s_None";"hs_asthma";9,58594405990971e-05;1e-12;-0,0512835688997495;-0,0478434300443043;-0,0478434300443043;-0,0500532993737596;0,0732216818011432;-0,174189541318516;0,0859649861188986;-0,174189541318516;0,0859649861188986;100;1;0,9;TRUE;0,77;0,8;FALSE;FALSE;0,23;0,77;0
"hs_dde_cadj_Log2";"hs_asthma";9,58594405990971e-05;1e-12;0,0395719525306456;0,04548901763272;0,04548901763272;0,0489640391416716;0,0957811058605936;-0,186257778343037;0,213743673290675;-0,186257778343037;0,213743673290675;100;1;0,9;TRUE;0,73;0,8;FALSE;FALSE;0,73;0,27;0
"hs_ddt_cadj_Log2";"hs_asthma";9,58594405990971e-05;1e-12;0,0754532170515288;0,0790638424721174;0,0790638424721174;0,0771521626059133;0,0623182978299124;-0,0379627387537742;0,200322194223345;-0,0379627387537742;0,200322194223345;100;1;0,9;TRUE;0,91;0,8;TRUE;TRUE;0,91;0,09;0
"hs_hcb_cadj_Log2";"hs_asthma";9,58594405990971e-05;1e-12;0,00027278884231381;-0,00596620552484142;-0,00596620552484142;-0,00175263402537577;0,0604361278172815;-0,165026076743734;0,0823021065812362;-0,165026076743734;0,0823021065812362;100;1;0,9;TRUE;0,48;0,8;FALSE;FALSE;0,48;0,52;0
"hs_pcb118_cadj_Log2";"hs_asthma";9,58594405990971e-05;1e-12;0,0472740913291239;0,0484562364676468;0,0484562364676468;0,047400169247611;0,07117315317402;-0,0875127137455856;0,178555568273188;-0,0875127137455856;0,178555568273188;100;1;0,9;TRUE;0,74;0,8;FALSE;FALSE;0,74;0,26;0
"hs_pcb138_cadj_Log2";"hs_asthma";9,58594405990971e-05;1e-12;0,0551422046287682;0,0747072588173356;0,0747072588173356;0,0683162127885132;0,114022235601408;-0,128729915959806;0,256205663253289;-0,128729915959806;0,256205663253289;100;1;0,9;TRUE;0,73;0,8;FALSE;FALSE;0,73;0,27;0
"hs_pcb153_cadj_Log2";"hs_asthma";9,58594405990971e-05;1e-12;-0,0277887621325128;-0,0306851281736291;-0,0306851281736291;-0,0271830137862736;0,0689234118365169;-0,157787591905437;0,10110897237926;-0,157787591905437;0,10110897237926;100;1;0,9;TRUE;0,64;0,8;FALSE;FALSE;0,36;0,64;0
"hs_pcb170_cadj_Log2";"hs_asthma";9,58594405990971e-05;1e-12;0,106983267637005;0,108471233559141;0,108471233559141;0,101875680106492;0,0673898472801655;-0,018302700026563;0,230540694272679;-0,018302700026563;0,230540694272679;100;1;0,9;TRUE;0,92;0,8;TRUE;TRUE;0,92;0,08;0
"hs_pcb180_cadj_Log2";"hs_asthma";9,58594405990971e-05;1e-12;-0,0467716886545883;-0,0437293506318066;-0,0437293506318066;-0,0312152488407853;0,0756953150138348;-0,205569551886234;0,067068806791272;-0,205569551886234;0,067068806791272;100;1;0,9;TRUE;0,68;0,8;FALSE;FALSE;0,32;0,68;0
"hs_sumPCBs5_cadj_Log2";"hs_asthma";9,58594405990971e-05;1e-12;0,030851061264769;0,0293536719064424;0,0293536719064424;0,0296071524942096;0,0642060848145122;-0,0948765042383561;0,145310854277446;-0,0948765042383561;0,145310854277446;100;1;0,9;TRUE;0,68;0,8;FALSE;FALSE;0,68;0,32;0
"hs_pfhxs_c_Log2";"hs_asthma";9,58594405990971e-05;1e-12;-0,0382548608501537;-0,0339789349962364;-0,0339789349962364;-0,0352571564958232;0,0703023782044731;-0,160955874401066;0,098911883295941;-0,160955874401066;0,098911883295941;100;1;0,9;TRUE;0,69;0,8;FALSE;FALSE;0,31;0,69;0
"hs_pfna_c_Log2";"hs_asthma";9,58594405990971e-05;1e-12;0,0538989998448768;0,053392412683754;0,053392412683754;0,0533917473320106;0,0699964346631842;-0,0777583898860667;0,17981219632285;-0,0777583898860667;0,17981219632285;100;1;0,9;TRUE;0,79;0,8;FALSE;FALSE;0,79;0,21;0
"hs_pfoa_c_Log2";"hs_asthma";9,58594405990971e-05;1e-12;-0,0828786593993454;-0,0831955629930973;-0,0831955629930973;-0,0834501473837996;0,0821484428121182;-0,234882539224063;0,0670173544604719;-0,234882539224063;0,0670173544604719;100;1;0,9;TRUE;0,85;0,8;TRUE;TRUE;0,15;0,85;0
"hs_pfos_c_Log2";"hs_asthma";9,58594405990971e-05;1e-12;0,0145891998444852;0,0153524139752108;0,0153524139752108;0,0185036824586757;0,0683346635234709;-0,115138876155321;0,144592586367616;-0,115138876155321;0,144592586367616;100;1;0,9;TRUE;0,58;0,8;FALSE;FALSE;0,58;0,42;0
"hs_pfunda_c_Log2";"hs_asthma";9,58594405990971e-05;1e-12;0,0652261482343619;0,0683914038409513;0,0683914038409513;0,0755753102829176;0,0636528388043626;-0,0372046879343294;0,195452305849577;-0,0372046879343294;0,195452305849577;100;1;0,9;TRUE;0,84;0,8;TRUE;TRUE;0,84;0,16;0
"hs_hm_pers_None";"hs_asthma";9,58594405990971e-05;1e-12;-0,130660919653999;-0,13191680924487;-0,13191680924487;-0,131782993032318;0,0753815767480356;-0,286951155246989;0,0103168873667989;-0,286951155246989;0,0103168873667989;100;1;0,9;TRUE;0,95;0,8;TRUE;TRUE;0,05;0,95;0
"hs_trafload_h_pow1over3";"hs_asthma";9,58594405990971e-05;1e-12;-0,0149264978034913;-0,016016167771321;-0,016016167771321;-0,0154122608787328;0,0643421131567526;-0,137221428802946;0,094208578604536;-0,137221428802946;0,094208578604536;100;1;0,9;TRUE;0,61;0,8;FALSE;FALSE;0,39;0,61;0
"hs_trafnear_h_pow1over3";"hs_asthma";9,58594405990971e-05;1e-12;-0,0544593528074568;-0,0543722672720781;-0,0543722672720781;-0,048105665748082;0,0690356826017719;-0,191664343752196;0,0734488865536444;-0,191664343752196;0,0734488865536444;100;1;0,9;TRUE;0,79;0,8;FALSE;FALSE;0,21;0,79;0
"FAS_cat_None_Low";"hs_asthma";9,58594405990971e-05;1e-12;-0,277835580389258;-0,290491592627601;-0,290491592627601;-0,303941455367344;0,226872929275203;-0,698838620574374;0,108585718110434;-0,698838620574374;0,108585718110434;100;1;0,9;TRUE;0,91;0,8;TRUE;TRUE;0,09;0,91;0
"FAS_cat_None_Middle";"hs_asthma";9,58594405990971e-05;1e-12;-0,167550679808762;-0,171220764208233;-0,171220764208233;-0,163488463672117;0,139592520224965;-0,412431994582713;0,0788676664607043;-0,412431994582713;0,0788676664607043;100;1;0,9;TRUE;0,88;0,8;TRUE;TRUE;0,12;0,88;0
"hs_globalexp2_None_no exposure";"hs_asthma";9,58594405990971e-05;1e-12;-0,0500779830567014;-0,0610538890775462;-0,0610538890775462;-0,0608525240639529;0,138880607680539;-0,304527492832179;0,171678259751307;-0,304527492832179;0,171678259751307;100;1;0,9;TRUE;0,68;0,8;FALSE;FALSE;0,32;0,68;0
"hs_no2_dy_hs_h_Log";"hs_zbmi_who";9,58594405990971e-05;1e-12;0,00846839878881066;0,00921101587217979;0,00921101587217979;0,00989211644583229;0,00568089552834335;-0,0023385446183589;0,019098304286473;-0,0023385446183589;0,019098304286473;100;1;0,9;TRUE;0,92;0,8;TRUE;TRUE;0,92;0,08;0
"hs_no2_wk_hs_h_Log";"hs_zbmi_who";9,58594405990971e-05;1e-12;0,0193396335551527;0,0191845022069504;0,0191845022069504;0,0201014796978838;0,0062755309470793;0,00687646336319363;0,0320150159946293;0,00687646336319363;0,0320150159946293;100;1;0,9;TRUE;1;0,8;TRUE;TRUE;1;0;0
"hs_no2_yr_hs_h_Log";"hs_zbmi_who";9,58594405990971e-05;1e-12;0,0345382944480511;0,0335143500169315;0,0335143500169315;0,0337355126552722;0,00634912993247246;0,0219074642362025;0,0466710603519675;0,0219074642362025;0,0466710603519675;100;1;0,9;TRUE;1;0,8;TRUE;TRUE;1;0;0
"hs_pm10_dy_hs_h_None";"hs_zbmi_who";9,58594405990971e-05;1e-12;0,00142568080009371;0,000968988499711177;0,000968988499711177;0,00156753782669296;0,00553849361840129;-0,0109953001331581;0,0118550285354304;-0,0109953001331581;0,0118550285354304;100;1;0,9;TRUE;0,63;0,8;FALSE;FALSE;0,63;0,37;0
"hs_pm10_wk_hs_h_None";"hs_zbmi_who";9,58594405990971e-05;1e-12;-0,012879951247204;-0,0104562615211358;-0,0104562615211358;-0,0103095238700854;0,00553606829966718;-0,0204443265747554;-0,000670335756838195;-0,0204443265747554;-0,000670335756838195;100;1;0,9;TRUE;0,98;0,8;TRUE;TRUE;0,02;0,98;0
"hs_pm10_yr_hs_h_None";"hs_zbmi_who";9,58594405990971e-05;1e-12;-0,00519621638243893;-0,00462221907555487;-0,00462221907555487;-0,00408709270207282;0,00621844791584359;-0,0184949662653146;0,0057503047079847;-0,0184949662653146;0,0057503047079847;100;1;0,9;TRUE;0,76;0,8;FALSE;FALSE;0,24;0,76;0
"hs_pm25_dy_hs_h_None";"hs_zbmi_who";9,58594405990971e-05;1e-12;0,00962964083437947;0,00889249881485031;0,00889249881485031;0,00895685076014642;0,00521239625276816;-0,00146123634796306;0,0177964040192107;-0,00146123634796306;0,0177964040192107;100;1;0,9;TRUE;0,95;0,8;TRUE;TRUE;0,95;0,05;0
"hs_pm25_wk_hs_h_None";"hs_zbmi_who";9,58594405990971e-05;1e-12;-0,0114136908024198;-0,0118864841984146;-0,0118864841984146;-0,0107484775363223;0,00769777554709125;-0,0252727747326232;0,00234445837306239;-0,0252727747326232;0,00234445837306239;100;1;0,9;TRUE;0,97;0,8;TRUE;TRUE;0,03;0,97;0
"hs_pm25_yr_hs_h_None";"hs_zbmi_who";9,58594405990971e-05;1e-12;0,0328906162925138;0,0329231040426994;0,0329231040426994;0,033042630344745;0,00608215007575046;0,020668241714675;0,0441182365844144;0,020668241714675;0,0441182365844144;100;1;0,9;TRUE;1;0,8;TRUE;TRUE;1;0;0
"hs_pm25abs_dy_hs_h_Log";"hs_zbmi_who";9,58594405990971e-05;1e-12;-0,00447565030835104;-0,00492981014059508;-0,00492981014059508;-0,00535845258970271;0,00443462291078103;-0,0131789901247096;0,00460848431162603;-0,0131789901247096;0,00460848431162603;100;1;0,9;TRUE;0,91;0,8;TRUE;TRUE;0,09;0,91;0
"hs_pm25abs_wk_hs_h_Log";"hs_zbmi_who";9,58594405990971e-05;1e-12;-0,00511647447735023;-0,00500781563538425;-0,00500781563538425;-0,00481764341250599;0,00473300646421771;-0,0142984047240616;0,0033198254174146;-0,0142984047240616;0,0033198254174146;100;1;0,9;TRUE;0,86;0,8;TRUE;TRUE;0,14;0,86;0
"hs_pm25abs_yr_hs_h_Log";"hs_zbmi_who";9,58594405990971e-05;1e-12;-0,00840058202530151;-0,00868822148088107;-0,00868822148088107;-0,00928776447370945;0,00649451394262469;-0,0217453934725352;0,00213709528033198;-0,0217453934725352;0,00213709528033198;100;1;0,9;TRUE;0,91;0,8;TRUE;TRUE;0,09;0,91;0
"hs_accesslines300_h_dic0";"hs_zbmi_who";9,58594405990971e-05;1e-12;-0,0313024472048613;-0,0297166483766079;-0,0297166483766079;-0,0292369254277795;0,0184727202805492;-0,060065260539214;0,00428796545605395;-0,060065260539214;0,00428796545605395;100;1;0,9;TRUE;0,93;0,8;TRUE;TRUE;0,07;0,93;0
"hs_accesspoints300_h_Log";"hs_zbmi_who";9,58594405990971e-05;1e-12;0,0112627600685834;0,0107139554495328;0,0107139554495328;0,0110879085892746;0,00541808103151814;0,000602053015744959;0,0214317787377316;0,000602053015744959;0,0214317787377316;100;1;0,9;TRUE;0,99;0,8;TRUE;TRUE;0,99;0,01;0
"hs_builtdens300_h_Sqrt";"hs_zbmi_who";9,58594405990971e-05;1e-12;-0,00982479930454189;-0,00972861436001907;-0,00972861436001907;-0,00977521182091633;0,0058578040633744;-0,0198804206241593;0,00172142211758359;-0,0198804206241593;0,00172142211758359;100;1;0,9;TRUE;0,95;0,8;TRUE;TRUE;0,05;0,95;0
"hs_connind300_h_Log";"hs_zbmi_who";9,58594405990971e-05;1e-12;0,0051331880656646;0,00484734048714961;0,00484734048714961;0,00478872304096213;0,00470760346365701;-0,00419192272240669;0,0125401083123902;-0,00419192272240669;0,0125401083123902;100;1;0,9;TRUE;0,81;0,8;TRUE;TRUE;0,81;0,19;0
"hs_fdensity300_h_Log";"hs_zbmi_who";9,58594405990971e-05;1e-12;0,0105996404433814;0,0105206314691744;0,0105206314691744;0,0104726346943542;0,00519466187525951;0,00057534500073578;0,0211797778973618;0,00057534500073578;0,0211797778973618;100;1;0,9;TRUE;0,97;0,8;TRUE;TRUE;0,97;0,03;0
"hs_landuseshan300_h_None";"hs_zbmi_who";9,58594405990971e-05;1e-12;0,00235898175981985;0,00239179098197487;0,00239179098197487;0,00312456592994448;0,00504977369511614;-0,00686359305973544;0,0122250081569984;-0,00686359305973544;0,0122250081569984;100;1;0,9;TRUE;0,71;0,8;FALSE;FALSE;0,71;0,29;0
"hs_popdens_h_Sqrt";"hs_zbmi_who";9,58594405990971e-05;1e-12;0,000194082257809467;0,000768174934204255;0,000768174934204255;0,000608663415590904;0,00569910960207626;-0,00834000262580862;0,0125814258339568;-0,00834000262580862;0,0125814258339568;100;1;0,9;TRUE;0,52;0,8;FALSE;FALSE;0,52;0,48;0
"hs_walkability_mean_h_None";"hs_zbmi_who";9,58594405990971e-05;1e-12;-0,0126753641815472;-0,0122630030292529;-0,0122630030292529;-0,012144332676941;0,00515031641063419;-0,0234117391176656;-0,00301485647883389;-0,0234117391176656;-0,00301485647883389;100;1;0,9;TRUE;0,99;0,8;TRUE;TRUE;0,01;0,99;0
"hs_accesslines300_s_dic0";"hs_zbmi_who";9,58594405990971e-05;1e-12;0,0219939937736111;0,0192504852301344;0,0192504852301344;0,0208483585701232;0,0151225304272538;-0,00809367529148538;0,0481977698864233;-0,00809367529148538;0,0481977698864233;100;1;0,9;TRUE;0,88;0,8;TRUE;TRUE;0,88;0,12;0
"hs_accesspoints300_s_Log";"hs_zbmi_who";9,58594405990971e-05;1e-12;0,00425388588919205;0,00464173076361078;0,00464173076361078;0,00464885536120124;0,00531564945252069;-0,00425356067621205;0,0157387455263964;-0,00425356067621205;0,0157387455263964;100;1;0,9;TRUE;0,77;0,8;FALSE;FALSE;0,77;0,23;0
"hs_builtdens300_s_Sqrt";"hs_zbmi_who";9,58594405990971e-05;1e-12;-0,00940270735791509;-0,00940204061943865;-0,00940204061943865;-0,00999970040431382;0,00601052050615613;-0,0203850348888832;0,00345520655162025;-0,0203850348888832;0,00345520655162025;100;1;0,9;TRUE;0,94;0,8;TRUE;TRUE;0,06;0,94;0
"hs_connind300_s_Log";"hs_zbmi_who";9,58594405990971e-05;1e-12;0,00188035433275442;0,00165020896753511;0,00165020896753511;0,00149346117818785;0,00399887900210221;-0,00499654267450669;0,00916428035184208;-0,00499654267450669;0,00916428035184208;100;1;0,9;TRUE;0,64;0,8;FALSE;FALSE;0,64;0,36;0
"hs_fdensity300_s_Log";"hs_zbmi_who";9,58594405990971e-05;1e-12;0,00149765301300057;0,00142610717031905;0,00142610717031905;0,00160326526965809;0,00530385383554667;-0,00834999585048844;0,0110830902533535;-0,00834999585048844;0,0110830902533535;100;1;0,9;TRUE;0,63;0,8;FALSE;FALSE;0,63;0,37;0
"hs_landuseshan300_s_None";"hs_zbmi_who";9,58594405990971e-05;1e-12;0,000202153914966122;0,0003966078979585;0,0003966078979585;0,000501497696778695;0,004945030367442;-0,00895576859224783;0,00985691801554586;-0,00895576859224783;0,00985691801554586;100;1;0,9;TRUE;0,56;0,8;FALSE;FALSE;0,56;0,44;0
"hs_popdens_s_Sqrt";"hs_zbmi_who";9,58594405990971e-05;1e-12;-0,0061650337612079;-0,0058473524761522;-0,0058473524761522;-0,00526357599290081;0,00499930401907313;-0,0152019597747178;0,0031645679063171;-0,0152019597747178;0,0031645679063171;100;1;0,9;TRUE;0,89;0,8;TRUE;TRUE;0,11;0,89;0
"h_Absorbance_Log";"hs_zbmi_who";9,58594405990971e-05;1e-12;-0,0047706397915986;-0,00497367724229293;-0,00497367724229293;-0,00553766466489663;0,00579345177418588;-0,0160613632123754;0,00519898295171905;-0,0160613632123754;0,00519898295171905;100;1;0,9;TRUE;0,78;0,8;FALSE;FALSE;0,22;0,78;0
"h_Benzene_Log";"hs_zbmi_who";9,58594405990971e-05;1e-12;0,00275344604955662;0,0018690677932152;0,0018690677932152;0,00247052776067301;0,00484466077947849;-0,00711664326590497;0,00997575829404948;-0,00711664326590497;0,00997575829404948;100;1;0,9;TRUE;0,66;0,8;FALSE;FALSE;0,66;0,34;0
"h_NO2_Log";"hs_zbmi_who";9,58594405990971e-05;1e-12;0,018279123728187;0,0170868542242915;0,0170868542242915;0,0165717732911385;0,00533354908803716;0,00747448600318729;0,028293393052993;0,00747448600318729;0,028293393052993;100;1;0,9;TRUE;1;0,8;TRUE;TRUE;1;0;0
"h_PM_Log";"hs_zbmi_who";9,58594405990971e-05;1e-12;0,0108395760916391;0,0106157226787745;0,0106157226787745;0,00979975196451495;0,00483460042674857;0,00236090164981338;0,0209497380086191;0,00236090164981338;0,0209497380086191;100;1;0,9;TRUE;0,98;0,8;TRUE;TRUE;0,98;0,02;0
"h_TEX_Log";"hs_zbmi_who";9,58594405990971e-05;1e-12;-0,00638809871877782;-0,00623314081939174;-0,00623314081939174;-0,00549197886842884;0,00596837473552216;-0,017833031539243;0,00574704046809579;-0,017833031539243;0,00574704046809579;100;1;0,9;TRUE;0,87;0,8;TRUE;TRUE;0,13;0,87;0
"hs_KIDMED_None";"hs_zbmi_who";9,58594405990971e-05;1e-12;0,0101830282815977;0,010068893170198;0,010068893170198;0,010055318878712;0,0040710230406529;0,0032811597049305;0,0174335053980037;0,0032811597049305;0,0174335053980037;100;1;0,9;TRUE;1;0,8;TRUE;TRUE;1;0;0
"hs_mvpa_prd_alt_None";"hs_zbmi_who";9,58594405990971e-05;1e-12;-0,010103992451533;-0,00917789876405905;-0,00917789876405905;-0,00938268479042105;0,00531496142126943;-0,0185196347673092;0,000634776710408718;-0,0185196347673092;0,000634776710408718;100;1;0,9;TRUE;0,94;0,8;TRUE;TRUE;0,06;0,94;0
"hs_sd_wk_None";"hs_zbmi_who";9,58594405990971e-05;1e-12;0,00566737511993101;0,00469915100994137;0,00469915100994137;0,00506892522452479;0,00400249550601658;-0,00265853781172759;0,012745225819849;-0,00265853781172759;0,012745225819849;100;1;0,9;TRUE;0,85;0,8;TRUE;TRUE;0,85;0,15;0
"hs_dif_hours_total_None";"hs_zbmi_who";9,58594405990971e-05;1e-12;-0,00527850526003218;-0,00389463954197266;-0,00389463954197266;-0,00364124777131647;0,00463788816256161;-0,011021752935227;0,00601256853125961;-0,011021752935227;0,00601256853125961;100;1;0,9;TRUE;0,83;0,8;TRUE;TRUE;0,17;0,83;0
"hs_as_c_Log2";"hs_zbmi_who";9,58594405990971e-05;1e-12;0,00379787410116795;0,0034160610815667;0,0034160610815667;0,00332887278904634;0,00468038652614704;-0,00518272304420498;0,0121736655557011;-0,00518272304420498;0,0121736655557011;100;1;0,9;TRUE;0,79;0,8;FALSE;FALSE;0,79;0,21;0
"hs_cd_c_Log2";"hs_zbmi_who";9,58594405990971e-05;1e-12;0,00469438656913656;0,00437442406553229;0,00437442406553229;0,00446835313733314;0,00404118633500405;-0,00379357852566091;0,0115549752735574;-0,00379357852566091;0,0115549752735574;100;1;0,9;TRUE;0,88;0,8;TRUE;TRUE;0,88;0,12;0
"hs_co_c_Log2";"hs_zbmi_who";9,58594405990971e-05;1e-12;-0,00854713067951829;-0,00785951735921725;-0,00785951735921725;-0,00799809863486941;0,00400815598803926;-0,0160192981325297;-0,00100686538838497;-0,0160192981325297;-0,00100686538838497;100;1;0,9;TRUE;0,98;0,8;TRUE;TRUE;0,02;0,98;0
"hs_cs_c_Log2";"hs_zbmi_who";9,58594405990971e-05;1e-12;0,0122665729023158;0,0110208413298384;0,0110208413298384;0,0109999714970086;0,00473527732879745;0,00201322673495202;0,0205715798198061;0,00201322673495202;0,0205715798198061;100;1;0,9;TRUE;0,98;0,8;TRUE;TRUE;0,98;0,02;0
"hs_cu_c_Log2";"hs_zbmi_who";9,58594405990971e-05;1e-12;0,00772763452813656;0,00717474519570888;0,00717474519570888;0,00673125625433721;0,00392935115495516;0,000341243621261682;0,0145835165717182;0,000341243621261682;0,0145835165717182;100;1;0,9;TRUE;0,97;0,8;TRUE;TRUE;0,97;0,03;0
"hs_hg_c_Log2";"hs_zbmi_who";9,58594405990971e-05;1e-12;-0,00713724844664238;-0,00643354462503935;-0,00643354462503935;-0,00670452086287944;0,00546598612732957;-0,0152786394986102;0,00260165186375873;-0,0152786394986102;0,00260165186375873;100;1;0,9;TRUE;0,88;0,8;TRUE;TRUE;0,12;0,88;0
"hs_mn_c_Log2";"hs_zbmi_who";9,58594405990971e-05;1e-12;-0,00177513168760364;-0,0020015495538998;-0,0020015495538998;-0,00147288987744838;0,00398003384774681;-0,0112148523596568;0,00528531216051656;-0,0112148523596568;0,00528531216051656;100;1;0,9;TRUE;0,67;0,8;FALSE;FALSE;0,33;0,67;0
"hs_mo_c_Log2";"hs_zbmi_who";9,58594405990971e-05;1e-12;-0,00740264725889109;-0,00718066527434233;-0,00718066527434233;-0,00774597854251041;0,0038628319079668;-0,0149560349417138;-0,000487857827104582;-0,0149560349417138;-0,000487857827104582;100;1;0,9;TRUE;0,99;0,8;TRUE;TRUE;0,01;0,99;0
"hs_pb_c_Log2";"hs_zbmi_who";9,58594405990971e-05;1e-12;-0,00176654614082516;-0,00153795775900355;-0,00153795775900355;-0,00182829944945655;0,0043024304950362;-0,0106405607657482;0,00551728254350364;-0,0106405607657482;0,00551728254350364;100;1;0,9;TRUE;0,65;0,8;FALSE;FALSE;0,35;0,65;0
"hs_hum_mt_hs_h_None";"hs_zbmi_who";9,58594405990971e-05;1e-12;-0,0178821323911203;-0,0180927738096953;-0,0180927738096953;-0,0182037436609583;0,00643749814265585;-0,0301965892361828;-0,00568685475336676;-0,0301965892361828;-0,00568685475336676;100;1;0,9;TRUE;1;0,8;TRUE;TRUE;0;1;0
"hs_tm_mt_hs_h_None";"hs_zbmi_who";9,58594405990971e-05;1e-12;0,015914199376238;0,0155398891154232;0,0155398891154232;0,0150224197807381;0,00589302359165535;0,0051071142321691;0,0265384154970228;0,0051071142321691;0,0265384154970228;100;1;0,9;TRUE;0,99;0,8;TRUE;TRUE;0,99;0,01;0
"hs_uvdvf_mt_hs_h_None";"hs_zbmi_who";9,58594405990971e-05;1e-12;-0,0104749477513112;-0,00984436710529751;-0,00984436710529751;-0,00971756884510869;0,00551392899955917;-0,0193243223586612;0,00207823937962967;-0,0193243223586612;0,00207823937962967;100;1;0,9;TRUE;0,96;0,8;TRUE;TRUE;0,04;0,96;0
"hs_hum_dy_hs_h_None";"hs_zbmi_who";9,58594405990971e-05;1e-12;-0,00536051284989377;-0,00565854138627983;-0,00565854138627983;-0,00591346093006319;0,0049332772483375;-0,0140636911586223;0,00448729551896472;-0,0140636911586223;0,00448729551896472;100;1;0,9;TRUE;0,87;0,8;TRUE;TRUE;0,13;0,87;0
"hs_hum_wk_hs_h_None";"hs_zbmi_who";9,58594405990971e-05;1e-12;-0,0196035927671022;-0,0191126909933038;-0,0191126909933038;-0,0191711855690476;0,00621445334645408;-0,0303315297243673;-0,0065578011740248;-0,0303315297243673;-0,0065578011740248;100;1;0,9;TRUE;1;0,8;TRUE;TRUE;0;1;0
"hs_tm_dy_hs_h_None";"hs_zbmi_who";9,58594405990971e-05;1e-12;-0,00855639778597043;-0,00739181700916003;-0,00739181700916003;-0,00714250691488708;0,00620502579229016;-0,0191933923447614;0,00392662322432436;-0,0191933923447614;0,00392662322432436;100;1;0,9;TRUE;0,87;0,8;TRUE;TRUE;0,13;0,87;0
"hs_tm_wk_hs_h_None";"hs_zbmi_who";9,58594405990971e-05;1e-12;0,0092839446841598;0,00878816074662018;0,00878816074662018;0,0083602068476691;0,00649433802010122;-0,00326644726140027;0,0221146187984857;-0,00326644726140027;0,0221146187984857;100;1;0,9;TRUE;0,91;0,8;TRUE;TRUE;0,91;0,09;0
"hs_uvdvf_dy_hs_h_None";"hs_zbmi_who";9,58594405990971e-05;1e-12;-0,00512176034742377;-0,00555622773090426;-0,00555622773090426;-0,0054043785948098;0,00572391596730665;-0,0163798210422531;0,00436181061126919;-0,0163798210422531;0,00436181061126919;100;1;0,9;TRUE;0,8;0,8;TRUE;TRUE;0,2;0,8;0
"hs_uvdvf_wk_hs_h_None";"hs_zbmi_who";9,58594405990971e-05;1e-12;-0,0263656485975682;-0,0257425491838364;-0,0257425491838364;-0,0259596463548641;0,00607643118759532;-0,0390040672775812;-0,0150181028629187;-0,0390040672775812;-0,0150181028629187;100;1;0,9;TRUE;1;0,8;TRUE;TRUE;0;1;0
"hs_ndvi100_h_None";"hs_zbmi_who";9,58594405990971e-05;1e-12;0,00953182334516665;0,00975640849501725;0,00975640849501725;0,0094885749141879;0,00523259129101792;0,000621081313302576;0,0222546294390931;0,000621081313302576;0,0222546294390931;100;1;0,9;TRUE;0,98;0,8;TRUE;TRUE;0,98;0,02;0
"hs_ndvi100_s_None";"hs_zbmi_who";9,58594405990971e-05;1e-12;0,0056169211549838;0,00600539520335907;0,00600539520335907;0,00541310187627141;0,0055390551189733;-0,00284596474612812;0,0176825357404622;-0,00284596474612812;0,0176825357404622;100;1;0,9;TRUE;0,89;0,8;TRUE;TRUE;0,89;0,11;0
"hs_dde_cadj_Log2";"hs_zbmi_who";9,58594405990971e-05;1e-12;-0,017420042542323;-0,0158976356037937;-0,0158976356037937;-0,0158680649359832;0,00571045603559493;-0,0268360687068456;-0,00650198037599124;-0,0268360687068456;-0,00650198037599124;100;1;0,9;TRUE;1;0,8;TRUE;TRUE;0;1;0
"hs_ddt_cadj_Log2";"hs_zbmi_who";9,58594405990971e-05;1e-12;-0,00402381212123973;-0,00406804440123978;-0,00406804440123978;-0,00402383900859694;0,00481473043494804;-0,0131773445278137;0,00390757067582444;-0,0131773445278137;0,00390757067582444;100;1;0,9;TRUE;0,76;0,8;FALSE;FALSE;0,24;0,76;0
"hs_hcb_cadj_Log2";"hs_zbmi_who";9,58594405990971e-05;1e-12;-0,0151252735387052;-0,0204271240842094;-0,0204271240842094;-0,0143673731908228;0,0136303885063992;-0,0459949582531036;-0,00522833322194098;-0,0459949582531036;-0,00522833322194098;100;1;0,9;TRUE;1;0,8;TRUE;TRUE;0;1;0
"hs_pcb118_cadj_Log2";"hs_zbmi_who";9,58594405990971e-05;1e-12;0,00458151851718872;0,0045816717201819;0,0045816717201819;0,00480216829566145;0,00583898011884924;-0,00688189476595996;0,0151681478443482;-0,00688189476595996;0,0151681478443482;100;1;0,9;TRUE;0,8;0,8;TRUE;TRUE;0,8;0,2;0
"hs_pcb138_cadj_Log2";"hs_zbmi_who";9,58594405990971e-05;1e-12;0,00142222520402977;-0,000294915113864657;-0,000294915113864657;-2,34701285062266e-05;0,0102956701592514;-0,0213231688294527;0,017527624554668;-0,0213231688294527;0,017527624554668;100;1;0,9;TRUE;0,5;0,8;FALSE;FALSE;0,5;0,5;0
"hs_pcb153_cadj_Log2";"hs_zbmi_who";9,58594405990971e-05;1e-12;-0,0076390278717169;-0,00676613242182585;-0,00676613242182585;-0,00630832113417856;0,00670789844228781;-0,0182988858012641;0,00561507730618796;-0,0182988858012641;0,00561507730618796;100;1;0,9;TRUE;0,83;0,8;TRUE;TRUE;0,17;0,83;0
"hs_pcb170_cadj_Log2";"hs_zbmi_who";9,58594405990971e-05;1e-12;-0,0220394813924569;-0,0211337505658847;-0,0211337505658847;-0,020593879562288;0,00649937128308208;-0,0341730303306604;-0,0106838257420327;-0,0341730303306604;-0,0106838257420327;100;1;0,9;TRUE;1;0,8;TRUE;TRUE;0;1;0
"hs_pcb180_cadj_Log2";"hs_zbmi_who";9,58594405990971e-05;1e-12;-0,00196030598802637;-0,00121100690718111;-0,00121100690718111;-0,000969326815347516;0,00606162503873912;-0,0120430912714847;0,0106169352114314;-0,0120430912714847;0,0106169352114314;100;1;0,9;TRUE;0,56;0,8;FALSE;FALSE;0,44;0,56;0
"hs_sumPCBs5_cadj_Log2";"hs_zbmi_who";9,58594405990971e-05;1e-12;-0,0290240642095252;-0,0264197194268626;-0,0264197194268626;-0,0265862783673018;0,00628896399218701;-0,0369047181943723;-0,0139259313555935;-0,0369047181943723;-0,0139259313555935;100;1;0,9;TRUE;1;0,8;TRUE;TRUE;0;1;0
"hs_pfhxs_c_Log2";"hs_zbmi_who";9,58594405990971e-05;1e-12;0,00796433538299807;0,00737254175003274;0,00737254175003274;0,00743251960612411;0,00623667206462724;-0,0050749051182668;0,0192329818526801;-0,0050749051182668;0,0192329818526801;100;1;0,9;TRUE;0,88;0,8;TRUE;TRUE;0,88;0,12;0
"hs_pfna_c_Log2";"hs_zbmi_who";9,58594405990971e-05;1e-12;-0,00449727001367395;-0,0051437700889239;-0,0051437700889239;-0,0046626338012341;0,00535492130439638;-0,0160761698920772;0,00246431158603891;-0,0160761698920772;0,00246431158603891;100;1;0,9;TRUE;0,84;0,8;TRUE;TRUE;0,16;0,84;0
"hs_pfoa_c_Log2";"hs_zbmi_who";9,58594405990971e-05;1e-12;0,014455682585521;0,0138018725564075;0,0138018725564075;0,0132778696543857;0,00479988856444277;0,00597417861415854;0,023966341725596;0,00597417861415854;0,023966341725596;100;1;0,9;TRUE;1;0,8;TRUE;TRUE;1;0;0
"hs_pfos_c_Log2";"hs_zbmi_who";9,58594405990971e-05;1e-12;-0,0133566835902164;-0,012051113412123;-0,012051113412123;-0,0121248909906433;0,00550584224004557;-0,0224884636706465;-0,000700672991623329;-0,0224884636706465;-0,000700672991623329;100;1;0,9;TRUE;1;0,8;TRUE;TRUE;0;1;0
"hs_pfunda_c_Log2";"hs_zbmi_who";9,58594405990971e-05;1e-12;-0,00121765177708672;-0,00139391397640821;-0,00139391397640821;-0,000961121648479781;0,0042481356036175;-0,0101585797265982;0,00633745719958907;-0,0101585797265982;0,00633745719958907;100;1;0,9;TRUE;0,61;0,8;FALSE;FALSE;0,39;0,61;0
"hs_hm_pers_None";"hs_zbmi_who";9,58594405990971e-05;1e-12;0,000845586421615629;0,00127338240601015;0,00127338240601015;0,00121183307676571;0,00397319389857695;-0,00719259769946322;0,00758437734263807;-0,00719259769946322;0,00758437734263807;100;1;0,9;TRUE;0,59;0,8;FALSE;FALSE;0,59;0,41;0
"hs_trafload_h_pow1over3";"hs_zbmi_who";9,58594405990971e-05;1e-12;-0,00261923512487843;-0,0027899430147556;-0,0027899430147556;-0,0028835958973047;0,00430270477301371;-0,0109172469831951;0,00538279863267313;-0,0109172469831951;0,00538279863267313;100;1;0,9;TRUE;0,74;0,8;FALSE;FALSE;0,26;0,74;0
"hs_trafnear_h_pow1over3";"hs_zbmi_who";9,58594405990971e-05;1e-12;-0,000484401706667496;-0,00054376548491465;-0,00054376548491465;-0,000188354659901685;0,00540573454199677;-0,0118120152470997;0,00907116868915774;-0,0118120152470997;0,00907116868915774;100;1;0,9;TRUE;0,53;0,8;FALSE;FALSE;0,47;0,53;0
"FAS_cat_None_Low";"hs_zbmi_who";9,58594405990971e-05;1e-12;0,0252990942220215;0,0252816927686443;0,0252816927686443;0,0271475339365308;0,0163113506188317;-0,00474086702024942;0,0552057057126332;-0,00474086702024942;0,0552057057126332;100;1;0,9;TRUE;0,93;0,8;TRUE;TRUE;0,93;0,07;0
"FAS_cat_None_Middle";"hs_zbmi_who";9,58594405990971e-05;1e-12;0,00986101924071668;0,00915371461889119;0,00915371461889119;0,00917113589163331;0,00870835550675635;-0,00567895938668851;0,0255347197033071;-0,00567895938668851;0,0255347197033071;100;1;0,9;TRUE;0,83;0,8;TRUE;TRUE;0,83;0,17;0
"hs_globalexp2_None_no exposure";"hs_zbmi_who";9,58594405990971e-05;1e-12;0,0331126984364347;0,0327903250727593;0,0327903250727593;0,032485971367476;0,00867703750013927;0,0145705003135966;0,0483151919847008;0,0145705003135966;0,0483151919847008;100;1;0,9;TRUE;1;0,8;TRUE;TRUE;1;0;0
"hs_no2_dy_hs_h_Log";"hs_correct_raven";9,58594405990971e-05;1e-12;-0,00544383531987373;-0,0047389068566982;-0,0047389068566982;-0,00486080779440493;0,00936565553576263;-0,0210515977851861;0,0130824871546422;-0,0210515977851861;0,0130824871546422;100;1;0,9;TRUE;0,74;0,8;FALSE;FALSE;0,26;0,74;0
"hs_no2_wk_hs_h_Log";"hs_correct_raven";9,58594405990971e-05;1e-12;0,0170166934336339;0,0174113329886566;0,0174113329886566;0,0172077939100634;0,00938369337717789;-0,00321056274329538;0,0357197909570663;-0,00321056274329538;0,0357197909570663;100;1;0,9;TRUE;0,96;0,8;TRUE;TRUE;0,96;0,04;0
"hs_no2_yr_hs_h_Log";"hs_correct_raven";9,58594405990971e-05;1e-12;0,0373868481579177;0,0367089876363208;0,0367089876363208;0,0365131150828735;0,00958731645695605;0,0168714428510208;0,054149992717028;0,0168714428510208;0,054149992717028;100;1;0,9;TRUE;1;0,8;TRUE;TRUE;1;0;0
"hs_pm10_dy_hs_h_None";"hs_correct_raven";9,58594405990971e-05;1e-12;-0,0177882149830461;-0,0184453861739532;-0,0184453861739532;-0,0190519077572489;0,00759640803441286;-0,0335982039424786;-0,00448286118720265;-0,0335982039424786;-0,00448286118720265;100;1;0,9;TRUE;1;0,8;TRUE;TRUE;0;1;0
"hs_pm10_wk_hs_h_None";"hs_correct_raven";9,58594405990971e-05;1e-12;-0,00576700041436949;-0,00591337322978406;-0,00591337322978406;-0,00583473843480851;0,00831622052321286;-0,0209077426932947;0,0105260535201563;-0,0209077426932947;0,0105260535201563;100;1;0,9;TRUE;0,8;0,8;TRUE;TRUE;0,2;0,8;0
"hs_pm10_yr_hs_h_None";"hs_correct_raven";9,58594405990971e-05;1e-12;0,0107679547096392;0,0099213889258747;0,0099213889258747;0,0103864487076266;0,0109095243563001;-0,00875718278188625;0,0327182862682794;-0,00875718278188625;0,0327182862682794;100;1;0,9;TRUE;0,81;0,8;TRUE;TRUE;0,81;0,19;0
"hs_pm25_dy_hs_h_None";"hs_correct_raven";9,58594405990971e-05;1e-12;0,00175120872974044;0,00269433175857469;0,00269433175857469;0,00263750994213811;0,00704074438646426;-0,0104069653428876;0,0148017700919831;-0,0104069653428876;0,0148017700919831;100;1;0,9;TRUE;0,65;0,8;FALSE;FALSE;0,65;0,35;0
"hs_pm25_wk_hs_h_None";"hs_correct_raven";9,58594405990971e-05;1e-12;-0,00283122260536016;-0,0032209199398177;-0,0032209199398177;-0,00391598358406239;0,00683567541935144;-0,016111915062625;0,00961263759640912;-0,016111915062625;0,00961263759640912;100;1;0,9;TRUE;0,67;0,8;FALSE;FALSE;0,33;0,67;0
"hs_pm25_yr_hs_h_None";"hs_correct_raven";9,58594405990971e-05;1e-12;0,0276040939851097;0,0266497648102306;0,0266497648102306;0,0262223625936809;0,0112185172229804;0,00768424939894149;0,0510901302430863;0,00768424939894149;0,0510901302430863;100;1;0,9;TRUE;1;0,8;TRUE;TRUE;1;0;0
"hs_pm25abs_dy_hs_h_Log";"hs_correct_raven";9,58594405990971e-05;1e-12;0,0122657715144739;0,011449593434081;0,011449593434081;0,0117100218232136;0,00658223198322827;-0,00199057160715652;0,0240914801008363;-0,00199057160715652;0,0240914801008363;100;1;0,9;TRUE;0,95;0,8;TRUE;TRUE;0,95;0,05;0
"hs_pm25abs_wk_hs_h_Log";"hs_correct_raven";9,58594405990971e-05;1e-12;-0,0119222434226015;-0,0109268400265056;-0,0109268400265056;-0,00961353095928374;0,00782513547060195;-0,0267156466101301;0,00385663082764661;-0,0267156466101301;0,00385663082764661;100;1;0,9;TRUE;0,92;0,8;TRUE;TRUE;0,08;0,92;0
"hs_pm25abs_yr_hs_h_Log";"hs_correct_raven";9,58594405990971e-05;1e-12;-0,00953886029905187;-0,00963342294529541;-0,00963342294529541;-0,00865336237327777;0,00902996572847521;-0,0256468212714457;0,00502637058079143;-0,0256468212714457;0,00502637058079143;100;1;0,9;TRUE;0,85;0,8;TRUE;TRUE;0,15;0,85;0
"hs_accesslines300_h_dic0";"hs_correct_raven";9,58594405990971e-05;1e-12;-0,0219560589198786;-0,0195116669997194;-0,0195116669997194;-0,0209069835138153;0,0237598103511981;-0,0598721245109962;0,0287137495808222;-0,0598721245109962;0,0287137495808222;100;1;0,9;TRUE;0,77;0,8;FALSE;FALSE;0,23;0,77;0
"hs_accesspoints300_h_Log";"hs_correct_raven";9,58594405990971e-05;1e-12;-0,00177875689347063;-0,000491399088437462;-0,000491399088437462;-0,00107353823224268;0,00820434733925644;-0,0142472281145657;0,0152056487537733;-0,0142472281145657;0,0152056487537733;100;1;0,9;TRUE;0,54;0,8;FALSE;FALSE;0,46;0,54;0
"hs_builtdens300_h_Sqrt";"hs_correct_raven";9,58594405990971e-05;1e-12;-0,00969723263993526;-0,00924034029461452;-0,00924034029461452;-0,00988344651988257;0,00795273452042263;-0,023152072297796;0,00594307922149118;-0,023152072297796;0,00594307922149118;100;1;0,9;TRUE;0,86;0,8;TRUE;TRUE;0,14;0,86;0
"hs_connind300_h_Log";"hs_correct_raven";9,58594405990971e-05;1e-12;-0,0101606904407267;-0,00998159197152782;-0,00998159197152782;-0,00986543234413243;0,00624650824228989;-0,0208139305293755;0,00252838816660065;-0,0208139305293755;0,00252838816660065;100;1;0,9;TRUE;0,94;0,8;TRUE;TRUE;0,06;0,94;0
"hs_fdensity300_h_Log";"hs_correct_raven";9,58594405990971e-05;1e-12;0,0299013648810506;0,0292219788616132;0,0292219788616132;0,0292622553749717;0,00736150630418077;0,0153003410418238;0,0436122548149691;0,0153003410418238;0,0436122548149691;100;1;0,9;TRUE;1;0,8;TRUE;TRUE;1;0;0
"hs_landuseshan300_h_None";"hs_correct_raven";9,58594405990971e-05;1e-12;0,0144314265232303;0,0142755489852812;0,0142755489852812;0,0148937620541098;0,00529537548129281;0,00474004454370133;0,0233834676373229;0,00474004454370133;0,0233834676373229;100;1;0,9;TRUE;1;0,8;TRUE;TRUE;1;0;0
"hs_popdens_h_Sqrt";"hs_correct_raven";9,58594405990971e-05;1e-12;-0,0160839723110968;-0,0163761270398436;-0,0163761270398436;-0,0162330448450742;0,00670617672479729;-0,0293348064905856;-0,00558402717738747;-0,0293348064905856;-0,00558402717738747;100;1;0,9;TRUE;1;0,8;TRUE;TRUE;0;1;0
"hs_walkability_mean_h_None";"hs_correct_raven";9,58594405990971e-05;1e-12;-0,00595393573215253;-0,0064323593513382;-0,0064323593513382;-0,00589541672229633;0,00517169796057377;-0,0165229247479155;0,00231794789416285;-0,0165229247479155;0,00231794789416285;100;1;0,9;TRUE;0,9;0,8;TRUE;TRUE;0,1;0,9;0
"hs_accesslines300_s_dic0";"hs_correct_raven";9,58594405990971e-05;1e-12;0,00860265420295656;0,0113772902726779;0,0113772902726779;0,00942382262951072;0,0216586622405653;-0,027062869830951;0,0550958619117418;-0,027062869830951;0,0550958619117418;100;1;0,9;TRUE;0,65;0,8;FALSE;FALSE;0,65;0,35;0
"hs_accesspoints300_s_Log";"hs_correct_raven";9,58594405990971e-05;1e-12;0,00793630417787232;0,00852912738667564;0,00852912738667564;0,00750684831973258;0,00784681428115638;-0,00452053061711405;0,0261899838927205;-0,00452053061711405;0,0261899838927205;100;1;0,9;TRUE;0,89;0,8;TRUE;TRUE;0,89;0,11;0
"hs_builtdens300_s_Sqrt";"hs_correct_raven";9,58594405990971e-05;1e-12;-0,0125974910841557;-0,0123897150603613;-0,0123897150603613;-0,0120977737021701;0,00843571200412598;-0,0300758629903147;0,0020124333771401;-0,0300758629903147;0,0020124333771401;100;1;0,9;TRUE;0,94;0,8;TRUE;TRUE;0,06;0,94;0
"hs_connind300_s_Log";"hs_correct_raven";9,58594405990971e-05;1e-12;0,00620862204774166;0,00684281551614583;0,00684281551614583;0,0065044619041991;0,00535371349017464;-0,00321329094245695;0,0187776340718806;-0,00321329094245695;0,0187776340718806;100;1;0,9;TRUE;0,91;0,8;TRUE;TRUE;0,91;0,09;0
"hs_fdensity300_s_Log";"hs_correct_raven";9,58594405990971e-05;1e-12;0,0111745819665773;0,0114203191275519;0,0114203191275519;0,012458056854258;0,00640567601702933;-0,00103167709538537;0,0228737410505382;-0,00103167709538537;0,0228737410505382;100;1;0,9;TRUE;0,96;0,8;TRUE;TRUE;0,96;0,04;0
"hs_landuseshan300_s_None";"hs_correct_raven";9,58594405990971e-05;1e-12;0,00215509955330367;0,00269507955691481;0,00269507955691481;0,0028075206159318;0,00562530255180451;-0,00758528002150383;0,0132231236724554;-0,00758528002150383;0,0132231236724554;100;1;0,9;TRUE;0,67;0,8;FALSE;FALSE;0,67;0,33;0
"hs_popdens_s_Sqrt";"hs_correct_raven";9,58594405990971e-05;1e-12;0,00123732590559771;0,00145867500895031;0,00145867500895031;0,00154424240497313;0,00666649458974502;-0,0107955292949003;0,0149446217322047;-0,0107955292949003;0,0149446217322047;100;1;0,9;TRUE;0,6;0,8;FALSE;FALSE;0,6;0,4;0
"h_Absorbance_Log";"hs_correct_raven";9,58594405990971e-05;1e-12;0,00671447689410168;0,00597189398551892;0,00597189398551892;0,00671773957823629;0,00670970969239509;-0,00767556769693357;0,0169601740755307;-0,00767556769693357;0,0169601740755307;100;1;0,9;TRUE;0,81;0,8;TRUE;TRUE;0,81;0,19;0
"h_Benzene_Log";"hs_correct_raven";9,58594405990971e-05;1e-12;-0,0071736184593746;-0,00625071719304606;-0,00625071719304606;-0,00615893757714071;0,00648244382460599;-0,0172916661609586;0,0073843229293243;-0,0172916661609586;0,0073843229293243;100;1;0,9;TRUE;0,86;0,8;TRUE;TRUE;0,14;0,86;0
"h_NO2_Log";"hs_correct_raven";9,58594405990971e-05;1e-12;0,0166989492918805;0,0170082000278123;0,0170082000278123;0,016725734368953;0,00710514400861322;0,00428896266293618;0,0305904045118983;0,00428896266293618;0,0305904045118983;100;1;0,9;TRUE;0,99;0,8;TRUE;TRUE;0,99;0,01;0
"h_PM_Log";"hs_correct_raven";9,58594405990971e-05;1e-12;-0,00558541395262269;-0,00473370776654446;-0,00473370776654446;-0,00456284589940027;0,00727049957709302;-0,0197721624784621;0,0102888922862325;-0,0197721624784621;0,0102888922862325;100;1;0,9;TRUE;0,79;0,8;FALSE;FALSE;0,21;0,79;0
"h_TEX_Log";"hs_correct_raven";9,58594405990971e-05;1e-12;-0,0100480233298091;-0,0110760292977145;-0,0110760292977145;-0,0106075264207879;0,00587835761905922;-0,0219509929946354;-0,000466705222561291;-0,0219509929946354;-0,000466705222561291;100;1;0,9;TRUE;0,97;0,8;TRUE;TRUE;0,03;0,97;0
"hs_KIDMED_None";"hs_correct_raven";9,58594405990971e-05;1e-12;0,011212136773572;0,0102062605296738;0,0102062605296738;0,0105786724023665;0,00586069243204617;-0,000218623199860334;0,022491608674865;-0,000218623199860334;0,022491608674865;100;1;0,9;TRUE;0,97;0,8;TRUE;TRUE;0,97;0,03;0
"hs_mvpa_prd_alt_None";"hs_correct_raven";9,58594405990971e-05;1e-12;-0,0128144903112923;-0,0139054333854401;-0,0139054333854401;-0,0138742940044328;0,0069528231533028;-0,0276162338108669;-0,000510490628345346;-0,0276162338108669;-0,000510490628345346;100;1;0,9;TRUE;0,98;0,8;TRUE;TRUE;0,02;0,98;0
"hs_sd_wk_None";"hs_correct_raven";9,58594405990971e-05;1e-12;0,000316536646248126;0,00126319134249415;0,00126319134249415;0,000436428020191291;0,00566399616473287;-0,00842882361100096;0,012958235631687;-0,00842882361100096;0,012958235631687;100;1;0,9;TRUE;0,54;0,8;FALSE;FALSE;0,54;0,46;0
"hs_dif_hours_total_None";"hs_correct_raven";9,58594405990971e-05;1e-12;0,00525190227772475;0,00373541125145684;0,00373541125145684;0,00326537887649209;0,0066489787283365;-0,00854997554888121;0,0158027446405435;-0,00854997554888121;0,0158027446405435;100;1;0,9;TRUE;0,73;0,8;FALSE;FALSE;0,73;0,27;0
"hs_as_c_Log2";"hs_correct_raven";9,58594405990971e-05;1e-12;0,0118387560693945;0,0125445316070779;0,0125445316070779;0,0123190504726352;0,00614287039862637;0,00233884502692223;0,0246157345450711;0,00233884502692223;0,0246157345450711;100;1;0,9;TRUE;1;0,8;TRUE;TRUE;1;0;0
"hs_cd_c_Log2";"hs_correct_raven";9,58594405990971e-05;1e-12;-0,00656839027066515;-0,00647510616021925;-0,00647510616021925;-0,00604366772951694;0,00524676902587156;-0,0159279424336791;0,00348569794815962;-0,0159279424336791;0,00348569794815962;100;1;0,9;TRUE;0,87;0,8;TRUE;TRUE;0,13;0,87;0
"hs_co_c_Log2";"hs_correct_raven";9,58594405990971e-05;1e-12;0,00682775144460922;0,00554385422165756;0,00554385422165756;0,00526824323051426;0,00525574842936228;-0,00411647093776536;0,0161436234130938;-0,00411647093776536;0,0161436234130938;100;1;0,9;TRUE;0,86;0,8;TRUE;TRUE;0,86;0,14;0
"hs_cs_c_Log2";"hs_correct_raven";9,58594405990971e-05;1e-12;0,0011453343282141;0,00148381558517768;0,00148381558517768;0,00159165743087744;0,0074019887247532;-0,0140348115520397;0,0143209390976088;-0,0140348115520397;0,0143209390976088;100;1;0,9;TRUE;0,56;0,8;FALSE;FALSE;0,56;0,44;0
"hs_cu_c_Log2";"hs_correct_raven";9,58594405990971e-05;1e-12;-0,00542837866252637;-0,0052789279388576;-0,0052789279388576;-0,00471746473834671;0,00543302903067336;-0,0155866637388;0,00561691539735514;-0,0155866637388;0,00561691539735514;100;1;0,9;TRUE;0,86;0,8;TRUE;TRUE;0,14;0,86;0
"hs_hg_c_Log2";"hs_correct_raven";9,58594405990971e-05;1e-12;-0,011098327464212;-0,0118933997130284;-0,0118933997130284;-0,0123497859828353;0,00608443889235489;-0,0238530660004545;0,000408246498010875;-0,0238530660004545;0,000408246498010875;100;1;0,9;TRUE;0,96;0,8;TRUE;TRUE;0,04;0,96;0
"hs_mn_c_Log2";"hs_correct_raven";9,58594405990971e-05;1e-12;-0,00974938562149671;-0,00975790760644934;-0,00975790760644934;-0,00982403748513005;0,00467148456296238;-0,0179708670369169;-0,000873568140305582;-0,0179708670369169;-0,000873568140305582;100;1;0,9;TRUE;0,97;0,8;TRUE;TRUE;0,03;0,97;0
"hs_mo_c_Log2";"hs_correct_raven";9,58594405990971e-05;1e-12;-0,00600825017750842;-0,00631012450932882;-0,00631012450932882;-0,00610573084628975;0,00451082955802677;-0,0161575960207637;0,00230674377367184;-0,0161575960207637;0,00230674377367184;100;1;0,9;TRUE;0,94;0,8;TRUE;TRUE;0,06;0,94;0
"hs_pb_c_Log2";"hs_correct_raven";9,58594405990971e-05;1e-12;-0,00458347985995611;-0,00375158625936118;-0,00375158625936118;-0,00358792008039832;0,00611947196154925;-0,016075005996444;0,00579234426195648;-0,016075005996444;0,00579234426195648;100;1;0,9;TRUE;0,71;0,8;FALSE;FALSE;0,29;0,71;0
"hs_hum_mt_hs_h_None";"hs_correct_raven";9,58594405990971e-05;1e-12;-0,0300320250873283;-0,0300490077999197;-0,0300490077999197;-0,0306319969252021;0,00916176142054768;-0,0474440122886778;-0,0132410140835175;-0,0474440122886778;-0,0132410140835175;100;1;0,9;TRUE;1;0,8;TRUE;TRUE;0;1;0
"hs_tm_mt_hs_h_None";"hs_correct_raven";9,58594405990971e-05;1e-12;0,0169969212012252;0,016329995225642;0,016329995225642;0,0165305117552523;0,00885014110466194;0,00242537736765983;0,0353784390078593;0,00242537736765983;0,0353784390078593;100;1;0,9;TRUE;0,98;0,8;TRUE;TRUE;0,98;0,02;0
"hs_uvdvf_mt_hs_h_None";"hs_correct_raven";9,58594405990971e-05;1e-12;-0,00577921136743664;-0,00612487703586324;-0,00612487703586324;-0,0056465595310891;0,00946236889631344;-0,0265985824382091;0,0106889085975516;-0,0265985824382091;0,0106889085975516;100;1;0,9;TRUE;0,71;0,8;FALSE;FALSE;0,29;0,71;0
"hs_hum_dy_hs_h_None";"hs_correct_raven";9,58594405990971e-05;1e-12;-0,00705869793243223;-0,00904034754021002;-0,00904034754021002;-0,00887880143183883;0,00618389736173676;-0,0194386531977966;0,00176041289489314;-0,0194386531977966;0,00176041289489314;100;1;0,9;TRUE;0,92;0,8;TRUE;TRUE;0,08;0,92;0
"hs_hum_wk_hs_h_None";"hs_correct_raven";9,58594405990971e-05;1e-12;-0,0248962961592814;-0,0245163591210896;-0,0245163591210896;-0,024818423702236;0,00687673057767376;-0,0387071763680065;-0,00818225653305221;-0,0387071763680065;-0,00818225653305221;100;1;0,9;TRUE;1;0,8;TRUE;TRUE;0;1;0
"hs_tm_dy_hs_h_None";"hs_correct_raven";9,58594405990971e-05;1e-12;0,000407312718401328;-0,000603721294887504;-0,000603721294887504;-0,00128545933698384;0,00665984295889218;-0,0128742614945183;0,0124478880955687;-0,0128742614945183;0,0124478880955687;100;1;0,9;TRUE;0,46;0,8;FALSE;FALSE;0,46;0,54;0
"hs_tm_wk_hs_h_None";"hs_correct_raven";9,58594405990971e-05;1e-12;-0,00567286379885828;-0,00529274642733552;-0,00529274642733552;-0,00501215326259213;0,0104501956913177;-0,0235780261521858;0,0157129262733734;-0,0235780261521858;0,0157129262733734;100;1;0,9;TRUE;0,68;0,8;FALSE;FALSE;0,32;0,68;0
"hs_uvdvf_dy_hs_h_None";"hs_correct_raven";9,58594405990971e-05;1e-12;-0,00358140888772849;-0,00377714417401315;-0,00377714417401315;-0,00432436949270586;0,00904848140931453;-0,0220950111267115;0,0120088711415934;-0,0220950111267115;0,0120088711415934;100;1;0,9;TRUE;0,63;0,8;FALSE;FALSE;0,37;0,63;0
"hs_uvdvf_wk_hs_h_None";"hs_correct_raven";9,58594405990971e-05;1e-12;-0,0239022609527882;-0,0224721459386045;-0,0224721459386045;-0,0225343966221492;0,00846150644370249;-0,0391602607057744;-0,00747220854052478;-0,0391602607057744;-0,00747220854052478;100;1;0,9;TRUE;1;0,8;TRUE;TRUE;0;1;0
"hs_ndvi100_h_None";"hs_correct_raven";9,58594405990971e-05;1e-12;0,00742455496071928;0,00726399274059947;0,00726399274059947;0,00840238907118562;0,00886416118406836;-0,00999487852723963;0,023744098468688;-0,00999487852723963;0,023744098468688;100;1;0,9;TRUE;0,77;0,8;FALSE;FALSE;0,77;0,23;0
"hs_ndvi100_s_None";"hs_correct_raven";9,58594405990971e-05;1e-12;0,000300673553562371;-0,000183548901842806;-0,000183548901842806;-6,12841682106636e-05;0,00808334767989582;-0,0150666177999626;0,0141778823125202;-0,0150666177999626;0,0141778823125202;100;1;0,9;TRUE;0,5;0,8;FALSE;FALSE;0,5;0,5;0
"hs_dde_cadj_Log2";"hs_correct_raven";9,58594405990971e-05;1e-12;-0,00445739053759041;-0,0045483352017819;-0,0045483352017819;-0,00452923611662578;0,00774772503688556;-0,0205711468151775;0,0116059675111609;-0,0205711468151775;0,0116059675111609;100;1;0,9;TRUE;0,75;0,8;FALSE;FALSE;0,25;0,75;0
"hs_ddt_cadj_Log2";"hs_correct_raven";9,58594405990971e-05;1e-12;-0,0105295912057106;-0,0109839989660933;-0,0109839989660933;-0,0106708743000558;0,00554869720458111;-0,0213467134964309;-0,000932552329178024;-0,0213467134964309;-0,000932552329178024;100;1;0,9;TRUE;0,98;0,8;TRUE;TRUE;0,02;0,98;0
"hs_hcb_cadj_Log2";"hs_correct_raven";9,58594405990971e-05;1e-12;0,00409833866578797;0,00473386505102107;0,00473386505102107;0,00452778374624681;0,00533254921789021;-0,00753985434977966;0,0193078810555291;-0,00753985434977966;0,0193078810555291;100;1;0,9;TRUE;0,91;0,8;TRUE;TRUE;0,91;0,09;0
"hs_pcb118_cadj_Log2";"hs_correct_raven";9,58594405990971e-05;1e-12;-0,00917806592351945;-0,00984691818705021;-0,00984691818705021;-0,00921143697649215;0,00764595597745493;-0,0249762393211302;0,00484478078614322;-0,0249762393211302;0,00484478078614322;100;1;0,9;TRUE;0,89;0,8;TRUE;TRUE;0,11;0,89;0
"hs_pcb138_cadj_Log2";"hs_correct_raven";9,58594405990971e-05;1e-12;0,00495539588593598;0,00253872573896741;0,00253872573896741;0,00538179659815466;0,0116798731855481;-0,0312837271874699;0,0169355304921528;-0,0312837271874699;0,0169355304921528;100;1;0,9;TRUE;0,7;0,8;FALSE;FALSE;0,7;0,3;0
"hs_pcb153_cadj_Log2";"hs_correct_raven";9,58594405990971e-05;1e-12;-0,0115308950929052;-0,0107960384228019;-0,0107960384228019;-0,0104711099278764;0,009227964179052;-0,0273247577625182;0,00452412725804031;-0,0273247577625182;0,00452412725804031;100;1;0,9;TRUE;0,88;0,8;TRUE;TRUE;0,12;0,88;0
"hs_pcb170_cadj_Log2";"hs_correct_raven";9,58594405990971e-05;1e-12;0,0087637850760417;0,00851157531129077;0,00851157531129077;0,0084602709146122;0,00835904852517292;-0,00908420834052242;0,0239945283403679;-0,00908420834052242;0,0239945283403679;100;1;0,9;TRUE;0,87;0,8;TRUE;TRUE;0,87;0,13;0
"hs_pcb180_cadj_Log2";"hs_correct_raven";9,58594405990971e-05;1e-12;0,00643404220531338;0,00520000741257585;0,00520000741257585;0,00495725572453351;0,00689322226247684;-0,00601003429323032;0,0186213889874693;-0,00601003429323032;0,0186213889874693;100;1;0,9;TRUE;0,77;0,8;FALSE;FALSE;0,77;0,23;0
"hs_sumPCBs5_cadj_Log2";"hs_correct_raven";9,58594405990971e-05;1e-12;-0,00330210759160652;-0,00203416815685962;-0,00203416815685962;-0,00148541218485768;0,00875880198278956;-0,0197736493111311;0,0141302367227707;-0,0197736493111311;0,0141302367227707;100;1;0,9;TRUE;0,6;0,8;FALSE;FALSE;0,4;0,6;0
"hs_pfhxs_c_Log2";"hs_correct_raven";9,58594405990971e-05;1e-12;0,0183705207559348;0,0191280769260651;0,0191280769260651;0,0189915802609849;0,00682471449184807;0,00681620426310969;0,0311817448311633;0,00681620426310969;0,0311817448311633;100;1;0,9;TRUE;1;0,8;TRUE;TRUE;1;0;0
"hs_pfna_c_Log2";"hs_correct_raven";9,58594405990971e-05;1e-12;-0,0166412209294372;-0,0163212884191725;-0,0163212884191725;-0,0165618719180402;0,00539353741427629;-0,0260843348498175;-0,00573086218233226;-0,0260843348498175;-0,00573086218233226;100;1;0,9;TRUE;1;0,8;TRUE;TRUE;0;1;0
"hs_pfoa_c_Log2";"hs_correct_raven";9,58594405990971e-05;1e-12;0,0202804386518891;0,0204089274352222;0,0204089274352222;0,019683905325934;0,00593341522247793;0,00898915242867075;0,0333793927515114;0,00898915242867075;0,0333793927515114;100;1;0,9;TRUE;1;0,8;TRUE;TRUE;1;0;0
"hs_pfos_c_Log2";"hs_correct_raven";9,58594405990971e-05;1e-12;0,00735801827479742;0,0067184615761972;0,0067184615761972;0,00695632277495753;0,00672097597188389;-0,00561948783626465;0,0187847196007194;-0,00561948783626465;0,0187847196007194;100;1;0,9;TRUE;0,81;0,8;TRUE;TRUE;0,81;0,19;0
"hs_pfunda_c_Log2";"hs_correct_raven";9,58594405990971e-05;1e-12;0,0083773419013371;0,00878504504168185;0,00878504504168185;0,00941374465891914;0,00662620035914195;-0,00330924725380997;0,0203055090486445;-0,00330924725380997;0,0203055090486445;100;1;0,9;TRUE;0,91;0,8;TRUE;TRUE;0,91;0,09;0
"hs_hm_pers_None";"hs_correct_raven";9,58594405990971e-05;1e-12;-0,0144851932982129;-0,0149682001915512;-0,0149682001915512;-0,0146167838838668;0,00531514225598879;-0,02429620043213;-0,00526335349601003;-0,02429620043213;-0,00526335349601003;100;1;0,9;TRUE;1;0,8;TRUE;TRUE;0;1;0
"hs_trafload_h_pow1over3";"hs_correct_raven";9,58594405990971e-05;1e-12;0,000695822734259554;0,000611644317845521;0,000611644317845521;-0,000227360181513092;0,00599661425831096;-0,0101759322813692;0,0128375828237264;-0,0101759322813692;0,0128375828237264;100;1;0,9;TRUE;0,48;0,8;FALSE;FALSE;0,48;0,52;0
"hs_trafnear_h_pow1over3";"hs_correct_raven";9,58594405990971e-05;1e-12;-0,0110730918789766;-0,0109344154547266;-0,0109344154547266;-0,0113116480386578;0,00744049742720947;-0,0252763177225295;0,00250738009329016;-0,0252763177225295;0,00250738009329016;100;1;0,9;TRUE;0,93;0,8;TRUE;TRUE;0,07;0,93;0
"FAS_cat_None_Low";"hs_correct_raven";9,58594405990971e-05;1e-12;0,0342868404546863;0,0352474500061828;0,0352474500061828;0,0350180941277365;0,0227957683060335;-0,000190555851410468;0,0827526456089325;-0,000190555851410468;0,0827526456089325;100;1;0,9;TRUE;0,97;0,8;TRUE;TRUE;0,97;0,03;0
"FAS_cat_None_Middle";"hs_correct_raven";9,58594405990971e-05;1e-12;0,028018607001435;0,0302542277845602;0,0302542277845602;0,0311420417943058;0,01094599699034;0,00431186926085214;0,0493657669031845;0,00431186926085214;0,0493657669031845;100;1;0,9;TRUE;1;0,8;TRUE;TRUE;1;0;0
"hs_globalexp2_None_no exposure";"hs_correct_raven";9,58594405990971e-05;1e-12;0,0576983532235286;0,0564748624481018;0,0564748624481018;0,0564606330552453;0,0100469906047638;0,0399067991651024;0,0766796461495823;0,0399067991651024;0,0766796461495823;100;1;0,9;TRUE;1;0,8;TRUE;TRUE;1;0;0
"hs_no2_dy_hs_h_Log";"hs_Gen_Tot";9,58594405990971e-05;1e-12;0,0093056899447479;0,0076230358671304;0,0076230358671304;0,00744217895813651;0,00416082695819262;0,000289858359506172;0,016464771556831;0,000289858359506172;0,016464771556831;100;1;0,9;TRUE;0,97;0,8;TRUE;TRUE;0,97;0,03;0
"hs_no2_wk_hs_h_Log";"hs_Gen_Tot";9,58594405990971e-05;1e-12;0,00499962955894669;0,00485095316279879;0,00485095316279879;0,0047175170129723;0,00257654962332152;0,000363145550667937;0,00995931599676179;0,000363145550667937;0,00995931599676179;100;1;0,9;TRUE;0,98;0,8;TRUE;TRUE;0,98;0,02;0
"hs_no2_yr_hs_h_Log";"hs_Gen_Tot";9,58594405990971e-05;1e-12;0,00723446189678384;0,00763836450345041;0,00763836450345041;0,00772197982281128;0,00326516150603141;0,00237568097317425;0,0142509825178995;0,00237568097317425;0,0142509825178995;100;1;0,9;TRUE;0,99;0,8;TRUE;TRUE;0,99;0,01;0
"hs_pm10_dy_hs_h_None";"hs_Gen_Tot";9,58594405990971e-05;1e-12;0,00195199757974847;0,000798844772041143;0,000798844772041143;0,000771869248974761;0,00274289415159872;-0,0046453254546818;0,00586121110307081;-0,0046453254546818;0,00586121110307081;100;1;0,9;TRUE;0,63;0,8;FALSE;FALSE;0,63;0,37;0
"hs_pm10_wk_hs_h_None";"hs_Gen_Tot";9,58594405990971e-05;1e-12;-0,00248180382657411;-0,00248981684153836;-0,00248981684153836;-0,00263673386266801;0,00285063019491534;-0,00864920411154477;0,003196334890331;-0,00864920411154477;0,003196334890331;100;1;0,9;TRUE;0,83;0,8;TRUE;TRUE;0,17;0,83;0
"hs_pm10_yr_hs_h_None";"hs_Gen_Tot";9,58594405990971e-05;1e-12;-0,00543204506718147;-0,00379581152143357;-0,00379581152143357;-0,00322389754474434;0,00366823985753174;-0,0111244289895611;0,00232081448983718;-0,0111244289895611;0,00232081448983718;100;1;0,9;TRUE;0,91;0,8;TRUE;TRUE;0,09;0,91;0
"hs_pm25_dy_hs_h_None";"hs_Gen_Tot";9,58594405990971e-05;1e-12;0,000981906711829684;0,00136555100472233;0,00136555100472233;0,00104191004435291;0,00271358233527249;-0,00330603472700873;0,00733749118163852;-0,00330603472700873;0,00733749118163852;100;1;0,9;TRUE;0,68;0,8;FALSE;FALSE;0,68;0,32;0
"hs_pm25_wk_hs_h_None";"hs_Gen_Tot";9,58594405990971e-05;1e-12;-0,00440010727386334;-0,00413911676377343;-0,00413911676377343;-0,00371988265174383;0,00332169542269766;-0,0121823093647906;0,00117335908482896;-0,0121823093647906;0,00117335908482896;100;1;0,9;TRUE;0,94;0,8;TRUE;TRUE;0,06;0,94;0
"hs_pm25_yr_hs_h_None";"hs_Gen_Tot";9,58594405990971e-05;1e-12;0,0136088130414158;0,0120148164923902;0,0120148164923902;0,0120703548780675;0,00388343548216872;0,00530968718994215;0,0191267544146769;0,00530968718994215;0,0191267544146769;100;1;0,9;TRUE;0,99;0,8;TRUE;TRUE;0,99;0,01;0
"hs_pm25abs_dy_hs_h_Log";"hs_Gen_Tot";9,58594405990971e-05;1e-12;-0,00579996441121733;-0,00462571318800427;-0,00462571318800427;-0,00434355790488551;0,00314448556043857;-0,0121363796124173;0,000417444788964445;-0,0121363796124173;0,000417444788964445;100;1;0,9;TRUE;0,97;0,8;TRUE;TRUE;0,03;0,97;0
"hs_pm25abs_wk_hs_h_Log";"hs_Gen_Tot";9,58594405990971e-05;1e-12;-0,00146385022935308;-0,00136467283538627;-0,00136467283538627;-0,00173852268713033;0,00241133877097528;-0,00461157665889125;0,00480255545714475;-0,00461157665889125;0,00480255545714475;100;1;0,9;TRUE;0,76;0,8;FALSE;FALSE;0,24;0,76;0
"hs_pm25abs_yr_hs_h_Log";"hs_Gen_Tot";9,58594405990971e-05;1e-12;-0,00530952615359116;-0,00483562946135307;-0,00483562946135307;-0,00425676158274087;0,00373053531482666;-0,0134089443657837;0,000633662933988825;-0,0134089443657837;0,000633662933988825;100;1;0,9;TRUE;0,93;0,8;TRUE;TRUE;0,07;0,93;0
"hs_accesslines300_h_dic0";"hs_Gen_Tot";9,58594405990971e-05;1e-12;-0,00891986584909686;-0,00656353822804733;-0,00656353822804733;-0,00727891250483203;0,00677158190240233;-0,0181444062719569;0,00828460254822366;-0,0181444062719569;0,00828460254822366;100;1;0,9;TRUE;0,9;0,8;TRUE;TRUE;0,1;0,9;0
"hs_accesspoints300_h_Log";"hs_Gen_Tot";9,58594405990971e-05;1e-12;0,00342582914282959;0,0033316320584097;0,0033316320584097;0,00296583514585192;0,00293798505154743;-0,00144044359594792;0,0104417453773509;-0,00144044359594792;0,0104417453773509;100;1;0,9;TRUE;0,88;0,8;TRUE;TRUE;0,88;0,12;0
"hs_builtdens300_h_Sqrt";"hs_Gen_Tot";9,58594405990971e-05;1e-12;-0,00280573959387849;-0,00244970948249081;-0,00244970948249081;-0,00239995662004937;0,00274510190181044;-0,00727665451293163;0,00252013393241335;-0,00727665451293163;0,00252013393241335;100;1;0,9;TRUE;0,83;0,8;TRUE;TRUE;0,17;0,83;0
"hs_connind300_h_Log";"hs_Gen_Tot";9,58594405990971e-05;1e-12;0,00572598636248523;0,00382532299179123;0,00382532299179123;0,00347582029080631;0,00315823107608757;-0,00184677061806432;0,0100713789537581;-0,00184677061806432;0,0100713789537581;100;1;0,9;TRUE;0,9;0,8;TRUE;TRUE;0,9;0,1;0
"hs_fdensity300_h_Log";"hs_Gen_Tot";9,58594405990971e-05;1e-12;-0,000330736993684802;0,00114202078303311;0,00114202078303311;0,00155187927612953;0,00332206642977776;-0,00701648276244434;0,00650617477087793;-0,00701648276244434;0,00650617477087793;100;1;0,9;TRUE;0,33;0,8;FALSE;FALSE;0,67;0,33;0
"hs_landuseshan300_h_None";"hs_Gen_Tot";9,58594405990971e-05;1e-12;-0,001091755259275;-0,000250825627962935;-0,000250825627962935;-7,7236753951808e-05;0,00273348786306156;-0,00544084667756801;0,00428506192898248;-0,00544084667756801;0,00428506192898248;100;1;0,9;TRUE;0,51;0,8;FALSE;FALSE;0,49;0,51;0
"hs_popdens_h_Sqrt";"hs_Gen_Tot";9,58594405990971e-05;1e-12;0,00313317625886157;0,00200197539482333;0,00200197539482333;0,0018594211025928;0,00299614156201171;-0,00302429752579001;0,0077434006747877;-0,00302429752579001;0,0077434006747877;100;1;0,9;TRUE;0,71;0,8;FALSE;FALSE;0,71;0,29;0
"hs_walkability_mean_h_None";"hs_Gen_Tot";9,58594405990971e-05;1e-12;-0,00496425000372362;-0,00462251170616781;-0,00462251170616781;-0,00471173540048731;0,00233771902421191;-0,0091977362961622;-0,000260796853968962;-0,0091977362961622;-0,000260796853968962;100;1;0,9;TRUE;0,98;0,8;TRUE;TRUE;0,02;0,98;0
"hs_accesslines300_s_dic0";"hs_Gen_Tot";9,58594405990971e-05;1e-12;0,00610319124343589;0,00745768858339953;0,00745768858339953;0,00715615876705234;0,0062719355448491;-0,00302632638695673;0,0217698465999974;-0,00302632638695673;0,0217698465999974;100;1;0,9;TRUE;0,89;0,8;TRUE;TRUE;0,89;0,11;0
"hs_accesspoints300_s_Log";"hs_Gen_Tot";9,58594405990971e-05;1e-12;0,00394869800041624;0,00355400949193801;0,00355400949193801;0,00336574079037255;0,00284203750280848;-0,000805131076892156;0,0089467519993685;-0,000805131076892156;0,0089467519993685;100;1;0,9;TRUE;0,89;0,8;TRUE;TRUE;0,89;0,11;0
"hs_builtdens300_s_Sqrt";"hs_Gen_Tot";9,58594405990971e-05;1e-12;-0,00202937112386623;-0,00238780017152122;-0,00238780017152122;-0,00254712236667253;0,00295815493701615;-0,00786281352975855;0,00370341486360492;-0,00786281352975855;0,00370341486360492;100;1;0,9;TRUE;0,8;0,8;TRUE;TRUE;0,2;0,8;0
"hs_connind300_s_Log";"hs_Gen_Tot";9,58594405990971e-05;1e-12;2,58319967723689e-05;0,000256643452717836;0,000256643452717836;0,000274159229222932;0,00172280397211935;-0,00324458066863194;0,00465787911556798;-0,00324458066863194;0,00465787911556798;100;1;0,9;TRUE;0,58;0,8;FALSE;FALSE;0,58;0,42;0
"hs_fdensity300_s_Log";"hs_Gen_Tot";9,58594405990971e-05;1e-12;-0,000142561616595005;0,000371213519284836;0,000371213519284836;0,000720403232323309;0,00254623965201507;-0,00571846798816776;0,00444005334959583;-0,00571846798816776;0,00444005334959583;100;1;0,9;TRUE;0,38;0,8;FALSE;FALSE;0,62;0,38;0
"hs_landuseshan300_s_None";"hs_Gen_Tot";9,58594405990971e-05;1e-12;0,00136162377878133;0,00155521254475211;0,00155521254475211;0,00146048725109925;0,00234304560444729;-0,00237569256076069;0,00689726595813525;-0,00237569256076069;0,00689726595813525;100;1;0,9;TRUE;0,79;0,8;FALSE;FALSE;0,79;0,21;0
"hs_popdens_s_Sqrt";"hs_Gen_Tot";9,58594405990971e-05;1e-12;-0,00191402254176354;-0,00136921990752052;-0,00136921990752052;-0,00139420736086556;0,00186945733048559;-0,00498019539292994;0,00206269324939202;-0,00498019539292994;0,00206269324939202;100;1;0,9;TRUE;0,77;0,8;FALSE;FALSE;0,23;0,77;0
"h_Absorbance_Log";"hs_Gen_Tot";9,58594405990971e-05;1e-12;-0,00277749208064353;-0,00242102819706063;-0,00242102819706063;-0,00250292303893177;0,00277067159487954;-0,00812760572312335;0,00252692777436389;-0,00812760572312335;0,00252692777436389;100;1;0,9;TRUE;0,79;0,8;FALSE;FALSE;0,21;0,79;0
"h_Benzene_Log";"hs_Gen_Tot";9,58594405990971e-05;1e-12;0,0027583782873925;0,00184117592918832;0,00184117592918832;0,00129417124643427;0,00344596869406736;-0,00266649467628767;0,0103556676503901;-0,00266649467628767;0,0103556676503901;100;1;0,9;TRUE;0,65;0,8;FALSE;FALSE;0,65;0,35;0
"h_NO2_Log";"hs_Gen_Tot";9,58594405990971e-05;1e-12;0,00339192493705832;0,00363168899299403;0,00363168899299403;0,00362686456999763;0,00265733883170441;-0,00227462437466714;0,00969859663090926;-0,00227462437466714;0,00969859663090926;100;1;0,9;TRUE;0,94;0,8;TRUE;TRUE;0,94;0,06;0
"h_PM_Log";"hs_Gen_Tot";9,58594405990971e-05;1e-12;0,0052592741384752;0,00427301771491581;0,00427301771491581;0,00388985717207551;0,00296102587589382;0,000150319800120453;0,0105382631666742;0,000150319800120453;0,0105382631666742;100;1;0,9;TRUE;0,98;0,8;TRUE;TRUE;0,98;0,02;0
"h_TEX_Log";"hs_Gen_Tot";9,58594405990971e-05;1e-12;-0,00131245949485749;-0,00155623126611755;-0,00155623126611755;-0,00137676546551655;0,00247618270052394;-0,00628718638635641;0,00260483632756237;-0,00628718638635641;0,00260483632756237;100;1;0,9;TRUE;0,7;0,8;FALSE;FALSE;0,3;0,7;0
"hs_KIDMED_None";"hs_Gen_Tot";9,58594405990971e-05;1e-12;-0,00285249814697516;-0,00125644690575151;-0,00125644690575151;-0,000830655514723444;0,00278122915620608;-0,00732622805826728;0,00334117541138866;-0,00732622805826728;0,00334117541138866;100;1;0,9;TRUE;0,69;0,8;FALSE;FALSE;0,31;0,69;0
"hs_mvpa_prd_alt_None";"hs_Gen_Tot";9,58594405990971e-05;1e-12;0,000633686490427246;-0,000337451373997453;-0,000337451373997453;-0,00026593350073293;0,00253591817944488;-0,00473952479153558;0,00523558615665906;-0,00473952479153558;0,00523558615665906;100;1;0,9;TRUE;0,44;0,8;FALSE;FALSE;0,44;0,56;0
"hs_sd_wk_None";"hs_Gen_Tot";9,58594405990971e-05;1e-12;0,00296485223990158;0,00253375444645327;0,00253375444645327;0,00224586812844329;0,00213610218287219;-0,000714905432721379;0,00764009837521272;-0,000714905432721379;0,00764009837521272;100;1;0,9;TRUE;0,92;0,8;TRUE;TRUE;0,92;0,08;0
"hs_dif_hours_total_None";"hs_Gen_Tot";9,58594405990971e-05;1e-12;-0,00236221389412811;-0,00135432655656134;-0,00135432655656134;-0,000822888336289287;0,0029055324697908;-0,00785912780231853;0,00310163217678747;-0,00785912780231853;0,00310163217678747;100;1;0,9;TRUE;0,6;0,8;FALSE;FALSE;0,4;0,6;0
"hs_as_c_Log2";"hs_Gen_Tot";9,58594405990971e-05;1e-12;-0,00429329183913225;-0,00246970695494751;-0,00246970695494751;-0,00246653978263053;0,00265931373879639;-0,0075005957950277;0,00331347165599393;-0,0075005957950277;0,00331347165599393;100;1;0,9;TRUE;0,84;0,8;TRUE;TRUE;0,16;0,84;0
"hs_cd_c_Log2";"hs_Gen_Tot";9,58594405990971e-05;1e-12;0,00357656451920935;0,00233442204215849;0,00233442204215849;0,00239533792315664;0,00211951086274063;-0,00149646549741509;0,0072469829666475;-0,00149646549741509;0,0072469829666475;100;1;0,9;TRUE;0,87;0,8;TRUE;TRUE;0,87;0,13;0
"hs_co_c_Log2";"hs_Gen_Tot";9,58594405990971e-05;1e-12;-0,00543645676135323;-0,00367526094567691;-0,00367526094567691;-0,00344767380938055;0,00254550671277676;-0,0081386357083287;0,000354329761764318;-0,0081386357083287;0,000354329761764318;100;1;0,9;TRUE;0,93;0,8;TRUE;TRUE;0,07;0,93;0
"hs_cs_c_Log2";"hs_Gen_Tot";9,58594405990971e-05;1e-12;-0,00118284473045626;-0,00072454078895508;-0,00072454078895508;-0,000876708201402373;0,00269416038441313;-0,00572089029553584;0,0040815318981471;-0,00572089029553584;0,0040815318981471;100;1;0,9;TRUE;0,64;0,8;FALSE;FALSE;0,36;0,64;0
"hs_cu_c_Log2";"hs_Gen_Tot";9,58594405990971e-05;1e-12;-0,000812040944722804;-0,000598020903360589;-0,000598020903360589;-0,000811262531115088;0,0021851059934532;-0,00496422293406653;0,00352002195276765;-0,00496422293406653;0,00352002195276765;100;1;0,9;TRUE;0,57;0,8;FALSE;FALSE;0,43;0,57;0
"hs_hg_c_Log2";"hs_Gen_Tot";9,58594405990971e-05;1e-12;0,000295850044057373;-0,000724630800489868;-0,000724630800489868;-0,000822933749303827;0,00212542723323191;-0,00518249313422486;0,00265583801862513;-0,00518249313422486;0,00265583801862513;100;1;0,9;TRUE;0,34;0,8;FALSE;FALSE;0,34;0,66;0
"hs_mn_c_Log2";"hs_Gen_Tot";9,58594405990971e-05;1e-12;0,00328109470442421;0,00180176882539563;0,00180176882539563;0,00148134850008059;0,00268348156956883;-0,0024672385849031;0,00759561696411845;-0,0024672385849031;0,00759561696411845;100;1;0,9;TRUE;0,75;0,8;FALSE;FALSE;0,75;0,25;0
"hs_mo_c_Log2";"hs_Gen_Tot";9,58594405990971e-05;1e-12;-0,00122621539612938;-0,0012048393900776;-0,0012048393900776;-0,00139956435824677;0,00170254527533117;-0,00459940927656177;0,00242397231914568;-0,00459940927656177;0,00242397231914568;100;1;0,9;TRUE;0,78;0,8;FALSE;FALSE;0,22;0,78;0
"hs_pb_c_Log2";"hs_Gen_Tot";9,58594405990971e-05;1e-12;0,00278587563674053;0,00231562515164611;0,00231562515164611;0,0019933749575012;0,00249104552136457;-0,00118527366604551;0,00778314310203077;-0,00118527366604551;0,00778314310203077;100;1;0,9;TRUE;0,85;0,8;TRUE;TRUE;0,85;0,15;0
"hs_hum_mt_hs_h_None";"hs_Gen_Tot";9,58594405990971e-05;1e-12;-0,00987454928363057;-0,00907981085412008;-0,00907981085412008;-0,00896103267121101;0,00326729381763398;-0,0146245601544428;-0,00275615796574374;-0,0146245601544428;-0,00275615796574374;100;1;0,9;TRUE;1;0,8;TRUE;TRUE;0;1;0
"hs_tm_mt_hs_h_None";"hs_Gen_Tot";9,58594405990971e-05;1e-12;0,00109635222018026;0,00161518425489513;0,00161518425489513;0,00164238843652461;0,00308549904272345;-0,00574914753154657;0,00768256191726911;-0,00574914753154657;0,00768256191726911;100;1;0,9;TRUE;0,73;0,8;FALSE;FALSE;0,73;0,27;0
"hs_uvdvf_mt_hs_h_None";"hs_Gen_Tot";9,58594405990971e-05;1e-12;-0,00643262724956426;-0,00521399575159023;-0,00521399575159023;-0,00474078488725334;0,00316522704185391;-0,0120661754723374;-0,00015137059393265;-0,0120661754723374;-0,00015137059393265;100;1;0,9;TRUE;0,97;0,8;TRUE;TRUE;0,03;0,97;0
"hs_hum_dy_hs_h_None";"hs_Gen_Tot";9,58594405990971e-05;1e-12;-0,00351237626581576;-0,00362056833794515;-0,00362056833794515;-0,00336197929009846;0,00250925891306281;-0,00879440020973039;0,000256701051678053;-0,00879440020973039;0,000256701051678053;100;1;0,9;TRUE;0,96;0,8;TRUE;TRUE;0,04;0,96;0
"hs_hum_wk_hs_h_None";"hs_Gen_Tot";9,58594405990971e-05;1e-12;-0,0056827503764694;-0,00618330195799955;-0,00618330195799955;-0,00643908538087764;0,00294818137952293;-0,0112309724862703;-0,000436686048155667;-0,0112309724862703;-0,000436686048155667;100;1;0,9;TRUE;0,98;0,8;TRUE;TRUE;0,02;0,98;0
"hs_tm_dy_hs_h_None";"hs_Gen_Tot";9,58594405990971e-05;1e-12;-0,00286332897012639;-0,00233742289255649;-0,00233742289255649;-0,00196096535037701;0,00283101590300418;-0,00899250510960054;0,00206453712167639;-0,00899250510960054;0,00206453712167639;100;1;0,9;TRUE;0,86;0,8;TRUE;TRUE;0,14;0,86;0
"hs_tm_wk_hs_h_None";"hs_Gen_Tot";9,58594405990971e-05;1e-12;0,00625134329948876;0,00464372921955093;0,00464372921955093;0,00429776272860995;0,00347542461782937;-0,00121488945368468;0,0117493746997487;-0,00121488945368468;0,0117493746997487;100;1;0,9;TRUE;0,95;0,8;TRUE;TRUE;0,95;0,05;0
"hs_uvdvf_dy_hs_h_None";"hs_Gen_Tot";9,58594405990971e-05;1e-12;-0,00196370950829823;-0,00209084557673921;-0,00209084557673921;-0,00182520787015115;0,00262029947951287;-0,00751510404536435;0,00182658450634943;-0,00751510404536435;0,00182658450634943;100;1;0,9;TRUE;0,8;0,8;TRUE;TRUE;0,2;0,8;0
"hs_uvdvf_wk_hs_h_None";"hs_Gen_Tot";9,58594405990971e-05;1e-12;-0,00677176407389128;-0,00658349546287284;-0,00658349546287284;-0,00682392434459457;0,0026342099975738;-0,0116652249648666;-0,000839664641246248;-0,0116652249648666;-0,000839664641246248;100;1;0,9;TRUE;0,98;0,8;TRUE;TRUE;0,02;0,98;0
"hs_ndvi100_h_None";"hs_Gen_Tot";9,58594405990971e-05;1e-12;0,00330656309398943;0,00307162976824855;0,00307162976824855;0,00310135538138732;0,00258870033585986;-0,00237166209674868;0,00796298599799839;-0,00237166209674868;0,00796298599799839;100;1;0,9;TRUE;0,91;0,8;TRUE;TRUE;0,91;0,09;0
"hs_ndvi100_s_None";"hs_Gen_Tot";9,58594405990971e-05;1e-12;0,00588930909529356;0,00483150480777959;0,00483150480777959;0,0045671705687418;0,00355451696902168;-0,00132087769932187;0,0117913946979451;-0,00132087769932187;0,0117913946979451;100;1;0,9;TRUE;0,94;0,8;TRUE;TRUE;0,94;0,06;0
"hs_dde_cadj_Log2";"hs_Gen_Tot";9,58594405990971e-05;1e-12;-0,00319094399029007;-0,00289383968648572;-0,00289383968648572;-0,0027541014041321;0,00268416517649532;-0,00903364081377834;0,00155362122421897;-0,00903364081377834;0,00155362122421897;100;1;0,9;TRUE;0,87;0,8;TRUE;TRUE;0,13;0,87;0
"hs_ddt_cadj_Log2";"hs_Gen_Tot";9,58594405990971e-05;1e-12;0,000569882885632706;-0,000416501878728442;-0,000416501878728442;-0,000342184252878174;0,00221189056274982;-0,00464509172544045;0,0040357569008724;-0,00464509172544045;0,0040357569008724;100;1;0,9;TRUE;0,45;0,8;FALSE;FALSE;0,45;0,55;0
"hs_hcb_cadj_Log2";"hs_Gen_Tot";9,58594405990971e-05;1e-12;-0,00175765718671457;-0,0015544355443223;-0,0015544355443223;-0,00128853661228918;0,00289809939537492;-0,00688484411648545;0,00497853775900917;-0,00688484411648545;0,00497853775900917;100;1;0,9;TRUE;0,76;0,8;FALSE;FALSE;0,24;0,76;0
"hs_pcb118_cadj_Log2";"hs_Gen_Tot";9,58594405990971e-05;1e-12;0,00565667378256834;0,00374863937829994;0,00374863937829994;0,00382484896575039;0,00315144863698981;-0,00222449323034305;0,0100687156508497;-0,00222449323034305;0,0100687156508497;100;1;0,9;TRUE;0,89;0,8;TRUE;TRUE;0,89;0,11;0
"hs_pcb138_cadj_Log2";"hs_Gen_Tot";9,58594405990971e-05;1e-12;-0,00205838471806371;-0,000954088814803649;-0,000954088814803649;-0,000836564392855639;0,00352521237133364;-0,00695179722013835;0,00684505270797576;-0,00695179722013835;0,00684505270797576;100;1;0,9;TRUE;0,64;0,8;FALSE;FALSE;0,36;0,64;0
"hs_pcb153_cadj_Log2";"hs_Gen_Tot";9,58594405990971e-05;1e-12;0,00175457259527348;0,000392896823487714;0,000392896823487714;-5,19861312241024e-05;0,00333368153401932;-0,00496049090189228;0,00677283085403532;-0,00496049090189228;0,00677283085403532;100;1;0,9;TRUE;0,49;0,8;FALSE;FALSE;0,49;0,51;0
"hs_pcb170_cadj_Log2";"hs_Gen_Tot";9,58594405990971e-05;1e-12;-0,00883180873134371;-0,00703984190769151;-0,00703984190769151;-0,00648242000707705;0,00398321804892375;-0,0150476570096263;-0,000752276087246552;-0,0150476570096263;-0,000752276087246552;100;1;0,9;TRUE;0,98;0,8;TRUE;TRUE;0,02;0,98;0
"hs_pcb180_cadj_Log2";"hs_Gen_Tot";9,58594405990971e-05;1e-12;-0,000954513551535496;-0,000910580782210668;-0,000910580782210668;-0,000339549837321958;0,00329962906177625;-0,00985833982939885;0,00385992148057115;-0,00985833982939885;0,00385992148057115;100;1;0,9;TRUE;0,54;0,8;FALSE;FALSE;0,46;0,54;0
"hs_sumPCBs5_cadj_Log2";"hs_Gen_Tot";9,58594405990971e-05;1e-12;-0,00956704514350916;-0,00727284749357024;-0,00727284749357024;-0,00721258480081236;0,00373006711362483;-0,0137987042901457;0,000686195872376951;-0,0137987042901457;0,000686195872376951;100;1;0,9;TRUE;0,96;0,8;TRUE;TRUE;0,04;0,96;0
"hs_pfhxs_c_Log2";"hs_Gen_Tot";9,58594405990971e-05;1e-12;-0,00158275717830975;-0,000139291539292882;-0,000139291539292882;-0,000107262244213979;0,00293197405530653;-0,00560190677084368;0,00611009802029016;-0,00560190677084368;0,00611009802029016;100;1;0,9;TRUE;0,53;0,8;FALSE;FALSE;0,47;0,53;0
"hs_pfna_c_Log2";"hs_Gen_Tot";9,58594405990971e-05;1e-12;0,0012368733482784;2,09380238765707e-05;2,09380238765707e-05;-0,000134305637718507;0,00301383326761594;-0,00476086970011202;0,00618018989221608;-0,00476086970011202;0,00618018989221608;100;1;0,9;TRUE;0,49;0,8;FALSE;FALSE;0,49;0,51;0
"hs_pfoa_c_Log2";"hs_Gen_Tot";9,58594405990971e-05;1e-12;0,00241259617244404;0,00310774574026733;0,00310774574026733;0,00328054198013552;0,00252460735984405;-0,000672266983400676;0,00738862124185201;-0,000672266983400676;0,00738862124185201;100;1;0,9;TRUE;0,9;0,8;TRUE;TRUE;0,9;0,1;0
"hs_pfos_c_Log2";"hs_Gen_Tot";9,58594405990971e-05;1e-12;-0,00790346482010159;-0,00612060532674061;-0,00612060532674061;-0,00571629051979929;0,00367373769069429;-0,0129435174155574;0,000170865598102042;-0,0129435174155574;0,000170865598102042;100;1;0,9;TRUE;0,97;0,8;TRUE;TRUE;0,03;0,97;0
"hs_pfunda_c_Log2";"hs_Gen_Tot";9,58594405990971e-05;1e-12;-0,00164045136846562;-0,00102284748488309;-0,00102284748488309;-0,000957331715749757;0,00222930680673731;-0,00576875463653683;0,00304925609005474;-0,00576875463653683;0,00304925609005474;100;1;0,9;TRUE;0,69;0,8;FALSE;FALSE;0,31;0,69;0
"hs_hm_pers_None";"hs_Gen_Tot";9,58594405990971e-05;1e-12;0,00344208735025003;0,00239467119952927;0,00239467119952927;0,00233803732227166;0,00277705767206416;-0,00295883040142497;0,00798838001345961;-0,00295883040142497;0,00798838001345961;100;1;0,9;TRUE;0,82;0,8;TRUE;TRUE;0,82;0,18;0
"hs_trafload_h_pow1over3";"hs_Gen_Tot";9,58594405990971e-05;1e-12;-0,00170796343139235;-0,000850941085284335;-0,000850941085284335;-0,000891658273681384;0,00192969737900438;-0,00436795661473021;0,00226229578564944;-0,00436795661473021;0,00226229578564944;100;1;0,9;TRUE;0,64;0,8;FALSE;FALSE;0,36;0,64;0
"hs_trafnear_h_pow1over3";"hs_Gen_Tot";9,58594405990971e-05;1e-12;0,00144808389865952;0,000571522724266069;0,000571522724266069;0,000702899483145057;0,00229272782794873;-0,00386357132012004;0,00474747340971427;-0,00386357132012004;0,00474747340971427;100;1;0,9;TRUE;0,62;0,8;FALSE;FALSE;0,62;0,38;0
"FAS_cat_None_Low";"hs_Gen_Tot";9,58594405990971e-05;1e-12;0,0193797981128034;0,0201568313493114;0,0201568313493114;0,019337359179561;0,00861310216550261;0,00754706305832982;0,0368233107625607;0,00754706305832982;0,0368233107625607;100;1;0,9;TRUE;1;0,8;TRUE;TRUE;1;0;0
"FAS_cat_None_Middle";"hs_Gen_Tot";9,58594405990971e-05;1e-12;0,00303629707601738;0,00478641758510838;0,00478641758510838;0,00457893578952356;0,00422564881005968;-0,00328635426127341;0,0134797514070814;-0,00328635426127341;0,0134797514070814;100;1;0,9;TRUE;0,91;0,8;TRUE;TRUE;0,91;0,09;0
"hs_globalexp2_None_no exposure";"hs_Gen_Tot";9,58594405990971e-05;1e-12;0,00535528768927818;0,00687877902745957;0,00687877902745957;0,00697014981149351;0,00520158653239977;-0,0036040892949813;0,0169909368264396;-0,0036040892949813;0,0169909368264396;100;1;0,9;TRUE;0,94;0,8;TRUE;TRUE;0,94;0,06;0
"hs_no2_dy_hs_h_Log";"hs_bmi_c_cat";9,58594405990971e-05;1e-12;-0,137103818998003;-0,128053082271654;-0,128053082271654;-0,127580967551393;0,0698550827804022;-0,277991829359791;0,00969254012145346;-0,277991829359791;0,00969254012145346;100;1;0,9;TRUE;0,96;0,8;TRUE;TRUE;0,04;0,96;0
"hs_no2_wk_hs_h_Log";"hs_bmi_c_cat";9,58594405990971e-05;1e-12;0,0310564784338414;0,0298752315443501;0,0298752315443501;0,0227320165653049;0,0657685055396536;-0,0851138480449472;0,15088540094075;-0,0851138480449472;0,15088540094075;100;1;0,9;TRUE;0,64;0,8;FALSE;FALSE;0,64;0,36;0
"hs_no2_yr_hs_h_Log";"hs_bmi_c_cat";9,58594405990971e-05;1e-12;-0,0034908439394601;-0,00940744684763205;-0,00940744684763205;-0,00690086853337567;0,0610112012094194;-0,139866638022221;0,116543372861;-0,139866638022221;0,116543372861;100;1;0,9;TRUE;0,53;0,8;FALSE;FALSE;0,47;0,53;0
"hs_pm10_dy_hs_h_None";"hs_bmi_c_cat";9,58594405990971e-05;1e-12;0,165008828045774;0,155546367768393;0,155546367768393;0,165211005542769;0,0744077074634929;-0,00663302530077595;0,279194242625921;-0,00663302530077595;0,279194242625921;100;1;0,9;TRUE;0,97;0,8;TRUE;TRUE;0,97;0,03;0
"hs_pm10_wk_hs_h_None";"hs_bmi_c_cat";9,58594405990971e-05;1e-12;-0,117430211070112;-0,090844150211322;-0,090844150211322;-0,0917425310414611;0,0799640597652141;-0,239129755595631;0,0799558812005531;-0,239129755595631;0,0799558812005531;100;1;0,9;TRUE;0,87;0,8;TRUE;TRUE;0,13;0,87;0
"hs_pm10_yr_hs_h_None";"hs_bmi_c_cat";9,58594405990971e-05;1e-12;-0,0451494587613746;-0,037126683348522;-0,037126683348522;-0,0359659927820345;0,0714139227254379;-0,189771806342003;0,0918384747260718;-0,189771806342003;0,0918384747260718;100;1;0,9;TRUE;0,67;0,8;FALSE;FALSE;0,33;0,67;0
"hs_pm25_dy_hs_h_None";"hs_bmi_c_cat";9,58594405990971e-05;1e-12;0,125334573479354;0,119962008605506;0,119962008605506;0,128448970007573;0,0657278684856035;0,00239037261263081;0,236380176658829;0,00239037261263081;0,236380176658829;100;1;0,9;TRUE;0,97;0,8;TRUE;TRUE;0,97;0,03;0
"hs_pm25_wk_hs_h_None";"hs_bmi_c_cat";9,58594405990971e-05;1e-12;-0,0359552369555672;-0,0375086603643352;-0,0375086603643352;-0,0358432893654359;0,080833120310422;-0,201706648463442;0,102328378094801;-0,201706648463442;0,102328378094801;100;1;0,9;TRUE;0,65;0,8;FALSE;FALSE;0,35;0,65;0
"hs_pm25_yr_hs_h_None";"hs_bmi_c_cat";9,58594405990971e-05;1e-12;-0,188206863628314;-0,18802667726658;-0,18802667726658;-0,192410202856289;0,0693358223332254;-0,307343812880391;-0,0675201100444076;-0,307343812880391;-0,0675201100444076;100;1;0,9;TRUE;1;0,8;TRUE;TRUE;0;1;0
"hs_pm25abs_dy_hs_h_Log";"hs_bmi_c_cat";9,58594405990971e-05;1e-12;0,00863384748426953;0,00602629123572953;0,00602629123572953;0,0128698335037506;0,0648339114682095;-0,125549317700191;0,101829070858278;-0,125549317700191;0,101829070858278;100;1;0,9;TRUE;0,61;0,8;FALSE;FALSE;0,61;0,39;0
"hs_pm25abs_wk_hs_h_Log";"hs_bmi_c_cat";9,58594405990971e-05;1e-12;0,080114295149874;0,0830171175466597;0,0830171175466597;0,0791360915100331;0,068281554669306;-0,0338820950819469;0,207358396298244;-0,0338820950819469;0,207358396298244;100;1;0,9;TRUE;0,89;0,8;TRUE;TRUE;0,89;0,11;0
"hs_pm25abs_yr_hs_h_Log";"hs_bmi_c_cat";9,58594405990971e-05;1e-12;0,114698735198622;0,105549783727327;0,105549783727327;0,108567286218844;0,0695409370632362;-0,0350266858007191;0,252276434297483;-0,0350266858007191;0,252276434297483;100;1;0,9;TRUE;0,92;0,8;TRUE;TRUE;0,92;0,08;0
"hs_accesslines300_h_dic0";"hs_bmi_c_cat";9,58594405990971e-05;1e-12;-0,0356773653751217;-0,031228521762266;-0,031228521762266;-0,0360497512470683;0,177816044776904;-0,339388514196228;0,268655767698533;-0,339388514196228;0,268655767698533;100;1;0,9;TRUE;0,57;0,8;FALSE;FALSE;0,43;0,57;0
"hs_accesspoints300_h_Log";"hs_bmi_c_cat";9,58594405990971e-05;1e-12;0,0775608710093341;0,0740937761608904;0,0740937761608904;0,0821707986798575;0,0683202703647435;-0,0859515443210377;0,179556229212262;-0,0859515443210377;0,179556229212262;100;1;0,9;TRUE;0,88;0,8;TRUE;TRUE;0,88;0,12;0
"hs_builtdens300_h_Sqrt";"hs_bmi_c_cat";9,58594405990971e-05;1e-12;-0,0015116402185518;-0,00261635325877591;-0,00261635325877591;-0,00370103044968808;0,0753571714850634;-0,147184226215535;0,154507724562711;-0,147184226215535;0,154507724562711;100;1;0,9;TRUE;0,52;0,8;FALSE;FALSE;0,48;0,52;0
"hs_connind300_h_Log";"hs_bmi_c_cat";9,58594405990971e-05;1e-12;0,033087180918616;0,0334670779545946;0,0334670779545946;0,0349399302012681;0,0659970669248369;-0,094786612263566;0,150780858205875;-0,094786612263566;0,150780858205875;100;1;0,9;TRUE;0,68;0,8;FALSE;FALSE;0,68;0,32;0
"hs_fdensity300_h_Log";"hs_bmi_c_cat";9,58594405990971e-05;1e-12;-0,115321509496487;-0,117054439455851;-0,117054439455851;-0,120740155382281;0,0765143206886718;-0,249048294600213;0,0368778170448115;-0,249048294600213;0,0368778170448115;100;1;0,9;TRUE;0,93;0,8;TRUE;TRUE;0,07;0,93;0
"hs_landuseshan300_h_None";"hs_bmi_c_cat";9,58594405990971e-05;1e-12;-0,062258270872677;-0,0608498886743578;-0,0608498886743578;-0,058995618771297;0,0586988261947134;-0,176077466256552;0,0516316238183589;-0,176077466256552;0,0516316238183589;100;1;0,9;TRUE;0,88;0,8;TRUE;TRUE;0,12;0,88;0
"hs_popdens_h_Sqrt";"hs_bmi_c_cat";9,58594405990971e-05;1e-12;0,0787147710780977;0,0830134274050594;0,0830134274050594;0,0821408003002745;0,079325370422534;-0,0588525464712352;0,261758612642266;-0,0588525464712352;0,261758612642266;100;1;0,9;TRUE;0,89;0,8;TRUE;TRUE;0,89;0,11;0
"hs_walkability_mean_h_None";"hs_bmi_c_cat";9,58594405990971e-05;1e-12;0,0280227422748765;0,0271698265310269;0,0271698265310269;0,0265022566964593;0,0733216557590272;-0,115479415750921;0,165131556387811;-0,115479415750921;0,165131556387811;100;1;0,9;TRUE;0,67;0,8;FALSE;FALSE;0,67;0,33;0
"hs_accesslines300_s_dic0";"hs_bmi_c_cat";9,58594405990971e-05;1e-12;0,0980247549888055;0,0923462530052253;0,0923462530052253;0,10092926091439;0,179427070659874;-0,247787634543584;0,415140663266758;-0,247787634543584;0,415140663266758;100;1;0,9;TRUE;0,69;0,8;FALSE;FALSE;0,69;0,31;0
"hs_accesspoints300_s_Log";"hs_bmi_c_cat";9,58594405990971e-05;1e-12;-0,173402698365124;-0,176780769416811;-0,176780769416811;-0,179255172465569;0,0669815529084851;-0,305392040804731;-0,0452991553978727;-0,305392040804731;-0,0452991553978727;100;1;0,9;TRUE;0,99;0,8;TRUE;TRUE;0,01;0,99;0
"hs_builtdens300_s_Sqrt";"hs_bmi_c_cat";9,58594405990971e-05;1e-12;0,027679401540837;0,029551369350889;0,029551369350889;0,0290501445220784;0,0793552241326216;-0,124425902599611;0,192109154886409;-0,124425902599611;0,192109154886409;100;1;0,9;TRUE;0,6;0,8;FALSE;FALSE;0,6;0,4;0
"hs_connind300_s_Log";"hs_bmi_c_cat";9,58594405990971e-05;1e-12;-0,0146625553500875;-0,0114178173212031;-0,0114178173212031;-0,0181640027818596;0,0775364272760366;-0,147339819958555;0,12873407925302;-0,147339819958555;0,12873407925302;100;1;0,9;TRUE;0,56;0,8;FALSE;FALSE;0,44;0,56;0
"hs_fdensity300_s_Log";"hs_bmi_c_cat";9,58594405990971e-05;1e-12;-0,126535095119661;-0,125240421136455;-0,125240421136455;-0,122240183266364;0,0802287642608688;-0,298852539565291;0,0142725111447852;-0,298852539565291;0,0142725111447852;100;1;0,9;TRUE;0,96;0,8;TRUE;TRUE;0,04;0,96;0
"hs_landuseshan300_s_None";"hs_bmi_c_cat";9,58594405990971e-05;1e-12;-0,094562320092615;-0,0994169875299656;-0,0994169875299656;-0,101061128541419;0,0759631245669382;-0,266779324248409;0,0434070563349233;-0,266779324248409;0,0434070563349233;100;1;0,9;TRUE;0,89;0,8;TRUE;TRUE;0,11;0,89;0
"hs_popdens_s_Sqrt";"hs_bmi_c_cat";9,58594405990971e-05;1e-12;-0,0667140335535494;-0,0701067583067369;-0,0701067583067369;-0,0672495990978656;0,0686878095504201;-0,197382763336273;0,0753150386829073;-0,197382763336273;0,0753150386829073;100;1;0,9;TRUE;0,85;0,8;TRUE;TRUE;0,15;0,85;0
"h_Absorbance_Log";"hs_bmi_c_cat";9,58594405990971e-05;1e-12;-0,0437987657152701;-0,0457190751927871;-0,0457190751927871;-0,0429802637262346;0,0661531620628373;-0,161728850200639;0,0857649924234401;-0,161728850200639;0,0857649924234401;100;1;0,9;TRUE;0,81;0,8;TRUE;TRUE;0,19;0,81;0
"h_Benzene_Log";"hs_bmi_c_cat";9,58594405990971e-05;1e-12;0,0829706778813588;0,085903907379164;0,085903907379164;0,0869040639912018;0,0605846687753168;-0,0190234637158949;0,19884686167245;-0,0190234637158949;0,19884686167245;100;1;0,9;TRUE;0,91;0,8;TRUE;TRUE;0,91;0,09;0
"h_NO2_Log";"hs_bmi_c_cat";9,58594405990971e-05;1e-12;0,0602360108656985;0,0549272603797321;0,0549272603797321;0,0552741298799142;0,0708440785792524;-0,0805696232169255;0,186250725112597;-0,0805696232169255;0,186250725112597;100;1;0,9;TRUE;0,78;0,8;FALSE;FALSE;0,78;0,22;0
"h_PM_Log";"hs_bmi_c_cat";9,58594405990971e-05;1e-12;0,101837708872235;0,103019691347169;0,103019691347169;0,101601307335125;0,0643377785015909;-0,0280695973206804;0,22701110785491;-0,0280695973206804;0,22701110785491;100;1;0,9;TRUE;0,94;0,8;TRUE;TRUE;0,94;0,06;0
"h_TEX_Log";"hs_bmi_c_cat";9,58594405990971e-05;1e-12;0,0197031294675072;0,0130819328576494;0,0130819328576494;0,013480129012227;0,072477212325022;-0,107189028353936;0,17053715934069;-0,107189028353936;0,17053715934069;100;1;0,9;TRUE;0,54;0,8;FALSE;FALSE;0,54;0,46;0
"hs_KIDMED_None";"hs_bmi_c_cat";9,58594405990971e-05;1e-12;0,163930435096582;0,168232870617269;0,168232870617269;0,167729620100334;0,0619713340320075;0,0370447424483197;0,279362641501779;0,0370447424483197;0,279362641501779;100;1;0,9;TRUE;1;0,8;TRUE;TRUE;1;0;0
"hs_mvpa_prd_alt_None";"hs_bmi_c_cat";9,58594405990971e-05;1e-12;-0,0977066559623747;-0,0976700411473249;-0,0976700411473249;-0,0986979887716251;0,0661331297765395;-0,237965186712166;0,0404916689862302;-0,237965186712166;0,0404916689862302;100;1;0,9;TRUE;0,92;0,8;TRUE;TRUE;0,08;0,92;0
"hs_sd_wk_None";"hs_bmi_c_cat";9,58594405990971e-05;1e-12;-0,0235935434919601;-0,031967582456025;-0,031967582456025;-0,0344975373388992;0,0650696589890541;-0,142904244004752;0,103405648745197;-0,142904244004752;0,103405648745197;100;1;0,9;TRUE;0,68;0,8;FALSE;FALSE;0,32;0,68;0
"hs_dif_hours_total_None";"hs_bmi_c_cat";9,58594405990971e-05;1e-12;-0,141796308876702;-0,145474331721173;-0,145474331721173;-0,148377853965934;0,0732300588067388;-0,307423118864112;-0,0105656100652864;-0,307423118864112;-0,0105656100652864;100;1;0,9;TRUE;0,98;0,8;TRUE;TRUE;0,02;0,98;0
"hs_as_c_Log2";"hs_bmi_c_cat";9,58594405990971e-05;1e-12;0,0937340860594367;0,0984509802978425;0,0984509802978425;0,0898508424120876;0,0653879492225857;-0,017540209471113;0,204428491051236;-0,017540209471113;0,204428491051236;100;1;0,9;TRUE;0,96;0,8;TRUE;TRUE;0,96;0,04;0
"hs_cd_c_Log2";"hs_bmi_c_cat";9,58594405990971e-05;1e-12;0,0546190902734788;0,0551228519969576;0,0551228519969576;0,0632165577658023;0,0736180052495626;-0,0874191164141488;0,191443112543261;-0,0874191164141488;0,191443112543261;100;1;0,9;TRUE;0,75;0,8;FALSE;FALSE;0,75;0,25;0
"hs_co_c_Log2";"hs_bmi_c_cat";9,58594405990971e-05;1e-12;-0,0919010630753045;-0,0914144177898852;-0,0914144177898852;-0,0843032829525654;0,0631977457506282;-0,200990666426261;0,0346820857231849;-0,200990666426261;0,0346820857231849;100;1;0,9;TRUE;0,94;0,8;TRUE;TRUE;0,06;0,94;0
"hs_cs_c_Log2";"hs_bmi_c_cat";9,58594405990971e-05;1e-12;0,299715175764121;0,306509715323587;0,306509715323587;0,308613371886523;0,0627978990127998;0,182800220327163;0,415068624105079;0,182800220327163;0,415068624105079;100;1;0,9;TRUE;1;0,8;TRUE;TRUE;1;0;0
"hs_cu_c_Log2";"hs_bmi_c_cat";9,58594405990971e-05;1e-12;0,267538834547893;0,27098836930051;0,27098836930051;0,266758344414195;0,063605957601326;0,167450096780614;0,392958796376349;0,167450096780614;0,392958796376349;100;1;0,9;TRUE;1;0,8;TRUE;TRUE;1;0;0
"hs_hg_c_Log2";"hs_bmi_c_cat";9,58594405990971e-05;1e-12;-0,0219908553921948;-0,0204108596371359;-0,0204108596371359;-0,018012198831461;0,0749583144914623;-0,156500248605477;0,103769284014672;-0,156500248605477;0,103769284014672;100;1;0,9;TRUE;0,6;0,8;FALSE;FALSE;0,4;0,6;0
"hs_mn_c_Log2";"hs_bmi_c_cat";9,58594405990971e-05;1e-12;-0,00504143622276097;-0,00833840017037037;-0,00833840017037037;-0,00606385060585674;0,066272429273626;-0,144379119590931;0,114522352468569;-0,144379119590931;0,114522352468569;100;1;0,9;TRUE;0,52;0,8;FALSE;FALSE;0,48;0,52;0
"hs_mo_c_Log2";"hs_bmi_c_cat";9,58594405990971e-05;1e-12;-0,0309845128806843;-0,0369845559498843;-0,0369845559498843;-0,0314061896063196;0,0558227194555446;-0,159667935663907;0,0568454659229826;-0,159667935663907;0,0568454659229826;100;1;0,9;TRUE;0,72;0,8;FALSE;FALSE;0,28;0,72;0
"hs_pb_c_Log2";"hs_bmi_c_cat";9,58594405990971e-05;1e-12;-0,102428996843259;-0,102728445717287;-0,102728445717287;-0,106400063111649;0,0640577845088813;-0,225197154157492;0,0238605761634555;-0,225197154157492;0,0238605761634555;100;1;0,9;TRUE;0,92;0,8;TRUE;TRUE;0,08;0,92;0
"hs_hum_mt_hs_h_None";"hs_bmi_c_cat";9,58594405990971e-05;1e-12;0,378221062553576;0,381394898960355;0,381394898960355;0,381250138857917;0,0729441998339236;0,269430704788984;0,541611893378023;0,269430704788984;0,541611893378023;100;1;0,9;TRUE;1;0,8;TRUE;TRUE;1;0;0
"hs_tm_mt_hs_h_None";"hs_bmi_c_cat";9,58594405990971e-05;1e-12;0,0923204860717963;0,092005890846014;0,092005890846014;0,0878622603355968;0,0684131366687574;-0,0424249207348963;0,221185357645797;-0,0424249207348963;0,221185357645797;100;1;0,9;TRUE;0,9;0,8;TRUE;TRUE;0,9;0,1;0
"hs_uvdvf_mt_hs_h_None";"hs_bmi_c_cat";9,58594405990971e-05;1e-12;0,111391749594662;0,112215678870573;0,112215678870573;0,113012972548437;0,0473903794946131;0,0237329360671983;0,201992633992433;0,0237329360671983;0,201992633992433;100;1;0,9;TRUE;0,99;0,8;TRUE;TRUE;0,99;0,01;0
"hs_hum_dy_hs_h_None";"hs_bmi_c_cat";9,58594405990971e-05;1e-12;0,129853882977024;0,131146380696563;0,131146380696563;0,125196915587221;0,0704220838307921;0,0115569899257166;0,27226457876951;0,0115569899257166;0,27226457876951;100;1;0,9;TRUE;0,98;0,8;TRUE;TRUE;0,98;0,02;0
"hs_hum_wk_hs_h_None";"hs_bmi_c_cat";9,58594405990971e-05;1e-12;0,157660708906591;0,164859875594437;0,164859875594437;0,170416202401362;0,0720488797965989;0,019956987231128;0,296230745155121;0,019956987231128;0,296230745155121;100;1;0,9;TRUE;0,99;0,8;TRUE;TRUE;0,99;0,01;0
"hs_tm_dy_hs_h_None";"hs_bmi_c_cat";9,58594405990971e-05;1e-12;-0,0864750030574477;-0,0823453982988217;-0,0823453982988217;-0,085843819797369;0,0669693147448992;-0,193117916776862;0,0671425266935298;-0,193117916776862;0,0671425266935298;100;1;0,9;TRUE;0,87;0,8;TRUE;TRUE;0,13;0,87;0
"hs_tm_wk_hs_h_None";"hs_bmi_c_cat";9,58594405990971e-05;1e-12;0,0430440777562068;0,0404185864312512;0,0404185864312512;0,0399195222237305;0,0613002297274785;-0,0699569323874502;0,147614670722903;-0,0699569323874502;0,147614670722903;100;1;0,9;TRUE;0,73;0,8;FALSE;FALSE;0,73;0,27;0
"hs_uvdvf_dy_hs_h_None";"hs_bmi_c_cat";9,58594405990971e-05;1e-12;-0,0119813658939129;-0,0126885911497584;-0,0126885911497584;-0,0104970279881211;0,0591141312057324;-0,127560500614861;0,110145837577724;-0,127560500614861;0,110145837577724;100;1;0,9;TRUE;0,6;0,8;FALSE;FALSE;0,4;0,6;0
"hs_uvdvf_wk_hs_h_None";"hs_bmi_c_cat";9,58594405990971e-05;1e-12;0,00112025147269137;0,00135922319878386;0,00135922319878386;0,00160177725662226;0,058974617631451;-0,107028822509045;0,111541771912999;-0,107028822509045;0,111541771912999;100;1;0,9;TRUE;0,51;0,8;FALSE;FALSE;0,51;0,49;0
"hs_ndvi100_h_None";"hs_bmi_c_cat";9,58594405990971e-05;1e-12;-0,0387120806530688;-0,0382027991312743;-0,0382027991312743;-0,0386550054374272;0,0684022711901819;-0,174202910654752;0,0806031002826518;-0,174202910654752;0,0806031002826518;100;1;0,9;TRUE;0,7;0,8;FALSE;FALSE;0,3;0,7;0
"hs_ndvi100_s_None";"hs_bmi_c_cat";9,58594405990971e-05;1e-12;-0,126979952058931;-0,12342365255489;-0,12342365255489;-0,11757787466896;0,0642294499400719;-0,260489701054344;-0,0218452346026217;-0,260489701054344;-0,0218452346026217;100;1;0,9;TRUE;1;0,8;TRUE;TRUE;0;1;0
"hs_dde_cadj_Log2";"hs_bmi_c_cat";9,58594405990971e-05;1e-12;-0,201303452177244;-0,193435494905014;-0,193435494905014;-0,204196665788262;0,0903801753412187;-0,365021598420636;-0,0189543940135073;-0,365021598420636;-0,0189543940135073;100;1;0,9;TRUE;0,99;0,8;TRUE;TRUE;0,01;0,99;0
"hs_ddt_cadj_Log2";"hs_bmi_c_cat";9,58594405990971e-05;1e-12;0,0349732947458754;0,0285306310833728;0,0285306310833728;0,0170427243113563;0,071486909831265;-0,0896484586202541;0,170047261675873;-0,0896484586202541;0,170047261675873;100;1;0,9;TRUE;0,62;0,8;FALSE;FALSE;0,62;0,38;0
"hs_hcb_cadj_Log2";"hs_bmi_c_cat";9,58594405990971e-05;1e-12;-0,323739282705741;-0,423554882235394;-0,423554882235394;-0,340456509783632;0,257289970475654;-0,869420523954969;-0,129259035993927;-0,869420523954969;-0,129259035993927;100;1;0,9;TRUE;1;0,8;TRUE;TRUE;0;1;0
"hs_pcb118_cadj_Log2";"hs_bmi_c_cat";9,58594405990971e-05;1e-12;0,000628335044915763;0,000396484544441103;0,000396484544441103;-0,00310606864628163;0,0742278914032089;-0,118929238722782;0,151350181118681;-0,118929238722782;0,151350181118681;100;1;0,9;TRUE;0,48;0,8;FALSE;FALSE;0,48;0,52;0
"hs_pcb138_cadj_Log2";"hs_bmi_c_cat";9,58594405990971e-05;1e-12;0,0664307905741229;0,0553611775769285;0,0553611775769285;0,0648219653363533;0,0792039747525908;-0,131213230222872;0,186145684768597;-0,131213230222872;0,186145684768597;100;1;0,9;TRUE;0,81;0,8;TRUE;TRUE;0,81;0,19;0
"hs_pcb153_cadj_Log2";"hs_bmi_c_cat";9,58594405990971e-05;1e-12;-0,106560895375974;-0,098457759735272;-0,098457759735272;-0,0952064019551355;0,0706872483230139;-0,240859929945725;0,0343863716290422;-0,240859929945725;0,0343863716290422;100;1;0,9;TRUE;0,93;0,8;TRUE;TRUE;0,07;0,93;0
"hs_pcb170_cadj_Log2";"hs_bmi_c_cat";9,58594405990971e-05;1e-12;-0,227646342440247;-0,225131119677233;-0,225131119677233;-0,228912761285158;0,0756147397510475;-0,364946635041889;-0,0958662995599862;-0,364946635041889;-0,0958662995599862;100;1;0,9;TRUE;1;0,8;TRUE;TRUE;0;1;0
"hs_pcb180_cadj_Log2";"hs_bmi_c_cat";9,58594405990971e-05;1e-12;-0,0973408393915848;-0,101043583054284;-0,101043583054284;-0,094835293981383;0,0832278861604799;-0,273271315568178;0,0394507225126319;-0,273271315568178;0,0394507225126319;100;1;0,9;TRUE;0,89;0,8;TRUE;TRUE;0,11;0,89;0
"hs_sumPCBs5_cadj_Log2";"hs_bmi_c_cat";9,58594405990971e-05;1e-12;-0,222759301562255;-0,205385419933719;-0,205385419933719;-0,198323270455583;0,060284725444072;-0,323622902063284;-0,0969453912108635;-0,323622902063284;-0,0969453912108635;100;1;0,9;TRUE;1;0,8;TRUE;TRUE;0;1;0
"hs_pfhxs_c_Log2";"hs_bmi_c_cat";9,58594405990971e-05;1e-12;0,00590872787296833;0,00802340279079723;0,00802340279079723;0,00581135316968515;0,0709478181063136;-0,110602418729405;0,161224542626917;-0,110602418729405;0,161224542626917;100;1;0,9;TRUE;0,55;0,8;FALSE;FALSE;0,55;0,45;0
"hs_pfna_c_Log2";"hs_bmi_c_cat";9,58594405990971e-05;1e-12;0,0688368469174491;0,0707881569569631;0,0707881569569631;0,0729040449957966;0,0645953672158913;-0,051950349433269;0,192969242570029;-0,051950349433269;0,192969242570029;100;1;0,9;TRUE;0,85;0,8;TRUE;TRUE;0,85;0,15;0
"hs_pfoa_c_Log2";"hs_bmi_c_cat";9,58594405990971e-05;1e-12;-0,0429903408260117;-0,0456651636366043;-0,0456651636366043;-0,0423271083217479;0,0678062133949924;-0,160462018936554;0,0919210612408601;-0,160462018936554;0,0919210612408601;100;1;0,9;TRUE;0,78;0,8;FALSE;FALSE;0,22;0,78;0
"hs_pfos_c_Log2";"hs_bmi_c_cat";9,58594405990971e-05;1e-12;-0,0717290808446486;-0,0644281922392568;-0,0644281922392568;-0,0630811861322963;0,0730122025492685;-0,181757867541676;0,0751195966860899;-0,181757867541676;0,0751195966860899;100;1;0,9;TRUE;0,82;0,8;TRUE;TRUE;0,18;0,82;0
"hs_pfunda_c_Log2";"hs_bmi_c_cat";9,58594405990971e-05;1e-12;-0,0511179090567883;-0,0512518969114595;-0,0512518969114595;-0,0437579024815147;0,0700265560274003;-0,19664928706316;0,0754492362587167;-0,19664928706316;0,0754492362587167;100;1;0,9;TRUE;0,76;0,8;FALSE;FALSE;0,24;0,76;0
"hs_hm_pers_None";"hs_bmi_c_cat";9,58594405990971e-05;1e-12;0,0310493947283877;0,0288267679079344;0,0288267679079344;0,0352079981948535;0,0639492725228162;-0,0817387494838522;0,165686432677839;-0,0817387494838522;0,165686432677839;100;1;0,9;TRUE;0,64;0,8;FALSE;FALSE;0,64;0,36;0
"hs_trafload_h_pow1over3";"hs_bmi_c_cat";9,58594405990971e-05;1e-12;-0,00238954163059159;-0,000309453085725811;-0,000309453085725811;0,00184850916266831;0,0654018364445023;-0,113533122587958;0,100747860490362;-0,113533122587958;0,100747860490362;100;1;0,9;TRUE;0,49;0,8;FALSE;FALSE;0,51;0,49;0
"hs_trafnear_h_pow1over3";"hs_bmi_c_cat";9,58594405990971e-05;1e-12;0,0565539603571698;0,0546520313593491;0,0546520313593491;0,0512128278537233;0,0738697120791893;-0,0629156977767153;0,194710738698894;-0,0629156977767153;0,194710738698894;100;1;0,9;TRUE;0,74;0,8;FALSE;FALSE;0,74;0,26;0
"FAS_cat_None_Low";"hs_bmi_c_cat";9,58594405990971e-05;1e-12;-0,705909379450984;-0,736803145729089;-0,736803145729089;-0,747625007540411;0,23795624085699;-1,123496750152;-0,335010255241096;-1,123496750152;-0,335010255241096;100;1;0,9;TRUE;1;0,8;TRUE;TRUE;0;1;0
"FAS_cat_None_Middle";"hs_bmi_c_cat";9,58594405990971e-05;1e-12;-0,289363400070621;-0,294449655022931;-0,294449655022931;-0,299142607189322;0,139301705606225;-0,548635263519148;-0,0088361942202871;-0,548635263519148;-0,0088361942202871;100;1;0,9;TRUE;0,98;0,8;TRUE;TRUE;0,02;0,98;0
"hs_globalexp2_None_no exposure";"hs_bmi_c_cat";9,58594405990971e-05;1e-12;-0,200273892367438;-0,210738796083528;-0,210738796083528;-0,22360116575713;0,126511839661983;-0,457617600118537;0,0420335795458201;-0,457617600118537;0,0420335795458201;100;1;0,9;TRUE;0,95;0,8;TRUE;TRUE;0,05;0,95;0
