"exposure";"outcome";"lambda";"selection_tol";"beta_original";"beta_boot_mean_all";"beta_boot_mean_selected";"beta_boot_median_selected";"beta_boot_sd_all";"beta_boot_q025_all";"beta_boot_q975_all";"beta_boot_q025_selected";"beta_boot_q975_selected";"n_selected";"sel_prob";"sel_prob_threshold";"passes_sel_prob";"sign_consistency";"sign_consistency_threshold";"passes_sign_consistency";"passes_stability_filter";"prop_positive";"prop_negative";"prop_zero"
"hs_no2_dy_hs_h_Log";"e3_bw";9,58594405990971e-05;1e-12;0,0204692481179667;0,0212464104219531;0,0212464104219531;0,0217407342748641;0,00493851856786287;0,0126000510894094;0,0301265255230645;0,0126000510894094;0,0301265255230645;100;1;0,9;TRUE;1;0,8;TRUE;TRUE;1;0;0
"hs_no2_wk_hs_h_Log";"e3_bw";9,58594405990971e-05;1e-12;0,02047433889658;0,0223335856617121;0,0223335856617121;0,0218348885543769;0,00531792969368044;0,0135149911652871;0,0320920022160553;0,0135149911652871;0,0320920022160553;100;1;0,9;TRUE;1;0,8;TRUE;TRUE;1;0;0
"hs_no2_yr_hs_h_Log";"e3_bw";9,58594405990971e-05;1e-12;0,0482620825033198;0,0486764616210572;0,0486764616210572;0,0484379753078115;0,00664015236683499;0,0369018385254718;0,0613898588967436;0,0369018385254718;0,0613898588967436;100;1;0,9;TRUE;1;0,8;TRUE;TRUE;1;0;0
"hs_pm10_dy_hs_h_None";"e3_bw";9,58594405990971e-05;1e-12;-0,00424286725923727;-0,00315766604170972;-0,00315766604170972;-0,00352136153989861;0,00418329317183078;-0,0119024184130528;0,00536710683786539;-0,0119024184130528;0,00536710683786539;100;1;0,9;TRUE;0,79;0,8;FALSE;FALSE;0,21;0,79;0
"hs_pm10_wk_hs_h_None";"e3_bw";9,58594405990971e-05;1e-12;-0,00569322063994697;-0,00658694767653666;-0,00658694767653666;-0,0065145892784972;0,00425034631042624;-0,0163710460897095;0,000965830230677043;-0,0163710460897095;0,000965830230677043;100;1;0,9;TRUE;0,96;0,8;TRUE;TRUE;0,04;0,96;0
"hs_pm10_yr_hs_h_None";"e3_bw";9,58594405990971e-05;1e-12;-0,0270926498114745;-0,0279066142186216;-0,0279066142186216;-0,027883585546585;0,00529538067633653;-0,0386716091728442;-0,0199503521536674;-0,0386716091728442;-0,0199503521536674;100;1;0,9;TRUE;1;0,8;TRUE;TRUE;0;1;0
"hs_pm25_dy_hs_h_None";"e3_bw";9,58594405990971e-05;1e-12;-0,00513012803822763;-0,00575845614728405;-0,00575845614728405;-0,0057314497143324;0,00466270643273238;-0,0159840080170845;0,0028815655040419;-0,0159840080170845;0,0028815655040419;100;1;0,9;TRUE;0,91;0,8;TRUE;TRUE;0,09;0,91;0
"hs_pm25_wk_hs_h_None";"e3_bw";9,58594405990971e-05;1e-12;-0,00961263592808831;-0,0107756605431402;-0,0107756605431402;-0,00965798491916278;0,00631920182227188;-0,0260311192890152;-0,00124954807136906;-0,0260311192890152;-0,00124954807136906;100;1;0,9;TRUE;0,99;0,8;TRUE;TRUE;0,01;0,99;0
"hs_pm25_yr_hs_h_None";"e3_bw";9,58594405990971e-05;1e-12;0,0142698930681256;0,0155212972024842;0,0155212972024842;0,0154094431382232;0,00691383105290694;0,00344993161514083;0,0303850513614589;0,00344993161514083;0,0303850513614589;100;1;0,9;TRUE;1;0,8;TRUE;TRUE;1;0;0
"hs_pm25abs_dy_hs_h_Log";"e3_bw";9,58594405990971e-05;1e-12;-0,000180592729666992;-0,000343768681171727;-0,000343768681171727;-3,18713297928273e-05;0,0033374692990851;-0,00744950698040219;0,0055875211422164;-0,00744950698040219;0,0055875211422164;100;1;0,9;TRUE;0,5;0,8;FALSE;FALSE;0,5;0,5;0
"hs_pm25abs_wk_hs_h_Log";"e3_bw";9,58594405990971e-05;1e-12;-0,0109413536106728;-0,01095446540781;-0,01095446540781;-0,0106539918339573;0,00389701698998177;-0,0182627924987481;-0,00447348930656093;-0,0182627924987481;-0,00447348930656093;100;1;0,9;TRUE;1;0,8;TRUE;TRUE;0;1;0
"hs_pm25abs_yr_hs_h_Log";"e3_bw";9,58594405990971e-05;1e-12;-0,0136000892115752;-0,01359367377353;-0,01359367377353;-0,0139179720987403;0,0054924154014115;-0,0234962701682129;-0,00392462973152373;-0,0234962701682129;-0,00392462973152373;100;1;0,9;TRUE;1;0,8;TRUE;TRUE;0;1;0
"hs_accesslines300_h_dic0";"e3_bw";9,58594405990971e-05;1e-12;-0,0393261226664237;-0,0402265927178628;-0,0402265927178628;-0,0395605998796368;0,0143767888999515;-0,0669295704431587;-0,0143466578551484;-0,0669295704431587;-0,0143466578551484;100;1;0,9;TRUE;1;0,8;TRUE;TRUE;0;1;0
"hs_accesspoints300_h_Log";"e3_bw";9,58594405990971e-05;1e-12;0,00105383586072249;0,000963828251507569;0,000963828251507569;0,000543570237107172;0,00382980290311092;-0,00627245137817724;0,00945110444695726;-0,00627245137817724;0,00945110444695726;100;1;0,9;TRUE;0,57;0,8;FALSE;FALSE;0,57;0,43;0
"hs_builtdens300_h_Sqrt";"e3_bw";9,58594405990971e-05;1e-12;-0,00214408021987672;-0,00275273312141566;-0,00275273312141566;-0,00304761387409579;0,00438529904080503;-0,0114497812407587;0,00837036737285237;-0,0114497812407587;0,00837036737285237;100;1;0,9;TRUE;0,75;0,8;FALSE;FALSE;0,25;0,75;0
"hs_connind300_h_Log";"e3_bw";9,58594405990971e-05;1e-12;0,00776198412848656;0,00838802755303379;0,00838802755303379;0,00841921609214243;0,00427824024594308;0,000708522723869983;0,0158586999704717;0,000708522723869983;0,0158586999704717;100;1;0,9;TRUE;0,99;0,8;TRUE;TRUE;0,99;0,01;0
"hs_fdensity300_h_Log";"e3_bw";9,58594405990971e-05;1e-12;0,0165131065783309;0,0169779024336982;0,0169779024336982;0,0168994707817872;0,00587231071479579;0,00624933394162691;0,0282628529209572;0,00624933394162691;0,0282628529209572;100;1;0,9;TRUE;1;0,8;TRUE;TRUE;1;0;0
"hs_landuseshan300_h_None";"e3_bw";9,58594405990971e-05;1e-12;0,00159654589649177;0,00174047427678391;0,00174047427678391;0,00180011179835221;0,00265953262521441;-0,00382977287613169;0,00636439074849578;-0,00382977287613169;0,00636439074849578;100;1;0,9;TRUE;0,75;0,8;FALSE;FALSE;0,75;0,25;0
"hs_popdens_h_Sqrt";"e3_bw";9,58594405990971e-05;1e-12;-0,0069983410110026;-0,00631639780411899;-0,00631639780411899;-0,00630373433520626;0,0035361963035057;-0,0135987745266659;0,000580100427096471;-0,0135987745266659;0,000580100427096471;100;1;0,9;TRUE;0,96;0,8;TRUE;TRUE;0,04;0,96;0
"hs_walkability_mean_h_None";"e3_bw";9,58594405990971e-05;1e-12;-0,00731884770717607;-0,00719541427390029;-0,00719541427390029;-0,00699982856217732;0,00416366042144728;-0,0151413941952663;0,00101238137820343;-0,0151413941952663;0,00101238137820343;100;1;0,9;TRUE;0,92;0,8;TRUE;TRUE;0,08;0,92;0
"hs_accesslines300_s_dic0";"e3_bw";9,58594405990971e-05;1e-12;0,0120791958713123;0,0110852435260649;0,0110852435260649;0,0103412257050978;0,0122735296149025;-0,00900834796514559;0,0367682475766213;-0,00900834796514559;0,0367682475766213;100;1;0,9;TRUE;0,8;0,8;TRUE;TRUE;0,8;0,2;0
"hs_accesspoints300_s_Log";"e3_bw";9,58594405990971e-05;1e-12;0,00816435760498137;0,00795478967818954;0,00795478967818954;0,00804158635931799;0,00402150267808902;0,00140745119436873;0,0161013657360286;0,00140745119436873;0,0161013657360286;100;1;0,9;TRUE;0,98;0,8;TRUE;TRUE;0,98;0,02;0
"hs_builtdens300_s_Sqrt";"e3_bw";9,58594405990971e-05;1e-12;-0,00909992580952668;-0,00970989176620098;-0,00970989176620098;-0,00978194799232342;0,00460483356968816;-0,0189284549098499;-0,00121043706606867;-0,0189284549098499;-0,00121043706606867;100;1;0,9;TRUE;0,98;0,8;TRUE;TRUE;0,02;0,98;0
"hs_connind300_s_Log";"e3_bw";9,58594405990971e-05;1e-12;0,00896345148814277;0,00902520656857546;0,00902520656857546;0,00873063858393428;0,00370048008714625;0,00185240512870109;0,0158025689576343;0,00185240512870109;0,0158025689576343;100;1;0,9;TRUE;0,99;0,8;TRUE;TRUE;0,99;0,01;0
"hs_fdensity300_s_Log";"e3_bw";9,58594405990971e-05;1e-12;0,00988705452033951;0,00967342697460256;0,00967342697460256;0,00943138823119521;0,00440574415100542;0,00131125132077711;0,017818981810111;0,00131125132077711;0,017818981810111;100;1;0,9;TRUE;0,98;0,8;TRUE;TRUE;0,98;0,02;0
"hs_landuseshan300_s_None";"e3_bw";9,58594405990971e-05;1e-12;0,00230490734408167;0,00232140333819994;0,00232140333819994;0,00226926156370455;0,00343883532419519;-0,00341022000250599;0,00866694757997115;-0,00341022000250599;0,00866694757997115;100;1;0,9;TRUE;0,74;0,8;FALSE;FALSE;0,74;0,26;0
"hs_popdens_s_Sqrt";"e3_bw";9,58594405990971e-05;1e-12;0,00102527763013892;0,000709037100541707;0,000709037100541707;0,000609716800985951;0,00401009427992915;-0,00705799349958182;0,00811795847413341;-0,00705799349958182;0,00811795847413341;100;1;0,9;TRUE;0,59;0,8;FALSE;FALSE;0,59;0,41;0
"h_Absorbance_Log";"e3_bw";9,58594405990971e-05;1e-12;0,00477642439579098;0,00443200984166714;0,00443200984166714;0,00440634273484013;0,00393119769159678;-0,00295172702577253;0,0118573182151988;-0,00295172702577253;0,0118573182151988;100;1;0,9;TRUE;0,86;0,8;TRUE;TRUE;0,86;0,14;0
"h_Benzene_Log";"e3_bw";9,58594405990971e-05;1e-12;-0,00603003461304599;-0,00650669623523265;-0,00650669623523265;-0,00641715227541113;0,0034732880513459;-0,0138464161524075;0,000180693970303496;-0,0138464161524075;0,000180693970303496;100;1;0,9;TRUE;0,97;0,8;TRUE;TRUE;0,03;0,97;0
"h_NO2_Log";"e3_bw";9,58594405990971e-05;1e-12;0,00991025979735609;0,0102146557536851;0,0102146557536851;0,0098679966935564;0,0038938766201191;0,00344008615587324;0,0182484680887939;0,00344008615587324;0,0182484680887939;100;1;0,9;TRUE;1;0,8;TRUE;TRUE;1;0;0
"h_PM_Log";"e3_bw";9,58594405990971e-05;1e-12;0,00436277749588314;0,00473624456594;0,00473624456594;0,00505661767733429;0,00328229852123915;-0,00299212936797451;0,0100362394551286;-0,00299212936797451;0,0100362394551286;100;1;0,9;TRUE;0,91;0,8;TRUE;TRUE;0,91;0,09;0
"h_TEX_Log";"e3_bw";9,58594405990971e-05;1e-12;0,000744475337718042;0,0010376854883274;0,0010376854883274;0,00121898384146155;0,00345308260851978;-0,0052709355218456;0,00714401248259007;-0,0052709355218456;0,00714401248259007;100;1;0,9;TRUE;0,65;0,8;FALSE;FALSE;0,65;0,35;0
"hs_KIDMED_None";"e3_bw";9,58594405990971e-05;1e-12;0,00132578415087717;0,00161720562332215;0,00161720562332215;0,0016152091210692;0,00310105532041241;-0,00484047661768081;0,00709954539556798;-0,00484047661768081;0,00709954539556798;100;1;0,9;TRUE;0,68;0,8;FALSE;FALSE;0,68;0,32;0
"hs_mvpa_prd_alt_None";"e3_bw";9,58594405990971e-05;1e-12;0,000506954158141894;0,00118339859704574;0,00118339859704574;0,000885710099089804;0,00484413378170933;-0,00709417210168465;0,0113106569969919;-0,00709417210168465;0,0113106569969919;100;1;0,9;TRUE;0,63;0,8;FALSE;FALSE;0,63;0,37;0
"hs_sd_wk_None";"e3_bw";9,58594405990971e-05;1e-12;0,00193553806629678;0,00185499060202519;0,00185499060202519;0,00167348016903984;0,00381385882924329;-0,00470649508531773;0,0108630124654231;-0,00470649508531773;0,0108630124654231;100;1;0,9;TRUE;0,69;0,8;FALSE;FALSE;0,69;0,31;0
"hs_dif_hours_total_None";"e3_bw";9,58594405990971e-05;1e-12;0,00212076524315949;0,00211953671756107;0,00211953671756107;0,00212628198049385;0,00313999624139083;-0,00249148212419408;0,00823409930168081;-0,00249148212419408;0,00823409930168081;100;1;0,9;TRUE;0,72;0,8;FALSE;FALSE;0,72;0,28;0
"hs_as_c_Log2";"e3_bw";9,58594405990971e-05;1e-12;0,00201971347958231;0,00153622460863365;0,00153622460863365;0,00136573010229337;0,00366290955945876;-0,00529819689110279;0,008392234356883;-0,00529819689110279;0,008392234356883;100;1;0,9;TRUE;0,67;0,8;FALSE;FALSE;0,67;0,33;0
"hs_cd_c_Log2";"e3_bw";9,58594405990971e-05;1e-12;9,3452379754477e-05;0,000403108517722428;0,000403108517722428;0,000144713287578804;0,00318262002206317;-0,00477778432872814;0,00675188491180479;-0,00477778432872814;0,00675188491180479;100;1;0,9;TRUE;0,5;0,8;FALSE;FALSE;0,5;0,5;0
"hs_co_c_Log2";"e3_bw";9,58594405990971e-05;1e-12;-0,00186155938538242;-0,00211155502665338;-0,00211155502665338;-0,00171152925903295;0,00313917496357567;-0,00826291733575804;0,00323888476626609;-0,00826291733575804;0,00323888476626609;100;1;0,9;TRUE;0,78;0,8;FALSE;FALSE;0,22;0,78;0
"hs_cs_c_Log2";"e3_bw";9,58594405990971e-05;1e-12;-0,00516632645367173;-0,0051360884469171;-0,0051360884469171;-0,00589764153216149;0,00391367380187916;-0,011322662119594;0,00260951098898622;-0,011322662119594;0,00260951098898622;100;1;0,9;TRUE;0,85;0,8;TRUE;TRUE;0,15;0,85;0
"hs_cu_c_Log2";"e3_bw";9,58594405990971e-05;1e-12;-0,00210485261900568;-0,00179429683145877;-0,00179429683145877;-0,00156616376344951;0,00338661775186059;-0,00853933184981107;0,00428713105814225;-0,00853933184981107;0,00428713105814225;100;1;0,9;TRUE;0,71;0,8;FALSE;FALSE;0,29;0,71;0
"hs_hg_c_Log2";"e3_bw";9,58594405990971e-05;1e-12;-0,00653423452187765;-0,00631034750085767;-0,00631034750085767;-0,00639872922276273;0,00394973900423227;-0,0138553790788761;0,00149964278580199;-0,0138553790788761;0,00149964278580199;100;1;0,9;TRUE;0,92;0,8;TRUE;TRUE;0,08;0,92;0
"hs_mn_c_Log2";"e3_bw";9,58594405990971e-05;1e-12;-0,00509947564433357;-0,00511131588113042;-0,00511131588113042;-0,00519501837603716;0,00305816847279991;-0,0109532515020559;0,000843214646631654;-0,0109532515020559;0,000843214646631654;100;1;0,9;TRUE;0,93;0,8;TRUE;TRUE;0,07;0,93;0
"hs_mo_c_Log2";"e3_bw";9,58594405990971e-05;1e-12;-0,00323369947746838;-0,00323986646454579;-0,00323986646454579;-0,00306019851506346;0,00312579155325048;-0,00823152409425566;0,00272761246397464;-0,00823152409425566;0,00272761246397464;100;1;0,9;TRUE;0,83;0,8;TRUE;TRUE;0,17;0,83;0
"hs_pb_c_Log2";"e3_bw";9,58594405990971e-05;1e-12;0,00074217027632612;0,0006587074698913;0,0006587074698913;0,000643599579887486;0,00309556986282944;-0,00526045036538874;0,00611402594232675;-0,00526045036538874;0,00611402594232675;100;1;0,9;TRUE;0,57;0,8;FALSE;FALSE;0,57;0,43;0
"hs_hum_mt_hs_h_None";"e3_bw";9,58594405990971e-05;1e-12;-0,0206918730631495;-0,0213169235394358;-0,0213169235394358;-0,0210136550383884;0,00467517051063716;-0,0320558463332438;-0,0134978339041233;-0,0320558463332438;-0,0134978339041233;100;1;0,9;TRUE;1;0,8;TRUE;TRUE;0;1;0
"hs_tm_mt_hs_h_None";"e3_bw";9,58594405990971e-05;1e-12;0,00208734855262325;0,00156659406421617;0,00156659406421617;0,00140971057747042;0,00466607105231149;-0,00661587927903018;0,00988720992241447;-0,00661587927903018;0,00988720992241447;100;1;0,9;TRUE;0,59;0,8;FALSE;FALSE;0,59;0,41;0
"hs_uvdvf_mt_hs_h_None";"e3_bw";9,58594405990971e-05;1e-12;-0,00880186864017776;-0,0085317396951927;-0,0085317396951927;-0,00898053032054392;0,00424608181652023;-0,016240345604537;-0,000535498531143151;-0,016240345604537;-0,000535498531143151;100;1;0,9;TRUE;0,97;0,8;TRUE;TRUE;0,03;0,97;0
"hs_hum_dy_hs_h_None";"e3_bw";9,58594405990971e-05;1e-12;-0,00729101082142766;-0,00738773700724038;-0,00738773700724038;-0,00712774826412445;0,00376483377471645;-0,0162954256507807;-4,54199429016189e-05;-0,0162954256507807;-4,54199429016189e-05;100;1;0,9;TRUE;0,97;0,8;TRUE;TRUE;0,03;0,97;0
"hs_hum_wk_hs_h_None";"e3_bw";9,58594405990971e-05;1e-12;-0,0188842304756816;-0,0187322625187228;-0,0187322625187228;-0,0183266465568512;0,00454617107634461;-0,0270634839076367;-0,0122219706648394;-0,0270634839076367;-0,0122219706648394;100;1;0,9;TRUE;1;0,8;TRUE;TRUE;0;1;0
"hs_tm_dy_hs_h_None";"e3_bw";9,58594405990971e-05;1e-12;-0,00516819681744423;-0,00503130881404138;-0,00503130881404138;-0,00547879046772246;0,00424612507073796;-0,0117725303827034;0,00283110960049101;-0,0117725303827034;0,00283110960049101;100;1;0,9;TRUE;0,87;0,8;TRUE;TRUE;0,13;0,87;0
"hs_tm_wk_hs_h_None";"e3_bw";9,58594405990971e-05;1e-12;-0,00264056315170915;-0,00166021604895729;-0,00166021604895729;-0,00140680456559296;0,00536211409279868;-0,0109983749095512;0,00786446994372323;-0,0109983749095512;0,00786446994372323;100;1;0,9;TRUE;0,59;0,8;FALSE;FALSE;0,41;0,59;0
"hs_uvdvf_dy_hs_h_None";"e3_bw";9,58594405990971e-05;1e-12;0,00406069966378485;0,00346991232453277;0,00346991232453277;0,00282365058855875;0,00525375869151723;-0,00624735418423573;0,0146135063728918;-0,00624735418423573;0,0146135063728918;100;1;0,9;TRUE;0,75;0,8;FALSE;FALSE;0,75;0,25;0
"hs_uvdvf_wk_hs_h_None";"e3_bw";9,58594405990971e-05;1e-12;-0,017094644884035;-0,0177299811312069;-0,0177299811312069;-0,016754621657895;0,00508582669733027;-0,0273840742534178;-0,00940406374192985;-0,0273840742534178;-0,00940406374192985;100;1;0,9;TRUE;1;0,8;TRUE;TRUE;0;1;0
"hs_ndvi100_h_None";"e3_bw";9,58594405990971e-05;1e-12;0,0149645774883132;0,0151567354655238;0,0151567354655238;0,0155170116473638;0,00399448475281718;0,00716860518997481;0,0227450226954511;0,00716860518997481;0,0227450226954511;100;1;0,9;TRUE;1;0,8;TRUE;TRUE;1;0;0
"hs_ndvi100_s_None";"e3_bw";9,58594405990971e-05;1e-12;0,0140303319919198;0,0140903439244263;0,0140903439244263;0,0140562237922323;0,00460539908938964;0,0059415625426608;0,0228466562735235;0,0059415625426608;0,0228466562735235;100;1;0,9;TRUE;1;0,8;TRUE;TRUE;1;0;0
"hs_dde_cadj_Log2";"e3_bw";9,58594405990971e-05;1e-12;-0,00787590836209521;-0,0080536037257779;-0,0080536037257779;-0,00791411398824773;0,00368161302685436;-0,014863079408718;-0,000151330231903758;-0,014863079408718;-0,000151330231903758;100;1;0,9;TRUE;0,97;0,8;TRUE;TRUE;0,03;0,97;0
"hs_ddt_cadj_Log2";"e3_bw";9,58594405990971e-05;1e-12;-0,0121157398140308;-0,0120386686162536;-0,0120386686162536;-0,0119620244091164;0,00334331352488482;-0,0177612919670838;-0,00577406368825149;-0,0177612919670838;-0,00577406368825149;100;1;0,9;TRUE;1;0,8;TRUE;TRUE;0;1;0
"hs_hcb_cadj_Log2";"e3_bw";9,58594405990971e-05;1e-12;0,00127988680055205;-0,000821057990748975;-0,000821057990748975;-0,000986186854522586;0,00525741877020127;-0,0107293800400323;0,0100309525134487;-0,0107293800400323;0,0100309525134487;100;1;0,9;TRUE;0,44;0,8;FALSE;FALSE;0,44;0,56;0
"hs_pcb118_cadj_Log2";"e3_bw";9,58594405990971e-05;1e-12;-0,00175130747281877;-0,00143644109824651;-0,00143644109824651;-0,00119875624507373;0,00490342030206214;-0,0103546654428386;0,00773197671010385;-0,0103546654428386;0,00773197671010385;100;1;0,9;TRUE;0,65;0,8;FALSE;FALSE;0,35;0,65;0
"hs_pcb138_cadj_Log2";"e3_bw";9,58594405990971e-05;1e-12;-0,000118054318491226;-0,00057359941268445;-0,00057359941268445;-0,000105492910079698;0,00733950915211871;-0,0158287169004969;0,011799081038937;-0,0158287169004969;0,011799081038937;100;1;0,9;TRUE;0,51;0,8;FALSE;FALSE;0,49;0,51;0
"hs_pcb153_cadj_Log2";"e3_bw";9,58594405990971e-05;1e-12;-0,000458514616615314;-0,000724883666811975;-0,000724883666811975;-0,000656684293698094;0,00518201294902929;-0,009519079034956;0,00804064231251154;-0,009519079034956;0,00804064231251154;100;1;0,9;TRUE;0,54;0,8;FALSE;FALSE;0,46;0,54;0
"hs_pcb170_cadj_Log2";"e3_bw";9,58594405990971e-05;1e-12;-0,00359381493346277;-0,00434448024301578;-0,00434448024301578;-0,00440658633026534;0,00441014224383246;-0,012840848971147;0,00348970678315492;-0,012840848971147;0,00348970678315492;100;1;0,9;TRUE;0,85;0,8;TRUE;TRUE;0,15;0,85;0
"hs_pcb180_cadj_Log2";"e3_bw";9,58594405990971e-05;1e-12;0,00227501213822507;0,00254957300392898;0,00254957300392898;0,00326989641739713;0,00438238537182964;-0,00746660358274278;0,00975976471529494;-0,00746660358274278;0,00975976471529494;100;1;0,9;TRUE;0,73;0,8;FALSE;FALSE;0,73;0,27;0
"hs_sumPCBs5_cadj_Log2";"e3_bw";9,58594405990971e-05;1e-12;-0,00954691687794903;-0,00978664679806395;-0,00978664679806395;-0,0100054195427151;0,0053038543273663;-0,0182560200738796;0,000795339510748852;-0,0182560200738796;0,000795339510748852;100;1;0,9;TRUE;0,97;0,8;TRUE;TRUE;0,03;0,97;0
"hs_pfhxs_c_Log2";"e3_bw";9,58594405990971e-05;1e-12;0,0110242750400117;0,0108990310525017;0,0108990310525017;0,0105888802793303;0,0040704590548935;0,00261689471825775;0,0184870311530037;0,00261689471825775;0,0184870311530037;100;1;0,9;TRUE;1;0,8;TRUE;TRUE;1;0;0
"hs_pfna_c_Log2";"e3_bw";9,58594405990971e-05;1e-12;-0,00927087883288079;-0,00922778900374532;-0,00922778900374532;-0,0086449264275125;0,00526982792182888;-0,0196071128316883;-0,000455425234528115;-0,0196071128316883;-0,000455425234528115;100;1;0,9;TRUE;0,98;0,8;TRUE;TRUE;0,02;0,98;0
"hs_pfoa_c_Log2";"e3_bw";9,58594405990971e-05;1e-12;0,0122471522918666;0,0120147675323552;0,0120147675323552;0,0121231857074631;0,00337405007448201;0,00593565325556887;0,0183018349761395;0,00593565325556887;0,0183018349761395;100;1;0,9;TRUE;1;0,8;TRUE;TRUE;1;0;0
"hs_pfos_c_Log2";"e3_bw";9,58594405990971e-05;1e-12;-9,53461052155026e-05;-0,000182459655949715;-0,000182459655949715;-0,000336733805061387;0,00450853648344904;-0,00834531177730157;0,00884513107048842;-0,00834531177730157;0,00884513107048842;100;1;0,9;TRUE;0,53;0,8;FALSE;FALSE;0,47;0,53;0
"hs_pfunda_c_Log2";"e3_bw";9,58594405990971e-05;1e-12;7,83155311307739e-05;1,23244333578648e-05;1,23244333578648e-05;-3,58205653507824e-05;0,00358538099463224;-0,00641491202822061;0,00693872251303599;-0,00641491202822061;0,00693872251303599;100;1;0,9;TRUE;0,5;0,8;FALSE;FALSE;0,5;0,5;0
"hs_hm_pers_None";"e3_bw";9,58594405990971e-05;1e-12;-0,000484997494419799;-0,000217040597844237;-0,000217040597844237;-0,000130833524300838;0,00317592746738584;-0,00657998173544094;0,00528949080278012;-0,00657998173544094;0,00528949080278012;100;1;0,9;TRUE;0,53;0,8;FALSE;FALSE;0,47;0,53;0
"hs_trafload_h_pow1over3";"e3_bw";9,58594405990971e-05;1e-12;0,000624440214384952;0,000111788648912482;0,000111788648912482;-0,000203328171098725;0,00361636571139456;-0,00695129509856499;0,00783320451944703;-0,00695129509856499;0,00783320451944703;100;1;0,9;TRUE;0,48;0,8;FALSE;FALSE;0,48;0,52;0
"hs_trafnear_h_pow1over3";"e3_bw";9,58594405990971e-05;1e-12;-0,00932391077322628;-0,00936358296329185;-0,00936358296329185;-0,00917998271190779;0,00429163007526824;-0,0183700081160924;-0,000745099462400022;-0,0183700081160924;-0,000745099462400022;100;1;0,9;TRUE;0,99;0,8;TRUE;TRUE;0,01;0,99;0
"FAS_cat_None_Low";"e3_bw";9,58594405990971e-05;1e-12;0,0480334590960417;0,0472425457086366;0,0472425457086366;0,0459222596937062;0,0102079619976154;0,0281299882877123;0,0672496240997411;0,0281299882877123;0,0672496240997411;100;1;0,9;TRUE;1;0,8;TRUE;TRUE;1;0;0
"FAS_cat_None_Middle";"e3_bw";9,58594405990971e-05;1e-12;0,0363417598994765;0,0351285521672834;0,0351285521672834;0,036826146901931;0,00809895864409099;0,0156862293679881;0,0458762830017949;0,0156862293679881;0,0458762830017949;100;1;0,9;TRUE;1;0,8;TRUE;TRUE;1;0;0
"hs_globalexp2_None_no exposure";"e3_bw";9,58594405990971e-05;1e-12;0,0414579530250092;0,041465181638596;0,041465181638596;0,0407620035369047;0,00715969778880469;0,0304530111559723;0,0551902650303596;0,0304530111559723;0,0551902650303596;100;1;0,9;TRUE;1;0,8;TRUE;TRUE;1;0;0
"hs_no2_dy_hs_h_Log";"hs_asthma";9,58594405990971e-05;1e-12;-0,100855058229296;-0,098025374742545;-0,098025374742545;-0,096530574467698;0,06725687321571;-0,213321494162108;0,0345338650956133;-0,213321494162108;0,0345338650956133;100;1;0,9;TRUE;0,92;0,8;TRUE;TRUE;0,08;0,92;0
"hs_no2_wk_hs_h_Log";"hs_asthma";9,58594405990971e-05;1e-12;0,0220538491012773;0,0187201673971825;0,0187201673971825;0,0169156870901967;0,0589058947448894;-0,0874876081047815;0,125437098547327;-0,0874876081047815;0,125437098547327;100;1;0,9;TRUE;0,65;0,8;FALSE;FALSE;0,65;0,35;0
"hs_no2_yr_hs_h_Log";"hs_asthma";9,58594405990971e-05;1e-12;-0,143908056585249;-0,140298756679779;-0,140298756679779;-0,141116247415237;0,0477650177736219;-0,225812005131235;-0,0576657031019362;-0,225812005131235;-0,0576657031019362;100;1;0,9;TRUE;1;0,8;TRUE;TRUE;0;1;0
"hs_pm10_dy_hs_h_None";"hs_asthma";9,58594405990971e-05;1e-12;-0,00716377890168602;-0,00758690262926145;-0,00758690262926145;-0,00701852023581411;0,0680704807968716;-0,108895290419348;0,1464478948189;-0,108895290419348;0,1464478948189;100;1;0,9;TRUE;0,51;0,8;FALSE;FALSE;0,49;0,51;0
"hs_pm10_wk_hs_h_None";"hs_asthma";9,58594405990971e-05;1e-12;0,0197241893857438;0,020985685262723;0,020985685262723;0,026726671553091;0,0678720193563563;-0,0943892600147645;0,148331847378851;-0,0943892600147645;0,148331847378851;100;1;0,9;TRUE;0,62;0,8;FALSE;FALSE;0,62;0,38;0
"hs_pm10_yr_hs_h_None";"hs_asthma";9,58594405990971e-05;1e-12;0,0744074103111425;0,0745886134376974;0,0745886134376974;0,0639262751382633;0,0696139494330649;-0,0466905873471252;0,243058340969759;-0,0466905873471252;0,243058340969759;100;1;0,9;TRUE;0,92;0,8;TRUE;TRUE;0,92;0,08;0
"hs_pm25_dy_hs_h_None";"hs_asthma";9,58594405990971e-05;1e-12;-0,0712727075630238;-0,0766882022599535;-0,0766882022599535;-0,0693702565131451;0,0852460549029634;-0,225907856052564;0,092035497869506;-0,225907856052564;0,092035497869506;100;1;0,9;TRUE;0,84;0,8;TRUE;TRUE;0,16;0,84;0
"hs_pm25_wk_hs_h_None";"hs_asthma";9,58594405990971e-05;1e-12;0,0216530952589498;0,0199844720672291;0,0199844720672291;0,0268004691679271;0,0585944615043042;-0,0891192675330466;0,13194196377784;-0,0891192675330466;0,13194196377784;100;1;0,9;TRUE;0,66;0,8;FALSE;FALSE;0,66;0,34;0
"hs_pm25_yr_hs_h_None";"hs_asthma";9,58594405990971e-05;1e-12;-0,144743657755086;-0,139161218032416;-0,139161218032416;-0,148571700604428;0,0691768628998975;-0,25654219193938;-0,0182257572943928;-0,25654219193938;-0,0182257572943928;100;1;0,9;TRUE;0,98;0,8;TRUE;TRUE;0,02;0,98;0
"hs_pm25abs_dy_hs_h_Log";"hs_asthma";9,58594405990971e-05;1e-12;0,121385929298301;0,125712423481776;0,125712423481776;0,11318796526411;0,0787173097211224;-0,0197176513412525;0,274532226393774;-0,0197176513412525;0,274532226393774;100;1;0,9;TRUE;0,95;0,8;TRUE;TRUE;0,95;0,05;0
"hs_pm25abs_wk_hs_h_Log";"hs_asthma";9,58594405990971e-05;1e-12;-0,048657441796599;-0,0454482648014018;-0,0454482648014018;-0,0363701303162883;0,0794480961915271;-0,189496498328855;0,111744561629345;-0,189496498328855;0,111744561629345;100;1;0,9;TRUE;0,76;0,8;FALSE;FALSE;0,24;0,76;0
"hs_pm25abs_yr_hs_h_Log";"hs_asthma";9,58594405990971e-05;1e-12;-0,142841685805369;-0,137585141293274;-0,137585141293274;-0,136198464705445;0,0749358785382953;-0,294628425142846;0,00564189411221849;-0,294628425142846;0,00564189411221849;100;1;0,9;TRUE;0,97;0,8;TRUE;TRUE;0,03;0,97;0
"hs_accesslines300_h_dic0";"hs_asthma";9,58594405990971e-05;1e-12;0,202511057169255;0,190264030350716;0,190264030350716;0,180724615080704;0,196155151389539;-0,149308561968698;0,586291002399254;-0,149308561968698;0,586291002399254;100;1;0,9;TRUE;0,83;0,8;TRUE;TRUE;0,83;0,17;0
"hs_accesspoints300_h_Log";"hs_asthma";9,58594405990971e-05;1e-12;-0,158541345619573;-0,155973789844345;-0,155973789844345;-0,143490323154229;0,0820324779212993;-0,299572929865797;-0,0237462086691185;-0,299572929865797;-0,0237462086691185;100;1;0,9;TRUE;0,99;0,8;TRUE;TRUE;0,01;0,99;0
"hs_builtdens300_h_Sqrt";"hs_asthma";9,58594405990971e-05;1e-12;-0,0123359680036709;-0,012922569116555;-0,012922569116555;-0,0102119846004309;0,0714029151711023;-0,134120918353313;0,126217692760859;-0,134120918353313;0,126217692760859;100;1;0,9;TRUE;0,56;0,8;FALSE;FALSE;0,44;0,56;0
"hs_connind300_h_Log";"hs_asthma";9,58594405990971e-05;1e-12;-0,0598973443214292;-0,059285253026428;-0,059285253026428;-0,0588039927961731;0,0700064746098193;-0,170096843804698;0,0798923465537463;-0,170096843804698;0,0798923465537463;100;1;0,9;TRUE;0,82;0,8;TRUE;TRUE;0,18;0,82;0
"hs_fdensity300_h_Log";"hs_asthma";9,58594405990971e-05;1e-12;0,00647001502493101;0,00144152510703502;0,00144152510703502;-0,00449811331561946;0,0899273589796479;-0,164950101343523;0,187997622629415;-0,164950101343523;0,187997622629415;100;1;0,9;TRUE;0,47;0,8;FALSE;FALSE;0,47;0,53;0
"hs_landuseshan300_h_None";"hs_asthma";9,58594405990971e-05;1e-12;0,112388971978234;0,110442873933339;0,110442873933339;0,113607167460025;0,0778705784420696;-0,0224533037759324;0,261479344120328;-0,0224533037759324;0,261479344120328;100;1;0,9;TRUE;0,91;0,8;TRUE;TRUE;0,91;0,09;0
"hs_popdens_h_Sqrt";"hs_asthma";9,58594405990971e-05;1e-12;0,00277954380921454;0,00395111702606833;0,00395111702606833;0,0126007049058065;0,0778675960953016;-0,154381430388688;0,13362526906049;-0,154381430388688;0,13362526906049;100;1;0,9;TRUE;0,59;0,8;FALSE;FALSE;0,59;0,41;0
"hs_walkability_mean_h_None";"hs_asthma";9,58594405990971e-05;1e-12;0,144264138482865;0,140862151073998;0,140862151073998;0,133757376527139;0,0827451424914101;-0,0195868991849837;0,299049729043926;-0,0195868991849837;0,299049729043926;100;1;0,9;TRUE;0,94;0,8;TRUE;TRUE;0,94;0,06;0
"hs_accesslines300_s_dic0";"hs_asthma";9,58594405990971e-05;1e-12;-0,192361501478167;-0,187287593720538;-0,187287593720538;-0,171728929189878;0,161558364768008;-0,533601508253285;0,0785106718140162;-0,533601508253285;0,0785106718140162;100;1;0,9;TRUE;0,9;0,8;TRUE;TRUE;0,1;0,9;0
"hs_accesspoints300_s_Log";"hs_asthma";9,58594405990971e-05;1e-12;0,00055648974945051;-0,000353032875543968;-0,000353032875543968;0,00226419706391997;0,0763909815311904;-0,174682227836793;0,143063009537882;-0,174682227836793;0,143063009537882;100;1;0,9;TRUE;0,52;0,8;FALSE;FALSE;0,52;0,48;0
"hs_builtdens300_s_Sqrt";"hs_asthma";9,58594405990971e-05;1e-12;-0,0110767189446093;-0,00765652513264924;-0,00765652513264924;-0,00792406287784209;0,085212815920813;-0,17334752410624;0,154232090146926;-0,17334752410624;0,154232090146926;100;1;0,9;TRUE;0,55;0,8;FALSE;FALSE;0,45;0,55;0
"hs_connind300_s_Log";"hs_asthma";9,58594405990971e-05;1e-12;-0,00171818301529809;0,000674015832616407;0,000674015832616407;0,00518141419812138;0,0835739726074075;-0,154746647132792;0,145332968057743;-0,154746647132792;0,145332968057743;100;1;0,9;TRUE;0,48;0,8;FALSE;FALSE;0,52;0,48;0
"hs_fdensity300_s_Log";"hs_asthma";9,58594405990971e-05;1e-12;-0,0811941879783478;-0,0859909613285754;-0,0859909613285754;-0,0852538608674485;0,0748947531398436;-0,241627959386603;0,0542726237109716;-0,241627959386603;0,0542726237109716;100;1;0,9;TRUE;0,85;0,8;TRUE;TRUE;0,15;0,85;0
"hs_landuseshan300_s_None";"hs_asthma";9,58594405990971e-05;1e-12;-0,0305655775411722;-0,0351745551639603;-0,0351745551639603;-0,0328631331438148;0,0790383905984356;-0,187730891594632;0,1031702606509;-0,187730891594632;0,1031702606509;100;1;0,9;TRUE;0,69;0,8;FALSE;FALSE;0,31;0,69;0
"hs_popdens_s_Sqrt";"hs_asthma";9,58594405990971e-05;1e-12;0,0364280766401968;0,0385498468382763;0,0385498468382763;0,0400515330767228;0,0675018558753853;-0,0724037710607372;0,167537357829027;-0,0724037710607372;0,167537357829027;100;1;0,9;TRUE;0,68;0,8;FALSE;FALSE;0,68;0,32;0
"h_Absorbance_Log";"hs_asthma";9,58594405990971e-05;1e-12;0,146237709657485;0,141645809046661;0,141645809046661;0,13993516059388;0,0726149260614222;-0,0120096718559622;0,277852192976046;-0,0120096718559622;0,277852192976046;100;1;0,9;TRUE;0,96;0,8;TRUE;TRUE;0,96;0,04;0
"h_Benzene_Log";"hs_asthma";9,58594405990971e-05;1e-12;0,131689806094565;0,131088727289924;0,131088727289924;0,121153797834394;0,0718571630497026;0,00291583089871603;0,265265394434017;0,00291583089871603;0,265265394434017;100;1;0,9;TRUE;0,97;0,8;TRUE;TRUE;0,97;0,03;0
"h_NO2_Log";"hs_asthma";9,58594405990971e-05;1e-12;-0,0500156773767042;-0,0492319781810789;-0,0492319781810789;-0,043901643592958;0,0772172035001065;-0,203358167864998;0,10103482244911;-0,203358167864998;0,10103482244911;100;1;0,9;TRUE;0,79;0,8;FALSE;FALSE;0,21;0,79;0
"h_PM_Log";"hs_asthma";9,58594405990971e-05;1e-12;0,022013832619348;0,0196415121324966;0,0196415121324966;0,0198669003168776;0,0716509165042815;-0,12058914987158;0,146244309113778;-0,12058914987158;0,146244309113778;100;1;0,9;TRUE;0,65;0,8;FALSE;FALSE;0,65;0,35;0
"h_TEX_Log";"hs_asthma";9,58594405990971e-05;1e-12;-0,0975972750556365;-0,0946119832103425;-0,0946119832103425;-0,0891778827516097;0,0682876760466063;-0,216839107839518;0,0305483196602135;-0,216839107839518;0,0305483196602135;100;1;0,9;TRUE;0,9;0,8;TRUE;TRUE;0,1;0,9;0
"hs_KIDMED_None";"hs_asthma";9,58594405990971e-05;1e-12;-0,148547972425449;-0,149785766992526;-0,149785766992526;-0,149040821648794;0,072086859510982;-0,290855230680961;0,00380388510934534;-0,290855230680961;0,00380388510934534;100;1;0,9;TRUE;0,96;0,8;TRUE;TRUE;0,04;0,96;0
"hs_mvpa_prd_alt_None";"hs_asthma";9,58594405990971e-05;1e-12;0,065767573070619;0,0704020907188283;0,0704020907188283;0,07233319855601;0,0794208935371568;-0,0649013628985667;0,211633142575777;-0,0649013628985667;0,211633142575777;100;1;0,9;TRUE;0,77;0,8;FALSE;FALSE;0,77;0,23;0
"hs_sd_wk_None";"hs_asthma";9,58594405990971e-05;1e-12;-0,0518510973058994;-0,0518330211297185;-0,0518330211297185;-0,0631426026350766;0,0692580759736929;-0,174054739734717;0,0936950769887323;-0,174054739734717;0,0936950769887323;100;1;0,9;TRUE;0,74;0,8;FALSE;FALSE;0,26;0,74;0
"hs_dif_hours_total_None";"hs_asthma";9,58594405990971e-05;1e-12;-0,25413467430765;-0,257148794544701;-0,257148794544701;-0,253881800411462;0,0766446524486029;-0,39102968747147;-0,118375485113556;-0,39102968747147;-0,118375485113556;100;1;0,9;TRUE;1;0,8;TRUE;TRUE;0;1;0
"hs_as_c_Log2";"hs_asthma";9,58594405990971e-05;1e-12;-0,126389091335529;-0,119959272495419;-0,119959272495419;-0,115624500011606;0,0668730707572569;-0,239006427201251;0,0105798861415019;-0,239006427201251;0,0105798861415019;100;1;0,9;TRUE;0,95;0,8;TRUE;TRUE;0,05;0,95;0
"hs_cd_c_Log2";"hs_asthma";9,58594405990971e-05;1e-12;0,0314819649859947;0,0344706445913728;0,0344706445913728;0,0371998822395102;0,0825843003917085;-0,138926476426718;0,170780596420936;-0,138926476426718;0,170780596420936;100;1;0,9;TRUE;0,65;0,8;FALSE;FALSE;0,65;0,35;0
"hs_co_c_Log2";"hs_asthma";9,58594405990971e-05;1e-12;-0,107525450521368;-0,108083850183829;-0,108083850183829;-0,11127697425728;0,0660165617378428;-0,217588389852565;0,0348178559514409;-0,217588389852565;0,0348178559514409;100;1;0,9;TRUE;0,93;0,8;TRUE;TRUE;0,07;0,93;0
"hs_cs_c_Log2";"hs_asthma";9,58594405990971e-05;1e-12;0,00928793980519747;0,0136384443782136;0,0136384443782136;0,0167299631630288;0,0791449611748522;-0,142753113731318;0,160448905806168;-0,142753113731318;0,160448905806168;100;1;0,9;TRUE;0,57;0,8;FALSE;FALSE;0,57;0,43;0
"hs_cu_c_Log2";"hs_asthma";9,58594405990971e-05;1e-12;0,000991792845307276;-0,00098359423407264;-0,00098359423407264;0,00652322140282926;0,0649636648761557;-0,109734174556722;0,129516758561201;-0,109734174556722;0,129516758561201;100;1;0,9;TRUE;0,56;0,8;FALSE;FALSE;0,56;0,44;0
"hs_hg_c_Log2";"hs_asthma";9,58594405990971e-05;1e-12;0,0134680207389916;0,00998781984520449;0,00998781984520449;0,00600785020003032;0,0671214400025052;-0,11035979045209;0,132729086091897;-0,11035979045209;0,132729086091897;100;1;0,9;TRUE;0,54;0,8;FALSE;FALSE;0,54;0,46;0
"hs_mn_c_Log2";"hs_asthma";9,58594405990971e-05;1e-12;0,189287060732212;0,186323092381846;0,186323092381846;0,175466901705763;0,0829522605581211;0,0320436531894492;0,337941888399617;0,0320436531894492;0,337941888399617;100;1;0,9;TRUE;0,98;0,8;TRUE;TRUE;0,98;0,02;0
"hs_mo_c_Log2";"hs_asthma";9,58594405990971e-05;1e-12;0,00814429109368501;0,0140861555292552;0,0140861555292552;0,00832449455077014;0,0703795260809377;-0,116400392343205;0,162179731700013;-0,116400392343205;0,162179731700013;100;1;0,9;TRUE;0,58;0,8;FALSE;FALSE;0,58;0,42;0
"hs_pb_c_Log2";"hs_asthma";9,58594405990971e-05;1e-12;-0,0866029707983792;-0,091234028917187;-0,091234028917187;-0,0988671190356865;0,0631733228919404;-0,213922835364781;0,0325174286392326;-0,213922835364781;0,0325174286392326;100;1;0,9;TRUE;0,91;0,8;TRUE;TRUE;0,09;0,91;0
"hs_hum_mt_hs_h_None";"hs_asthma";9,58594405990971e-05;1e-12;0,0426375283983486;0,0505250268903116;0,0505250268903116;0,0487644417522621;0,0691878499581412;-0,0867773586559462;0,165118017596663;-0,0867773586559462;0,165118017596663;100;1;0,9;TRUE;0,77;0,8;FALSE;FALSE;0,77;0,23;0
"hs_tm_mt_hs_h_None";"hs_asthma";9,58594405990971e-05;1e-12;0,0218181646522391;0,0227629268484166;0,0227629268484166;0,0211964276244837;0,064404660613804;-0,111820617977901;0,155078399246954;-0,111820617977901;0,155078399246954;100;1;0,9;TRUE;0,63;0,8;FALSE;FALSE;0,63;0,37;0
"hs_uvdvf_mt_hs_h_None";"hs_asthma";9,58594405990971e-05;1e-12;0,0403046066822197;0,0410853689930453;0,0410853689930453;0,0367206244065333;0,0585532492825545;-0,0677702083830943;0,143055770627086;-0,0677702083830943;0,143055770627086;100;1;0,9;TRUE;0,74;0,8;FALSE;FALSE;0,74;0,26;0
"hs_hum_dy_hs_h_None";"hs_asthma";9,58594405990971e-05;1e-12;0,13752857267666;0,13973232628056;0,13973232628056;0,136528297155307;0,0719453637784788;0,00190041759666667;0,266172109657262;0,00190041759666667;0,266172109657262;100;1;0,9;TRUE;0,97;0,8;TRUE;TRUE;0,97;0,03;0
"hs_hum_wk_hs_h_None";"hs_asthma";9,58594405990971e-05;1e-12;0,177970484105499;0,179999549719629;0,179999549719629;0,181672863540511;0,0700102398811392;0,0485834506432419;0,300889481379441;0,0485834506432419;0,300889481379441;100;1;0,9;TRUE;1;0,8;TRUE;TRUE;1;0;0
"hs_tm_dy_hs_h_None";"hs_asthma";9,58594405990971e-05;1e-12;0,00211253760865131;0,00615964593275317;0,00615964593275317;0,01073091850432;0,0679635531665538;-0,135669700563962;0,112396924905954;-0,135669700563962;0,112396924905954;100;1;0,9;TRUE;0,56;0,8;FALSE;FALSE;0,56;0,44;0
"hs_tm_wk_hs_h_None";"hs_asthma";9,58594405990971e-05;1e-12;0,0864683912245825;0,0810670197893021;0,0810670197893021;0,0837917557514571;0,0516803534009021;-0,00411324437578297;0,188027531184897;-0,00411324437578297;0,188027531184897;100;1;0,9;TRUE;0,95;0,8;TRUE;TRUE;0,95;0,05;0
"hs_uvdvf_dy_hs_h_None";"hs_asthma";9,58594405990971e-05;1e-12;-0,0708248826440127;-0,0632136307913457;-0,0632136307913457;-0,0606208432861397;0,0573690710408052;-0,162840237903914;0,0547088825769223;-0,162840237903914;0,0547088825769223;100;1;0,9;TRUE;0,87;0,8;TRUE;TRUE;0,13;0,87;0
"hs_uvdvf_wk_hs_h_None";"hs_asthma";9,58594405990971e-05;1e-12;0,0938124578923457;0,089810464111287;0,089810464111287;0,0871152951020363;0,0607865551982961;-0,0303603046029041;0,209047651279201;-0,0303603046029041;0,209047651279201;100;1;0,9;TRUE;0,95;0,8;TRUE;TRUE;0,95;0,05;0
"hs_ndvi100_h_None";"hs_asthma";9,58594405990971e-05;1e-12;-0,278727236924893;-0,274866075161573;-0,274866075161573;-0,27724461237626;0,0825619465489474;-0,425599617353397;-0,10064528599569;-0,425599617353397;-0,10064528599569;100;1;0,9;TRUE;1;0,8;TRUE;TRUE;0;1;0
"hs_ndvi100_s_None";"hs_asthma";9,58594405990971e-05;1e-12;-0,119287076597961;-0,115540118580707;-0,115540118580707;-0,123862277256076;0,069445219875882;-0,233411188386967;0,00819583539998887;-0,233411188386967;0,00819583539998887;100;1;0,9;TRUE;0,96;0,8;TRUE;TRUE;0,04;0,96;0
"hs_dde_cadj_Log2";"hs_asthma";9,58594405990971e-05;1e-12;0,146537083050708;0,147398644876852;0,147398644876852;0,158544085755432;0,0960588599455618;-0,0478564857761034;0,311406779625085;-0,0478564857761034;0,311406779625085;100;1;0,9;TRUE;0,92;0,8;TRUE;TRUE;0,92;0,08;0
"hs_ddt_cadj_Log2";"hs_asthma";9,58594405990971e-05;1e-12;0,0376277202967881;0,0440439870270953;0,0440439870270953;0,0455990591460189;0,0703621750432291;-0,0941637337265145;0,181030469828933;-0,0941637337265145;0,181030469828933;100;1;0,9;TRUE;0,76;0,8;FALSE;FALSE;0,76;0,24;0
"hs_hcb_cadj_Log2";"hs_asthma";9,58594405990971e-05;1e-12;-0,00830030970211609;-0,00754814743013926;-0,00754814743013926;-0,00772767639867124;0,065826364865665;-0,143716622280393;0,111037959524121;-0,143716622280393;0,111037959524121;100;1;0,9;TRUE;0,55;0,8;FALSE;FALSE;0,45;0,55;0
"hs_pcb118_cadj_Log2";"hs_asthma";9,58594405990971e-05;1e-12;0,0439366481846015;0,046758513956968;0,046758513956968;0,0409521676747314;0,0701406706843391;-0,0822219237708928;0,19836588589072;-0,0822219237708928;0,19836588589072;100;1;0,9;TRUE;0,78;0,8;FALSE;FALSE;0,78;0,22;0
"hs_pcb138_cadj_Log2";"hs_asthma";9,58594405990971e-05;1e-12;0,0669049353192984;0,0821728733865446;0,0821728733865446;0,0743584893147123;0,12303078297252;-0,129661082266802;0,282652893185683;-0,129661082266802;0,282652893185683;100;1;0,9;TRUE;0,69;0,8;FALSE;FALSE;0,69;0,31;0
"hs_pcb153_cadj_Log2";"hs_asthma";9,58594405990971e-05;1e-12;-0,0221862354989705;-0,0270649233232167;-0,0270649233232167;-0,0341663843875636;0,0618096124597245;-0,137391044759942;0,0994928473985111;-0,137391044759942;0,0994928473985111;100;1;0,9;TRUE;0,7;0,8;FALSE;FALSE;0,3;0,7;0
"hs_pcb170_cadj_Log2";"hs_asthma";9,58594405990971e-05;1e-12;0,145798755485666;0,146661053456711;0,146661053456711;0,1432988025885;0,0619062419368165;0,0409520589253047;0,275257472266774;0,0409520589253047;0,275257472266774;100;1;0,9;TRUE;0,99;0,8;TRUE;TRUE;0,99;0,01;0
"hs_pcb180_cadj_Log2";"hs_asthma";9,58594405990971e-05;1e-12;-0,159583815972789;-0,151789635937349;-0,151789635937349;-0,146517236769916;0,0829787714820894;-0,309027570913701;-0,00891152600340656;-0,309027570913701;-0,00891152600340656;100;1;0,9;TRUE;0,98;0,8;TRUE;TRUE;0,02;0,98;0
"hs_sumPCBs5_cadj_Log2";"hs_asthma";9,58594405990971e-05;1e-12;0,00358572414196134;-0,0017184934741879;-0,0017184934741879;-0,00219102292933807;0,0667618493225328;-0,129435472740662;0,132834351237894;-0,129435472740662;0,132834351237894;100;1;0,9;TRUE;0,49;0,8;FALSE;FALSE;0,49;0,51;0
"hs_pfhxs_c_Log2";"hs_asthma";9,58594405990971e-05;1e-12;-0,0156820358363658;-0,0125287045719736;-0,0125287045719736;-0,017139619952987;0,0774072400255577;-0,172210681214679;0,132507455199023;-0,172210681214679;0,132507455199023;100;1;0,9;TRUE;0,61;0,8;FALSE;FALSE;0,39;0,61;0
"hs_pfna_c_Log2";"hs_asthma";9,58594405990971e-05;1e-12;0,112289362905276;0,111989290749734;0,111989290749734;0,123772538935607;0,0693052991651523;-0,0280605486484918;0,229744879618544;-0,0280605486484918;0,229744879618544;100;1;0,9;TRUE;0,93;0,8;TRUE;TRUE;0,93;0,07;0
"hs_pfoa_c_Log2";"hs_asthma";9,58594405990971e-05;1e-12;-0,0956949197239469;-0,0959443318206554;-0,0959443318206554;-0,10587336449976;0,0837575694237805;-0,241694887729386;0,0648310878766148;-0,241694887729386;0,0648310878766148;100;1;0,9;TRUE;0,87;0,8;TRUE;TRUE;0,13;0,87;0
"hs_pfos_c_Log2";"hs_asthma";9,58594405990971e-05;1e-12;-0,0402528569533069;-0,0394823491581501;-0,0394823491581501;-0,050442275502046;0,0674718445611329;-0,156198260252068;0,0864060314302453;-0,156198260252068;0,0864060314302453;100;1;0,9;TRUE;0,72;0,8;FALSE;FALSE;0,28;0,72;0
"hs_pfunda_c_Log2";"hs_asthma";9,58594405990971e-05;1e-12;0,0878148418542241;0,0877173243310995;0,0877173243310995;0,0880017603356563;0,0656258005496516;-0,051844283800781;0,208625583186864;-0,051844283800781;0,208625583186864;100;1;0,9;TRUE;0,92;0,8;TRUE;TRUE;0,92;0,08;0
"hs_hm_pers_None";"hs_asthma";9,58594405990971e-05;1e-12;-0,149327010343728;-0,150546604132718;-0,150546604132718;-0,149886338657433;0,067546759186198;-0,270269350928683;-0,0255231891626077;-0,270269350928683;-0,0255231891626077;100;1;0,9;TRUE;1;0,8;TRUE;TRUE;0;1;0
"hs_trafload_h_pow1over3";"hs_asthma";9,58594405990971e-05;1e-12;0,0195112251614187;0,0250082290408225;0,0250082290408225;0,0237514093354422;0,0724869668970395;-0,109880020340453;0,184448879697933;-0,109880020340453;0,184448879697933;100;1;0,9;TRUE;0,6;0,8;FALSE;FALSE;0,6;0,4;0
"hs_trafnear_h_pow1over3";"hs_asthma";9,58594405990971e-05;1e-12;-0,000997366765498517;0,00485032920272069;0,00485032920272069;0,0130546815740875;0,0697745339948327;-0,137079576262575;0,143862594901172;-0,137079576262575;0,143862594901172;100;1;0,9;TRUE;0,47;0,8;FALSE;FALSE;0,53;0,47;0
"FAS_cat_None_Low";"hs_asthma";9,58594405990971e-05;1e-12;-0,10501431715222;-0,107567732283681;-0,107567732283681;-0,128218398417765;0,208984902259472;-0,486001817938602;0,259919828295332;-0,486001817938602;0,259919828295332;100;1;0,9;TRUE;0,72;0,8;FALSE;FALSE;0,28;0,72;0
"FAS_cat_None_Middle";"hs_asthma";9,58594405990971e-05;1e-12;-0,205162950663241;-0,210883871190745;-0,210883871190745;-0,206077359829461;0,16841071200637;-0,488007851263115;0,19146459762509;-0,488007851263115;0,19146459762509;100;1;0,9;TRUE;0,91;0,8;TRUE;TRUE;0,09;0,91;0
"hs_globalexp2_None_no exposure";"hs_asthma";9,58594405990971e-05;1e-12;-0,110671526418528;-0,121807304039473;-0,121807304039473;-0,138679344680559;0,174664933676565;-0,413348521343088;0,247043673777635;-0,413348521343088;0,247043673777635;100;1;0,9;TRUE;0,76;0,8;FALSE;FALSE;0,24;0,76;0
"hs_no2_dy_hs_h_Log";"hs_zbmi_who";9,58594405990971e-05;1e-12;0,0111376745232373;0,0113116094542881;0,0113116094542881;0,0116278680491148;0,00652095931998136;-0,00129426159740784;0,0228964742759299;-0,00129426159740784;0,0228964742759299;100;1;0,9;TRUE;0,95;0,8;TRUE;TRUE;0,95;0,05;0
"hs_no2_wk_hs_h_Log";"hs_zbmi_who";9,58594405990971e-05;1e-12;0,0249596635231675;0,0252693284869561;0,0252693284869561;0,0255125245014989;0,00649990122487913;0,0130560734496889;0,0377501472724692;0,0130560734496889;0,0377501472724692;100;1;0,9;TRUE;1;0,8;TRUE;TRUE;1;0;0
"hs_no2_yr_hs_h_Log";"hs_zbmi_who";9,58594405990971e-05;1e-12;0,0528710745072618;0,05118448305686;0,05118448305686;0,051886450506569;0,00702293788415554;0,0376973503367536;0,0654499622426285;0,0376973503367536;0,0654499622426285;100;1;0,9;TRUE;1;0,8;TRUE;TRUE;1;0;0
"hs_pm10_dy_hs_h_None";"hs_zbmi_who";9,58594405990971e-05;1e-12;0,00663961386051999;0,00602114446353655;0,00602114446353655;0,00669844187484682;0,00603511032291807;-0,00551513008839396;0,0169095486903924;-0,00551513008839396;0,0169095486903924;100;1;0,9;TRUE;0,82;0,8;TRUE;TRUE;0,82;0,18;0
"hs_pm10_wk_hs_h_None";"hs_zbmi_who";9,58594405990971e-05;1e-12;-0,0151358141713107;-0,0137159399238457;-0,0137159399238457;-0,0144837735771409;0,00498842489516686;-0,022128611082971;-0,00372366113594956;-0,022128611082971;-0,00372366113594956;100;1;0,9;TRUE;1;0,8;TRUE;TRUE;0;1;0
"hs_pm10_yr_hs_h_None";"hs_zbmi_who";9,58594405990971e-05;1e-12;-0,0317643541368214;-0,0299068812579225;-0,0299068812579225;-0,0297525822724018;0,0066009596330984;-0,0426269348626584;-0,0166416905180117;-0,0426269348626584;-0,0166416905180117;100;1;0,9;TRUE;1;0,8;TRUE;TRUE;0;1;0
"hs_pm25_dy_hs_h_None";"hs_zbmi_who";9,58594405990971e-05;1e-12;0,00141927472723512;0,000537024437761742;0,000537024437761742;0,000656140477925484;0,006910085810918;-0,0148494579560315;0,0130173711426167;-0,0148494579560315;0,0130173711426167;100;1;0,9;TRUE;0,53;0,8;FALSE;FALSE;0,53;0,47;0
"hs_pm25_wk_hs_h_None";"hs_zbmi_who";9,58594405990971e-05;1e-12;-0,0100211029209296;-0,0106431410365946;-0,0106431410365946;-0,00976451382933696;0,00911262193559357;-0,0286750253131622;0,0065618414719764;-0,0286750253131622;0,0065618414719764;100;1;0,9;TRUE;0,9;0,8;TRUE;TRUE;0,1;0,9;0
"hs_pm25_yr_hs_h_None";"hs_zbmi_who";9,58594405990971e-05;1e-12;0,0188796302557858;0,0186013265283988;0,0186013265283988;0,0183247966096421;0,00770700585737494;0,00494278690441616;0,0328125007293577;0,00494278690441616;0,0328125007293577;100;1;0,9;TRUE;1;0,8;TRUE;TRUE;1;0;0
"hs_pm25abs_dy_hs_h_Log";"hs_zbmi_who";9,58594405990971e-05;1e-12;-0,00168941967614639;-0,00119978589113019;-0,00119978589113019;-0,00151837742609294;0,00472474551910366;-0,0096882859706032;0,00873647795584241;-0,0096882859706032;0,00873647795584241;100;1;0,9;TRUE;0,65;0,8;FALSE;FALSE;0,35;0,65;0
"hs_pm25abs_wk_hs_h_Log";"hs_zbmi_who";9,58594405990971e-05;1e-12;-0,00762248232622319;-0,00791566611436555;-0,00791566611436555;-0,0081552862330029;0,00542250100293879;-0,0181127729068847;0,00258392114477858;-0,0181127729068847;0,00258392114477858;100;1;0,9;TRUE;0,92;0,8;TRUE;TRUE;0,08;0,92;0
"hs_pm25abs_yr_hs_h_Log";"hs_zbmi_who";9,58594405990971e-05;1e-12;-0,00818805195360928;-0,00823150013520438;-0,00823150013520438;-0,00767000036241259;0,0065875262014828;-0,0208068763983595;0,00450686510729826;-0,0208068763983595;0,00450686510729826;100;1;0,9;TRUE;0,87;0,8;TRUE;TRUE;0,13;0,87;0
"hs_accesslines300_h_dic0";"hs_zbmi_who";9,58594405990971e-05;1e-12;-0,0465099547738808;-0,0441161907318084;-0,0441161907318084;-0,0458812451252906;0,0166741445764025;-0,0729382797794086;-0,0120076176872146;-0,0729382797794086;-0,0120076176872146;100;1;0,9;TRUE;1;0,8;TRUE;TRUE;0;1;0
"hs_accesspoints300_h_Log";"hs_zbmi_who";9,58594405990971e-05;1e-12;-0,00343013880085812;-0,00355468915512432;-0,00355468915512432;-0,00342436213350342;0,00563678976649179;-0,0151172864017831;0,0057446275185148;-0,0151172864017831;0,0057446275185148;100;1;0,9;TRUE;0,74;0,8;FALSE;FALSE;0,26;0,74;0
"hs_builtdens300_h_Sqrt";"hs_zbmi_who";9,58594405990971e-05;1e-12;-0,0044929542854678;-0,00488730045428963;-0,00488730045428963;-0,00438273537820109;0,00665434677787704;-0,0169351883310857;0,00724340606374678;-0,0169351883310857;0,00724340606374678;100;1;0,9;TRUE;0,76;0,8;FALSE;FALSE;0,24;0,76;0
"hs_connind300_h_Log";"hs_zbmi_who";9,58594405990971e-05;1e-12;0,0132860100167343;0,0126505231595125;0,0126505231595125;0,0119367678458499;0,00571269356461294;0,00188167294724966;0,0259229479023892;0,00188167294724966;0,0259229479023892;100;1;0,9;TRUE;0,98;0,8;TRUE;TRUE;0,98;0,02;0
"hs_fdensity300_h_Log";"hs_zbmi_who";9,58594405990971e-05;1e-12;0,00595017803303024;0,00710546140303104;0,00710546140303104;0,00580554891666607;0,00802944008044587;-0,0069982570228475;0,0229437769323488;-0,0069982570228475;0,0229437769323488;100;1;0,9;TRUE;0,78;0,8;FALSE;FALSE;0,78;0,22;0
"hs_landuseshan300_h_None";"hs_zbmi_who";9,58594405990971e-05;1e-12;-0,00181757387013689;-0,000961770679650828;-0,000961770679650828;-0,00126434385589911;0,00488979389896754;-0,00947588095030229;0,00852536607122944;-0,00947588095030229;0,00852536607122944;100;1;0,9;TRUE;0,58;0,8;FALSE;FALSE;0,42;0,58;0
"hs_popdens_h_Sqrt";"hs_zbmi_who";9,58594405990971e-05;1e-12;5,92279503320545e-06;0,000230197666369515;0,000230197666369515;0,000983003134976847;0,00569790515596377;-0,0123602641615861;0,0104800978351355;-0,0123602641615861;0,0104800978351355;100;1;0,9;TRUE;0,56;0,8;FALSE;FALSE;0,56;0,44;0
"hs_walkability_mean_h_None";"hs_zbmi_who";9,58594405990971e-05;1e-12;-0,00745612020427084;-0,00744324161001809;-0,00744324161001809;-0,0079506566225447;0,00605699701075013;-0,0191681866532029;0,00305918584501398;-0,0191681866532029;0,00305918584501398;100;1;0,9;TRUE;0,89;0,8;TRUE;TRUE;0,11;0,89;0
"hs_accesslines300_s_dic0";"hs_zbmi_who";9,58594405990971e-05;1e-12;0,0209110444959694;0,0188133735880089;0,0188133735880089;0,0203140617359951;0,0143313872198126;-0,00786520071617063;0,0449619529708608;-0,00786520071617063;0,0449619529708608;100;1;0,9;TRUE;0,88;0,8;TRUE;TRUE;0,88;0,12;0
"hs_accesspoints300_s_Log";"hs_zbmi_who";9,58594405990971e-05;1e-12;-0,00323070298410731;-0,00254795046262989;-0,00254795046262989;-0,00264364740172343;0,00560093427078108;-0,0116050911124538;0,00719892497109135;-0,0116050911124538;0,00719892497109135;100;1;0,9;TRUE;0,64;0,8;FALSE;FALSE;0,36;0,64;0
"hs_builtdens300_s_Sqrt";"hs_zbmi_who";9,58594405990971e-05;1e-12;-0,00805376760304951;-0,00861666811664922;-0,00861666811664922;-0,00836818136155096;0,00579336382315887;-0,0202873219369751;0,002326769950999;-0,0202873219369751;0,002326769950999;100;1;0,9;TRUE;0,94;0,8;TRUE;TRUE;0,06;0,94;0
"hs_connind300_s_Log";"hs_zbmi_who";9,58594405990971e-05;1e-12;0,00480852602700294;0,00520152130769466;0,00520152130769466;0,00513453582211126;0,00541265324457481;-0,00503217732855078;0,0145384053124319;-0,00503217732855078;0,0145384053124319;100;1;0,9;TRUE;0,84;0,8;TRUE;TRUE;0,84;0,16;0
"hs_fdensity300_s_Log";"hs_zbmi_who";9,58594405990971e-05;1e-12;0,00573538178554217;0,00521191052508373;0,00521191052508373;0,00448577038445222;0,00615820681042512;-0,00689492784458576;0,0151287208322795;-0,00689492784458576;0,0151287208322795;100;1;0,9;TRUE;0,83;0,8;TRUE;TRUE;0,83;0,17;0
"hs_landuseshan300_s_None";"hs_zbmi_who";9,58594405990971e-05;1e-12;0,00029638086422593;0,000155217699564076;0,000155217699564076;-0,00023427676162782;0,00407880314949293;-0,00710173951714931;0,00840919287031245;-0,00710173951714931;0,00840919287031245;100;1;0,9;TRUE;0,49;0,8;FALSE;FALSE;0,49;0,51;0
"hs_popdens_s_Sqrt";"hs_zbmi_who";9,58594405990971e-05;1e-12;-0,00552561807607141;-0,00517432212771356;-0,00517432212771356;-0,00541023927398722;0,00534084658064349;-0,0146672182712058;0,00493697293752672;-0,0146672182712058;0,00493697293752672;100;1;0,9;TRUE;0,8;0,8;TRUE;TRUE;0,2;0,8;0
"h_Absorbance_Log";"hs_zbmi_who";9,58594405990971e-05;1e-12;-0,00106572322049345;-0,00046354769978992;-0,00046354769978992;-0,000399033205819126;0,00582302689577209;-0,0124439506767155;0,00978495393492493;-0,0124439506767155;0,00978495393492493;100;1;0,9;TRUE;0,55;0,8;FALSE;FALSE;0,45;0,55;0
"h_Benzene_Log";"hs_zbmi_who";9,58594405990971e-05;1e-12;-0,000520973876721805;-0,0014167260248625;-0,0014167260248625;-0,00156602761439039;0,005847989887836;-0,0128254448662845;0,00986240786967358;-0,0128254448662845;0,00986240786967358;100;1;0,9;TRUE;0,62;0,8;FALSE;FALSE;0,38;0,62;0
"h_NO2_Log";"hs_zbmi_who";9,58594405990971e-05;1e-12;0,0134949528885079;0,0126138821129931;0,0126138821129931;0,0132197454754861;0,00549501698852854;0,00189516942911563;0,020425057183332;0,00189516942911563;0,020425057183332;100;1;0,9;TRUE;0,98;0,8;TRUE;TRUE;0,98;0,02;0
"h_PM_Log";"hs_zbmi_who";9,58594405990971e-05;1e-12;0,0116700030766032;0,0111911175127998;0,0111911175127998;0,0111680860809982;0,00488234315385931;0,00242932988520085;0,0197425590266256;0,00242932988520085;0,0197425590266256;100;1;0,9;TRUE;0,98;0,8;TRUE;TRUE;0,98;0,02;0
"h_TEX_Log";"hs_zbmi_who";9,58594405990971e-05;1e-12;0,0044769723758213;0,00434106874201574;0,00434106874201574;0,00450875421578403;0,00504056304468115;-0,0056546759914967;0,0129539621518873;-0,0056546759914967;0,0129539621518873;100;1;0,9;TRUE;0,78;0,8;FALSE;FALSE;0,78;0,22;0
"hs_KIDMED_None";"hs_zbmi_who";9,58594405990971e-05;1e-12;0,00989081062022637;0,00984566797068229;0,00984566797068229;0,0106879459266119;0,00497220084341338;0,00111817867380997;0,0201875121668698;0,00111817867380997;0,0201875121668698;100;1;0,9;TRUE;0,99;0,8;TRUE;TRUE;0,99;0,01;0
"hs_mvpa_prd_alt_None";"hs_zbmi_who";9,58594405990971e-05;1e-12;-0,00289696025064861;-0,00240970808703925;-0,00240970808703925;-0,00273877401061681;0,00618637559407063;-0,013885205796273;0,0085933791081371;-0,013885205796273;0,0085933791081371;100;1;0,9;TRUE;0,66;0,8;FALSE;FALSE;0,34;0,66;0
"hs_sd_wk_None";"hs_zbmi_who";9,58594405990971e-05;1e-12;0,00113232241476318;0,000546869326588624;0,000546869326588624;0,000797333586107457;0,00551316287349547;-0,00948304521389125;0,0110860733900289;-0,00948304521389125;0,0110860733900289;100;1;0,9;TRUE;0,55;0,8;FALSE;FALSE;0,55;0,45;0
"hs_dif_hours_total_None";"hs_zbmi_who";9,58594405990971e-05;1e-12;-0,00535320951064798;-0,00518966970292333;-0,00518966970292333;-0,00515830420498279;0,00486779696475723;-0,0147176130667111;0,00518739518336481;-0,0147176130667111;0,00518739518336481;100;1;0,9;TRUE;0,86;0,8;TRUE;TRUE;0,14;0,86;0
"hs_as_c_Log2";"hs_zbmi_who";9,58594405990971e-05;1e-12;-0,00142112709792959;-0,00129041852379147;-0,00129041852379147;-0,000507808058968413;0,00514626754424607;-0,0106638051197572;0,00761179374424102;-0,0106638051197572;0,00761179374424102;100;1;0,9;TRUE;0,55;0,8;FALSE;FALSE;0,45;0,55;0
"hs_cd_c_Log2";"hs_zbmi_who";9,58594405990971e-05;1e-12;0,00248142659414739;0,00221900276438435;0,00221900276438435;0,0021789359709956;0,00479384576139323;-0,00871147336065224;0,0102549672238947;-0,00871147336065224;0,0102549672238947;100;1;0,9;TRUE;0,71;0,8;FALSE;FALSE;0,71;0,29;0
"hs_co_c_Log2";"hs_zbmi_who";9,58594405990971e-05;1e-12;-0,00789733146784756;-0,00745309850234623;-0,00745309850234623;-0,00822857872719207;0,00416582018831398;-0,0138510330045172;0,000326513819335559;-0,0138510330045172;0,000326513819335559;100;1;0,9;TRUE;0,96;0,8;TRUE;TRUE;0,04;0,96;0
"hs_cs_c_Log2";"hs_zbmi_who";9,58594405990971e-05;1e-12;0,0110402872310096;0,00994168388878034;0,00994168388878034;0,0103088099487636;0,00547637461478108;-0,00043084008190878;0,0194399592543866;-0,00043084008190878;0,0194399592543866;100;1;0,9;TRUE;0,96;0,8;TRUE;TRUE;0,96;0,04;0
"hs_cu_c_Log2";"hs_zbmi_who";9,58594405990971e-05;1e-12;0,0136455655463094;0,0129516533795883;0,0129516533795883;0,0129946167632395;0,00501767976311386;0,00351567583071348;0,022169994819133;0,00351567583071348;0,022169994819133;100;1;0,9;TRUE;1;0,8;TRUE;TRUE;1;0;0
"hs_hg_c_Log2";"hs_zbmi_who";9,58594405990971e-05;1e-12;-0,00637181475488487;-0,00621581552147922;-0,00621581552147922;-0,00602498714032898;0,00543637800335086;-0,0160400673521063;0,00366437713276433;-0,0160400673521063;0,00366437713276433;100;1;0,9;TRUE;0,88;0,8;TRUE;TRUE;0,12;0,88;0
"hs_mn_c_Log2";"hs_zbmi_who";9,58594405990971e-05;1e-12;-0,00701172647382674;-0,00645280512760236;-0,00645280512760236;-0,00691175551110815;0,00410778256701834;-0,0139008754997421;0,000898736777822537;-0,0139008754997421;0,000898736777822537;100;1;0,9;TRUE;0,93;0,8;TRUE;TRUE;0,07;0,93;0
"hs_mo_c_Log2";"hs_zbmi_who";9,58594405990971e-05;1e-12;-0,00868213744728754;-0,00818155709231221;-0,00818155709231221;-0,00844016472482454;0,00380636383450808;-0,0150041119133136;0,000289100255968317;-0,0150041119133136;0,000289100255968317;100;1;0,9;TRUE;0,97;0,8;TRUE;TRUE;0,03;0,97;0
"hs_pb_c_Log2";"hs_zbmi_who";9,58594405990971e-05;1e-12;0,00110583140136026;0,00105258345763765;0,00105258345763765;0,00108113489544601;0,00420831953646821;-0,00663939630142281;0,00951680714654115;-0,00663939630142281;0,00951680714654115;100;1;0,9;TRUE;0,57;0,8;FALSE;FALSE;0,57;0,43;0
"hs_hum_mt_hs_h_None";"hs_zbmi_who";9,58594405990971e-05;1e-12;-0,00474139064081752;-0,00578252642748601;-0,00578252642748601;-0,00497140743018251;0,00686220307828959;-0,0185565596449946;0,00669695679002474;-0,0185565596449946;0,00669695679002474;100;1;0,9;TRUE;0,82;0,8;TRUE;TRUE;0,18;0,82;0
"hs_tm_mt_hs_h_None";"hs_zbmi_who";9,58594405990971e-05;1e-12;9,16342793873405e-05;-0,000133553214836912;-0,000133553214836912;0,000387335817276498;0,00700685406376481;-0,0133515390560939;0,014130420272248;-0,0133515390560939;0,014130420272248;100;1;0,9;TRUE;0,53;0,8;FALSE;FALSE;0,53;0,47;0
"hs_uvdvf_mt_hs_h_None";"hs_zbmi_who";9,58594405990971e-05;1e-12;-0,00292964397293674;-0,00259080980066548;-0,00259080980066548;-0,00308951588887256;0,00574704559880288;-0,0126737166550194;0,00721769489415934;-0,0126737166550194;0,00721769489415934;100;1;0,9;TRUE;0,69;0,8;FALSE;FALSE;0,31;0,69;0
"hs_hum_dy_hs_h_None";"hs_zbmi_who";9,58594405990971e-05;1e-12;-0,00634678041933313;-0,00552108975063503;-0,00552108975063503;-0,00590140806682154;0,00499921979534565;-0,0150037530625764;0,0037338428044497;-0,0150037530625764;0,0037338428044497;100;1;0,9;TRUE;0,84;0,8;TRUE;TRUE;0,16;0,84;0
"hs_hum_wk_hs_h_None";"hs_zbmi_who";9,58594405990971e-05;1e-12;-0,0130334220027133;-0,0127708929627946;-0,0127708929627946;-0,0122665918836285;0,00686884461618998;-0,0259967210081652;-0,00187860635818352;-0,0259967210081652;-0,00187860635818352;100;1;0,9;TRUE;0,99;0,8;TRUE;TRUE;0,01;0,99;0
"hs_tm_dy_hs_h_None";"hs_zbmi_who";9,58594405990971e-05;1e-12;-0,0104710731888806;-0,00997487736927771;-0,00997487736927771;-0,0103570299875663;0,00588643560490771;-0,0203077758760235;0,00283820922689696;-0,0203077758760235;0,00283820922689696;100;1;0,9;TRUE;0,94;0,8;TRUE;TRUE;0,06;0,94;0
"hs_tm_wk_hs_h_None";"hs_zbmi_who";9,58594405990971e-05;1e-12;-0,00298957909332006;-0,00209489480350212;-0,00209489480350212;-0,00273439852267102;0,00652470878196032;-0,0131716237984544;0,0109425444375682;-0,0131716237984544;0,0109425444375682;100;1;0,9;TRUE;0,63;0,8;FALSE;FALSE;0,37;0,63;0
"hs_uvdvf_dy_hs_h_None";"hs_zbmi_who";9,58594405990971e-05;1e-12;0,00418270137040724;0,0034897965903212;0,0034897965903212;0,00291394141854262;0,00674096055096552;-0,00893867558791022;0,0166096984535247;-0,00893867558791022;0,0166096984535247;100;1;0,9;TRUE;0,68;0,8;FALSE;FALSE;0,68;0,32;0
"hs_uvdvf_wk_hs_h_None";"hs_zbmi_who";9,58594405990971e-05;1e-12;-0,0177545968394971;-0,0177333021193887;-0,0177333021193887;-0,0178383698397201;0,00632750342899302;-0,0296211103099925;-0,00671409520415068;-0,0296211103099925;-0,00671409520415068;100;1;0,9;TRUE;1;0,8;TRUE;TRUE;0;1;0
"hs_ndvi100_h_None";"hs_zbmi_who";9,58594405990971e-05;1e-12;0,0118956597750864;0,0118679716528204;0,0118679716528204;0,0119626935858276;0,00654948457517515;-0,00032500310427451;0,0239729207483011;-0,00032500310427451;0,0239729207483011;100;1;0,9;TRUE;0,95;0,8;TRUE;TRUE;0,95;0,05;0
"hs_ndvi100_s_None";"hs_zbmi_who";9,58594405990971e-05;1e-12;0,00969258590275927;0,009146909247903;0,009146909247903;0,00894748717891385;0,00672756160119015;-0,00268018185269503;0,0216808649192777;-0,00268018185269503;0,0216808649192777;100;1;0,9;TRUE;0,91;0,8;TRUE;TRUE;0,91;0,09;0
"hs_dde_cadj_Log2";"hs_zbmi_who";9,58594405990971e-05;1e-12;-0,0214311576387392;-0,0201055615032644;-0,0201055615032644;-0,0198500450556756;0,00610534281947249;-0,0320454230339345;-0,00896985221001626;-0,0320454230339345;-0,00896985221001626;100;1;0,9;TRUE;1;0,8;TRUE;TRUE;0;1;0
"hs_ddt_cadj_Log2";"hs_zbmi_who";9,58594405990971e-05;1e-12;-0,011035630329967;-0,0104953661038572;-0,0104953661038572;-0,0102073588598441;0,00446937704355766;-0,0183778884793895;-0,00129832793645439;-0,0183778884793895;-0,00129832793645439;100;1;0,9;TRUE;0,98;0,8;TRUE;TRUE;0,02;0,98;0
"hs_hcb_cadj_Log2";"hs_zbmi_who";9,58594405990971e-05;1e-12;-0,0287850258232369;-0,028344659754654;-0,028344659754654;-0,0283903584005391;0,0073213850392074;-0,0422075995894651;-0,0154828434219737;-0,0422075995894651;-0,0154828434219737;100;1;0,9;TRUE;1;0,8;TRUE;TRUE;0;1;0
"hs_pcb118_cadj_Log2";"hs_zbmi_who";9,58594405990971e-05;1e-12;0,0040006336098784;0,00327452867023772;0,00327452867023772;0,00304602975292183;0,00588984991046843;-0,00761041555584365;0,0153509391145398;-0,00761041555584365;0,0153509391145398;100;1;0,9;TRUE;0,73;0,8;FALSE;FALSE;0,73;0,27;0
"hs_pcb138_cadj_Log2";"hs_zbmi_who";9,58594405990971e-05;1e-12;0,00595500347688341;0,00351433864278874;0,00351433864278874;0,00489106611521618;0,0112652326299325;-0,0220320132231914;0,0230165986094245;-0,0220320132231914;0,0230165986094245;100;1;0,9;TRUE;0,68;0,8;FALSE;FALSE;0,68;0,32;0
"hs_pcb153_cadj_Log2";"hs_zbmi_who";9,58594405990971e-05;1e-12;-0,00372365964656031;-0,00395940373946877;-0,00395940373946877;-0,00389841303738921;0,00676232381767949;-0,0163157539987727;0,00871406975132083;-0,0163157539987727;0,00871406975132083;100;1;0,9;TRUE;0,72;0,8;FALSE;FALSE;0,28;0,72;0
"hs_pcb170_cadj_Log2";"hs_zbmi_who";9,58594405990971e-05;1e-12;-0,0223912994726916;-0,0207933503333339;-0,0207933503333339;-0,0206182049638164;0,0062154145309989;-0,0323226273706238;-0,00835537111132241;-0,0323226273706238;-0,00835537111132241;100;1;0,9;TRUE;1;0,8;TRUE;TRUE;0;1;0
"hs_pcb180_cadj_Log2";"hs_zbmi_who";9,58594405990971e-05;1e-12;-0,0035449523326927;-0,00308140104015103;-0,00308140104015103;-0,00328536515720157;0,00691577711168764;-0,0171443877662562;0,0102163624610374;-0,0171443877662562;0,0102163624610374;100;1;0,9;TRUE;0,69;0,8;FALSE;FALSE;0,31;0,69;0
"hs_sumPCBs5_cadj_Log2";"hs_zbmi_who";9,58594405990971e-05;1e-12;-0,0213792786374056;-0,0200218353181192;-0,0200218353181192;-0,0197989812037672;0,00728868519778265;-0,0351144058107465;-0,00616947481532917;-0,0351144058107465;-0,00616947481532917;100;1;0,9;TRUE;1;0,8;TRUE;TRUE;0;1;0
"hs_pfhxs_c_Log2";"hs_zbmi_who";9,58594405990971e-05;1e-12;0,0137733972571825;0,0134499391763836;0,0134499391763836;0,0136403416341118;0,00563649451781967;0,00345654879730425;0,0250368032204613;0,00345654879730425;0,0250368032204613;100;1;0,9;TRUE;0,99;0,8;TRUE;TRUE;0,99;0,01;0
"hs_pfna_c_Log2";"hs_zbmi_who";9,58594405990971e-05;1e-12;-0,00355283834853818;-0,00415889099975173;-0,00415889099975173;-0,00384807584196024;0,00667182166659356;-0,0174730004463224;0,00659212882514758;-0,0174730004463224;0,00659212882514758;100;1;0,9;TRUE;0,69;0,8;FALSE;FALSE;0,31;0,69;0
"hs_pfoa_c_Log2";"hs_zbmi_who";9,58594405990971e-05;1e-12;0,00505676493790758;0,00525192537750023;0,00525192537750023;0,00551637885765103;0,0052154326031527;-0,00462865089495403;0,0140391952356475;-0,00462865089495403;0,0140391952356475;100;1;0,9;TRUE;0,83;0,8;TRUE;TRUE;0,83;0,17;0
"hs_pfos_c_Log2";"hs_zbmi_who";9,58594405990971e-05;1e-12;-0,00799170367981425;-0,00680363788099654;-0,00680363788099654;-0,00648824641279877;0,00567881263135596;-0,0176825471181228;0,0043175411620819;-0,0176825471181228;0,0043175411620819;100;1;0,9;TRUE;0,9;0,8;TRUE;TRUE;0,1;0,9;0
"hs_pfunda_c_Log2";"hs_zbmi_who";9,58594405990971e-05;1e-12;0,00172614761006644;0,00182488994439285;0,00182488994439285;0,00220394769906047;0,00487935575765206;-0,00835038758228786;0,0114554549423756;-0,00835038758228786;0,0114554549423756;100;1;0,9;TRUE;0,65;0,8;FALSE;FALSE;0,65;0,35;0
"hs_hm_pers_None";"hs_zbmi_who";9,58594405990971e-05;1e-12;-0,000619444572151723;-0,00112731936810921;-0,00112731936810921;-0,000949598447665359;0,00489908966500114;-0,0102336169400102;0,00713855190617159;-0,0102336169400102;0,00713855190617159;100;1;0,9;TRUE;0,59;0,8;FALSE;FALSE;0,41;0,59;0
"hs_trafload_h_pow1over3";"hs_zbmi_who";9,58594405990971e-05;1e-12;-0,00373421363111423;-0,00372850374051627;-0,00372850374051627;-0,00401075359418541;0,00564775011451461;-0,0154065970529853;0,00614954517380881;-0,0154065970529853;0,00614954517380881;100;1;0,9;TRUE;0,74;0,8;FALSE;FALSE;0,26;0,74;0
"hs_trafnear_h_pow1over3";"hs_zbmi_who";9,58594405990971e-05;1e-12;-0,00419348311319195;-0,00493124655235068;-0,00493124655235068;-0,00507493314794947;0,00556088909472008;-0,0154811847165628;0,00550621182329294;-0,0154811847165628;0,00550621182329294;100;1;0,9;TRUE;0,83;0,8;TRUE;TRUE;0,17;0,83;0
"FAS_cat_None_Low";"hs_zbmi_who";9,58594405990971e-05;1e-12;0,0187035384157155;0,0194139123376931;0,0194139123376931;0,0208157535086227;0,0138252225284089;-0,00804661582794938;0,0444714384694927;-0,00804661582794938;0,0444714384694927;100;1;0,9;TRUE;0,89;0,8;TRUE;TRUE;0,89;0,11;0
"FAS_cat_None_Middle";"hs_zbmi_who";9,58594405990971e-05;1e-12;0,0237679786433788;0,0231156914206837;0,0231156914206837;0,0229277460974953;0,0105510722769902;0,00350519957768109;0,0412443119538767;0,00350519957768109;0,0412443119538767;100;1;0,9;TRUE;0,99;0,8;TRUE;TRUE;0,99;0,01;0
"hs_globalexp2_None_no exposure";"hs_zbmi_who";9,58594405990971e-05;1e-12;0,0329050328954535;0,0325948847742635;0,0325948847742635;0,0327144604491375;0,00905878588553643;0,0172596107765756;0,0497611035197218;0,0172596107765756;0,0497611035197218;100;1;0,9;TRUE;1;0,8;TRUE;TRUE;1;0;0
"hs_no2_dy_hs_h_Log";"hs_correct_raven";9,58594405990971e-05;1e-12;-0,000125440570033523;0,000580125397957988;0,000580125397957988;0,000350294258251325;0,00870878398289368;-0,0167762366225704;0,0170186829479297;-0,0167762366225704;0,0170186829479297;100;1;0,9;TRUE;0,49;0,8;FALSE;FALSE;0,51;0,49;0
"hs_no2_wk_hs_h_Log";"hs_correct_raven";9,58594405990971e-05;1e-12;0,0144950925368597;0,0149657475545482;0,0149657475545482;0,014867613387542;0,00810558448278999;0,00154378810467119;0,0317177593593444;0,00154378810467119;0,0317177593593444;100;1;0,9;TRUE;0,98;0,8;TRUE;TRUE;0,98;0,02;0
"hs_no2_yr_hs_h_Log";"hs_correct_raven";9,58594405990971e-05;1e-12;0,0559485562635231;0,0545422475507187;0,0545422475507187;0,0541626709210268;0,00892710326384582;0,0404459855899774;0,0743134418235161;0,0404459855899774;0,0743134418235161;100;1;0,9;TRUE;1;0,8;TRUE;TRUE;1;0;0
"hs_pm10_dy_hs_h_None";"hs_correct_raven";9,58594405990971e-05;1e-12;-0,0186861931867158;-0,019017090334343;-0,019017090334343;-0,0188887098588054;0,00816985085654024;-0,0364060518486831;-0,00419819782804912;-0,0364060518486831;-0,00419819782804912;100;1;0,9;TRUE;1;0,8;TRUE;TRUE;0;1;0
"hs_pm10_wk_hs_h_None";"hs_correct_raven";9,58594405990971e-05;1e-12;-0,00114217742520722;-0,00107201512559471;-0,00107201512559471;-0,0012444902527674;0,00897849966960708;-0,0181549693598619;0,0176212149799207;-0,0181549693598619;0,0176212149799207;100;1;0,9;TRUE;0,56;0,8;FALSE;FALSE;0,44;0,56;0
"hs_pm10_yr_hs_h_None";"hs_correct_raven";9,58594405990971e-05;1e-12;-0,0199187774335694;-0,0204911938884981;-0,0204911938884981;-0,0194704906459628;0,00922167285666149;-0,0376210061428747;-0,0019414113258549;-0,0376210061428747;-0,0019414113258549;100;1;0,9;TRUE;0,98;0,8;TRUE;TRUE;0,02;0,98;0
"hs_pm25_dy_hs_h_None";"hs_correct_raven";9,58594405990971e-05;1e-12;-0,00173623103424373;-0,00112011410454966;-0,00112011410454966;-0,00172677713233023;0,00823968843971747;-0,0139047322574359;0,0169487492634935;-0,0139047322574359;0,0169487492634935;100;1;0,9;TRUE;0,63;0,8;FALSE;FALSE;0,37;0,63;0
"hs_pm25_wk_hs_h_None";"hs_correct_raven";9,58594405990971e-05;1e-12;-0,00183912790127793;-0,00223093409185412;-0,00223093409185412;-0,0011260090846985;0,00769051461070793;-0,0197168924777449;0,0117811560656451;-0,0197168924777449;0,0117811560656451;100;1;0,9;TRUE;0,58;0,8;FALSE;FALSE;0,42;0,58;0
"hs_pm25_yr_hs_h_None";"hs_correct_raven";9,58594405990971e-05;1e-12;0,0122711967527359;0,0111749273651755;0,0111749273651755;0,0120773640621525;0,0109753661529381;-0,0102616636499862;0,0295624988931484;-0,0102616636499862;0,0295624988931484;100;1;0,9;TRUE;0,82;0,8;TRUE;TRUE;0,82;0,18;0
"hs_pm25abs_dy_hs_h_Log";"hs_correct_raven";9,58594405990971e-05;1e-12;0,0168805756799234;0,0154918080611181;0,0154918080611181;0,0163793981125409;0,00572302037201251;0,00378890023117079;0,0243801660010783;0,00378890023117079;0,0243801660010783;100;1;0,9;TRUE;0,99;0,8;TRUE;TRUE;0,99;0,01;0
"hs_pm25abs_wk_hs_h_Log";"hs_correct_raven";9,58594405990971e-05;1e-12;-0,0145953599515963;-0,0137849593114476;-0,0137849593114476;-0,0137888231654552;0,00739541566798378;-0,0279580624079484;0,00331298684155963;-0,0279580624079484;0,00331298684155963;100;1;0,9;TRUE;0,96;0,8;TRUE;TRUE;0,04;0,96;0
"hs_pm25abs_yr_hs_h_Log";"hs_correct_raven";9,58594405990971e-05;1e-12;-0,0146614874364616;-0,0143609546244504;-0,0143609546244504;-0,0143628762977343;0,00846831153169274;-0,0327186837463001;0,00353350642441053;-0,0327186837463001;0,00353350642441053;100;1;0,9;TRUE;0,93;0,8;TRUE;TRUE;0,07;0,93;0
"hs_accesslines300_h_dic0";"hs_correct_raven";9,58594405990971e-05;1e-12;-0,0386267233208419;-0,0381503169844673;-0,0381503169844673;-0,0409645303446191;0,0215467875460849;-0,0722650167932112;0,0056233841467941;-0,0722650167932112;0,0056233841467941;100;1;0,9;TRUE;0,96;0,8;TRUE;TRUE;0,04;0,96;0
"hs_accesspoints300_h_Log";"hs_correct_raven";9,58594405990971e-05;1e-12;-0,00604475643791006;-0,0046644093712252;-0,0046644093712252;-0,00462839327569648;0,00820493676986779;-0,0208920503288841;0,0097406893997529;-0,0208920503288841;0,0097406893997529;100;1;0,9;TRUE;0,73;0,8;FALSE;FALSE;0,27;0,73;0
"hs_builtdens300_h_Sqrt";"hs_correct_raven";9,58594405990971e-05;1e-12;-0,00266410436291794;-0,00254944707429271;-0,00254944707429271;-0,00245075244457916;0,00863466718221137;-0,0178739745114129;0,0144696414508198;-0,0178739745114129;0,0144696414508198;100;1;0,9;TRUE;0,63;0,8;FALSE;FALSE;0,37;0,63;0
"hs_connind300_h_Log";"hs_correct_raven";9,58594405990971e-05;1e-12;-0,00422868457547715;-0,00361600466866168;-0,00361600466866168;-0,0034604445763383;0,00811429928643843;-0,0220000090525316;0,01108860328756;-0,0220000090525316;0,01108860328756;100;1;0,9;TRUE;0,68;0,8;FALSE;FALSE;0,32;0,68;0
"hs_fdensity300_h_Log";"hs_correct_raven";9,58594405990971e-05;1e-12;0,0318965438476261;0,0312545098243819;0,0312545098243819;0,0302079893171053;0,00847350268572085;0,018332172714534;0,0495015540464264;0,018332172714534;0,0495015540464264;100;1;0,9;TRUE;1;0,8;TRUE;TRUE;1;0;0
"hs_landuseshan300_h_None";"hs_correct_raven";9,58594405990971e-05;1e-12;0,0107501216520303;0,0100690740725432;0,0100690740725432;0,0101220850185724;0,00502465208832888;0,000737428480874481;0,018862780960415;0,000737428480874481;0,018862780960415;100;1;0,9;TRUE;0,98;0,8;TRUE;TRUE;0,98;0,02;0
"hs_popdens_h_Sqrt";"hs_correct_raven";9,58594405990971e-05;1e-12;-0,0101248034515839;-0,0101951267654265;-0,0101951267654265;-0,0101333408809613;0,00634560702224518;-0,0211824143331343;0,000436191314991907;-0,0211824143331343;0,000436191314991907;100;1;0,9;TRUE;0,96;0,8;TRUE;TRUE;0,04;0,96;0
"hs_walkability_mean_h_None";"hs_correct_raven";9,58594405990971e-05;1e-12;-0,00263830035185398;-0,00290713561209276;-0,00290713561209276;-0,00241971289521399;0,00662622014889618;-0,0141792998713867;0,0116013066144697;-0,0141792998713867;0,0116013066144697;100;1;0,9;TRUE;0,7;0,8;FALSE;FALSE;0,3;0,7;0
"hs_accesslines300_s_dic0";"hs_correct_raven";9,58594405990971e-05;1e-12;0,00649001443266182;0,00796960014933083;0,00796960014933083;0,00697686774338987;0,0196518236286104;-0,0262672158588515;0,0410021361874503;-0,0262672158588515;0,0410021361874503;100;1;0,9;TRUE;0,63;0,8;FALSE;FALSE;0,63;0,37;0
"hs_accesspoints300_s_Log";"hs_correct_raven";9,58594405990971e-05;1e-12;0,000892776509300312;0,0015250448694302;0,0015250448694302;0,00120311895508704;0,00702525390980844;-0,0112569342879226;0,0144763559460261;-0,0112569342879226;0,0144763559460261;100;1;0,9;TRUE;0,59;0,8;FALSE;FALSE;0,59;0,41;0
"hs_builtdens300_s_Sqrt";"hs_correct_raven";9,58594405990971e-05;1e-12;-0,00935105743200902;-0,00915271221144012;-0,00915271221144012;-0,00937955017604177;0,00841377044510218;-0,0250159194987086;0,00614008100152763;-0,0250159194987086;0,00614008100152763;100;1;0,9;TRUE;0,87;0,8;TRUE;TRUE;0,13;0,87;0
"hs_connind300_s_Log";"hs_correct_raven";9,58594405990971e-05;1e-12;0,00790068944726128;0,00800973007562596;0,00800973007562596;0,00772246523427794;0,00860860167997953;-0,00780223671110292;0,0256112669384381;-0,00780223671110292;0,0256112669384381;100;1;0,9;TRUE;0,8;0,8;TRUE;TRUE;0,8;0,2;0
"hs_fdensity300_s_Log";"hs_correct_raven";9,58594405990971e-05;1e-12;0,0101099303823541;0,0112107948670925;0,0112107948670925;0,0108912162969085;0,00869919080241965;-0,00677263163215895;0,0277613994632758;-0,00677263163215895;0,0277613994632758;100;1;0,9;TRUE;0,88;0,8;TRUE;TRUE;0,88;0,12;0
"hs_landuseshan300_s_None";"hs_correct_raven";9,58594405990971e-05;1e-12;-0,00477134499178307;-0,0043878939015439;-0,0043878939015439;-0,00493496384203416;0,00599346074145879;-0,0152725491768637;0,00592391659845767;-0,0152725491768637;0,00592391659845767;100;1;0,9;TRUE;0,75;0,8;FALSE;FALSE;0,25;0,75;0
"hs_popdens_s_Sqrt";"hs_correct_raven";9,58594405990971e-05;1e-12;-0,000175856520163749;-0,000250535013400427;-0,000250535013400427;-0,000371806701568017;0,0079699192590381;-0,0152466407699961;0,0147063333530393;-0,0152466407699961;0,0147063333530393;100;1;0,9;TRUE;0,53;0,8;FALSE;FALSE;0,47;0,53;0
"h_Absorbance_Log";"hs_correct_raven";9,58594405990971e-05;1e-12;0,0152087103724586;0,0145086417980023;0,0145086417980023;0,0141574611553278;0,00677150776037342;-2,54018217445766e-05;0,0304592475513776;-2,54018217445766e-05;0,0304592475513776;100;1;0,9;TRUE;0,97;0,8;TRUE;TRUE;0,97;0,03;0
"h_Benzene_Log";"hs_correct_raven";9,58594405990971e-05;1e-12;-0,0199892815459298;-0,0190104297677892;-0,0190104297677892;-0,0190178300394315;0,00658706688990461;-0,0299916540955836;-0,00625874793922196;-0,0299916540955836;-0,00625874793922196;100;1;0,9;TRUE;0,99;0,8;TRUE;TRUE;0,01;0,99;0
"h_NO2_Log";"hs_correct_raven";9,58594405990971e-05;1e-12;0,0107292398338958;0,0108339599812671;0,0108339599812671;0,0111993597769121;0,00637351376763774;-0,00192201213985401;0,0225669114548092;-0,00192201213985401;0,0225669114548092;100;1;0,9;TRUE;0,94;0,8;TRUE;TRUE;0,94;0,06;0
"h_PM_Log";"hs_correct_raven";9,58594405990971e-05;1e-12;-0,00739962644059025;-0,00694719930687514;-0,00694719930687514;-0,00667043395905584;0,00593926680560898;-0,0188607102143648;0,00292618262121651;-0,0188607102143648;0,00292618262121651;100;1;0,9;TRUE;0,88;0,8;TRUE;TRUE;0,12;0,88;0
"h_TEX_Log";"hs_correct_raven";9,58594405990971e-05;1e-12;0,00506362235485068;0,00472268869845941;0,00472268869845941;0,00452764408749095;0,00542575084228865;-0,00506748960165708;0,0138405854361719;-0,00506748960165708;0,0138405854361719;100;1;0,9;TRUE;0,82;0,8;TRUE;TRUE;0,82;0,18;0
"hs_KIDMED_None";"hs_correct_raven";9,58594405990971e-05;1e-12;0,0156465433472245;0,0152334154925504;0,0152334154925504;0,0153224150174687;0,00486515831885413;0,00462021711047619;0,0242663015346496;0,00462021711047619;0,0242663015346496;100;1;0,9;TRUE;1;0,8;TRUE;TRUE;1;0;0
"hs_mvpa_prd_alt_None";"hs_correct_raven";9,58594405990971e-05;1e-12;-0,0122972269523394;-0,0126994937823084;-0,0126994937823084;-0,0127853355950307;0,00798575120301884;-0,0301566382337265;0,00195130032227011;-0,0301566382337265;0,00195130032227011;100;1;0,9;TRUE;0,96;0,8;TRUE;TRUE;0,04;0,96;0
"hs_sd_wk_None";"hs_correct_raven";9,58594405990971e-05;1e-12;-0,0116178637711231;-0,0104064917429723;-0,0104064917429723;-0,0100515223309468;0,00658802257719225;-0,0244706132801135;0,00232793058706273;-0,0244706132801135;0,00232793058706273;100;1;0,9;TRUE;0,96;0,8;TRUE;TRUE;0,04;0,96;0
"hs_dif_hours_total_None";"hs_correct_raven";9,58594405990971e-05;1e-12;0,00279795150372678;0,0028603717107576;0,0028603717107576;0,00262186433542069;0,00572153495078258;-0,00722100316020021;0,0145414821847901;-0,00722100316020021;0,0145414821847901;100;1;0,9;TRUE;0,67;0,8;FALSE;FALSE;0,67;0,33;0
"hs_as_c_Log2";"hs_correct_raven";9,58594405990971e-05;1e-12;0,0160069097140722;0,0158084697193335;0,0158084697193335;0,0155130756393896;0,00562543793332298;0,00598894755715071;0,026766573622838;0,00598894755715071;0,026766573622838;100;1;0,9;TRUE;1;0,8;TRUE;TRUE;1;0;0
"hs_cd_c_Log2";"hs_correct_raven";9,58594405990971e-05;1e-12;-0,00515468899771192;-0,00491058383984038;-0,00491058383984038;-0,00551507490132984;0,00482599703561618;-0,0133671858909747;0,00489975054281858;-0,0133671858909747;0,00489975054281858;100;1;0,9;TRUE;0,84;0,8;TRUE;TRUE;0,16;0,84;0
"hs_co_c_Log2";"hs_correct_raven";9,58594405990971e-05;1e-12;0,00549497598333339;0,00492796356935149;0,00492796356935149;0,00504980491858364;0,00533200404083258;-0,00475034971718097;0,0143055174566439;-0,00475034971718097;0,0143055174566439;100;1;0,9;TRUE;0,82;0,8;TRUE;TRUE;0,82;0,18;0
"hs_cs_c_Log2";"hs_correct_raven";9,58594405990971e-05;1e-12;-0,00114697904231326;-0,000831913763318861;-0,000831913763318861;-0,000768140953852287;0,0068590593216664;-0,0148811620794546;0,0100121669352849;-0,0148811620794546;0,0100121669352849;100;1;0,9;TRUE;0,55;0,8;FALSE;FALSE;0,45;0,55;0
"hs_cu_c_Log2";"hs_correct_raven";9,58594405990971e-05;1e-12;-0,00187733325212437;-0,0020556135196622;-0,0020556135196622;-0,00196257105030567;0,00568196977713311;-0,0124955954498964;0,00811233895741436;-0,0124955954498964;0,00811233895741436;100;1;0,9;TRUE;0,65;0,8;FALSE;FALSE;0,35;0,65;0
"hs_hg_c_Log2";"hs_correct_raven";9,58594405990971e-05;1e-12;-0,0143388682231682;-0,0146070858735121;-0,0146070858735121;-0,014293538510689;0,00572730000985117;-0,0254922134913204;-0,00333036254718835;-0,0254922134913204;-0,00333036254718835;100;1;0,9;TRUE;0,99;0,8;TRUE;TRUE;0,01;0,99;0
"hs_mn_c_Log2";"hs_correct_raven";9,58594405990971e-05;1e-12;-0,00973480985386251;-0,00983561375439021;-0,00983561375439021;-0,00982870569770796;0,00527797635497436;-0,019973802752148;-7,51753652526644e-05;-0,019973802752148;-7,51753652526644e-05;100;1;0,9;TRUE;0,97;0,8;TRUE;TRUE;0,03;0,97;0
"hs_mo_c_Log2";"hs_correct_raven";9,58594405990971e-05;1e-12;-0,00592811315288152;-0,00596111165780577;-0,00596111165780577;-0,00584430992683151;0,00514184480604546;-0,0157643267462843;0,00378362568373719;-0,0157643267462843;0,00378362568373719;100;1;0,9;TRUE;0,86;0,8;TRUE;TRUE;0,14;0,86;0
"hs_pb_c_Log2";"hs_correct_raven";9,58594405990971e-05;1e-12;-0,00523652231878712;-0,00522542672232757;-0,00522542672232757;-0,00500840127368203;0,00553963418159232;-0,0155744655676537;0,00442696491475606;-0,0155744655676537;0,00442696491475606;100;1;0,9;TRUE;0,83;0,8;TRUE;TRUE;0,17;0,83;0
"hs_hum_mt_hs_h_None";"hs_correct_raven";9,58594405990971e-05;1e-12;-0,00792839371727733;-0,00812966615870143;-0,00812966615870143;-0,00908026810754662;0,00938654149411881;-0,0228286021461988;0,00939171955034998;-0,0228286021461988;0,00939171955034998;100;1;0,9;TRUE;0,77;0,8;FALSE;FALSE;0,23;0,77;0
"hs_tm_mt_hs_h_None";"hs_correct_raven";9,58594405990971e-05;1e-12;0,0112074907159466;0,0101080300559808;0,0101080300559808;0,00996619429152146;0,00888142234746968;-0,0044382711010966;0,0303442580548413;-0,0044382711010966;0,0303442580548413;100;1;0,9;TRUE;0,88;0,8;TRUE;TRUE;0,88;0,12;0
"hs_uvdvf_mt_hs_h_None";"hs_correct_raven";9,58594405990971e-05;1e-12;0,00388632800961096;0,00325018969265568;0,00325018969265568;0,00333933502889014;0,00898035656942139;-0,0151443221502024;0,0192943278049697;-0,0151443221502024;0,0192943278049697;100;1;0,9;TRUE;0,64;0,8;FALSE;FALSE;0,64;0,36;0
"hs_hum_dy_hs_h_None";"hs_correct_raven";9,58594405990971e-05;1e-12;-0,00486655229858022;-0,00579715592372651;-0,00579715592372651;-0,00481121329165532;0,00612668891403209;-0,0184356352914925;0,00365484810374938;-0,0184356352914925;0,00365484810374938;100;1;0,9;TRUE;0,83;0,8;TRUE;TRUE;0,17;0,83;0
"hs_hum_wk_hs_h_None";"hs_correct_raven";9,58594405990971e-05;1e-12;-0,0111068543647485;-0,0117192291503501;-0,0117192291503501;-0,0115517737116498;0,00720298296435973;-0,0259766856444116;0,000514145089404358;-0,0259766856444116;0,000514145089404358;100;1;0,9;TRUE;0,96;0,8;TRUE;TRUE;0,04;0,96;0
"hs_tm_dy_hs_h_None";"hs_correct_raven";9,58594405990971e-05;1e-12;-0,0055693073949135;-0,00589845295042838;-0,00589845295042838;-0,00604465534773436;0,0076694617846138;-0,0202033511112199;0,0083469633260465;-0,0202033511112199;0,0083469633260465;100;1;0,9;TRUE;0,77;0,8;FALSE;FALSE;0,23;0,77;0
"hs_tm_wk_hs_h_None";"hs_correct_raven";9,58594405990971e-05;1e-12;-0,010649215937314;-0,0101066976985771;-0,0101066976985771;-0,0103715804112056;0,0103680015240538;-0,0311270078985502;0,00770714887012174;-0,0311270078985502;0,00770714887012174;100;1;0,9;TRUE;0,84;0,8;TRUE;TRUE;0,16;0,84;0
"hs_uvdvf_dy_hs_h_None";"hs_correct_raven";9,58594405990971e-05;1e-12;0,000961362500310111;0,00149218023028008;0,00149218023028008;0,00105258255973759;0,00888708836226902;-0,0112789041511004;0,0220391992401107;-0,0112789041511004;0,0220391992401107;100;1;0,9;TRUE;0,54;0,8;FALSE;FALSE;0,54;0,46;0
"hs_uvdvf_wk_hs_h_None";"hs_correct_raven";9,58594405990971e-05;1e-12;-0,0215664398111516;-0,0207286204900199;-0,0207286204900199;-0,0204888001970731;0,0085824160768938;-0,0402151872581155;-0,00210344677059236;-0,0402151872581155;-0,00210344677059236;100;1;0,9;TRUE;0,98;0,8;TRUE;TRUE;0,02;0,98;0
"hs_ndvi100_h_None";"hs_correct_raven";9,58594405990971e-05;1e-12;0,0149542851580116;0,015039286889286;0,015039286889286;0,0153583553413111;0,00784483580453076;-0,000721024249211105;0,0289490361185285;-0,000721024249211105;0,0289490361185285;100;1;0,9;TRUE;0,97;0,8;TRUE;TRUE;0,97;0,03;0
"hs_ndvi100_s_None";"hs_correct_raven";9,58594405990971e-05;1e-12;0,00327538288837747;0,00323334673148629;0,00323334673148629;0,00351243212215503;0,00872865227399564;-0,0130340018071968;0,0210074199614811;-0,0130340018071968;0,0210074199614811;100;1;0,9;TRUE;0,65;0,8;FALSE;FALSE;0,65;0,35;0
"hs_dde_cadj_Log2";"hs_correct_raven";9,58594405990971e-05;1e-12;-0,0136181435382824;-0,0134442990102754;-0,0134442990102754;-0,0135042163404543;0,00784664754340581;-0,0297297413635272;0,000881568397221912;-0,0297297413635272;0,000881568397221912;100;1;0,9;TRUE;0,97;0,8;TRUE;TRUE;0,03;0,97;0
"hs_ddt_cadj_Log2";"hs_correct_raven";9,58594405990971e-05;1e-12;-0,0104497433090418;-0,0110514985322126;-0,0110514985322126;-0,0112548033765018;0,0060074219839791;-0,0222523763209584;-0,000789265640164828;-0,0222523763209584;-0,000789265640164828;100;1;0,9;TRUE;0,99;0,8;TRUE;TRUE;0,01;0,99;0
"hs_hcb_cadj_Log2";"hs_correct_raven";9,58594405990971e-05;1e-12;0,00365950510822352;0,00381367246023527;0,00381367246023527;0,00448293197117711;0,00947931368478251;-0,0146971527070424;0,0193733053576921;-0,0146971527070424;0,0193733053576921;100;1;0,9;TRUE;0,66;0,8;FALSE;FALSE;0,66;0,34;0
"hs_pcb118_cadj_Log2";"hs_correct_raven";9,58594405990971e-05;1e-12;-0,0169982838539043;-0,0166084495462103;-0,0166084495462103;-0,0158167025218754;0,00693825386174814;-0,030909593589333;-0,00529521044074474;-0,030909593589333;-0,00529521044074474;100;1;0,9;TRUE;0,99;0,8;TRUE;TRUE;0,01;0,99;0
"hs_pcb138_cadj_Log2";"hs_correct_raven";9,58594405990971e-05;1e-12;0,00621472221235333;0,00378999052501298;0,00378999052501298;0,00470886031046011;0,0089479488104516;-0,0155846581244873;0,0169763607013864;-0,0155846581244873;0,0169763607013864;100;1;0,9;TRUE;0,74;0,8;FALSE;FALSE;0,74;0,26;0
"hs_pcb153_cadj_Log2";"hs_correct_raven";9,58594405990971e-05;1e-12;-0,00751833355094572;-0,00651872573809401;-0,00651872573809401;-0,00680221321750324;0,00873195026684993;-0,0216308570373719;0,00956704681248594;-0,0216308570373719;0,00956704681248594;100;1;0,9;TRUE;0,75;0,8;FALSE;FALSE;0,25;0,75;0
"hs_pcb170_cadj_Log2";"hs_correct_raven";9,58594405990971e-05;1e-12;0,00822544263558434;0,00780028693095128;0,00780028693095128;0,00694335996655377;0,00763828675608393;-0,00579778420356644;0,0222339022095172;-0,00579778420356644;0,0222339022095172;100;1;0,9;TRUE;0,84;0,8;TRUE;TRUE;0,84;0,16;0
"hs_pcb180_cadj_Log2";"hs_correct_raven";9,58594405990971e-05;1e-12;0,00752675060182368;0,00686675636541618;0,00686675636541618;0,00703629459934;0,00606000213912249;-0,00382933598622329;0,0186916123750702;-0,00382933598622329;0,0186916123750702;100;1;0,9;TRUE;0,86;0,8;TRUE;TRUE;0,86;0,14;0
"hs_sumPCBs5_cadj_Log2";"hs_correct_raven";9,58594405990971e-05;1e-12;-0,00355469327543752;-0,00310005306261902;-0,00310005306261902;-0,00334169108189452;0,00897799878134246;-0,0176389814405575;0,0197099448636024;-0,0176389814405575;0,0197099448636024;100;1;0,9;TRUE;0,65;0,8;FALSE;FALSE;0,35;0,65;0
"hs_pfhxs_c_Log2";"hs_correct_raven";9,58594405990971e-05;1e-12;0,0235525643740153;0,0230341770274135;0,0230341770274135;0,0229186616704475;0,00828680960933173;0,00736309848841813;0,0392415206370445;0,00736309848841813;0,0392415206370445;100;1;0,9;TRUE;1;0,8;TRUE;TRUE;1;0;0
"hs_pfna_c_Log2";"hs_correct_raven";9,58594405990971e-05;1e-12;-0,0200798180662859;-0,0202040885065991;-0,0202040885065991;-0,0205269890777965;0,00650355304774796;-0,0325331855303525;-0,00769568521346263;-0,0325331855303525;-0,00769568521346263;100;1;0,9;TRUE;1;0,8;TRUE;TRUE;0;1;0
"hs_pfoa_c_Log2";"hs_correct_raven";9,58594405990971e-05;1e-12;0,022869090485222;0,0223976933107648;0,0223976933107648;0,0228163799939979;0,00630258883209844;0,0107534611764384;0,0344867928576987;0,0107534611764384;0,0344867928576987;100;1;0,9;TRUE;1;0,8;TRUE;TRUE;1;0;0
"hs_pfos_c_Log2";"hs_correct_raven";9,58594405990971e-05;1e-12;0,0102864653182327;0,0099213202033748;0,0099213202033748;0,0103235587204163;0,00736020503802221;-0,0022585918221247;0,0234824652519323;-0,0022585918221247;0,0234824652519323;100;1;0,9;TRUE;0,93;0,8;TRUE;TRUE;0,93;0,07;0
"hs_pfunda_c_Log2";"hs_correct_raven";9,58594405990971e-05;1e-12;0,00413536800585609;0,00424131780810346;0,00424131780810346;0,00459305865180829;0,00584773247804977;-0,00677837285336535;0,0154364127268996;-0,00677837285336535;0,0154364127268996;100;1;0,9;TRUE;0,75;0,8;FALSE;FALSE;0,75;0,25;0
"hs_hm_pers_None";"hs_correct_raven";9,58594405990971e-05;1e-12;-0,0118053556266411;-0,0113065770028369;-0,0113065770028369;-0,0119824045702484;0,00531360487242949;-0,0203150437853497;-0,0022867294950108;-0,0203150437853497;-0,0022867294950108;100;1;0,9;TRUE;0,99;0,8;TRUE;TRUE;0,01;0,99;0
"hs_trafload_h_pow1over3";"hs_correct_raven";9,58594405990971e-05;1e-12;0,00355594435925831;0,00371639616965539;0,00371639616965539;0,00353098143773341;0,00566878878178362;-0,00643402080433946;0,014825782275882;-0,00643402080433946;0,014825782275882;100;1;0,9;TRUE;0,75;0,8;FALSE;FALSE;0,75;0,25;0
"hs_trafnear_h_pow1over3";"hs_correct_raven";9,58594405990971e-05;1e-12;-0,0193909431509252;-0,0192654269940335;-0,0192654269940335;-0,0185869645072595;0,00633099181004615;-0,0323554506817382;-0,00724013117113947;-0,0323554506817382;-0,00724013117113947;100;1;0,9;TRUE;1;0,8;TRUE;TRUE;0;1;0
"FAS_cat_None_Low";"hs_correct_raven";9,58594405990971e-05;1e-12;0,0268212884209454;0,0283413152335112;0,0283413152335112;0,0281412735427446;0,0167179103808119;-0,00994355357471877;0,0623343671035826;-0,00994355357471877;0,0623343671035826;100;1;0,9;TRUE;0,94;0,8;TRUE;TRUE;0,94;0,06;0
"FAS_cat_None_Middle";"hs_correct_raven";9,58594405990971e-05;1e-12;0,0431693949474243;0,0436896760957766;0,0436896760957766;0,0440638004779418;0,011639735989149;0,0230471794238609;0,0654646815239303;0,0230471794238609;0,0654646815239303;100;1;0,9;TRUE;1;0,8;TRUE;TRUE;1;0;0
"hs_globalexp2_None_no exposure";"hs_correct_raven";9,58594405990971e-05;1e-12;0,036391137022228;0,0362047975040024;0,0362047975040024;0,0366594857172076;0,0117209196119208;0,0160824164773751;0,0583659551084289;0,0160824164773751;0,0583659551084289;100;1;0,9;TRUE;1;0,8;TRUE;TRUE;1;0;0
"hs_no2_dy_hs_h_Log";"hs_Gen_Tot";9,58594405990971e-05;1e-12;0,0110906998474893;0,00988529551803677;0,00988529551803677;0,0102794317464096;0,00453777486363093;0,000968460495014208;0,0176502542661501;0,000968460495014208;0,0176502542661501;100;1;0,9;TRUE;0,98;0,8;TRUE;TRUE;0,98;0,02;0
"hs_no2_wk_hs_h_Log";"hs_Gen_Tot";9,58594405990971e-05;1e-12;0,00997036634687861;0,00935969924698985;0,00935969924698985;0,00922182994895651;0,00340292066560645;0,0038307913632493;0,016081492662928;0,0038307913632493;0,016081492662928;100;1;0,9;TRUE;1;0,8;TRUE;TRUE;1;0;0
"hs_no2_yr_hs_h_Log";"hs_Gen_Tot";9,58594405990971e-05;1e-12;0,011000840297237;0,0108563836881948;0,0108563836881948;0,010827711351755;0,00462516760912704;0,00172908797233;0,0196640833660287;0,00172908797233;0,0196640833660287;100;1;0,9;TRUE;0,98;0,8;TRUE;TRUE;0,98;0,02;0
"hs_pm10_dy_hs_h_None";"hs_Gen_Tot";9,58594405990971e-05;1e-12;0,00544062887013247;0,00391043245955145;0,00391043245955145;0,00425709116997977;0,00350516276333456;-0,00376946105421556;0,00997014679160551;-0,00376946105421556;0,00997014679160551;100;1;0,9;TRUE;0,91;0,8;TRUE;TRUE;0,91;0,09;0
"hs_pm10_wk_hs_h_None";"hs_Gen_Tot";9,58594405990971e-05;1e-12;-0,00458732503698473;-0,00528099386823632;-0,00528099386823632;-0,00497230837769909;0,00423873927807309;-0,014400237475503;0,000865704880216311;-0,014400237475503;0,000865704880216311;100;1;0,9;TRUE;0,95;0,8;TRUE;TRUE;0,05;0,95;0
"hs_pm10_yr_hs_h_None";"hs_Gen_Tot";9,58594405990971e-05;1e-12;-0,0108503376712737;-0,0102198606998014;-0,0102198606998014;-0,00961940082598096;0,00394672944694302;-0,019157562401088;-0,00436891870926246;-0,019157562401088;-0,00436891870926246;100;1;0,9;TRUE;1;0,8;TRUE;TRUE;0;1;0
"hs_pm25_dy_hs_h_None";"hs_Gen_Tot";9,58594405990971e-05;1e-12;-0,0032552666566025;-0,0015221988001771;-0,0015221988001771;-0,0013658002308312;0,00352462864137263;-0,007230859544879;0,0051092593423423;-0,007230859544879;0,0051092593423423;100;1;0,9;TRUE;0,72;0,8;FALSE;FALSE;0,28;0,72;0
"hs_pm25_wk_hs_h_None";"hs_Gen_Tot";9,58594405990971e-05;1e-12;-0,00568449241840999;-0,0057476540534391;-0,0057476540534391;-0,00537039066393492;0,00401529118322825;-0,0141629036084012;0,000528001282061557;-0,0141629036084012;0,000528001282061557;100;1;0,9;TRUE;0,94;0,8;TRUE;TRUE;0,06;0,94;0
"hs_pm25_yr_hs_h_None";"hs_Gen_Tot";9,58594405990971e-05;1e-12;0,00345754060682171;0,00242670672132725;0,00242670672132725;0,00296451060906987;0,00477457661711379;-0,00866004130316581;0,0100293344993159;-0,00866004130316581;0,0100293344993159;100;1;0,9;TRUE;0,78;0,8;FALSE;FALSE;0,78;0,22;0
"hs_pm25abs_dy_hs_h_Log";"hs_Gen_Tot";9,58594405990971e-05;1e-12;-0,00438799027887375;-0,00444227752829657;-0,00444227752829657;-0,00415210112228752;0,00446288750694493;-0,0123338778553065;0,00355537470299009;-0,0123338778553065;0,00355537470299009;100;1;0,9;TRUE;0,87;0,8;TRUE;TRUE;0,13;0,87;0
"hs_pm25abs_wk_hs_h_Log";"hs_Gen_Tot";9,58594405990971e-05;1e-12;-0,0026162921406381;-0,00184821675175668;-0,00184821675175668;-0,00198798712798677;0,00305551236847849;-0,00747845262571115;0,00537374723168368;-0,00747845262571115;0,00537374723168368;100;1;0,9;TRUE;0,79;0,8;FALSE;FALSE;0,21;0,79;0
"hs_pm25abs_yr_hs_h_Log";"hs_Gen_Tot";9,58594405990971e-05;1e-12;-0,00584509712253057;-0,00518720976838498;-0,00518720976838498;-0,00476135410113327;0,00385040116825405;-0,0137085031299707;0,00111856330939793;-0,0137085031299707;0,00111856330939793;100;1;0,9;TRUE;0,92;0,8;TRUE;TRUE;0,08;0,92;0
"hs_accesslines300_h_dic0";"hs_Gen_Tot";9,58594405990971e-05;1e-12;-0,0104991518675121;-0,0083495381653953;-0,0083495381653953;-0,00854947507591272;0,00909337921353685;-0,023533243834653;0,0125633713861315;-0,023533243834653;0,0125633713861315;100;1;0,9;TRUE;0,87;0,8;TRUE;TRUE;0,13;0,87;0
"hs_accesspoints300_h_Log";"hs_Gen_Tot";9,58594405990971e-05;1e-12;-0,000576260951993328;0,00041982526142389;0,00041982526142389;0,000281405872599533;0,00406494471126146;-0,00734244106635968;0,00959014976125954;-0,00734244106635968;0,00959014976125954;100;1;0,9;TRUE;0,48;0,8;FALSE;FALSE;0,52;0,48;0
"hs_builtdens300_h_Sqrt";"hs_Gen_Tot";9,58594405990971e-05;1e-12;-0,00108124186295389;-0,000678733413345419;-0,000678733413345419;-0,000985478719551794;0,00358928772803716;-0,0068486711074183;0,0076565812263829;-0,0068486711074183;0,0076565812263829;100;1;0,9;TRUE;0,66;0,8;FALSE;FALSE;0,34;0,66;0
"hs_connind300_h_Log";"hs_Gen_Tot";9,58594405990971e-05;1e-12;0,00670377688873175;0,00601267813034971;0,00601267813034971;0,00553856585148965;0,00345961239773211;0,000294981746866627;0,0131535972087549;0,000294981746866627;0,0131535972087549;100;1;0,9;TRUE;0,99;0,8;TRUE;TRUE;0,99;0,01;0
"hs_fdensity300_h_Log";"hs_Gen_Tot";9,58594405990971e-05;1e-12;-0,00174289762401209;-0,00111408306610073;-0,00111408306610073;-0,000910529512820348;0,00421173892803027;-0,0101146326999052;0,00672274779152368;-0,0101146326999052;0,00672274779152368;100;1;0,9;TRUE;0,6;0,8;FALSE;FALSE;0,4;0,6;0
"hs_landuseshan300_h_None";"hs_Gen_Tot";9,58594405990971e-05;1e-12;-0,00132843871529676;-0,0015578495596559;-0,0015578495596559;-0,00104569328227683;0,00336313263511693;-0,00856111155172626;0,00501985257567318;-0,00856111155172626;0,00501985257567318;100;1;0,9;TRUE;0,68;0,8;FALSE;FALSE;0,32;0,68;0
"hs_popdens_h_Sqrt";"hs_Gen_Tot";9,58594405990971e-05;1e-12;-4,09487375820444e-05;-0,000486720768144724;-0,000486720768144724;-0,000391274907801734;0,0032656379985455;-0,00825707560835132;0,00460846656885907;-0,00825707560835132;0,00460846656885907;100;1;0,9;TRUE;0,54;0,8;FALSE;FALSE;0,46;0,54;0
"hs_walkability_mean_h_None";"hs_Gen_Tot";9,58594405990971e-05;1e-12;-0,00152242717239886;-0,0022724271581294;-0,0022724271581294;-0,00194130917621285;0,00334475300716673;-0,00942126951084157;0,00430680685398609;-0,00942126951084157;0,00430680685398609;100;1;0,9;TRUE;0,82;0,8;TRUE;TRUE;0,18;0,82;0
"hs_accesslines300_s_dic0";"hs_Gen_Tot";9,58594405990971e-05;1e-12;0,00383094025104061;0,00655288050771429;0,00655288050771429;0,00538678874775046;0,0082704263254667;-0,00684589533168496;0,0213754519215839;-0,00684589533168496;0,0213754519215839;100;1;0,9;TRUE;0,83;0,8;TRUE;TRUE;0,83;0,17;0
"hs_accesspoints300_s_Log";"hs_Gen_Tot";9,58594405990971e-05;1e-12;0,00367715373020316;0,00357589055511896;0,00357589055511896;0,00286593673929288;0,00374258182059703;-0,00204324997230622;0,0113911941436129;-0,00204324997230622;0,0113911941436129;100;1;0,9;TRUE;0,85;0,8;TRUE;TRUE;0,85;0,15;0
"hs_builtdens300_s_Sqrt";"hs_Gen_Tot";9,58594405990971e-05;1e-12;-0,00292751777824519;-0,00208145185103842;-0,00208145185103842;-0,00228406172033545;0,00329060302422435;-0,00778297634813231;0,00404097568043998;-0,00778297634813231;0,00404097568043998;100;1;0,9;TRUE;0,74;0,8;FALSE;FALSE;0,26;0,74;0
"hs_connind300_s_Log";"hs_Gen_Tot";9,58594405990971e-05;1e-12;0,00267500423964187;0,00265813866711107;0,00265813866711107;0,0025686053437356;0,00368714647226996;-0,00387106975550933;0,0120107208999077;-0,00387106975550933;0,0120107208999077;100;1;0,9;TRUE;0,79;0,8;FALSE;FALSE;0,79;0,21;0
"hs_fdensity300_s_Log";"hs_Gen_Tot";9,58594405990971e-05;1e-12;0,00105764286605376;0,00131734760723355;0,00131734760723355;0,00149347734219957;0,00325569854001083;-0,00467653756054795;0,00781668220819711;-0,00467653756054795;0,00781668220819711;100;1;0,9;TRUE;0,68;0,8;FALSE;FALSE;0,68;0,32;0
"hs_landuseshan300_s_None";"hs_Gen_Tot";9,58594405990971e-05;1e-12;0,00251729970929351;0,0022147093361703;0,0022147093361703;0,00173022999580268;0,00278464096795839;-0,00251864917136947;0,00874381706180264;-0,00251864917136947;0,00874381706180264;100;1;0,9;TRUE;0,84;0,8;TRUE;TRUE;0,84;0,16;0
"hs_popdens_s_Sqrt";"hs_Gen_Tot";9,58594405990971e-05;1e-12;0,000469077016206196;0,000320331823237286;0,000320331823237286;8,53937108167074e-05;0,00309027003219869;-0,00486788267761033;0,00663033894131561;-0,00486788267761033;0,00663033894131561;100;1;0,9;TRUE;0,53;0,8;FALSE;FALSE;0,53;0,47;0
"h_Absorbance_Log";"hs_Gen_Tot";9,58594405990971e-05;1e-12;-0,000507336582579353;-0,00132317744535906;-0,00132317744535906;-0,00141047771837265;0,00388993308606079;-0,00821130001080818;0,00632616112118313;-0,00821130001080818;0,00632616112118313;100;1;0,9;TRUE;0,62;0,8;FALSE;FALSE;0,38;0,62;0
"h_Benzene_Log";"hs_Gen_Tot";9,58594405990971e-05;1e-12;0,00640305699074854;0,00548444562466638;0,00548444562466638;0,00518893593620534;0,00559418777080482;-0,00234361343171112;0,0182322167364149;-0,00234361343171112;0,0182322167364149;100;1;0,9;TRUE;0,82;0,8;TRUE;TRUE;0,82;0,18;0
"h_NO2_Log";"hs_Gen_Tot";9,58594405990971e-05;1e-12;0,00255951859566743;0,00284607034356039;0,00284607034356039;0,00275882563730447;0,0029211494875788;-0,00243834320149662;0,00891473986259619;-0,00243834320149662;0,00891473986259619;100;1;0,9;TRUE;0,87;0,8;TRUE;TRUE;0,87;0,13;0
"h_PM_Log";"hs_Gen_Tot";9,58594405990971e-05;1e-12;0,00726137906325358;0,0062715541449462;0,0062715541449462;0,00603470860544991;0,00347998062123598;0,000272632414129343;0,0134009202317599;0,000272632414129343;0,0134009202317599;100;1;0,9;TRUE;0,99;0,8;TRUE;TRUE;0,99;0,01;0
"h_TEX_Log";"hs_Gen_Tot";9,58594405990971e-05;1e-12;-0,00257377343881995;-0,00188142275860138;-0,00188142275860138;-0,00118087534314395;0,00293472568713218;-0,00854830266984145;0,00201368021509872;-0,00854830266984145;0,00201368021509872;100;1;0,9;TRUE;0,75;0,8;FALSE;FALSE;0,25;0,75;0
"hs_KIDMED_None";"hs_Gen_Tot";9,58594405990971e-05;1e-12;-0,00629187306517631;-0,00458584047707271;-0,00458584047707271;-0,00388712600867185;0,00422211180188765;-0,0140321453778769;0,00208359099191376;-0,0140321453778769;0,00208359099191376;100;1;0,9;TRUE;0,88;0,8;TRUE;TRUE;0,12;0,88;0
"hs_mvpa_prd_alt_None";"hs_Gen_Tot";9,58594405990971e-05;1e-12;0,00559173094360652;0,00350008548575287;0,00350008548575287;0,00317153422510294;0,00360615788584422;-0,00268544281082523;0,0109399351239677;-0,00268544281082523;0,0109399351239677;100;1;0,9;TRUE;0,87;0,8;TRUE;TRUE;0,87;0,13;0
"hs_sd_wk_None";"hs_Gen_Tot";9,58594405990971e-05;1e-12;0,0045845108547116;0,00399856727403122;0,00399856727403122;0,00367092520590836;0,00343496968451188;-0,00100190866084515;0,0113423164075761;-0,00100190866084515;0,0113423164075761;100;1;0,9;TRUE;0,9;0,8;TRUE;TRUE;0,9;0,1;0
"hs_dif_hours_total_None";"hs_Gen_Tot";9,58594405990971e-05;1e-12;-0,00528454936498195;-0,00344572515362743;-0,00344572515362743;-0,00316460489301928;0,00309763089414836;-0,00989947836941146;0,00223182336790402;-0,00989947836941146;0,00223182336790402;100;1;0,9;TRUE;0,88;0,8;TRUE;TRUE;0,12;0,88;0
"hs_as_c_Log2";"hs_Gen_Tot";9,58594405990971e-05;1e-12;-0,00732092252775862;-0,00512422503218126;-0,00512422503218126;-0,00505416889045643;0,00361060227457413;-0,0115117763531566;0,00175356839406766;-0,0115117763531566;0,00175356839406766;100;1;0,9;TRUE;0,93;0,8;TRUE;TRUE;0,07;0,93;0
"hs_cd_c_Log2";"hs_Gen_Tot";9,58594405990971e-05;1e-12;0,00289827758624926;0,0022562001924224;0,0022562001924224;0,002137446761652;0,00219873084969487;-0,00135632428346727;0,00764616791311976;-0,00135632428346727;0,00764616791311976;100;1;0,9;TRUE;0,88;0,8;TRUE;TRUE;0,88;0,12;0
"hs_co_c_Log2";"hs_Gen_Tot";9,58594405990971e-05;1e-12;-0,00617929476576779;-0,00474776707492824;-0,00474776707492824;-0,00442065258443282;0,00363099897722568;-0,0125464987757409;0,000910307223338112;-0,0125464987757409;0,000910307223338112;100;1;0,9;TRUE;0,92;0,8;TRUE;TRUE;0,08;0,92;0
"hs_cs_c_Log2";"hs_Gen_Tot";9,58594405990971e-05;1e-12;-0,000601230790682415;-0,000477755791685634;-0,000477755791685634;-0,00025248225767005;0,00330885442223673;-0,00673493643611103;0,00548178333552275;-0,00673493643611103;0,00548178333552275;100;1;0,9;TRUE;0,52;0,8;FALSE;FALSE;0,48;0,52;0
"hs_cu_c_Log2";"hs_Gen_Tot";9,58594405990971e-05;1e-12;0,00158354389462574;0,00180063625984899;0,00180063625984899;0,00177006636112874;0,002958608061953;-0,00436989459506595;0,00828442184848143;-0,00436989459506595;0,00828442184848143;100;1;0,9;TRUE;0,74;0,8;FALSE;FALSE;0,74;0,26;0
"hs_hg_c_Log2";"hs_Gen_Tot";9,58594405990971e-05;1e-12;0,00101992212534578;0,000161624174934955;0,000161624174934955;0,000193458963506443;0,00333163119522287;-0,00686047616888964;0,00583693225057752;-0,00686047616888964;0,00583693225057752;100;1;0,9;TRUE;0,54;0,8;FALSE;FALSE;0,54;0,46;0
"hs_mn_c_Log2";"hs_Gen_Tot";9,58594405990971e-05;1e-12;0,00320354189019253;0,0016298778089596;0,0016298778089596;0,00163970443907807;0,0024298937676968;-0,0022859683314307;0,00690168527979779;-0,0022859683314307;0,00690168527979779;100;1;0,9;TRUE;0,72;0,8;FALSE;FALSE;0,72;0,28;0
"hs_mo_c_Log2";"hs_Gen_Tot";9,58594405990971e-05;1e-12;-0,000720989739752276;-0,000413418891776671;-0,000413418891776671;-0,000955548646217735;0,00277871197296716;-0,00480540753517807;0,00629094019940915;-0,00480540753517807;0,00629094019940915;100;1;0,9;TRUE;0,7;0,8;FALSE;FALSE;0,3;0,7;0
"hs_pb_c_Log2";"hs_Gen_Tot";9,58594405990971e-05;1e-12;0,000934329830482674;0,00162686591630465;0,00162686591630465;0,00115019666080764;0,0026525501165079;-0,00256158980380059;0,00843859264457216;-0,00256158980380059;0,00843859264457216;100;1;0,9;TRUE;0,69;0,8;FALSE;FALSE;0,69;0,31;0
"hs_hum_mt_hs_h_None";"hs_Gen_Tot";9,58594405990971e-05;1e-12;-0,00834229038161452;-0,00693566937395138;-0,00693566937395138;-0,00688773248609433;0,00424168215166891;-0,0160594041057498;0,000623463763408249;-0,0160594041057498;0,000623463763408249;100;1;0,9;TRUE;0,96;0,8;TRUE;TRUE;0,04;0,96;0
"hs_tm_mt_hs_h_None";"hs_Gen_Tot";9,58594405990971e-05;1e-12;-0,00259092394754773;-0,00232558029751567;-0,00232558029751567;-0,00222817063737962;0,00377304127645327;-0,00867543933733518;0,00412345809106367;-0,00867543933733518;0,00412345809106367;100;1;0,9;TRUE;0,71;0,8;FALSE;FALSE;0,29;0,71;0
"hs_uvdvf_mt_hs_h_None";"hs_Gen_Tot";9,58594405990971e-05;1e-12;-0,00596628231541849;-0,00493814027616953;-0,00493814027616953;-0,0041112608315814;0,00421657452074426;-0,0144518297746199;0,00072976943639547;-0,0144518297746199;0,00072976943639547;100;1;0,9;TRUE;0,94;0,8;TRUE;TRUE;0,06;0,94;0
"hs_hum_dy_hs_h_None";"hs_Gen_Tot";9,58594405990971e-05;1e-12;-0,000640699995377331;-0,00198039524945947;-0,00198039524945947;-0,00179661883323015;0,00287820010512647;-0,0080799797140569;0,00356233132032821;-0,0080799797140569;0,00356233132032821;100;1;0,9;TRUE;0,79;0,8;FALSE;FALSE;0,21;0,79;0
"hs_hum_wk_hs_h_None";"hs_Gen_Tot";9,58594405990971e-05;1e-12;-0,0049469362434248;-0,00526816714605523;-0,00526816714605523;-0,00526227198598234;0,00391025766866432;-0,0127443722499524;0,00171016709845309;-0,0127443722499524;0,00171016709845309;100;1;0,9;TRUE;0,93;0,8;TRUE;TRUE;0,07;0,93;0
"hs_tm_dy_hs_h_None";"hs_Gen_Tot";9,58594405990971e-05;1e-12;-0,00228957203076384;-0,00262279880012293;-0,00262279880012293;-0,00226846913829998;0,00335320622419451;-0,00996595296748617;0,00285428180115291;-0,00996595296748617;0,00285428180115291;100;1;0,9;TRUE;0,83;0,8;TRUE;TRUE;0,17;0,83;0
"hs_tm_wk_hs_h_None";"hs_Gen_Tot";9,58594405990971e-05;1e-12;0,00361868078717081;0,00260154795122484;0,00260154795122484;0,00238669635682293;0,00374470829650356;-0,00446738266564394;0,0106250708797671;-0,00446738266564394;0,0106250708797671;100;1;0,9;TRUE;0,72;0,8;FALSE;FALSE;0,72;0,28;0
"hs_uvdvf_dy_hs_h_None";"hs_Gen_Tot";9,58594405990971e-05;1e-12;0,00120481900569283;0,00132646834897856;0,00132646834897856;0,00112867034502397;0,00360693571284916;-0,00555868592002985;0,00834551904238853;-0,00555868592002985;0,00834551904238853;100;1;0,9;TRUE;0,68;0,8;FALSE;FALSE;0,68;0,32;0
"hs_uvdvf_wk_hs_h_None";"hs_Gen_Tot";9,58594405990971e-05;1e-12;-0,00232672682549726;-0,00249211377851893;-0,00249211377851893;-0,00280814575192526;0,00376747327987558;-0,00822552186001492;0,00569893517564688;-0,00822552186001492;0,00569893517564688;100;1;0,9;TRUE;0,77;0,8;FALSE;FALSE;0,23;0,77;0
"hs_ndvi100_h_None";"hs_Gen_Tot";9,58594405990971e-05;1e-12;-0,000625214314844473;0,000727950956662604;0,000727950956662604;0,000637704315427445;0,00390275779052753;-0,00615918031364198;0,00689046368527633;-0,00615918031364198;0,00689046368527633;100;1;0,9;TRUE;0,44;0,8;FALSE;FALSE;0,56;0,44;0
"hs_ndvi100_s_None";"hs_Gen_Tot";9,58594405990971e-05;1e-12;0,00575269420430886;0,00549317748645168;0,00549317748645168;0,00503385488572163;0,00367890387616805;-0,000472602338661675;0,0138122909694953;-0,000472602338661675;0,0138122909694953;100;1;0,9;TRUE;0,95;0,8;TRUE;TRUE;0,95;0,05;0
"hs_dde_cadj_Log2";"hs_Gen_Tot";9,58594405990971e-05;1e-12;0,000200595532151769;-0,00086843287680422;-0,00086843287680422;-0,00130298019836886;0,00379390951279971;-0,00850541690219624;0,00645163961884173;-0,00850541690219624;0,00645163961884173;100;1;0,9;TRUE;0,37;0,8;FALSE;FALSE;0,37;0,63;0
"hs_ddt_cadj_Log2";"hs_Gen_Tot";9,58594405990971e-05;1e-12;-0,00373232941602308;-0,00385917816982694;-0,00385917816982694;-0,0036605828126537;0,00274248111906721;-0,00993889987733784;0,000807109055840923;-0,00993889987733784;0,000807109055840923;100;1;0,9;TRUE;0,93;0,8;TRUE;TRUE;0,07;0,93;0
"hs_hcb_cadj_Log2";"hs_Gen_Tot";9,58594405990971e-05;1e-12;-0,00507490571904804;-0,00427288720578373;-0,00427288720578373;-0,00360904939464216;0,00451751024711066;-0,012439700995853;0,00400271394673959;-0,012439700995853;0,00400271394673959;100;1;0,9;TRUE;0,82;0,8;TRUE;TRUE;0,18;0,82;0
"hs_pcb118_cadj_Log2";"hs_Gen_Tot";9,58594405990971e-05;1e-12;0,00671937428218772;0,00525101246451076;0,00525101246451076;0,0045258598823032;0,0041739163487353;-0,000657386716274569;0,0138928326234091;-0,000657386716274569;0,0138928326234091;100;1;0,9;TRUE;0,94;0,8;TRUE;TRUE;0,94;0,06;0
"hs_pcb138_cadj_Log2";"hs_Gen_Tot";9,58594405990971e-05;1e-12;-0,000263908641477321;0,000365815546132943;0,000365815546132943;0,000207960499942947;0,00338976969563807;-0,00628939044474325;0,00778389867009915;-0,00628939044474325;0,00778389867009915;100;1;0,9;TRUE;0,48;0,8;FALSE;FALSE;0,52;0,48;0
"hs_pcb153_cadj_Log2";"hs_Gen_Tot";9,58594405990971e-05;1e-12;0,0015737266832472;0,000728019044378031;0,000728019044378031;0,000733856203495495;0,00337128285217866;-0,00626399246339144;0,00749588260888391;-0,00626399246339144;0,00749588260888391;100;1;0,9;TRUE;0,57;0,8;FALSE;FALSE;0,57;0,43;0
"hs_pcb170_cadj_Log2";"hs_Gen_Tot";9,58594405990971e-05;1e-12;-0,0056870621946636;-0,00572530801628767;-0,00572530801628767;-0,00564226232143747;0,00447345051160116;-0,0143664535871631;0,00375697864296472;-0,0143664535871631;0,00375697864296472;100;1;0,9;TRUE;0,91;0,8;TRUE;TRUE;0,09;0,91;0
"hs_pcb180_cadj_Log2";"hs_Gen_Tot";9,58594405990971e-05;1e-12;-0,0049626118222106;-0,00399914021916768;-0,00399914021916768;-0,00283426751711189;0,00446567338661178;-0,0127613961555179;0,00209822966658004;-0,0127613961555179;0,00209822966658004;100;1;0,9;TRUE;0,83;0,8;TRUE;TRUE;0,17;0,83;0
"hs_sumPCBs5_cadj_Log2";"hs_Gen_Tot";9,58594405990971e-05;1e-12;-0,00702796936787834;-0,00588897437203294;-0,00588897437203294;-0,00583331773271847;0,00385910729535555;-0,0139737860256042;0,00190971006538878;-0,0139737860256042;0,00190971006538878;100;1;0,9;TRUE;0,93;0,8;TRUE;TRUE;0,07;0,93;0
"hs_pfhxs_c_Log2";"hs_Gen_Tot";9,58594405990971e-05;1e-12;-0,000907646853584317;0,000216126442798967;0,000216126442798967;0,000329623152050395;0,00374247765908784;-0,00623954979198218;0,00743677149746617;-0,00623954979198218;0,00743677149746617;100;1;0,9;TRUE;0,46;0,8;FALSE;FALSE;0,54;0,46;0
"hs_pfna_c_Log2";"hs_Gen_Tot";9,58594405990971e-05;1e-12;0,00385696940918107;0,00293642888679158;0,00293642888679158;0,00270073098976453;0,00441172522969844;-0,00408200242847843;0,0110486431851656;-0,00408200242847843;0,0110486431851656;100;1;0,9;TRUE;0,73;0,8;FALSE;FALSE;0,73;0,27;0
"hs_pfoa_c_Log2";"hs_Gen_Tot";9,58594405990971e-05;1e-12;-0,00273195665414514;-0,00177544311405668;-0,00177544311405668;-0,00137121244520942;0,00404761213429881;-0,0108470964583457;0,005119576871167;-0,0108470964583457;0,005119576871167;100;1;0,9;TRUE;0,67;0,8;FALSE;FALSE;0,33;0,67;0
"hs_pfos_c_Log2";"hs_Gen_Tot";9,58594405990971e-05;1e-12;-0,00577472519792605;-0,00567321242046393;-0,00567321242046393;-0,00473664051336089;0,00475865026050842;-0,0164263638899886;0,000118976756191525;-0,0164263638899886;0,000118976756191525;100;1;0,9;TRUE;0,96;0,8;TRUE;TRUE;0,04;0,96;0
"hs_pfunda_c_Log2";"hs_Gen_Tot";9,58594405990971e-05;1e-12;0,000365217479580297;0,000167013488965208;0,000167013488965208;0,000295773636348041;0,00297147962931766;-0,00607827766034173;0,0051807638282812;-0,00607827766034173;0,0051807638282812;100;1;0,9;TRUE;0,54;0,8;FALSE;FALSE;0,54;0,46;0
"hs_hm_pers_None";"hs_Gen_Tot";9,58594405990971e-05;1e-12;0,00129534087913703;0,00152006304486606;0,00152006304486606;0,00127042921340523;0,00276374587856238;-0,00375757564042731;0,00692523220172596;-0,00375757564042731;0,00692523220172596;100;1;0,9;TRUE;0,72;0,8;FALSE;FALSE;0,72;0,28;0
"hs_trafload_h_pow1over3";"hs_Gen_Tot";9,58594405990971e-05;1e-12;-0,00117259623545286;-0,000633525041325853;-0,000633525041325853;-0,000748652259601425;0,00245894728389482;-0,00483938893010969;0,00465215365017042;-0,00483938893010969;0,00465215365017042;100;1;0,9;TRUE;0,62;0,8;FALSE;FALSE;0,38;0,62;0
"hs_trafnear_h_pow1over3";"hs_Gen_Tot";9,58594405990971e-05;1e-12;0,0014194234779345;0,000745627985740376;0,000745627985740376;0,0004740635134752;0,00325876681017911;-0,0049937669182301;0,00661003116336021;-0,0049937669182301;0,00661003116336021;100;1;0,9;TRUE;0,57;0,8;FALSE;FALSE;0,57;0,43;0
"FAS_cat_None_Low";"hs_Gen_Tot";9,58594405990971e-05;1e-12;0,0172850085168116;0,0176372599642456;0,0176372599642456;0,0152314062988655;0,010034973522683;0,00181094270253323;0,0380819240259679;0,00181094270253323;0,0380819240259679;100;1;0,9;TRUE;0,99;0,8;TRUE;TRUE;0,99;0,01;0
"FAS_cat_None_Middle";"hs_Gen_Tot";9,58594405990971e-05;1e-12;0,00375889680467652;0,00615895776982145;0,00615895776982145;0,0055276947304739;0,0061770983924427;-0,00413949235979323;0,0184467599320358;-0,00413949235979323;0,0184467599320358;100;1;0,9;TRUE;0,85;0,8;TRUE;TRUE;0,85;0,15;0
"hs_globalexp2_None_no exposure";"hs_Gen_Tot";9,58594405990971e-05;1e-12;0,0121446358107138;0,0122034362070074;0,0122034362070074;0,0121235978541514;0,00527089814252163;0,00324074299576048;0,0235823309446897;0,00324074299576048;0,0235823309446897;100;1;0,9;TRUE;0,99;0,8;TRUE;TRUE;0,99;0,01;0
"hs_no2_dy_hs_h_Log";"hs_bmi_c_cat";9,58594405990971e-05;1e-12;-0,206014969176414;-0,202925985015454;-0,202925985015454;-0,211110671102792;0,0818862861608749;-0,365274790318726;-0,0660709088889626;-0,365274790318726;-0,0660709088889626;100;1;0,9;TRUE;1;0,8;TRUE;TRUE;0;1;0
"hs_no2_wk_hs_h_Log";"hs_bmi_c_cat";9,58594405990971e-05;1e-12;0,0276587312227776;0,0222792018896777;0,0222792018896777;0,0214374910913371;0,0670238415490966;-0,0924794992680569;0,140115399847436;-0,0924794992680569;0,140115399847436;100;1;0,9;TRUE;0,62;0,8;FALSE;FALSE;0,62;0,38;0
"hs_no2_yr_hs_h_Log";"hs_bmi_c_cat";9,58594405990971e-05;1e-12;-0,0119027952093556;-0,014131282079615;-0,014131282079615;-0,0191250082206904;0,0665887016051604;-0,138193391877595;0,105555605611632;-0,138193391877595;0,105555605611632;100;1;0,9;TRUE;0,57;0,8;FALSE;FALSE;0,43;0,57;0
"hs_pm10_dy_hs_h_None";"hs_bmi_c_cat";9,58594405990971e-05;1e-12;0,156837529381552;0,157191260085377;0,157191260085377;0,159393946236087;0,0707893099293652;0,0257489762168479;0,280581692508442;0,0257489762168479;0,280581692508442;100;1;0,9;TRUE;0,99;0,8;TRUE;TRUE;0,99;0,01;0
"hs_pm10_wk_hs_h_None";"hs_bmi_c_cat";9,58594405990971e-05;1e-12;-0,128129907544124;-0,11138120913346;-0,11138120913346;-0,124713441370867;0,0701929929162611;-0,218770754417057;0,0337745638461869;-0,218770754417057;0,0337745638461869;100;1;0,9;TRUE;0,9;0,8;TRUE;TRUE;0,1;0,9;0
"hs_pm10_yr_hs_h_None";"hs_bmi_c_cat";9,58594405990971e-05;1e-12;-0,012628941554448;-0,000411260799708796;-0,000411260799708796;0,000160957782597997;0,07571023850886;-0,126460121512003;0,143996597278817;-0,126460121512003;0,143996597278817;100;1;0,9;TRUE;0,5;0,8;FALSE;FALSE;0,5;0,5;0
"hs_pm25_dy_hs_h_None";"hs_bmi_c_cat";9,58594405990971e-05;1e-12;0,108761295708939;0,106434843938781;0,106434843938781;0,102242465349221;0,0800175425751767;-0,0554780736564837;0,25782420360924;-0,0554780736564837;0,25782420360924;100;1;0,9;TRUE;0,92;0,8;TRUE;TRUE;0,92;0,08;0
"hs_pm25_wk_hs_h_None";"hs_bmi_c_cat";9,58594405990971e-05;1e-12;0,0201636013046121;0,0220055616286004;0,0220055616286004;0,0165612656334911;0,0869301445007899;-0,120370568494319;0,182898902055865;-0,120370568494319;0,182898902055865;100;1;0,9;TRUE;0,58;0,8;FALSE;FALSE;0,58;0,42;0
"hs_pm25_yr_hs_h_None";"hs_bmi_c_cat";9,58594405990971e-05;1e-12;0,035808598884966;0,0366972185218357;0,0366972185218357;0,0362776685670001;0,0739553612803842;-0,0813466639829152;0,19359077701998;-0,0813466639829152;0,19359077701998;100;1;0,9;TRUE;0,68;0,8;FALSE;FALSE;0,68;0,32;0
"hs_pm25abs_dy_hs_h_Log";"hs_bmi_c_cat";9,58594405990971e-05;1e-12;0,00280985683970031;0,000167976730964978;0,000167976730964978;0,00751177486816821;0,0729446110363062;-0,122975397164816;0,15018615896075;-0,122975397164816;0,15018615896075;100;1;0,9;TRUE;0,51;0,8;FALSE;FALSE;0,51;0,49;0
"hs_pm25abs_wk_hs_h_Log";"hs_bmi_c_cat";9,58594405990971e-05;1e-12;0,0628154119692408;0,0646132921046781;0,0646132921046781;0,0551472034914137;0,0674147874192794;-0,0627432454980634;0,184593931911991;-0,0627432454980634;0,184593931911991;100;1;0,9;TRUE;0,83;0,8;TRUE;TRUE;0,83;0,17;0
"hs_pm25abs_yr_hs_h_Log";"hs_bmi_c_cat";9,58594405990971e-05;1e-12;0,0972122594291762;0,0981977589933713;0,0981977589933713;0,0949912912740613;0,0842192226699398;-0,0492527117832547;0,242462575763925;-0,0492527117832547;0,242462575763925;100;1;0,9;TRUE;0,85;0,8;TRUE;TRUE;0,85;0,15;0
"hs_accesslines300_h_dic0";"hs_bmi_c_cat";9,58594405990971e-05;1e-12;-0,0302910054022122;-0,0321796507726778;-0,0321796507726778;-0,0152215131300872;0,16636345738901;-0,408924618961234;0,230304159866508;-0,408924618961234;0,230304159866508;100;1;0,9;TRUE;0,52;0,8;FALSE;FALSE;0,48;0,52;0
"hs_accesspoints300_h_Log";"hs_bmi_c_cat";9,58594405990971e-05;1e-12;-0,0866020489603083;-0,094172578504687;-0,094172578504687;-0,0891386856356857;0,0741175332201301;-0,250512579093277;0,0149301550077992;-0,250512579093277;0,0149301550077992;100;1;0,9;TRUE;0,92;0,8;TRUE;TRUE;0,08;0,92;0
"hs_builtdens300_h_Sqrt";"hs_bmi_c_cat";9,58594405990971e-05;1e-12;-0,0333822088060075;-0,0355133993904621;-0,0355133993904621;-0,0344762201284375;0,0822577759382537;-0,180140586297416;0,117202556112275;-0,180140586297416;0,117202556112275;100;1;0,9;TRUE;0,61;0,8;FALSE;FALSE;0,39;0,61;0
"hs_connind300_h_Log";"hs_bmi_c_cat";9,58594405990971e-05;1e-12;0,054329168146243;0,0525785877749404;0,0525785877749404;0,0489646052152178;0,0758881981493582;-0,0916032298960074;0,206861316538534;-0,0916032298960074;0,206861316538534;100;1;0,9;TRUE;0,77;0,8;FALSE;FALSE;0,77;0,23;0
"hs_fdensity300_h_Log";"hs_bmi_c_cat";9,58594405990971e-05;1e-12;-0,172088010377819;-0,173603779587055;-0,173603779587055;-0,173302021817307;0,0799619673129346;-0,306048752741606;-0,0158414672194522;-0,306048752741606;-0,0158414672194522;100;1;0,9;TRUE;0,99;0,8;TRUE;TRUE;0,01;0,99;0
"hs_landuseshan300_h_None";"hs_bmi_c_cat";9,58594405990971e-05;1e-12;-0,0386329826619758;-0,0379909204662063;-0,0379909204662063;-0,0397100822851036;0,0663508494103034;-0,144543624922166;0,096136774363192;-0,144543624922166;0,096136774363192;100;1;0,9;TRUE;0,71;0,8;FALSE;FALSE;0,29;0,71;0
"hs_popdens_h_Sqrt";"hs_bmi_c_cat";9,58594405990971e-05;1e-12;0,115581330523662;0,112826966078882;0,112826966078882;0,110932123059542;0,0726453834513838;-0,038314578922502;0,248264537523641;-0,038314578922502;0,248264537523641;100;1;0,9;TRUE;0,96;0,8;TRUE;TRUE;0,96;0,04;0
"hs_walkability_mean_h_None";"hs_bmi_c_cat";9,58594405990971e-05;1e-12;0,0234251120268042;0,0207837072370463;0,0207837072370463;0,0190941978059232;0,0690460403327833;-0,126112283617339;0,146733497710905;-0,126112283617339;0,146733497710905;100;1;0,9;TRUE;0,68;0,8;FALSE;FALSE;0,68;0,32;0
"hs_accesslines300_s_dic0";"hs_bmi_c_cat";9,58594405990971e-05;1e-12;0,0974560171855633;0,100182888328196;0,100182888328196;0,0747115846542141;0,151325116745477;-0,150781106865533;0,389864806989287;-0,150781106865533;0,389864806989287;100;1;0,9;TRUE;0,76;0,8;FALSE;FALSE;0,76;0,24;0
"hs_accesspoints300_s_Log";"hs_bmi_c_cat";9,58594405990971e-05;1e-12;-0,196018925792295;-0,195891725888704;-0,195891725888704;-0,194427094058981;0,0790659214474232;-0,344806662333952;-0,0480300028252722;-0,344806662333952;-0,0480300028252722;100;1;0,9;TRUE;1;0,8;TRUE;TRUE;0;1;0
"hs_builtdens300_s_Sqrt";"hs_bmi_c_cat";9,58594405990971e-05;1e-12;0,0307688219213379;0,0291818100609712;0,0291818100609712;0,0287900727947702;0,0736638848891203;-0,114295036928282;0,167787648210834;-0,114295036928282;0,167787648210834;100;1;0,9;TRUE;0,63;0,8;FALSE;FALSE;0,63;0,37;0
"hs_connind300_s_Log";"hs_bmi_c_cat";9,58594405990971e-05;1e-12;-0,0801149897639914;-0,0825087938874518;-0,0825087938874518;-0,0907056020131764;0,0794600342108756;-0,235896090209273;0,0598483158193719;-0,235896090209273;0,0598483158193719;100;1;0,9;TRUE;0,82;0,8;TRUE;TRUE;0,18;0,82;0
"hs_fdensity300_s_Log";"hs_bmi_c_cat";9,58594405990971e-05;1e-12;-0,0844533061597579;-0,0909019639262426;-0,0909019639262426;-0,0813505709144251;0,081749488191279;-0,25910291902891;0,0484738436793954;-0,25910291902891;0,0484738436793954;100;1;0,9;TRUE;0,89;0,8;TRUE;TRUE;0,11;0,89;0
"hs_landuseshan300_s_None";"hs_bmi_c_cat";9,58594405990971e-05;1e-12;-0,0441473576504288;-0,0471168124977936;-0,0471168124977936;-0,0456238364459661;0,066279582963268;-0,170135277513456;0,0842014748878069;-0,170135277513456;0,0842014748878069;100;1;0,9;TRUE;0,79;0,8;FALSE;FALSE;0,21;0,79;0
"hs_popdens_s_Sqrt";"hs_bmi_c_cat";9,58594405990971e-05;1e-12;-0,101118931938013;-0,102813548427979;-0,102813548427979;-0,0962801831676076;0,0716161096392712;-0,252854225163289;0,027746342008159;-0,252854225163289;0,027746342008159;100;1;0,9;TRUE;0,94;0,8;TRUE;TRUE;0,06;0,94;0
"h_Absorbance_Log";"hs_bmi_c_cat";9,58594405990971e-05;1e-12;-0,0779263671637024;-0,0769784863669109;-0,0769784863669109;-0,0665508798558977;0,0766293402302676;-0,232088988475959;0,0479057519552788;-0,232088988475959;0,0479057519552788;100;1;0,9;TRUE;0,86;0,8;TRUE;TRUE;0,14;0,86;0
"h_Benzene_Log";"hs_bmi_c_cat";9,58594405990971e-05;1e-12;0,0858664062339943;0,0842192690390209;0,0842192690390209;0,0888171714037296;0,0760563646651821;-0,0572294367988095;0,214640116407268;-0,0572294367988095;0,214640116407268;100;1;0,9;TRUE;0,87;0,8;TRUE;TRUE;0,87;0,13;0
"h_NO2_Log";"hs_bmi_c_cat";9,58594405990971e-05;1e-12;0,0358715510571184;0,0321740329009356;0,0321740329009356;0,0269701648290951;0,0691312796326999;-0,105947100702705;0,153674066954624;-0,105947100702705;0,153674066954624;100;1;0,9;TRUE;0,71;0,8;FALSE;FALSE;0,71;0,29;0
"h_PM_Log";"hs_bmi_c_cat";9,58594405990971e-05;1e-12;0,0920100021637462;0,094420372407665;0,094420372407665;0,0969747394736819;0,0687498615684384;-0,0436716270459379;0,226643632690715;-0,0436716270459379;0,226643632690715;100;1;0,9;TRUE;0,91;0,8;TRUE;TRUE;0,91;0,09;0
"h_TEX_Log";"hs_bmi_c_cat";9,58594405990971e-05;1e-12;0,0552926669003066;0,0560670538571785;0,0560670538571785;0,0572309202772115;0,0671142534856808;-0,0844539373998711;0,175447585389401;-0,0844539373998711;0,175447585389401;100;1;0,9;TRUE;0,78;0,8;FALSE;FALSE;0,78;0,22;0
"hs_KIDMED_None";"hs_bmi_c_cat";9,58594405990971e-05;1e-12;0,13648118400497;0,141606276116962;0,141606276116962;0,142502804220624;0,0731886434520589;0,0054721138536331;0,271975578879863;0,0054721138536331;0,271975578879863;100;1;0,9;TRUE;0,97;0,8;TRUE;TRUE;0,97;0,03;0
"hs_mvpa_prd_alt_None";"hs_bmi_c_cat";9,58594405990971e-05;1e-12;-0,0636071131286229;-0,0635597282177044;-0,0635597282177044;-0,0662145940666947;0,0797553857027814;-0,235191503991768;0,0863196074106926;-0,235191503991768;0,0863196074106926;100;1;0,9;TRUE;0,8;0,8;TRUE;TRUE;0,2;0,8;0
"hs_sd_wk_None";"hs_bmi_c_cat";9,58594405990971e-05;1e-12;-0,0334885961945692;-0,0364630173347767;-0,0364630173347767;-0,0442340911312826;0,0696498200060587;-0,164823956717788;0,0953524124685291;-0,164823956717788;0,0953524124685291;100;1;0,9;TRUE;0,68;0,8;FALSE;FALSE;0,32;0,68;0
"hs_dif_hours_total_None";"hs_bmi_c_cat";9,58594405990971e-05;1e-12;-0,130466910079887;-0,135014330892961;-0,135014330892961;-0,123957993199546;0,0691703540433956;-0,268281681902829;-0,0274366800787198;-0,268281681902829;-0,0274366800787198;100;1;0,9;TRUE;1;0,8;TRUE;TRUE;0;1;0
"hs_as_c_Log2";"hs_bmi_c_cat";9,58594405990971e-05;1e-12;-0,0470877878526033;-0,0460811997082697;-0,0460811997082697;-0,0439756331471062;0,0674273988915462;-0,188926913965883;0,0661143823063536;-0,188926913965883;0,0661143823063536;100;1;0,9;TRUE;0,8;0,8;TRUE;TRUE;0,2;0,8;0
"hs_cd_c_Log2";"hs_bmi_c_cat";9,58594405990971e-05;1e-12;0,0320889416401331;0,029085733744284;0,029085733744284;0,0306486402156898;0,0767405539058441;-0,10580659285921;0,173022863082678;-0,10580659285921;0,173022863082678;100;1;0,9;TRUE;0,64;0,8;FALSE;FALSE;0,64;0,36;0
"hs_co_c_Log2";"hs_bmi_c_cat";9,58594405990971e-05;1e-12;-0,0863946343359843;-0,0913650136079378;-0,0913650136079378;-0,0912652564292652;0,0632663256183737;-0,202421593522244;0,0472516499784016;-0,202421593522244;0,0472516499784016;100;1;0,9;TRUE;0,91;0,8;TRUE;TRUE;0,09;0,91;0
"hs_cs_c_Log2";"hs_bmi_c_cat";9,58594405990971e-05;1e-12;0,261158756731452;0,264507001582101;0,264507001582101;0,263400640839778;0,0824367306872925;0,117370630387341;0,414277407269123;0,117370630387341;0,414277407269123;100;1;0,9;TRUE;0,99;0,8;TRUE;TRUE;0,99;0,01;0
"hs_cu_c_Log2";"hs_bmi_c_cat";9,58594405990971e-05;1e-12;0,244247171231866;0,254902793035347;0,254902793035347;0,257020915577454;0,0685011226953961;0,116582855167985;0,37752976866664;0,116582855167985;0,37752976866664;100;1;0,9;TRUE;1;0,8;TRUE;TRUE;1;0;0
"hs_hg_c_Log2";"hs_bmi_c_cat";9,58594405990971e-05;1e-12;0,00573577005701414;0,00759106616275296;0,00759106616275296;0,00404910648321055;0,0699509630794955;-0,113740704935909;0,138745760025635;-0,113740704935909;0,138745760025635;100;1;0,9;TRUE;0,54;0,8;FALSE;FALSE;0,54;0,46;0
"hs_mn_c_Log2";"hs_bmi_c_cat";9,58594405990971e-05;1e-12;-0,0154872566791769;-0,0132047705404158;-0,0132047705404158;-0,0201034471853454;0,0640251199736561;-0,11352286713735;0,110154063562756;-0,11352286713735;0,110154063562756;100;1;0,9;TRUE;0,57;0,8;FALSE;FALSE;0,43;0,57;0
"hs_mo_c_Log2";"hs_bmi_c_cat";9,58594405990971e-05;1e-12;-0,0801348076796512;-0,0835671451070431;-0,0835671451070431;-0,0897871061362932;0,0537641498534817;-0,185898583524396;0,0327053421927402;-0,185898583524396;0,0327053421927402;100;1;0,9;TRUE;0,93;0,8;TRUE;TRUE;0,07;0,93;0
"hs_pb_c_Log2";"hs_bmi_c_cat";9,58594405990971e-05;1e-12;-0,00701967679133714;-0,00115860243728919;-0,00115860243728919;0,00204103785072484;0,0711659938189221;-0,137927819324844;0,116509064658491;-0,137927819324844;0,116509064658491;100;1;0,9;TRUE;0,49;0,8;FALSE;FALSE;0,51;0,49;0
"hs_hum_mt_hs_h_None";"hs_bmi_c_cat";9,58594405990971e-05;1e-12;0,29554037234814;0,296240550652273;0,296240550652273;0,301768955473823;0,0769194820646175;0,149868415180348;0,413267270797531;0,149868415180348;0,413267270797531;100;1;0,9;TRUE;1;0,8;TRUE;TRUE;1;0;0
"hs_tm_mt_hs_h_None";"hs_bmi_c_cat";9,58594405990971e-05;1e-12;-0,0226979132908064;-0,0212370686808703;-0,0212370686808703;-0,0223059473350579;0,0686322029718737;-0,162348585366419;0,105715904009763;-0,162348585366419;0,105715904009763;100;1;0,9;TRUE;0,63;0,8;FALSE;FALSE;0,37;0,63;0
"hs_uvdvf_mt_hs_h_None";"hs_bmi_c_cat";9,58594405990971e-05;1e-12;0,121077681918268;0,118679311005053;0,118679311005053;0,115980088370521;0,0720997847835746;-0,0208198161319324;0,248928125006909;-0,0208198161319324;0,248928125006909;100;1;0,9;TRUE;0,95;0,8;TRUE;TRUE;0,95;0,05;0
"hs_hum_dy_hs_h_None";"hs_bmi_c_cat";9,58594405990971e-05;1e-12;0,0369998371846838;0,04636717971273;0,04636717971273;0,0456874960629178;0,0671582748780634;-0,0736383269285322;0,178499334773103;-0,0736383269285322;0,178499334773103;100;1;0,9;TRUE;0,76;0,8;FALSE;FALSE;0,76;0,24;0
"hs_hum_wk_hs_h_None";"hs_bmi_c_cat";9,58594405990971e-05;1e-12;0,139967699259814;0,144333636244124;0,144333636244124;0,147811550811508;0,0804057506704943;-0,0138226539682712;0,294303187123328;-0,0138226539682712;0,294303187123328;100;1;0,9;TRUE;0,95;0,8;TRUE;TRUE;0,95;0,05;0
"hs_tm_dy_hs_h_None";"hs_bmi_c_cat";9,58594405990971e-05;1e-12;-0,072341037743622;-0,0771860232800864;-0,0771860232800864;-0,072329435988329;0,0732232047802739;-0,201238495095074;0,0822822460896057;-0,201238495095074;0,0822822460896057;100;1;0,9;TRUE;0,87;0,8;TRUE;TRUE;0,13;0,87;0
"hs_tm_wk_hs_h_None";"hs_bmi_c_cat";9,58594405990971e-05;1e-12;-0,00511560745181392;-0,00303174186249673;-0,00303174186249673;-0,00179505368982666;0,0624139515514018;-0,130491244263935;0,110477743007286;-0,130491244263935;0,110477743007286;100;1;0,9;TRUE;0,51;0,8;FALSE;FALSE;0,49;0,51;0
"hs_uvdvf_dy_hs_h_None";"hs_bmi_c_cat";9,58594405990971e-05;1e-12;-0,0123678045131283;-0,00916752197818562;-0,00916752197818562;-0,0139697162085668;0,0633148188933893;-0,14056882690063;0,106484519577723;-0,14056882690063;0,106484519577723;100;1;0,9;TRUE;0,6;0,8;FALSE;FALSE;0,4;0,6;0
"hs_uvdvf_wk_hs_h_None";"hs_bmi_c_cat";9,58594405990971e-05;1e-12;0,019383049277173;0,0216968551067907;0,0216968551067907;0,0216665973716946;0,0618595016119894;-0,0915040916990002;0,127681203171677;-0,0915040916990002;0,127681203171677;100;1;0,9;TRUE;0,58;0,8;FALSE;FALSE;0,58;0,42;0
"hs_ndvi100_h_None";"hs_bmi_c_cat";9,58594405990971e-05;1e-12;-0,0874610321840636;-0,0857690563383023;-0,0857690563383023;-0,0814714630662023;0,0732781576737482;-0,221411656087884;0,042194662729485;-0,221411656087884;0,042194662729485;100;1;0,9;TRUE;0,88;0,8;TRUE;TRUE;0,12;0,88;0
"hs_ndvi100_s_None";"hs_bmi_c_cat";9,58594405990971e-05;1e-12;-0,108719943452526;-0,109739571341961;-0,109739571341961;-0,108311322824962;0,0793630571240794;-0,264457424887818;0,0372307206651074;-0,264457424887818;0,0372307206651074;100;1;0,9;TRUE;0,94;0,8;TRUE;TRUE;0,06;0,94;0
"hs_dde_cadj_Log2";"hs_bmi_c_cat";9,58594405990971e-05;1e-12;-0,191861563778029;-0,189846400395482;-0,189846400395482;-0,192537371365576;0,0904287210314164;-0,357542447504686;-0,00264981240316389;-0,357542447504686;-0,00264981240316389;100;1;0,9;TRUE;0,97;0,8;TRUE;TRUE;0,03;0,97;0
"hs_ddt_cadj_Log2";"hs_bmi_c_cat";9,58594405990971e-05;1e-12;0,0412175227905565;0,0443499196814655;0,0443499196814655;0,0428947918432811;0,0691376205798316;-0,0886351922353205;0,180309935148643;-0,0886351922353205;0,180309935148643;100;1;0,9;TRUE;0,77;0,8;FALSE;FALSE;0,77;0,23;0
"hs_hcb_cadj_Log2";"hs_bmi_c_cat";9,58594405990971e-05;1e-12;-0,45870852443944;-0,46276951855631;-0,46276951855631;-0,46252675958347;0,0816646135589786;-0,628565543107167;-0,292013671298425;-0,628565543107167;-0,292013671298425;100;1;0,9;TRUE;1;0,8;TRUE;TRUE;0;1;0
"hs_pcb118_cadj_Log2";"hs_bmi_c_cat";9,58594405990971e-05;1e-12;0,0760890940432523;0,0724736578477551;0,0724736578477551;0,0766035000917458;0,0647975711485697;-0,0505072095344936;0,184804213924846;-0,0505072095344936;0,184804213924846;100;1;0,9;TRUE;0,86;0,8;TRUE;TRUE;0,86;0,14;0
"hs_pcb138_cadj_Log2";"hs_bmi_c_cat";9,58594405990971e-05;1e-12;0,103499915626223;0,0817750751473638;0,0817750751473638;0,0897308160085986;0,0920214205423051;-0,120260278273446;0,207160499281657;-0,120260278273446;0,207160499281657;100;1;0,9;TRUE;0,82;0,8;TRUE;TRUE;0,82;0,18;0
"hs_pcb153_cadj_Log2";"hs_bmi_c_cat";9,58594405990971e-05;1e-12;-0,0580949457872335;-0,0649329037321969;-0,0649329037321969;-0,0582871655893375;0,0697882026982848;-0,204080848951073;0,0712994749298425;-0,204080848951073;0,0712994749298425;100;1;0,9;TRUE;0,88;0,8;TRUE;TRUE;0,12;0,88;0
"hs_pcb170_cadj_Log2";"hs_bmi_c_cat";9,58594405990971e-05;1e-12;-0,259648145372148;-0,260469227527802;-0,260469227527802;-0,268212351564612;0,0774649073435411;-0,415202238640426;-0,105806701551527;-0,415202238640426;-0,105806701551527;100;1;0,9;TRUE;1;0,8;TRUE;TRUE;0;1;0
"hs_pcb180_cadj_Log2";"hs_bmi_c_cat";9,58594405990971e-05;1e-12;-0,0953516680202964;-0,100625599618256;-0,100625599618256;-0,108787494779609;0,0870930376962277;-0,28568778092556;0,0586925858214006;-0,28568778092556;0,0586925858214006;100;1;0,9;TRUE;0,88;0,8;TRUE;TRUE;0,12;0,88;0
"hs_sumPCBs5_cadj_Log2";"hs_bmi_c_cat";9,58594405990971e-05;1e-12;-0,157202832595519;-0,158024504661006;-0,158024504661006;-0,156919679201542;0,065076994705831;-0,282932201615877;-0,040219068119504;-0,282932201615877;-0,040219068119504;100;1;0,9;TRUE;1;0,8;TRUE;TRUE;0;1;0
"hs_pfhxs_c_Log2";"hs_bmi_c_cat";9,58594405990971e-05;1e-12;0,0361098424484021;0,0352225308166061;0,0352225308166061;0,0357594354543951;0,0658728500249611;-0,109918839753739;0,15520777007857;-0,109918839753739;0,15520777007857;100;1;0,9;TRUE;0,74;0,8;FALSE;FALSE;0,74;0,26;0
"hs_pfna_c_Log2";"hs_bmi_c_cat";9,58594405990971e-05;1e-12;0,0971235466455511;0,09579641953865;0,09579641953865;0,0988748825242181;0,0705755305274241;-0,0590656696916675;0,217275735104436;-0,0590656696916675;0,217275735104436;100;1;0,9;TRUE;0,91;0,8;TRUE;TRUE;0,91;0,09;0
"hs_pfoa_c_Log2";"hs_bmi_c_cat";9,58594405990971e-05;1e-12;-0,124040666548932;-0,127071178448065;-0,127071178448065;-0,121001978103248;0,0666799480209409;-0,271247012168078;-0,0080768537178132;-0,271247012168078;-0,0080768537178132;100;1;0,9;TRUE;0,98;0,8;TRUE;TRUE;0,02;0,98;0
"hs_pfos_c_Log2";"hs_bmi_c_cat";9,58594405990971e-05;1e-12;-0,110863983664616;-0,107460520797179;-0,107460520797179;-0,111617609456623;0,0744307776003339;-0,225438719473448;0,0588834947368582;-0,225438719473448;0,0588834947368582;100;1;0,9;TRUE;0,94;0,8;TRUE;TRUE;0,06;0,94;0
"hs_pfunda_c_Log2";"hs_bmi_c_cat";9,58594405990971e-05;1e-12;0,0342150685924333;0,0350578561636703;0,0350578561636703;0,0440878748841066;0,0645538994854733;-0,0678463318828721;0,162131649364218;-0,0678463318828721;0,162131649364218;100;1;0,9;TRUE;0,67;0,8;FALSE;FALSE;0,67;0,33;0
"hs_hm_pers_None";"hs_bmi_c_cat";9,58594405990971e-05;1e-12;-0,0218119365642154;-0,0269304453267266;-0,0269304453267266;-0,0166603437252929;0,0745283790169139;-0,195533146522309;0,114162922567658;-0,195533146522309;0,114162922567658;100;1;0,9;TRUE;0,63;0,8;FALSE;FALSE;0,37;0,63;0
"hs_trafload_h_pow1over3";"hs_bmi_c_cat";9,58594405990971e-05;1e-12;-0,0632652644235563;-0,0635863061001555;-0,0635863061001555;-0,0654264438313118;0,0757793088055622;-0,201640440142602;0,0816852313122184;-0,201640440142602;0,0816852313122184;100;1;0,9;TRUE;0,79;0,8;FALSE;FALSE;0,21;0,79;0
"hs_trafnear_h_pow1over3";"hs_bmi_c_cat";9,58594405990971e-05;1e-12;0,0830446275382618;0,0813010329526193;0,0813010329526193;0,0819533016165967;0,0697591863284426;-0,0573832320342535;0,191811881743167;-0,0573832320342535;0,191811881743167;100;1;0,9;TRUE;0,84;0,8;TRUE;TRUE;0,84;0,16;0
"FAS_cat_None_Low";"hs_bmi_c_cat";9,58594405990971e-05;1e-12;-0,559540996161186;-0,57007631794616;-0,57007631794616;-0,587088734317647;0,167751201554747;-0,840346543255151;-0,252891856318973;-0,840346543255151;-0,252891856318973;100;1;0,9;TRUE;1;0,8;TRUE;TRUE;0;1;0
"FAS_cat_None_Middle";"hs_bmi_c_cat";9,58594405990971e-05;1e-12;-0,257756316204807;-0,258567866007624;-0,258567866007624;-0,234742655612349;0,131562827900016;-0,522469184452346;-0,0271262292666154;-0,522469184452346;-0,0271262292666154;100;1;0,9;TRUE;1;0,8;TRUE;TRUE;0;1;0
"hs_globalexp2_None_no exposure";"hs_bmi_c_cat";9,58594405990971e-05;1e-12;-0,213473953704523;-0,219524985255345;-0,219524985255345;-0,209562863730651;0,123699469335535;-0,480693836758139;0,00737052153498705;-0,480693836758139;0,00737052153498705;100;1;0,9;TRUE;0,97;0,8;TRUE;TRUE;0,03;0,97;0
