"exposure";"outcome";"lambda";"selection_tol";"beta_original";"beta_boot_mean_all";"beta_boot_mean_selected";"beta_boot_median_selected";"beta_boot_sd_all";"beta_boot_q025_all";"beta_boot_q975_all";"beta_boot_q025_selected";"beta_boot_q975_selected";"n_selected";"sel_prob";"sel_prob_threshold";"passes_sel_prob";"sign_consistency";"sign_consistency_threshold";"passes_sign_consistency";"passes_stability_filter";"prop_positive";"prop_negative";"prop_zero"
"hs_no2_dy_hs_h_Log";"e3_bw";0,18953694118342;1e-12;-0,0201885286846588;-0,0130880608416398;-0,0133551641241223;-0,0140250285541043;0,0195805195419705;-0,0441136627265626;0,0339824225819159;-0,0441867670992614;0,0341706512407874;98;0,98;0,9;TRUE;0,877551020408163;0,8;TRUE;TRUE;0,12;0,86;0,02
"hs_no2_wk_hs_h_Log";"e3_bw";0,18953694118342;1e-12;0;0,00124889154810832;0,00171081033987442;0,000427116750997737;0,00850409100763092;-0,0140034402889024;0,0215676669296723;-0,0151398388669612;0,0236228067305533;73;0,73;0,9;FALSE;NA;0,8;FALSE;FALSE;0,4;0,33;0,27
"hs_no2_yr_hs_h_Log";"e3_bw";0,18953694118342;1e-12;0,0061499131671935;0,00104587963624473;0,0010894579544216;0,000496756542538984;0,0190746252630685;-0,0356736325779669;0,0372480256816692;-0,0358091915230536;0,0373882886106951;96;0,96;0,9;TRUE;0,541666666666667;0,8;FALSE;FALSE;0,52;0,44;0,04
"hs_pm10_dy_hs_h_None";"e3_bw";0,18953694118342;1e-12;0,00398247247161285;0,00245972279074604;0,00250992121504698;0,00047460242908066;0,0149687226696252;-0,0209051020368077;0,0354647274129788;-0,020936225266162;0,0356003335245408;98;0,98;0,9;TRUE;0,520408163265306;0,8;FALSE;FALSE;0,51;0,47;0,02
"hs_pm10_wk_hs_h_None";"e3_bw";0,18953694118342;1e-12;0,00970685849439376;0,00258204156196857;0,00268962662705059;0,00128069508375447;0,0150298010109236;-0,0253935274745794;0,0316434535399319;-0,0257161759467127;0,0319197454820348;96;0,96;0,9;TRUE;0,572916666666667;0,8;FALSE;FALSE;0,55;0,41;0,04
"hs_pm10_yr_hs_h_None";"e3_bw";0,18953694118342;1e-12;0,000271600332256416;0,0140336428491039;0,0171141985964682;0,0127387634878005;0,0167432051724654;-0,00103717507143966;0,0617584771133186;-0,00129677930506935;0,0663778203122998;82;0,82;0,9;FALSE;0,926829268292683;0,8;TRUE;FALSE;0,76;0,06;0,18
"hs_pm25_dy_hs_h_None";"e3_bw";0,18953694118342;1e-12;-0,00507487482255911;-4,80248928312993e-05;-4,95101987951539e-05;0,000638700225275297;0,0175255750353002;-0,0324774367686514;0,0311658982054117;-0,0333413362337651;0,031453749889358;97;0,97;0,9;TRUE;0,474226804123711;0,8;FALSE;FALSE;0,51;0,46;0,03
"hs_pm25_wk_hs_h_None";"e3_bw";0,18953694118342;1e-12;0;-0,000743722548171457;-0,00103294798357147;-0,00122101240309277;0,00922712551779282;-0,0178640680710998;0,0224832808077204;-0,0181860165941167;0,0233106381380006;72;0,72;0,9;FALSE;NA;0,8;FALSE;FALSE;0,29;0,43;0,28
"hs_pm25_yr_hs_h_None";"e3_bw";0,18953694118342;1e-12;0,00567247765826513;-0,010656946122882;-0,010656946122882;-0,0105631827553567;0,0370131565387887;-0,0904126250736188;0,0676948785199727;-0,0904126250736188;0,0676948785199727;100;1;0,9;TRUE;0,37;0,8;FALSE;FALSE;0,37;0,63;0
"hs_pm25abs_dy_hs_h_Log";"e3_bw";0,18953694118342;1e-12;0,0168871106617937;0,017748741436537;0,017748741436537;0,0173011038689912;0,0148989513268344;-0,00923490171229728;0,0501267358214761;-0,00923490171229728;0,0501267358214761;100;1;0,9;TRUE;0,94;0,8;TRUE;TRUE;0,94;0,06;0
"hs_pm25abs_wk_hs_h_Log";"e3_bw";0,18953694118342;1e-12;0;-0,00524777942774654;-0,00589638137949049;-0,00543274327323842;0,0117742975583823;-0,0318058504622885;0,0204935930561145;-0,0332334679674117;0,0215089261702252;89;0,89;0,9;FALSE;NA;0,8;FALSE;FALSE;0,18;0,71;0,11
"hs_pm25abs_yr_hs_h_Log";"e3_bw";0,18953694118342;1e-12;0,00956707165355594;0,0074058450876727;0,00787855860390713;0,00770048825441361;0,0137933968933918;-0,0203035678985805;0,0342507160579324;-0,020697405647603;0,0343420844062788;94;0,94;0,9;TRUE;0,734042553191489;0,8;FALSE;FALSE;0,69;0,25;0,06
"hs_accesslines300_h_dic0";"e3_bw";0,18953694118342;1e-12;0,0045706951691984;0,0297649486770542;0,0297649486770542;0,0229750849296305;0,0552654211813431;-0,0672134227621294;0,181781993813912;-0,0672134227621294;0,181781993813912;100;1;0,9;TRUE;0,7;0,8;FALSE;FALSE;0,7;0,3;0
"hs_accesspoints300_h_Log";"e3_bw";0,18953694118342;1e-12;-0,0187317717144284;-0,0219800121119775;-0,0219800121119775;-0,0182394728856013;0,0182793554384288;-0,0609948516815213;0,000817846191049954;-0,0609948516815213;0,000817846191049954;100;1;0,9;TRUE;0,95;0,8;TRUE;TRUE;0,05;0,95;0
"hs_builtdens300_h_Sqrt";"e3_bw";0,18953694118342;1e-12;0;0,00251060374642273;0,00291930668188689;0,000360943283193132;0,0105856438023677;-0,00984082845142009;0,0262907887347489;-0,00995160217403849;0,0304736062289015;86;0,86;0,9;FALSE;NA;0,8;FALSE;FALSE;0,47;0,39;0,14
"hs_connind300_h_Log";"e3_bw";0,18953694118342;1e-12;0;0,000323614251339509;0,000425808225446723;0,000379552392923572;0,0100171575346672;-0,0181608283455284;0,0270088913460784;-0,0186718019325739;0,0291758410007969;76;0,76;0,9;FALSE;NA;0,8;FALSE;FALSE;0,42;0,34;0,24
"hs_fdensity300_h_Log";"e3_bw";0,18953694118342;1e-12;0,0141346230863515;0,020183786682206;0,020183786682206;0,0178795473148781;0,0186352670694701;-0,0125466436876058;0,0568431978561092;-0,0125466436876058;0,0568431978561092;100;1;0,9;TRUE;0,89;0,8;TRUE;TRUE;0,89;0,11;0
"hs_landuseshan300_h_None";"e3_bw";0,18953694118342;1e-12;0,0039933216300124;0,00210339608521269;0,00221410114232915;0,00276073720296129;0,00990650692471507;-0,0229284263679856;0,0186571592143939;-0,0230541934664828;0,018967682657993;95;0,95;0,9;TRUE;0,673684210526316;0,8;FALSE;FALSE;0,64;0,31;0,05
"hs_popdens_h_Sqrt";"e3_bw";0,18953694118342;1e-12;0,00182258041022873;0,00328104199606153;0,00377131263915118;0,00304609859175153;0,0104121648540201;-0,0181257528622207;0,0256424204007814;-0,0184374021518839;0,0257038779330813;87;0,87;0,9;FALSE;0,655172413793103;0,8;FALSE;FALSE;0,57;0,3;0,13
"hs_walkability_mean_h_None";"e3_bw";0,18953694118342;1e-12;0,00484640392083764;-0,00071067263973189;-0,000748076462875674;0,000739894483366403;0,014897179521432;-0,0336445859602151;0,0263756542052329;-0,0339647250631347;0,0265738769056183;95;0,95;0,9;TRUE;0,526315789473684;0,8;FALSE;FALSE;0,5;0,45;0,05
"hs_accesslines300_s_dic0";"e3_bw";0,18953694118342;1e-12;-0,0423407156246114;-0,0404219467884443;-0,0404219467884443;-0,0276687853083839;0,0560714970317038;-0,1906603454125;0,0479064875881831;-0,1906603454125;0,0479064875881831;100;1;0,9;TRUE;0,83;0,8;TRUE;TRUE;0,17;0,83;0
"hs_accesspoints300_s_Log";"e3_bw";0,18953694118342;1e-12;-0,0249440240381242;-0,0256811382491709;-0,0256811382491709;-0,023021232912721;0,0150562209737418;-0,0572939327332347;-0,00221064498408359;-0,0572939327332347;-0,00221064498408359;100;1;0,9;TRUE;0,98;0,8;TRUE;TRUE;0,02;0,98;0
"hs_builtdens300_s_Sqrt";"e3_bw";0,18953694118342;1e-12;-0,000643269599817983;3,96999401642651e-05;4,56321151313392e-05;-0,000329446512531033;0,0144308690716908;-0,0259658699645536;0,0251488274765514;-0,0267168368022061;0,025695273673042;87;0,87;0,9;FALSE;0,528735632183908;0,8;FALSE;FALSE;0,41;0,46;0,13
"hs_connind300_s_Log";"e3_bw";0,18953694118342;1e-12;-0,000753785335047401;-0,00509495525976909;-0,00578972188610124;-0,00331537553245511;0,0126471639353527;-0,0301797552069115;0,0155072352198223;-0,0303283910823208;0,015620028452185;88;0,88;0,9;FALSE;0,625;0,8;FALSE;FALSE;0,33;0,55;0,12
"hs_fdensity300_s_Log";"e3_bw";0,18953694118342;1e-12;-0,00921707236445239;-0,0132840401715452;-0,0144391740995057;-0,0127676437896999;0,0145465211941929;-0,0404215008762179;0,0064235633415007;-0,0405728533760017;0,00656914469039129;92;0,92;0,9;TRUE;0,902173913043478;0,8;TRUE;TRUE;0,09;0,83;0,08
"hs_landuseshan300_s_None";"e3_bw";0,18953694118342;1e-12;-0,0131116236657044;-0,00581824884708186;-0,00587701903745643;-0,00544103541665437;0,0147487981587281;-0,0332552489775816;0,0273063921923703;-0,0333665921145465;0,0273950240783631;99;0,99;0,9;TRUE;0,747474747474748;0,8;FALSE;FALSE;0,25;0,74;0,01
"hs_popdens_s_Sqrt";"e3_bw";0,18953694118342;1e-12;0;0,00773109922040276;0,00978620154481362;0,00698523030591039;0,0110690950099388;-0,00467002516979108;0,0402873531611928;-0,00494809553180009;0,0419106151146392;79;0,79;0,9;FALSE;NA;0,8;FALSE;FALSE;0,7;0,09;0,21
"h_Absorbance_Log";"e3_bw";0,18953694118342;1e-12;0,0058128143511486;0,00365340400410692;0,0038456884253757;0,00576230456643554;0,0134905485382371;-0,0343476014797911;0,0249320267329444;-0,0361292441754736;0,0252458178893487;95;0,95;0,9;TRUE;0,747368421052632;0,8;FALSE;FALSE;0,71;0,24;0,05
"h_Benzene_Log";"e3_bw";0,18953694118342;1e-12;-0,0309256067371789;-0,0344700163475263;-0,0344700163475263;-0,0320291518549778;0,0226626061460933;-0,0804681402317331;0,00661286699773567;-0,0804681402317331;0,00661286699773567;100;1;0,9;TRUE;0,95;0,8;TRUE;TRUE;0,05;0,95;0
"h_NO2_Log";"e3_bw";0,18953694118342;1e-12;0,00344124282438993;0,0191268438518142;0,0199237956789731;0,0127685781554117;0,0205573168921099;-0,00189058835933264;0,0668154741906504;-0,00194592229059385;0,0674939077232489;96;0,96;0,9;TRUE;0,927083333333333;0,8;TRUE;TRUE;0,89;0,07;0,04
"h_PM_Log";"e3_bw";0,18953694118342;1e-12;-0,0147256289880188;-0,0169001245322414;-0,0169001245322414;-0,0138409092704488;0,0167122447429146;-0,0554316863836127;0,00888733063156177;-0,0554316863836127;0,00888733063156177;100;1;0,9;TRUE;0,89;0,8;TRUE;TRUE;0,11;0,89;0
"h_TEX_Log";"e3_bw";0,18953694118342;1e-12;0,00486544333630474;0,00476647860272806;0,0050707219177958;0,0025910992714812;0,00966758660009658;-0,01196598535663;0,0290070108313233;-0,0121090060495657;0,0290955902099886;94;0,94;0,9;TRUE;0,691489361702128;0,8;FALSE;FALSE;0,65;0,29;0,06
"hs_KIDMED_None";"e3_bw";0,18953694118342;1e-12;0,0182435569250876;0,0220658585321869;0,0220658585321869;0,0181172916843416;0,017762329576366;-0,00553871278971739;0,0564904837269754;-0,00553871278971739;0,0564904837269754;100;1;0,9;TRUE;0,93;0,8;TRUE;TRUE;0,93;0,07;0
"hs_mvpa_prd_alt_None";"e3_bw";0,18953694118342;1e-12;-0,00124471166599178;-0,0112025523676805;-0,0113157094623035;-0,0103894126161173;0,0166304197794242;-0,0466848826957444;0,0227564179482134;-0,046837536196408;0,0229638827745984;99;0,99;0,9;TRUE;0,797979797979798;0,8;FALSE;FALSE;0,2;0,79;0,01
"hs_sd_wk_None";"e3_bw";0,18953694118342;1e-12;-0,00924621063371612;-0,00588072637061425;-0,00612575663605651;-0,00489067473794168;0,0121501579506164;-0,0313740359054885;0,0210889425449293;-0,0314693879504741;0,021772822034816;96;0,96;0,9;TRUE;0,75;0,8;FALSE;FALSE;0,24;0,72;0,04
"hs_dif_hours_total_None";"e3_bw";0,18953694118342;1e-12;0,000603234049478895;-0,017689666156548;-0,017689666156548;-0,0155934801101735;0,0214828425813264;-0,0659786173371931;0,0162876104167606;-0,0659786173371931;0,0162876104167606;100;1;0,9;TRUE;0,22;0,8;FALSE;FALSE;0,22;0,78;0
"hs_as_c_Log2";"e3_bw";0,18953694118342;1e-12;0,0130983025446944;0,0201661918452084;0,0201661918452084;0,0197098087129882;0,0182603844201463;-0,0131922379351906;0,058824348685476;-0,0131922379351906;0,058824348685476;100;1;0,9;TRUE;0,86;0,8;TRUE;TRUE;0,86;0,14;0
"hs_cd_c_Log2";"e3_bw";0,18953694118342;1e-12;-0,000647641476520375;-0,00114110897538958;-0,00126789886154397;-0,0014532105504743;0,00817521521912496;-0,0138350132473625;0,0170102046499337;-0,0138872184645032;0,0171086286077939;90;0,9;0,9;TRUE;0,644444444444444;0,8;FALSE;FALSE;0,32;0,58;0,1
"hs_co_c_Log2";"e3_bw";0,18953694118342;1e-12;0,00508517922079044;0,00315934230203423;0,00322381867554513;0,00398471545229793;0,0135937613385494;-0,0293635755921296;0,0258488778780338;-0,0298606606285508;0,0259110277078191;98;0,98;0,9;TRUE;0,693877551020408;0,8;FALSE;FALSE;0,68;0,3;0,02
"hs_cs_c_Log2";"e3_bw";0,18953694118342;1e-12;0,00979488118846033;0,0128389643142388;0,0128389643142388;0,0126176835868817;0,0172426113990237;-0,016453612277441;0,0470366636307682;-0,016453612277441;0,0470366636307682;100;1;0,9;TRUE;0,77;0,8;FALSE;FALSE;0,77;0,23;0
"hs_cu_c_Log2";"e3_bw";0,18953694118342;1e-12;-0,0045073538691298;-0,00119649978098837;-0,00119649978098837;-0,00063081531502404;0,0146571898388531;-0,0319896574979645;0,0235802621377948;-0,0319896574979645;0,0235802621377948;100;1;0,9;TRUE;0,54;0,8;FALSE;FALSE;0,46;0,54;0
"hs_hg_c_Log2";"e3_bw";0,18953694118342;1e-12;-0,00379211766213844;-0,0142172044939549;-0,0143608126201565;-0,0111638704119312;0,0155667965901766;-0,0453900281604799;0,0121417030867193;-0,0453966997154992;0,0122021701081487;99;0,99;0,9;TRUE;0,858585858585859;0,8;TRUE;TRUE;0,14;0,85;0,01
"hs_mn_c_Log2";"e3_bw";0,18953694118342;1e-12;-0,00720046834734527;-0,0137047773118348;-0,0139844666447294;-0,01130543812127;0,0140716379344412;-0,0487559581076792;0,00768607730068907;-0,048837437122239;0,00782034507483692;98;0,98;0,9;TRUE;0,887755102040816;0,8;TRUE;TRUE;0,11;0,87;0,02
"hs_mo_c_Log2";"e3_bw";0,18953694118342;1e-12;-0,0170687003551084;-0,029957139622678;-0,029957139622678;-0,0253056417442457;0,020883228360858;-0,0817789466828677;-0,00266407342965964;-0,0817789466828677;-0,00266407342965964;100;1;0,9;TRUE;0,99;0,8;TRUE;TRUE;0,01;0,99;0
"hs_pb_c_Log2";"e3_bw";0,18953694118342;1e-12;-0,0102526701681704;-0,00550423818970431;-0,0056744723605199;-0,00504678230504787;0,0118471623310736;-0,0275128617902705;0,0172862069685438;-0,0275328977007139;0,0176416095474608;97;0,97;0,9;TRUE;0,742268041237113;0,8;FALSE;FALSE;0,25;0,72;0,03
"hs_hum_mt_hs_h_None";"e3_bw";0,18953694118342;1e-12;0,0182745457625954;0,0300816615432604;0,0300816615432604;0,0300921447187011;0,0193179395943664;-0,00301369984465555;0,0682419965450304;-0,00301369984465555;0,0682419965450304;100;1;0,9;TRUE;0,95;0,8;TRUE;TRUE;0,95;0,05;0
"hs_tm_mt_hs_h_None";"e3_bw";0,18953694118342;1e-12;0;0,00337855778154026;0,00371270085883545;0,00397317885623285;0,0124039816674238;-0,0275991528037074;0,0276219656857929;-0,0321233182868397;0,0284083258729075;91;0,91;0,9;TRUE;NA;0,8;FALSE;FALSE;0,68;0,23;0,09
"hs_uvdvf_mt_hs_h_None";"e3_bw";0,18953694118342;1e-12;0,013424913327203;0,0101279350166492;0,0110086250180969;0,0109366989954131;0,0146486525374499;-0,0148116985618601;0,0386774994049764;-0,0149270843594956;0,0388876609024925;92;0,92;0,9;TRUE;0,826086956521739;0,8;TRUE;TRUE;0,76;0,16;0,08
"hs_hum_dy_hs_h_None";"e3_bw";0,18953694118342;1e-12;0,0122893164614444;-0,000352118733654463;-0,000355675488539862;0,00157948892407058;0,0214047286836962;-0,0505358332970868;0,0353160341396338;-0,0509169051594482;0,0354236341059734;99;0,99;0,9;TRUE;0,585858585858586;0,8;FALSE;FALSE;0,58;0,41;0,01
"hs_hum_wk_hs_h_None";"e3_bw";0,18953694118342;1e-12;0,00430936384926646;-0,0104182008335132;-0,0104182008335132;-0,00657676078521239;0,0239888382979081;-0,0699567239536785;0,0188776333542913;-0,0699567239536785;0,0188776333542913;100;1;0,9;TRUE;0,35;0,8;FALSE;FALSE;0,35;0,65;0
"hs_tm_dy_hs_h_None";"e3_bw";0,18953694118342;1e-12;0,00229553877227622;-0,00145516632418463;-0,00169205386533096;-0,00121243050947584;0,0113149825232629;-0,0243628027354491;0,0199417449810529;-0,0246868208750872;0,0211215026341127;86;0,86;0,9;FALSE;0,465116279069767;0,8;FALSE;FALSE;0,4;0,46;0,14
"hs_tm_wk_hs_h_None";"e3_bw";0,18953694118342;1e-12;0;-0,00026629667373178;-0,000409687190356585;-0,000137184735682781;0,00909966146061511;-0,0168449367164301;0,0149606216317731;-0,0187633860393227;0,0178006829537052;65;0,65;0,9;FALSE;NA;0,8;FALSE;FALSE;0,32;0,33;0,35
"hs_uvdvf_dy_hs_h_None";"e3_bw";0,18953694118342;1e-12;-0,00577064466839779;-0,00341569415993053;-0,00379521573325615;-0,00235583379708319;0,0123659712634559;-0,0284624203899364;0,0177924124903693;-0,028900786630443;0,0183632907095386;90;0,9;0,9;TRUE;0,611111111111111;0,8;FALSE;FALSE;0,35;0,55;0,1
"hs_uvdvf_wk_hs_h_None";"e3_bw";0,18953694118342;1e-12;-0,00264887340100217;-0,00457838369508739;-0,0057954223988448;-0,00385090939854334;0,00952561285646439;-0,0259216169738446;0,0107615855623426;-0,0267486225156342;0,0113570677487227;79;0,79;0,9;FALSE;0,746835443037975;0,8;FALSE;FALSE;0,2;0,59;0,21
"hs_ndvi100_h_None";"e3_bw";0,18953694118342;1e-12;0,00441337337304469;0,00630008464656164;0,00630008464656164;0,00571833121206571;0,02064265711041;-0,0306076227043326;0,0467516356680224;-0,0306076227043326;0,0467516356680224;100;1;0,9;TRUE;0,62;0,8;FALSE;FALSE;0,62;0,38;0
"hs_ndvi100_s_None";"e3_bw";0,18953694118342;1e-12;-0,00953431457447463;-0,0106739351700482;-0,0112357212316296;-0,00909109523718333;0,0128884738905909;-0,0401205310244919;0,0136921273363575;-0,040215348737522;0,0140896088753676;95;0,95;0,9;TRUE;0,863157894736842;0,8;TRUE;TRUE;0,13;0,82;0,05
"hs_dde_cadj_Log2";"e3_bw";0,18953694118342;1e-12;-0,00462248454591875;-0,00638987135510852;-0,00638987135510852;-0,0065483245056844;0,016431508387315;-0,0354497025783922;0,0255869789676734;-0,0354497025783922;0,0255869789676734;100;1;0,9;TRUE;0,69;0,8;FALSE;FALSE;0,31;0,69;0
"hs_ddt_cadj_Log2";"e3_bw";0,18953694118342;1e-12;-2,09580602283142e-05;-0,00245576500429148;-0,00272862778254609;-0,00199243961313623;0,00735936956191428;-0,0199357073422542;0,00925075567670862;-0,0203789050116304;0,00954763776409137;90;0,9;0,9;TRUE;0,666666666666667;0,8;FALSE;FALSE;0,3;0,6;0,1
"hs_hcb_cadj_Log2";"e3_bw";0,18953694118342;1e-12;-0,0299922076745858;-0,0376002051924172;-0,0376002051924172;-0,0306693713653047;0,0261302037377243;-0,0985645416682742;-0,00713223411934665;-0,0985645416682742;-0,00713223411934665;100;1;0,9;TRUE;0,99;0,8;TRUE;TRUE;0,01;0,99;0
"hs_pcb118_cadj_Log2";"e3_bw";0,18953694118342;1e-12;-0,0096591903243778;-0,0111512246799585;-0,0113788006938352;-0,00984078988046453;0,0117480640874689;-0,0391049551084259;0,0062167014708764;-0,0391485824532478;0,00622188593396837;98;0,98;0,9;TRUE;0,846938775510204;0,8;TRUE;TRUE;0,15;0,83;0,02
"hs_pcb138_cadj_Log2";"e3_bw";0,18953694118342;1e-12;0,00241767670737857;-0,00295961473301196;-0,00302001503368567;-0,00173238458825654;0,0163175227742928;-0,0353398133072139;0,0235305596349708;-0,0354778545592924;0,0235778679228461;98;0,98;0,9;TRUE;0,418367346938776;0,8;FALSE;FALSE;0,41;0,57;0,02
"hs_pcb153_cadj_Log2";"e3_bw";0,18953694118342;1e-12;-0,00772522285136634;-0,00536250590659741;-0,00564474305957622;-0,00289110116006642;0,0129033852629684;-0,035640980156089;0,0164298453632844;-0,0363948889422874;0,0164347815610567;95;0,95;0,9;TRUE;0,684210526315789;0,8;FALSE;FALSE;0,3;0,65;0,05
"hs_pcb170_cadj_Log2";"e3_bw";0,18953694118342;1e-12;0,00209587390240086;-0,00197523603703692;-0,00197523603703692;0,000103665422400822;0,0199490371778203;-0,0471623385635714;0,0300061749535041;-0,0471623385635714;0,0300061749535041;100;1;0,9;TRUE;0,5;0,8;FALSE;FALSE;0,5;0,5;0
"hs_pcb180_cadj_Log2";"e3_bw";0,18953694118342;1e-12;0,0145695216669673;0,00608807003678858;0,00614956569372584;0,00489876778336978;0,0171176065080446;-0,0300416680309928;0,0346704740148106;-0,0301936309863998;0,0347137947829571;99;0,99;0,9;TRUE;0,626262626262626;0,8;FALSE;FALSE;0,62;0,37;0,01
"hs_sumPCBs5_cadj_Log2";"e3_bw";0,18953694118342;1e-12;-0,000427001744769661;0,0171856364710391;0,0173592287586254;0,0146576317785077;0,023246497653572;-0,0144677545968351;0,0861754517664465;-0,0144751829677547;0,0862493077655408;99;0,99;0,9;TRUE;0,212121212121212;0,8;FALSE;FALSE;0,78;0,21;0,01
"hs_pfhxs_c_Log2";"e3_bw";0,18953694118342;1e-12;0,00551821647520439;0,00905463052463986;0,0095311900259367;0,00907590202082813;0,0142539529826323;-0,0189140945922699;0,0369972184992538;-0,0197750213763093;0,0370295093952373;95;0,95;0,9;TRUE;0,873684210526316;0,8;TRUE;TRUE;0,83;0,12;0,05
"hs_pfna_c_Log2";"e3_bw";0,18953694118342;1e-12;-0,0102746192636513;-0,0065394706256864;-0,00667292920988408;-0,00684531015993398;0,0134302801403725;-0,0330296909009788;0,0212145159117477;-0,0330510696092711;0,0216207330348245;98;0,98;0,9;TRUE;0,795918367346939;0,8;FALSE;FALSE;0,2;0,78;0,02
"hs_pfoa_c_Log2";"e3_bw";0,18953694118342;1e-12;0,00875594994197909;0,00974503624232999;0,00984347095184848;0,00801411794914524;0,0137506153456836;-0,0117565727845617;0,0422362963007181;-0,0117673790962329;0,0422420510592924;99;0,99;0,9;TRUE;0,737373737373737;0,8;FALSE;FALSE;0,73;0,26;0,01
"hs_pfos_c_Log2";"e3_bw";0,18953694118342;1e-12;0,0148698150799766;0,00966409546794804;0,00966409546794804;0,0090626508703558;0,018126609474175;-0,0289760199345477;0,0410392581673108;-0,0289760199345477;0,0410392581673108;100;1;0,9;TRUE;0,76;0,8;FALSE;FALSE;0,76;0,24;0
"hs_pfunda_c_Log2";"e3_bw";0,18953694118342;1e-12;0,000507531198100234;0,0031287812131995;0,00325914709708281;0,00319434793007078;0,00962176020234974;-0,0177376789333216;0,0222726271477585;-0,0181611257679893;0,0224423189257524;96;0,96;0,9;TRUE;0,645833333333333;0,8;FALSE;FALSE;0,62;0,34;0,04
"hs_hm_pers_None";"e3_bw";0,18953694118342;1e-12;-0,00319514484618163;-0,00471527505328603;-0,00471527505328603;-0,00581708336090622;0,0121695389777262;-0,0248719400824026;0,0193374475116772;-0,0248719400824026;0,0193374475116772;100;1;0,9;TRUE;0,71;0,8;FALSE;FALSE;0,29;0,71;0
"hs_trafload_h_pow1over3";"e3_bw";0,18953694118342;1e-12;-0,000802313954847139;-0,00944597287439088;-0,0107340600845351;-0,00870912800698836;0,012662179913932;-0,0328406541793694;0,00143951049065513;-0,0334032604078339;0,00165394195396629;88;0,88;0,9;FALSE;0,909090909090909;0,8;TRUE;FALSE;0,08;0,8;0,12
"hs_trafnear_h_pow1over3";"e3_bw";0,18953694118342;1e-12;-0,00151703723421443;-0,00826606405499443;-0,0096117023895284;-0,00621817469101013;0,0123858465336181;-0,0349918673057505;0,00455681616293687;-0,0360067355514027;0,00469838690555273;86;0,86;0,9;FALSE;0,872093023255814;0,8;TRUE;FALSE;0,11;0,75;0,14
"FAS_cat_None_Low";"e3_bw";0,18953694118342;1e-12;-0,0857635027988844;-0,108502797073997;-0,108502797073997;-0,101291209175555;0,0525020340300534;-0,211063292482803;-0,0248188389477665;-0,211063292482803;-0,0248188389477665;100;1;0,9;TRUE;1;0,8;TRUE;TRUE;0;1;0
"FAS_cat_None_Middle";"e3_bw";0,18953694118342;1e-12;-0,0325008346896023;-0,0283241479678145;-0,0283241479678145;-0,0268279996558292;0,0363949420634714;-0,111075176824615;0,0363413999989066;-0,111075176824615;0,0363413999989066;100;1;0,9;TRUE;0,82;0,8;TRUE;TRUE;0,18;0,82;0
"hs_globalexp2_None_no exposure";"e3_bw";0,18953694118342;1e-12;-0,0203140220716088;-0,0226833083933908;-0,0226833083933908;-0,0224823430159069;0,0273822623017935;-0,0914652647692135;0,0216128458242794;-0,0914652647692135;0,0216128458242794;100;1;0,9;TRUE;0,82;0,8;TRUE;TRUE;0,18;0,82;0
"hs_no2_dy_hs_h_Log";"hs_asthma";0,18953694118342;1e-12;-0,0234164427126869;-0,0273822236826832;-0,0279410445741665;-0,0271893649981762;0,0354964267874838;-0,107635825483842;0,0405454047416376;-0,108317530809286;0,0407847691416499;98;0,98;0,9;TRUE;0,836734693877551;0,8;TRUE;TRUE;0,16;0,82;0,02
"hs_no2_wk_hs_h_Log";"hs_asthma";0,18953694118342;1e-12;0;0,000597635581903977;0,000818678879320517;-0,00107265696407018;0,020112052248332;-0,0391557493322032;0,0400561295421257;-0,0414518137803624;0,0423583338256757;73;0,73;0,9;FALSE;NA;0,8;FALSE;FALSE;0,35;0,38;0,27
"hs_no2_yr_hs_h_Log";"hs_asthma";0,18953694118342;1e-12;-0,0289052361354647;-0,0342717183783568;-0,0356997066441217;-0,0329580903239488;0,0257679522802566;-0,0940162674577934;0,00198986598260917;-0,0942362642975676;0,00210930175820585;96;0,96;0,9;TRUE;0,958333333333333;0,8;TRUE;TRUE;0,04;0,92;0,04
"hs_pm10_dy_hs_h_None";"hs_asthma";0,18953694118342;1e-12;0,0216617503676456;0,0294109518127514;0,0300111753191341;0,0168094380122745;0,0417819642580854;-0,0377657881378963;0,135094390928862;-0,0378994123123614;0,135187558152652;98;0,98;0,9;TRUE;0,816326530612245;0,8;TRUE;TRUE;0,8;0,18;0,02
"hs_pm10_wk_hs_h_None";"hs_asthma";0,18953694118342;1e-12;-0,00620763501343831;-0,0102301335961798;-0,0106563891626873;-0,00676118350060644;0,035054919192402;-0,0750062483550532;0,0677457831039734;-0,0761041295265854;0,0692799490927344;96;0,96;0,9;TRUE;0,645833333333333;0,8;FALSE;FALSE;0,34;0,62;0,04
"hs_pm10_yr_hs_h_None";"hs_asthma";0,18953694118342;1e-12;-9,60627800631272e-05;-0,00111787012462617;-0,00136325624954411;-0,000113641282796133;0,012577099690989;-0,0292507931482656;0,0214593016080038;-0,0302413670043188;0,0222417025123909;82;0,82;0,9;FALSE;0,51219512195122;0,8;FALSE;FALSE;0,4;0,42;0,18
"hs_pm25_dy_hs_h_None";"hs_asthma";0,18953694118342;1e-12;-0,0346714764246144;-0,0499671556747723;-0,0515125316234766;-0,0466242298871793;0,0449129230188875;-0,143068131142899;0,000308655333933295;-0,143120729950455;0,000314879052491924;97;0,97;0,9;TRUE;0,938144329896907;0,8;TRUE;TRUE;0,06;0,91;0,03
"hs_pm25_wk_hs_h_None";"hs_asthma";0,18953694118342;1e-12;0;-0,00928293356661078;-0,0128929632869594;-0,0103745544101711;0,0211965500184916;-0,0663328215623749;0,0353592783927438;-0,0708105860309265;0,0377495158827365;72;0,72;0,9;FALSE;NA;0,8;FALSE;FALSE;0,17;0,55;0,28
"hs_pm25_yr_hs_h_None";"hs_asthma";0,18953694118342;1e-12;-0,11312528391789;-0,114560858765662;-0,114560858765662;-0,107914162045373;0,0539999575593038;-0,233989885017173;-0,0190003778987727;-0,233989885017173;-0,0190003778987727;100;1;0,9;TRUE;1;0,8;TRUE;TRUE;0;1;0
"hs_pm25abs_dy_hs_h_Log";"hs_asthma";0,18953694118342;1e-12;0,00887521224497781;0,0209129446660862;0,0209129446660862;0,0141245492862499;0,0388391482913204;-0,0384728148951206;0,106116301166209;-0,0384728148951206;0,106116301166209;100;1;0,9;TRUE;0,64;0,8;FALSE;FALSE;0,64;0,36;0
"hs_pm25abs_wk_hs_h_Log";"hs_asthma";0,18953694118342;1e-12;0;-0,0151197735100032;-0,0169885095618013;-0,00942287513700783;0,0277366252076547;-0,0901506579209767;0,0216209597660012;-0,0932996328596568;0,0251560093722778;89;0,89;0,9;FALSE;NA;0,8;FALSE;FALSE;0,16;0,73;0,11
"hs_pm25abs_yr_hs_h_Log";"hs_asthma";0,18953694118342;1e-12;-0,0526677035909586;-0,0663554233823045;-0,0705908759386218;-0,0702389030562711;0,0429411820380512;-0,165753272709598;0;-0,166341191625775;-0,000373819872375376;94;0,94;0,9;TRUE;0,978723404255319;0,8;TRUE;TRUE;0,02;0,92;0,06
"hs_accesslines300_h_dic0";"hs_asthma";0,18953694118342;1e-12;0,0617395107323213;0,110204303505946;0,110204303505946;0,088107514523392;0,126370213422308;-0,0679402088841414;0,427271881693778;-0,0679402088841414;0,427271881693778;100;1;0,9;TRUE;0,81;0,8;TRUE;TRUE;0,81;0,19;0
"hs_accesspoints300_h_Log";"hs_asthma";0,18953694118342;1e-12;-0,087580294802681;-0,106430251769335;-0,106430251769335;-0,100214571049894;0,0735220984293355;-0,297064110442892;-0,00190732185293721;-0,297064110442892;-0,00190732185293721;100;1;0,9;TRUE;0,98;0,8;TRUE;TRUE;0,02;0,98;0
"hs_builtdens300_h_Sqrt";"hs_asthma";0,18953694118342;1e-12;0;-0,0130910459721447;-0,0152221464792381;-0,00707562182794323;0,0246414983620049;-0,0826259562903221;0,0155890089143532;-0,0889738867841857;0,0162065205371682;86;0,86;0,9;FALSE;NA;0,8;FALSE;FALSE;0,13;0,73;0,14
"hs_connind300_h_Log";"hs_asthma";0,18953694118342;1e-12;0;0,0246909480779126;0,0324880895762007;0,0191987872551561;0,0370398380151569;-0,00622237052579194;0,115794110801411;-0,0084157223975108;0,120710350367945;76;0,76;0,9;FALSE;NA;0,8;FALSE;FALSE;0,65;0,11;0,24
"hs_fdensity300_h_Log";"hs_asthma";0,18953694118342;1e-12;0,00829049297275721;0,0126638396782301;0,0126638396782301;0,0138712790685192;0,0373850874587069;-0,0710705011673685;0,0757745709432869;-0,0710705011673685;0,0757745709432869;100;1;0,9;TRUE;0,69;0,8;FALSE;FALSE;0,69;0,31;0
"hs_landuseshan300_h_None";"hs_asthma";0,18953694118342;1e-12;0,00862321236091303;0,0239430304750299;0,0252031899737157;0,0197276183519641;0,0310027074409408;-0,011742230780637;0,0825611548775193;-0,0127607327872457;0,083931618314346;95;0,95;0,9;TRUE;0,91578947368421;0,8;TRUE;TRUE;0,87;0,08;0,05
"hs_popdens_h_Sqrt";"hs_asthma";0,18953694118342;1e-12;-0,0020758399718212;-0,00129281510267966;-0,00148599437089617;-0,000989268150335115;0,0323792086031681;-0,0693727828648185;0,0641890398894201;-0,071000755796836;0,0661921232722251;87;0,87;0,9;FALSE;0,517241379310345;0,8;FALSE;FALSE;0,42;0,45;0,13
"hs_walkability_mean_h_None";"hs_asthma";0,18953694118342;1e-12;0,0743814239485405;0,0908108459752267;0,0955903641844491;0,0873420097768064;0,0633211811474921;0;0,229692967154601;0,00527923634269178;0,230477127317285;95;0,95;0,9;TRUE;0,989473684210526;0,8;TRUE;TRUE;0,94;0,01;0,05
"hs_accesslines300_s_dic0";"hs_asthma";0,18953694118342;1e-12;-0,0881410707672204;-0,101344614823296;-0,101344614823296;-0,0948613614987044;0,138761058412117;-0,422294567670639;0,137227249546353;-0,422294567670639;0,137227249546353;100;1;0,9;TRUE;0,79;0,8;FALSE;FALSE;0,21;0,79;0
"hs_accesspoints300_s_Log";"hs_asthma";0,18953694118342;1e-12;-0,00831059985525073;-0,00772137634859139;-0,00772137634859139;-0,0073217177584735;0,0474326788867613;-0,108340179666959;0,0763782025250837;-0,108340179666959;0,0763782025250837;100;1;0,9;TRUE;0,53;0,8;FALSE;FALSE;0,47;0,53;0
"hs_builtdens300_s_Sqrt";"hs_asthma";0,18953694118342;1e-12;-0,00751807518419275;-0,0189415584594879;-0,0217719062752735;-0,0127896322400218;0,0391507196847443;-0,106517755311696;0,048998271178466;-0,106901266382553;0,0532784616632334;87;0,87;0,9;FALSE;0,67816091954023;0,8;FALSE;FALSE;0,28;0,59;0,13
"hs_connind300_s_Log";"hs_asthma";0,18953694118342;1e-12;0,000527541824762406;0,00883334162401629;0,0100378882091094;0,00422742966894803;0,0300932251295578;-0,042336220204703;0,0837636379112684;-0,0443413253798994;0,0882527648927211;88;0,88;0,9;FALSE;0,659090909090909;0,8;FALSE;FALSE;0,58;0,3;0,12
"hs_fdensity300_s_Log";"hs_asthma";0,18953694118342;1e-12;-0,00791869231835913;-0,0178097355231058;-0,0193584081772889;-0,00729840400680226;0,0409913172081821;-0,114932909585268;0,0497113746228407;-0,116599989908701;0,0497165733455949;92;0,92;0,9;TRUE;0,597826086956522;0,8;FALSE;FALSE;0,37;0,55;0,08
"hs_landuseshan300_s_None";"hs_asthma";0,18953694118342;1e-12;-0,0532969846261639;-0,0765122685186353;-0,0772851197157932;-0,0712781362130016;0,0532038071228338;-0,185205115659107;0,000483682710952762;-0,185444648081797;-0,000154779642597322;99;0,99;0,9;TRUE;0,96969696969697;0,8;TRUE;TRUE;0,03;0,96;0,01
"hs_popdens_s_Sqrt";"hs_asthma";0,18953694118342;1e-12;0;0,0114098825355961;0,0144428892855647;0,00469242403284818;0,0284223396665832;-0,0215594225418061;0,103564204229333;-0,0234801188241903;0,107461878513212;79;0,79;0,9;FALSE;NA;0,8;FALSE;FALSE;0,52;0,27;0,21
"h_Absorbance_Log";"hs_asthma";0,18953694118342;1e-12;0,0134436708420497;0,0473817386662635;0,0498755143855406;0,0347931177546028;0,0497411255664732;-0,00684802195347426;0,172481575165039;-0,00687984631586203;0,172687102383513;95;0,95;0,9;TRUE;0,894736842105263;0,8;TRUE;TRUE;0,85;0,1;0,05
"h_Benzene_Log";"hs_asthma";0,18953694118342;1e-12;0,0850412221457232;0,0943281903461304;0,0943281903461304;0,0915057852820452;0,0486164844986786;0,0138514420355681;0,192078312235529;0,0138514420355681;0,192078312235529;100;1;0,9;TRUE;0,99;0,8;TRUE;TRUE;0,99;0,01;0
"h_NO2_Log";"hs_asthma";0,18953694118342;1e-12;0,00162138861831533;-0,00136153108314127;-0,00141826154493883;-0,0006045302902379;0,0269733560484287;-0,0499291407903078;0,0450930334169304;-0,0510271751932692;0,0453903586182441;96;0,96;0,9;TRUE;0,458333333333333;0,8;FALSE;FALSE;0,44;0,52;0,04
"h_PM_Log";"hs_asthma";0,18953694118342;1e-12;0,029194853644144;0,0336677175245269;0,0336677175245269;0,0281054638704359;0,0406952284459058;-0,0392811121158063;0,112494312558712;-0,0392811121158063;0,112494312558712;100;1;0,9;TRUE;0,79;0,8;FALSE;FALSE;0,79;0,21;0
"h_TEX_Log";"hs_asthma";0,18953694118342;1e-12;-0,010875871475888;-0,0192379244827146;-0,0204658771092709;-0,013079759473256;0,0285846664067852;-0,079623326547532;0,0262615795899536;-0,080714086041448;0,0269434958741213;94;0,94;0,9;TRUE;0,851063829787234;0,8;TRUE;TRUE;0,14;0,8;0,06
"hs_KIDMED_None";"hs_asthma";0,18953694118342;1e-12;-0,0688522762818409;-0,0747198503212819;-0,0747198503212819;-0,0677636880409762;0,0488069941077907;-0,184463505194599;0,00112825334606631;-0,184463505194599;0,00112825334606631;100;1;0,9;TRUE;0,97;0,8;TRUE;TRUE;0,03;0,97;0
"hs_mvpa_prd_alt_None";"hs_asthma";0,18953694118342;1e-12;0,00416400166867073;0,00814429734783022;0,00822656297760628;0,002687304910783;0,0366109297028843;-0,0472543158520014;0,10633616426686;-0,0472864717281521;0,106430693735803;99;0,99;0,9;TRUE;0,555555555555556;0,8;FALSE;FALSE;0,55;0,44;0,01
"hs_sd_wk_None";"hs_asthma";0,18953694118342;1e-12;-0,00654333411458817;-0,019496943381818;-0,0203093160227271;-0,0116326021706307;0,0334521700278121;-0,1064999359474;0,0306594793127382;-0,106937365240144;0,0314549683779714;96;0,96;0,9;TRUE;0,739583333333333;0,8;FALSE;FALSE;0,25;0,71;0,04
"hs_dif_hours_total_None";"hs_asthma";0,18953694118342;1e-12;-0,0817952500837193;-0,0957470102408439;-0,0957470102408439;-0,0897515979719578;0,0576249734982273;-0,198156871149553;0,00238124419285241;-0,198156871149553;0,00238124419285241;100;1;0,9;TRUE;0,97;0,8;TRUE;TRUE;0,03;0,97;0
"hs_as_c_Log2";"hs_asthma";0,18953694118342;1e-12;-0,0296804436164772;-0,0286346141513598;-0,0286346141513598;-0,0255734499245591;0,0394150495558499;-0,137140514321107;0,0391878391958359;-0,137140514321107;0,0391878391958359;100;1;0,9;TRUE;0,81;0,8;TRUE;TRUE;0,19;0,81;0
"hs_cd_c_Log2";"hs_asthma";0,18953694118342;1e-12;0,000305323902944623;0,015009366859708;0,0166770742885644;0,00466161235630749;0,0335051073045411;-0,0301158850127479;0,114988794368726;-0,0320440294985037;0,11544080171189;90;0,9;0,9;TRUE;0,644444444444444;0,8;FALSE;FALSE;0,58;0,32;0,1
"hs_co_c_Log2";"hs_asthma";0,18953694118342;1e-12;-0,058068620871296;-0,0700963356268465;-0,0715268730886188;-0,0623326538512526;0,0571423512258284;-0,202918326104298;0,00189603813802774;-0,203603907839043;0,00203440335768771;98;0,98;0,9;TRUE;0,959183673469388;0,8;TRUE;TRUE;0,04;0,94;0,02
"hs_cs_c_Log2";"hs_asthma";0,18953694118342;1e-12;-0,0215401511302768;-0,0151213670958723;-0,0151213670958723;-0,020221245862802;0,0555513761272007;-0,1159188122421;0,102203901712998;-0,1159188122421;0,102203901712998;100;1;0,9;TRUE;0,65;0,8;FALSE;FALSE;0,35;0,65;0
"hs_cu_c_Log2";"hs_asthma";0,18953694118342;1e-12;-0,055590621508946;-0,0601906564039681;-0,0601906564039681;-0,0559666641904974;0,0501694885121372;-0,158808975047745;0,0248937990860596;-0,158808975047745;0,0248937990860596;100;1;0,9;TRUE;0,9;0,8;TRUE;TRUE;0,1;0,9;0
"hs_hg_c_Log2";"hs_asthma";0,18953694118342;1e-12;0,0135908751473422;0,0254460454281814;0,0257030761900822;0,0215868987904538;0,0313508294392601;-0,020405468825695;0,102479356935429;-0,0204645215303568;0,102614164341624;99;0,99;0,9;TRUE;0,868686868686869;0,8;TRUE;TRUE;0,86;0,13;0,01
"hs_mn_c_Log2";"hs_asthma";0,18953694118342;1e-12;0,0404336377214424;0,0604428107449383;0,061676337494835;0,0558894722367416;0,0451596818274174;0;0,166405447191301;0,000817819029497784;0,166899536359317;98;0,98;0,9;TRUE;0,979591836734694;0,8;TRUE;TRUE;0,96;0,02;0,02
"hs_mo_c_Log2";"hs_asthma";0,18953694118342;1e-12;0,012940145168779;0,0207483433829452;0,0207483433829452;0,0159471589819013;0,0380227076207408;-0,0435496163070887;0,115074368196439;-0,0435496163070887;0,115074368196439;100;1;0,9;TRUE;0,7;0,8;FALSE;FALSE;0,7;0,3;0
"hs_pb_c_Log2";"hs_asthma";0,18953694118342;1e-12;-0,0113306248759642;-0,0287464644371938;-0,0296355303476225;-0,0173311760755213;0,0422904691811774;-0,112854821090638;0,0277217269172521;-0,113013592258625;0,0277465217037464;97;0,97;0,9;TRUE;0,721649484536082;0,8;FALSE;FALSE;0,27;0,7;0,03
"hs_hum_mt_hs_h_None";"hs_asthma";0,18953694118342;1e-12;-0,00365662343211101;-0,00141280786549237;-0,00141280786549237;-0,00058388284407534;0,0469684564166049;-0,0989942191256907;0,0796598904025526;-0,0989942191256907;0,0796598904025526;100;1;0,9;TRUE;0,51;0,8;FALSE;FALSE;0,49;0,51;0
"hs_tm_mt_hs_h_None";"hs_asthma";0,18953694118342;1e-12;0;-0,0184371714193047;-0,0202606279333019;-0,0151358669993483;0,0269129115413515;-0,0857540572231479;0,0158310542428535;-0,0865609777892292;0,0160399463925251;91;0,91;0,9;TRUE;NA;0,8;FALSE;FALSE;0,17;0,74;0,09
"hs_uvdvf_mt_hs_h_None";"hs_asthma";0,18953694118342;1e-12;0,00314453615075429;0,00679081905725156;0,00738132506222995;0,00301728841273893;0,0279648879478259;-0,0452025270717833;0,0638604331137451;-0,0456771949871658;0,0643564593749426;92;0,92;0,9;TRUE;0,576086956521739;0,8;FALSE;FALSE;0,53;0,39;0,08
"hs_hum_dy_hs_h_None";"hs_asthma";0,18953694118342;1e-12;0,0335116143872108;0,0592873802603487;0,0598862426872209;0,0542291167394499;0,0483231164712651;-0,0104291948048061;0,179069272866848;-0,0104741417508839;0,180140390089318;99;0,99;0,9;TRUE;0,919191919191919;0,8;TRUE;TRUE;0,91;0,08;0,01
"hs_hum_wk_hs_h_None";"hs_asthma";0,18953694118342;1e-12;0,0914755507411546;0,110497945687358;0,110497945687358;0,118991244550708;0,0581417627417885;0,00308058264672214;0,210562449905756;0,00308058264672214;0,210562449905756;100;1;0,9;TRUE;0,99;0,8;TRUE;TRUE;0,99;0,01;0
"hs_tm_dy_hs_h_None";"hs_asthma";0,18953694118342;1e-12;0,0051702296063564;0,0135294774026712;0,0157319504682223;0,00899421741203192;0,0296325402915781;-0,0324053727010545;0,0748149668739954;-0,0339835209144877;0,0764073560964426;86;0,86;0,9;FALSE;0,755813953488372;0,8;FALSE;FALSE;0,65;0,21;0,14
"hs_tm_wk_hs_h_None";"hs_asthma";0,18953694118342;1e-12;0;0,00943620788774323;0,0145172429042203;0,00839851273691661;0,0174420827600162;-0,0104167926572242;0,0574492387099548;-0,0115941588362601;0,0587927024057507;65;0,65;0,9;FALSE;NA;0,8;FALSE;FALSE;0,49;0,16;0,35
"hs_uvdvf_dy_hs_h_None";"hs_asthma";0,18953694118342;1e-12;-0,0114963821739968;-0,0286508622275294;-0,0318342913639215;-0,0267161529547203;0,0301777893040825;-0,104526946860666;0,0011392184551538;-0,107664390769554;0,00156590242366364;90;0,9;0,9;TRUE;0,944444444444444;0,8;TRUE;TRUE;0,05;0,85;0,1
"hs_uvdvf_wk_hs_h_None";"hs_asthma";0,18953694118342;1e-12;0,00154915743341733;0,0124631707092211;0,0157761654547103;0,00942344810815672;0,0214238696037897;-0,01700393929426;0,0675320145347343;-0,0232451631606337;0,069233598294679;79;0,79;0,9;FALSE;0,810126582278481;0,8;TRUE;FALSE;0,64;0,15;0,21
"hs_ndvi100_h_None";"hs_asthma";0,18953694118342;1e-12;-0,0996387562747626;-0,114762416604579;-0,114762416604579;-0,10780958892171;0,0645344548795136;-0,246550354271225;-0,00615402154084672;-0,246550354271225;-0,00615402154084672;100;1;0,9;TRUE;0,99;0,8;TRUE;TRUE;0,01;0,99;0
"hs_ndvi100_s_None";"hs_asthma";0,18953694118342;1e-12;-0,0135218563456432;-0,0255555933288867;-0,0269006245567229;-0,020244669541561;0,0373806957721928;-0,102378104752115;0,0231768394824576;-0,10350056977771;0,024223656191046;95;0,95;0,9;TRUE;0,768421052631579;0,8;FALSE;FALSE;0,22;0,73;0,05
"hs_dde_cadj_Log2";"hs_asthma";0,18953694118342;1e-12;0,0960563371076786;0,0863001225853798;0,0863001225853798;0,084219206411358;0,0746221560802474;-0,0499754135379579;0,208421734233202;-0,0499754135379579;0,208421734233202;100;1;0,9;TRUE;0,85;0,8;TRUE;TRUE;0,85;0,15;0
"hs_ddt_cadj_Log2";"hs_asthma";0,18953694118342;1e-12;5,43077315121425e-05;0,00574031263105212;0,00637812514561346;0,000589118605160933;0,0203760122302945;-0,0272012265953994;0,0540402601567932;-0,0277928805485397;0,0541613987803479;90;0,9;0,9;TRUE;0,555555555555556;0,8;FALSE;FALSE;0,5;0,4;0,1
"hs_hcb_cadj_Log2";"hs_asthma";0,18953694118342;1e-12;0,0157071948046385;0,0240266415209877;0,0240266415209877;0,0204036847865486;0,0397031245140865;-0,0481875830383787;0,108270352707579;-0,0481875830383787;0,108270352707579;100;1;0,9;TRUE;0,75;0,8;FALSE;FALSE;0,75;0,25;0
"hs_pcb118_cadj_Log2";"hs_asthma";0,18953694118342;1e-12;-0,00731294213881637;-0,00829056862214913;-0,00845976390015218;-0,00861021884169587;0,030085087991442;-0,0678809186403393;0,0664187350802745;-0,0680457105261502;0,0666582885479044;98;0,98;0,9;TRUE;0,683673469387755;0,8;FALSE;FALSE;0,31;0,67;0,02
"hs_pcb138_cadj_Log2";"hs_asthma";0,18953694118342;1e-12;0,0679130620683508;0,0821294901175875;0,0838056021608036;0,0808549633705903;0,0500056105685396;0,00434925792164181;0,194143810666046;0,00704122758562608;0,194433034086975;98;0,98;0,9;TRUE;1;0,8;TRUE;TRUE;0,98;0;0,02
"hs_pcb153_cadj_Log2";"hs_asthma";0,18953694118342;1e-12;-0,00942300449561271;-0,0177765975387441;-0,0187122079355201;-0,0152439625102499;0,0271714216359085;-0,074902909740535;0,0235471082812011;-0,0774566787437696;0,0250613840328592;95;0,95;0,9;TRUE;0,821052631578947;0,8;TRUE;TRUE;0,17;0,78;0,05
"hs_pcb170_cadj_Log2";"hs_asthma";0,18953694118342;1e-12;0,0713458215559987;0,0763059113038528;0,0763059113038528;0,0741852697012686;0,0415851882068829;-0,00235163856819669;0,165509055064827;-0,00235163856819669;0,165509055064827;100;1;0,9;TRUE;0,97;0,8;TRUE;TRUE;0,97;0,03;0
"hs_pcb180_cadj_Log2";"hs_asthma";0,18953694118342;1e-12;-0,0804619724023922;-0,0873107085492191;-0,0881926348982011;-0,0836741014149321;0,0677031446077604;-0,245192537055648;0,0117417419138976;-0,245223328425557;0,0118124785938567;99;0,99;0,9;TRUE;0,898989898989899;0,8;TRUE;TRUE;0,1;0,89;0,01
"hs_sumPCBs5_cadj_Log2";"hs_asthma";0,18953694118342;1e-12;-0,00174826126292746;-0,00814716179330644;-0,00822945635687519;-0,00828730417888654;0,0335210992347995;-0,0676569924519843;0,0496334580451479;-0,0676757185145895;0,0496804668311466;99;0,99;0,9;TRUE;0,595959595959596;0,8;FALSE;FALSE;0,4;0,59;0,01
"hs_pfhxs_c_Log2";"hs_asthma";0,18953694118342;1e-12;-0,00922473367057925;-0,00731739973696387;-0,00770252603890933;-0,00511828169270067;0,0330582346310204;-0,0753482252211206;0,0718371819372935;-0,0767019647390661;0,0726360695237795;95;0,95;0,9;TRUE;0,6;0,8;FALSE;FALSE;0,38;0,57;0,05
"hs_pfna_c_Log2";"hs_asthma";0,18953694118342;1e-12;0,0159040741810603;0,0258472617513577;0,0263747568891405;0,0181898122036659;0,0358995869974003;-0,0354784231479374;0,0977043226289733;-0,0354870531919035;0,0978440665883875;98;0,98;0,9;TRUE;0,795918367346939;0,8;FALSE;FALSE;0,78;0,2;0,02
"hs_pfoa_c_Log2";"hs_asthma";0,18953694118342;1e-12;-0,0352910925585288;-0,0412785204159393;-0,0416954751676154;-0,0339551445550665;0,051319118321408;-0,162594090768693;0,0373603125332808;-0,16294728752683;0,0377299666536661;99;0,99;0,9;TRUE;0,787878787878788;0,8;FALSE;FALSE;0,21;0,78;0,01
"hs_pfos_c_Log2";"hs_asthma";0,18953694118342;1e-12;-0,0138162671732806;-0,0188335903955086;-0,0188335903955086;-0,0152552772794181;0,043900865124681;-0,107844301701268;0,0420087504509381;-0,107844301701268;0,0420087504509381;100;1;0,9;TRUE;0,65;0,8;FALSE;FALSE;0,35;0,65;0
"hs_pfunda_c_Log2";"hs_asthma";0,18953694118342;1e-12;0,00220534636862599;0,0141547246319617;0,0147445048249601;0,00965218762318485;0,0226026881469216;-0,0123370809509163;0,0797161480155765;-0,0127677925225902;0,0802007314696679;96;0,96;0,9;TRUE;0,78125;0,8;FALSE;FALSE;0,75;0,21;0,04
"hs_hm_pers_None";"hs_asthma";0,18953694118342;1e-12;-0,0061996726237841;-0,0224429392700745;-0,0224429392700745;-0,0152033526779602;0,0353812272697719;-0,0985511528123004;0,0289929399764535;-0,0985511528123004;0,0289929399764535;100;1;0,9;TRUE;0,75;0,8;FALSE;FALSE;0,25;0,75;0
"hs_trafload_h_pow1over3";"hs_asthma";0,18953694118342;1e-12;0,000121853986234864;0,00029125728086439;0,000330974182800443;0,000457435668015459;0,024630588417662;-0,0579381492159193;0,0630887861843191;-0,0580871851976625;0,0657403510402127;88;0,88;0,9;FALSE;0,534090909090909;0,8;FALSE;FALSE;0,47;0,41;0,12
"hs_trafnear_h_pow1over3";"hs_asthma";0,18953694118342;1e-12;-0,000279232191134141;-0,000481827599322733;-0,000560264650375271;-0,000558096263113453;0,0222333838344379;-0,0483078200414942;0,0456070619683799;-0,0484787297522034;0,0462854772567022;86;0,86;0,9;FALSE;0,558139534883721;0,8;FALSE;FALSE;0,38;0,48;0,14
"FAS_cat_None_Low";"hs_asthma";0,18953694118342;1e-12;-0,0905965439539789;-0,0921908089717094;-0,0921908089717094;-0,0942394429916556;0,187412318241907;-0,409102837974363;0,249572674332761;-0,409102837974363;0,249572674332761;100;1;0,9;TRUE;0,7;0,8;FALSE;FALSE;0,3;0,7;0
"FAS_cat_None_Middle";"hs_asthma";0,18953694118342;1e-12;-0,141668570033675;-0,142515067784017;-0,142515067784017;-0,135868110643063;0,119798011067115;-0,358178281788876;0,085240466003785;-0,358178281788876;0,085240466003785;100;1;0,9;TRUE;0,87;0,8;TRUE;TRUE;0,13;0,87;0
"hs_globalexp2_None_no exposure";"hs_asthma";0,18953694118342;1e-12;-0,0548055678987095;-0,0678085928086329;-0,0678085928086329;-0,065289900310528;0,119464549126124;-0,285995095577274;0,202330284409154;-0,285995095577274;0,202330284409154;100;1;0,9;TRUE;0,76;0,8;FALSE;FALSE;0,24;0,76;0
"hs_no2_dy_hs_h_Log";"hs_zbmi_who";0,18953694118342;1e-12;-0,0280413089381232;-0,0375644110271598;-0,0383310316603671;-0,0300961901286417;0,0333010867828896;-0,111102100236333;0,00564832490650852;-0,111752271963966;0,00565353180826996;98;0,98;0,9;TRUE;0,918367346938776;0,8;TRUE;TRUE;0,08;0,9;0,02
"hs_no2_wk_hs_h_Log";"hs_zbmi_who";0,18953694118342;1e-12;0;0,0143409653189792;0,0196451579712043;0,0152626994667076;0,0198231825047303;-0,00463073345865634;0,064417650233694;-0,00637283600166486;0,0679703271573018;73;0,73;0,9;FALSE;NA;0,8;FALSE;FALSE;0,64;0,09;0,27
"hs_no2_yr_hs_h_Log";"hs_zbmi_who";0,18953694118342;1e-12;0,0288977478683059;0,0265932230541324;0,0277012740147212;0,0226660423890067;0,0262805391146044;-0,0148453301585238;0,0843155520084927;-0,0148952110202649;0,0844018635345472;96;0,96;0,9;TRUE;0,885416666666667;0,8;TRUE;TRUE;0,85;0,11;0,04
"hs_pm10_dy_hs_h_None";"hs_zbmi_who";0,18953694118342;1e-12;0,0401449731575141;0,0464027106799236;0,0473497047754323;0,0421645255187962;0,0338462744766313;0,000126372420617338;0,120192528378414;0,000557587955936852;0,120906447525878;98;0,98;0,9;TRUE;0,989795918367347;0,8;TRUE;TRUE;0,97;0,01;0,02
"hs_pm10_wk_hs_h_None";"hs_zbmi_who";0,18953694118342;1e-12;-0,00370089309764233;-0,00702853014258907;-0,00732138556519695;-0,0050408177128577;0,0187239755589981;-0,0479328562561145;0,0244127108292594;-0,0482341737580785;0,0250390472744307;96;0,96;0,9;TRUE;0,6875;0,8;FALSE;FALSE;0,3;0,66;0,04
"hs_pm10_yr_hs_h_None";"hs_zbmi_who";0,18953694118342;1e-12;0,000163863531315722;0,00697121414146085;0,00850148066031811;0,00539580125487925;0,0167963904995557;-0,0187222630126831;0,0379566927219115;-0,0197158845569737;0,0403193254592995;82;0,82;0,9;FALSE;0,695121951219512;0,8;FALSE;FALSE;0,57;0,25;0,18
"hs_pm25_dy_hs_h_None";"hs_zbmi_who";0,18953694118342;1e-12;0,0116848806430208;0,0169924004811078;0,0175179386403173;0,0125278132083273;0,0231960977938118;-0,0201768709926414;0,0716658164655007;-0,0206060634206413;0,0725140977727482;97;0,97;0,9;TRUE;0,814432989690722;0,8;TRUE;TRUE;0,79;0,18;0,03
"hs_pm25_wk_hs_h_None";"hs_zbmi_who";0,18953694118342;1e-12;0;-0,00425600238899221;-0,00591111442915585;-0,00111068609339227;0,0213997973156448;-0,0537129888242626;0,037270394306531;-0,0582729412273358;0,040093327658339;72;0,72;0,9;FALSE;NA;0,8;FALSE;FALSE;0,28;0,44;0,28
"hs_pm25_yr_hs_h_None";"hs_zbmi_who";0,18953694118342;1e-12;0,0343475490769117;0,0258410443128455;0,0258410443128455;0,0242294416209919;0,0361937597791302;-0,0345578669404348;0,102413660925112;-0,0345578669404348;0,102413660925112;100;1;0,9;TRUE;0,8;0,8;TRUE;TRUE;0,8;0,2;0
"hs_pm25abs_dy_hs_h_Log";"hs_zbmi_who";0,18953694118342;1e-12;-0,0183183214468544;-0,0202212586876385;-0,0202212586876385;-0,0175894228945053;0,0208989073751425;-0,0658841241694691;0,0177518291432858;-0,0658841241694691;0,0177518291432858;100;1;0,9;TRUE;0,89;0,8;TRUE;TRUE;0,11;0,89;0
"hs_pm25abs_wk_hs_h_Log";"hs_zbmi_who";0,18953694118342;1e-12;0;-0,00751310472394543;-0,00844169070106228;-0,00376750272572339;0,0196684103007309;-0,0569678291859023;0,0266372182296831;-0,0577990570081523;0,0303288946953107;89;0,89;0,9;FALSE;NA;0,8;FALSE;FALSE;0,26;0,63;0,11
"hs_pm25abs_yr_hs_h_Log";"hs_zbmi_who";0,18953694118342;1e-12;0,0244227696366167;0,0263797039134117;0,0280635148015018;0,0272545897978555;0,0285192456563861;-0,0146455108146566;0,0832399678834001;-0,0166057682099966;0,0850930997304938;94;0,94;0,9;TRUE;0,861702127659574;0,8;TRUE;TRUE;0,81;0,13;0,06
"hs_accesslines300_h_dic0";"hs_zbmi_who";0,18953694118342;1e-12;-0,014535627022261;-0,0208908759899674;-0,0208908759899674;-0,00728484703047848;0,0789096799815675;-0,178132912240101;0,120938179326761;-0,178132912240101;0,120938179326761;100;1;0,9;TRUE;0,62;0,8;FALSE;FALSE;0,38;0,62;0
"hs_accesspoints300_h_Log";"hs_zbmi_who";0,18953694118342;1e-12;0,00296989809137752;-0,00288106902607065;-0,00288106902607065;-0,00142832235985905;0,0240164731257649;-0,0498016858913164;0,0478846098464423;-0,0498016858913164;0,0478846098464423;100;1;0,9;TRUE;0,41;0,8;FALSE;FALSE;0,41;0,59;0
"hs_builtdens300_h_Sqrt";"hs_zbmi_who";0,18953694118342;1e-12;0;0,00187522757152006;0,00218049717618611;0,00199309397356044;0,0160663206464588;-0,0384797307084941;0,0347058758916091;-0,0407655542973713;0,0383080494816806;86;0,86;0,9;FALSE;NA;0,8;FALSE;FALSE;0,57;0,29;0,14
"hs_connind300_h_Log";"hs_zbmi_who";0,18953694118342;1e-12;0;0,0112816584722217;0,0148442874634496;0,00913034657291278;0,0171287865009578;-0,0128063054537687;0,0501591925062529;-0,0178687142076426;0,0509362213270632;76;0,76;0,9;FALSE;NA;0,8;FALSE;FALSE;0,67;0,09;0,24
"hs_fdensity300_h_Log";"hs_zbmi_who";0,18953694118342;1e-12;-0,0423776941658828;-0,0499390742675703;-0,0499390742675703;-0,0511065975974905;0,0307814697237535;-0,116160616552072;-0,000475416642423454;-0,116160616552072;-0,000475416642423454;100;1;0,9;TRUE;0,98;0,8;TRUE;TRUE;0,02;0,98;0
"hs_landuseshan300_h_None";"hs_zbmi_who";0,18953694118342;1e-12;-0,00743484208627344;-0,0140566486079575;-0,0147964722189027;-0,00971581170362641;0,019454506793143;-0,0622096833196698;0,0105521510339801;-0,0622103042225313;0,010989009924404;95;0,95;0,9;TRUE;0,831578947368421;0,8;TRUE;TRUE;0,16;0,79;0,05
"hs_popdens_h_Sqrt";"hs_zbmi_who";0,18953694118342;1e-12;0,00610830617390756;0,0259939045928573;0,0298780512561578;0,0244807546423759;0,0262549714410974;-0,002014496686233;0,0897389542840764;-0,00215517307904065;0,0951499786594365;87;0,87;0,9;FALSE;0,919540229885057;0,8;TRUE;FALSE;0,8;0,07;0,13
"hs_walkability_mean_h_None";"hs_zbmi_who";0,18953694118342;1e-12;0,00872677346778799;0,0126297788249747;0,0132945040262892;0,0124776756893679;0,0201886634528473;-0,0229212891212703;0,0562365309257668;-0,0234916349076185;0,0564555526646198;95;0,95;0,9;TRUE;0,778947368421053;0,8;FALSE;FALSE;0,74;0,21;0,05
"hs_accesslines300_s_dic0";"hs_zbmi_who";0,18953694118342;1e-12;0,0743850655413612;0,0758235228293696;0,0758235228293696;0,069901337037259;0,0790678430172738;-0,0426652858980957;0,26454903958761;-0,0426652858980957;0,26454903958761;100;1;0,9;TRUE;0,86;0,8;TRUE;TRUE;0,86;0,14;0
"hs_accesspoints300_s_Log";"hs_zbmi_who";0,18953694118342;1e-12;-0,0671819955064415;-0,0725325050788238;-0,0725325050788238;-0,0689207815363856;0,0357554754585838;-0,14177449116966;-0,0144796554788468;-0,14177449116966;-0,0144796554788468;100;1;0,9;TRUE;0,99;0,8;TRUE;TRUE;0,01;0,99;0
"hs_builtdens300_s_Sqrt";"hs_zbmi_who";0,18953694118342;1e-12;0,00453567595534992;0,0190543094215555;0,0219015050822477;0,0160848989617314;0,0255344580589545;-0,0149730263819179;0,0744657632620962;-0,0170955195212218;0,0748248326789228;87;0,87;0,9;FALSE;0,781609195402299;0,8;FALSE;FALSE;0,68;0,19;0,13
"hs_connind300_s_Log";"hs_zbmi_who";0,18953694118342;1e-12;-0,00208966219991765;-0,0150757203994247;-0,0171315004538917;-0,00980347523436821;0,0242863151159727;-0,0646929201390386;0,0116058747181655;-0,0673843905595085;0,0120340826294288;88;0,88;0,9;FALSE;0,818181818181818;0,8;TRUE;FALSE;0,16;0,72;0,12
"hs_fdensity300_s_Log";"hs_zbmi_who";0,18953694118342;1e-12;-0,01782223378302;-0,0309800653379684;-0,0336739840630091;-0,0308697300680671;0,0271275824037448;-0,0856217321513696;0,00582723718971166;-0,0862035538389548;0,00590729035698901;92;0,92;0,9;TRUE;0,923913043478261;0,8;TRUE;TRUE;0,07;0,85;0,08
"hs_landuseshan300_s_None";"hs_zbmi_who";0,18953694118342;1e-12;-0,00958022587594019;-0,0151274984611687;-0,015280301475928;-0,00989740178781881;0,0234665398845857;-0,0703796504231582;0,0142744864781753;-0,0705606131233802;0,0142834830451931;99;0,99;0,9;TRUE;0,686868686868687;0,8;FALSE;FALSE;0,31;0,68;0,01
"hs_popdens_s_Sqrt";"hs_zbmi_who";0,18953694118342;1e-12;0;-0,00592022596981806;-0,00749395692382032;-0,00640312007058563;0,0171621053278435;-0,0497305112907277;0,0229844889243628;-0,0558902537893943;0,0234421028951775;79;0,79;0,9;FALSE;NA;0,8;FALSE;FALSE;0,24;0,55;0,21
"h_Absorbance_Log";"hs_zbmi_who";0,18953694118342;1e-12;-0,00169220367153418;-0,00414188846554039;-0,00435988259530568;-0,00121413893186161;0,0226240591435917;-0,0605021604185765;0,0339145206998142;-0,0607777906364553;0,0342403662719784;95;0,95;0,9;TRUE;0,526315789473684;0,8;FALSE;FALSE;0,45;0,5;0,05
"h_Benzene_Log";"hs_zbmi_who";0,18953694118342;1e-12;0,00740770742808179;0,0084852743783097;0,0084852743783097;0,00504323448085203;0,0283956095926107;-0,0409880468856729;0,0626970787301123;-0,0409880468856729;0,0626970787301123;100;1;0,9;TRUE;0,59;0,8;FALSE;FALSE;0,59;0,41;0
"h_NO2_Log";"hs_zbmi_who";0,18953694118342;1e-12;0,0028145483574049;0,0101412342461478;0,0105637856730706;0,00600594481777012;0,0197905928306734;-0,0198407562789672;0,0566293693451819;-0,0198619703026049;0,0570737333780398;96;0,96;0,9;TRUE;0,75;0,8;FALSE;FALSE;0,72;0,24;0,04
"h_PM_Log";"hs_zbmi_who";0,18953694118342;1e-12;0,055849843815861;0,0553182653367884;0,0553182653367884;0,0506869733441418;0,031441004703895;0,00792986177399557;0,122756280691952;0,00792986177399557;0,122756280691952;100;1;0,9;TRUE;1;0,8;TRUE;TRUE;1;0;0
"h_TEX_Log";"hs_zbmi_who";0,18953694118342;1e-12;0,01326329573217;0,0212625687120198;0,0226197539489573;0,0191012104178547;0,0207538066957451;-0,00449649441758014;0,0770220497969289;-0,00485860109470199;0,0770532873593294;94;0,94;0,9;TRUE;0,925531914893617;0,8;TRUE;TRUE;0,87;0,07;0,06
"hs_KIDMED_None";"hs_zbmi_who";0,18953694118342;1e-12;0,0570517628485171;0,0586983546908569;0,0586983546908569;0,0554315840597473;0,0291847754905263;0,00699916333585531;0,113991520737754;0,00699916333585531;0,113991520737754;100;1;0,9;TRUE;1;0,8;TRUE;TRUE;1;0;0
"hs_mvpa_prd_alt_None";"hs_zbmi_who";0,18953694118342;1e-12;-0,00399912205383407;-0,00725086848286775;-0,0073241095786543;-0,00570868119521883;0,0172604647181353;-0,0486151188926975;0,0216239205995667;-0,0488199671569628;0,0216792183427245;99;0,99;0,9;TRUE;0,626262626262626;0,8;FALSE;FALSE;0,37;0,62;0,01
"hs_sd_wk_None";"hs_zbmi_who";0,18953694118342;1e-12;0,00685048983651121;0,00506913181722397;0,00528034564294163;0,00540777671234181;0,017561167094581;-0,0322168603926793;0,0405668885849557;-0,0330741028935333;0,0415401839559118;96;0,96;0,9;TRUE;0,65625;0,8;FALSE;FALSE;0,63;0,33;0,04
"hs_dif_hours_total_None";"hs_zbmi_who";0,18953694118342;1e-12;-0,0277824669791643;-0,0339086409990503;-0,0339086409990503;-0,0305168241527242;0,026637780955051;-0,0894840715896009;0,00741654012989499;-0,0894840715896009;0,00741654012989499;100;1;0,9;TRUE;0,91;0,8;TRUE;TRUE;0,09;0,91;0
"hs_as_c_Log2";"hs_zbmi_who";0,18953694118342;1e-12;-0,0094299187551241;-0,00724870782998874;-0,00724870782998874;-0,00987381817926914;0,0184844928478087;-0,0426234412187978;0,0355345801258679;-0,0426234412187978;0,0355345801258679;100;1;0,9;TRUE;0,69;0,8;FALSE;FALSE;0,31;0,69;0
"hs_cd_c_Log2";"hs_zbmi_who";0,18953694118342;1e-12;0,000237596390237075;0,00330644326421502;0,0036738258491278;0,00270213520069065;0,0157360832644357;-0,0283675425887188;0,0384030520933456;-0,0295698823114448;0,0391061908791834;90;0,9;0,9;TRUE;0,6;0,8;FALSE;FALSE;0,54;0,36;0,1
"hs_co_c_Log2";"hs_zbmi_who";0,18953694118342;1e-12;-0,0123564373364743;-0,0154929697944474;-0,015809152851477;-0,0131467460730922;0,0189005761267159;-0,0541875946551788;0,0176573494283645;-0,0544241094430592;0,0176904503200501;98;0,98;0,9;TRUE;0,806122448979592;0,8;TRUE;TRUE;0,19;0,79;0,02
"hs_cs_c_Log2";"hs_zbmi_who";0,18953694118342;1e-12;0,102602325461388;0,101864051778867;0,101864051778867;0,0979466318436241;0,0339069087516319;0,0420245520230833;0,161930263619887;0,0420245520230833;0,161930263619887;100;1;0,9;TRUE;1;0,8;TRUE;TRUE;1;0;0
"hs_cu_c_Log2";"hs_zbmi_who";0,18953694118342;1e-12;0,0761092565457697;0,0800597658541064;0,0800597658541064;0,0769077591620153;0,0286428151122395;0,0254981454462739;0,135377362269827;0,0254981454462739;0,135377362269827;100;1;0,9;TRUE;1;0,8;TRUE;TRUE;1;0;0
"hs_hg_c_Log2";"hs_zbmi_who";0,18953694118342;1e-12;-0,00779667404845906;-0,0117207220437087;-0,0118391131754633;-0,00771031167767004;0,0167483593605037;-0,0524448751143032;0,0163759470305208;-0,0524754861235033;0,0163891419474594;99;0,99;0,9;TRUE;0,747474747474748;0,8;FALSE;FALSE;0,25;0,74;0,01
"hs_mn_c_Log2";"hs_zbmi_who";0,18953694118342;1e-12;-0,00146032256021606;-0,00278103699565754;-0,00283779285271177;-0,000968370686120343;0,0186045485190133;-0,0430492050673662;0,0281847583106862;-0,0439301980852018;0,0283254150958237;98;0,98;0,9;TRUE;0,540816326530612;0,8;FALSE;FALSE;0,45;0,53;0,02
"hs_mo_c_Log2";"hs_zbmi_who";0,18953694118342;1e-12;-0,0456103326523594;-0,0495644510777196;-0,0495644510777196;-0,050876726876025;0,0239977052967701;-0,090241078917869;-0,00398496326756867;-0,090241078917869;-0,00398496326756867;100;1;0,9;TRUE;0,99;0,8;TRUE;TRUE;0,01;0,99;0
"hs_pb_c_Log2";"hs_zbmi_who";0,18953694118342;1e-12;-0,0157474878598622;-0,0220601775707001;-0,0227424511038145;-0,0180501404321096;0,0224659191839769;-0,0787927009763799;0,0159539060806473;-0,0789849493744609;0,0160226335905955;97;0,97;0,9;TRUE;0,876288659793814;0,8;TRUE;TRUE;0,12;0,85;0,03
"hs_hum_mt_hs_h_None";"hs_zbmi_who";0,18953694118342;1e-12;0,110385076811863;0,109495058156677;0,109495058156677;0,110152021489651;0,0447086265242638;0,0301472328305921;0,186952752845509;0,0301472328305921;0,186952752845509;100;1;0,9;TRUE;1;0,8;TRUE;TRUE;1;0;0
"hs_tm_mt_hs_h_None";"hs_zbmi_who";0,18953694118342;1e-12;0;0,00772155969890777;0,00848523043836019;0,00438491372591774;0,0172129919387856;-0,0200941730084569;0,0532864959574937;-0,0210816951445443;0,0543839518409789;91;0,91;0,9;TRUE;NA;0,8;FALSE;FALSE;0,59;0,32;0,09
"hs_uvdvf_mt_hs_h_None";"hs_zbmi_who";0,18953694118342;1e-12;0,00349764545851734;0,0108336374515528;0,0117756928821226;0,00935888780393423;0,0193683113623053;-0,0260025563730739;0,0527171406706795;-0,0271449928163754;0,0528875498020662;92;0,92;0,9;TRUE;0,728260869565217;0,8;FALSE;FALSE;0,67;0,25;0,08
"hs_hum_dy_hs_h_None";"hs_zbmi_who";0,18953694118342;1e-12;-0,00857294742070802;-0,00664911282754569;-0,00671627558337948;-0,0067052766164294;0,0224497154691129;-0,0446078672594622;0,0460248875172239;-0,0446603393302429;0,0462872268471628;99;0,99;0,9;TRUE;0,676767676767677;0,8;FALSE;FALSE;0,32;0,67;0,01
"hs_hum_wk_hs_h_None";"hs_zbmi_who";0,18953694118342;1e-12;-0,0386496902736439;-0,0360792632276276;-0,0360792632276276;-0,0355836851387715;0,0295598875406;-0,097688086013558;0,0075765000580156;-0,097688086013558;0,0075765000580156;100;1;0,9;TRUE;0,87;0,8;TRUE;TRUE;0,13;0,87;0
"hs_tm_dy_hs_h_None";"hs_zbmi_who";0,18953694118342;1e-12;-0,00741179935968498;-0,016272888944239;-0,01892196388865;-0,0143247277587351;0,0245332306685928;-0,0694324882383746;0,0149170404694697;-0,0698687655741782;0,018904384804326;86;0,86;0,9;FALSE;0,837209302325581;0,8;TRUE;FALSE;0,14;0,72;0,14
"hs_tm_wk_hs_h_None";"hs_zbmi_who";0,18953694118342;1e-12;0;-0,00177138631038089;-0,00272520970827829;-0,002153304775132;0,0102175326568658;-0,0260109269691567;0,0166861787258146;-0,0286270004303342;0,0204623536900946;65;0,65;0,9;FALSE;NA;0,8;FALSE;FALSE;0,28;0,37;0,35
"hs_uvdvf_dy_hs_h_None";"hs_zbmi_who";0,18953694118342;1e-12;-0,00273331007912409;-0,00373172545435053;-0,00414636161594504;-0,00251142057977908;0,0182350320850011;-0,0337894241727206;0,0336607433845703;-0,0342181445524667;0,0340002635704948;90;0,9;0,9;TRUE;0,633333333333333;0,8;FALSE;FALSE;0,33;0,57;0,1
"hs_uvdvf_wk_hs_h_None";"hs_zbmi_who";0,18953694118342;1e-12;-0,00551576379235242;-0,0133211849021516;-0,0168622593698121;-0,0140842202542938;0,0187650446079749;-0,0547075155184484;0,00920263472186924;-0,0563904289219468;0,00928309195379091;79;0,79;0,9;FALSE;0,873417721518987;0,8;TRUE;FALSE;0,1;0,69;0,21
"hs_ndvi100_h_None";"hs_zbmi_who";0,18953694118342;1e-12;0,0175245295189207;0,017785431041997;0,017785431041997;0,0139971196048028;0,0294798134873792;-0,0322635503668554;0,086409284612557;-0,0322635503668554;0,086409284612557;100;1;0,9;TRUE;0,71;0,8;FALSE;FALSE;0,71;0,29;0
"hs_ndvi100_s_None";"hs_zbmi_who";0,18953694118342;1e-12;-0,0188649807189438;-0,0260382610593645;-0,0274086958519627;-0,0198914477064052;0,0284392930336784;-0,08095714605153;0,0129283573752252;-0,0811020574166501;0,0138640571794718;95;0,95;0,9;TRUE;0,852631578947368;0,8;TRUE;TRUE;0,14;0,81;0,05
"hs_dde_cadj_Log2";"hs_zbmi_who";0,18953694118342;1e-12;-0,126959545817336;-0,116841377210267;-0,116841377210267;-0,11175618613408;0,0456401636774067;-0,208102826012021;-0,0433041443896896;-0,208102826012021;-0,0433041443896896;100;1;0,9;TRUE;1;0,8;TRUE;TRUE;0;1;0
"hs_ddt_cadj_Log2";"hs_zbmi_who";0,18953694118342;1e-12;0,000938406569796264;0,00365932822302336;0,00406592024780373;0,00166472610012391;0,015029833631782;-0,0241513611848163;0,0381597307301714;-0,0254764437464256;0,038200244151619;90;0,9;0,9;TRUE;0,6;0,8;FALSE;FALSE;0,54;0,36;0,1
"hs_hcb_cadj_Log2";"hs_zbmi_who";0,18953694118342;1e-12;-0,130025611583046;-0,176080518055356;-0,176080518055356;-0,13301852129601;0,11218607388796;-0,395179613758458;-0,0402542070555506;-0,395179613758458;-0,0402542070555506;100;1;0,9;TRUE;1;0,8;TRUE;TRUE;0;1;0
"hs_pcb118_cadj_Log2";"hs_zbmi_who";0,18953694118342;1e-12;0,0195110903225681;0,0267947041798256;0,0273415348773731;0,0241103855674535;0,022667219874653;-0,000913470601968317;0,0785419017619995;-0,000961468745138052;0,0785935634864131;98;0,98;0,9;TRUE;0,948979591836735;0,8;TRUE;TRUE;0,93;0,05;0,02
"hs_pcb138_cadj_Log2";"hs_zbmi_who";0,18953694118342;1e-12;-0,0339623958222987;-0,0311424724835202;-0,0317780331464492;-0,0276211706809139;0,0286754342169617;-0,106316090463736;0,00886473410435232;-0,106368537120375;0,00893092879047144;98;0,98;0,9;TRUE;0,877551020408163;0,8;TRUE;TRUE;0,12;0,86;0,02
"hs_pcb153_cadj_Log2";"hs_zbmi_who";0,18953694118342;1e-12;-0,0169353328901177;-0,02603812132739;-0,0274085487656737;-0,0216620948927786;0,0248079163394269;-0,0908070260721987;0,000927463071788816;-0,0929775879323967;0,000935692942151275;95;0,95;0,9;TRUE;0,947368421052632;0,8;TRUE;TRUE;0,05;0,9;0,05
"hs_pcb170_cadj_Log2";"hs_zbmi_who";0,18953694118342;1e-12;-0,139070748759714;-0,130308825966685;-0,130308825966685;-0,126474052514453;0,034872300125996;-0,190162417407051;-0,0698689478072549;-0,190162417407051;-0,0698689478072549;100;1;0,9;TRUE;1;0,8;TRUE;TRUE;0;1;0
"hs_pcb180_cadj_Log2";"hs_zbmi_who";0,18953694118342;1e-12;-0,02891840372631;-0,0322358023402135;-0,0325614165052661;-0,0285914699197639;0,0377711031259364;-0,122171736269289;0,0261529801574043;-0,1222014568334;0,0261632530389295;99;0,99;0,9;TRUE;0,808080808080808;0,8;TRUE;TRUE;0,19;0,8;0,01
"hs_sumPCBs5_cadj_Log2";"hs_zbmi_who";0,18953694118342;1e-12;-0,0930819514250573;-0,085144817806341;-0,0860048664710515;-0,0812137688206865;0,0388923858878158;-0,161599759044989;-0,0163277884737374;-0,161621892719203;-0,0166895958591985;99;0,99;0,9;TRUE;1;0,8;TRUE;TRUE;0;0,99;0,01
"hs_pfhxs_c_Log2";"hs_zbmi_who";0,18953694118342;1e-12;0,011324444135494;0,0233440244196853;0,0245726572838792;0,0157560852785892;0,0250913684887402;-0,0017576692322921;0,0866931221175736;-0,00178210904320999;0,0884936951350888;95;0,95;0,9;TRUE;0,926315789473684;0,8;TRUE;TRUE;0,88;0,07;0,05
"hs_pfna_c_Log2";"hs_zbmi_who";0,18953694118342;1e-12;0,0103400535251631;0,0154186602687894;0,0157333268048871;0,0137525638472973;0,0217889682743103;-0,0204866581235967;0,0662432474690371;-0,0205807176676908;0,0663182600415561;98;0,98;0,9;TRUE;0,76530612244898;0,8;FALSE;FALSE;0,75;0,23;0,02
"hs_pfoa_c_Log2";"hs_zbmi_who";0,18953694118342;1e-12;-0,0492901164447412;-0,0522524390544354;-0,0527802414691267;-0,0535102761455887;0,0278527162991926;-0,10269930550334;-0,00146577684907916;-0,102769452846396;-0,00329281997484956;99;0,99;0,9;TRUE;0,97979797979798;0,8;TRUE;TRUE;0,02;0,97;0,01
"hs_pfos_c_Log2";"hs_zbmi_who";0,18953694118342;1e-12;-0,00717967203794158;-0,00470762505349691;-0,00470762505349691;-0,00568626668622427;0,0230487124378149;-0,0414731118771685;0,051950155584036;-0,0414731118771685;0,051950155584036;100;1;0,9;TRUE;0,63;0,8;FALSE;FALSE;0,37;0,63;0
"hs_pfunda_c_Log2";"hs_zbmi_who";0,18953694118342;1e-12;-0,00301784959309913;-0,00286764417552432;-0,0029871293495045;-0,00263171064614505;0,0130141803512537;-0,0270173425082366;0,0199367451659646;-0,0271782574332156;0,0200163634167453;96;0,96;0,9;TRUE;0,59375;0,8;FALSE;FALSE;0,39;0,57;0,04
"hs_hm_pers_None";"hs_zbmi_who";0,18953694118342;1e-12;0,0141562856865975;0,0155381273385528;0,0155381273385528;0,0138105557292196;0,0177691680602439;-0,011594945068825;0,0612288996391416;-0,011594945068825;0,0612288996391416;100;1;0,9;TRUE;0,88;0,8;TRUE;TRUE;0,88;0,12;0
"hs_trafload_h_pow1over3";"hs_zbmi_who";0,18953694118342;1e-12;-0,000948275185671649;-0,0143460392647169;-0,0163023173462692;-0,0117934567077057;0,0176120639418485;-0,0570115764741376;0,00754293489178125;-0,0583974566147756;0,00827340239097934;88;0,88;0,9;FALSE;0,840909090909091;0,8;TRUE;FALSE;0,14;0,74;0,12
"hs_trafnear_h_pow1over3";"hs_zbmi_who";0,18953694118342;1e-12;0,000441537116385677;0,00263194868503333;0,00306040544771317;0,00149044817915138;0,0133914842913955;-0,0233234488995386;0,0266341178135099;-0,024475733693605;0,0269488485491795;86;0,86;0,9;FALSE;0,581395348837209;0,8;FALSE;FALSE;0,5;0,36;0,14
"FAS_cat_None_Low";"hs_zbmi_who";0,18953694118342;1e-12;-0,225360306890711;-0,235988757551058;-0,235988757551058;-0,233272750247784;0,101112122589898;-0,41006836604255;-0,0533928273661291;-0,41006836604255;-0,0533928273661291;100;1;0,9;TRUE;1;0,8;TRUE;TRUE;0;1;0
"FAS_cat_None_Middle";"hs_zbmi_who";0,18953694118342;1e-12;-0,144931851905087;-0,148445166080071;-0,148445166080071;-0,143113161040206;0,0603203426699707;-0,27422699835861;-0,0469456691058731;-0,27422699835861;-0,0469456691058731;100;1;0,9;TRUE;1;0,8;TRUE;TRUE;0;1;0
"hs_globalexp2_None_no exposure";"hs_zbmi_who";0,18953694118342;1e-12;-0,0877477391627646;-0,0994403524400859;-0,0994403524400859;-0,0989976958305123;0,0493802525948194;-0,178438470759273;-0,00765105584484605;-0,178438470759273;-0,00765105584484605;100;1;0,9;TRUE;0,99;0,8;TRUE;TRUE;0,01;0,99;0
"hs_no2_dy_hs_h_Log";"hs_correct_raven";0,18953694118342;1e-12;-0,0416878256205934;-0,0435546346777363;-0,0444435047732003;-0,039915676539304;0,0338883082256462;-0,119099541726376;0,000242498465496211;-0,119151606467632;0,00024417227628758;98;0,98;0,9;TRUE;0,969387755102041;0,8;TRUE;TRUE;0,03;0,95;0,02
"hs_no2_wk_hs_h_Log";"hs_correct_raven";0,18953694118342;1e-12;0;0,00311552126148011;0,0042678373444933;0,00129493339088418;0,0178950769797927;-0,0344247523991257;0,0388356910633275;-0,0389247794451778;0,0414970021323837;73;0,73;0,9;FALSE;NA;0,8;FALSE;FALSE;0,42;0,31;0,27
"hs_no2_yr_hs_h_Log";"hs_correct_raven";0,18953694118342;1e-12;-0,0199158873978191;-0,0247582608508217;-0,0257898550529393;-0,0184394374409538;0,028844032511357;-0,0902308277002197;0,017214348979056;-0,0909753399469369;0,0172563627346485;96;0,96;0,9;TRUE;0,885416666666667;0,8;TRUE;TRUE;0,11;0,85;0,04
"hs_pm10_dy_hs_h_None";"hs_correct_raven";0,18953694118342;1e-12;-0,0291957879755426;-0,0239752495708358;-0,0244645403784039;-0,0214873995579438;0,0226092203384158;-0,0638558931392665;0,0173474246912168;-0,0640008476774971;0,017394251969762;98;0,98;0,9;TRUE;0,877551020408163;0,8;TRUE;TRUE;0,12;0,86;0,02
"hs_pm10_wk_hs_h_None";"hs_correct_raven";0,18953694118342;1e-12;-0,00495052031733958;5,73274285552657e-05;5,97160714117351e-05;-0,000548338852942732;0,0233896031638325;-0,0504836619231832;0,0517608942033047;-0,0517675253998243;0,0526855852442808;96;0,96;0,9;TRUE;0,541666666666667;0,8;FALSE;FALSE;0,44;0,52;0,04
"hs_pm10_yr_hs_h_None";"hs_correct_raven";0,18953694118342;1e-12;0,000717034018867835;0,0293139456667019;0,0357487142276852;0,0314916355729375;0,0326381832114333;-0,00412911344411682;0,100456520418999;-0,00446411433799916;0,102931545954423;82;0,82;0,9;FALSE;0,902439024390244;0,8;TRUE;FALSE;0,74;0,08;0,18
"hs_pm25_dy_hs_h_None";"hs_correct_raven";0,18953694118342;1e-12;0,0161291287789538;0,016289920948193;0,0167937329362815;0,0107801619130861;0,027103202964395;-0,0305698121062458;0,0725309734954897;-0,030929842584212;0,0730921975701483;97;0,97;0,9;TRUE;0,742268041237113;0,8;FALSE;FALSE;0,72;0,25;0,03
"hs_pm25_wk_hs_h_None";"hs_correct_raven";0,18953694118342;1e-12;0;-0,0062645454377487;-0,00870075755242875;-0,00753835841897257;0,0162047915692953;-0,0465720113565996;0,0252200611853618;-0,0509038035951331;0,0261982389109022;72;0,72;0,9;FALSE;NA;0,8;FALSE;FALSE;0,18;0,54;0,28
"hs_pm25_yr_hs_h_None";"hs_correct_raven";0,18953694118342;1e-12;-0,102470609704709;-0,0918572893325466;-0,0918572893325466;-0,0920670501536993;0,0515436525771464;-0,190844065570233;0,0133804852361028;-0,190844065570233;0,0133804852361028;100;1;0,9;TRUE;0,96;0,8;TRUE;TRUE;0,04;0,96;0
"hs_pm25abs_dy_hs_h_Log";"hs_correct_raven";0,18953694118342;1e-12;0,0466700058697454;0,0521130159002588;0,0521130159002588;0,0500314607452679;0,0227186436877425;0,0127665760626761;0,103734486366882;0,0127665760626761;0,103734486366882;100;1;0,9;TRUE;1;0,8;TRUE;TRUE;1;0;0
"hs_pm25abs_wk_hs_h_Log";"hs_correct_raven";0,18953694118342;1e-12;0;-0,0150916088975259;-0,0169568639298044;-0,0164646058069619;0,0206839970895591;-0,0525115485607837;0,0233631946907765;-0,0525652359166728;0,0235315040936465;89;0,89;0,9;FALSE;NA;0,8;FALSE;FALSE;0,15;0,74;0,11
"hs_pm25abs_yr_hs_h_Log";"hs_correct_raven";0,18953694118342;1e-12;0,0136465315934409;0,0129074808623609;0,0137313626195329;0,0116306473929771;0,0255039434280847;-0,0356582175660361;0,0673134529292993;-0,0366463410310612;0,0674644261017655;94;0,94;0,9;TRUE;0,723404255319149;0,8;FALSE;FALSE;0,68;0,26;0,06
"hs_accesslines300_h_dic0";"hs_correct_raven";0,18953694118342;1e-12;0,0439504653318257;0,07239066365806;0,07239066365806;0,0720654584488742;0,0729766603404225;-0,0695286696557245;0,209448540428965;-0,0695286696557245;0,209448540428965;100;1;0,9;TRUE;0,85;0,8;TRUE;TRUE;0,85;0,15;0
"hs_accesspoints300_h_Log";"hs_correct_raven";0,18953694118342;1e-12;-0,0369929269283424;-0,038268778381864;-0,038268778381864;-0,0391538854277729;0,0197962047027904;-0,0731604881752607;-0,00185087917462417;-0,0731604881752607;-0,00185087917462417;100;1;0,9;TRUE;0,97;0,8;TRUE;TRUE;0,03;0,97;0
"hs_builtdens300_h_Sqrt";"hs_correct_raven";0,18953694118342;1e-12;0;0,00606969228891563;0,00705778173129725;0,00433208634852961;0,0137433290185425;-0,0161866776234895;0,0352411227271378;-0,0164147499483201;0,035989690137642;86;0,86;0,9;FALSE;NA;0,8;FALSE;FALSE;0,61;0,25;0,14
"hs_connind300_h_Log";"hs_correct_raven";0,18953694118342;1e-12;0;0,00189543614897715;0,00249399493286468;0,00277041635795954;0,0193984500401066;-0,032320475928846;0,0511398126424635;-0,0337948763447493;0,0556100583772644;76;0,76;0,9;FALSE;NA;0,8;FALSE;FALSE;0,43;0,33;0,24
"hs_fdensity300_h_Log";"hs_correct_raven";0,18953694118342;1e-12;0,0626662277339848;0,0618027084588078;0,0618027084588078;0,0610070506544231;0,031205873434569;0,0129197785031474;0,132664495669446;0,0129197785031474;0,132664495669446;100;1;0,9;TRUE;1;0,8;TRUE;TRUE;1;0;0
"hs_landuseshan300_h_None";"hs_correct_raven";0,18953694118342;1e-12;0,00752941480309896;0,0130505161168395;0,0137373853861468;0,0110933302133088;0,0152437315217644;-0,0133915768273364;0,0457768776563392;-0,0137380722792572;0,045911015446458;95;0,95;0,9;TRUE;0,852631578947368;0,8;TRUE;TRUE;0,81;0,14;0,05
"hs_popdens_h_Sqrt";"hs_correct_raven";0,18953694118342;1e-12;0,00126200660360502;-0,000231640597091822;-0,000266253559875658;-9,68647228020912e-05;0,0184779502105079;-0,0403216715355796;0,0390561417001288;-0,0405994675143117;0,0417658231326339;87;0,87;0,9;FALSE;0,494252873563218;0,8;FALSE;FALSE;0,43;0,44;0,13
"hs_walkability_mean_h_None";"hs_correct_raven";0,18953694118342;1e-12;-0,00333426937226634;-0,00483197325566295;-0,00508628763753995;-0,00564190775405518;0,0194455559785019;-0,0385776827155505;0,04158607821276;-0,0392657723493937;0,0420608227232218;95;0,95;0,9;TRUE;0,610526315789474;0,8;FALSE;FALSE;0,37;0,58;0,05
"hs_accesslines300_s_dic0";"hs_correct_raven";0,18953694118342;1e-12;-0,0368882916184341;-0,0532187596865766;-0,0532187596865766;-0,0439924549355111;0,0641732697073555;-0,18727057510429;0,0566908784724141;-0,18727057510429;0,0566908784724141;100;1;0,9;TRUE;0,83;0,8;TRUE;TRUE;0,17;0,83;0
"hs_accesspoints300_s_Log";"hs_correct_raven";0,18953694118342;1e-12;-0,0368977452220798;-0,0375331201321017;-0,0375331201321017;-0,0359599212242796;0,02443944074759;-0,085304552798806;0,00422393631501133;-0,085304552798806;0,00422393631501133;100;1;0,9;TRUE;0,96;0,8;TRUE;TRUE;0,04;0,96;0
"hs_builtdens300_s_Sqrt";"hs_correct_raven";0,18953694118342;1e-12;0,0125647165352567;0,0105146994910505;0,0120858614839661;0,0103053514872983;0,0210458212160619;-0,0311545057164572;0,0558191791614243;-0,0313790528305554;0,0587958430490311;87;0,87;0,9;FALSE;0,735632183908046;0,8;FALSE;FALSE;0,64;0,23;0,13
"hs_connind300_s_Log";"hs_correct_raven";0,18953694118342;1e-12;0,00515213874393858;0,00991937014049772;0,0112720115232929;0,00969301643382988;0,0184998739393969;-0,01983782788024;0,0451893501870506;-0,0198972590144506;0,0458185193155632;88;0,88;0,9;FALSE;0,738636363636364;0,8;FALSE;FALSE;0,65;0,23;0,12
"hs_fdensity300_s_Log";"hs_correct_raven";0,18953694118342;1e-12;-0,0057505759099062;-0,0157631339479837;-0,0171338412478083;-0,0158670440229493;0,0212593337000667;-0,0559398367660575;0,0225594157806922;-0,0560044531691062;0,0236361854153311;92;0,92;0,9;TRUE;0,815217391304348;0,8;TRUE;TRUE;0,17;0,75;0,08
"hs_landuseshan300_s_None";"hs_correct_raven";0,18953694118342;1e-12;-0,0228977681439387;-0,0219572378240657;-0,0221790281051169;-0,0201114946596739;0,0194433605682404;-0,0647274348654548;0,0115803242493265;-0,0649201368027711;0,0115872636686417;99;0,99;0,9;TRUE;0,878787878787879;0,8;TRUE;TRUE;0,12;0,87;0,01
"hs_popdens_s_Sqrt";"hs_correct_raven";0,18953694118342;1e-12;0;0,0177183681570121;0,0224283141228002;0,0209599883125075;0,0190301236844936;-0,00400788034720741;0,0639720147474831;-0,0059731516711308;0,0651134736430277;79;0,79;0,9;FALSE;NA;0,8;FALSE;FALSE;0,69;0,1;0,21
"h_Absorbance_Log";"hs_correct_raven";0,18953694118342;1e-12;0,0222094646714071;0,030277008697468;0,0318705354710189;0,0293749768031916;0,0235469652191902;-0,00597670019215444;0,0832961701513971;-0,00607300839192511;0,0838526972706946;95;0,95;0,9;TRUE;0,926315789473684;0,8;TRUE;TRUE;0,88;0,07;0,05
"h_Benzene_Log";"hs_correct_raven";0,18953694118342;1e-12;-0,0622301009745097;-0,0633750884558398;-0,0633750884558398;-0,0626810411702691;0,0227454089569552;-0,109127548918469;-0,0241915636432649;-0,109127548918469;-0,0241915636432649;100;1;0,9;TRUE;1;0,8;TRUE;TRUE;0;1;0
"h_NO2_Log";"hs_correct_raven";0,18953694118342;1e-12;0,0153866491038153;0,0293082036362705;0,0305293787877817;0,0282603598144191;0,0235784566098235;-0,00667160148045108;0,0777378655991054;-0,00712925411698942;0,0778854626736916;96;0,96;0,9;TRUE;0,9375;0,8;TRUE;TRUE;0,9;0,06;0,04
"h_PM_Log";"hs_correct_raven";0,18953694118342;1e-12;-0,0439609791511228;-0,0482478381161022;-0,0482478381161022;-0,0440563654656447;0,0213725205128995;-0,0940843830297234;-0,0145936664547702;-0,0940843830297234;-0,0145936664547702;100;1;0,9;TRUE;0,99;0,8;TRUE;TRUE;0,01;0,99;0
"h_TEX_Log";"hs_correct_raven";0,18953694118342;1e-12;-0,00458301583009325;-0,0025393341715337;-0,00270141933141883;-0,00116252769968975;0,0179791372459372;-0,0403050596815615;0,032661877275428;-0,0405398972127834;0,03273500897566;94;0,94;0,9;TRUE;0,553191489361702;0,8;FALSE;FALSE;0,42;0,52;0,06
"hs_KIDMED_None";"hs_correct_raven";0,18953694118342;1e-12;0,0356555570484845;0,0331368303598646;0,0331368303598646;0,0310506067608126;0,0207911709599119;-0,000293831136128541;0,0764393009014374;-0,000293831136128541;0,0764393009014374;100;1;0,9;TRUE;0,96;0,8;TRUE;TRUE;0,96;0,04;0
"hs_mvpa_prd_alt_None";"hs_correct_raven";0,18953694118342;1e-12;-0,0366718038071645;-0,0387836841050732;-0,039175438489973;-0,0375652474508675;0,0215444497771544;-0,0885657883614815;-0,000822876395838092;-0,0887437535176059;-0,00233591409062228;99;0,99;0,9;TRUE;0,97979797979798;0,8;TRUE;TRUE;0,02;0,97;0,01
"hs_sd_wk_None";"hs_correct_raven";0,18953694118342;1e-12;-0,0144788108852535;-0,0184859254875225;-0,019256172382836;-0,0175164194932238;0,0166155531439545;-0,0480253894118232;0,00999722794294546;-0,0481747237243704;0,0104311270739244;96;0,96;0,9;TRUE;0,916666666666667;0,8;TRUE;TRUE;0,08;0,88;0,04
"hs_dif_hours_total_None";"hs_correct_raven";0,18953694118342;1e-12;-0,0490743317496274;-0,0478639651329809;-0,0478639651329809;-0,0474231224600603;0,0208110551902817;-0,0915612236147659;-0,00851225740176891;-0,0915612236147659;-0,00851225740176891;100;1;0,9;TRUE;0,99;0,8;TRUE;TRUE;0,01;0,99;0
"hs_as_c_Log2";"hs_correct_raven";0,18953694118342;1e-12;0,0673314468132067;0,0665221517564845;0,0665221517564845;0,0648120308848916;0,0256644753147558;0,019256526745041;0,114822554536636;0,019256526745041;0,114822554536636;100;1;0,9;TRUE;1;0,8;TRUE;TRUE;1;0;0
"hs_cd_c_Log2";"hs_correct_raven";0,18953694118342;1e-12;-0,00122507365507151;-0,00790473303046834;-0,00878303670052038;-0,00735257190790083;0,0140653799552875;-0,0316358678086466;0,0154762348396905;-0,03167216534638;0,0155902014070714;90;0,9;0,9;TRUE;0,755555555555556;0,8;FALSE;FALSE;0,22;0,68;0,1
"hs_co_c_Log2";"hs_correct_raven";0,18953694118342;1e-12;0,0211702342814229;0,0192194948029473;0,0196117293907625;0,020891097005439;0,0167204901357865;-0,011670184783879;0,0450424200520599;-0,0118795527233529;0,04505372566025;98;0,98;0,9;TRUE;0,86734693877551;0,8;TRUE;TRUE;0,85;0,13;0,02
"hs_cs_c_Log2";"hs_correct_raven";0,18953694118342;1e-12;0,0258267882705422;0,0221226547285929;0,0221226547285929;0,0203330187388963;0,024230922209298;-0,0199349617504368;0,0637549914518726;-0,0199349617504368;0,0637549914518726;100;1;0,9;TRUE;0,8;0,8;TRUE;TRUE;0,8;0,2;0
"hs_cu_c_Log2";"hs_correct_raven";0,18953694118342;1e-12;-0,00782930496661042;-0,0100812499361929;-0,0100812499361929;-0,0111199874817998;0,0186216365046022;-0,0415956010637283;0,0312788398921897;-0,0415956010637283;0,0312788398921897;100;1;0,9;TRUE;0,73;0,8;FALSE;FALSE;0,27;0,73;0
"hs_hg_c_Log2";"hs_correct_raven";0,18953694118342;1e-12;-0,030204566709561;-0,0358676185760258;-0,0362299177535614;-0,0345377447456545;0,0222432189393828;-0,0848317309955251;0,00168468932435222;-0,084843595264386;0,00172305545416972;99;0,99;0,9;TRUE;0,95959595959596;0,8;TRUE;TRUE;0,04;0,95;0,01
"hs_mn_c_Log2";"hs_correct_raven";0,18953694118342;1e-12;-0,0250689709235077;-0,02443574656058;-0,0249344352658979;-0,0239309358403901;0,0178514688847878;-0,0569505081578522;0,00718984758141483;-0,0570300349550228;0,00732672937689394;98;0,98;0,9;TRUE;0,938775510204082;0,8;TRUE;TRUE;0,06;0,92;0,02
"hs_mo_c_Log2";"hs_correct_raven";0,18953694118342;1e-12;-0,0384354613076945;-0,0408188413589318;-0,0408188413589318;-0,0402867595310091;0,0197618071846775;-0,0754640752746583;0,00131601581706876;-0,0754640752746583;0,00131601581706876;100;1;0,9;TRUE;0,97;0,8;TRUE;TRUE;0,03;0,97;0
"hs_pb_c_Log2";"hs_correct_raven";0,18953694118342;1e-12;-0,00199097315554418;-0,00374386897336053;-0,00385965873542323;-0,00136981609267079;0,0192189633251652;-0,0362078853209489;0,0297663858890721;-0,0362184681875904;0,0299763901888071;97;0,97;0,9;TRUE;0,525773195876289;0,8;FALSE;FALSE;0,46;0,51;0,03
"hs_hum_mt_hs_h_None";"hs_correct_raven";0,18953694118342;1e-12;0,0579812089873266;0,0538272654587697;0,0538272654587697;0,0481038456136184;0,0340259385358252;-0,0056910027710754;0,120843661065373;-0,0056910027710754;0,120843661065373;100;1;0,9;TRUE;0,96;0,8;TRUE;TRUE;0,96;0,04;0
"hs_tm_mt_hs_h_None";"hs_correct_raven";0,18953694118342;1e-12;0;0,0141818147837498;0,0155844118502745;0,00955520250657287;0,0251688390425122;-0,0254716052912711;0,082488058489482;-0,0269137066525158;0,0859897988514561;91;0,91;0,9;TRUE;NA;0,8;FALSE;FALSE;0,72;0,19;0,09
"hs_uvdvf_mt_hs_h_None";"hs_correct_raven";0,18953694118342;1e-12;0,0232475612101388;0,0265972195278099;0,0289100212258803;0,0277546746239555;0,0235697238062428;-0,00613580991598335;0,0747282942274015;-0,00628205108507842;0,0769829630089696;92;0,92;0,9;TRUE;0,880434782608696;0,8;TRUE;TRUE;0,81;0,11;0,08
"hs_hum_dy_hs_h_None";"hs_correct_raven";0,18953694118342;1e-12;0,000405619667875871;0,00246801807578056;0,0024929475512935;0,00251300826838673;0,0200972919590469;-0,0352086963103709;0,0462693695853832;-0,0354470590046293;0,0463112558039552;99;0,99;0,9;TRUE;0,575757575757576;0,8;FALSE;FALSE;0,57;0,42;0,01
"hs_hum_wk_hs_h_None";"hs_correct_raven";0,18953694118342;1e-12;0,00518521966339071;0,00170858291540668;0,00170858291540668;-7,8035682950503e-05;0,0243227401575184;-0,0382968079187449;0,0504070012339321;-0,0382968079187449;0,0504070012339321;100;1;0,9;TRUE;0,5;0,8;FALSE;FALSE;0,5;0,5;0
"hs_tm_dy_hs_h_None";"hs_correct_raven";0,18953694118342;1e-12;-0,00577997625043843;-0,00985602020424224;-0,011460488609584;-0,00876853203720142;0,0211858680343771;-0,053312757972624;0,0222003959089452;-0,0536631057114022;0,0224132109465774;86;0,86;0,9;FALSE;0,651162790697674;0,8;FALSE;FALSE;0,3;0,56;0,14
"hs_tm_wk_hs_h_None";"hs_correct_raven";0,18953694118342;1e-12;0;-0,00781313331728863;-0,012020205103521;-0,00433103182997991;0,0215756363374768;-0,0527024158764071;0,0236360877787528;-0,0655387888283191;0,0257647720125036;65;0,65;0,9;FALSE;NA;0,8;FALSE;FALSE;0,25;0,4;0,35
"hs_uvdvf_dy_hs_h_None";"hs_correct_raven";0,18953694118342;1e-12;-0,000883541038675876;-0,00759226580531326;-0,00843585089479251;-0,00531175607601984;0,020663108526686;-0,0556365383112796;0,0337755681307152;-0,0568630835871358;0,0346566070033855;90;0,9;0,9;TRUE;0,611111111111111;0,8;FALSE;FALSE;0,35;0,55;0,1
"hs_uvdvf_wk_hs_h_None";"hs_correct_raven";0,18953694118342;1e-12;0,00236788318924058;0,00203277101860193;0,00257312787164801;-0,000506372893242561;0,0165930468325166;-0,0287465844202276;0,0420973394964978;-0,0292865489015454;0,0440776181122373;79;0,79;0,9;FALSE;0,481012658227848;0,8;FALSE;FALSE;0,38;0,41;0,21
"hs_ndvi100_h_None";"hs_correct_raven";0,18953694118342;1e-12;-0,00496831363115534;-0,00429419646180438;-0,00429419646180438;-0,00198767617906144;0,0280123156048921;-0,0567419397620448;0,0485992694706941;-0,0567419397620448;0,0485992694706941;100;1;0,9;TRUE;0,52;0,8;FALSE;FALSE;0,48;0,52;0
"hs_ndvi100_s_None";"hs_correct_raven";0,18953694118342;1e-12;-0,0384904298229816;-0,0321800396442165;-0,0338737259412805;-0,0298351112324449;0,0247125872879251;-0,0783951565321884;0;-0,0796065877255483;-0,000158574268919266;95;0,95;0,9;TRUE;0,978947368421053;0,8;TRUE;TRUE;0,02;0,93;0,05
"hs_dde_cadj_Log2";"hs_correct_raven";0,18953694118342;1e-12;-0,0111981458530042;-0,00475040415052822;-0,00475040415052822;-0,00502338436491039;0,0206430217025667;-0,0405094556467915;0,0332630567863864;-0,0405094556467915;0,0332630567863864;100;1;0,9;TRUE;0,57;0,8;FALSE;FALSE;0,43;0,57;0
"hs_ddt_cadj_Log2";"hs_correct_raven";0,18953694118342;1e-12;-0,00704416320814051;-0,0148024392655351;-0,0164471547394834;-0,0130151556394563;0,0174015369930423;-0,0535788553706569;0,00826027393387127;-0,0541899752977995;0,00828617990341385;90;0,9;0,9;TRUE;0,833333333333333;0,8;TRUE;TRUE;0,15;0,75;0,1
"hs_hcb_cadj_Log2";"hs_correct_raven";0,18953694118342;1e-12;-0,0150901260794386;-0,0221507004191643;-0,0221507004191643;-0,0210302646280112;0,0288254060538497;-0,0845591642205226;0,0242301823754314;-0,0845591642205226;0,0242301823754314;100;1;0,9;TRUE;0,8;0,8;TRUE;TRUE;0,2;0,8;0
"hs_pcb118_cadj_Log2";"hs_correct_raven";0,18953694118342;1e-12;-0,0391823256760292;-0,0455850316410705;-0,0465153384092557;-0,0451668941540882;0,0300228047237161;-0,119333658575366;-0,00163843170040372;-0,119760108296417;-0,00385632401441167;98;0,98;0,9;TRUE;0,989795918367347;0,8;TRUE;TRUE;0,01;0,97;0,02
"hs_pcb138_cadj_Log2";"hs_correct_raven";0,18953694118342;1e-12;-0,00621305621991482;-0,00856287001898487;-0,0087376224683519;-0,00176681187530482;0,0352191706595971;-0,105582892457368;0,0436535317456571;-0,10590945201612;0,0437079473574644;98;0,98;0,9;TRUE;0,510204081632653;0,8;FALSE;FALSE;0,48;0,5;0,02
"hs_pcb153_cadj_Log2";"hs_correct_raven";0,18953694118342;1e-12;-0,012194167185467;-0,0117848074617342;-0,012405060486036;-0,00860004227912564;0,0247594568985355;-0,0708955239195693;0,0335386285072824;-0,071773667983526;0,0340111954822002;95;0,95;0,9;TRUE;0,715789473684211;0,8;FALSE;FALSE;0,27;0,68;0,05
"hs_pcb170_cadj_Log2";"hs_correct_raven";0,18953694118342;1e-12;0,0586068302302794;0,0532678579157125;0,0532678579157125;0,0545984017342667;0,031382220566327;-0,00738293217058666;0,114086951850253;-0,00738293217058666;0,114086951850253;100;1;0,9;TRUE;0,94;0,8;TRUE;TRUE;0,94;0,06;0
"hs_pcb180_cadj_Log2";"hs_correct_raven";0,18953694118342;1e-12;-0,000225195028747213;0,00500790350951523;0,00505848839344973;0,00527020907914624;0,0218022165979966;-0,0317518295659968;0,0486210255383193;-0,0317858770625499;0,0487741784969764;99;0,99;0,9;TRUE;0,393939393939394;0,8;FALSE;FALSE;0,6;0,39;0,01
"hs_sumPCBs5_cadj_Log2";"hs_correct_raven";0,18953694118342;1e-12;0,0391044921226633;0,046353929815754;0,0468221513290444;0,0467047921725492;0,0348061316118778;-0,0195272426202208;0,119996082178924;-0,0200160854456554;0,1203287297127;99;0,99;0,9;TRUE;0,909090909090909;0,8;TRUE;TRUE;0,9;0,09;0,01
"hs_pfhxs_c_Log2";"hs_correct_raven";0,18953694118342;1e-12;0,029911542495745;0,0312646884804935;0,0329101984005195;0,0299685749935291;0,0228967069461663;0;0,0855783801053536;0,00188355215946028;0,0858953367153206;95;0,95;0,9;TRUE;0,989473684210526;0,8;TRUE;TRUE;0,94;0,01;0,05
"hs_pfna_c_Log2";"hs_correct_raven";0,18953694118342;1e-12;-0,022412699360503;-0,024397848891175;-0,0248957641746684;-0,0229072899499181;0,0233110175724968;-0,0794665528064129;0,00934318104399183;-0,0795540527128013;0,00956653592902258;98;0,98;0,9;TRUE;0,918367346938776;0,8;TRUE;TRUE;0,08;0,9;0,02
"hs_pfoa_c_Log2";"hs_correct_raven";0,18953694118342;1e-12;0,0360374013364348;0,0316292480936837;0,0319487354481654;0,0322204671225125;0,0236821809416472;-0,013774024237551;0,0783194558744425;-0,0138025368940031;0,078357074226696;99;0,99;0,9;TRUE;0,919191919191919;0,8;TRUE;TRUE;0,91;0,08;0,01
"hs_pfos_c_Log2";"hs_correct_raven";0,18953694118342;1e-12;0,0333608998150691;0,0355893241322234;0,0355893241322234;0,0324938652193531;0,0285931818714534;-0,0121662986514109;0,106912417954676;-0,0121662986514109;0,106912417954676;100;1;0,9;TRUE;0,92;0,8;TRUE;TRUE;0,92;0,08;0
"hs_pfunda_c_Log2";"hs_correct_raven";0,18953694118342;1e-12;0,0220999751005368;0,0261872752008362;0,0272784116675377;0,026168018414304;0,020758317858234;-0,00352395812783643;0,0724564637238066;-0,00385698748275997;0,0727817299998848;96;0,96;0,9;TRUE;0,958333333333333;0,8;TRUE;TRUE;0,92;0,04;0,04
"hs_hm_pers_None";"hs_correct_raven";0,18953694118342;1e-12;-0,0432631923596128;-0,0403036306484487;-0,0403036306484487;-0,0405190952896636;0,0203723330658783;-0,0762891580709863;0,000430844466318681;-0,0762891580709863;0,000430844466318681;100;1;0,9;TRUE;0,97;0,8;TRUE;TRUE;0,03;0,97;0
"hs_trafload_h_pow1over3";"hs_correct_raven";0,18953694118342;1e-12;-0,0022572524106289;-0,0116706674645751;-0,0132621221188353;-0,0114146530354232;0,0158029734796133;-0,0442797039121191;0,0150319760644592;-0,0469498381170572;0,0154525734348304;88;0,88;0,9;FALSE;0,784090909090909;0,8;FALSE;FALSE;0,19;0,69;0,12
"hs_trafnear_h_pow1over3";"hs_correct_raven";0,18953694118342;1e-12;-0,00881830248441349;-0,0216470910587492;-0,0251710361148246;-0,0227606405573348;0,0203741503397204;-0,0736795194217791;0,00541327837227001;-0,0776592091123301;0,00579069356716595;86;0,86;0,9;FALSE;0,941860465116279;0,8;TRUE;FALSE;0,05;0,81;0,14
"FAS_cat_None_Low";"hs_correct_raven";0,18953694118342;1e-12;-0,196898191189993;-0,196472078745462;-0,196472078745462;-0,197382820769779;0,0690929526219509;-0,33341697935182;-0,0753337439668522;-0,33341697935182;-0,0753337439668522;100;1;0,9;TRUE;0,99;0,8;TRUE;TRUE;0,01;0,99;0
"FAS_cat_None_Middle";"hs_correct_raven";0,18953694118342;1e-12;0,00656600615976546;-0,00347117435068087;-0,00347117435068087;-0,00973594667142997;0,0385504588652004;-0,0606990064402611;0,08210219847521;-0,0606990064402611;0,08210219847521;100;1;0,9;TRUE;0,42;0,8;FALSE;FALSE;0,42;0,58;0
"hs_globalexp2_None_no exposure";"hs_correct_raven";0,18953694118342;1e-12;-0,0349595277485001;-0,0338442149758709;-0,0338442149758709;-0,029668192977216;0,0347207356334183;-0,0993638602642756;0,0307569445814464;-0,0993638602642756;0,0307569445814464;100;1;0,9;TRUE;0,83;0,8;TRUE;TRUE;0,17;0,83;0
"hs_no2_dy_hs_h_Log";"hs_Gen_Tot";0,18953694118342;1e-12;0,0298867258736233;0,0404978399646854;0,0413243264945769;0,0366606821470721;0,039426046313758;-0,0241745090806891;0,120380601466711;-0,0247584576457258;0,120593823138217;98;0,98;0,9;TRUE;0,918367346938776;0,8;TRUE;TRUE;0,9;0,08;0,02
"hs_no2_wk_hs_h_Log";"hs_Gen_Tot";0,18953694118342;1e-12;0;0,0112252345255681;0,0153770335966687;0,00975048985360542;0,0279633619592932;-0,0445488653117291;0,0780703510480235;-0,048509586950707;0,087643341861208;73;0,73;0,9;FALSE;NA;0,8;FALSE;FALSE;0,55;0,18;0,27
"hs_no2_yr_hs_h_Log";"hs_Gen_Tot";0,18953694118342;1e-12;-0,0378871649536882;-0,0484731684706132;-0,0504928838235554;-0,0473976094091611;0,0364394089479085;-0,120302452576725;0,00017895663754946;-0,120994991284291;5,32363109884401e-05;96;0,96;0,9;TRUE;0,96875;0,8;TRUE;TRUE;0,03;0,93;0,04
"hs_pm10_dy_hs_h_None";"hs_Gen_Tot";0,18953694118342;1e-12;-0,0164666390730097;-0,00771957667127608;-0,00787711905232253;-0,00911457304152692;0,0256580144691521;-0,0539366945390056;0,0450503280205066;-0,0544468312491571;0,0452335487720634;98;0,98;0,9;TRUE;0,673469387755102;0,8;FALSE;FALSE;0,32;0,66;0,02
"hs_pm10_wk_hs_h_None";"hs_Gen_Tot";0,18953694118342;1e-12;-0,0510837884919227;-0,0668301023601378;-0,0696146899584768;-0,0685792258239098;0,0379982904012596;-0,137824737594728;0;-0,137928474414351;-0,00559922020393358;96;0,96;0,9;TRUE;1;0,8;TRUE;TRUE;0;0,96;0,04
"hs_pm10_yr_hs_h_None";"hs_Gen_Tot";0,18953694118342;1e-12;-0,00049044663588964;-0,0201152743435465;-0,0245308223701787;-0,0158926790712571;0,0277527669218968;-0,0811858471164574;0,0138280879398368;-0,083579099582532;0,0138618276845196;82;0,82;0,9;FALSE;0,817073170731707;0,8;TRUE;FALSE;0,15;0,67;0,18
"hs_pm25_dy_hs_h_None";"hs_Gen_Tot";0,18953694118342;1e-12;0,033495484727999;0,0405779467634834;0,0418329348077148;0,0354477796962653;0,0342095877695217;-0,0135363550767343;0,114516028490644;-0,0147796789828027;0,115172897492862;97;0,97;0,9;TRUE;0,938144329896907;0,8;TRUE;TRUE;0,91;0,06;0,03
"hs_pm25_wk_hs_h_None";"hs_Gen_Tot";0,18953694118342;1e-12;0;-0,017418144952284;-0,0241918679892833;-0,0138850373779914;0,0300166646845987;-0,0920154080076944;0,0171372983393217;-0,0981380984125093;0,0207017123231611;72;0,72;0,9;FALSE;NA;0,8;FALSE;FALSE;0,13;0,59;0,28
"hs_pm25_yr_hs_h_None";"hs_Gen_Tot";0,18953694118342;1e-12;-0,131277120677493;-0,130109639934832;-0,130109639934832;-0,124861897319871;0,0499441802868303;-0,234754621429905;-0,0432227155091784;-0,234754621429905;-0,0432227155091784;100;1;0,9;TRUE;1;0,8;TRUE;TRUE;0;1;0
"hs_pm25abs_dy_hs_h_Log";"hs_Gen_Tot";0,18953694118342;1e-12;-0,039654820123986;-0,0450919869868204;-0,0450919869868204;-0,0427667966664805;0,0300668091913535;-0,110384367762846;0,00314714765064083;-0,110384367762846;0,00314714765064083;100;1;0,9;TRUE;0,95;0,8;TRUE;TRUE;0,05;0,95;0
"hs_pm25abs_wk_hs_h_Log";"hs_Gen_Tot";0,18953694118342;1e-12;0;0,000605781550567461;0,000680653427603888;6,5454252744675e-05;0,018127436448785;-0,0281000231334873;0,0465816375479704;-0,0289243425688128;0,0469281308647437;89;0,89;0,9;FALSE;NA;0,8;FALSE;FALSE;0,46;0,43;0,11
"hs_pm25abs_yr_hs_h_Log";"hs_Gen_Tot";0,18953694118342;1e-12;-0,0316919321821905;-0,0402181922005248;-0,0427853108516221;-0,0380856237604438;0,0399926462951306;-0,138161297866926;0,017505525695643;-0,139020420130894;0,0180776968008957;94;0,94;0,9;TRUE;0,882978723404255;0,8;TRUE;TRUE;0,11;0,83;0,06
"hs_accesslines300_h_dic0";"hs_Gen_Tot";0,18953694118342;1e-12;0,0291935378270309;0,0589671643659054;0,0589671643659054;0,0480930815893537;0,108352647116798;-0,141531274098158;0,26873720414764;-0,141531274098158;0,26873720414764;100;1;0,9;TRUE;0,69;0,8;FALSE;FALSE;0,69;0,31;0
"hs_accesspoints300_h_Log";"hs_Gen_Tot";0,18953694118342;1e-12;0,0262050951639371;0,022839338161067;0,022839338161067;0,0219691996754573;0,0242478679027492;-0,0209031181108669;0,0751384003655564;-0,0209031181108669;0,0751384003655564;100;1;0,9;TRUE;0,85;0,8;TRUE;TRUE;0,85;0,15;0
"hs_builtdens300_h_Sqrt";"hs_Gen_Tot";0,18953694118342;1e-12;0;0,0169903282858381;0,0197561956812071;0,0114517335881185;0,0239924512710971;-0,0115395168861738;0,0763203394304612;-0,0123465527820919;0,077066092716169;86;0,86;0,9;FALSE;NA;0,8;FALSE;FALSE;0,66;0,2;0,14
"hs_connind300_h_Log";"hs_Gen_Tot";0,18953694118342;1e-12;0;0,00916199348959218;0,0120552545915687;0,00989737977383157;0,019390473411611;-0,0293154804554469;0,0493049893284811;-0,0303270561044111;0,0519612165801195;76;0,76;0,9;FALSE;NA;0,8;FALSE;FALSE;0,55;0,21;0,24
"hs_fdensity300_h_Log";"hs_Gen_Tot";0,18953694118342;1e-12;-0,0260390308986053;-0,0330855961562986;-0,0330855961562986;-0,0337302374634292;0,0271594641365123;-0,0843257209962741;0,0208227226295875;-0,0843257209962741;0,0208227226295875;100;1;0,9;TRUE;0,89;0,8;TRUE;TRUE;0,11;0,89;0
"hs_landuseshan300_h_None";"hs_Gen_Tot";0,18953694118342;1e-12;-0,0123715501286971;-0,0250467995460546;-0,0263650521537416;-0,0196627804570456;0,0234861085768523;-0,0750227189660937;0,00676920226074068;-0,0754700421909561;0,00681574613208833;95;0,95;0,9;TRUE;0,884210526315789;0,8;TRUE;TRUE;0,11;0,84;0,05
"hs_popdens_h_Sqrt";"hs_Gen_Tot";0,18953694118342;1e-12;-0,00423026456767491;-0,0163857612219441;-0,0188342083010852;-0,0169451153651935;0,0249135561050159;-0,0667923514704871;0,0296600178501879;-0,0686666784686458;0,0313449390405769;87;0,87;0,9;FALSE;0,804597701149425;0,8;TRUE;FALSE;0,17;0,7;0,13
"hs_walkability_mean_h_None";"hs_Gen_Tot";0,18953694118342;1e-12;0,00117458145616448;0,000866084751769908;0,000911668159757798;0,000168392247652088;0,0282837832420872;-0,048538633399721;0,0603687239597266;-0,0489590904524821;0,0610510112416409;95;0,95;0,9;TRUE;0,505263157894737;0,8;FALSE;FALSE;0,48;0,47;0,05
"hs_accesslines300_s_dic0";"hs_Gen_Tot";0,18953694118342;1e-12;0,168585628109476;0,183173013675932;0,183173013675932;0,189641834832533;0,101270214694794;0,00995087410789517;0,368129948242435;0,00995087410789517;0,368129948242435;100;1;0,9;TRUE;0,99;0,8;TRUE;TRUE;0,99;0,01;0
"hs_accesspoints300_s_Log";"hs_Gen_Tot";0,18953694118342;1e-12;0,0385703487369055;0,0337825439686179;0,0337825439686179;0,0313921987244592;0,0300413056591144;-0,025760547458934;0,0873601343368737;-0,025760547458934;0,0873601343368737;100;1;0,9;TRUE;0,89;0,8;TRUE;TRUE;0,89;0,11;0
"hs_builtdens300_s_Sqrt";"hs_Gen_Tot";0,18953694118342;1e-12;0,0145180241025575;0,0194646237905627;0,0223731307937502;0,0171644385725749;0,0275553453203619;-0,031754672637353;0,0751861613514217;-0,034506237646276;0,0769330133042344;87;0,87;0,9;FALSE;0,793103448275862;0,8;FALSE;FALSE;0,69;0,18;0,13
"hs_connind300_s_Log";"hs_Gen_Tot";0,18953694118342;1e-12;0,0070240385705167;0,0178758804068153;0,0203135004622902;0,0127285982114651;0,0277901478961393;-0,0241671270667375;0,082888115838376;-0,0257350082779431;0,0840425057460412;88;0,88;0,9;FALSE;0,795454545454545;0,8;FALSE;FALSE;0,7;0,18;0,12
"hs_fdensity300_s_Log";"hs_Gen_Tot";0,18953694118342;1e-12;0,0237619747784269;0,021858488112365;0,0237592262090923;0,025036313157596;0,0269835243223133;-0,0315005933582419;0,070086764639828;-0,0325897694265538;0,0709651405464758;92;0,92;0,9;TRUE;0,815217391304348;0,8;TRUE;TRUE;0,75;0,17;0,08
"hs_landuseshan300_s_None";"hs_Gen_Tot";0,18953694118342;1e-12;0,0170789112368247;0,0235069466362859;0,0237443905417029;0,0183678513896875;0,0261091323686166;-0,0186466485256478;0,0808892064015422;-0,0188961313299798;0,0809812889553367;99;0,99;0,9;TRUE;0,858585858585859;0,8;TRUE;TRUE;0,85;0,14;0,01
"hs_popdens_s_Sqrt";"hs_Gen_Tot";0,18953694118342;1e-12;0;0,00358535485015788;0,00453842386095935;0,0018441651376639;0,0176017338057516;-0,0258858550508082;0,0352249994593647;-0,0268136870812591;0,0365960901231772;79;0,79;0,9;FALSE;NA;0,8;FALSE;FALSE;0,48;0,31;0,21
"h_Absorbance_Log";"hs_Gen_Tot";0,18953694118342;1e-12;-0,00270042798306923;-0,0103185952126302;-0,0108616791711897;-0,00389997039102234;0,0290711876689016;-0,0792849586660807;0,0292139524459597;-0,0793141164086192;0,0296389571232444;95;0,95;0,9;TRUE;0,610526315789474;0,8;FALSE;FALSE;0,37;0,58;0,05
"h_Benzene_Log";"hs_Gen_Tot";0,18953694118342;1e-12;0,108197622145034;0,107678071030332;0,107678071030332;0,110783757167041;0,0285615420510963;0,05364676415519;0,161420599625506;0,05364676415519;0,161420599625506;100;1;0,9;TRUE;1;0,8;TRUE;TRUE;1;0;0
"h_NO2_Log";"hs_Gen_Tot";0,18953694118342;1e-12;0,000681695259729616;0,00637095142677495;0,00663640773622391;0,00182382523817622;0,0269590162810632;-0,0396627113054218;0,0596902540845303;-0,0397020389366156;0,0600818525958466;96;0,96;0,9;TRUE;0,572916666666667;0,8;FALSE;FALSE;0,55;0,41;0,04
"h_PM_Log";"hs_Gen_Tot";0,18953694118342;1e-12;0,063325260300506;0,0621851760640554;0,0621851760640554;0,0635105764965508;0,0306748703101907;0,00834944125552563;0,116223077835508;0,00834944125552563;0,116223077835508;100;1;0,9;TRUE;0,98;0,8;TRUE;TRUE;0,98;0,02;0
"h_TEX_Log";"hs_Gen_Tot";0,18953694118342;1e-12;-0,0216157942345345;-0,0245703445720251;-0,0261386644383246;-0,0219965475721504;0,0230514054573903;-0,0738260927685491;0,0116874358230403;-0,0751868401860135;0,0118519661560276;94;0,94;0,9;TRUE;0,914893617021277;0,8;TRUE;TRUE;0,08;0,86;0,06
"hs_KIDMED_None";"hs_Gen_Tot";0,18953694118342;1e-12;-0,0372286257344569;-0,0360838471015378;-0,0360838471015378;-0,0373737497217411;0,0208566076624383;-0,0752093034484223;0,00234735718366831;-0,0752093034484223;0,00234735718366831;100;1;0,9;TRUE;0,97;0,8;TRUE;TRUE;0,03;0,97;0
"hs_mvpa_prd_alt_None";"hs_Gen_Tot";0,18953694118342;1e-12;-0,0286496487127026;-0,0344226449452499;-0,0347703484295453;-0,0352941338106225;0,0191907993814555;-0,0768003875132083;-0,000956406265028427;-0,0768011591859384;-0,00224831108333243;99;0,99;0,9;TRUE;0,97979797979798;0,8;TRUE;TRUE;0,02;0,97;0,01
"hs_sd_wk_None";"hs_Gen_Tot";0,18953694118342;1e-12;0,0295608090441638;0,0424119139855612;0,0441790770682929;0,0412142445840453;0,0286999816129759;0;0,0992755241968347;0,000667845583109614;0,0997349560618754;96;0,96;0,9;TRUE;0,979166666666667;0,8;TRUE;TRUE;0,94;0,02;0,04
"hs_dif_hours_total_None";"hs_Gen_Tot";0,18953694118342;1e-12;-0,0849390612985243;-0,0924812976413164;-0,0924812976413164;-0,0940249745687417;0,0307799019745284;-0,148610737867021;-0,0347434807915031;-0,148610737867021;-0,0347434807915031;100;1;0,9;TRUE;1;0,8;TRUE;TRUE;0;1;0
"hs_as_c_Log2";"hs_Gen_Tot";0,18953694118342;1e-12;-0,0103266111358277;-0,0129967639750016;-0,0129967639750016;-0,0133429153478604;0,0223399095961168;-0,0622677993261887;0,0268590336222512;-0,0622677993261887;0,0268590336222512;100;1;0,9;TRUE;0,69;0,8;FALSE;FALSE;0,31;0,69;0
"hs_cd_c_Log2";"hs_Gen_Tot";0,18953694118342;1e-12;0,00196525152705469;0,0206491318518506;0,0229434798353896;0,019873791086745;0,0220267738667418;-0,0163778274067944;0,0682331233438587;-0,019136610477678;0,0729313172788696;90;0,9;0,9;TRUE;0,933333333333333;0,8;TRUE;TRUE;0,84;0,06;0,1
"hs_co_c_Log2";"hs_Gen_Tot";0,18953694118342;1e-12;-0,0262543741183415;-0,0317735846818657;-0,0324220251855772;-0,0325966255691419;0,0233510182176792;-0,0755589604977523;0,00613942132670802;-0,0756239228930853;0,00621602718916142;98;0,98;0,9;TRUE;0,918367346938776;0,8;TRUE;TRUE;0,08;0,9;0,02
"hs_cs_c_Log2";"hs_Gen_Tot";0,18953694118342;1e-12;0,0288520404658064;0,0264394791757248;0,0264394791757248;0,0274088947243568;0,0337620919131845;-0,0474616083204688;0,0821740642860856;-0,0474616083204688;0,0821740642860856;100;1;0,9;TRUE;0,8;0,8;TRUE;TRUE;0,8;0,2;0
"hs_cu_c_Log2";"hs_Gen_Tot";0,18953694118342;1e-12;0,0378378213510669;0,0363755709461857;0,0363755709461857;0,0331354713770965;0,02689740796016;-0,0121662918909605;0,0868636027496824;-0,0121662918909605;0,0868636027496824;100;1;0,9;TRUE;0,92;0,8;TRUE;TRUE;0,92;0,08;0
"hs_hg_c_Log2";"hs_Gen_Tot";0,18953694118342;1e-12;-0,010919627951531;-0,0152405356545328;-0,0153944804591241;-0,010467183480448;0,0199915571014436;-0,0552795625292455;0,0217080992711592;-0,0554363731695649;0,0217086903517867;99;0,99;0,9;TRUE;0,808080808080808;0,8;TRUE;TRUE;0,19;0,8;0,01
"hs_mn_c_Log2";"hs_Gen_Tot";0,18953694118342;1e-12;0,0197250244082272;0,0202523364853119;0,020665649474808;0,0210474858542705;0,0166643990041405;-0,0103762310059042;0,0521307530076058;-0,0105994252506195;0,0521700412863913;98;0,98;0,9;TRUE;0,897959183673469;0,8;TRUE;TRUE;0,88;0,1;0,02
"hs_mo_c_Log2";"hs_Gen_Tot";0,18953694118342;1e-12;0,0198964429460617;0,0114877518819548;0,0114877518819548;0,0109688723876005;0,0296044665837351;-0,0511916902925082;0,0593056194706925;-0,0511916902925082;0,0593056194706925;100;1;0,9;TRUE;0,66;0,8;FALSE;FALSE;0,66;0,34;0
"hs_pb_c_Log2";"hs_Gen_Tot";0,18953694118342;1e-12;0,0318866293011664;0,0403357911171731;0,0415832898115187;0,0393999802504112;0,0255373216187576;0,000972822300672738;0,094515623333912;0,00441994195260406;0,0949731701584543;97;0,97;0,9;TRUE;1;0,8;TRUE;TRUE;0,97;0;0,03
"hs_hum_mt_hs_h_None";"hs_Gen_Tot";0,18953694118342;1e-12;0,029681649463992;0,0296765724670225;0,0296765724670225;0,0260149289990775;0,0402737159292498;-0,0447864771924697;0,0966781000562067;-0,0447864771924697;0,0966781000562067;100;1;0,9;TRUE;0,77;0,8;FALSE;FALSE;0,77;0,23;0
"hs_tm_mt_hs_h_None";"hs_Gen_Tot";0,18953694118342;1e-12;0;-0,0197532716998378;-0,0217068919778438;-0,0203391513689015;0,0237574651274232;-0,0692404340751689;0,019701362122239;-0,0695950125689667;0,0203410854923789;91;0,91;0,9;TRUE;NA;0,8;FALSE;FALSE;0,14;0,77;0,09
"hs_uvdvf_mt_hs_h_None";"hs_Gen_Tot";0,18953694118342;1e-12;-0,0355137264894983;-0,0544299751806409;-0,0591630165006967;-0,0523236897027484;0,043835586938607;-0,136751504479161;0;-0,137212643382479;-0,00300368164925788;92;0,92;0,9;TRUE;0,989130434782609;0,8;TRUE;TRUE;0,01;0,91;0,08
"hs_hum_dy_hs_h_None";"hs_Gen_Tot";0,18953694118342;1e-12;-0,0490668480108216;-0,0627628991427712;-0,063396867820981;-0,0608148412424072;0,0340388553296146;-0,124603631039789;-0,00334838658838354;-0,124635940123625;-0,00430095122981095;99;0,99;0,9;TRUE;0,98989898989899;0,8;TRUE;TRUE;0,01;0,98;0,01
"hs_hum_wk_hs_h_None";"hs_Gen_Tot";0,18953694118342;1e-12;-0,00924204765119704;-0,0141276495604329;-0,0141276495604329;-0,0137633928948229;0,0312687950835603;-0,0775447498332632;0,0486515299621102;-0,0775447498332632;0,0486515299621102;100;1;0,9;TRUE;0,69;0,8;FALSE;FALSE;0,31;0,69;0
"hs_tm_dy_hs_h_None";"hs_Gen_Tot";0,18953694118342;1e-12;-0,0178748626519219;-0,0308521549871934;-0,0358745988223179;-0,0310726319360158;0,0306069581645229;-0,09098594732241;0,00433518535623996;-0,091720833148147;0,00439698927986478;86;0,86;0,9;FALSE;0,930232558139535;0,8;TRUE;FALSE;0,06;0,8;0,14
"hs_tm_wk_hs_h_None";"hs_Gen_Tot";0,18953694118342;1e-12;0;-0,00164295876523002;-0,00252762886958465;-0,00352359495760016;0,0202605888908773;-0,0454100195927677;0,0461839787466585;-0,0483904557852495;0,0592781298209051;65;0,65;0,9;FALSE;NA;0,8;FALSE;FALSE;0,24;0,41;0,35
"hs_uvdvf_dy_hs_h_None";"hs_Gen_Tot";0,18953694118342;1e-12;0,0199955704375684;0,038150951639804;0,0423899462664489;0,0394703930149128;0,0354614464529323;-0,00495381539593581;0,107367253445552;-0,00506545950604585;0,109009333888684;90;0,9;0,9;TRUE;0,955555555555556;0,8;TRUE;TRUE;0,86;0,04;0,1
"hs_uvdvf_wk_hs_h_None";"hs_Gen_Tot";0,18953694118342;1e-12;0,011333302408572;0,0295595625668721;0,0374171678061672;0,0321906649860837;0,035032940856333;-0,00693996318393096;0,116633062197018;-0,0104061313178102;0,116822636155752;79;0,79;0,9;FALSE;0,936708860759494;0,8;TRUE;FALSE;0,74;0,05;0,21
"hs_ndvi100_h_None";"hs_Gen_Tot";0,18953694118342;1e-12;-0,0426776353767764;-0,0414233447567647;-0,0414233447567647;-0,0401384628403654;0,0336021913119634;-0,119332250119926;0,00955249747107095;-0,119332250119926;0,00955249747107095;100;1;0,9;TRUE;0,93;0,8;TRUE;TRUE;0,07;0,93;0
"hs_ndvi100_s_None";"hs_Gen_Tot";0,18953694118342;1e-12;-0,00659680976964471;0,000320930678137149;0,000337821766460157;0,000238375704965962;0,0256793183577104;-0,045108079937726;0,0590178526173124;-0,0453439603697082;0,0599133648811995;95;0,95;0,9;TRUE;0,494736842105263;0,8;FALSE;FALSE;0,48;0,47;0,05
"hs_dde_cadj_Log2";"hs_Gen_Tot";0,18953694118342;1e-12;-0,0304997946321273;-0,0255034209617598;-0,0255034209617598;-0,0317540827255196;0,0315116365801079;-0,0717050119711098;0,0413770909648602;-0,0717050119711098;0,0413770909648602;100;1;0,9;TRUE;0,8;0,8;TRUE;TRUE;0,2;0,8;0
"hs_ddt_cadj_Log2";"hs_Gen_Tot";0,18953694118342;1e-12;-0,00576496558619877;-0,0148287487326783;-0,0164763874807536;-0,0151455206491417;0,0176660132965308;-0,0522542063328033;0,0135106689814448;-0,0529707411831258;0,015455461518765;90;0,9;0,9;TRUE;0,855555555555556;0,8;TRUE;TRUE;0,13;0,77;0,1
"hs_hcb_cadj_Log2";"hs_Gen_Tot";0,18953694118342;1e-12;0,0537916294508911;0,0611905984357963;0,0611905984357963;0,0494812996723578;0,0430585892600421;0,0050719989658734;0,160353155897277;0,0050719989658734;0,160353155897277;100;1;0,9;TRUE;0,99;0,8;TRUE;TRUE;0,99;0,01;0
"hs_pcb118_cadj_Log2";"hs_Gen_Tot";0,18953694118342;1e-12;0,0155783469475987;0,0213685806485563;0,0218046741311799;0,0175659016943407;0,0274006908075667;-0,0242841642883099;0,0680741901808745;-0,0244483543332903;0,0681190533855254;98;0,98;0,9;TRUE;0,816326530612245;0,8;TRUE;TRUE;0,8;0,18;0,02
"hs_pcb138_cadj_Log2";"hs_Gen_Tot";0,18953694118342;1e-12;-0,0153284648705159;-0,00807521982030616;-0,00824002022480221;-0,0119987003578434;0,0477668159970867;-0,0947825913648812;0,0897506191099802;-0,0951777891436211;0,0900636476280827;98;0,98;0,9;TRUE;0,612244897959184;0,8;FALSE;FALSE;0,38;0,6;0,02
"hs_pcb153_cadj_Log2";"hs_Gen_Tot";0,18953694118342;1e-12;0,0113914426218406;0,0159338925840504;0,0167725185095267;0,012210602670226;0,0303114322437502;-0,0417238267418018;0,0776405049648965;-0,0417246039322977;0,0779739576746655;95;0,95;0,9;TRUE;0,736842105263158;0,8;FALSE;FALSE;0,7;0,25;0,05
"hs_pcb170_cadj_Log2";"hs_Gen_Tot";0,18953694118342;1e-12;-0,0104384739441789;-0,0161269990031216;-0,0161269990031216;-0,0120629648627314;0,0338162443911991;-0,0789864753593861;0,0398977844791402;-0,0789864753593861;0,0398977844791402;100;1;0,9;TRUE;0,68;0,8;FALSE;FALSE;0,32;0,68;0
"hs_pcb180_cadj_Log2";"hs_Gen_Tot";0,18953694118342;1e-12;-0,102663064626928;-0,106334276383583;-0,107408359983417;-0,102894770737547;0,0443929375494554;-0,209815458018315;-0,0297055091094829;-0,209848734108005;-0,0308100655078982;99;0,99;0,9;TRUE;1;0,8;TRUE;TRUE;0;0,99;0,01
"hs_sumPCBs5_cadj_Log2";"hs_Gen_Tot";0,18953694118342;1e-12;-0,0129483320958806;-0,0112073567501151;-0,0113205623738536;-0,0166446257607104;0,0441711067605423;-0,0910863921590516;0,0799975710835805;-0,0910931482451377;0,0801409955645755;99;0,99;0,9;TRUE;0,636363636363636;0,8;FALSE;FALSE;0,36;0,63;0,01
"hs_pfhxs_c_Log2";"hs_Gen_Tot";0,18953694118342;1e-12;0,00614324288297069;0,00331621001159341;0,00349074738062464;0,00497230402671477;0,0259692387032683;-0,0532916356519056;0,0518181749975751;-0,0534080200233846;0,0523264846318514;95;0,95;0,9;TRUE;0,6;0,8;FALSE;FALSE;0,57;0,38;0,05
"hs_pfna_c_Log2";"hs_Gen_Tot";0,18953694118342;1e-12;0,0351076600207372;0,049145744459027;0,0501487188357418;0,0463006514902052;0,0350789744950521;-0,00175965711046595;0,128817882001359;-0,00192601328634581;0,128915357517864;98;0,98;0,9;TRUE;0,969387755102041;0,8;TRUE;TRUE;0,95;0,03;0,02
"hs_pfoa_c_Log2";"hs_Gen_Tot";0,18953694118342;1e-12;-0,0423361011235535;-0,0469550483765144;-0,047429341794459;-0,0447034487595183;0,0288472378565714;-0,107556064449781;0,00149631869695646;-0,107675414949333;0,00152363083391185;99;0,99;0,9;TRUE;0,95959595959596;0,8;TRUE;TRUE;0,04;0,95;0,01
"hs_pfos_c_Log2";"hs_Gen_Tot";0,18953694118342;1e-12;-0,043223729209146;-0,064636815364648;-0,064636815364648;-0,0615862883159797;0,0339387363417721;-0,128728679788104;-0,00804634621867598;-0,128728679788104;-0,00804634621867598;100;1;0,9;TRUE;1;0,8;TRUE;TRUE;0;1;0
"hs_pfunda_c_Log2";"hs_Gen_Tot";0,18953694118342;1e-12;0,0167645254741539;0,0223166200955079;0,0232464792661541;0,0208554369223003;0,0214930386006169;-0,00892257325793882;0,0659397446775414;-0,00914503852219357;0,0662256789076947;96;0,96;0,9;TRUE;0,90625;0,8;TRUE;TRUE;0,87;0,09;0,04
"hs_hm_pers_None";"hs_Gen_Tot";0,18953694118342;1e-12;-0,0192162926661707;-0,0147708703854253;-0,0147708703854253;-0,0138686896007625;0,0189199268248592;-0,0519817290376517;0,0204599352671582;-0,0519817290376517;0,0204599352671582;100;1;0,9;TRUE;0,79;0,8;FALSE;FALSE;0,21;0,79;0
"hs_trafload_h_pow1over3";"hs_Gen_Tot";0,18953694118342;1e-12;0,00102932561536038;0,00534839525205806;0,0060777218773387;0,00452971230229033;0,0145475734320029;-0,0251113931278771;0,0362295142427705;-0,0268464233974223;0,0365944335859115;88;0,88;0,9;FALSE;0,715909090909091;0,8;FALSE;FALSE;0,63;0,25;0,12
"hs_trafnear_h_pow1over3";"hs_Gen_Tot";0,18953694118342;1e-12;-0,00112084248233178;-0,00521073070176858;-0,00605898918810299;-0,00461278726122196;0,0164437683078014;-0,0496596106917389;0,0262199351196121;-0,0524594257334486;0,0267483513094755;86;0,86;0,9;FALSE;0,651162790697674;0,8;FALSE;FALSE;0,3;0,56;0,14
"FAS_cat_None_Low";"hs_Gen_Tot";0,18953694118342;1e-12;0,0547874402488027;0,0454431934022195;0,0454431934022195;0,0449565354209814;0,0921225934950894;-0,0982805278546183;0,221363201026237;-0,0982805278546183;0,221363201026237;100;1;0,9;TRUE;0,64;0,8;FALSE;FALSE;0,64;0,36;0
"FAS_cat_None_Middle";"hs_Gen_Tot";0,18953694118342;1e-12;0,0322051083662931;0,022217853428568;0,022217853428568;0,0179691260032936;0,0474458887726804;-0,0542657437788532;0,115051987021602;-0,0542657437788532;0,115051987021602;100;1;0,9;TRUE;0,65;0,8;FALSE;FALSE;0,65;0,35;0
"hs_globalexp2_None_no exposure";"hs_Gen_Tot";0,18953694118342;1e-12;-0,00420379931332617;-0,00466196706859526;-0,00466196706859526;-0,00757810515823911;0,051303429391419;-0,11264905286852;0,098823658472467;-0,11264905286852;0,098823658472467;100;1;0,9;TRUE;0,54;0,8;FALSE;FALSE;0,46;0,54;0
"hs_no2_dy_hs_h_Log";"hs_bmi_c_cat";0,18953694118342;1e-12;-0,0596572733287081;-0,073683449644426;-0,0751871935147204;-0,0661436248492343;0,0555399791279451;-0,185426107769291;0,00507408789731699;-0,186121789484518;0,00527000136074792;98;0,98;0,9;TRUE;0,928571428571429;0,8;TRUE;TRUE;0,07;0,91;0,02
"hs_no2_wk_hs_h_Log";"hs_bmi_c_cat";0,18953694118342;1e-12;0;0,026706972154194;0,0365848933619096;0,0292238407641388;0,0361093501436678;-0,00788868682874237;0,121742292321118;-0,0100132901068529;0,133937091370142;73;0,73;0,9;FALSE;NA;0,8;FALSE;FALSE;0,64;0,09;0,27
"hs_no2_yr_hs_h_Log";"hs_bmi_c_cat";0,18953694118342;1e-12;0,0340216911880522;0,0332649185737926;0,0346509568477006;0,0306768982763924;0,0396842254079615;-0,0395521744236671;0,115406646026643;-0,0397295421072032;0,116436443625685;96;0,96;0,9;TRUE;0,854166666666667;0,8;TRUE;TRUE;0,82;0,14;0,04
"hs_pm10_dy_hs_h_None";"hs_bmi_c_cat";0,18953694118342;1e-12;0,0647429834915176;0,0769942272320852;0,0785655379919237;0,0675229704614634;0,0565780392554155;0;0,187774625327537;0,0020892926977263;0,188168229395682;98;0,98;0,9;TRUE;0,979591836734694;0,8;TRUE;TRUE;0,96;0,02;0,02
"hs_pm10_wk_hs_h_None";"hs_bmi_c_cat";0,18953694118342;1e-12;-0,0087305531770027;-0,0145680670095948;-0,0151750698016612;-0,00901682222699044;0,0342278713479253;-0,0889106815066678;0,0428862230321804;-0,0891100421908632;0,0452993131584539;96;0,96;0,9;TRUE;0,645833333333333;0,8;FALSE;FALSE;0,34;0,62;0,04
"hs_pm10_yr_hs_h_None";"hs_bmi_c_cat";0,18953694118342;1e-12;0,000373539385115255;0,0103197648856004;0,012585079128781;0,00747100102374922;0,0258949069434965;-0,0345055592639877;0,0582059337760797;-0,0359926233616054;0,0590894332014507;82;0,82;0,9;FALSE;0,719512195121951;0,8;FALSE;FALSE;0,59;0,23;0,18
"hs_pm25_dy_hs_h_None";"hs_bmi_c_cat";0,18953694118342;1e-12;0,0119325182515455;0,0227457318384206;0,0234492080808459;0,0155425017480312;0,0377968556862882;-0,0456020303881446;0,106832262501684;-0,046570695337085;0,107783806049933;97;0,97;0,9;TRUE;0,793814432989691;0,8;FALSE;FALSE;0,77;0,2;0,03
"hs_pm25_wk_hs_h_None";"hs_bmi_c_cat";0,18953694118342;1e-12;0;-0,00764793896096408;-0,0106221374457834;-0,00242664754788981;0,0346588493464561;-0,0867526413219168;0,0526571672484134;-0,0918384897363533;0,0575715655459462;72;0,72;0,9;FALSE;NA;0,8;FALSE;FALSE;0,28;0,44;0,28
"hs_pm25_yr_hs_h_None";"hs_bmi_c_cat";0,18953694118342;1e-12;0,00240003150364832;0,00432061067377912;0,00432061067377912;0,00443342922267322;0,043691233998773;-0,0868788347447123;0,0806700348560561;-0,0868788347447123;0,0806700348560561;100;1;0,9;TRUE;0,54;0,8;FALSE;FALSE;0,54;0,46;0
"hs_pm25abs_dy_hs_h_Log";"hs_bmi_c_cat";0,18953694118342;1e-12;-0,0177322981955807;-0,0255890875065586;-0,0255890875065586;-0,0209564255825688;0,0364396552188749;-0,104152115759356;0,0361244563892984;-0,104152115759356;0,0361244563892984;100;1;0,9;TRUE;0,76;0,8;FALSE;FALSE;0,24;0,76;0
"hs_pm25abs_wk_hs_h_Log";"hs_bmi_c_cat";0,18953694118342;1e-12;0;-0,0139745703066747;-0,0157017643895222;-0,00920424204473387;0,0323678674503401;-0,0827672514015454;0,0379061962887695;-0,0833970670106676;0,0457218269835126;89;0,89;0,9;FALSE;NA;0,8;FALSE;FALSE;0,23;0,66;0,11
"hs_pm25abs_yr_hs_h_Log";"hs_bmi_c_cat";0,18953694118342;1e-12;0,0265850740991094;0,0342197526103917;0,0364039921387146;0,0311955819400412;0,0414456592509862;-0,0441816477983756;0,108941405303957;-0,0457694549944287;0,108996397105682;94;0,94;0,9;TRUE;0,851063829787234;0,8;TRUE;TRUE;0,8;0,14;0,06
"hs_accesslines300_h_dic0";"hs_bmi_c_cat";0,18953694118342;1e-12;0,00304179207789971;-0,00241305176250624;-0,00241305176250624;-3,50674885581833e-05;0,125393650117826;-0,280947697168553;0,234021419921913;-0,280947697168553;0,234021419921913;100;1;0,9;TRUE;0,5;0,8;FALSE;FALSE;0,5;0,5;0
"hs_accesspoints300_h_Log";"hs_bmi_c_cat";0,18953694118342;1e-12;-0,0275343723875447;-0,0237403656734697;-0,0237403656734697;-0,0183067725796592;0,0450223343777878;-0,112274900008839;0,0574333760153648;-0,112274900008839;0,0574333760153648;100;1;0,9;TRUE;0,72;0,8;FALSE;FALSE;0,28;0,72;0
"hs_builtdens300_h_Sqrt";"hs_bmi_c_cat";0,18953694118342;1e-12;0;0,00254471841320723;0,00295897489907818;0,00338732684772321;0,0259932701736225;-0,0647760888011365;0,0613214591285923;-0,0677165865793608;0,0676232867426033;86;0,86;0,9;FALSE;NA;0,8;FALSE;FALSE;0,58;0,28;0,14
"hs_connind300_h_Log";"hs_bmi_c_cat";0,18953694118342;1e-12;0;0,0221929212258699;0,0292012121393025;0,0175909974664197;0,0315184166974594;-0,0147097186534299;0,1027033781925;-0,0208997209678536;0,103752089466994;76;0,76;0,9;FALSE;NA;0,8;FALSE;FALSE;0,65;0,11;0,24
"hs_fdensity300_h_Log";"hs_bmi_c_cat";0,18953694118342;1e-12;-0,0532649355325673;-0,0788031273448579;-0,0788031273448579;-0,0754847263407963;0,0541039063045877;-0,186603482659024;0,00710059658924731;-0,186603482659024;0,00710059658924731;100;1;0,9;TRUE;0,93;0,8;TRUE;TRUE;0,07;0,93;0
"hs_landuseshan300_h_None";"hs_bmi_c_cat";0,18953694118342;1e-12;-0,00797294369684786;-0,0199761841708608;-0,0210275622851166;-0,0105893492794631;0,0333638311005023;-0,105141232808929;0,0234263448322705;-0,107599632125227;0,0237556446072302;95;0,95;0,9;TRUE;0,789473684210526;0,8;FALSE;FALSE;0,2;0,75;0,05
"hs_popdens_h_Sqrt";"hs_bmi_c_cat";0,18953694118342;1e-12;0,00941811280444101;0,0422809803276316;0,048598827962795;0,0381489771627235;0,0440874594713392;-0,00478313382513005;0,15487927940253;-0,00619168163303759;0,155612636479925;87;0,87;0,9;FALSE;0,942528735632184;0,8;TRUE;FALSE;0,82;0,05;0,13
"hs_walkability_mean_h_None";"hs_bmi_c_cat";0,18953694118342;1e-12;0,0346504790009716;0,0363208299197314;0,0382324525470857;0,034923615657345;0,0365777910567226;-0,0163133629447423;0,120843371797676;-0,0164404906908069;0,121000674635674;95;0,95;0,9;TRUE;0,884210526315789;0,8;TRUE;TRUE;0,84;0,11;0,05
"hs_accesslines300_s_dic0";"hs_bmi_c_cat";0,18953694118342;1e-12;0,086771609083996;0,111853859532937;0,111853859532937;0,104089906493741;0,133303745005285;-0,064835986160301;0,439615569282002;-0,064835986160301;0,439615569282002;100;1;0,9;TRUE;0,8;0,8;TRUE;TRUE;0,8;0,2;0
"hs_accesspoints300_s_Log";"hs_bmi_c_cat";0,18953694118342;1e-12;-0,117006609288384;-0,127365182738603;-0,127365182738603;-0,119377680532022;0,0623531586109557;-0,254516488175125;-0,0220993634054672;-0,254516488175125;-0,0220993634054672;100;1;0,9;TRUE;0,99;0,8;TRUE;TRUE;0,01;0,99;0
"hs_builtdens300_s_Sqrt";"hs_bmi_c_cat";0,18953694118342;1e-12;0,00756433255147769;0,0328053744266306;0,0377073269271616;0,0256701258455433;0,0469644857857203;-0,0369988066416312;0,151258530710674;-0,0383812123812186;0,152352699729959;87;0,87;0,9;FALSE;0,804597701149425;0,8;TRUE;FALSE;0,7;0,17;0,13
"hs_connind300_s_Log";"hs_bmi_c_cat";0,18953694118342;1e-12;-0,00218058447760268;-0,0236113903883383;-0,0268311254412935;-0,0123535411453209;0,0412707770667555;-0,117180876737848;0,0195689563975984;-0,119340818455226;0,0197969848374076;88;0,88;0,9;FALSE;0,784090909090909;0,8;FALSE;FALSE;0,19;0,69;0,12
"hs_fdensity300_s_Log";"hs_bmi_c_cat";0,18953694118342;1e-12;-0,0318757985611925;-0,0548481490318354;-0,0596175532954733;-0,0540657466451266;0,0467025074626087;-0,148819028372403;0,0115378663081211;-0,148918533702392;0,0122735959928389;92;0,92;0,9;TRUE;0,945652173913043;0,8;TRUE;TRUE;0,05;0,87;0,08
"hs_landuseshan300_s_None";"hs_bmi_c_cat";0,18953694118342;1e-12;-0,0350498396368359;-0,0405091042662611;-0,0409182871376375;-0,0313390470078011;0,0419131090209229;-0,142444584289067;0,0139729837533576;-0,142753457210925;0,0140024768674331;99;0,99;0,9;TRUE;0,838383838383838;0,8;TRUE;TRUE;0,16;0,83;0,01
"hs_popdens_s_Sqrt";"hs_bmi_c_cat";0,18953694118342;1e-12;0;-0,0078837159017613;-0,00997938721741937;-0,00604595380025116;0,0282667494658595;-0,0884103512851728;0,0370508593403458;-0,100848674838454;0,0393087984682077;79;0,79;0,9;FALSE;NA;0,8;FALSE;FALSE;0,24;0,55;0,21
"h_Absorbance_Log";"hs_bmi_c_cat";0,18953694118342;1e-12;0,00546708104523512;0,00211804192177663;0,00222951781239645;0,0026580309087953;0,0377570477997511;-0,0865875243435501;0,0698624312778051;-0,0874439787331392;0,0717696617572079;95;0,95;0,9;TRUE;0,557894736842105;0,8;FALSE;FALSE;0,53;0,42;0,05
"h_Benzene_Log";"hs_bmi_c_cat";0,18953694118342;1e-12;0,0242728408072154;0,026436679025069;0,026436679025069;0,0226733449406953;0,0478664054778535;-0,0616071300648155;0,115944663604465;-0,0616071300648155;0,115944663604465;100;1;0,9;TRUE;0,72;0,8;FALSE;FALSE;0,72;0,28;0
"h_NO2_Log";"hs_bmi_c_cat";0,18953694118342;1e-12;0,00796350105717188;0,0208466119009184;0,0217152207301233;0,0149202320904621;0,0347774195862638;-0,032102153027036;0,0967938982689418;-0,0326478673880686;0,0968746052845673;96;0,96;0,9;TRUE;0,78125;0,8;FALSE;FALSE;0,75;0,21;0,04
"h_PM_Log";"hs_bmi_c_cat";0,18953694118342;1e-12;0,0892600953706974;0,094741140618919;0,094741140618919;0,0839701034392304;0,0546942266648427;0,0135127710792142;0,208843615428156;0,0135127710792142;0,208843615428156;100;1;0,9;TRUE;1;0,8;TRUE;TRUE;1;0;0
"h_TEX_Log";"hs_bmi_c_cat";0,18953694118342;1e-12;0,0171823951519941;0,0324906815508169;0,0345645548412946;0,0295744003133195;0,0349527112359945;-0,0124609494769121;0,123308542648228;-0,0130334824746252;0,125180105915588;94;0,94;0,9;TRUE;0,893617021276596;0,8;TRUE;TRUE;0,84;0,1;0,06
"hs_KIDMED_None";"hs_bmi_c_cat";0,18953694118342;1e-12;0,0784254009645768;0,0906785907021371;0,0906785907021371;0,0846001332945189;0,0495698093480412;0,0135857994057561;0,195450376882053;0,0135857994057561;0,195450376882053;100;1;0,9;TRUE;1;0,8;TRUE;TRUE;1;0;0
"hs_mvpa_prd_alt_None";"hs_bmi_c_cat";0,18953694118342;1e-12;-0,0123772030199639;-0,0179739274518917;-0,018155482274638;-0,0123866852040138;0,0290765146267804;-0,0900716617658451;0,0308098913933258;-0,0901587830867025;0,0308424077941564;99;0,99;0,9;TRUE;0,717171717171717;0,8;FALSE;FALSE;0,28;0,71;0,01
"hs_sd_wk_None";"hs_bmi_c_cat";0,18953694118342;1e-12;0,00630411583713342;0,00469832377371962;0,00489408726429127;0,00716348821587459;0,0283788245447991;-0,0585941830574118;0,0683567386970321;-0,0595941193228976;0,0686252439298379;96;0,96;0,9;TRUE;0,65625;0,8;FALSE;FALSE;0,63;0,33;0,04
"hs_dif_hours_total_None";"hs_bmi_c_cat";0,18953694118342;1e-12;-0,0775719184525744;-0,0784857446506073;-0,0784857446506073;-0,0740333891678445;0,0489852326192016;-0,181233652180652;0,00156795747030147;-0,181233652180652;0,00156795747030147;100;1;0,9;TRUE;0,97;0,8;TRUE;TRUE;0,03;0,97;0
"hs_as_c_Log2";"hs_bmi_c_cat";0,18953694118342;1e-12;-0,010511592246408;-0,0081400462638461;-0,0081400462638461;-0,00763788424179095;0,0347125093901785;-0,0878071416039342;0,0640403655870875;-0,0878071416039342;0,0640403655870875;100;1;0,9;TRUE;0,63;0,8;FALSE;FALSE;0,37;0,63;0
"hs_cd_c_Log2";"hs_bmi_c_cat";0,18953694118342;1e-12;0,000231838447954795;0,0086510863031026;0,00961231811455845;0,00349554057761512;0,0281873869196091;-0,0382682449386316;0,0728685867422826;-0,0391464725269112;0,0735343107196548;90;0,9;0,9;TRUE;0,633333333333333;0,8;FALSE;FALSE;0,57;0,33;0,1
"hs_co_c_Log2";"hs_bmi_c_cat";0,18953694118342;1e-12;-0,0323400332363024;-0,0356157923274145;-0,0363426452320556;-0,0331036343419807;0,0344289413610575;-0,102119736671126;0,021292664938866;-0,102354442908029;0,0214871305719712;98;0,98;0,9;TRUE;0,877551020408163;0,8;TRUE;TRUE;0,12;0,86;0,02
"hs_cs_c_Log2";"hs_bmi_c_cat";0,18953694118342;1e-12;0,163048868223491;0,176702854392421;0,176702854392421;0,16682258451615;0,0645436165282127;0,0657394928516791;0,302313467982192;0,0657394928516791;0,302313467982192;100;1;0,9;TRUE;1;0,8;TRUE;TRUE;1;0;0
"hs_cu_c_Log2";"hs_bmi_c_cat";0,18953694118342;1e-12;0,10435494096577;0,126652135973927;0,126652135973927;0,120787857079037;0,0488260457763932;0,0359129387682408;0,231379178744149;0,0359129387682408;0,231379178744149;100;1;0,9;TRUE;1;0,8;TRUE;TRUE;1;0;0
"hs_hg_c_Log2";"hs_bmi_c_cat";0,18953694118342;1e-12;-0,014468237768498;-0,0173675609136993;-0,0175429908219184;-0,0118874557753812;0,0270306408122941;-0,0738753821951511;0,0331322782749679;-0,0739164900232338;0,0331760651402723;99;0,99;0,9;TRUE;0,767676767676768;0,8;FALSE;FALSE;0,23;0,76;0,01
"hs_mn_c_Log2";"hs_bmi_c_cat";0,18953694118342;1e-12;0,00440781247551224;0,00244725997469912;0,00249720405581542;0,00185742494512681;0,0333444969596261;-0,0768328996549522;0,0689336670857231;-0,0777088169268366;0,0689533980054662;98;0,98;0,9;TRUE;0,530612244897959;0,8;FALSE;FALSE;0,52;0,46;0,02
"hs_mo_c_Log2";"hs_bmi_c_cat";0,18953694118342;1e-12;-0,07671946576504;-0,0828717165051808;-0,0828717165051808;-0,0848883742060205;0,0395104225811193;-0,147815381171229;-0,00176619629648945;-0,147815381171229;-0,00176619629648945;100;1;0,9;TRUE;0,98;0,8;TRUE;TRUE;0,02;0,98;0
"hs_pb_c_Log2";"hs_bmi_c_cat";0,18953694118342;1e-12;-0,0287928484045697;-0,0405598727784589;-0,0418143018334627;-0,0331849912077147;0,0392631136239578;-0,134057454333097;0,0179774087093773;-0,134107062295148;0,01835747366926;97;0,97;0,9;TRUE;0,907216494845361;0,8;TRUE;TRUE;0,09;0,88;0,03
"hs_hum_mt_hs_h_None";"hs_bmi_c_cat";0,18953694118342;1e-12;0,186889249418952;0,196530383598004;0,196530383598004;0,191381429066028;0,0768870981396217;0,0529909217957982;0,3297060707;0,0529909217957982;0,3297060707;100;1;0,9;TRUE;1;0,8;TRUE;TRUE;1;0;0
"hs_tm_mt_hs_h_None";"hs_bmi_c_cat";0,18953694118342;1e-12;0;0,00929464784031225;0,0102138987256179;0,00525643640257423;0,0289099508091797;-0,0406970513103509;0,0948127941775549;-0,0407241745479006;0,0963523745567735;91;0,91;0,9;TRUE;NA;0,8;FALSE;FALSE;0,58;0,33;0,09
"hs_uvdvf_mt_hs_h_None";"hs_bmi_c_cat";0,18953694118342;1e-12;0,0109769173587322;0,0237400493588355;0,0258044014769952;0,0226168203291216;0,0330865775349708;-0,0321753392116616;0,0966900204942469;-0,0322216567060348;0,0973273013879441;92;0,92;0,9;TRUE;0,739130434782609;0,8;FALSE;FALSE;0,68;0,24;0,08
"hs_hum_dy_hs_h_None";"hs_bmi_c_cat";0,18953694118342;1e-12;-0,00408826242870113;-0,00608446168425994;-0,00614592089319185;-0,00555927033788167;0,035646345439045;-0,0685487345687192;0,0675214086105282;-0,0685879905919848;0,0676964726287377;99;0,99;0,9;TRUE;0,595959595959596;0,8;FALSE;FALSE;0,4;0,59;0,01
"hs_hum_wk_hs_h_None";"hs_bmi_c_cat";0,18953694118342;1e-12;-0,0346044806504963;-0,0378701632633429;-0,0378701632633429;-0,0339330085404118;0,0474736140629528;-0,137344226602057;0,0370076975188656;-0,137344226602057;0,0370076975188656;100;1;0,9;TRUE;0,8;0,8;TRUE;TRUE;0,2;0,8;0
"hs_tm_dy_hs_h_None";"hs_bmi_c_cat";0,18953694118342;1e-12;-0,0115235492586492;-0,0274312058613952;-0,0318967510016223;-0,0203757517449969;0,0444550266143138;-0,125407906605848;0,0362648571304083;-0,129225849095936;0,0392343715337394;86;0,86;0,9;FALSE;0,86046511627907;0,8;TRUE;FALSE;0,12;0,74;0,14
"hs_tm_wk_hs_h_None";"hs_bmi_c_cat";0,18953694118342;1e-12;0;-0,00115041228145044;-0,00176986504838528;-0,00121749441904261;0,0159027683771735;-0,0356490332724976;0,0315604261806578;-0,0428215508884962;0,0339314541588736;65;0,65;0,9;FALSE;NA;0,8;FALSE;FALSE;0,3;0,35;0,35
"hs_uvdvf_dy_hs_h_None";"hs_bmi_c_cat";0,18953694118342;1e-12;-0,00781726963198388;-0,0117381886146604;-0,0130424317940671;-0,00982267937600733;0,0281011756309969;-0,0731255697730464;0,0338374621599626;-0,0749732675761384;0,0342472403767713;90;0,9;0,9;TRUE;0,688888888888889;0,8;FALSE;FALSE;0,28;0,62;0,1
"hs_uvdvf_wk_hs_h_None";"hs_bmi_c_cat";0,18953694118342;1e-12;-0,00790566515634224;-0,0182775620624338;-0,0231361545094098;-0,0179532908205814;0,0306441704686143;-0,0881363851571889;0,0291117006468338;-0,0903818209180099;0,0327815264473003;79;0,79;0,9;FALSE;0,835443037974684;0,8;TRUE;FALSE;0,13;0,66;0,21
"hs_ndvi100_h_None";"hs_bmi_c_cat";0,18953694118342;1e-12;-0,00156143184159738;0,00939963055963716;0,00939963055963716;0,00220510228748884;0,0472027884183874;-0,0656113119290206;0,113456626194098;-0,0656113119290206;0,113456626194098;100;1;0,9;TRUE;0,5;0,8;FALSE;FALSE;0,5;0,5;0
"hs_ndvi100_s_None";"hs_bmi_c_cat";0,18953694118342;1e-12;-0,0415613250961375;-0,0540325255873379;-0,0568763427235136;-0,0473816755528594;0,0529137736921006;-0,157952101382716;0,0105657735305198;-0,158460160867343;0,0112761403814709;95;0,95;0,9;TRUE;0,884210526315789;0,8;TRUE;TRUE;0,11;0,84;0,05
"hs_dde_cadj_Log2";"hs_bmi_c_cat";0,18953694118342;1e-12;-0,177802370777865;-0,184752878169691;-0,184752878169691;-0,183924433293558;0,0760742798167766;-0,354614029190661;-0,0586220419000383;-0,354614029190661;-0,0586220419000383;100;1;0,9;TRUE;1;0,8;TRUE;TRUE;0;1;0
"hs_ddt_cadj_Log2";"hs_bmi_c_cat";0,18953694118342;1e-12;0,000138874527548827;0,00516101690570418;0,0057344632285602;0,00238244844078068;0,0249786623878499;-0,0391282186617391;0,0653625901643395;-0,0392361471907614;0,0680946528502173;90;0,9;0,9;TRUE;0,577777777777778;0,8;FALSE;FALSE;0,52;0,38;0,1
"hs_hcb_cadj_Log2";"hs_bmi_c_cat";0,18953694118342;1e-12;-0,206404607203831;-0,299240411081342;-0,299240411081342;-0,228136727508489;0,192057518464873;-0,655309536555112;-0,0636020753135162;-0,655309536555112;-0,0636020753135162;100;1;0,9;TRUE;1;0,8;TRUE;TRUE;0;1;0
"hs_pcb118_cadj_Log2";"hs_bmi_c_cat";0,18953694118342;1e-12;0,0215152443897624;0,0377711128811499;0,0385419519195407;0,0366449737360024;0,0356411406198513;-0,0157388768045366;0,117370843452486;-0,0162880201029149;0,117775167192427;98;0,98;0,9;TRUE;0,877551020408163;0,8;TRUE;TRUE;0,86;0,12;0,02
"hs_pcb138_cadj_Log2";"hs_bmi_c_cat";0,18953694118342;1e-12;-0,0360891232119866;-0,04043531784761;-0,0412605284159286;-0,0430540403490855;0,0459674898868546;-0,15686623509452;0,0244512793259555;-0,157468384673464;0,0245367325476527;98;0,98;0,9;TRUE;0,826530612244898;0,8;TRUE;TRUE;0,17;0,81;0,02
"hs_pcb153_cadj_Log2";"hs_bmi_c_cat";0,18953694118342;1e-12;-0,0321579496213181;-0,0505317891321692;-0,0531913569812308;-0,0444825822716363;0,0421190032808054;-0,146683628172898;3,81679052266477e-05;-0,147372641737259;-0,000107921972542649;95;0,95;0,9;TRUE;0,968421052631579;0,8;TRUE;TRUE;0,03;0,92;0,05
"hs_pcb170_cadj_Log2";"hs_bmi_c_cat";0,18953694118342;1e-12;-0,190658386002416;-0,201557670686787;-0,201557670686787;-0,196048431469618;0,0584940964521943;-0,315423297890908;-0,08922817510122;-0,315423297890908;-0,08922817510122;100;1;0,9;TRUE;1;0,8;TRUE;TRUE;0;1;0
"hs_pcb180_cadj_Log2";"hs_bmi_c_cat";0,18953694118342;1e-12;-0,0695234904485517;-0,0738744488562651;-0,0746206554103688;-0,0593051827810092;0,0679956562879299;-0,227613137584603;0,0396225480555205;-0,228047774887401;0,0399620653168994;99;0,99;0,9;TRUE;0,929292929292929;0,8;TRUE;TRUE;0,07;0,92;0,01
"hs_sumPCBs5_cadj_Log2";"hs_bmi_c_cat";0,18953694118342;1e-12;-0,141840021911536;-0,138101603657682;-0,139496569351194;-0,130095661144285;0,0624344364844219;-0,26056168846762;-0,0263336327957626;-0,260587967238151;-0,0294079541737136;99;0,99;0,9;TRUE;1;0,8;TRUE;TRUE;0;0,99;0,01
"hs_pfhxs_c_Log2";"hs_bmi_c_cat";0,18953694118342;1e-12;0,0213019272525594;0,0416885019643601;0,0438826336466949;0,0281316322807842;0,044838647505757;-0,00445734781963115;0,149595409273389;-0,00470961196635407;0,154327549949789;95;0,95;0,9;TRUE;0,947368421052632;0,8;TRUE;TRUE;0,9;0,05;0,05
"hs_pfna_c_Log2";"hs_bmi_c_cat";0,18953694118342;1e-12;0,0167891957425692;0,0287284423753039;0,029314737117657;0,0231792251966467;0,0364887230188604;-0,0368261916298041;0,105025361983936;-0,0369485653682214;0,106010137336797;98;0,98;0,9;TRUE;0,806122448979592;0,8;TRUE;TRUE;0,79;0,19;0,02
"hs_pfoa_c_Log2";"hs_bmi_c_cat";0,18953694118342;1e-12;-0,0820282372542789;-0,091840713792833;-0,0927683977705384;-0,0918665964360072;0,0499870656431066;-0,18645969422156;-0,0031761000369452;-0,186551400372463;-0,00554021078722016;99;0,99;0,9;TRUE;0,98989898989899;0,8;TRUE;TRUE;0,01;0,98;0,01
"hs_pfos_c_Log2";"hs_bmi_c_cat";0,18953694118342;1e-12;-0,0090135288476698;-0,0108494275492644;-0,0108494275492644;-0,0122725360331614;0,0386018502765541;-0,0786862809604078;0,0774079556968617;-0,0786862809604078;0,0774079556968617;100;1;0,9;TRUE;0,66;0,8;FALSE;FALSE;0,34;0,66;0
"hs_pfunda_c_Log2";"hs_bmi_c_cat";0,18953694118342;1e-12;0,000126058769044421;0,00121546525795287;0,00126610964370091;0,00054584204306648;0,0220007204317145;-0,039142173706856;0,047792012536556;-0,0396608536382198;0,0478218723492431;96;0,96;0,9;TRUE;0,510416666666667;0,8;FALSE;FALSE;0,49;0,47;0,04
"hs_hm_pers_None";"hs_bmi_c_cat";0,18953694118342;1e-12;0,0124283026739107;0,018814682042201;0,018814682042201;0,0128646273263651;0,0301501989951112;-0,0230882623527934;0,0925218462501568;-0,0230882623527934;0,0925218462501568;100;1;0,9;TRUE;0,77;0,8;FALSE;FALSE;0,77;0,23;0
"hs_trafload_h_pow1over3";"hs_bmi_c_cat";0,18953694118342;1e-12;-0,00192024790619529;-0,0255721331241334;-0,0290592421865152;-0,0210220678314537;0,0290099047454037;-0,0951100215638493;0,00968431940901947;-0,0967875135788941;0,0103708034091766;88;0,88;0,9;FALSE;0,886363636363636;0,8;TRUE;FALSE;0,1;0,78;0,12
"hs_trafnear_h_pow1over3";"hs_bmi_c_cat";0,18953694118342;1e-12;-0,00109111571599161;0,00163970865900882;0,00190663797559165;0,000257142121429972;0,0258703009629143;-0,0473670457579984;0,0623738755390001;-0,0476939645384047;0,0665849842162405;86;0,86;0,9;FALSE;0,488372093023256;0,8;FALSE;FALSE;0,44;0,42;0,14
"FAS_cat_None_Low";"hs_bmi_c_cat";0,18953694118342;1e-12;-0,42481098660515;-0,452934082671623;-0,452934082671623;-0,439932685878773;0,194904033332398;-0,809090176288572;-0,107956542442677;-0,809090176288572;-0,107956542442677;100;1;0,9;TRUE;1;0,8;TRUE;TRUE;0;1;0
"FAS_cat_None_Middle";"hs_bmi_c_cat";0,18953694118342;1e-12;-0,271208242520944;-0,28026392892198;-0,28026392892198;-0,270084152430353;0,119382271098744;-0,561726048882075;-0,099245673627596;-0,561726048882075;-0,099245673627596;100;1;0,9;TRUE;1;0,8;TRUE;TRUE;0;1;0
"hs_globalexp2_None_no exposure";"hs_bmi_c_cat";0,18953694118342;1e-12;-0,162925566327165;-0,191583535942583;-0,191583535942583;-0,189471153191709;0,0890826424136929;-0,34756359575204;-0,0216576699762617;-0,34756359575204;-0,0216576699762617;100;1;0,9;TRUE;1;0,8;TRUE;TRUE;0;1;0
