"exposure";"outcome";"lambda";"selection_tol";"beta_original";"beta_boot_mean_all";"beta_boot_mean_selected";"beta_boot_median_selected";"beta_boot_sd_all";"beta_boot_q025_all";"beta_boot_q975_all";"beta_boot_q025_selected";"beta_boot_q975_selected";"n_selected";"sel_prob";"sel_prob_threshold";"passes_sel_prob";"sign_consistency";"sign_consistency_threshold";"passes_sign_consistency";"passes_stability_filter";"prop_positive";"prop_negative";"prop_zero"
"h_abs_ratio_preg_Log";"e3_bw";0,000154688532314652;1e-12;-0,00396907955819451;-0,00420688226530531;-0,00420688226530531;-0,004049765941345;0,00477936995626292;-0,0123514655542575;0,00450149251115705;-0,0123514655542575;0,00450149251115705;100;1;0,9;TRUE;0,84;0,8;TRUE;TRUE;0,16;0,84;0
"h_no2_ratio_preg_Log";"e3_bw";0,000154688532314652;1e-12;0,00750606122793901;0,00449766456620662;0,00449766456620662;0,00490829373291298;0,00467113819771945;-0,00560074229335117;0,0134227665962443;-0,00560074229335117;0,0134227665962443;100;1;0,9;TRUE;0,88;0,8;TRUE;TRUE;0,88;0,12;0
"h_pm10_ratio_preg_None";"e3_bw";0,000154688532314652;1e-12;-0,015460817894069;-0,0152381472433655;-0,0152381472433655;-0,0149646933980608;0,00463897152383869;-0,0239236102108119;-0,00651698932053064;-0,0239236102108119;-0,00651698932053064;100;1;0,9;TRUE;1;0,8;TRUE;TRUE;0;1;0
"h_pm25_ratio_preg_None";"e3_bw";0,000154688532314652;1e-12;0,0142843045289496;0,0126641358918537;0,0126641358918537;0,0127177720512218;0,00400481813843056;0,00475309450689509;0,0193125200355846;0,00475309450689509;0,0193125200355846;100;1;0,9;TRUE;1;0,8;TRUE;TRUE;1;0;0
"h_accesslines300_preg_dic0";"e3_bw";0,000154688532314652;1e-12;0,0192432697154026;0,0234883493747288;0,0234883493747288;0,0237049871305057;0,013121425625036;-0,00222459041455576;0,0486561759680778;-0,00222459041455576;0,0486561759680778;100;1;0,9;TRUE;0,95;0,8;TRUE;TRUE;0,95;0,05;0
"h_accesspoints300_preg_Log";"e3_bw";0,000154688532314652;1e-12;0,00632262747237873;0,00753030068418579;0,00753030068418579;0,00759660574667879;0,00408671543740152;0,000623003177656259;0,0154017663418402;0,000623003177656259;0,0154017663418402;100;1;0,9;TRUE;0,99;0,8;TRUE;TRUE;0,99;0,01;0
"h_builtdens300_preg_Sqrt";"e3_bw";0,000154688532314652;1e-12;0,00278738889424622;0,00123555556639927;0,00123555556639927;0,00182292360888575;0,00432600771037847;-0,00751471602443656;0,00842095796707922;-0,00751471602443656;0,00842095796707922;100;1;0,9;TRUE;0,64;0,8;FALSE;FALSE;0,64;0,36;0
"h_connind300_preg_Sqrt";"e3_bw";0,000154688532314652;1e-12;-0,00484056685158594;-0,00373033400218878;-0,00373033400218878;-0,00391598639841851;0,00345673354962208;-0,00957080894676523;0,00203723056823966;-0,00957080894676523;0,00203723056823966;100;1;0,9;TRUE;0,91;0,8;TRUE;TRUE;0,09;0,91;0
"h_fdensity300_preg_Log";"e3_bw";0,000154688532314652;1e-12;-0,00378102833134658;-0,00562887527671572;-0,00562887527671572;-0,00575114385285152;0,00440726632485618;-0,0142815044811508;0,00243586185783297;-0,0142815044811508;0,00243586185783297;100;1;0,9;TRUE;0,93;0,8;TRUE;TRUE;0,07;0,93;0
"h_frichness300_preg_None";"e3_bw";0,000154688532314652;1e-12;0,00431231533342126;0,00549668350264934;0,00549668350264934;0,00495422952712934;0,0042074177423751;-0,00179974995404777;0,0155694729005621;-0,00179974995404777;0,0155694729005621;100;1;0,9;TRUE;0,92;0,8;TRUE;TRUE;0,92;0,08;0
"h_landuseshan300_preg_None";"e3_bw";0,000154688532314652;1e-12;0,00284527187444738;0,00369002813546637;0,00369002813546637;0,00351623108578452;0,00331941000376256;-0,00186625038961147;0,0098935917627364;-0,00186625038961147;0,0098935917627364;100;1;0,9;TRUE;0,85;0,8;TRUE;TRUE;0,85;0,15;0
"h_popdens_preg_Sqrt";"e3_bw";0,000154688532314652;1e-12;-0,00479368217199561;-0,00344849417409184;-0,00344849417409184;-0,00338188254527704;0,00311358774884438;-0,00954632431028133;0,00296905663947122;-0,00954632431028133;0,00296905663947122;100;1;0,9;TRUE;0,89;0,8;TRUE;TRUE;0,11;0,89;0
"h_walkability_mean_preg_None";"e3_bw";0,000154688532314652;1e-12;0,000246461097608366;-0,000779353940468401;-0,000779353940468401;-0,000592306378331394;0,00351869174550236;-0,00807562413589762;0,0052881347932209;-0,00807562413589762;0,0052881347932209;100;1;0,9;TRUE;0,42;0,8;FALSE;FALSE;0,42;0,58;0
"hs_as_m_Log2";"e3_bw";0,000154688532314652;1e-12;0,00336519462428484;0,00378843372922331;0,00378843372922331;0,00379872079407754;0,00334073369479342;-0,00267752563276161;0,0104814754612852;-0,00267752563276161;0,0104814754612852;100;1;0,9;TRUE;0,87;0,8;TRUE;TRUE;0,87;0,13;0
"hs_cd_m_Log2";"e3_bw";0,000154688532314652;1e-12;-4,47602831325925e-06;0,000434169760074105;0,000434169760074105;0,000522099495615273;0,00314199217661055;-0,00518220262720262;0,00645097276410391;-0,00518220262720262;0,00645097276410391;100;1;0,9;TRUE;0,45;0,8;FALSE;FALSE;0,55;0,45;0
"hs_co_m_Log2";"e3_bw";0,000154688532314652;1e-12;0,00657460443777152;0,00656037382704314;0,00656037382704314;0,00675249336600142;0,00318719655112092;0,000554378140039395;0,0130472957387659;0,000554378140039395;0,0130472957387659;100;1;0,9;TRUE;0,98;0,8;TRUE;TRUE;0,98;0,02;0
"hs_cs_m_Log2";"e3_bw";0,000154688532314652;1e-12;-0,00191861826952799;-0,00298324428296644;-0,00298324428296644;-0,00285730560033594;0,00307104689589138;-0,00955705346974415;0,00240313903449533;-0,00955705346974415;0,00240313903449533;100;1;0,9;TRUE;0,86;0,8;TRUE;TRUE;0,14;0,86;0
"hs_cu_m_Log2";"e3_bw";0,000154688532314652;1e-12;-0,00512271607874658;-0,00492518014002732;-0,00492518014002732;-0,0055548894208497;0,00336812744030403;-0,0104278072301966;0,00223996762832402;-0,0104278072301966;0,00223996762832402;100;1;0,9;TRUE;0,91;0,8;TRUE;TRUE;0,09;0,91;0
"hs_hg_m_Log2";"e3_bw";0,000154688532314652;1e-12;-0,00231948301994583;-0,0020695931229065;-0,0020695931229065;-0,00166025602593326;0,00379609211021839;-0,00965264367849414;0,00471671942311467;-0,00965264367849414;0,00471671942311467;100;1;0,9;TRUE;0,72;0,8;FALSE;FALSE;0,28;0,72;0
"hs_mn_m_Log2";"e3_bw";0,000154688532314652;1e-12;-0,0027588051883925;-0,00208895568330999;-0,00208895568330999;-0,0022177892858407;0,00282820409930447;-0,00761023827459307;0,00308494442419103;-0,00761023827459307;0,00308494442419103;100;1;0,9;TRUE;0,79;0,8;FALSE;FALSE;0,21;0,79;0
"hs_mo_m_Log2";"e3_bw";0,000154688532314652;1e-12;0,00222012439337987;0,00107356176013517;0,00107356176013517;0,00138626229203877;0,00328057662664313;-0,00586236034746489;0,00681309244766419;-0,00586236034746489;0,00681309244766419;100;1;0,9;TRUE;0,67;0,8;FALSE;FALSE;0,67;0,33;0
"hs_pb_m_Log2";"e3_bw";0,000154688532314652;1e-12;0,00181172772222794;0,0002926853052901;0,0002926853052901;0,00060888517068174;0,00298019135079693;-0,0048360061272265;0,00570173477683177;-0,0048360061272265;0,00570173477683177;100;1;0,9;TRUE;0,58;0,8;FALSE;FALSE;0,58;0,42;0
"h_humidity_preg_None";"e3_bw";0,000154688532314652;1e-12;0,00820473608656954;0,0100924488152433;0,0100924488152433;0,010258443998148;0,00521747714507385;-0,00135318904980477;0,0188945402423343;-0,00135318904980477;0,0188945402423343;100;1;0,9;TRUE;0,96;0,8;TRUE;TRUE;0,96;0,04;0
"h_pressure_preg_None";"e3_bw";0,000154688532314652;1e-12;-0,001786420368948;-0,00112908921885231;-0,00112908921885231;-0,00135636413675794;0,00454076311386111;-0,0103903383613009;0,00715342751179561;-0,0103903383613009;0,00715342751179561;100;1;0,9;TRUE;0,61;0,8;FALSE;FALSE;0,39;0,61;0
"h_temperature_preg_None";"e3_bw";0,000154688532314652;1e-12;0,00747409364858308;0,0070075616303234;0,0070075616303234;0,00703626127453076;0,00403329415358953;-0,000191551930775658;0,0165782787482991;-0,000191551930775658;0,0165782787482991;100;1;0,9;TRUE;0,97;0,8;TRUE;TRUE;0,97;0,03;0
"h_ndvi100_preg_None";"e3_bw";0,000154688532314652;1e-12;0,00552498751310088;0,00591178342813321;0,00591178342813321;0,00526065212469198;0,00461476353722051;-0,0024064908600402;0,0147462078935285;-0,0024064908600402;0,0147462078935285;100;1;0,9;TRUE;0,87;0,8;TRUE;TRUE;0,87;0,13;0
"hs_dde_madj_Log2";"e3_bw";0,000154688532314652;1e-12;-0,00623780198760579;-0,0063794519639483;-0,0063794519639483;-0,00633105199884702;0,00327974858140644;-0,0126749512593626;-0,000170754129764364;-0,0126749512593626;-0,000170754129764364;100;1;0,9;TRUE;0,98;0,8;TRUE;TRUE;0,02;0,98;0
"hs_ddt_madj_Log2";"e3_bw";0,000154688532314652;1e-12;0,000686254304791724;0,000651126000018402;0,000651126000018402;0,000706416208449698;0,00269020472941775;-0,00435429421199828;0,00624989784614833;-0,00435429421199828;0,00624989784614833;100;1;0,9;TRUE;0,62;0,8;FALSE;FALSE;0,62;0,38;0
"hs_hcb_madj_Log2";"e3_bw";0,000154688532314652;1e-12;-0,00299596917868624;-0,00275336571541341;-0,00275336571541341;-0,00297010644719089;0,00357604825710576;-0,00947249068896365;0,00410248961209214;-0,00947249068896365;0,00410248961209214;100;1;0,9;TRUE;0,77;0,8;FALSE;FALSE;0,23;0,77;0
"hs_pcb118_madj_Log2";"e3_bw";0,000154688532314652;1e-12;0,00557358688979604;0,00748060565272267;0,00748060565272267;0,0076666358882076;0,00499240879266438;-0,0012352582722135;0,0177184793007518;-0,0012352582722135;0,0177184793007518;100;1;0,9;TRUE;0,94;0,8;TRUE;TRUE;0,94;0,06;0
"hs_pcb138_madj_Log2";"e3_bw";0,000154688532314652;1e-12;0,000269546856552841;-0,00110788019967533;-0,00110788019967533;-0,000289323875722558;0,00386908958759495;-0,00891872836792722;0,00675738637066551;-0,00891872836792722;0,00675738637066551;100;1;0,9;TRUE;0,45;0,8;FALSE;FALSE;0,45;0,55;0
"hs_pcb153_madj_Log2";"e3_bw";0,000154688532314652;1e-12;-0,00319679921823624;-0,00125062761337481;-0,00125062761337481;-0,0023693684152031;0,00409915026706588;-0,0076399678626866;0,00714884363242797;-0,0076399678626866;0,00714884363242797;100;1;0,9;TRUE;0,65;0,8;FALSE;FALSE;0,35;0,65;0
"hs_pcb170_madj_Log2";"e3_bw";0,000154688532314652;1e-12;0,00852583111216821;0,00807736531592157;0,00807736531592157;0,00788544756927783;0,00364269072352018;0,00211022762946157;0,015190430454944;0,00211022762946157;0,015190430454944;100;1;0,9;TRUE;0,99;0,8;TRUE;TRUE;0,99;0,01;0
"hs_pcb180_madj_Log2";"e3_bw";0,000154688532314652;1e-12;0,0172507657029261;0,015106419152299;0,015106419152299;0,01543985327777;0,00472013571417293;0,00425537333741351;0,0245102952059322;0,00425537333741351;0,0245102952059322;100;1;0,9;TRUE;0,99;0,8;TRUE;TRUE;0,99;0,01;0
"hs_sumPCBs5_madj_Log2";"e3_bw";0,000154688532314652;1e-12;0,0174879707566125;0,016463235196873;0,016463235196873;0,0164931826518742;0,00419475027401583;0,00887112131793711;0,0247131735671146;0,00887112131793711;0,0247131735671146;100;1;0,9;TRUE;1;0,8;TRUE;TRUE;1;0;0
"hs_pfhxs_m_Log2";"e3_bw";0,000154688532314652;1e-12;0,00899203415477618;0,00759019798031162;0,00759019798031162;0,00797318339566009;0,00303096217010071;0,00221645402395457;0,0130747784120489;0,00221645402395457;0,0130747784120489;100;1;0,9;TRUE;0,99;0,8;TRUE;TRUE;0,99;0,01;0
"hs_pfna_m_Log2";"e3_bw";0,000154688532314652;1e-12;-0,00421118048315587;-0,00398567733336709;-0,00398567733336709;-0,00404114845987109;0,00376436812912262;-0,0110688138721154;0,00330649860409501;-0,0110688138721154;0,00330649860409501;100;1;0,9;TRUE;0,85;0,8;TRUE;TRUE;0,15;0,85;0
"hs_pfoa_m_Log2";"e3_bw";0,000154688532314652;1e-12;0,00117082555153243;-0,000251390052159663;-0,000251390052159663;-0,000212533844222658;0,0034566577797178;-0,00624957252267231;0,00639740618341097;-0,00624957252267231;0,00639740618341097;100;1;0,9;TRUE;0,48;0,8;FALSE;FALSE;0,48;0,52;0
"hs_pfos_m_Log2";"e3_bw";0,000154688532314652;1e-12;0,00326145325620817;0,00288650357099478;0,00288650357099478;0,00321269431532244;0,00393385122970952;-0,00637296559484946;0,00880130664808241;-0,00637296559484946;0,00880130664808241;100;1;0,9;TRUE;0,81;0,8;TRUE;TRUE;0,81;0,19;0
"hs_pfunda_m_Log2";"e3_bw";0,000154688532314652;1e-12;0,00180001397022374;0,00181896594627853;0,00181896594627853;0,00170003972359787;0,00235336321722105;-0,0024264318214907;0,00743595523954712;-0,0024264318214907;0,00743595523954712;100;1;0,9;TRUE;0,77;0,8;FALSE;FALSE;0,77;0,23;0
"e3_asmokcigd_p_None";"e3_bw";0,000154688532314652;1e-12;-0,00197174712428569;-0,00157246963642651;-0,00157246963642651;-0,00171653612470387;0,00275435732104187;-0,00688358613241114;0,00358698086663756;-0,00688358613241114;0,00358698086663756;100;1;0,9;TRUE;0,69;0,8;FALSE;FALSE;0,31;0,69;0
"h_distinvnear1_preg_Log";"e3_bw";0,000154688532314652;1e-12;-0,00342836157592777;-0,00362999431146092;-0,00362999431146092;-0,00319940057591397;0,00260112399875812;-0,00900807485195617;0,000830602684433042;-0,00900807485195617;0,000830602684433042;100;1;0,9;TRUE;0,94;0,8;TRUE;TRUE;0,06;0,94;0
"h_trafload_preg_pow1over3";"e3_bw";0,000154688532314652;1e-12;-0,00547436020826883;-0,0044018123391336;-0,0044018123391336;-0,00430015192991581;0,00250200661878055;-0,00852207490796697;0,000527187880410599;-0,00852207490796697;0,000527187880410599;100;1;0,9;TRUE;0,94;0,8;TRUE;TRUE;0,06;0,94;0
"h_trafnear_preg_pow1over3";"e3_bw";0,000154688532314652;1e-12;-0,00491407947268585;-0,00512808790333513;-0,00512808790333513;-0,00513107357592388;0,00310848276371687;-0,0112812236222375;-9,84718206582001e-05;-0,0112812236222375;-9,84718206582001e-05;100;1;0,9;TRUE;0,98;0,8;TRUE;TRUE;0,02;0,98;0
"h_bro_preg_Log";"e3_bw";0,000154688532314652;1e-12;0,00679168044834802;0,00708578221833628;0,00708578221833628;0,00733963419392408;0,00426435444879741;-0,00038078647780431;0,0149640939553911;-0,00038078647780431;0,0149640939553911;100;1;0,9;TRUE;0,97;0,8;TRUE;TRUE;0,97;0,03;0
"h_clf_preg_Log";"e3_bw";0,000154688532314652;1e-12;-0,0097603880565783;-0,00953375292388133;-0,00953375292388133;-0,00950483329938534;0,00282469755206337;-0,0147535238977494;-0,00461472589977014;-0,0147535238977494;-0,00461472589977014;100;1;0,9;TRUE;1;0,8;TRUE;TRUE;0;1;0
"h_thm_preg_Log";"e3_bw";0,000154688532314652;1e-12;-0,00216317458366077;-0,00147022265931941;-0,00147022265931941;-0,00154622787627968;0,00344528631614109;-0,00816153211319153;0,00468215097033667;-0,00816153211319153;0,00468215097033667;100;1;0,9;TRUE;0,64;0,8;FALSE;FALSE;0,36;0,64;0
"e3_alcpreg_yn_None_1";"e3_bw";0,000154688532314652;1e-12;0,00812726017654936;0,00532038038258211;0,00532038038258211;0,00553920990179411;0,0055058090492165;-0,00406691441526264;0,0139687709323977;-0,00406691441526264;0,0139687709323977;100;1;0,9;TRUE;0,82;0,8;TRUE;TRUE;0,82;0,18;0
"h_pamod_t3_None_Often";"e3_bw";0,000154688532314652;1e-12;0,0693869339212442;0,0669818931538501;0,0669818931538501;0,0666732894736658;0,00908330964349709;0,0465197219227485;0,0844132979425127;0,0465197219227485;0,0844132979425127;100;1;0,9;TRUE;1;0,8;TRUE;TRUE;1;0;0
"h_pamod_t3_None_Sometimes";"e3_bw";0,000154688532314652;1e-12;0,0502759592880985;0,0473643033225179;0,0473643033225179;0,0466578063802173;0,0105658148742716;0,0281615757076213;0,0673268362200986;0,0281615757076213;0,0673268362200986;100;1;0,9;TRUE;1;0,8;TRUE;TRUE;1;0;0
"h_pamod_t3_None_Very Often";"e3_bw";0,000154688532314652;1e-12;0,0664303077367834;0,0637507885351991;0,0637507885351991;0,0629914852766959;0,00939284703182879;0,0457464412430668;0,0793711888763216;0,0457464412430668;0,0793711888763216;100;1;0,9;TRUE;1;0,8;TRUE;TRUE;1;0;0
"h_pavig_t3_None_Low";"e3_bw";0,000154688532314652;1e-12;0,0825606703451831;0,0807451837667214;0,0807451837667214;0,079951603255803;0,00978808260813844;0,0619289058901342;0,101454772508122;0,0619289058901342;0,101454772508122;100;1;0,9;TRUE;1;0,8;TRUE;TRUE;1;0;0
"h_pavig_t3_None_Medium";"e3_bw";0,000154688532314652;1e-12;0,0688902288889748;0,0710132233695675;0,0710132233695675;0,0705327847604549;0,0116196746250674;0,049634478504807;0,0934546860581316;0,049634478504807;0,0934546860581316;100;1;0,9;TRUE;1;0,8;TRUE;TRUE;1;0;0
"hs_no2_dy_hs_h_Log";"e3_bw";0,000154688532314652;1e-12;-0,00881725400812242;-0,00641328932455661;-0,00641328932455661;-0,00690387869203864;0,00516835236410776;-0,0147173121651124;0,00269262466878111;-0,0147173121651124;0,00269262466878111;100;1;0,9;TRUE;0,88;0,8;TRUE;TRUE;0,12;0,88;0
"hs_no2_wk_hs_h_Log";"e3_bw";0,000154688532314652;1e-12;-0,0158993767598387;-0,0140623291622341;-0,0140623291622341;-0,0137011769600432;0,00422108768718939;-0,0218687935447655;-0,00636626180808266;-0,0218687935447655;-0,00636626180808266;100;1;0,9;TRUE;1;0,8;TRUE;TRUE;0;1;0
"hs_no2_yr_hs_h_Log";"e3_bw";0,000154688532314652;1e-12;-0,0117820238901907;-0,0122948461426944;-0,0122948461426944;-0,0120824711857851;0,00444526754722568;-0,0199136693058032;-0,00539040372073629;-0,0199136693058032;-0,00539040372073629;100;1;0,9;TRUE;1;0,8;TRUE;TRUE;0;1;0
"hs_pm10_dy_hs_h_None";"e3_bw";0,000154688532314652;1e-12;0,000972847460207783;0,00253713506704297;0,00253713506704297;0,00208862450897587;0,00409044638952329;-0,00442354280369403;0,0109367549245031;-0,00442354280369403;0,0109367549245031;100;1;0,9;TRUE;0,71;0,8;FALSE;FALSE;0,71;0,29;0
"hs_pm10_wk_hs_h_None";"e3_bw";0,000154688532314652;1e-12;0,000628150759685721;0,000229215054464721;0,000229215054464721;-2,88087031922002e-05;0,00403286916341049;-0,00607713000435632;0,00822198099283062;-0,00607713000435632;0,00822198099283062;100;1;0,9;TRUE;0,49;0,8;FALSE;FALSE;0,49;0,51;0
"hs_pm10_yr_hs_h_None";"e3_bw";0,000154688532314652;1e-12;0,0038312105170279;0,00292852220975152;0,00292852220975152;0,00280292928944002;0,00490048621980071;-0,00634686796484947;0,0132111867470714;-0,00634686796484947;0,0132111867470714;100;1;0,9;TRUE;0,73;0,8;FALSE;FALSE;0,73;0,27;0
"hs_pm25_dy_hs_h_None";"e3_bw";0,000154688532314652;1e-12;0,00183191590803792;0,00217293807102551;0,00217293807102551;0,00242930929248552;0,00362237494482321;-0,00463614574128526;0,0084138504498137;-0,00463614574128526;0,0084138504498137;100;1;0,9;TRUE;0,73;0,8;FALSE;FALSE;0,73;0,27;0
"hs_pm25_wk_hs_h_None";"e3_bw";0,000154688532314652;1e-12;0,00245555981109432;0,00122731928386936;0,00122731928386936;0,00178078249957325;0,00388818225869399;-0,00616214859657151;0,00810478149195983;-0,00616214859657151;0,00810478149195983;100;1;0,9;TRUE;0,59;0,8;FALSE;FALSE;0,59;0,41;0
"hs_pm25_yr_hs_h_None";"e3_bw";0,000154688532314652;1e-12;-0,0153778245958647;-0,0121361360162063;-0,0121361360162063;-0,0125454474078122;0,00531042666518115;-0,0219940868166057;-0,00249072346079662;-0,0219940868166057;-0,00249072346079662;100;1;0,9;TRUE;0,99;0,8;TRUE;TRUE;0,01;0,99;0
"hs_pm25abs_dy_hs_h_Log";"e3_bw";0,000154688532314652;1e-12;0,00986156944755868;0,00695693972248516;0,00695693972248516;0,00677162330603282;0,00427291866100144;-0,000968082995836969;0,0144543237905059;-0,000968082995836969;0,0144543237905059;100;1;0,9;TRUE;0,93;0,8;TRUE;TRUE;0,93;0,07;0
"hs_pm25abs_wk_hs_h_Log";"e3_bw";0,000154688532314652;1e-12;-0,00780218554843768;-0,00769852906778305;-0,00769852906778305;-0,00766515339420686;0,00301019075074975;-0,0133525894018523;-0,00181559334246711;-0,0133525894018523;-0,00181559334246711;100;1;0,9;TRUE;0,99;0,8;TRUE;TRUE;0,01;0,99;0
"hs_pm25abs_yr_hs_h_Log";"e3_bw";0,000154688532314652;1e-12;0,00858702362729901;0,00727481874582843;0,00727481874582843;0,00720884820255232;0,003781837969703;0,000372078752210578;0,0136738061602357;0,000372078752210578;0,0136738061602357;100;1;0,9;TRUE;0,97;0,8;TRUE;TRUE;0,97;0,03;0
"hs_accesslines300_h_dic0";"e3_bw";0,000154688532314652;1e-12;0,0432572227001949;0,040286965655054;0,040286965655054;0,0399041103139348;0,0123876667319953;0,019015846846497;0,0636902178820102;0,019015846846497;0,0636902178820102;100;1;0,9;TRUE;1;0,8;TRUE;TRUE;1;0;0
"hs_accesspoints300_h_Log";"e3_bw";0,000154688532314652;1e-12;0,00341881472768189;0,0024917853874019;0,0024917853874019;0,0028139937343138;0,00456096116374126;-0,00587833768285837;0,00999314742561996;-0,00587833768285837;0,00999314742561996;100;1;0,9;TRUE;0,74;0,8;FALSE;FALSE;0,74;0,26;0
"hs_builtdens300_h_Sqrt";"e3_bw";0,000154688532314652;1e-12;0,000539287100063227;0,000770211624702552;0,000770211624702552;0,000210083541340062;0,00379577847720449;-0,00665403065877909;0,00813935259605362;-0,00665403065877909;0,00813935259605362;100;1;0,9;TRUE;0,55;0,8;FALSE;FALSE;0,55;0,45;0
"hs_connind300_h_Log";"e3_bw";0,000154688532314652;1e-12;-0,00104725369132413;0,000211197598518846;0,000211197598518846;0,000337637266149698;0,00404921785779212;-0,00744364060197021;0,0067566051564692;-0,00744364060197021;0,0067566051564692;100;1;0,9;TRUE;0,46;0,8;FALSE;FALSE;0,54;0,46;0
"hs_fdensity300_h_Log";"e3_bw";0,000154688532314652;1e-12;0,00273975254930334;0,0013048173074584;0,0013048173074584;0,00162415222620927;0,00382513676452302;-0,00463302922451867;0,0078614548770011;-0,00463302922451867;0,0078614548770011;100;1;0,9;TRUE;0,66;0,8;FALSE;FALSE;0,66;0,34;0
"hs_landuseshan300_h_None";"e3_bw";0,000154688532314652;1e-12;0,00230302267403175;0,000673112213102632;0,000673112213102632;0,00041576426721865;0,00345690904768664;-0,00543763500650671;0,00778642803615824;-0,00543763500650671;0,00778642803615824;100;1;0,9;TRUE;0,59;0,8;FALSE;FALSE;0,59;0,41;0
"hs_popdens_h_Sqrt";"e3_bw";0,000154688532314652;1e-12;-0,00409973251892224;-0,00208285622032736;-0,00208285622032736;-0,0023368064166689;0,0035169089428523;-0,00889520760563935;0,00378556634899977;-0,00889520760563935;0,00378556634899977;100;1;0,9;TRUE;0,72;0,8;FALSE;FALSE;0,28;0,72;0
"hs_walkability_mean_h_None";"e3_bw";0,000154688532314652;1e-12;0,00293188971509644;0,00254348439315086;0,00254348439315086;0,0025158649078025;0,0034620637990403;-0,00335027071786849;0,00978296509808239;-0,00335027071786849;0,00978296509808239;100;1;0,9;TRUE;0,74;0,8;FALSE;FALSE;0,74;0,26;0
"hs_accesslines300_s_dic0";"e3_bw";0,000154688532314652;1e-12;0,0221346725784863;0,0200940671985909;0,0200940671985909;0,0199791980110774;0,0118036831510919;-0,000839929541947611;0,0385324788824385;-0,000839929541947611;0,0385324788824385;100;1;0,9;TRUE;0,96;0,8;TRUE;TRUE;0,96;0,04;0
"hs_accesspoints300_s_Log";"e3_bw";0,000154688532314652;1e-12;0,0026880730715558;0,00315882823252384;0,00315882823252384;0,00291424484768776;0,00332417177264134;-0,00359080913058042;0,010121912499382;-0,00359080913058042;0,010121912499382;100;1;0,9;TRUE;0,85;0,8;TRUE;TRUE;0,85;0,15;0
"hs_builtdens300_s_Sqrt";"e3_bw";0,000154688532314652;1e-12;-0,00354960523785011;-0,00286280283370318;-0,00286280283370318;-0,00268533061495868;0,00408141496579811;-0,0130917659895302;0,0047049935320647;-0,0130917659895302;0,0047049935320647;100;1;0,9;TRUE;0,76;0,8;FALSE;FALSE;0,24;0,76;0
"hs_connind300_s_Log";"e3_bw";0,000154688532314652;1e-12;0,00678392398490851;0,00620389448592509;0,00620389448592509;0,00614320019358229;0,00317908857938905;0,000206841734942043;0,0122726779918154;0,000206841734942043;0,0122726779918154;100;1;0,9;TRUE;0,98;0,8;TRUE;TRUE;0,98;0,02;0
"hs_fdensity300_s_Log";"e3_bw";0,000154688532314652;1e-12;0,000520031005416105;0,000483771800697296;0,000483771800697296;0,000663616748063461;0,00348519921011729;-0,00613359026946201;0,00764373917648319;-0,00613359026946201;0,00764373917648319;100;1;0,9;TRUE;0,55;0,8;FALSE;FALSE;0,55;0,45;0
"hs_landuseshan300_s_None";"e3_bw";0,000154688532314652;1e-12;0,000399093124784301;0,00141254873847043;0,00141254873847043;0,00158297096897233;0,00326997669084301;-0,00519480295189726;0,00742718587833592;-0,00519480295189726;0,00742718587833592;100;1;0,9;TRUE;0,71;0,8;FALSE;FALSE;0,71;0,29;0
"hs_popdens_s_Sqrt";"e3_bw";0,000154688532314652;1e-12;0,000909696168559127;0,000574649021988643;0,000574649021988643;0,000632267665638466;0,00272950922357292;-0,00407489517269049;0,00620263418016341;-0,00407489517269049;0,00620263418016341;100;1;0,9;TRUE;0,55;0,8;FALSE;FALSE;0,55;0,45;0
"h_Absorbance_Log";"e3_bw";0,000154688532314652;1e-12;0,00330604172766724;0,00199641522123164;0,00199641522123164;0,00205857038355241;0,00391647905237094;-0,005173780863992;0,00878916077794686;-0,005173780863992;0,00878916077794686;100;1;0,9;TRUE;0,68;0,8;FALSE;FALSE;0,68;0,32;0
"h_Benzene_Log";"e3_bw";0,000154688532314652;1e-12;0,00089283968977996;0,00162770056439022;0,00162770056439022;0,00179673530822919;0,00339492149279236;-0,00545416342178713;0,00736947827663214;-0,00545416342178713;0,00736947827663214;100;1;0,9;TRUE;0,71;0,8;FALSE;FALSE;0,71;0,29;0
"h_NO2_Log";"e3_bw";0,000154688532314652;1e-12;0,00252347920810923;0,00281399914509337;0,00281399914509337;0,00293099884590825;0,00283370471060829;-0,00270370101119886;0,00782058264724959;-0,00270370101119886;0,00782058264724959;100;1;0,9;TRUE;0,82;0,8;TRUE;TRUE;0,82;0,18;0
"h_PM_Log";"e3_bw";0,000154688532314652;1e-12;-0,000463651354657511;0,000945755624832191;0,000945755624832191;0,00108242143862238;0,00341655050825868;-0,00562152419097722;0,00669774150690839;-0,00562152419097722;0,00669774150690839;100;1;0,9;TRUE;0,4;0,8;FALSE;FALSE;0,6;0,4;0
"h_TEX_Log";"e3_bw";0,000154688532314652;1e-12;0,000597778103901091;0,00147203785247473;0,00147203785247473;0,00144935603834082;0,00306085860639457;-0,00380266849048825;0,00735562607458457;-0,00380266849048825;0,00735562607458457;100;1;0,9;TRUE;0,68;0,8;FALSE;FALSE;0,68;0,32;0
"hs_KIDMED_None";"e3_bw";0,000154688532314652;1e-12;-0,000234656041112593;-0,000901957173687278;-0,000901957173687278;-0,00112912942711319;0,00318190799110595;-0,00585555006213118;0,00571081904463797;-0,00585555006213118;0,00571081904463797;100;1;0,9;TRUE;0,66;0,8;FALSE;FALSE;0,34;0,66;0
"hs_mvpa_prd_alt_None";"e3_bw";0,000154688532314652;1e-12;-0,0143444406394122;-0,0141239751101765;-0,0141239751101765;-0,0138776313105;0,0031587426183582;-0,0196009475824132;-0,00848859770551337;-0,0196009475824132;-0,00848859770551337;100;1;0,9;TRUE;1;0,8;TRUE;TRUE;0;1;0
"hs_sd_wk_None";"e3_bw";0,000154688532314652;1e-12;-0,00558306315035363;-0,00406633861687725;-0,00406633861687725;-0,00337253984155261;0,00366027309559211;-0,0109801539112461;0,00162678103120215;-0,0109801539112461;0,00162678103120215;100;1;0,9;TRUE;0,9;0,8;TRUE;TRUE;0,1;0,9;0
"hs_dif_hours_total_None";"e3_bw";0,000154688532314652;1e-12;-0,00546544970977113;-0,00636033673569548;-0,00636033673569548;-0,00659903846387268;0,0026704327398508;-0,0107840686626047;-0,00047341395946687;-0,0107840686626047;-0,00047341395946687;100;1;0,9;TRUE;0,98;0,8;TRUE;TRUE;0,02;0,98;0
"hs_as_c_Log2";"e3_bw";0,000154688532314652;1e-12;0,00786216285737694;0,00579114059808189;0,00579114059808189;0,00602685390240943;0,00330958647270478;-0,00181278296189596;0,010497840438281;-0,00181278296189596;0,010497840438281;100;1;0,9;TRUE;0,93;0,8;TRUE;TRUE;0,93;0,07;0
"hs_cd_c_Log2";"e3_bw";0,000154688532314652;1e-12;-0,00207251792543144;-0,000921294803150878;-0,000921294803150878;-0,000750093330002524;0,0026060597945132;-0,00613281010592184;0,00408285551248237;-0,00613281010592184;0,00408285551248237;100;1;0,9;TRUE;0,65;0,8;FALSE;FALSE;0,35;0,65;0
"hs_co_c_Log2";"e3_bw";0,000154688532314652;1e-12;0,00219303759878999;0,00118161836885298;0,00118161836885298;0,000993284952304002;0,00281667275528952;-0,00400137074099903;0,00621281416166976;-0,00400137074099903;0,00621281416166976;100;1;0,9;TRUE;0,69;0,8;FALSE;FALSE;0,69;0,31;0
"hs_cs_c_Log2";"e3_bw";0,000154688532314652;1e-12;0,00445923636676837;0,00481926947037387;0,00481926947037387;0,00446672577629425;0,00275009080799485;-0,00011334786973769;0,00950556131724975;-0,00011334786973769;0,00950556131724975;100;1;0,9;TRUE;0,96;0,8;TRUE;TRUE;0,96;0,04;0
"hs_cu_c_Log2";"e3_bw";0,000154688532314652;1e-12;-0,000454365692849184;-0,000241108691776983;-0,000241108691776983;-0,000523375931116379;0,00268093533096725;-0,00500735863643578;0,00503664436243323;-0,00500735863643578;0,00503664436243323;100;1;0,9;TRUE;0,54;0,8;FALSE;FALSE;0,46;0,54;0
"hs_hg_c_Log2";"e3_bw";0,000154688532314652;1e-12;-0,00782798047016699;-0,00658671991401405;-0,00658671991401405;-0,0066568992517931;0,00292024711926089;-0,0122771646730773;-0,000656341173280671;-0,0122771646730773;-0,000656341173280671;100;1;0,9;TRUE;0,98;0,8;TRUE;TRUE;0,02;0,98;0
"hs_mn_c_Log2";"e3_bw";0,000154688532314652;1e-12;0,000311238914532517;0,000525777214665492;0,000525777214665492;0,000160559997612027;0,00262672897066043;-0,00420898765517764;0,00569709663214939;-0,00420898765517764;0,00569709663214939;100;1;0,9;TRUE;0,55;0,8;FALSE;FALSE;0,55;0,45;0
"hs_mo_c_Log2";"e3_bw";0,000154688532314652;1e-12;-0,00432234978455816;-0,00505858104843851;-0,00505858104843851;-0,0053093682718698;0,00312499849876572;-0,0104337001433244;0,00126129831405739;-0,0104337001433244;0,00126129831405739;100;1;0,9;TRUE;0,93;0,8;TRUE;TRUE;0,07;0,93;0
"hs_pb_c_Log2";"e3_bw";0,000154688532314652;1e-12;0,00316031170932828;0,00398701796465565;0,00398701796465565;0,00409887747491493;0,0028468882656935;-0,0012493167610589;0,00969147437033855;-0,0012493167610589;0,00969147437033855;100;1;0,9;TRUE;0,9;0,8;TRUE;TRUE;0,9;0,1;0
"hs_hum_mt_hs_h_None";"e3_bw";0,000154688532314652;1e-12;0,00118728378642812;0,00139699060938247;0,00139699060938247;0,0012865486979159;0,00390768135549247;-0,00552315898790251;0,00870787790243645;-0,00552315898790251;0,00870787790243645;100;1;0,9;TRUE;0,65;0,8;FALSE;FALSE;0,65;0,35;0
"hs_tm_mt_hs_h_None";"e3_bw";0,000154688532314652;1e-12;-0,000955330299833466;-0,00289376307072317;-0,00289376307072317;-0,00255666309782495;0,00454224194471787;-0,0114383352343518;0,00499805638581817;-0,0114383352343518;0,00499805638581817;100;1;0,9;TRUE;0,75;0,8;FALSE;FALSE;0,25;0,75;0
"hs_uvdvf_mt_hs_h_None";"e3_bw";0,000154688532314652;1e-12;0,00146641679441024;0,000439467297147346;0,000439467297147346;0,0002591634446269;0,00415563812427563;-0,00671233590444157;0,00958911669971425;-0,00671233590444157;0,00958911669971425;100;1;0,9;TRUE;0,53;0,8;FALSE;FALSE;0,53;0,47;0
"hs_hum_dy_hs_h_None";"e3_bw";0,000154688532314652;1e-12;-0,000480617123664189;-0,000996943008568931;-0,000996943008568931;-0,000840407045033161;0,00289835825213427;-0,00713183630981847;0,00491747777260827;-0,00713183630981847;0,00491747777260827;100;1;0,9;TRUE;0,61;0,8;FALSE;FALSE;0,39;0,61;0
"hs_hum_wk_hs_h_None";"e3_bw";0,000154688532314652;1e-12;-0,00233879122534864;-0,00287856029398937;-0,00287856029398937;-0,00241309060388072;0,00377213511383216;-0,0109017016823203;0,00527531422568882;-0,0109017016823203;0,00527531422568882;100;1;0,9;TRUE;0,82;0,8;TRUE;TRUE;0,18;0,82;0
"hs_tm_dy_hs_h_None";"e3_bw";0,000154688532314652;1e-12;-0,00221557185355945;-0,00252352452651598;-0,00252352452651598;-0,00213597011567206;0,00389325107536571;-0,00967157551459694;0,0046289680171961;-0,00967157551459694;0,0046289680171961;100;1;0,9;TRUE;0,77;0,8;FALSE;FALSE;0,23;0,77;0
"hs_tm_wk_hs_h_None";"e3_bw";0,000154688532314652;1e-12;-0,00191186054699051;-0,000933281293076601;-0,000933281293076601;-0,00104564185151659;0,00379003698674913;-0,00744762592172684;0,00602784385650611;-0,00744762592172684;0,00602784385650611;100;1;0,9;TRUE;0,59;0,8;FALSE;FALSE;0,41;0,59;0
"hs_uvdvf_dy_hs_h_None";"e3_bw";0,000154688532314652;1e-12;0,00375015931506167;0,00443460687558781;0,00443460687558781;0,0043534177430769;0,00403922235758995;-0,00314628720228336;0,0120533694605686;-0,00314628720228336;0,0120533694605686;100;1;0,9;TRUE;0,89;0,8;TRUE;TRUE;0,89;0,11;0
"hs_uvdvf_wk_hs_h_None";"e3_bw";0,000154688532314652;1e-12;-0,00512687841304854;-0,00338603870261429;-0,00338603870261429;-0,00340035494047277;0,00384557070148695;-0,0115553737649028;0,0030497108741786;-0,0115553737649028;0,0030497108741786;100;1;0,9;TRUE;0,81;0,8;TRUE;TRUE;0,19;0,81;0
"hs_ndvi100_h_None";"e3_bw";0,000154688532314652;1e-12;-0,00791606122683046;-0,00692293196277645;-0,00692293196277645;-0,00701057404966248;0,00393785971542026;-0,0142618348237566;0,000140550367962307;-0,0142618348237566;0,000140550367962307;100;1;0,9;TRUE;0,97;0,8;TRUE;TRUE;0,03;0,97;0
"hs_ndvi100_s_None";"e3_bw";0,000154688532314652;1e-12;-0,000956837481222731;0,000507633494270214;0,000507633494270214;0,000394777976363044;0,00377012319488804;-0,0063432546719255;0,00813364354076852;-0,0063432546719255;0,00813364354076852;100;1;0,9;TRUE;0,45;0,8;FALSE;FALSE;0,55;0,45;0
"hs_dde_cadj_Log2";"e3_bw";0,000154688532314652;1e-12;-0,00866098092272096;-0,00792863723105674;-0,00792863723105674;-0,00769270446215925;0,00343708859820932;-0,0150008045346808;-0,00204199674601195;-0,0150008045346808;-0,00204199674601195;100;1;0,9;TRUE;0,99;0,8;TRUE;TRUE;0,01;0,99;0
"hs_ddt_cadj_Log2";"e3_bw";0,000154688532314652;1e-12;-0,00457007754912717;-0,00414723659763247;-0,00414723659763247;-0,00420723075165475;0,00246594608010727;-0,00905139118941448;0,0005048330653907;-0,00905139118941448;0,0005048330653907;100;1;0,9;TRUE;0,95;0,8;TRUE;TRUE;0,05;0,95;0
"hs_hcb_cadj_Log2";"e3_bw";0,000154688532314652;1e-12;-0,00650569693738191;-0,0107128692167361;-0,0107128692167361;-0,00815222196225715;0,00688399071972972;-0,026685380077529;-0,00311948782834119;-0,026685380077529;-0,00311948782834119;100;1;0,9;TRUE;1;0,8;TRUE;TRUE;0;1;0
"hs_pcb118_cadj_Log2";"e3_bw";0,000154688532314652;1e-12;0,000633178408172781;0,00280521102604001;0,00280521102604001;0,00272609039791954;0,00398648015282611;-0,00615496735729723;0,00983207711234528;-0,00615496735729723;0,00983207711234528;100;1;0,9;TRUE;0,79;0,8;FALSE;FALSE;0,79;0,21;0
"hs_pcb138_cadj_Log2";"e3_bw";0,000154688532314652;1e-12;0,00767111749045054;0,00687017118191278;0,00687017118191278;0,00738199204987416;0,00337670160595518;-0,000272150284705448;0,0139086565062179;-0,000272150284705448;0,0139086565062179;100;1;0,9;TRUE;0,97;0,8;TRUE;TRUE;0,97;0,03;0
"hs_pcb153_cadj_Log2";"e3_bw";0,000154688532314652;1e-12;-0,00325930132648035;-0,00248370639913423;-0,00248370639913423;-0,0022155661699169;0,00389708520911474;-0,0112263109603549;0,00402387056727119;-0,0112263109603549;0,00402387056727119;100;1;0,9;TRUE;0,72;0,8;FALSE;FALSE;0,28;0,72;0
"hs_pcb170_cadj_Log2";"e3_bw";0,000154688532314652;1e-12;-0,000939391159061348;-0,00266536581324213;-0,00266536581324213;-0,00285577749597484;0,00365948502823921;-0,00907946840801284;0,00465907010677921;-0,00907946840801284;0,00465907010677921;100;1;0,9;TRUE;0,79;0,8;FALSE;FALSE;0,21;0,79;0
"hs_pcb180_cadj_Log2";"e3_bw";0,000154688532314652;1e-12;-0,000199400744378991;-0,000609131167243056;-0,000609131167243056;-0,000634891118182304;0,00383687104901615;-0,00667125422448567;0,0056060023317671;-0,00667125422448567;0,0056060023317671;100;1;0,9;TRUE;0,55;0,8;FALSE;FALSE;0,45;0,55;0
"hs_sumPCBs5_cadj_Log2";"e3_bw";0,000154688532314652;1e-12;-0,00861774805056318;-0,00893740729158976;-0,00893740729158976;-0,00907798372351116;0,00406311148033185;-0,0162032398443628;-0,000433135897022069;-0,0162032398443628;-0,000433135897022069;100;1;0,9;TRUE;0,97;0,8;TRUE;TRUE;0,03;0,97;0
"hs_pfhxs_c_Log2";"e3_bw";0,000154688532314652;1e-12;0,0172954648865491;0,0157405226624089;0,0157405226624089;0,0160040396983727;0,00403238369657789;0,00661920517361782;0,0224408475393382;0,00661920517361782;0,0224408475393382;100;1;0,9;TRUE;1;0,8;TRUE;TRUE;1;0;0
"hs_pfna_c_Log2";"e3_bw";0,000154688532314652;1e-12;-0,000852958574151114;-0,000106814760547856;-0,000106814760547856;-0,000634762025639744;0,00270638417456107;-0,00468406985986045;0,00438717057930016;-0,00468406985986045;0,00438717057930016;100;1;0,9;TRUE;0,56;0,8;FALSE;FALSE;0,44;0,56;0
"hs_pfoa_c_Log2";"e3_bw";0,000154688532314652;1e-12;-0,00483522380132332;-0,00498035488291767;-0,00498035488291767;-0,00522946092890433;0,00301055764067034;-0,010114317590516;0,000672965335785923;-0,010114317590516;0,000672965335785923;100;1;0,9;TRUE;0,96;0,8;TRUE;TRUE;0,04;0,96;0
"hs_pfos_c_Log2";"e3_bw";0,000154688532314652;1e-12;0,000428929625681471;-0,000492984887478891;-0,000492984887478891;-0,000992541000296049;0,00331590119147831;-0,00601362808902926;0,00604192949995787;-0,00601362808902926;0,00604192949995787;100;1;0,9;TRUE;0,41;0,8;FALSE;FALSE;0,41;0,59;0
"hs_pfunda_c_Log2";"e3_bw";0,000154688532314652;1e-12;0,00244683182486969;0,00140147017864117;0,00140147017864117;0,00163154059162012;0,00263405822793623;-0,00364862851046518;0,00588951823293712;-0,00364862851046518;0,00588951823293712;100;1;0,9;TRUE;0,7;0,8;FALSE;FALSE;0,7;0,3;0
"hs_hm_pers_None";"e3_bw";0,000154688532314652;1e-12;-0,00231331462948056;-0,000505195303835531;-0,000505195303835531;-0,000866557259854137;0,00262711384415809;-0,00451089906918064;0,00530920922327021;-0,00451089906918064;0,00530920922327021;100;1;0,9;TRUE;0,6;0,8;FALSE;FALSE;0,4;0,6;0
"hs_trafload_h_pow1over3";"e3_bw";0,000154688532314652;1e-12;0,00019474251868494;-0,0004427626402353;-0,0004427626402353;-0,000491786469104093;0,00266868968058792;-0,0051901792635202;0,00453469348771426;-0,0051901792635202;0,00453469348771426;100;1;0,9;TRUE;0,43;0,8;FALSE;FALSE;0,43;0,57;0
"hs_trafnear_h_pow1over3";"e3_bw";0,000154688532314652;1e-12;-0,00456167110016427;-0,00283374573110216;-0,00283374573110216;-0,00281926991111937;0,00365372354333385;-0,0100241243957255;0,00342965657821427;-0,0100241243957255;0,00342965657821427;100;1;0,9;TRUE;0,76;0,8;FALSE;FALSE;0,24;0,76;0
"FAS_cat_None_Low";"e3_bw";0,000154688532314652;1e-12;-0,0080308439403824;-0,00887898717492191;-0,00887898717492191;-0,00890857799291946;0,0112934425715826;-0,0304457091101762;0,0140878944899327;-0,0304457091101762;0,0140878944899327;100;1;0,9;TRUE;0,8;0,8;TRUE;TRUE;0,2;0,8;0
"FAS_cat_None_Middle";"e3_bw";0,000154688532314652;1e-12;0,0115094062404103;0,00970688131354428;0,00970688131354428;0,00953883449456949;0,00554336309858041;0,000479767365257484;0,020279136474571;0,000479767365257484;0,020279136474571;100;1;0,9;TRUE;0,98;0,8;TRUE;TRUE;0,98;0,02;0
"hs_globalexp2_None_no exposure";"e3_bw";0,000154688532314652;1e-12;0,0177332833294627;0,01534388423907;0,01534388423907;0,0155417162710336;0,0048590775583811;0,00471219912102261;0,0252009428500988;0,00471219912102261;0,0252009428500988;100;1;0,9;TRUE;1;0,8;TRUE;TRUE;1;0;0
"h_abs_ratio_preg_Log";"hs_asthma";0,000154688532314652;1e-12;-0,15099797011545;-0,146044438891008;-0,146044438891008;-0,147280696553759;0,06584902540386;-0,251561138797791;0,00519459298730657;-0,251561138797791;0,00519459298730657;100;1;0,9;TRUE;0,96;0,8;TRUE;TRUE;0,04;0,96;0
"h_no2_ratio_preg_Log";"hs_asthma";0,000154688532314652;1e-12;-0,107257757408998;-0,107832300668496;-0,107832300668496;-0,11460704347889;0,0755391720527318;-0,251761897919125;0,0306130512668638;-0,251761897919125;0,0306130512668638;100;1;0,9;TRUE;0,93;0,8;TRUE;TRUE;0,07;0,93;0
"h_pm10_ratio_preg_None";"hs_asthma";0,000154688532314652;1e-12;0,0534416630207832;0,0439245422456639;0,0439245422456639;0,0425175303263635;0,0604896356475033;-0,066233607634951;0,167349339012922;-0,066233607634951;0,167349339012922;100;1;0,9;TRUE;0,76;0,8;FALSE;FALSE;0,76;0,24;0
"h_pm25_ratio_preg_None";"hs_asthma";0,000154688532314652;1e-12;-0,080524883677401;-0,0844083991216745;-0,0844083991216745;-0,0753128117697347;0,0672519748990662;-0,221567704423247;0,0382535827349694;-0,221567704423247;0,0382535827349694;100;1;0,9;TRUE;0,91;0,8;TRUE;TRUE;0,09;0,91;0
"h_accesslines300_preg_dic0";"hs_asthma";0,000154688532314652;1e-12;-0,400384131028221;-0,353627014781319;-0,353627014781319;-0,363078112817173;0,179219719125776;-0,719898362568274;0,00172211610972467;-0,719898362568274;0,00172211610972467;100;1;0,9;TRUE;0,97;0,8;TRUE;TRUE;0,03;0,97;0
"h_accesspoints300_preg_Log";"hs_asthma";0,000154688532314652;1e-12;0,0229386587388788;0,0146242600889724;0,0146242600889724;0,0167506517956337;0,073775665801824;-0,120766182485315;0,144799620492033;-0,120766182485315;0,144799620492033;100;1;0,9;TRUE;0,57;0,8;FALSE;FALSE;0,57;0,43;0
"h_builtdens300_preg_Sqrt";"hs_asthma";0,000154688532314652;1e-12;0,0355659508660034;0,0326900056463091;0,0326900056463091;0,035439766859192;0,0792030885565296;-0,115581179925765;0,191402743378387;-0,115581179925765;0,191402743378387;100;1;0,9;TRUE;0,61;0,8;FALSE;FALSE;0,61;0,39;0
"h_connind300_preg_Sqrt";"hs_asthma";0,000154688532314652;1e-12;0,0664969320329165;0,0661738862239516;0,0661738862239516;0,0627070064624581;0,0540279992146978;-0,0101686533151129;0,176257442727705;-0,0101686533151129;0,176257442727705;100;1;0,9;TRUE;0,87;0,8;TRUE;TRUE;0,87;0,13;0
"h_fdensity300_preg_Log";"hs_asthma";0,000154688532314652;1e-12;0,0564839645337317;0,0545433016093177;0,0545433016093177;0,0611103505169757;0,068153959694233;-0,0657881288534865;0,16152644241183;-0,0657881288534865;0,16152644241183;100;1;0,9;TRUE;0,79;0,8;FALSE;FALSE;0,79;0,21;0
"h_frichness300_preg_None";"hs_asthma";0,000154688532314652;1e-12;-0,0150923942349367;-0,0127476303558416;-0,0127476303558416;-0,0147723799883099;0,0636135222095756;-0,15284648388013;0,11418158058866;-0,15284648388013;0,11418158058866;100;1;0,9;TRUE;0,58;0,8;FALSE;FALSE;0,42;0,58;0
"h_landuseshan300_preg_None";"hs_asthma";0,000154688532314652;1e-12;-0,17549895094654;-0,173968819724443;-0,173968819724443;-0,175138179349846;0,0672861681051685;-0,292807575795978;-0,0146632142884751;-0,292807575795978;-0,0146632142884751;100;1;0,9;TRUE;0,98;0,8;TRUE;TRUE;0,02;0,98;0
"h_popdens_preg_Sqrt";"hs_asthma";0,000154688532314652;1e-12;-0,101326826036267;-0,0924637030543023;-0,0924637030543023;-0,0894891792121617;0,074567724395978;-0,242571158259506;0,0407175067228768;-0,242571158259506;0,0407175067228768;100;1;0,9;TRUE;0,9;0,8;TRUE;TRUE;0,1;0,9;0
"h_walkability_mean_preg_None";"hs_asthma";0,000154688532314652;1e-12;0,0675151238882972;0,0563044972430039;0,0563044972430039;0,0593675591321341;0,0856824431410141;-0,113685284064199;0,206330307803808;-0,113685284064199;0,206330307803808;100;1;0,9;TRUE;0,76;0,8;FALSE;FALSE;0,76;0,24;0
"hs_as_m_Log2";"hs_asthma";0,000154688532314652;1e-12;0,0585858166655623;0,0551032717910618;0,0551032717910618;0,0525523677758275;0,0664560399749798;-0,0731317943302235;0,172920076750796;-0,0731317943302235;0,172920076750796;100;1;0,9;TRUE;0,77;0,8;FALSE;FALSE;0,77;0,23;0
"hs_cd_m_Log2";"hs_asthma";0,000154688532314652;1e-12;-0,298223621094034;-0,290123323992473;-0,290123323992473;-0,287808743299663;0,0666345477997393;-0,412567170859309;-0,148811506268465;-0,412567170859309;-0,148811506268465;100;1;0,9;TRUE;1;0,8;TRUE;TRUE;0;1;0
"hs_co_m_Log2";"hs_asthma";0,000154688532314652;1e-12;0,0690825792011737;0,0716770099124168;0,0716770099124168;0,0838017062823076;0,0685552666037998;-0,0780781261042995;0,192854419330339;-0,0780781261042995;0,192854419330339;100;1;0,9;TRUE;0,87;0,8;TRUE;TRUE;0,87;0,13;0
"hs_cs_m_Log2";"hs_asthma";0,000154688532314652;1e-12;-0,10179809747315;-0,0993396061992511;-0,0993396061992511;-0,0963857665101929;0,0761294766796131;-0,247809114545566;0,0323951704806296;-0,247809114545566;0,0323951704806296;100;1;0,9;TRUE;0,86;0,8;TRUE;TRUE;0,14;0,86;0
"hs_cu_m_Log2";"hs_asthma";0,000154688532314652;1e-12;-0,0894701396893375;-0,094746436974587;-0,094746436974587;-0,102646493189781;0,0639609024123978;-0,197454414802741;0,0235816173102848;-0,197454414802741;0,0235816173102848;100;1;0,9;TRUE;0,91;0,8;TRUE;TRUE;0,09;0,91;0
"hs_hg_m_Log2";"hs_asthma";0,000154688532314652;1e-12;-0,0700894277328196;-0,0664574458050063;-0,0664574458050063;-0,0671917386226853;0,0761293706965731;-0,207152733204521;0,0885871201504193;-0,207152733204521;0,0885871201504193;100;1;0,9;TRUE;0,81;0,8;TRUE;TRUE;0,19;0,81;0
"hs_mn_m_Log2";"hs_asthma";0,000154688532314652;1e-12;-0,00437404379857382;0,00139417765349094;0,00139417765349094;0,00315076281927554;0,0767698389943467;-0,162405936290131;0,131475156268683;-0,162405936290131;0,131475156268683;100;1;0,9;TRUE;0,47;0,8;FALSE;FALSE;0,53;0,47;0
"hs_mo_m_Log2";"hs_asthma";0,000154688532314652;1e-12;0,144536935587116;0,14324808289733;0,14324808289733;0,150241844997572;0,084278573143033;-0,0346125214292411;0,287456926404652;-0,0346125214292411;0,287456926404652;100;1;0,9;TRUE;0,95;0,8;TRUE;TRUE;0,95;0,05;0
"hs_pb_m_Log2";"hs_asthma";0,000154688532314652;1e-12;0,0629244206214763;0,0574840032134081;0,0574840032134081;0,0674318141300478;0,0870602561045281;-0,103474148917108;0,209648520088229;-0,103474148917108;0,209648520088229;100;1;0,9;TRUE;0,73;0,8;FALSE;FALSE;0,73;0,27;0
"h_humidity_preg_None";"hs_asthma";0,000154688532314652;1e-12;-0,0724424028740478;-0,0712703739799235;-0,0712703739799235;-0,0722791690332332;0,0651039666598936;-0,19795345246408;0,0499025803448963;-0,19795345246408;0,0499025803448963;100;1;0,9;TRUE;0,85;0,8;TRUE;TRUE;0,15;0,85;0
"h_pressure_preg_None";"hs_asthma";0,000154688532314652;1e-12;-0,0260491103193777;-0,0225365239686386;-0,0225365239686386;-0,025079683438506;0,0632568354659929;-0,132824946667216;0,102027783082524;-0,132824946667216;0,102027783082524;100;1;0,9;TRUE;0,68;0,8;FALSE;FALSE;0,32;0,68;0
"h_temperature_preg_None";"hs_asthma";0,000154688532314652;1e-12;0,0257036538517677;0,0212695276317448;0,0212695276317448;0,0233003324278038;0,065053960706943;-0,102982281937676;0,137537098366437;-0,102982281937676;0,137537098366437;100;1;0,9;TRUE;0,61;0,8;FALSE;FALSE;0,61;0,39;0
"h_ndvi100_preg_None";"hs_asthma";0,000154688532314652;1e-12;0,207317920340357;0,197175874993455;0,197175874993455;0,202225696861847;0,0713867691254589;0,0613079454312776;0,347186499823958;0,0613079454312776;0,347186499823958;100;1;0,9;TRUE;1;0,8;TRUE;TRUE;1;0;0
"hs_dde_madj_Log2";"hs_asthma";0,000154688532314652;1e-12;-0,0775779846734598;-0,0814610277351961;-0,0814610277351961;-0,0739878051651923;0,0693918237822889;-0,200275762117637;0,0515677126478235;-0,200275762117637;0,0515677126478235;100;1;0,9;TRUE;0,9;0,8;TRUE;TRUE;0,1;0,9;0
"hs_ddt_madj_Log2";"hs_asthma";0,000154688532314652;1e-12;-0,0555388557720026;-0,0569912834526241;-0,0569912834526241;-0,0645392836967765;0,0717312662049392;-0,170332730811449;0,108675157445383;-0,170332730811449;0,108675157445383;100;1;0,9;TRUE;0,79;0,8;FALSE;FALSE;0,21;0,79;0
"hs_hcb_madj_Log2";"hs_asthma";0,000154688532314652;1e-12;0,0366319161380986;0,0403125494491741;0,0403125494491741;0,0451017170655852;0,0595383867528236;-0,0847363040906529;0,145750202929415;-0,0847363040906529;0,145750202929415;100;1;0,9;TRUE;0,75;0,8;FALSE;FALSE;0,75;0,25;0
"hs_pcb118_madj_Log2";"hs_asthma";0,000154688532314652;1e-12;0,104874023996689;0,0946268482938428;0,0946268482938428;0,0991488608024773;0,0747150867819469;-0,0555315263610593;0,221223665105092;-0,0555315263610593;0,221223665105092;100;1;0,9;TRUE;0,93;0,8;TRUE;TRUE;0,93;0,07;0
"hs_pcb138_madj_Log2";"hs_asthma";0,000154688532314652;1e-12;0,0048564028247834;0,00190487892018317;0,00190487892018317;0,0118675874014231;0,0450807823544865;-0,0944686348547258;0,0694643874920693;-0,0944686348547258;0,0694643874920693;100;1;0,9;TRUE;0,58;0,8;FALSE;FALSE;0,58;0,42;0
"hs_pcb153_madj_Log2";"hs_asthma";0,000154688532314652;1e-12;0,11427020989957;0,096204875788578;0,096204875788578;0,0927527452240306;0,0574990981182094;-0,00311454894723464;0,211939710276765;-0,00311454894723464;0,211939710276765;100;1;0,9;TRUE;0,96;0,8;TRUE;TRUE;0,96;0,04;0
"hs_pcb170_madj_Log2";"hs_asthma";0,000154688532314652;1e-12;-0,118460779917268;-0,117684923582195;-0,117684923582195;-0,113453343714328;0,0576244909799329;-0,24859599492262;-0,0137297578769174;-0,24859599492262;-0,0137297578769174;100;1;0,9;TRUE;0,98;0,8;TRUE;TRUE;0,02;0,98;0
"hs_pcb180_madj_Log2";"hs_asthma";0,000154688532314652;1e-12;-0,0338596445222276;-0,035497200073795;-0,035497200073795;-0,034944554729138;0,0655851225049251;-0,158489367568874;0,102131865547812;-0,158489367568874;0,102131865547812;100;1;0,9;TRUE;0,71;0,8;FALSE;FALSE;0,29;0,71;0
"hs_sumPCBs5_madj_Log2";"hs_asthma";0,000154688532314652;1e-12;-0,0779145688546777;-0,0718049390460866;-0,0718049390460866;-0,068058293133553;0,0769742754684702;-0,210391177238554;0,0875138327362088;-0,210391177238554;0,0875138327362088;100;1;0,9;TRUE;0,83;0,8;TRUE;TRUE;0,17;0,83;0
"hs_pfhxs_m_Log2";"hs_asthma";0,000154688532314652;1e-12;0,0987613972623745;0,098110226925816;0,098110226925816;0,101646070221047;0,0647432634873698;-0,0293716186002723;0,21671703108368;-0,0293716186002723;0,21671703108368;100;1;0,9;TRUE;0,94;0,8;TRUE;TRUE;0,94;0,06;0
"hs_pfna_m_Log2";"hs_asthma";0,000154688532314652;1e-12;0,0949269656437874;0,0909626626972165;0,0909626626972165;0,0779910649174606;0,0599593455269935;-0,00246411334709537;0,209453788220486;-0,00246411334709537;0,209453788220486;100;1;0,9;TRUE;0,97;0,8;TRUE;TRUE;0,97;0,03;0
"hs_pfoa_m_Log2";"hs_asthma";0,000154688532314652;1e-12;-0,0477198004143704;-0,0442215723749646;-0,0442215723749646;-0,0471963806830955;0,0695370848203253;-0,180197965620191;0,0821959757203948;-0,180197965620191;0,0821959757203948;100;1;0,9;TRUE;0,73;0,8;FALSE;FALSE;0,27;0,73;0
"hs_pfos_m_Log2";"hs_asthma";0,000154688532314652;1e-12;-0,0383175107397663;-0,0350253099824457;-0,0350253099824457;-0,0448918833620949;0,0622565849029366;-0,125945196489275;0,0938585727643576;-0,125945196489275;0,0938585727643576;100;1;0,9;TRUE;0,77;0,8;FALSE;FALSE;0,23;0,77;0
"hs_pfunda_m_Log2";"hs_asthma";0,000154688532314652;1e-12;-0,0178115610976922;-0,0216373971344064;-0,0216373971344064;-0,019194743764098;0,0657301009371758;-0,153665608885844;0,10085345920203;-0,153665608885844;0,10085345920203;100;1;0,9;TRUE;0,64;0,8;FALSE;FALSE;0,36;0,64;0
"e3_asmokcigd_p_None";"hs_asthma";0,000154688532314652;1e-12;0,0917497915115376;0,0838519647698864;0,0838519647698864;0,0897974988065665;0,0629708173344548;-0,0279653648799864;0,192943699878072;-0,0279653648799864;0,192943699878072;100;1;0,9;TRUE;0,89;0,8;TRUE;TRUE;0,89;0,11;0
"h_distinvnear1_preg_Log";"hs_asthma";0,000154688532314652;1e-12;0,0863292169929538;0,0878349332687837;0,0878349332687837;0,0838911867376914;0,0715686824229883;-0,0504719693618213;0,209848862939131;-0,0504719693618213;0,209848862939131;100;1;0,9;TRUE;0,92;0,8;TRUE;TRUE;0,92;0,08;0
"h_trafload_preg_pow1over3";"hs_asthma";0,000154688532314652;1e-12;-0,0392439475400436;-0,0369230535432122;-0,0369230535432122;-0,0404197109424103;0,0628447168255593;-0,131625492797869;0,0879921128716938;-0,131625492797869;0,0879921128716938;100;1;0,9;TRUE;0,76;0,8;FALSE;FALSE;0,24;0,76;0
"h_trafnear_preg_pow1over3";"hs_asthma";0,000154688532314652;1e-12;-0,0584801619246864;-0,0614668133997235;-0,0614668133997235;-0,068816948239319;0,0751659755572967;-0,181116928596443;0,0916120196792763;-0,181116928596443;0,0916120196792763;100;1;0,9;TRUE;0,81;0,8;TRUE;TRUE;0,19;0,81;0
"h_bro_preg_Log";"hs_asthma";0,000154688532314652;1e-12;0,0779329272531544;0,0717640176716784;0,0717640176716784;0,0811717244615224;0,0730889031124176;-0,0552289227444671;0,218263785055063;-0,0552289227444671;0,218263785055063;100;1;0,9;TRUE;0,82;0,8;TRUE;TRUE;0,82;0,18;0
"h_clf_preg_Log";"hs_asthma";0,000154688532314652;1e-12;-0,0244970111227235;-0,0186847504799677;-0,0186847504799677;-0,0169114710172225;0,0782443948262627;-0,160977197813936;0,125541336619798;-0,160977197813936;0,125541336619798;100;1;0,9;TRUE;0,62;0,8;FALSE;FALSE;0,38;0,62;0
"h_thm_preg_Log";"hs_asthma";0,000154688532314652;1e-12;0,130163269727858;0,122642231297708;0,122642231297708;0,1242539485577;0,0637037302312274;0,00464131237311948;0,23940834613828;0,00464131237311948;0,23940834613828;100;1;0,9;TRUE;0,98;0,8;TRUE;TRUE;0,98;0,02;0
"e3_alcpreg_yn_None_1";"hs_asthma";0,000154688532314652;1e-12;-0,167418392219415;-0,164341953730467;-0,164341953730467;-0,174149454118186;0,165942540260537;-0,447359033784497;0,173176503840851;-0,447359033784497;0,173176503840851;100;1;0,9;TRUE;0,85;0,8;TRUE;TRUE;0,15;0,85;0
"h_pamod_t3_None_Often";"hs_asthma";0,000154688532314652;1e-12;-0,0953457178951002;-0,0905983243070093;-0,0905983243070093;-0,0712933526104058;0,125683997407133;-0,308822633519922;0,149001864771091;-0,308822633519922;0,149001864771091;100;1;0,9;TRUE;0,77;0,8;FALSE;FALSE;0,23;0,77;0
"h_pamod_t3_None_Sometimes";"hs_asthma";0,000154688532314652;1e-12;0,259922152954803;0,253533606642563;0,253533606642563;0,256810991410071;0,174599151568584;-0,118665406452352;0,561573721225307;-0,118665406452352;0,561573721225307;100;1;0,9;TRUE;0,9;0,8;TRUE;TRUE;0,9;0,1;0
"h_pamod_t3_None_Very Often";"hs_asthma";0,000154688532314652;1e-12;-0,200930077664496;-0,209817428739229;-0,209817428739229;-0,221734848238032;0,125447450889493;-0,450193224241546;0,0466942772515311;-0,450193224241546;0,0466942772515311;100;1;0,9;TRUE;0,95;0,8;TRUE;TRUE;0,05;0,95;0
"h_pavig_t3_None_Low";"hs_asthma";0,000154688532314652;1e-12;-0,43159398026884;-0,422110374237504;-0,422110374237504;-0,428874887637315;0,141817689686934;-0,669285657987302;-0,146014600564916;-0,669285657987302;-0,146014600564916;100;1;0,9;TRUE;1;0,8;TRUE;TRUE;0;1;0
"h_pavig_t3_None_Medium";"hs_asthma";0,000154688532314652;1e-12;-0,114279204177301;-0,0934216736115654;-0,0934216736115654;-0,0785574058418147;0,140285217840405;-0,338492008486644;0,161161522554208;-0,338492008486644;0,161161522554208;100;1;0,9;TRUE;0,75;0,8;FALSE;FALSE;0,25;0,75;0
"hs_no2_dy_hs_h_Log";"hs_asthma";0,000154688532314652;1e-12;0,0155954126537089;0,013332948431965;0,013332948431965;0,0176174186687822;0,064416105657521;-0,126840754339075;0,137513816632506;-0,126840754339075;0,137513816632506;100;1;0,9;TRUE;0,6;0,8;FALSE;FALSE;0,6;0,4;0
"hs_no2_wk_hs_h_Log";"hs_asthma";0,000154688532314652;1e-12;0,168847983076039;0,159165440536334;0,159165440536334;0,157870809986923;0,0573622710106131;0,0593418772393455;0,270193632339809;0,0593418772393455;0,270193632339809;100;1;0,9;TRUE;1;0,8;TRUE;TRUE;1;0;0
"hs_no2_yr_hs_h_Log";"hs_asthma";0,000154688532314652;1e-12;0,050802103405768;0,0563914737196526;0,0563914737196526;0,0586652522181019;0,0455097879487394;-0,0292558712667169;0,149417430332337;-0,0292558712667169;0,149417430332337;100;1;0,9;TRUE;0,91;0,8;TRUE;TRUE;0,91;0,09;0
"hs_pm10_dy_hs_h_None";"hs_asthma";0,000154688532314652;1e-12;-0,0716041221876338;-0,073012572151427;-0,073012572151427;-0,081697083427912;0,0561971726253319;-0,177550840636218;0,0335476604151689;-0,177550840636218;0,0335476604151689;100;1;0,9;TRUE;0,87;0,8;TRUE;TRUE;0,13;0,87;0
"hs_pm10_wk_hs_h_None";"hs_asthma";0,000154688532314652;1e-12;-0,067709160840717;-0,0662440292017429;-0,0662440292017429;-0,0676983878912573;0,0661749085677415;-0,170262517538442;0,0652941771366555;-0,170262517538442;0,0652941771366555;100;1;0,9;TRUE;0,86;0,8;TRUE;TRUE;0,14;0,86;0
"hs_pm10_yr_hs_h_None";"hs_asthma";0,000154688532314652;1e-12;-0,0429752770951521;-0,037441190155284;-0,037441190155284;-0,0340440867377403;0,049495021117244;-0,143905717890318;0,0531178064332025;-0,143905717890318;0,0531178064332025;100;1;0,9;TRUE;0,8;0,8;TRUE;TRUE;0,2;0,8;0
"hs_pm25_dy_hs_h_None";"hs_asthma";0,000154688532314652;1e-12;-0,0722369217382925;-0,0678462745193543;-0,0678462745193543;-0,0639396455834277;0,0703040558731037;-0,175433869346856;0,0815052811910905;-0,175433869346856;0,0815052811910905;100;1;0,9;TRUE;0,85;0,8;TRUE;TRUE;0,15;0,85;0
"hs_pm25_wk_hs_h_None";"hs_asthma";0,000154688532314652;1e-12;-0,00817047789082753;-0,00650439411532821;-0,00650439411532821;-0,0123376571199742;0,0621447800922824;-0,137680223846952;0,105709129251584;-0,137680223846952;0,105709129251584;100;1;0,9;TRUE;0,62;0,8;FALSE;FALSE;0,38;0,62;0
"hs_pm25_yr_hs_h_None";"hs_asthma";0,000154688532314652;1e-12;0,0103652578207102;0,0116052788256078;0,0116052788256078;0,0108599036488526;0,0546145617619391;-0,10319107549738;0,137667966303253;-0,10319107549738;0,137667966303253;100;1;0,9;TRUE;0,57;0,8;FALSE;FALSE;0,57;0,43;0
"hs_pm25abs_dy_hs_h_Log";"hs_asthma";0,000154688532314652;1e-12;0,0955774499670313;0,0859281937633853;0,0859281937633853;0,0883804603329399;0,0766360755386039;-0,0653799046202629;0,22498739504287;-0,0653799046202629;0,22498739504287;100;1;0,9;TRUE;0,86;0,8;TRUE;TRUE;0,86;0,14;0
"hs_pm25abs_wk_hs_h_Log";"hs_asthma";0,000154688532314652;1e-12;-0,117336038176794;-0,108492766810197;-0,108492766810197;-0,104801209679013;0,0657821494214131;-0,243927244334903;0,0015737263405658;-0,243927244334903;0,0015737263405658;100;1;0,9;TRUE;0,96;0,8;TRUE;TRUE;0,04;0,96;0
"hs_pm25abs_yr_hs_h_Log";"hs_asthma";0,000154688532314652;1e-12;-0,131069379737481;-0,118459312228226;-0,118459312228226;-0,110323186524645;0,0697393100408725;-0,264270655541668;-0,0111466756106428;-0,264270655541668;-0,0111466756106428;100;1;0,9;TRUE;0,99;0,8;TRUE;TRUE;0,01;0,99;0
"hs_accesslines300_h_dic0";"hs_asthma";0,000154688532314652;1e-12;0,0330190205716775;0,0147334511688889;0,0147334511688889;-0,00454308704770541;0,18328801437656;-0,300936266222529;0,397841958673448;-0,300936266222529;0,397841958673448;100;1;0,9;TRUE;0,48;0,8;FALSE;FALSE;0,48;0,52;0
"hs_accesspoints300_h_Log";"hs_asthma";0,000154688532314652;1e-12;-0,305301226871093;-0,288157108040607;-0,288157108040607;-0,290604718220485;0,0665933189492819;-0,405053961257558;-0,160977072215299;-0,405053961257558;-0,160977072215299;100;1;0,9;TRUE;1;0,8;TRUE;TRUE;0;1;0
"hs_builtdens300_h_Sqrt";"hs_asthma";0,000154688532314652;1e-12;-0,0431884924379583;-0,0381634587774516;-0,0381634587774516;-0,0363795940525814;0,069237646183218;-0,160318328261509;0,0844114399830479;-0,160318328261509;0,0844114399830479;100;1;0,9;TRUE;0,75;0,8;FALSE;FALSE;0,25;0,75;0
"hs_connind300_h_Log";"hs_asthma";0,000154688532314652;1e-12;0,02588049810717;0,0249413000686645;0,0249413000686645;0,0299470089884336;0,0719204095315504;-0,119382221233418;0,156053838877196;-0,119382221233418;0,156053838877196;100;1;0,9;TRUE;0,65;0,8;FALSE;FALSE;0,65;0,35;0
"hs_fdensity300_h_Log";"hs_asthma";0,000154688532314652;1e-12;0,0330377139793198;0,041041143312609;0,041041143312609;0,0378626362791735;0,0725846349547483;-0,0956765368428115;0,197591041184925;-0,0956765368428115;0,197591041184925;100;1;0,9;TRUE;0,75;0,8;FALSE;FALSE;0,75;0,25;0
"hs_landuseshan300_h_None";"hs_asthma";0,000154688532314652;1e-12;0,104925474131747;0,10909957219987;0,10909957219987;0,122613892073311;0,0836602675769613;-0,0472853172947914;0,247175964922919;-0,0472853172947914;0,247175964922919;100;1;0,9;TRUE;0,9;0,8;TRUE;TRUE;0,9;0,1;0
"hs_popdens_h_Sqrt";"hs_asthma";0,000154688532314652;1e-12;0,0856963648843591;0,0810039443134254;0,0810039443134254;0,0873136323268051;0,0632424425133767;-0,0482167714323741;0,18941472460288;-0,0482167714323741;0,18941472460288;100;1;0,9;TRUE;0,89;0,8;TRUE;TRUE;0,89;0,11;0
"hs_walkability_mean_h_None";"hs_asthma";0,000154688532314652;1e-12;0,123331868967979;0,124469020999932;0,124469020999932;0,126747130676169;0,0850579501798619;-0,0252246413185149;0,288966193238842;-0,0252246413185149;0,288966193238842;100;1;0,9;TRUE;0,93;0,8;TRUE;TRUE;0,93;0,07;0
"hs_accesslines300_s_dic0";"hs_asthma";0,000154688532314652;1e-12;-0,230437496296404;-0,215577798261817;-0,215577798261817;-0,188632550973335;0,193449228393232;-0,60937680677705;0,193009750208626;-0,60937680677705;0,193009750208626;100;1;0,9;TRUE;0,92;0,8;TRUE;TRUE;0,08;0,92;0
"hs_accesspoints300_s_Log";"hs_asthma";0,000154688532314652;1e-12;-0,0242706539484512;-0,0214889089814925;-0,0214889089814925;-0,0230552829970943;0,0643625995967864;-0,136772617395033;0,0960215649406179;-0,136772617395033;0,0960215649406179;100;1;0,9;TRUE;0,64;0,8;FALSE;FALSE;0,36;0,64;0
"hs_builtdens300_s_Sqrt";"hs_asthma";0,000154688532314652;1e-12;-0,082979913934369;-0,0822099457645142;-0,0822099457645142;-0,0822250555941779;0,0652042818234505;-0,193290921544466;0,0616832258291371;-0,193290921544466;0,0616832258291371;100;1;0,9;TRUE;0,9;0,8;TRUE;TRUE;0,1;0,9;0
"hs_connind300_s_Log";"hs_asthma";0,000154688532314652;1e-12;0,0243464901913524;0,0309634600288258;0,0309634600288258;0,0268359704793195;0,0761338504982287;-0,109204674558315;0,174987550463156;-0,109204674558315;0,174987550463156;100;1;0,9;TRUE;0,63;0,8;FALSE;FALSE;0,63;0,37;0
"hs_fdensity300_s_Log";"hs_asthma";0,000154688532314652;1e-12;-0,0339192824067021;-0,033156980359489;-0,033156980359489;-0,0377321951843332;0,0734026786989624;-0,174480532916426;0,0933012550893229;-0,174480532916426;0,0933012550893229;100;1;0,9;TRUE;0,65;0,8;FALSE;FALSE;0,35;0,65;0
"hs_landuseshan300_s_None";"hs_asthma";0,000154688532314652;1e-12;-0,100355691948337;-0,0955256529960124;-0,0955256529960124;-0,0861078287984689;0,0734903765977295;-0,231169164398712;0,0340640051288317;-0,231169164398712;0,0340640051288317;100;1;0,9;TRUE;0,91;0,8;TRUE;TRUE;0,09;0,91;0
"hs_popdens_s_Sqrt";"hs_asthma";0,000154688532314652;1e-12;0,00109269439448579;0,0115522314344991;0,0115522314344991;0,0141989489992393;0,0691320078421263;-0,119833552608578;0,12550832090383;-0,119833552608578;0,12550832090383;100;1;0,9;TRUE;0,58;0,8;FALSE;FALSE;0,58;0,42;0
"h_Absorbance_Log";"hs_asthma";0,000154688532314652;1e-12;0,0706405994344378;0,0664898043473305;0,0664898043473305;0,0574184270595501;0,0727896041015606;-0,0619293373545975;0,218152342848755;-0,0619293373545975;0,218152342848755;100;1;0,9;TRUE;0,85;0,8;TRUE;TRUE;0,85;0,15;0
"h_Benzene_Log";"hs_asthma";0,000154688532314652;1e-12;0,148919521985875;0,14161729229313;0,14161729229313;0,134302483038818;0,0701267449816684;0,0285502438650795;0,286722028934139;0,0285502438650795;0,286722028934139;100;1;0,9;TRUE;0,99;0,8;TRUE;TRUE;0,99;0,01;0
"h_NO2_Log";"hs_asthma";0,000154688532314652;1e-12;-0,0530591580638131;-0,049933471377401;-0,049933471377401;-0,0504898789598794;0,0768763793371701;-0,196844116985795;0,0736384215971665;-0,196844116985795;0,0736384215971665;100;1;0,9;TRUE;0,75;0,8;FALSE;FALSE;0,25;0,75;0
"h_PM_Log";"hs_asthma";0,000154688532314652;1e-12;0,0802373770230789;0,0786151056344487;0,0786151056344487;0,0806383745916137;0,078724075041717;-0,0650124603073762;0,240074895665446;-0,0650124603073762;0,240074895665446;100;1;0,9;TRUE;0,82;0,8;TRUE;TRUE;0,82;0,18;0
"h_TEX_Log";"hs_asthma";0,000154688532314652;1e-12;-0,0544565598543134;-0,0401183888447317;-0,0401183888447317;-0,0412778180275264;0,0822214906313436;-0,168014551008084;0,106704314694958;-0,168014551008084;0,106704314694958;100;1;0,9;TRUE;0,67;0,8;FALSE;FALSE;0,33;0,67;0
"hs_KIDMED_None";"hs_asthma";0,000154688532314652;1e-12;-0,165223381749661;-0,162648836175276;-0,162648836175276;-0,169066362786528;0,0708609157555202;-0,279296894977589;-0,050855589066418;-0,279296894977589;-0,050855589066418;100;1;0,9;TRUE;1;0,8;TRUE;TRUE;0;1;0
"hs_mvpa_prd_alt_None";"hs_asthma";0,000154688532314652;1e-12;0,132825903462232;0,134576924703313;0,134576924703313;0,12855076476038;0,0708589626262225;0,0218715367573943;0,27281241808691;0,0218715367573943;0,27281241808691;100;1;0,9;TRUE;0,99;0,8;TRUE;TRUE;0,99;0,01;0
"hs_sd_wk_None";"hs_asthma";0,000154688532314652;1e-12;-0,0537039697411959;-0,0507041225356869;-0,0507041225356869;-0,0548312057049261;0,0676708131690597;-0,17951863201735;0,0676648700936527;-0,17951863201735;0,0676648700936527;100;1;0,9;TRUE;0,76;0,8;FALSE;FALSE;0,24;0,76;0
"hs_dif_hours_total_None";"hs_asthma";0,000154688532314652;1e-12;-0,149177418088031;-0,147229486583436;-0,147229486583436;-0,14508144896483;0,0702894205519344;-0,29560501132057;-0,0237354272252566;-0,29560501132057;-0,0237354272252566;100;1;0,9;TRUE;0,98;0,8;TRUE;TRUE;0,02;0,98;0
"hs_as_c_Log2";"hs_asthma";0,000154688532314652;1e-12;-0,0237564583484575;-0,0152494903362761;-0,0152494903362761;-0,0164740274232386;0,0673417845634198;-0,135877674999148;0,101236785482413;-0,135877674999148;0,101236785482413;100;1;0,9;TRUE;0,63;0,8;FALSE;FALSE;0,37;0,63;0
"hs_cd_c_Log2";"hs_asthma";0,000154688532314652;1e-12;0,068953300223973;0,0710159635145159;0,0710159635145159;0,0729561408124983;0,0968371168806766;-0,125833033814413;0,253519620135994;-0,125833033814413;0,253519620135994;100;1;0,9;TRUE;0,77;0,8;FALSE;FALSE;0,77;0,23;0
"hs_co_c_Log2";"hs_asthma";0,000154688532314652;1e-12;-0,137846516882619;-0,130398075476176;-0,130398075476176;-0,13243418341651;0,0736436310004599;-0,269650044294713;0,0151593885804263;-0,269650044294713;0,0151593885804263;100;1;0,9;TRUE;0,97;0,8;TRUE;TRUE;0,03;0,97;0
"hs_cs_c_Log2";"hs_asthma";0,000154688532314652;1e-12;-0,0540520140735195;-0,0592903316199744;-0,0592903316199744;-0,0653008411249286;0,0801042946976824;-0,211161687104669;0,0786357626472427;-0,211161687104669;0,0786357626472427;100;1;0,9;TRUE;0,73;0,8;FALSE;FALSE;0,27;0,73;0
"hs_cu_c_Log2";"hs_asthma";0,000154688532314652;1e-12;-0,0424713923691412;-0,0436817162727234;-0,0436817162727234;-0,0511971922116841;0,0791622423902879;-0,190733647266871;0,112271261863283;-0,190733647266871;0,112271261863283;100;1;0,9;TRUE;0,73;0,8;FALSE;FALSE;0,27;0,73;0
"hs_hg_c_Log2";"hs_asthma";0,000154688532314652;1e-12;0,00425003778670351;0,00533758916495795;0,00533758916495795;0,00537675018256025;0,0651846680984115;-0,123481699789774;0,110173040220102;-0,123481699789774;0,110173040220102;100;1;0,9;TRUE;0,53;0,8;FALSE;FALSE;0,53;0,47;0
"hs_mn_c_Log2";"hs_asthma";0,000154688532314652;1e-12;0,0906323347560431;0,0881539895747248;0,0881539895747248;0,085321236382585;0,0744297293405594;-0,0656215758846618;0,227075450391301;-0,0656215758846618;0,227075450391301;100;1;0,9;TRUE;0,89;0,8;TRUE;TRUE;0,89;0,11;0
"hs_mo_c_Log2";"hs_asthma";0,000154688532314652;1e-12;0,0868561137191974;0,0900786707704696;0,0900786707704696;0,0829256781533454;0,0636561411836368;-0,0430935881902844;0,203060600955074;-0,0430935881902844;0,203060600955074;100;1;0,9;TRUE;0,92;0,8;TRUE;TRUE;0,92;0,08;0
"hs_pb_c_Log2";"hs_asthma";0,000154688532314652;1e-12;-0,0665946569154601;-0,0637570785383234;-0,0637570785383234;-0,0644607213906331;0,0698309001935491;-0,207178003047887;0,0577743349108696;-0,207178003047887;0,0577743349108696;100;1;0,9;TRUE;0,78;0,8;FALSE;FALSE;0,22;0,78;0
"hs_hum_mt_hs_h_None";"hs_asthma";0,000154688532314652;1e-12;-0,118539873370134;-0,115355446124135;-0,115355446124135;-0,102531584980103;0,0751317162920747;-0,253737920227522;-0,000211790467665472;-0,253737920227522;-0,000211790467665472;100;1;0,9;TRUE;0,98;0,8;TRUE;TRUE;0,02;0,98;0
"hs_tm_mt_hs_h_None";"hs_asthma";0,000154688532314652;1e-12;-0,00932396702771954;-0,00862738557239621;-0,00862738557239621;-0,013323983583795;0,057686047144818;-0,123885602757946;0,106883297801517;-0,123885602757946;0,106883297801517;100;1;0,9;TRUE;0,54;0,8;FALSE;FALSE;0,46;0,54;0
"hs_uvdvf_mt_hs_h_None";"hs_asthma";0,000154688532314652;1e-12;0,0109403102616338;0,0073685900446499;0,0073685900446499;0,00581603814511185;0,0562286151198118;-0,116099244476071;0,106454263860313;-0,116099244476071;0,106454263860313;100;1;0,9;TRUE;0,55;0,8;FALSE;FALSE;0,55;0,45;0
"hs_hum_dy_hs_h_None";"hs_asthma";0,000154688532314652;1e-12;0,0400212810697545;0,0421281843226554;0,0421281843226554;0,0373487653980504;0,0722986937848313;-0,0918166923264782;0,189921179787816;-0,0918166923264782;0,189921179787816;100;1;0,9;TRUE;0,68;0,8;FALSE;FALSE;0,68;0,32;0
"hs_hum_wk_hs_h_None";"hs_asthma";0,000154688532314652;1e-12;0,157347225032854;0,152336484655788;0,152336484655788;0,143768768943379;0,0622970163211396;0,0586668728949896;0,290003459109985;0,0586668728949896;0,290003459109985;100;1;0,9;TRUE;1;0,8;TRUE;TRUE;1;0;0
"hs_tm_dy_hs_h_None";"hs_asthma";0,000154688532314652;1e-12;0,0601108823578394;0,0605942625320407;0,0605942625320407;0,058143260517927;0,0599259887416799;-0,0325240174023009;0,202184081048678;-0,0325240174023009;0,202184081048678;100;1;0,9;TRUE;0,83;0,8;TRUE;TRUE;0,83;0,17;0
"hs_tm_wk_hs_h_None";"hs_asthma";0,000154688532314652;1e-12;0,0573426400877387;0,0501594029339655;0,0501594029339655;0,0498857500257661;0,0481824790022801;-0,0289000999669658;0,140318245756955;-0,0289000999669658;0,140318245756955;100;1;0,9;TRUE;0,84;0,8;TRUE;TRUE;0,84;0,16;0
"hs_uvdvf_dy_hs_h_None";"hs_asthma";0,000154688532314652;1e-12;-0,0696033548898491;-0,0661429631082831;-0,0661429631082831;-0,068360849066677;0,0573080193070113;-0,183709474749889;0,053633231884639;-0,183709474749889;0,053633231884639;100;1;0,9;TRUE;0,87;0,8;TRUE;TRUE;0,13;0,87;0
"hs_uvdvf_wk_hs_h_None";"hs_asthma";0,000154688532314652;1e-12;-0,00734678773463901;-0,00784110355491877;-0,00784110355491877;-0,00784933118812466;0,0615438671195305;-0,121871544733793;0,120414338898152;-0,121871544733793;0,120414338898152;100;1;0,9;TRUE;0,56;0,8;FALSE;FALSE;0,44;0,56;0
"hs_ndvi100_h_None";"hs_asthma";0,000154688532314652;1e-12;-0,156997968752582;-0,143288862149076;-0,143288862149076;-0,139295874061225;0,0701154685700807;-0,280860975162591;-0,0222259932247669;-0,280860975162591;-0,0222259932247669;100;1;0,9;TRUE;0,99;0,8;TRUE;TRUE;0,01;0,99;0
"hs_ndvi100_s_None";"hs_asthma";0,000154688532314652;1e-12;-0,00938771878314117;-0,00949175719659365;-0,00949175719659365;-0,00421008440938417;0,0652736486246777;-0,140578677430968;0,106960876422349;-0,140578677430968;0,106960876422349;100;1;0,9;TRUE;0,51;0,8;FALSE;FALSE;0,49;0,51;0
"hs_dde_cadj_Log2";"hs_asthma";0,000154688532314652;1e-12;0,160985828783484;0,157907368853526;0,157907368853526;0,153444890281012;0,101654319275644;-0,0103897996948648;0,349829449769952;-0,0103897996948648;0,349829449769952;100;1;0,9;TRUE;0,95;0,8;TRUE;TRUE;0,95;0,05;0
"hs_ddt_cadj_Log2";"hs_asthma";0,000154688532314652;1e-12;-0,0297133165461744;-0,0206089357782869;-0,0206089357782869;-0,0232964442533791;0,0657763226049706;-0,133209255444765;0,107442387058584;-0,133209255444765;0,107442387058584;100;1;0,9;TRUE;0,61;0,8;FALSE;FALSE;0,39;0,61;0
"hs_hcb_cadj_Log2";"hs_asthma";0,000154688532314652;1e-12;0,0729169896362615;0,0701205405168522;0,0701205405168522;0,0701274273815404;0,0512056547833249;-0,0211641024326616;0,166505614367797;-0,0211641024326616;0,166505614367797;100;1;0,9;TRUE;0,91;0,8;TRUE;TRUE;0,91;0,09;0
"hs_pcb118_cadj_Log2";"hs_asthma";0,000154688532314652;1e-12;-0,0178278824346086;-0,00565389510064926;-0,00565389510064926;-0,00794639586586407;0,0581692910297482;-0,109435034599147;0,10234747296781;-0,109435034599147;0,10234747296781;100;1;0,9;TRUE;0,56;0,8;FALSE;FALSE;0,44;0,56;0
"hs_pcb138_cadj_Log2";"hs_asthma";0,000154688532314652;1e-12;-0,0312033164267779;-0,00737074215900007;-0,00737074215900007;-0,0461729100509324;0,114219449507111;-0,176250265740225;0,198090394423158;-0,176250265740225;0,198090394423158;100;1;0,9;TRUE;0,64;0,8;FALSE;FALSE;0,36;0,64;0
"hs_pcb153_cadj_Log2";"hs_asthma";0,000154688532314652;1e-12;-0,0495697025887805;-0,0531990239944827;-0,0531990239944827;-0,0513406401233329;0,0582576947538422;-0,175652374776448;0,0504147421734672;-0,175652374776448;0,0504147421734672;100;1;0,9;TRUE;0,81;0,8;TRUE;TRUE;0,19;0,81;0
"hs_pcb170_cadj_Log2";"hs_asthma";0,000154688532314652;1e-12;0,165343447231085;0,153582009694092;0,153582009694092;0,154378433225347;0,0621687723393889;0,0249530218992824;0,253725372878572;0,0249530218992824;0,253725372878572;100;1;0,9;TRUE;0,98;0,8;TRUE;TRUE;0,98;0,02;0
"hs_pcb180_cadj_Log2";"hs_asthma";0,000154688532314652;1e-12;-0,174869631295314;-0,170340398960178;-0,170340398960178;-0,174537288141519;0,0870256936614893;-0,352513384347608;-0,00273867485314761;-0,352513384347608;-0,00273867485314761;100;1;0,9;TRUE;0,97;0,8;TRUE;TRUE;0,03;0,97;0
"hs_sumPCBs5_cadj_Log2";"hs_asthma";0,000154688532314652;1e-12;0,0230417042528009;0,0173382600795715;0,0173382600795715;0,0107531957524905;0,0580112000619375;-0,0932241326305988;0,123144070594056;-0,0932241326305988;0,123144070594056;100;1;0,9;TRUE;0,62;0,8;FALSE;FALSE;0,62;0,38;0
"hs_pfhxs_c_Log2";"hs_asthma";0,000154688532314652;1e-12;-0,0160540656301797;-0,0104576927412271;-0,0104576927412271;0,000226402137998524;0,0691412420145131;-0,153812657792974;0,103878760945728;-0,153812657792974;0,103878760945728;100;1;0,9;TRUE;0,5;0,8;FALSE;FALSE;0,5;0,5;0
"hs_pfna_c_Log2";"hs_asthma";0,000154688532314652;1e-12;0,0117967565512968;0,00861162582359015;0,00861162582359015;0,00500235547394152;0,0711690707169522;-0,113972772503113;0,145582800218723;-0,113972772503113;0,145582800218723;100;1;0,9;TRUE;0,54;0,8;FALSE;FALSE;0,54;0,46;0
"hs_pfoa_c_Log2";"hs_asthma";0,000154688532314652;1e-12;-0,0245409002350164;-0,0297429220610906;-0,0297429220610906;-0,0239235446975848;0,0767743933821201;-0,180137174810282;0,11026901734295;-0,180137174810282;0,11026901734295;100;1;0,9;TRUE;0,66;0,8;FALSE;FALSE;0,34;0,66;0
"hs_pfos_c_Log2";"hs_asthma";0,000154688532314652;1e-12;0,046116651853236;0,0512708231163887;0,0512708231163887;0,062775700417964;0,0716800406678315;-0,0995646406595107;0,17570043534022;-0,0995646406595107;0,17570043534022;100;1;0,9;TRUE;0,74;0,8;FALSE;FALSE;0,74;0,26;0
"hs_pfunda_c_Log2";"hs_asthma";0,000154688532314652;1e-12;0,0850876467514256;0,0919562838622447;0,0919562838622447;0,0903471352279163;0,0623794439358427;-0,0223302997457371;0,208355645548888;-0,0223302997457371;0,208355645548888;100;1;0,9;TRUE;0,94;0,8;TRUE;TRUE;0,94;0,06;0
"hs_hm_pers_None";"hs_asthma";0,000154688532314652;1e-12;0,0021494480471946;0,000906374074828249;0,000906374074828249;0,00129040190862306;0,0703159861906069;-0,142101218302993;0,133129020901443;-0,142101218302993;0,133129020901443;100;1;0,9;TRUE;0,5;0,8;FALSE;FALSE;0,5;0,5;0
"hs_trafload_h_pow1over3";"hs_asthma";0,000154688532314652;1e-12;0,00438792449322947;0,00696806436242253;0,00696806436242253;0,0139998294874527;0,0696278832821769;-0,129957263566885;0,121262790739813;-0,129957263566885;0,121262790739813;100;1;0,9;TRUE;0,6;0,8;FALSE;FALSE;0,6;0,4;0
"hs_trafnear_h_pow1over3";"hs_asthma";0,000154688532314652;1e-12;0,0411351760996545;0,035743079446634;0,035743079446634;0,0470939878668915;0,0700906028745143;-0,0879665404941401;0,159699487679537;-0,0879665404941401;0,159699487679537;100;1;0,9;TRUE;0,67;0,8;FALSE;FALSE;0,67;0,33;0
"FAS_cat_None_Low";"hs_asthma";0,000154688532314652;1e-12;0,117397416028367;0,115267974206481;0,115267974206481;0,144688787455274;0,293239043380685;-0,490712361759452;0,619004699056565;-0,490712361759452;0,619004699056565;100;1;0,9;TRUE;0,68;0,8;FALSE;FALSE;0,68;0,32;0
"FAS_cat_None_Middle";"hs_asthma";0,000154688532314652;1e-12;-0,131307762584459;-0,116296778066452;-0,116296778066452;-0,135428744721604;0,163132978789525;-0,424716710838183;0,243581506342547;-0,424716710838183;0,243581506342547;100;1;0,9;TRUE;0,73;0,8;FALSE;FALSE;0,27;0,73;0
"hs_globalexp2_None_no exposure";"hs_asthma";0,000154688532314652;1e-12;0,00109453058381249;-0,009138155771725;-0,009138155771725;-0,0260010023797793;0,138929910328043;-0,267435029841018;0,260318749475;-0,267435029841018;0,260318749475;100;1;0,9;TRUE;0,43;0,8;FALSE;FALSE;0,43;0,57;0
"h_abs_ratio_preg_Log";"hs_zbmi_who";0,000154688532314652;1e-12;-0,00927012927782207;-0,00799393174164944;-0,00799393174164944;-0,0076773879540325;0,0065675498030432;-0,0198611871187032;0,00446963870484288;-0,0198611871187032;0,00446963870484288;100;1;0,9;TRUE;0,88;0,8;TRUE;TRUE;0,12;0,88;0
"h_no2_ratio_preg_Log";"hs_zbmi_who";0,000154688532314652;1e-12;0,00122056211757416;-0,00025340833217821;-0,00025340833217821;-0,000197109543331031;0,00567293670784489;-0,00919831607182119;0,0112850657518928;-0,00919831607182119;0,0112850657518928;100;1;0,9;TRUE;0,49;0,8;FALSE;FALSE;0,49;0,51;0
"h_pm10_ratio_preg_None";"hs_zbmi_who";0,000154688532314652;1e-12;-0,0131829887343871;-0,0127152291759178;-0,0127152291759178;-0,0124783260195658;0,00574749916076211;-0,0227245005292829;-0,00128810830699577;-0,0227245005292829;-0,00128810830699577;100;1;0,9;TRUE;0,97;0,8;TRUE;TRUE;0,03;0,97;0
"h_pm25_ratio_preg_None";"hs_zbmi_who";0,000154688532314652;1e-12;0,00310185908632025;0,00326246178153079;0,00326246178153079;0,00440057659338652;0,00517135443159833;-0,00732654337329459;0,0123450823274333;-0,00732654337329459;0,0123450823274333;100;1;0,9;TRUE;0,72;0,8;FALSE;FALSE;0,72;0,28;0
"h_accesslines300_preg_dic0";"hs_zbmi_who";0,000154688532314652;1e-12;0,0141915566962197;0,0140671880123571;0,0140671880123571;0,0127679112180292;0,0123514914725306;-0,00948435718729452;0,0373041506616866;-0,00948435718729452;0,0373041506616866;100;1;0,9;TRUE;0,89;0,8;TRUE;TRUE;0,89;0,11;0
"h_accesspoints300_preg_Log";"hs_zbmi_who";0,000154688532314652;1e-12;-0,00189309966593635;-0,000352337215581354;-0,000352337215581354;-0,000174758878811778;0,0052837668280423;-0,0104409459705209;0,0102846485520571;-0,0104409459705209;0,0102846485520571;100;1;0,9;TRUE;0,52;0,8;FALSE;FALSE;0,48;0,52;0
"h_builtdens300_preg_Sqrt";"hs_zbmi_who";0,000154688532314652;1e-12;0,000119810216466648;-0,000358471005005521;-0,000358471005005521;-0,000219441534951391;0,0052312019015393;-0,0116394682728838;0,00859043085650526;-0,0116394682728838;0,00859043085650526;100;1;0,9;TRUE;0,47;0,8;FALSE;FALSE;0,47;0,53;0
"h_connind300_preg_Sqrt";"hs_zbmi_who";0,000154688532314652;1e-12;-0,00781247537639986;-0,00687791137271321;-0,00687791137271321;-0,0070901985528015;0,00481645555463761;-0,0156249843747129;0,00286982285346294;-0,0156249843747129;0,00286982285346294;100;1;0,9;TRUE;0,93;0,8;TRUE;TRUE;0,07;0,93;0
"h_fdensity300_preg_Log";"hs_zbmi_who";0,000154688532314652;1e-12;-0,0117282265732206;-0,0118978669550273;-0,0118978669550273;-0,0114844060626088;0,00552113674253853;-0,0225976541398145;-0,00102518657630071;-0,0225976541398145;-0,00102518657630071;100;1;0,9;TRUE;0,98;0,8;TRUE;TRUE;0,02;0,98;0
"h_frichness300_preg_None";"hs_zbmi_who";0,000154688532314652;1e-12;-0,000428535271493546;0,000950759278052094;0,000950759278052094;0,00147191411527012;0,00517093021494111;-0,00838866940094275;0,010220208214889;-0,00838866940094275;0,010220208214889;100;1;0,9;TRUE;0,43;0,8;FALSE;FALSE;0,57;0,43;0
"h_landuseshan300_preg_None";"hs_zbmi_who";0,000154688532314652;1e-12;0,00796905806066958;0,00710344727485313;0,00710344727485313;0,00707977055398693;0,0046043051391051;-0,00167698999799345;0,0155978133321725;-0,00167698999799345;0,0155978133321725;100;1;0,9;TRUE;0,96;0,8;TRUE;TRUE;0,96;0,04;0
"h_popdens_preg_Sqrt";"hs_zbmi_who";0,000154688532314652;1e-12;0,00520270673832728;0,00514184462606673;0,00514184462606673;0,00522255469023427;0,00479206605348423;-0,00343318219174056;0,0148496952185351;-0,00343318219174056;0,0148496952185351;100;1;0,9;TRUE;0,88;0,8;TRUE;TRUE;0,88;0,12;0
"h_walkability_mean_preg_None";"hs_zbmi_who";0,000154688532314652;1e-12;-0,00753974218282635;-0,00755666713076318;-0,00755666713076318;-0,00710870454176481;0,00537069654214013;-0,0182382427241843;0,00137820100811943;-0,0182382427241843;0,00137820100811943;100;1;0,9;TRUE;0,92;0,8;TRUE;TRUE;0,08;0,92;0
"hs_as_m_Log2";"hs_zbmi_who";0,000154688532314652;1e-12;0,00988645818978761;0,00951960790752282;0,00951960790752282;0,0100992204138238;0,00439116581414586;0,00069358219894314;0,0177865987773921;0,00069358219894314;0,0177865987773921;100;1;0,9;TRUE;0,97;0,8;TRUE;TRUE;0,97;0,03;0
"hs_cd_m_Log2";"hs_zbmi_who";0,000154688532314652;1e-12;0,00218267051468016;0,00153026397682784;0,00153026397682784;0,00177741709201011;0,00443121968443337;-0,0072600359118832;0,0108821132156707;-0,0072600359118832;0,0108821132156707;100;1;0,9;TRUE;0,66;0,8;FALSE;FALSE;0,66;0,34;0
"hs_co_m_Log2";"hs_zbmi_who";0,000154688532314652;1e-12;0,00566177129256898;0,0063614333954076;0,0063614333954076;0,00644611997365969;0,00470453682224828;-0,00181038050069956;0,0151735517957694;-0,00181038050069956;0,0151735517957694;100;1;0,9;TRUE;0,92;0,8;TRUE;TRUE;0,92;0,08;0
"hs_cs_m_Log2";"hs_zbmi_who";0,000154688532314652;1e-12;0,000635674732595505;-1,29509995247183e-05;-1,29509995247183e-05;0,000792096334380181;0,004166789631894;-0,00838832115017556;0,00667513145988581;-0,00838832115017556;0,00667513145988581;100;1;0,9;TRUE;0,59;0,8;FALSE;FALSE;0,59;0,41;0
"hs_cu_m_Log2";"hs_zbmi_who";0,000154688532314652;1e-12;-0,0109818946438792;-0,0101202751567128;-0,0101202751567128;-0,0100312559299736;0,00441783368525825;-0,019611000481058;-0,00177638739207105;-0,019611000481058;-0,00177638739207105;100;1;0,9;TRUE;0,99;0,8;TRUE;TRUE;0,01;0,99;0
"hs_hg_m_Log2";"hs_zbmi_who";0,000154688532314652;1e-12;-0,000469261190980577;-0,000963184185923274;-0,000963184185923274;-0,000914537496858128;0,0045427390803971;-0,011208951952814;0,00926650367197122;-0,011208951952814;0,00926650367197122;100;1;0,9;TRUE;0,6;0,8;FALSE;FALSE;0,4;0,6;0
"hs_mn_m_Log2";"hs_zbmi_who";0,000154688532314652;1e-12;-0,000974288636254906;-0,000798843513778518;-0,000798843513778518;-0,00092245575002347;0,00412686533320541;-0,00885780685362101;0,00634267888938619;-0,00885780685362101;0,00634267888938619;100;1;0,9;TRUE;0,57;0,8;FALSE;FALSE;0,43;0,57;0
"hs_mo_m_Log2";"hs_zbmi_who";0,000154688532314652;1e-12;0,00233276387949868;0,00195828689778594;0,00195828689778594;0,00263410417321418;0,00519585944470968;-0,00971590286374663;0,00995926032558608;-0,00971590286374663;0,00995926032558608;100;1;0,9;TRUE;0,72;0,8;FALSE;FALSE;0,72;0,28;0
"hs_pb_m_Log2";"hs_zbmi_who";0,000154688532314652;1e-12;0,00175901274483159;0,00139448912096515;0,00139448912096515;0,00186143378509686;0,00436626487844161;-0,00701401405844691;0,00987623015718018;-0,00701401405844691;0,00987623015718018;100;1;0,9;TRUE;0,64;0,8;FALSE;FALSE;0,64;0,36;0
"h_humidity_preg_None";"hs_zbmi_who";0,000154688532314652;1e-12;0,00966606761195519;0,00948324167022486;0,00948324167022486;0,01030960045366;0,00582051520823773;-0,00329274754064566;0,0191639794879804;-0,00329274754064566;0,0191639794879804;100;1;0,9;TRUE;0,92;0,8;TRUE;TRUE;0,92;0,08;0
"h_pressure_preg_None";"hs_zbmi_who";0,000154688532314652;1e-12;-0,00469818613779625;-0,00462307682389398;-0,00462307682389398;-0,00423427020833544;0,00560921571476252;-0,0159195835472283;0,0051683789338375;-0,0159195835472283;0,0051683789338375;100;1;0,9;TRUE;0,8;0,8;TRUE;TRUE;0,2;0,8;0
"h_temperature_preg_None";"hs_zbmi_who";0,000154688532314652;1e-12;0,00624831551508158;0,0065927663724798;0,0065927663724798;0,00701229038917705;0,0049301519798779;-0,00210188887400565;0,0162652446306495;-0,00210188887400565;0,0162652446306495;100;1;0,9;TRUE;0,91;0,8;TRUE;TRUE;0,91;0,09;0
"h_ndvi100_preg_None";"hs_zbmi_who";0,000154688532314652;1e-12;-0,000661684798792322;0,000398629227348005;0,000398629227348005;0,000540659394696741;0,00569906456729837;-0,0106082098859266;0,0111541686301105;-0,0106082098859266;0,0111541686301105;100;1;0,9;TRUE;0,45;0,8;FALSE;FALSE;0,55;0,45;0
"hs_dde_madj_Log2";"hs_zbmi_who";0,000154688532314652;1e-12;0,00717524272163971;0,00615342128207572;0,00615342128207572;0,00667514864091155;0,00531877407687587;-0,00427027983999659;0,0156128593078105;-0,00427027983999659;0,0156128593078105;100;1;0,9;TRUE;0,87;0,8;TRUE;TRUE;0,87;0,13;0
"hs_ddt_madj_Log2";"hs_zbmi_who";0,000154688532314652;1e-12;0,000141780630126349;0,000249372046853999;0,000249372046853999;0,000365089380024675;0,00477905242077873;-0,00863196247582797;0,00915260145422731;-0,00863196247582797;0,00915260145422731;100;1;0,9;TRUE;0,52;0,8;FALSE;FALSE;0,52;0,48;0
"hs_hcb_madj_Log2";"hs_zbmi_who";0,000154688532314652;1e-12;-0,00637689573505552;-0,00563711278233429;-0,00563711278233429;-0,00604014691705333;0,0041889620406725;-0,0139065414474498;0,00217192870743004;-0,0139065414474498;0,00217192870743004;100;1;0,9;TRUE;0,91;0,8;TRUE;TRUE;0,09;0,91;0
"hs_pcb118_madj_Log2";"hs_zbmi_who";0,000154688532314652;1e-12;0,00521741442961561;0,00554577276130285;0,00554577276130285;0,00501905403315077;0,00601271646707989;-0,00583821277439138;0,0191349885187955;-0,00583821277439138;0,0191349885187955;100;1;0,9;TRUE;0,81;0,8;TRUE;TRUE;0,81;0,19;0
"hs_pcb138_madj_Log2";"hs_zbmi_who";0,000154688532314652;1e-12;-0,00478521338486013;-0,00400591588423352;-0,00400591588423352;-0,00460011138430965;0,0058815508541469;-0,0136912948609302;0,00816764417402945;-0,0136912948609302;0,00816764417402945;100;1;0,9;TRUE;0,74;0,8;FALSE;FALSE;0,26;0,74;0
"hs_pcb153_madj_Log2";"hs_zbmi_who";0,000154688532314652;1e-12;-0,00222370967259909;-0,0016371251213578;-0,0016371251213578;-0,00206478937339685;0,00635572996645124;-0,011755397202373;0,0104282695330797;-0,011755397202373;0,0104282695330797;100;1;0,9;TRUE;0,6;0,8;FALSE;FALSE;0,4;0,6;0
"hs_pcb170_madj_Log2";"hs_zbmi_who";0,000154688532314652;1e-12;-0,00368232254086001;-0,00318847313538468;-0,00318847313538468;-0,00276947048360123;0,00526020000878964;-0,0150721947615617;0,00580533948067905;-0,0150721947615617;0,00580533948067905;100;1;0,9;TRUE;0,73;0,8;FALSE;FALSE;0,27;0,73;0
"hs_pcb180_madj_Log2";"hs_zbmi_who";0,000154688532314652;1e-12;0,00913522436866407;0,00822575105228549;0,00822575105228549;0,00773566703900535;0,0057637418128363;-0,00361968381703389;0,01955977052774;-0,00361968381703389;0,01955977052774;100;1;0,9;TRUE;0,92;0,8;TRUE;TRUE;0,92;0,08;0
"hs_sumPCBs5_madj_Log2";"hs_zbmi_who";0,000154688532314652;1e-12;0,0100086298584668;0,00958858229084303;0,00958858229084303;0,00977754775749427;0,00617726493589555;-0,0025448629119524;0,0206646561991049;-0,0025448629119524;0,0206646561991049;100;1;0,9;TRUE;0,93;0,8;TRUE;TRUE;0,93;0,07;0
"hs_pfhxs_m_Log2";"hs_zbmi_who";0,000154688532314652;1e-12;-0,0010534357947878;-0,000900067060577284;-0,000900067060577284;-0,000892308576152613;0,00452499583917375;-0,00980274939999348;0,00801672684970771;-0,00980274939999348;0,00801672684970771;100;1;0,9;TRUE;0,58;0,8;FALSE;FALSE;0,42;0,58;0
"hs_pfna_m_Log2";"hs_zbmi_who";0,000154688532314652;1e-12;-0,00211793692719608;-0,00104066170440038;-0,00104066170440038;-0,00208982454070806;0,00494068759786854;-0,0102028820343143;0,00881431997701643;-0,0102028820343143;0,00881431997701643;100;1;0,9;TRUE;0,58;0,8;FALSE;FALSE;0,42;0,58;0
"hs_pfoa_m_Log2";"hs_zbmi_who";0,000154688532314652;1e-12;-6,64753096204323e-05;-0,00110371418702043;-0,00110371418702043;-0,000715684452578481;0,00463190260089152;-0,00960730601378375;0,00755418142887242;-0,00960730601378375;0,00755418142887242;100;1;0,9;TRUE;0,6;0,8;FALSE;FALSE;0,4;0,6;0
"hs_pfos_m_Log2";"hs_zbmi_who";0,000154688532314652;1e-12;0,0062806973240635;0,00542422481724212;0,00542422481724212;0,00536171716228667;0,00475468154403105;-0,00476218230189445;0,0149789632472969;-0,00476218230189445;0,0149789632472969;100;1;0,9;TRUE;0,93;0,8;TRUE;TRUE;0,93;0,07;0
"hs_pfunda_m_Log2";"hs_zbmi_who";0,000154688532314652;1e-12;0,00341686299815452;0,0030961580232379;0,0030961580232379;0,00304488113243669;0,00392393546575039;-0,00639638946620155;0,0104955474146271;-0,00639638946620155;0,0104955474146271;100;1;0,9;TRUE;0,82;0,8;TRUE;TRUE;0,82;0,18;0
"e3_asmokcigd_p_None";"hs_zbmi_who";0,000154688532314652;1e-12;-0,0049483063999895;-0,00443063093901717;-0,00443063093901717;-0,00419678170061149;0,00411057704417567;-0,0116639107599542;0,00333019505448816;-0,0116639107599542;0,00333019505448816;100;1;0,9;TRUE;0,87;0,8;TRUE;TRUE;0,13;0,87;0
"h_distinvnear1_preg_Log";"hs_zbmi_who";0,000154688532314652;1e-12;-0,00164079473070327;-0,00187430517419866;-0,00187430517419866;-0,00122837017263204;0,00439381825321043;-0,0103585929219542;0,0059318710576664;-0,0103585929219542;0,0059318710576664;100;1;0,9;TRUE;0,6;0,8;FALSE;FALSE;0,4;0,6;0
"h_trafload_preg_pow1over3";"hs_zbmi_who";0,000154688532314652;1e-12;0,00432821360926257;0,00421829433988844;0,00421829433988844;0,00466359722203703;0,00440314025629009;-0,00446840527680483;0,0127595842263553;-0,00446840527680483;0,0127595842263553;100;1;0,9;TRUE;0,84;0,8;TRUE;TRUE;0,84;0,16;0
"h_trafnear_preg_pow1over3";"hs_zbmi_who";0,000154688532314652;1e-12;-0,00513634938799571;-0,00519411475791407;-0,00519411475791407;-0,00497211622851678;0,00454304601956464;-0,0150407710911096;0,00438628989313231;-0,0150407710911096;0,00438628989313231;100;1;0,9;TRUE;0,88;0,8;TRUE;TRUE;0,12;0,88;0
"h_bro_preg_Log";"hs_zbmi_who";0,000154688532314652;1e-12;0,00204084566481358;0,00336216269317725;0,00336216269317725;0,00395572933001618;0,00611180142914401;-0,00892542321495078;0,0151427247989476;-0,00892542321495078;0,0151427247989476;100;1;0,9;TRUE;0,73;0,8;FALSE;FALSE;0,73;0,27;0
"h_clf_preg_Log";"hs_zbmi_who";0,000154688532314652;1e-12;-0,00961839317677641;-0,0100153813335965;-0,0100153813335965;-0,0100425632449175;0,00503617288629605;-0,0208388545998017;-0,000952968492355443;-0,0208388545998017;-0,000952968492355443;100;1;0,9;TRUE;0,99;0,8;TRUE;TRUE;0,01;0,99;0
"h_thm_preg_Log";"hs_zbmi_who";0,000154688532314652;1e-12;-0,0071650934185827;-0,00606348132984591;-0,00606348132984591;-0,00600714506718806;0,00484620572294524;-0,0147789941382838;0,00349783257971023;-0,0147789941382838;0,00349783257971023;100;1;0,9;TRUE;0,88;0,8;TRUE;TRUE;0,12;0,88;0
"e3_alcpreg_yn_None_1";"hs_zbmi_who";0,000154688532314652;1e-12;-0,00658898110708848;-0,00698190729251271;-0,00698190729251271;-0,00772520103074702;0,00841913468073546;-0,0228027252620254;0,00782318688616847;-0,0228027252620254;0,00782318688616847;100;1;0,9;TRUE;0,77;0,8;FALSE;FALSE;0,23;0,77;0
"h_pamod_t3_None_Often";"hs_zbmi_who";0,000154688532314652;1e-12;0,0470798676087378;0,0454704138135965;0,0454704138135965;0,0457858520603738;0,00938281044850821;0,0273754190518506;0,0651091115281733;0,0273754190518506;0,0651091115281733;100;1;0,9;TRUE;1;0,8;TRUE;TRUE;1;0;0
"h_pamod_t3_None_Sometimes";"hs_zbmi_who";0,000154688532314652;1e-12;0,0432091751855291;0,0413094687200518;0,0413094687200518;0,0417518043396135;0,012889283726043;0,0132810083169332;0,0636238898972859;0,0132810083169332;0,0636238898972859;100;1;0,9;TRUE;1;0,8;TRUE;TRUE;1;0;0
"h_pamod_t3_None_Very Often";"hs_zbmi_who";0,000154688532314652;1e-12;0,0589819154214656;0,0554435461784365;0,0554435461784365;0,0552110506513645;0,00976500048421012;0,036558182570016;0,0760493608237054;0,036558182570016;0,0760493608237054;100;1;0,9;TRUE;1;0,8;TRUE;TRUE;1;0;0
"h_pavig_t3_None_Low";"hs_zbmi_who";0,000154688532314652;1e-12;0,0637031840369168;0,0613916454856416;0,0613916454856416;0,0620322873116945;0,0124941631892175;0,0399400933488289;0,0873154028081621;0,0399400933488289;0,0873154028081621;100;1;0,9;TRUE;1;0,8;TRUE;TRUE;1;0;0
"h_pavig_t3_None_Medium";"hs_zbmi_who";0,000154688532314652;1e-12;0,0618206544477039;0,0606022272441292;0,0606022272441292;0,0604335333726421;0,0126496370508006;0,037921643038307;0,0844704255981229;0,037921643038307;0,0844704255981229;100;1;0,9;TRUE;1;0,8;TRUE;TRUE;1;0;0
"hs_no2_dy_hs_h_Log";"hs_zbmi_who";0,000154688532314652;1e-12;-0,00997914545224449;-0,00863137626234524;-0,00863137626234524;-0,00904017326788879;0,00479153984644078;-0,017953158803594;0,000918429761564647;-0,017953158803594;0,000918429761564647;100;1;0,9;TRUE;0,94;0,8;TRUE;TRUE;0,06;0,94;0
"hs_no2_wk_hs_h_Log";"hs_zbmi_who";0,000154688532314652;1e-12;-0,0057609024346666;-0,00562365831536376;-0,00562365831536376;-0,00583654434157602;0,00481949949676514;-0,0140944028776468;0,00357779176180138;-0,0140944028776468;0,00357779176180138;100;1;0,9;TRUE;0,88;0,8;TRUE;TRUE;0,12;0,88;0
"hs_no2_yr_hs_h_Log";"hs_zbmi_who";0,000154688532314652;1e-12;-0,00629212540494641;-0,00644076080894525;-0,00644076080894525;-0,0061285273924624;0,00491353704282838;-0,0150372278413412;0,0028951356739779;-0,0150372278413412;0,0028951356739779;100;1;0,9;TRUE;0,93;0,8;TRUE;TRUE;0,07;0,93;0
"hs_pm10_dy_hs_h_None";"hs_zbmi_who";0,000154688532314652;1e-12;0,00738828362213661;0,00784465569722819;0,00784465569722819;0,0076819576172784;0,00534078412803875;-0,00249095238604471;0,0177285256489141;-0,00249095238604471;0,0177285256489141;100;1;0,9;TRUE;0,9;0,8;TRUE;TRUE;0,9;0,1;0
"hs_pm10_wk_hs_h_None";"hs_zbmi_who";0,000154688532314652;1e-12;-0,0113732736188081;-0,00885484818983501;-0,00885484818983501;-0,00922384170234582;0,00508515177629828;-0,0172037222616411;0,00139089749867403;-0,0172037222616411;0,00139089749867403;100;1;0,9;TRUE;0,94;0,8;TRUE;TRUE;0,06;0,94;0
"hs_pm10_yr_hs_h_None";"hs_zbmi_who";0,000154688532314652;1e-12;-0,00440389413213591;-0,00321585087742432;-0,00321585087742432;-0,00311671929227349;0,00566080711108145;-0,0136702881140136;0,00753342868839669;-0,0136702881140136;0,00753342868839669;100;1;0,9;TRUE;0,7;0,8;FALSE;FALSE;0,3;0,7;0
"hs_pm25_dy_hs_h_None";"hs_zbmi_who";0,000154688532314652;1e-12;0,0103169497475524;0,00917037716526767;0,00917037716526767;0,00858772319183931;0,00538694830350977;0,000782260497500703;0,0198036722370506;0,000782260497500703;0,0198036722370506;100;1;0,9;TRUE;0,98;0,8;TRUE;TRUE;0,98;0,02;0
"hs_pm25_wk_hs_h_None";"hs_zbmi_who";0,000154688532314652;1e-12;0,000425554958334246;-0,000281063601311519;-0,000281063601311519;-0,000738064429952658;0,00633615727105293;-0,0118488610851223;0,0144800175931621;-0,0118488610851223;0,0144800175931621;100;1;0,9;TRUE;0,41;0,8;FALSE;FALSE;0,41;0,59;0
"hs_pm25_yr_hs_h_None";"hs_zbmi_who";0,000154688532314652;1e-12;-0,00753627622860647;-0,00607232611007626;-0,00607232611007626;-0,00610441121585194;0,00624110827423329;-0,0186064281581758;0,00408608784750628;-0,0186064281581758;0,00408608784750628;100;1;0,9;TRUE;0,82;0,8;TRUE;TRUE;0,18;0,82;0
"hs_pm25abs_dy_hs_h_Log";"hs_zbmi_who";0,000154688532314652;1e-12;0,000242175608551319;0,000333530462502666;0,000333530462502666;5,519191173489e-05;0,00471239446213932;-0,00845518380376133;0,010743836377376;-0,00845518380376133;0,010743836377376;100;1;0,9;TRUE;0,52;0,8;FALSE;FALSE;0,52;0,48;0
"hs_pm25abs_wk_hs_h_Log";"hs_zbmi_who";0,000154688532314652;1e-12;-0,00364753403185412;-0,00395840221046241;-0,00395840221046241;-0,00389963858899837;0,00498500864943501;-0,011926459605114;0,00695685945363465;-0,011926459605114;0,00695685945363465;100;1;0,9;TRUE;0,84;0,8;TRUE;TRUE;0,16;0,84;0
"hs_pm25abs_yr_hs_h_Log";"hs_zbmi_who";0,000154688532314652;1e-12;0,0104392609588016;0,0091787089923797;0,0091787089923797;0,00872384937834169;0,00551028661443322;-0,00039840343874879;0,0204271577454462;-0,00039840343874879;0,0204271577454462;100;1;0,9;TRUE;0,96;0,8;TRUE;TRUE;0,96;0,04;0
"hs_accesslines300_h_dic0";"hs_zbmi_who";0,000154688532314652;1e-12;0,0271271879780786;0,0267193571165681;0,0267193571165681;0,0268973207217146;0,014946366702879;-0,00116014354845424;0,058669188139552;-0,00116014354845424;0,058669188139552;100;1;0,9;TRUE;0,96;0,8;TRUE;TRUE;0,96;0,04;0
"hs_accesspoints300_h_Log";"hs_zbmi_who";0,000154688532314652;1e-12;0,00683519507786016;0,00483117954886631;0,00483117954886631;0,00491452217188315;0,00532663910897253;-0,00504966211911877;0,014556885887507;-0,00504966211911877;0,014556885887507;100;1;0,9;TRUE;0,83;0,8;TRUE;TRUE;0,83;0,17;0
"hs_builtdens300_h_Sqrt";"hs_zbmi_who";0,000154688532314652;1e-12;-0,0034614723212374;-0,0029296913685035;-0,0029296913685035;-0,00294443102746994;0,00484925798204664;-0,0119377936472111;0,00592151516765956;-0,0119377936472111;0,00592151516765956;100;1;0,9;TRUE;0,74;0,8;FALSE;FALSE;0,26;0,74;0
"hs_connind300_h_Log";"hs_zbmi_who";0,000154688532314652;1e-12;0,00696679253149824;0,00684779766339903;0,00684779766339903;0,00705498711775437;0,00519719668687608;-0,00386976267434795;0,0167498024617607;-0,00386976267434795;0,0167498024617607;100;1;0,9;TRUE;0,9;0,8;TRUE;TRUE;0,9;0,1;0
"hs_fdensity300_h_Log";"hs_zbmi_who";0,000154688532314652;1e-12;-0,00274377599692565;-0,00266265427573531;-0,00266265427573531;-0,0026763626055984;0,00479673803228295;-0,0120476961282037;0,00581558501411034;-0,0120476961282037;0,00581558501411034;100;1;0,9;TRUE;0,72;0,8;FALSE;FALSE;0,28;0,72;0
"hs_landuseshan300_h_None";"hs_zbmi_who";0,000154688532314652;1e-12;-0,00544429570098844;-0,00496532333027081;-0,00496532333027081;-0,00465777216914169;0,00469862639849358;-0,0139270895777037;0,00447325393674;-0,0139270895777037;0,00447325393674;100;1;0,9;TRUE;0,87;0,8;TRUE;TRUE;0,13;0,87;0
"hs_popdens_h_Sqrt";"hs_zbmi_who";0,000154688532314652;1e-12;0,00302528715878623;0,00465096330431582;0,00465096330431582;0,00447528862571999;0,0058478728642051;-0,00590772730321256;0,0162501784339171;-0,00590772730321256;0,0162501784339171;100;1;0,9;TRUE;0,81;0,8;TRUE;TRUE;0,81;0,19;0
"hs_walkability_mean_h_None";"hs_zbmi_who";0,000154688532314652;1e-12;0,000734176721295207;0,000886377579531206;0,000886377579531206;0,000406051130291178;0,0042534385971426;-0,00772033138755621;0,00896842141971831;-0,00772033138755621;0,00896842141971831;100;1;0,9;TRUE;0,55;0,8;FALSE;FALSE;0,55;0,45;0
"hs_accesslines300_s_dic0";"hs_zbmi_who";0,000154688532314652;1e-12;0,0345404903990945;0,0298380804495449;0,0298380804495449;0,0304591542028168;0,0124418618041917;0,010657780274838;0,054784268876144;0,010657780274838;0,054784268876144;100;1;0,9;TRUE;1;0,8;TRUE;TRUE;1;0;0
"hs_accesspoints300_s_Log";"hs_zbmi_who";0,000154688532314652;1e-12;-0,00697666069729469;-0,00701822781679134;-0,00701822781679134;-0,00748179860312056;0,00444683358725275;-0,0142385125009352;0,00147558725308833;-0,0142385125009352;0,00147558725308833;100;1;0,9;TRUE;0,95;0,8;TRUE;TRUE;0,05;0,95;0
"hs_builtdens300_s_Sqrt";"hs_zbmi_who";0,000154688532314652;1e-12;-0,0001130122407912;-0,000981977327695831;-0,000981977327695831;-0,000767978450482116;0,00507130608874688;-0,00946278306839896;0,00755058345763168;-0,00946278306839896;0,00755058345763168;100;1;0,9;TRUE;0,55;0,8;FALSE;FALSE;0,45;0,55;0
"hs_connind300_s_Log";"hs_zbmi_who";0,000154688532314652;1e-12;0,00298608797109147;0,00286447435883903;0,00286447435883903;0,00300031653145296;0,00538677212112169;-0,0058549297845769;0,0121959092662563;-0,0058549297845769;0,0121959092662563;100;1;0,9;TRUE;0,7;0,8;FALSE;FALSE;0,7;0,3;0
"hs_fdensity300_s_Log";"hs_zbmi_who";0,000154688532314652;1e-12;-0,000316744427912286;-0,000655226407315893;-0,000655226407315893;-0,00055282863391498;0,00494057553782987;-0,0102325314186049;0,00860570590972658;-0,0102325314186049;0,00860570590972658;100;1;0,9;TRUE;0,55;0,8;FALSE;FALSE;0,45;0,55;0
"hs_landuseshan300_s_None";"hs_zbmi_who";0,000154688532314652;1e-12;-0,00226550070900079;-0,00204518860385167;-0,00204518860385167;-0,00175050027855523;0,00481834617195249;-0,0109492494449127;0,00710321662360108;-0,0109492494449127;0,00710321662360108;100;1;0,9;TRUE;0,66;0,8;FALSE;FALSE;0,34;0,66;0
"hs_popdens_s_Sqrt";"hs_zbmi_who";0,000154688532314652;1e-12;-0,00405400187965765;-0,00378221010667912;-0,00378221010667912;-0,00476813617057548;0,00475105030609893;-0,0122539838005703;0,00590114902497573;-0,0122539838005703;0,00590114902497573;100;1;0,9;TRUE;0,78;0,8;FALSE;FALSE;0,22;0,78;0
"h_Absorbance_Log";"hs_zbmi_who";0,000154688532314652;1e-12;-0,00232668372963435;-0,00230489018775264;-0,00230489018775264;-0,00225038347998683;0,0050229897388948;-0,0114519471272093;0,0069030490259464;-0,0114519471272093;0,0069030490259464;100;1;0,9;TRUE;0,65;0,8;FALSE;FALSE;0,35;0,65;0
"h_Benzene_Log";"hs_zbmi_who";0,000154688532314652;1e-12;0,00560866203860556;0,00491327758275963;0,00491327758275963;0,00498314665705417;0,00460560249807852;-0,00509508859201542;0,012788444103518;-0,00509508859201542;0,012788444103518;100;1;0,9;TRUE;0,86;0,8;TRUE;TRUE;0,86;0,14;0
"h_NO2_Log";"hs_zbmi_who";0,000154688532314652;1e-12;0,00338220677046722;0,00343410585251064;0,00343410585251064;0,00319904733433398;0,00459731823900133;-0,00581666934900294;0,0127391442478785;-0,00581666934900294;0,0127391442478785;100;1;0,9;TRUE;0,73;0,8;FALSE;FALSE;0,73;0,27;0
"h_PM_Log";"hs_zbmi_who";0,000154688532314652;1e-12;0,0103848059486387;0,00976171102973432;0,00976171102973432;0,0097802602641143;0,0044446214901106;0,00154329672588027;0,0183707201537503;0,00154329672588027;0,0183707201537503;100;1;0,9;TRUE;1;0,8;TRUE;TRUE;1;0;0
"h_TEX_Log";"hs_zbmi_who";0,000154688532314652;1e-12;0,00342532540449441;0,00339693485301192;0,00339693485301192;0,00358345100759974;0,00524148465212971;-0,0068167397054513;0,0132590075047668;-0,0068167397054513;0,0132590075047668;100;1;0,9;TRUE;0,74;0,8;FALSE;FALSE;0,74;0,26;0
"hs_KIDMED_None";"hs_zbmi_who";0,000154688532314652;1e-12;0,00240812436423544;0,00262765251303367;0,00262765251303367;0,00224390874096264;0,00379629462215983;-0,0039014991514397;0,00980055951224209;-0,0039014991514397;0,00980055951224209;100;1;0,9;TRUE;0,73;0,8;FALSE;FALSE;0,73;0,27;0
"hs_mvpa_prd_alt_None";"hs_zbmi_who";0,000154688532314652;1e-12;-0,0181681865189972;-0,0167060579084152;-0,0167060579084152;-0,0164754764922202;0,00426225266124109;-0,0262822478767214;-0,00823123915832019;-0,0262822478767214;-0,00823123915832019;100;1;0,9;TRUE;1;0,8;TRUE;TRUE;0;1;0
"hs_sd_wk_None";"hs_zbmi_who";0,000154688532314652;1e-12;0,00348344421668038;0,00197174842331387;0,00197174842331387;0,0020493331741835;0,00416299740712125;-0,00597728625529628;0,00911425970323839;-0,00597728625529628;0,00911425970323839;100;1;0,9;TRUE;0,67;0,8;FALSE;FALSE;0,67;0,33;0
"hs_dif_hours_total_None";"hs_zbmi_who";0,000154688532314652;1e-12;-0,0109160888483352;-0,0103930015906755;-0,0103930015906755;-0,0106831870798087;0,00423575803153337;-0,0178928620902457;-0,0026381522763441;-0,0178928620902457;-0,0026381522763441;100;1;0,9;TRUE;1;0,8;TRUE;TRUE;0;1;0
"hs_as_c_Log2";"hs_zbmi_who";0,000154688532314652;1e-12;0,00314003404995672;0,00259052993097683;0,00259052993097683;0,0022238802421357;0,00390971391599486;-0,00391039604977585;0,0101194903184253;-0,00391039604977585;0,0101194903184253;100;1;0,9;TRUE;0,78;0,8;FALSE;FALSE;0,78;0,22;0
"hs_cd_c_Log2";"hs_zbmi_who";0,000154688532314652;1e-12;0,00033435834166096;0,000129482086481622;0,000129482086481622;-0,00014337899776868;0,00399218717677862;-0,00687298145197094;0,00844057277511634;-0,00687298145197094;0,00844057277511634;100;1;0,9;TRUE;0,5;0,8;FALSE;FALSE;0,5;0,5;0
"hs_co_c_Log2";"hs_zbmi_who";0,000154688532314652;1e-12;-0,00502801302668432;-0,00507903536844651;-0,00507903536844651;-0,00524449391424306;0,00326653863901821;-0,0102408726539865;0,00143759106475392;-0,0102408726539865;0,00143759106475392;100;1;0,9;TRUE;0,93;0,8;TRUE;TRUE;0,07;0,93;0
"hs_cs_c_Log2";"hs_zbmi_who";0,000154688532314652;1e-12;0,0170400865843556;0,0157477173745429;0,0157477173745429;0,0154228377511418;0,00458320052740763;0,00710053356426467;0,024648960562613;0,00710053356426467;0,024648960562613;100;1;0,9;TRUE;1;0,8;TRUE;TRUE;1;0;0
"hs_cu_c_Log2";"hs_zbmi_who";0,000154688532314652;1e-12;0,0139614342721989;0,0134664453885702;0,0134664453885702;0,0132017767508711;0,0049667285458892;0,00503750550110291;0,022641225927638;0,00503750550110291;0,022641225927638;100;1;0,9;TRUE;0,99;0,8;TRUE;TRUE;0,99;0,01;0
"hs_hg_c_Log2";"hs_zbmi_who";0,000154688532314652;1e-12;-0,00787678182436184;-0,00733332038980821;-0,00733332038980821;-0,0068444917798242;0,00463016977911461;-0,0153074616623263;0,00168826454774817;-0,0153074616623263;0,00168826454774817;100;1;0,9;TRUE;0,94;0,8;TRUE;TRUE;0,06;0,94;0
"hs_mn_c_Log2";"hs_zbmi_who";0,000154688532314652;1e-12;-0,000738255620287026;-0,000501582483605918;-0,000501582483605918;-0,000627290646310836;0,00399188965270764;-0,00771312096265207;0,00659674279238877;-0,00771312096265207;0,00659674279238877;100;1;0,9;TRUE;0,55;0,8;FALSE;FALSE;0,45;0,55;0
"hs_mo_c_Log2";"hs_zbmi_who";0,000154688532314652;1e-12;-0,0076300000497425;-0,00803228808231318;-0,00803228808231318;-0,00803720139635647;0,00493078240737847;-0,0165689150840224;0,000137899518346133;-0,0165689150840224;0,000137899518346133;100;1;0,9;TRUE;0,97;0,8;TRUE;TRUE;0,03;0,97;0
"hs_pb_c_Log2";"hs_zbmi_who";0,000154688532314652;1e-12;-0,00149845896524971;-0,00145997996028406;-0,00145997996028406;-0,0016725243518562;0,00419130588848946;-0,0100001573337099;0,00620967201179961;-0,0100001573337099;0,00620967201179961;100;1;0,9;TRUE;0,63;0,8;FALSE;FALSE;0,37;0,63;0
"hs_hum_mt_hs_h_None";"hs_zbmi_who";0,000154688532314652;1e-12;0,0107782380580199;0,0104425134417896;0,0104425134417896;0,0108151166707428;0,00493906050527186;0,0023483719439342;0,0192240735647258;0,0023483719439342;0,0192240735647258;100;1;0,9;TRUE;0,99;0,8;TRUE;TRUE;0,99;0,01;0
"hs_tm_mt_hs_h_None";"hs_zbmi_who";0,000154688532314652;1e-12;-0,00251483585703985;-0,00303047606320863;-0,00303047606320863;-0,00268044483494361;0,00520553992614084;-0,0133714410446411;0,00648252722147945;-0,0133714410446411;0,00648252722147945;100;1;0,9;TRUE;0,7;0,8;FALSE;FALSE;0,3;0,7;0
"hs_uvdvf_mt_hs_h_None";"hs_zbmi_who";0,000154688532314652;1e-12;0,00650737567788531;0,00559227008591261;0,00559227008591261;0,00556958403300292;0,00482110414666408;-0,00248344951941082;0,013980747405649;-0,00248344951941082;0,013980747405649;100;1;0,9;TRUE;0,86;0,8;TRUE;TRUE;0,86;0,14;0
"hs_hum_dy_hs_h_None";"hs_zbmi_who";0,000154688532314652;1e-12;-0,00251327529260921;-0,0017682452586278;-0,0017682452586278;-0,00198659015348585;0,00487131411544179;-0,0107145794275963;0,00739666670858004;-0,0107145794275963;0,00739666670858004;100;1;0,9;TRUE;0,61;0,8;FALSE;FALSE;0,39;0,61;0
"hs_hum_wk_hs_h_None";"hs_zbmi_who";0,000154688532314652;1e-12;-0,00251556270147454;-0,00258539718901903;-0,00258539718901903;-0,00281653467495401;0,00536750391680219;-0,0112196091210345;0,00935201206786474;-0,0112196091210345;0,00935201206786474;100;1;0,9;TRUE;0,71;0,8;FALSE;FALSE;0,29;0,71;0
"hs_tm_dy_hs_h_None";"hs_zbmi_who";0,000154688532314652;1e-12;-0,0101304366984539;-0,00862890084042081;-0,00862890084042081;-0,00862095850308928;0,00584195895459063;-0,0204324297584036;0,00179118801325548;-0,0204324297584036;0,00179118801325548;100;1;0,9;TRUE;0,93;0,8;TRUE;TRUE;0,07;0,93;0
"hs_tm_wk_hs_h_None";"hs_zbmi_who";0,000154688532314652;1e-12;0,000196229312497157;0,00043184950301754;0,00043184950301754;0,000469976220499697;0,00439765217193993;-0,00747306333721911;0,00860760037654859;-0,00747306333721911;0,00860760037654859;100;1;0,9;TRUE;0,54;0,8;FALSE;FALSE;0,54;0,46;0
"hs_uvdvf_dy_hs_h_None";"hs_zbmi_who";0,000154688532314652;1e-12;0,00112755796304879;0,000921206814223;0,000921206814223;0,000435404721329272;0,00493638085857259;-0,00780540290872308;0,0108173365098136;-0,00780540290872308;0,0108173365098136;100;1;0,9;TRUE;0,51;0,8;FALSE;FALSE;0,51;0,49;0
"hs_uvdvf_wk_hs_h_None";"hs_zbmi_who";0,000154688532314652;1e-12;-0,00613061624629202;-0,00536258797818769;-0,00536258797818769;-0,00566802969972162;0,00449482211506969;-0,0140387742825811;0,00426198524441508;-0,0140387742825811;0,00426198524441508;100;1;0,9;TRUE;0,88;0,8;TRUE;TRUE;0,12;0,88;0
"hs_ndvi100_h_None";"hs_zbmi_who";0,000154688532314652;1e-12;-0,00636040081885615;-0,00564940532696771;-0,00564940532696771;-0,00508948897562594;0,00563588943267586;-0,017531933670765;0,00408992077311939;-0,017531933670765;0,00408992077311939;100;1;0,9;TRUE;0,83;0,8;TRUE;TRUE;0,17;0,83;0
"hs_ndvi100_s_None";"hs_zbmi_who";0,000154688532314652;1e-12;-0,00318678705633289;-0,00221487941309693;-0,00221487941309693;-0,00157735487963144;0,00512686272814917;-0,0135085593633154;0,00682878306336236;-0,0135085593633154;0,00682878306336236;100;1;0,9;TRUE;0,67;0,8;FALSE;FALSE;0,33;0,67;0
"hs_dde_cadj_Log2";"hs_zbmi_who";0,000154688532314652;1e-12;-0,0226766521587586;-0,0201414514837593;-0,0201414514837593;-0,0190103201158719;0,00634777495595136;-0,0319840844841882;-0,007933808544881;-0,0319840844841882;-0,007933808544881;100;1;0,9;TRUE;1;0,8;TRUE;TRUE;0;1;0
"hs_ddt_cadj_Log2";"hs_zbmi_who";0,000154688532314652;1e-12;-0,00518161153753549;-0,00492329902189229;-0,00492329902189229;-0,0051824343269818;0,00403971629752748;-0,0121935208064804;0,00264733004600156;-0,0121935208064804;0,00264733004600156;100;1;0,9;TRUE;0,87;0,8;TRUE;TRUE;0,13;0,87;0
"hs_hcb_cadj_Log2";"hs_zbmi_who";0,000154688532314652;1e-12;-0,0189352808625664;-0,0261095443468086;-0,0261095443468086;-0,0188051358448515;0,0153164085431723;-0,0530993351539502;-0,00735407165775071;-0,0530993351539502;-0,00735407165775071;100;1;0,9;TRUE;1;0,8;TRUE;TRUE;0;1;0
"hs_pcb118_cadj_Log2";"hs_zbmi_who";0,000154688532314652;1e-12;0,0088506570396534;0,00841397056113475;0,00841397056113475;0,00857075954083119;0,00488591830791634;2,26644576919144e-05;0,0170389678197073;2,26644576919144e-05;0,0170389678197073;100;1;0,9;TRUE;0,97;0,8;TRUE;TRUE;0,97;0,03;0
"hs_pcb138_cadj_Log2";"hs_zbmi_who";0,000154688532314652;1e-12;0,0133210147350604;0,010388668511148;0,010388668511148;0,0117490195385233;0,00680474965347783;-0,00618156154573854;0,0199258305619844;-0,00618156154573854;0,0199258305619844;100;1;0,9;TRUE;0,9;0,8;TRUE;TRUE;0,9;0,1;0
"hs_pcb153_cadj_Log2";"hs_zbmi_who";0,000154688532314652;1e-12;-0,0141308291314118;-0,0124629125957361;-0,0124629125957361;-0,0125120963709008;0,00545065741737615;-0,0224555088033895;-0,00239475315603413;-0,0224555088033895;-0,00239475315603413;100;1;0,9;TRUE;1;0,8;TRUE;TRUE;0;1;0
"hs_pcb170_cadj_Log2";"hs_zbmi_who";0,000154688532314652;1e-12;-0,0200831024185333;-0,0194383467251795;-0,0194383467251795;-0,0194276227305299;0,00493652787060173;-0,0293517677643525;-0,0100855234150314;-0,0293517677643525;-0,0100855234150314;100;1;0,9;TRUE;1;0,8;TRUE;TRUE;0;1;0
"hs_pcb180_cadj_Log2";"hs_zbmi_who";0,000154688532314652;1e-12;-0,00384672571891392;-0,00381951218967974;-0,00381951218967974;-0,00327750441403915;0,00543198770507056;-0,0163289337386384;0,00496193890373589;-0,0163289337386384;0,00496193890373589;100;1;0,9;TRUE;0,74;0,8;FALSE;FALSE;0,26;0,74;0
"hs_sumPCBs5_cadj_Log2";"hs_zbmi_who";0,000154688532314652;1e-12;-0,025877382129994;-0,0233107979386323;-0,0233107979386323;-0,0240602270728773;0,00515510427887153;-0,0326432323622985;-0,0125532467853191;-0,0326432323622985;-0,0125532467853191;100;1;0,9;TRUE;1;0,8;TRUE;TRUE;0;1;0
"hs_pfhxs_c_Log2";"hs_zbmi_who";0,000154688532314652;1e-12;0,0131508071546717;0,0123005532535736;0,0123005532535736;0,0117606847784008;0,00454623142985391;0,00345779799221871;0,0213846191391345;0,00345779799221871;0,0213846191391345;100;1;0,9;TRUE;1;0,8;TRUE;TRUE;1;0;0
"hs_pfna_c_Log2";"hs_zbmi_who";0,000154688532314652;1e-12;-6,77230156434389e-05;0,000126510686569974;0,000126510686569974;-0,000480210712859237;0,0048704160332147;-0,00851622238448563;0,00961220363278197;-0,00851622238448563;0,00961220363278197;100;1;0,9;TRUE;0,54;0,8;FALSE;FALSE;0,46;0,54;0
"hs_pfoa_c_Log2";"hs_zbmi_who";0,000154688532314652;1e-12;-0,00774935964553873;-0,00695355334764534;-0,00695355334764534;-0,00667763108143971;0,00428463196647651;-0,0160079864258293;0,000540608992972268;-0,0160079864258293;0,000540608992972268;100;1;0,9;TRUE;0,95;0,8;TRUE;TRUE;0,05;0,95;0
"hs_pfos_c_Log2";"hs_zbmi_who";0,000154688532314652;1e-12;-0,00318969622612754;-0,00264315386717809;-0,00264315386717809;-0,00260345880280767;0,00495269366535002;-0,0122002182652234;0,00657058908766738;-0,0122002182652234;0,00657058908766738;100;1;0,9;TRUE;0,67;0,8;FALSE;FALSE;0,33;0,67;0
"hs_pfunda_c_Log2";"hs_zbmi_who";0,000154688532314652;1e-12;0,000110210813100524;-0,000232613113368179;-0,000232613113368179;-0,000339232665230713;0,00434464418700892;-0,008226811427296;0,00772870722625504;-0,008226811427296;0,00772870722625504;100;1;0,9;TRUE;0,47;0,8;FALSE;FALSE;0,47;0,53;0
"hs_hm_pers_None";"hs_zbmi_who";0,000154688532314652;1e-12;-0,000399017220546267;0,000583429371191615;0,000583429371191615;0,00101356310874174;0,00367088052681444;-0,00656405574043429;0,00657926471094084;-0,00656405574043429;0,00657926471094084;100;1;0,9;TRUE;0,35;0,8;FALSE;FALSE;0,65;0,35;0
"hs_trafload_h_pow1over3";"hs_zbmi_who";0,000154688532314652;1e-12;-0,00301935876324297;-0,00353267743851263;-0,00353267743851263;-0,00408592957145699;0,00468362989728721;-0,0110238902228055;0,00603360124314161;-0,0110238902228055;0,00603360124314161;100;1;0,9;TRUE;0,75;0,8;FALSE;FALSE;0,25;0,75;0
"hs_trafnear_h_pow1over3";"hs_zbmi_who";0,000154688532314652;1e-12;0,00199113703327794;0,00244050928267289;0,00244050928267289;0,00225999078617694;0,00519737065452798;-0,0075062815334215;0,0125610333255559;-0,0075062815334215;0,0125610333255559;100;1;0,9;TRUE;0,69;0,8;FALSE;FALSE;0,69;0,31;0
"FAS_cat_None_Low";"hs_zbmi_who";0,000154688532314652;1e-12;-0,0188317516866594;-0,0197747016987638;-0,0197747016987638;-0,0204581565366086;0,0159412975008997;-0,0497406173519714;0,009625083220353;-0,0497406173519714;0,009625083220353;100;1;0,9;TRUE;0,87;0,8;TRUE;TRUE;0,13;0,87;0
"FAS_cat_None_Middle";"hs_zbmi_who";0,000154688532314652;1e-12;0,00430256814748393;0,00261065025858711;0,00261065025858711;0,00300384649875026;0,00841234273887107;-0,0140013713803739;0,0186648099213539;-0,0140013713803739;0,0186648099213539;100;1;0,9;TRUE;0,68;0,8;FALSE;FALSE;0,68;0,32;0
"hs_globalexp2_None_no exposure";"hs_zbmi_who";0,000154688532314652;1e-12;0,0118103248622774;0,011196868918433;0,011196868918433;0,0101848841874634;0,0079260258784127;-0,000625159617358255;0,0281174797349425;-0,000625159617358255;0,0281174797349425;100;1;0,9;TRUE;0,95;0,8;TRUE;TRUE;0,95;0,05;0
"h_abs_ratio_preg_Log";"hs_correct_raven";0,000154688532314652;1e-12;0,00139644305189301;0,000565842468489404;0,000565842468489404;0,000243746905754694;0,00733407776230791;-0,012796403882448;0,0127267382236918;-0,012796403882448;0,0127267382236918;100;1;0,9;TRUE;0,56;0,8;FALSE;FALSE;0,56;0,44;0
"h_no2_ratio_preg_Log";"hs_correct_raven";0,000154688532314652;1e-12;0,0173419717239909;0,0190163658863178;0,0190163658863178;0,0194881333944626;0,00771299574086491;0,00589216341456468;0,0322557847223609;0,00589216341456468;0,0322557847223609;100;1;0,9;TRUE;1;0,8;TRUE;TRUE;1;0;0
"h_pm10_ratio_preg_None";"hs_correct_raven";0,000154688532314652;1e-12;-0,0245610277871851;-0,0236141953989994;-0,0236141953989994;-0,0225535312374432;0,00972566368289542;-0,0409588981028047;-0,00564206474157516;-0,0409588981028047;-0,00564206474157516;100;1;0,9;TRUE;1;0,8;TRUE;TRUE;0;1;0
"h_pm25_ratio_preg_None";"hs_correct_raven";0,000154688532314652;1e-12;0,030003568942604;0,0298384583980182;0,0298384583980182;0,0305096581870431;0,00677023493795077;0,016589661263375;0,0414247048640606;0,016589661263375;0,0414247048640606;100;1;0,9;TRUE;1;0,8;TRUE;TRUE;1;0;0
"h_accesslines300_preg_dic0";"hs_correct_raven";0,000154688532314652;1e-12;0,0238423438489235;0,022731636044774;0,022731636044774;0,0228436529349215;0,0248915862747051;-0,0260875202089286;0,0639444321204471;-0,0260875202089286;0,0639444321204471;100;1;0,9;TRUE;0,81;0,8;TRUE;TRUE;0,81;0,19;0
"h_accesspoints300_preg_Log";"hs_correct_raven";0,000154688532314652;1e-12;0,0108015162174162;0,0093714293103272;0,0093714293103272;0,00951847030041086;0,00736711525367541;-0,00614668662445978;0,02386200012763;-0,00614668662445978;0,02386200012763;100;1;0,9;TRUE;0,9;0,8;TRUE;TRUE;0,9;0,1;0
"h_builtdens300_preg_Sqrt";"hs_correct_raven";0,000154688532314652;1e-12;0,00823350219557224;0,00935354151418655;0,00935354151418655;0,00975796436377855;0,00794052117447623;-0,00610570198032354;0,023542714368785;-0,00610570198032354;0,023542714368785;100;1;0,9;TRUE;0,9;0,8;TRUE;TRUE;0,9;0,1;0
"h_connind300_preg_Sqrt";"hs_correct_raven";0,000154688532314652;1e-12;-0,00639367888836119;-0,00772408414883839;-0,00772408414883839;-0,00747946005982189;0,00595207059799083;-0,0195269171807841;0,00278378685494744;-0,0195269171807841;0,00278378685494744;100;1;0,9;TRUE;0,9;0,8;TRUE;TRUE;0,1;0,9;0
"h_fdensity300_preg_Log";"hs_correct_raven";0,000154688532314652;1e-12;-0,000773656085496494;-0,000120522381807173;-0,000120522381807173;-0,000716968285020396;0,0085804269867717;-0,0162460240828024;0,0168583633122394;-0,0162460240828024;0,0168583633122394;100;1;0,9;TRUE;0,52;0,8;FALSE;FALSE;0,48;0,52;0
"h_frichness300_preg_None";"hs_correct_raven";0,000154688532314652;1e-12;0,00792188140844775;0,00703291025003732;0,00703291025003732;0,00746640240596455;0,00706914022574882;-0,00660125635640878;0,0211118632130139;-0,00660125635640878;0,0211118632130139;100;1;0,9;TRUE;0,86;0,8;TRUE;TRUE;0,86;0,14;0
"h_landuseshan300_preg_None";"hs_correct_raven";0,000154688532314652;1e-12;6,02422790850999e-05;-0,00063649489713177;-0,00063649489713177;-0,00124842217834362;0,00650796163287874;-0,0111444999737701;0,0123759499088372;-0,0111444999737701;0,0123759499088372;100;1;0,9;TRUE;0,44;0,8;FALSE;FALSE;0,44;0,56;0
"h_popdens_preg_Sqrt";"hs_correct_raven";0,000154688532314652;1e-12;-0,0120168717959264;-0,0129798204068452;-0,0129798204068452;-0,0131303747727384;0,00640561821200073;-0,0262113391604151;-0,00163289483300265;-0,0262113391604151;-0,00163289483300265;100;1;0,9;TRUE;0,99;0,8;TRUE;TRUE;0,01;0,99;0
"h_walkability_mean_preg_None";"hs_correct_raven";0,000154688532314652;1e-12;0,00200211497949152;0,00248860111197615;0,00248860111197615;0,00244534731618659;0,00650865505680765;-0,0111346318735026;0,0146760456828296;-0,0111346318735026;0,0146760456828296;100;1;0,9;TRUE;0,66;0,8;FALSE;FALSE;0,66;0,34;0
"hs_as_m_Log2";"hs_correct_raven";0,000154688532314652;1e-12;0,00284003268481331;0,00321126419971503;0,00321126419971503;0,0036867417588491;0,0053879870720451;-0,00668926869045206;0,012113956121561;-0,00668926869045206;0,012113956121561;100;1;0,9;TRUE;0,7;0,8;FALSE;FALSE;0,7;0,3;0
"hs_cd_m_Log2";"hs_correct_raven";0,000154688532314652;1e-12;-0,000986095260389428;-0,00126075258332681;-0,00126075258332681;-0,00156913627055068;0,00545938503075262;-0,0106831652119197;0,00859608862566165;-0,0106831652119197;0,00859608862566165;100;1;0,9;TRUE;0,6;0,8;FALSE;FALSE;0,4;0,6;0
"hs_co_m_Log2";"hs_correct_raven";0,000154688532314652;1e-12;0,0132600047491531;0,0125916646721125;0,0125916646721125;0,012654662252431;0,00538907276838963;0,00277843661093622;0,0233686105238304;0,00277843661093622;0,0233686105238304;100;1;0,9;TRUE;1;0,8;TRUE;TRUE;1;0;0
"hs_cs_m_Log2";"hs_correct_raven";0,000154688532314652;1e-12;-0,000736091940754278;-0,000251155548843587;-0,000251155548843587;-0,000258799347025379;0,00581881805000405;-0,0110368690066655;0,010799131334488;-0,0110368690066655;0,010799131334488;100;1;0,9;TRUE;0,51;0,8;FALSE;FALSE;0,49;0,51;0
"hs_cu_m_Log2";"hs_correct_raven";0,000154688532314652;1e-12;-0,00556321123286519;-0,0065665256104553;-0,0065665256104553;-0,00625829985632938;0,00554798803139562;-0,0170363493993882;0,0038033370432473;-0,0170363493993882;0,0038033370432473;100;1;0,9;TRUE;0,87;0,8;TRUE;TRUE;0,13;0,87;0
"hs_hg_m_Log2";"hs_correct_raven";0,000154688532314652;1e-12;-0,00585905804879742;-0,00550484391756615;-0,00550484391756615;-0,00517473572508609;0,00575101928575196;-0,0164125493219194;0,00475249494326468;-0,0164125493219194;0,00475249494326468;100;1;0,9;TRUE;0,83;0,8;TRUE;TRUE;0,17;0,83;0
"hs_mn_m_Log2";"hs_correct_raven";0,000154688532314652;1e-12;-0,0045830850328577;-0,00555658138195819;-0,00555658138195819;-0,00543078156792188;0,00439083512201943;-0,0140816703544065;0,00270794379944056;-0,0140816703544065;0,00270794379944056;100;1;0,9;TRUE;0,9;0,8;TRUE;TRUE;0,1;0,9;0
"hs_mo_m_Log2";"hs_correct_raven";0,000154688532314652;1e-12;0,00963484661616464;0,0094533356133342;0,0094533356133342;0,00952777718020343;0,00419322921895281;0,00112876121616311;0,0171261605627762;0,00112876121616311;0,0171261605627762;100;1;0,9;TRUE;0,98;0,8;TRUE;TRUE;0,98;0,02;0
"hs_pb_m_Log2";"hs_correct_raven";0,000154688532314652;1e-12;0,00660873849498123;0,00672735009214351;0,00672735009214351;0,00633881773546769;0,00440281875579123;-0,00239945219946219;0,0157895573706973;-0,00239945219946219;0,0157895573706973;100;1;0,9;TRUE;0,96;0,8;TRUE;TRUE;0,96;0,04;0
"h_humidity_preg_None";"hs_correct_raven";0,000154688532314652;1e-12;0,00830745581150202;0,00782559408796284;0,00782559408796284;0,00824372142951801;0,00932751321212731;-0,00767291957908196;0,0256264879040546;-0,00767291957908196;0,0256264879040546;100;1;0,9;TRUE;0,79;0,8;FALSE;FALSE;0,79;0,21;0
"h_pressure_preg_None";"hs_correct_raven";0,000154688532314652;1e-12;-0,00541105425127196;-0,00464722693748861;-0,00464722693748861;-0,00405962700747144;0,00849366775623259;-0,0213817922935898;0,00949088533801266;-0,0213817922935898;0,00949088533801266;100;1;0,9;TRUE;0,67;0,8;FALSE;FALSE;0,33;0,67;0
"h_temperature_preg_None";"hs_correct_raven";0,000154688532314652;1e-12;0,01458925761785;0,0137803799452272;0,0137803799452272;0,0136953658279555;0,00755083220063354;-0,000969018837662929;0,0283314010541512;-0,000969018837662929;0,0283314010541512;100;1;0,9;TRUE;0,96;0,8;TRUE;TRUE;0,96;0,04;0
"h_ndvi100_preg_None";"hs_correct_raven";0,000154688532314652;1e-12;0,00947144750409549;0,00846815902456652;0,00846815902456652;0,00803875752108131;0,00784029913451233;-0,00534089480773723;0,0222744983654543;-0,00534089480773723;0,0222744983654543;100;1;0,9;TRUE;0,86;0,8;TRUE;TRUE;0,86;0,14;0
"hs_dde_madj_Log2";"hs_correct_raven";0,000154688532314652;1e-12;-0,0120130478706917;-0,0116934086440673;-0,0116934086440673;-0,0110922916346842;0,00608519847570575;-0,0237373329400854;-0,00115300866132056;-0,0237373329400854;-0,00115300866132056;100;1;0,9;TRUE;0,99;0,8;TRUE;TRUE;0,01;0,99;0
"hs_ddt_madj_Log2";"hs_correct_raven";0,000154688532314652;1e-12;0,00255551665892759;0,00209709028541463;0,00209709028541463;0,00207300855917822;0,00540806103161256;-0,0074321032971271;0,0126840974822396;-0,0074321032971271;0,0126840974822396;100;1;0,9;TRUE;0,66;0,8;FALSE;FALSE;0,66;0,34;0
"hs_hcb_madj_Log2";"hs_correct_raven";0,000154688532314652;1e-12;-0,00200362889404131;-0,000840090488004759;-0,000840090488004759;-0,00115703939664241;0,00629350654639914;-0,0109537489508112;0,0123370500191693;-0,0109537489508112;0,0123370500191693;100;1;0,9;TRUE;0,59;0,8;FALSE;FALSE;0,41;0,59;0
"hs_pcb118_madj_Log2";"hs_correct_raven";0,000154688532314652;1e-12;0,00128749324671439;0,00145433206864084;0,00145433206864084;0,00200891842739436;0,00767835324588218;-0,0127356188117745;0,0149281000924276;-0,0127356188117745;0,0149281000924276;100;1;0,9;TRUE;0,6;0,8;FALSE;FALSE;0,6;0,4;0
"hs_pcb138_madj_Log2";"hs_correct_raven";0,000154688532314652;1e-12;0,00688114516848087;0,00575975921537215;0,00575975921537215;0,00581623797632306;0,00737010109181568;-0,00984144219649806;0,0189782353990654;-0,00984144219649806;0,0189782353990654;100;1;0,9;TRUE;0,77;0,8;FALSE;FALSE;0,77;0,23;0
"hs_pcb153_madj_Log2";"hs_correct_raven";0,000154688532314652;1e-12;-0,00756897874148178;-0,00699430665484018;-0,00699430665484018;-0,00707357447379736;0,00877415782023162;-0,022184765276145;0,0121686167046999;-0,022184765276145;0,0121686167046999;100;1;0,9;TRUE;0,85;0,8;TRUE;TRUE;0,15;0,85;0
"hs_pcb170_madj_Log2";"hs_correct_raven";0,000154688532314652;1e-12;0,0155182871201664;0,0157186535274934;0,0157186535274934;0,0154890640549768;0,00772225563384554;0,000309921426493345;0,0322115555710138;0,000309921426493345;0,0322115555710138;100;1;0,9;TRUE;0,97;0,8;TRUE;TRUE;0,97;0,03;0
"hs_pcb180_madj_Log2";"hs_correct_raven";0,000154688532314652;1e-12;0,0297204302522267;0,0292150693803323;0,0292150693803323;0,0294624696838546;0,00872628531867274;0,0123123090200564;0,0462847112726567;0,0123123090200564;0,0462847112726567;100;1;0,9;TRUE;1;0,8;TRUE;TRUE;1;0;0
"hs_sumPCBs5_madj_Log2";"hs_correct_raven";0,000154688532314652;1e-12;0,0306455696257184;0,0296915911472445;0,0296915911472445;0,0299549097311995;0,00741399308666065;0,0161206426739798;0,0438747681784673;0,0161206426739798;0,0438747681784673;100;1;0,9;TRUE;1;0,8;TRUE;TRUE;1;0;0
"hs_pfhxs_m_Log2";"hs_correct_raven";0,000154688532314652;1e-12;0,017119546398243;0,0181539270113015;0,0181539270113015;0,017820459252201;0,00751428805247978;0,005269288850541;0,035104067710923;0,005269288850541;0,035104067710923;100;1;0,9;TRUE;1;0,8;TRUE;TRUE;1;0;0
"hs_pfna_m_Log2";"hs_correct_raven";0,000154688532314652;1e-12;-0,00236715493019572;-0,00373835474502131;-0,00373835474502131;-0,00434821271994418;0,00649467523902317;-0,016338939586802;0,00820455152656063;-0,016338939586802;0,00820455152656063;100;1;0,9;TRUE;0,7;0,8;FALSE;FALSE;0,3;0,7;0
"hs_pfoa_m_Log2";"hs_correct_raven";0,000154688532314652;1e-12;0,0038652081154211;0,0046493121347824;0,0046493121347824;0,00414680960927114;0,00584082244743736;-0,00617118210632198;0,01665955153523;-0,00617118210632198;0,01665955153523;100;1;0,9;TRUE;0,79;0,8;FALSE;FALSE;0,79;0,21;0
"hs_pfos_m_Log2";"hs_correct_raven";0,000154688532314652;1e-12;0,00541137712751498;0,00740301106657409;0,00740301106657409;0,00720524494192015;0,00736099571542184;-0,00443932537982568;0,0220530882107648;-0,00443932537982568;0,0220530882107648;100;1;0,9;TRUE;0,85;0,8;TRUE;TRUE;0,85;0,15;0
"hs_pfunda_m_Log2";"hs_correct_raven";0,000154688532314652;1e-12;0,0015567687417206;0,00247816521608534;0,00247816521608534;0,00217216674424711;0,00478024640577787;-0,00573342460697802;0,0127007500514473;-0,00573342460697802;0,0127007500514473;100;1;0,9;TRUE;0,7;0,8;FALSE;FALSE;0,7;0,3;0
"e3_asmokcigd_p_None";"hs_correct_raven";0,000154688532314652;1e-12;-0,00395483173496008;-0,0035042271647327;-0,0035042271647327;-0,00326571870870795;0,00588772827313357;-0,0133752392528796;0,00860930704714092;-0,0133752392528796;0,00860930704714092;100;1;0,9;TRUE;0,74;0,8;FALSE;FALSE;0,26;0,74;0
"h_distinvnear1_preg_Log";"hs_correct_raven";0,000154688532314652;1e-12;-0,00636583099498923;-0,00663189885043649;-0,00663189885043649;-0,00661594864795688;0,00552937990881048;-0,0160092114426675;0,00524468719710269;-0,0160092114426675;0,00524468719710269;100;1;0,9;TRUE;0,88;0,8;TRUE;TRUE;0,12;0,88;0
"h_trafload_preg_pow1over3";"hs_correct_raven";0,000154688532314652;1e-12;-0,00919574769957263;-0,00917000291948599;-0,00917000291948599;-0,00927599540476757;0,00544105437652847;-0,0190724285321521;0,00243219903508511;-0,0190724285321521;0,00243219903508511;100;1;0,9;TRUE;0,93;0,8;TRUE;TRUE;0,07;0,93;0
"h_trafnear_preg_pow1over3";"hs_correct_raven";0,000154688532314652;1e-12;-0,00877922853351825;-0,0088834895989708;-0,0088834895989708;-0,00866680236351325;0,00686123298934163;-0,0226849166326804;0,00204353240652955;-0,0226849166326804;0,00204353240652955;100;1;0,9;TRUE;0,91;0,8;TRUE;TRUE;0,09;0,91;0
"h_bro_preg_Log";"hs_correct_raven";0,000154688532314652;1e-12;0,013996958520142;0,0127797984900312;0,0127797984900312;0,0134770587517414;0,00937414826231039;-0,00631808596540496;0,0276555958098854;-0,00631808596540496;0,0276555958098854;100;1;0,9;TRUE;0,94;0,8;TRUE;TRUE;0,94;0,06;0
"h_clf_preg_Log";"hs_correct_raven";0,000154688532314652;1e-12;-0,0173388054849268;-0,0167108479105569;-0,0167108479105569;-0,0163773198650566;0,00608765281900366;-0,0284919771067928;-0,0055630123655235;-0,0284919771067928;-0,0055630123655235;100;1;0,9;TRUE;1;0,8;TRUE;TRUE;0;1;0
"h_thm_preg_Log";"hs_correct_raven";0,000154688532314652;1e-12;-0,00322733121135285;-0,0034487282672074;-0,0034487282672074;-0,00331829653903133;0,00843828076585587;-0,0176142025597197;0,012318450282677;-0,0176142025597197;0,012318450282677;100;1;0,9;TRUE;0,72;0,8;FALSE;FALSE;0,28;0,72;0
"e3_alcpreg_yn_None_1";"hs_correct_raven";0,000154688532314652;1e-12;0,0221050362387755;0,0253128376873416;0,0253128376873416;0,0238333524005052;0,00961520661643173;0,0106260705503728;0,045725263525891;0,0106260705503728;0,045725263525891;100;1;0,9;TRUE;1;0,8;TRUE;TRUE;1;0;0
"h_pamod_t3_None_Often";"hs_correct_raven";0,000154688532314652;1e-12;0,120974964817094;0,117022128978397;0,117022128978397;0,117885612909669;0,0162075836032557;0,084560930142433;0,146477048866095;0,084560930142433;0,146477048866095;100;1;0,9;TRUE;1;0,8;TRUE;TRUE;1;0;0
"h_pamod_t3_None_Sometimes";"hs_correct_raven";0,000154688532314652;1e-12;0,0907340083011233;0,0876254090379015;0,0876254090379015;0,0872502908959179;0,0185611691188718;0,0526593501276367;0,118956406461765;0,0526593501276367;0,118956406461765;100;1;0,9;TRUE;1;0,8;TRUE;TRUE;1;0;0
"h_pamod_t3_None_Very Often";"hs_correct_raven";0,000154688532314652;1e-12;0,113800171654065;0,111191738988935;0,111191738988935;0,111632240245897;0,0164913442168761;0,0790323681065853;0,139878664304467;0,0790323681065853;0,139878664304467;100;1;0,9;TRUE;1;0,8;TRUE;TRUE;1;0;0
"h_pavig_t3_None_Low";"hs_correct_raven";0,000154688532314652;1e-12;0,129678572187292;0,128939042814643;0,128939042814643;0,128417777423767;0,0193813376811609;0,0904047157250465;0,169843127784454;0,0904047157250465;0,169843127784454;100;1;0,9;TRUE;1;0,8;TRUE;TRUE;1;0;0
"h_pavig_t3_None_Medium";"hs_correct_raven";0,000154688532314652;1e-12;0,0968714908898154;0,0918474743990604;0,0918474743990604;0,0923935071632241;0,0211886426092308;0,0586740394437475;0,132169739528167;0,0586740394437475;0,132169739528167;100;1;0,9;TRUE;1;0,8;TRUE;TRUE;1;0;0
"hs_no2_dy_hs_h_Log";"hs_correct_raven";0,000154688532314652;1e-12;-0,0218570519585544;-0,0232921767172473;-0,0232921767172473;-0,0246062562296341;0,00819222681552714;-0,0380957626711261;-0,00830285209975779;-0,0380957626711261;-0,00830285209975779;100;1;0,9;TRUE;1;0,8;TRUE;TRUE;0;1;0
"hs_no2_wk_hs_h_Log";"hs_correct_raven";0,000154688532314652;1e-12;-0,0303346650888103;-0,031004648608402;-0,031004648608402;-0,0297508932505639;0,00939352352574192;-0,0481832291507837;-0,0128442134526109;-0,0481832291507837;-0,0128442134526109;100;1;0,9;TRUE;1;0,8;TRUE;TRUE;0;1;0
"hs_no2_yr_hs_h_Log";"hs_correct_raven";0,000154688532314652;1e-12;-0,0160397587668101;-0,017343985390757;-0,017343985390757;-0,0173264206085296;0,00957728282762287;-0,0351724511479732;-0,00058433654125259;-0,0351724511479732;-0,00058433654125259;100;1;0,9;TRUE;0,97;0,8;TRUE;TRUE;0,03;0,97;0
"hs_pm10_dy_hs_h_None";"hs_correct_raven";0,000154688532314652;1e-12;0,00146732844042562;-0,000235433412037066;-0,000235433412037066;1,37659193760264e-05;0,00629686227272787;-0,0113683436284939;0,011835591346834;-0,0113683436284939;0,011835591346834;100;1;0,9;TRUE;0,5;0,8;FALSE;FALSE;0,5;0,5;0
"hs_pm10_wk_hs_h_None";"hs_correct_raven";0,000154688532314652;1e-12;0,00920874077225579;0,0103712921573952;0,0103712921573952;0,0104272519134424;0,00851476647449616;-0,00609000727879386;0,0268001909525985;-0,00609000727879386;0,0268001909525985;100;1;0,9;TRUE;0,91;0,8;TRUE;TRUE;0,91;0,09;0
"hs_pm10_yr_hs_h_None";"hs_correct_raven";0,000154688532314652;1e-12;0,00999614925452619;0,00947626436766723;0,00947626436766723;0,0100739778562498;0,0101659569292848;-0,0115452964481835;0,0277702995366744;-0,0115452964481835;0,0277702995366744;100;1;0,9;TRUE;0,79;0,8;FALSE;FALSE;0,79;0,21;0
"hs_pm25_dy_hs_h_None";"hs_correct_raven";0,000154688532314652;1e-12;-0,00137503386913217;-0,000902139520544011;-0,000902139520544011;-0,000927278018279047;0,00672115786966262;-0,0139786945166215;0,0134051143764914;-0,0139786945166215;0,0134051143764914;100;1;0,9;TRUE;0,54;0,8;FALSE;FALSE;0,46;0,54;0
"hs_pm25_wk_hs_h_None";"hs_correct_raven";0,000154688532314652;1e-12;0,00568776656453405;0,00642840298997776;0,00642840298997776;0,00808372737945304;0,00811924391830409;-0,00833398978270473;0,0187418421919947;-0,00833398978270473;0,0187418421919947;100;1;0,9;TRUE;0,76;0,8;FALSE;FALSE;0,76;0,24;0
"hs_pm25_yr_hs_h_None";"hs_correct_raven";0,000154688532314652;1e-12;-0,0280440786699653;-0,0303570927223613;-0,0303570927223613;-0,0299430719135333;0,00981263381057398;-0,0488971485103275;-0,013516422076873;-0,0488971485103275;-0,013516422076873;100;1;0,9;TRUE;1;0,8;TRUE;TRUE;0;1;0
"hs_pm25abs_dy_hs_h_Log";"hs_correct_raven";0,000154688532314652;1e-12;0,0261167494617743;0,0262912631805881;0,0262912631805881;0,0260053175598552;0,00538854090596458;0,0158771907782179;0,0364355210524238;0,0158771907782179;0,0364355210524238;100;1;0,9;TRUE;1;0,8;TRUE;TRUE;1;0;0
"hs_pm25abs_wk_hs_h_Log";"hs_correct_raven";0,000154688532314652;1e-12;-0,0142348195767598;-0,0127881997862148;-0,0127881997862148;-0,0129966910736048;0,00519577806731382;-0,0230275725524712;-0,00130854254488251;-0,0230275725524712;-0,00130854254488251;100;1;0,9;TRUE;0,98;0,8;TRUE;TRUE;0,02;0,98;0
"hs_pm25abs_yr_hs_h_Log";"hs_correct_raven";0,000154688532314652;1e-12;0,0197056974089978;0,0191762469132343;0,0191762469132343;0,0191071462431002;0,00817789164578054;0,00581548487562867;0,0361726233829318;0,00581548487562867;0,0361726233829318;100;1;0,9;TRUE;0,98;0,8;TRUE;TRUE;0,98;0,02;0
"hs_accesslines300_h_dic0";"hs_correct_raven";0,000154688532314652;1e-12;0,0760729310212098;0,0764558266291943;0,0764558266291943;0,07843302905182;0,0239499489725148;0,036760364139824;0,123759630182673;0,036760364139824;0,123759630182673;100;1;0,9;TRUE;1;0,8;TRUE;TRUE;1;0;0
"hs_accesspoints300_h_Log";"hs_correct_raven";0,000154688532314652;1e-12;0,00431766908105057;0,00583908376714636;0,00583908376714636;0,00674019863883043;0,00658433553462942;-0,00599932634260274;0,016737811287488;-0,00599932634260274;0,016737811287488;100;1;0,9;TRUE;0,78;0,8;FALSE;FALSE;0,78;0,22;0
"hs_builtdens300_h_Sqrt";"hs_correct_raven";0,000154688532314652;1e-12;0,00085746492783021;0,000586722640092773;0,000586722640092773;0,00018214355229014;0,00755307836331942;-0,0136270726178643;0,0177545479914918;-0,0136270726178643;0,0177545479914918;100;1;0,9;TRUE;0,54;0,8;FALSE;FALSE;0,54;0,46;0
"hs_connind300_h_Log";"hs_correct_raven";0,000154688532314652;1e-12;-0,00745397409434242;-0,0076790899200129;-0,0076790899200129;-0,00789985724228737;0,00735567775313627;-0,0220571922053755;0,00696021175896251;-0,0220571922053755;0,00696021175896251;100;1;0,9;TRUE;0,85;0,8;TRUE;TRUE;0,15;0,85;0
"hs_fdensity300_h_Log";"hs_correct_raven";0,000154688532314652;1e-12;0,00992376598954717;0,0093039558777378;0,0093039558777378;0,00937500394572412;0,00820707421521962;-0,00604852821444317;0,023716428148621;-0,00604852821444317;0,023716428148621;100;1;0,9;TRUE;0,86;0,8;TRUE;TRUE;0,86;0,14;0
"hs_landuseshan300_h_None";"hs_correct_raven";0,000154688532314652;1e-12;0,0118999257263922;0,0124286994991094;0,0124286994991094;0,0124211158731114;0,00610783541681692;0,000288983470093147;0,0225913216856955;0,000288983470093147;0,0225913216856955;100;1;0,9;TRUE;0,97;0,8;TRUE;TRUE;0,97;0,03;0
"hs_popdens_h_Sqrt";"hs_correct_raven";0,000154688532314652;1e-12;-0,0110094581391681;-0,0120723339519347;-0,0120723339519347;-0,0119948171338796;0,00637832979182382;-0,0252109584689254;-0,00123407559438644;-0,0252109584689254;-0,00123407559438644;100;1;0,9;TRUE;0,99;0,8;TRUE;TRUE;0,01;0,99;0
"hs_walkability_mean_h_None";"hs_correct_raven";0,000154688532314652;1e-12;0,00762193396699997;0,00718207835969551;0,00718207835969551;0,00676255402750089;0,00596469955676496;-0,00367605725030533;0,0182545700474414;-0,00367605725030533;0,0182545700474414;100;1;0,9;TRUE;0,87;0,8;TRUE;TRUE;0,87;0,13;0
"hs_accesslines300_s_dic0";"hs_correct_raven";0,000154688532314652;1e-12;0,0271994243022854;0,0316382983039645;0,0316382983039645;0,0306388713441636;0,022026820911156;-0,00166900177926029;0,0790537430668048;-0,00166900177926029;0,0790537430668048;100;1;0,9;TRUE;0,96;0,8;TRUE;TRUE;0,96;0,04;0
"hs_accesspoints300_s_Log";"hs_correct_raven";0,000154688532314652;1e-12;0,00124394105716693;0,00209001508013624;0,00209001508013624;0,00205220935915368;0,00618652981007279;-0,00986200794918911;0,0135457003683837;-0,00986200794918911;0,0135457003683837;100;1;0,9;TRUE;0,67;0,8;FALSE;FALSE;0,67;0,33;0
"hs_builtdens300_s_Sqrt";"hs_correct_raven";0,000154688532314652;1e-12;-0,0107158748672189;-0,0103299154404047;-0,0103299154404047;-0,0109701215792678;0,0078678345500992;-0,0272777689285319;0,00777391797283234;-0,0272777689285319;0,00777391797283234;100;1;0,9;TRUE;0,93;0,8;TRUE;TRUE;0,07;0,93;0
"hs_connind300_s_Log";"hs_correct_raven";0,000154688532314652;1e-12;0,00972464403298634;0,0108777880446786;0,0108777880446786;0,0113672965409759;0,00717505385494777;-0,00314110912575054;0,0220902639976673;-0,00314110912575054;0,0220902639976673;100;1;0,9;TRUE;0,91;0,8;TRUE;TRUE;0,91;0,09;0
"hs_fdensity300_s_Log";"hs_correct_raven";0,000154688532314652;1e-12;-0,00202648195684521;-0,000914488785458952;-0,000914488785458952;-0,001352996971294;0,00718677908468224;-0,0138287263513324;0,013493507341388;-0,0138287263513324;0,013493507341388;100;1;0,9;TRUE;0,6;0,8;FALSE;FALSE;0,4;0,6;0
"hs_landuseshan300_s_None";"hs_correct_raven";0,000154688532314652;1e-12;-0,00169427261448593;-0,00125918123289281;-0,00125918123289281;-0,00117930463719415;0,00533658138956278;-0,012287993247521;0,00799204295914267;-0,012287993247521;0,00799204295914267;100;1;0,9;TRUE;0,56;0,8;FALSE;FALSE;0,44;0,56;0
"hs_popdens_s_Sqrt";"hs_correct_raven";0,000154688532314652;1e-12;0,00209207221056344;0,0023065456745245;0,0023065456745245;0,0021310677044193;0,00562429217430538;-0,00946245096863685;0,0115957758525702;-0,00946245096863685;0,0115957758525702;100;1;0,9;TRUE;0,68;0,8;FALSE;FALSE;0,68;0,32;0
"h_Absorbance_Log";"hs_correct_raven";0,000154688532314652;1e-12;0,00950707988988238;0,00964041257030153;0,00964041257030153;0,00941594703139865;0,0062855839192851;-0,00210605067107523;0,0202695144792829;-0,00210605067107523;0,0202695144792829;100;1;0,9;TRUE;0,93;0,8;TRUE;TRUE;0,93;0,07;0
"h_Benzene_Log";"hs_correct_raven";0,000154688532314652;1e-12;-0,00743044182341822;-0,00693919282693412;-0,00693919282693412;-0,00659545084326865;0,00680988244763979;-0,0191115368875683;0,00702157074225596;-0,0191115368875683;0,00702157074225596;100;1;0,9;TRUE;0,85;0,8;TRUE;TRUE;0,15;0,85;0
"h_NO2_Log";"hs_correct_raven";0,000154688532314652;1e-12;0,0037188818099017;0,00248897689175759;0,00248897689175759;0,00289317754633319;0,0060707772500831;-0,00865009090563559;0,0142861092485783;-0,00865009090563559;0,0142861092485783;100;1;0,9;TRUE;0,65;0,8;FALSE;FALSE;0,65;0,35;0
"h_PM_Log";"hs_correct_raven";0,000154688532314652;1e-12;-0,0085180449625136;-0,00790191548215207;-0,00790191548215207;-0,00921270582408967;0,00688605626567471;-0,0170821610621517;0,00808250980383535;-0,0170821610621517;0,00808250980383535;100;1;0,9;TRUE;0,89;0,8;TRUE;TRUE;0,11;0,89;0
"h_TEX_Log";"hs_correct_raven";0,000154688532314652;1e-12;0,000309259483655904;-0,00121324202889655;-0,00121324202889655;-0,000747610672202422;0,00518149926607211;-0,0122810433188064;0,00885601427773713;-0,0122810433188064;0,00885601427773713;100;1;0,9;TRUE;0,44;0,8;FALSE;FALSE;0,44;0,56;0
"hs_KIDMED_None";"hs_correct_raven";0,000154688532314652;1e-12;0,00562380807738188;0,00491234264281468;0,00491234264281468;0,00432976058410818;0,00564230598738816;-0,00606003767025855;0,0151734625540484;-0,00606003767025855;0,0151734625540484;100;1;0,9;TRUE;0,78;0,8;FALSE;FALSE;0,78;0,22;0
"hs_mvpa_prd_alt_None";"hs_correct_raven";0,000154688532314652;1e-12;-0,0219479285792638;-0,0225417302459034;-0,0225417302459034;-0,0212974169117954;0,00675647385474792;-0,037061260441924;-0,0121588130125551;-0,037061260441924;-0,0121588130125551;100;1;0,9;TRUE;1;0,8;TRUE;TRUE;0;1;0
"hs_sd_wk_None";"hs_correct_raven";0,000154688532314652;1e-12;-0,0181809894517776;-0,0171966972266203;-0,0171966972266203;-0,0167429485787227;0,00604500203680457;-0,0273018992083546;-0,00608888514711723;-0,0273018992083546;-0,00608888514711723;100;1;0,9;TRUE;1;0,8;TRUE;TRUE;0;1;0
"hs_dif_hours_total_None";"hs_correct_raven";0,000154688532314652;1e-12;-0,00364869489641097;-0,00400740751594587;-0,00400740751594587;-0,00441836119576817;0,00568786899106413;-0,013774975359507;0,00788419982298834;-0,013774975359507;0,00788419982298834;100;1;0,9;TRUE;0,78;0,8;FALSE;FALSE;0,22;0,78;0
"hs_as_c_Log2";"hs_correct_raven";0,000154688532314652;1e-12;0,0172499036190321;0,0183603038622027;0,0183603038622027;0,0189190265018975;0,0055004921710847;0,00847771427017311;0,0293487295428301;0,00847771427017311;0,0293487295428301;100;1;0,9;TRUE;1;0,8;TRUE;TRUE;1;0;0
"hs_cd_c_Log2";"hs_correct_raven";0,000154688532314652;1e-12;-0,00679488308190735;-0,00767664859821849;-0,00767664859821849;-0,00813610464362731;0,00489986501914074;-0,016940425252578;0,0035156492943665;-0,016940425252578;0,0035156492943665;100;1;0,9;TRUE;0,94;0,8;TRUE;TRUE;0,06;0,94;0
"hs_co_c_Log2";"hs_correct_raven";0,000154688532314652;1e-12;0,00701204375089261;0,00708644189495563;0,00708644189495563;0,00690142827506065;0,00448460644618928;-0,000899918744926424;0,0158159177657346;-0,000899918744926424;0,0158159177657346;100;1;0,9;TRUE;0,95;0,8;TRUE;TRUE;0,95;0,05;0
"hs_cs_c_Log2";"hs_correct_raven";0,000154688532314652;1e-12;0,00425617394980291;0,00507556121991221;0,00507556121991221;0,00455728364293888;0,00576172736247078;-0,00493017883132865;0,0166712694054605;-0,00493017883132865;0,0166712694054605;100;1;0,9;TRUE;0,84;0,8;TRUE;TRUE;0,84;0,16;0
"hs_cu_c_Log2";"hs_correct_raven";0,000154688532314652;1e-12;-0,00194620900793898;-0,00173021232680863;-0,00173021232680863;-0,00129343407540994;0,00453237969650306;-0,00932230257954808;0,00631709435374771;-0,00932230257954808;0,00631709435374771;100;1;0,9;TRUE;0,62;0,8;FALSE;FALSE;0,38;0,62;0
"hs_hg_c_Log2";"hs_correct_raven";0,000154688532314652;1e-12;-0,0141263672276103;-0,0146467788966463;-0,0146467788966463;-0,014337846790058;0,00650491811744575;-0,026816769112358;-0,00347450271988593;-0,026816769112358;-0,00347450271988593;100;1;0,9;TRUE;0,98;0,8;TRUE;TRUE;0,02;0,98;0
"hs_mn_c_Log2";"hs_correct_raven";0,000154688532314652;1e-12;-0,000807049831458583;-0,00136518269144101;-0,00136518269144101;-0,000982116832256997;0,00478825278742321;-0,0110831916107587;0,00878621961428088;-0,0110831916107587;0,00878621961428088;100;1;0,9;TRUE;0,56;0,8;FALSE;FALSE;0,44;0,56;0
"hs_mo_c_Log2";"hs_correct_raven";0,000154688532314652;1e-12;-0,00663316271275266;-0,00549246796507687;-0,00549246796507687;-0,00620161929454273;0,00462560355803907;-0,0137086991271836;0,00368695006858747;-0,0137086991271836;0,00368695006858747;100;1;0,9;TRUE;0,87;0,8;TRUE;TRUE;0,13;0,87;0
"hs_pb_c_Log2";"hs_correct_raven";0,000154688532314652;1e-12;0,00107557793804085;0,00102441438801129;0,00102441438801129;0,00132186245536116;0,00414433031739231;-0,00692025730837746;0,00877632563241151;-0,00692025730837746;0,00877632563241151;100;1;0,9;TRUE;0,62;0,8;FALSE;FALSE;0,62;0,38;0
"hs_hum_mt_hs_h_None";"hs_correct_raven";0,000154688532314652;1e-12;0,00116304548197868;0,00114888899814661;0,00114888899814661;0,00134103219794973;0,00808056333187004;-0,0140650867708291;0,0152096498866867;-0,0140650867708291;0,0152096498866867;100;1;0,9;TRUE;0,6;0,8;FALSE;FALSE;0,6;0,4;0
"hs_tm_mt_hs_h_None";"hs_correct_raven";0,000154688532314652;1e-12;0,0033320353349863;0,00473142496393134;0,00473142496393134;0,00510957790198841;0,00735364604400761;-0,0117910583194813;0,0180402283382752;-0,0117910583194813;0,0180402283382752;100;1;0,9;TRUE;0,76;0,8;FALSE;FALSE;0,76;0,24;0
"hs_uvdvf_mt_hs_h_None";"hs_correct_raven";0,000154688532314652;1e-12;0,00604853045547673;0,00621984970632394;0,00621984970632394;0,00630944640590079;0,0105504047155517;-0,016021771324175;0,024589463407031;-0,016021771324175;0,024589463407031;100;1;0,9;TRUE;0,76;0,8;FALSE;FALSE;0,76;0,24;0
"hs_hum_dy_hs_h_None";"hs_correct_raven";0,000154688532314652;1e-12;0,00315240326958476;0,00270056489519731;0,00270056489519731;0,0027801146622159;0,00597689488329404;-0,00855947727264282;0,0141336006668347;-0,00855947727264282;0,0141336006668347;100;1;0,9;TRUE;0,68;0,8;FALSE;FALSE;0,68;0,32;0
"hs_hum_wk_hs_h_None";"hs_correct_raven";0,000154688532314652;1e-12;-0,00183453122343452;-0,00133369394161219;-0,00133369394161219;-0,000615003417499797;0,00721039384744896;-0,0137137474682779;0,0121528199574985;-0,0137137474682779;0,0121528199574985;100;1;0,9;TRUE;0,53;0,8;FALSE;FALSE;0,47;0,53;0
"hs_tm_dy_hs_h_None";"hs_correct_raven";0,000154688532314652;1e-12;-0,000422163300470901;-0,00198219702230501;-0,00198219702230501;-0,00152733191635566;0,00724177443952585;-0,0142886234976325;0,0108141039014191;-0,0142886234976325;0,0108141039014191;100;1;0,9;TRUE;0,64;0,8;FALSE;FALSE;0,36;0,64;0
"hs_tm_wk_hs_h_None";"hs_correct_raven";0,000154688532314652;1e-12;-0,00317311640380974;-0,00282502699644622;-0,00282502699644622;-0,0018962633295744;0,0083369894299739;-0,0160817991924218;0,0120746888957134;-0,0160817991924218;0,0120746888957134;100;1;0,9;TRUE;0,61;0,8;FALSE;FALSE;0,39;0,61;0
"hs_uvdvf_dy_hs_h_None";"hs_correct_raven";0,000154688532314652;1e-12;0,00220290768813127;0,00122876915093618;0,00122876915093618;0,000900996716919245;0,00893949313947986;-0,0153076559407402;0,0214825360318257;-0,0153076559407402;0,0214825360318257;100;1;0,9;TRUE;0,56;0,8;FALSE;FALSE;0,56;0,44;0
"hs_uvdvf_wk_hs_h_None";"hs_correct_raven";0,000154688532314652;1e-12;-0,0135062233973222;-0,0131416905617866;-0,0131416905617866;-0,0134626524934302;0,00765868561138442;-0,0285343930231762;0,00102759140109025;-0,0285343930231762;0,00102759140109025;100;1;0,9;TRUE;0,97;0,8;TRUE;TRUE;0,03;0,97;0
"hs_ndvi100_h_None";"hs_correct_raven";0,000154688532314652;1e-12;-0,0105091135970798;-0,0115189277386768;-0,0115189277386768;-0,0111761562115239;0,00800912761093065;-0,0260574204151729;0,00150815167188873;-0,0260574204151729;0,00150815167188873;100;1;0,9;TRUE;0,95;0,8;TRUE;TRUE;0,05;0,95;0
"hs_ndvi100_s_None";"hs_correct_raven";0,000154688532314652;1e-12;-0,00707918333497172;-0,00813046505227176;-0,00813046505227176;-0,00753245845602069;0,00777406182461091;-0,0236478982081761;0,00623713059493591;-0,0236478982081761;0,00623713059493591;100;1;0,9;TRUE;0,87;0,8;TRUE;TRUE;0,13;0,87;0
"hs_dde_cadj_Log2";"hs_correct_raven";0,000154688532314652;1e-12;-0,0122771274407916;-0,0122214190952625;-0,0122214190952625;-0,0127248880041136;0,0062953397017777;-0,0249453646163205;5,56617635532856e-05;-0,0249453646163205;5,56617635532856e-05;100;1;0,9;TRUE;0,97;0,8;TRUE;TRUE;0,03;0,97;0
"hs_ddt_cadj_Log2";"hs_correct_raven";0,000154688532314652;1e-12;-0,00450379574257494;-0,00527975521184232;-0,00527975521184232;-0,00494617979643872;0,00535558084904431;-0,0173030855640137;0,00365048210742645;-0,0173030855640137;0,00365048210742645;100;1;0,9;TRUE;0,84;0,8;TRUE;TRUE;0,16;0,84;0
"hs_hcb_cadj_Log2";"hs_correct_raven";0,000154688532314652;1e-12;-0,010815891549131;-0,0112343550349314;-0,0112343550349314;-0,00939280523765975;0,00824071431553132;-0,0307540695625072;-0,00048673995703258;-0,0307540695625072;-0,00048673995703258;100;1;0,9;TRUE;0,98;0,8;TRUE;TRUE;0,02;0,98;0
"hs_pcb118_cadj_Log2";"hs_correct_raven";0,000154688532314652;1e-12;-0,00776003302442143;-0,00902609179135041;-0,00902609179135041;-0,00838009816068248;0,00707219285484344;-0,0266593801219297;0,00156476850416715;-0,0266593801219297;0,00156476850416715;100;1;0,9;TRUE;0,92;0,8;TRUE;TRUE;0,08;0,92;0
"hs_pcb138_cadj_Log2";"hs_correct_raven";0,000154688532314652;1e-12;0,0116444864273544;0,0110512195202148;0,0110512195202148;0,0108634969905925;0,00614617035515432;-0,000741413979825199;0,0215150449312466;-0,000741413979825199;0,0215150449312466;100;1;0,9;TRUE;0,94;0,8;TRUE;TRUE;0,94;0,06;0
"hs_pcb153_cadj_Log2";"hs_correct_raven";0,000154688532314652;1e-12;-0,00719797667170396;-0,00654160238127515;-0,00654160238127515;-0,00494735412598382;0,00784107913948961;-0,0215479253852921;0,00707005568062219;-0,0215479253852921;0,00707005568062219;100;1;0,9;TRUE;0,77;0,8;FALSE;FALSE;0,23;0,77;0
"hs_pcb170_cadj_Log2";"hs_correct_raven";0,000154688532314652;1e-12;0,00258610575675691;0,00427677986131075;0,00427677986131075;0,00427789611527324;0,00628308161486531;-0,00707546214464513;0,015549178510022;-0,00707546214464513;0,015549178510022;100;1;0,9;TRUE;0,71;0,8;FALSE;FALSE;0,71;0,29;0
"hs_pcb180_cadj_Log2";"hs_correct_raven";0,000154688532314652;1e-12;0,00578435071945252;0,00403084071226119;0,00403084071226119;0,00349542485309128;0,00615635971568352;-0,00644531934643363;0,0157957018350507;-0,00644531934643363;0,0157957018350507;100;1;0,9;TRUE;0,74;0,8;FALSE;FALSE;0,74;0,26;0
"hs_sumPCBs5_cadj_Log2";"hs_correct_raven";0,000154688532314652;1e-12;-0,00892422010080198;-0,00755020345273164;-0,00755020345273164;-0,00801008380318638;0,00805988351107414;-0,0206391380228376;0,00710765315646761;-0,0206391380228376;0,00710765315646761;100;1;0,9;TRUE;0,79;0,8;FALSE;FALSE;0,21;0,79;0
"hs_pfhxs_c_Log2";"hs_correct_raven";0,000154688532314652;1e-12;0,0300587937797362;0,031592355845776;0,031592355845776;0,0322343174819421;0,00620758846773461;0,0189123083807501;0,0427075360076347;0,0189123083807501;0,0427075360076347;100;1;0,9;TRUE;1;0,8;TRUE;TRUE;1;0;0
"hs_pfna_c_Log2";"hs_correct_raven";0,000154688532314652;1e-12;-0,00335199454614044;-0,003647228176974;-0,003647228176974;-0,00421141998302134;0,00553888032125161;-0,0138794938668209;0,00643679422718594;-0,0138794938668209;0,00643679422718594;100;1;0,9;TRUE;0,73;0,8;FALSE;FALSE;0,27;0,73;0
"hs_pfoa_c_Log2";"hs_correct_raven";0,000154688532314652;1e-12;-0,0043496880480972;-0,00455704952747769;-0,00455704952747769;-0,00436068779916661;0,00592829654434352;-0,0161774643688159;0,00691185502247086;-0,0161774643688159;0,00691185502247086;100;1;0,9;TRUE;0,76;0,8;FALSE;FALSE;0,24;0,76;0
"hs_pfos_c_Log2";"hs_correct_raven";0,000154688532314652;1e-12;0,00689816056237416;0,00694654559107926;0,00694654559107926;0,00591705113742079;0,00686747560150412;-0,00472709396760435;0,019762334299937;-0,00472709396760435;0,019762334299937;100;1;0,9;TRUE;0,84;0,8;TRUE;TRUE;0,84;0,16;0
"hs_pfunda_c_Log2";"hs_correct_raven";0,000154688532314652;1e-12;0,00581306130599126;0,00687963167907428;0,00687963167907428;0,00619970767040367;0,00587287192751101;-0,00216039349816356;0,019578524857241;-0,00216039349816356;0,019578524857241;100;1;0,9;TRUE;0,88;0,8;TRUE;TRUE;0,88;0,12;0
"hs_hm_pers_None";"hs_correct_raven";0,000154688532314652;1e-12;-0,00636705205062284;-0,00748854020794461;-0,00748854020794461;-0,0080368507014402;0,0042258939489653;-0,01444121744826;0,000480183160044621;-0,01444121744826;0,000480183160044621;100;1;0,9;TRUE;0,95;0,8;TRUE;TRUE;0,05;0,95;0
"hs_trafload_h_pow1over3";"hs_correct_raven";0,000154688532314652;1e-12;-0,00146318143421759;-0,000462026349577046;-0,000462026349577046;-0,000840778691649802;0,00570462772795918;-0,00947742635718822;0,0105640633283849;-0,00947742635718822;0,0105640633283849;100;1;0,9;TRUE;0,57;0,8;FALSE;FALSE;0,43;0,57;0
"hs_trafnear_h_pow1over3";"hs_correct_raven";0,000154688532314652;1e-12;-0,011336808601025;-0,0120498860901783;-0,0120498860901783;-0,0118285942645223;0,00711697813174383;-0,0254279561995871;0,00118252028166091;-0,0254279561995871;0,00118252028166091;100;1;0,9;TRUE;0,96;0,8;TRUE;TRUE;0,04;0,96;0
"FAS_cat_None_Low";"hs_correct_raven";0,000154688532314652;1e-12;-0,0303092841860622;-0,0267438560228593;-0,0267438560228593;-0,0242694436471977;0,022645660514739;-0,0633667889008801;0,0215259284812096;-0,0633667889008801;0,0215259284812096;100;1;0,9;TRUE;0,88;0,8;TRUE;TRUE;0,12;0,88;0
"FAS_cat_None_Middle";"hs_correct_raven";0,000154688532314652;1e-12;0,0182179648728099;0,0200935042742704;0,0200935042742704;0,0197118461012696;0,0103386508925202;0,000561968077356539;0,039455783675475;0,000561968077356539;0,039455783675475;100;1;0,9;TRUE;0,97;0,8;TRUE;TRUE;0,97;0,03;0
"hs_globalexp2_None_no exposure";"hs_correct_raven";0,000154688532314652;1e-12;0,0299268451698941;0,0313246807793306;0,0313246807793306;0,0315006947053845;0,00974915563367915;0,0123678667795007;0,050756638194295;0,0123678667795007;0,050756638194295;100;1;0,9;TRUE;1;0,8;TRUE;TRUE;1;0;0
"h_abs_ratio_preg_Log";"hs_Gen_Tot";0,000154688532314652;1e-12;-0,0134945458679022;-0,0099697405743166;-0,0099697405743166;-0,00992484266746044;0,00599936785079131;-0,0210215529785391;0,00205471862241608;-0,0210215529785391;0,00205471862241608;100;1;0,9;TRUE;0,94;0,8;TRUE;TRUE;0,06;0,94;0
"h_no2_ratio_preg_Log";"hs_Gen_Tot";0,000154688532314652;1e-12;-0,00399262333285448;-0,00335473481051997;-0,00335473481051997;-0,00407131167645773;0,00449305091909265;-0,0118379122754833;0,00572216680732778;-0,0118379122754833;0,00572216680732778;100;1;0,9;TRUE;0,78;0,8;FALSE;FALSE;0,22;0,78;0
"h_pm10_ratio_preg_None";"hs_Gen_Tot";0,000154688532314652;1e-12;-0,00800107846474758;-0,00799801789537403;-0,00799801789537403;-0,00799386235318041;0,00429930663326332;-0,0164819606386922;0,00124082020591607;-0,0164819606386922;0,00124082020591607;100;1;0,9;TRUE;0,95;0,8;TRUE;TRUE;0,05;0,95;0
"h_pm25_ratio_preg_None";"hs_Gen_Tot";0,000154688532314652;1e-12;-0,00286175297795399;-0,000563994050061923;-0,000563994050061923;0,000354167330911752;0,00482908565807538;-0,00883505879088712;0,00885781814578187;-0,00883505879088712;0,00885781814578187;100;1;0,9;TRUE;0,48;0,8;FALSE;FALSE;0,52;0,48;0
"h_accesslines300_preg_dic0";"hs_Gen_Tot";0,000154688532314652;1e-12;0,0185573997210347;0,0168400304034241;0,0168400304034241;0,0172252205834448;0,0111567156711554;-0,00855092296036698;0,0361257627823703;-0,00855092296036698;0,0361257627823703;100;1;0,9;TRUE;0,93;0,8;TRUE;TRUE;0,93;0,07;0
"h_accesspoints300_preg_Log";"hs_Gen_Tot";0,000154688532314652;1e-12;0,00266559262800175;0,00312264403988449;0,00312264403988449;0,00361342306431218;0,00474412501178795;-0,00710271221440852;0,0102010827370284;-0,00710271221440852;0,0102010827370284;100;1;0,9;TRUE;0,77;0,8;FALSE;FALSE;0,77;0,23;0
"h_builtdens300_preg_Sqrt";"hs_Gen_Tot";0,000154688532314652;1e-12;-0,00378299086558456;-0,00341302720139139;-0,00341302720139139;-0,00390612895562616;0,00414049996299986;-0,0122544737302429;0,00463099177955631;-0,0122544737302429;0,00463099177955631;100;1;0,9;TRUE;0,77;0,8;FALSE;FALSE;0,23;0,77;0
"h_connind300_preg_Sqrt";"hs_Gen_Tot";0,000154688532314652;1e-12;-0,00403081917030103;-0,00320016369407845;-0,00320016369407845;-0,00319093446310845;0,00407567323333163;-0,0103944147100702;0,00309097766632594;-0,0103944147100702;0,00309097766632594;100;1;0,9;TRUE;0,77;0,8;FALSE;FALSE;0,23;0,77;0
"h_fdensity300_preg_Log";"hs_Gen_Tot";0,000154688532314652;1e-12;-0,00896916122329467;-0,00792816289987196;-0,00792816289987196;-0,00789471118089541;0,00458413300744957;-0,0161254410032137;0,00193651327075146;-0,0161254410032137;0,00193651327075146;100;1;0,9;TRUE;0,96;0,8;TRUE;TRUE;0,04;0,96;0
"h_frichness300_preg_None";"hs_Gen_Tot";0,000154688532314652;1e-12;0,000868611211481238;0,00177985188679377;0,00177985188679377;0,00231784631207047;0,00400858229784417;-0,00883139298147458;0,00835615989094094;-0,00883139298147458;0,00835615989094094;100;1;0,9;TRUE;0,72;0,8;FALSE;FALSE;0,72;0,28;0
"h_landuseshan300_preg_None";"hs_Gen_Tot";0,000154688532314652;1e-12;0,00706097379336445;0,00598590487854676;0,00598590487854676;0,00559297663953572;0,00398206313014539;-0,000571808059485451;0,0141345184218439;-0,000571808059485451;0,0141345184218439;100;1;0,9;TRUE;0,95;0,8;TRUE;TRUE;0,95;0,05;0
"h_popdens_preg_Sqrt";"hs_Gen_Tot";0,000154688532314652;1e-12;0,00302917162533388;0,00207786825264251;0,00207786825264251;0,00228122400051272;0,00429147768278778;-0,00857726792217554;0,0100856609895232;-0,00857726792217554;0,0100856609895232;100;1;0,9;TRUE;0,76;0,8;FALSE;FALSE;0,76;0,24;0
"h_walkability_mean_preg_None";"hs_Gen_Tot";0,000154688532314652;1e-12;-0,0016037661789102;-0,00121151200023483;-0,00121151200023483;-0,00124445875250857;0,00322089775776793;-0,00856399530643156;0,00402634790195045;-0,00856399530643156;0,00402634790195045;100;1;0,9;TRUE;0,63;0,8;FALSE;FALSE;0,37;0,63;0
"hs_as_m_Log2";"hs_Gen_Tot";0,000154688532314652;1e-12;0,00529650339913765;0,00466066507765616;0,00466066507765616;0,00460453089911836;0,00397404946606553;-0,00227042393348284;0,0127890247935359;-0,00227042393348284;0,0127890247935359;100;1;0,9;TRUE;0,9;0,8;TRUE;TRUE;0,9;0,1;0
"hs_cd_m_Log2";"hs_Gen_Tot";0,000154688532314652;1e-12;0,000237164385310349;0,000524035901169678;0,000524035901169678;0,000200416728767571;0,0047637720046256;-0,00850385441914752;0,0105788009749732;-0,00850385441914752;0,0105788009749732;100;1;0,9;TRUE;0,51;0,8;FALSE;FALSE;0,51;0,49;0
"hs_co_m_Log2";"hs_Gen_Tot";0,000154688532314652;1e-12;-0,000330332969657284;0,000931136145425744;0,000931136145425744;0,00108419649834056;0,00408727343182574;-0,00740526265845113;0,00846799631968884;-0,00740526265845113;0,00846799631968884;100;1;0,9;TRUE;0,38;0,8;FALSE;FALSE;0,62;0,38;0
"hs_cs_m_Log2";"hs_Gen_Tot";0,000154688532314652;1e-12;-0,00481959672851969;-0,00446159303146792;-0,00446159303146792;-0,00429554078955655;0,00397490182091074;-0,0136190138383512;0,00294782023132682;-0,0136190138383512;0,00294782023132682;100;1;0,9;TRUE;0,91;0,8;TRUE;TRUE;0,09;0,91;0
"hs_cu_m_Log2";"hs_Gen_Tot";0,000154688532314652;1e-12;-0,00645650047318192;-0,0050667984185551;-0,0050667984185551;-0,0042091001934465;0,00464905123041634;-0,015230618765815;0,0022176613081241;-0,015230618765815;0,0022176613081241;100;1;0,9;TRUE;0,89;0,8;TRUE;TRUE;0,11;0,89;0
"hs_hg_m_Log2";"hs_Gen_Tot";0,000154688532314652;1e-12;0,00158711071654291;0,000972880067366728;0,000972880067366728;0,00102101012931993;0,00387160770161386;-0,00606913514160514;0,00871104321429773;-0,00606913514160514;0,00871104321429773;100;1;0,9;TRUE;0,61;0,8;FALSE;FALSE;0,61;0,39;0
"hs_mn_m_Log2";"hs_Gen_Tot";0,000154688532314652;1e-12;-0,00125012143799745;-0,00110695157505944;-0,00110695157505944;-0,00147320361802164;0,00343748441485976;-0,00906011147538982;0,00372839896241511;-0,00906011147538982;0,00372839896241511;100;1;0,9;TRUE;0,62;0,8;FALSE;FALSE;0,38;0,62;0
"hs_mo_m_Log2";"hs_Gen_Tot";0,000154688532314652;1e-12;-0,00713206428314694;-0,00554528554514424;-0,00554528554514424;-0,00509915031729715;0,00405580414563686;-0,0132290743442846;0,00142459378948415;-0,0132290743442846;0,00142459378948415;100;1;0,9;TRUE;0,93;0,8;TRUE;TRUE;0,07;0,93;0
"hs_pb_m_Log2";"hs_Gen_Tot";0,000154688532314652;1e-12;-0,00420360781022854;-0,00321925382869884;-0,00321925382869884;-0,00320461907083653;0,00346273759012196;-0,00914555822745403;0,00396488803678835;-0,00914555822745403;0,00396488803678835;100;1;0,9;TRUE;0,8;0,8;TRUE;TRUE;0,2;0,8;0
"h_humidity_preg_None";"hs_Gen_Tot";0,000154688532314652;1e-12;0,0107857248737258;0,00950522548287284;0,00950522548287284;0,00946672580812754;0,00476935282675497;-0,000899682184058786;0,0176576723012209;-0,000899682184058786;0,0176576723012209;100;1;0,9;TRUE;0,97;0,8;TRUE;TRUE;0,97;0,03;0
"h_pressure_preg_None";"hs_Gen_Tot";0,000154688532314652;1e-12;0,00281233636312513;0,00185474435920263;0,00185474435920263;0,00170930269850174;0,00423750853768046;-0,00587061564432765;0,0100824482023773;-0,00587061564432765;0,0100824482023773;100;1;0,9;TRUE;0,71;0,8;FALSE;FALSE;0,71;0,29;0
"h_temperature_preg_None";"hs_Gen_Tot";0,000154688532314652;1e-12;0,000141792380733059;0,00113584953872453;0,00113584953872453;0,000826838406484922;0,00447003104324535;-0,0065742327702539;0,00976604550490446;-0,0065742327702539;0,00976604550490446;100;1;0,9;TRUE;0,59;0,8;FALSE;FALSE;0,59;0,41;0
"h_ndvi100_preg_None";"hs_Gen_Tot";0,000154688532314652;1e-12;0,00291317903217139;0,00301205654002984;0,00301205654002984;0,00292520721195839;0,00393891946584142;-0,00656812165682517;0,0102811692547829;-0,00656812165682517;0,0102811692547829;100;1;0,9;TRUE;0,84;0,8;TRUE;TRUE;0,84;0,16;0
"hs_dde_madj_Log2";"hs_Gen_Tot";0,000154688532314652;1e-12;-0,00110788125660247;-0,00146952780129942;-0,00146952780129942;-0,00220026763048961;0,00392607417374692;-0,00823076708633504;0,00553521605640169;-0,00823076708633504;0,00553521605640169;100;1;0,9;TRUE;0,65;0,8;FALSE;FALSE;0,35;0,65;0
"hs_ddt_madj_Log2";"hs_Gen_Tot";0,000154688532314652;1e-12;-0,0019303742425782;-0,00119387775250524;-0,00119387775250524;-0,000948154888427498;0,00308567356162613;-0,0085235022965942;0,00407654314201196;-0,0085235022965942;0,00407654314201196;100;1;0,9;TRUE;0,66;0,8;FALSE;FALSE;0,34;0,66;0
"hs_hcb_madj_Log2";"hs_Gen_Tot";0,000154688532314652;1e-12;-0,00526030189819865;-0,00437383670280622;-0,00437383670280622;-0,00415824312346236;0,00344216066751481;-0,0121222656096362;0,00102011923902881;-0,0121222656096362;0,00102011923902881;100;1;0,9;TRUE;0,93;0,8;TRUE;TRUE;0,07;0,93;0
"hs_pcb118_madj_Log2";"hs_Gen_Tot";0,000154688532314652;1e-12;0,0142254020345629;0,011528807927215;0,011528807927215;0,0112983328859625;0,00516299190170772;0,000169631032725744;0,0196809466274612;0,000169631032725744;0,0196809466274612;100;1;0,9;TRUE;0,97;0,8;TRUE;TRUE;0,97;0,03;0
"hs_pcb138_madj_Log2";"hs_Gen_Tot";0,000154688532314652;1e-12;-0,00892390930450079;-0,00651540006927803;-0,00651540006927803;-0,00698064221667074;0,00508447974680098;-0,0143912568693722;0,00419447507448965;-0,0143912568693722;0,00419447507448965;100;1;0,9;TRUE;0,91;0,8;TRUE;TRUE;0,09;0,91;0
"hs_pcb153_madj_Log2";"hs_Gen_Tot";0,000154688532314652;1e-12;0,00228775182693857;0,00152820309591978;0,00152820309591978;0,00209564800789546;0,0048695111904309;-0,00662881109746532;0,00962554877568751;-0,00662881109746532;0,00962554877568751;100;1;0,9;TRUE;0,64;0,8;FALSE;FALSE;0,64;0,36;0
"hs_pcb170_madj_Log2";"hs_Gen_Tot";0,000154688532314652;1e-12;0,00173183516374756;0,00232387334691494;0,00232387334691494;0,00296286965015001;0,0048914146686915;-0,00761693318861826;0,00963014820127326;-0,00761693318861826;0,00963014820127326;100;1;0,9;TRUE;0,7;0,8;FALSE;FALSE;0,7;0,3;0
"hs_pcb180_madj_Log2";"hs_Gen_Tot";0,000154688532314652;1e-12;0,00592821416746669;0,00569028161515304;0,00569028161515304;0,00583624548989;0,00415000598031658;-0,0025574423008964;0,0133085286666692;-0,0025574423008964;0,0133085286666692;100;1;0,9;TRUE;0,89;0,8;TRUE;TRUE;0,89;0,11;0
"hs_sumPCBs5_madj_Log2";"hs_Gen_Tot";0,000154688532314652;1e-12;0,00507430530109698;0,00554439934301485;0,00554439934301485;0,00592064498724443;0,00443203879984042;-0,00222446618642535;0,0146382071292458;-0,00222446618642535;0,0146382071292458;100;1;0,9;TRUE;0,88;0,8;TRUE;TRUE;0,88;0,12;0
"hs_pfhxs_m_Log2";"hs_Gen_Tot";0,000154688532314652;1e-12;0,00142118141547865;0,00161842818474207;0,00161842818474207;0,00184349493665084;0,00365112996585091;-0,00582321164604864;0,00807057836402691;-0,00582321164604864;0,00807057836402691;100;1;0,9;TRUE;0,76;0,8;FALSE;FALSE;0,76;0,24;0
"hs_pfna_m_Log2";"hs_Gen_Tot";0,000154688532314652;1e-12;-0,00819029687746371;-0,00650836437698323;-0,00650836437698323;-0,00604904561358759;0,00469841220244969;-0,016242571160492;0,00203690449763223;-0,016242571160492;0,00203690449763223;100;1;0,9;TRUE;0,94;0,8;TRUE;TRUE;0,06;0,94;0
"hs_pfoa_m_Log2";"hs_Gen_Tot";0,000154688532314652;1e-12;-0,00239644377247179;-0,00218964792332098;-0,00218964792332098;-0,00212508161097577;0,00380649915343829;-0,00824828958353412;0,0059544079328377;-0,00824828958353412;0,0059544079328377;100;1;0,9;TRUE;0,74;0,8;FALSE;FALSE;0,26;0,74;0
"hs_pfos_m_Log2";"hs_Gen_Tot";0,000154688532314652;1e-12;0,0011022839660504;0,00100216003017603;0,00100216003017603;0,000693411185480693;0,00458564823741232;-0,00784512475318769;0,0109216193961265;-0,00784512475318769;0,0109216193961265;100;1;0,9;TRUE;0,59;0,8;FALSE;FALSE;0,59;0,41;0
"hs_pfunda_m_Log2";"hs_Gen_Tot";0,000154688532314652;1e-12;0,00268493483348241;0,00192413340254491;0,00192413340254491;0,00142809069628202;0,00300572102693251;-0,00332795585855327;0,00839186402417559;-0,00332795585855327;0,00839186402417559;100;1;0,9;TRUE;0,77;0,8;FALSE;FALSE;0,77;0,23;0
"e3_asmokcigd_p_None";"hs_Gen_Tot";0,000154688532314652;1e-12;0,000617783542439077;0,000207973369030826;0,000207973369030826;6,9281588966246e-05;0,0030477839505042;-0,00527532848888445;0,00645571291446704;-0,00527532848888445;0,00645571291446704;100;1;0,9;TRUE;0,51;0,8;FALSE;FALSE;0,51;0,49;0
"h_distinvnear1_preg_Log";"hs_Gen_Tot";0,000154688532314652;1e-12;-0,00023649518648888;-0,000380618062272421;-0,000380618062272421;-0,000345972606770574;0,00361560274636655;-0,00728637689205668;0,00681970952865058;-0,00728637689205668;0,00681970952865058;100;1;0,9;TRUE;0,55;0,8;FALSE;FALSE;0,45;0,55;0
"h_trafload_preg_pow1over3";"hs_Gen_Tot";0,000154688532314652;1e-12;-0,00272354479467577;-0,00232087696663624;-0,00232087696663624;-0,00243619502426282;0,00338705084551644;-0,0084700252318373;0,00302927874627699;-0,0084700252318373;0,00302927874627699;100;1;0,9;TRUE;0,72;0,8;FALSE;FALSE;0,28;0,72;0
"h_trafnear_preg_pow1over3";"hs_Gen_Tot";0,000154688532314652;1e-12;-0,00136989835554559;-0,00165909278713379;-0,00165909278713379;-0,00160413707749313;0,00391876740470737;-0,00940532724420153;0,00621074016591572;-0,00940532724420153;0,00621074016591572;100;1;0,9;TRUE;0,72;0,8;FALSE;FALSE;0,28;0,72;0
"h_bro_preg_Log";"hs_Gen_Tot";0,000154688532314652;1e-12;-0,000579364174332166;0,00103621192921976;0,00103621192921976;0,000848588096525647;0,00532920341709278;-0,0100335854830736;0,009266588259227;-0,0100335854830736;0,009266588259227;100;1;0,9;TRUE;0,4;0,8;FALSE;FALSE;0,6;0,4;0
"h_clf_preg_Log";"hs_Gen_Tot";0,000154688532314652;1e-12;-0,00255865818861736;-0,00338907051339566;-0,00338907051339566;-0,00309755099723075;0,00354736468686874;-0,0106922272311534;0,00394638136605105;-0,0106922272311534;0,00394638136605105;100;1;0,9;TRUE;0,84;0,8;TRUE;TRUE;0,16;0,84;0
"h_thm_preg_Log";"hs_Gen_Tot";0,000154688532314652;1e-12;-0,000741660990660115;-0,00082478724218902;-0,00082478724218902;-0,000642721145361223;0,00440210770096105;-0,0104021057315268;0,00635280727443988;-0,0104021057315268;0,00635280727443988;100;1;0,9;TRUE;0,55;0,8;FALSE;FALSE;0,45;0,55;0
"e3_alcpreg_yn_None_1";"hs_Gen_Tot";0,000154688532314652;1e-12;-0,00895553832544217;-0,00698082505030146;-0,00698082505030146;-0,00688170813977198;0,0069170815027372;-0,0212726176266831;0,00687554750797064;-0,0212726176266831;0,00687554750797064;100;1;0,9;TRUE;0,84;0,8;TRUE;TRUE;0,16;0,84;0
"h_pamod_t3_None_Often";"hs_Gen_Tot";0,000154688532314652;1e-12;0,021466108242459;0,0233465209441995;0,0233465209441995;0,0243180901406599;0,00912477008130686;0,00611108625734581;0,0406997561005036;0,00611108625734581;0,0406997561005036;100;1;0,9;TRUE;0,99;0,8;TRUE;TRUE;0,99;0,01;0
"h_pamod_t3_None_Sometimes";"hs_Gen_Tot";0,000154688532314652;1e-12;0,0118938151404732;0,0128949368203324;0,0128949368203324;0,0126743404262405;0,0108191014224559;-0,00958404113680016;0,0299801065254497;-0,00958404113680016;0,0299801065254497;100;1;0,9;TRUE;0,87;0,8;TRUE;TRUE;0,87;0,13;0
"h_pamod_t3_None_Very Often";"hs_Gen_Tot";0,000154688532314652;1e-12;0,022449991267649;0,0234079682300147;0,0234079682300147;0,0231742331066819;0,00711452661449705;0,00935644283968207;0,0362061634149373;0,00935644283968207;0,0362061634149373;100;1;0,9;TRUE;1;0,8;TRUE;TRUE;1;0;0
"h_pavig_t3_None_Low";"hs_Gen_Tot";0,000154688532314652;1e-12;0,0446275262371591;0,041764598190162;0,041764598190162;0,0423015048884262;0,00821896938759539;0,0256112321610407;0,0550234196107599;0,0256112321610407;0,0550234196107599;100;1;0,9;TRUE;1;0,8;TRUE;TRUE;1;0;0
"h_pavig_t3_None_Medium";"hs_Gen_Tot";0,000154688532314652;1e-12;0,0540876422411476;0,0482821348185079;0,0482821348185079;0,0484352239589422;0,0107505540149751;0,0246485370077574;0,0687365340198765;0,0246485370077574;0,0687365340198765;100;1;0,9;TRUE;1;0,8;TRUE;TRUE;1;0;0
"hs_no2_dy_hs_h_Log";"hs_Gen_Tot";0,000154688532314652;1e-12;0,00681584038573047;0,00445615890535899;0,00445615890535899;0,00478582704679247;0,00489666811967741;-0,00569100084906126;0,0151396831293326;-0,00569100084906126;0,0151396831293326;100;1;0,9;TRUE;0,85;0,8;TRUE;TRUE;0,85;0,15;0
"hs_no2_wk_hs_h_Log";"hs_Gen_Tot";0,000154688532314652;1e-12;-0,000841846972175203;-0,00228875262462173;-0,00228875262462173;-0,00239341896687578;0,00409741543081467;-0,0101388426166471;0,00485792726593018;-0,0101388426166471;0,00485792726593018;100;1;0,9;TRUE;0,73;0,8;FALSE;FALSE;0,27;0,73;0
"hs_no2_yr_hs_h_Log";"hs_Gen_Tot";0,000154688532314652;1e-12;-0,0100897474432223;-0,00892122008369967;-0,00892122008369967;-0,00888133835034831;0,00458826410622825;-0,0180364197626814;3,26614470471236e-05;-0,0180364197626814;3,26614470471236e-05;100;1;0,9;TRUE;0,97;0,8;TRUE;TRUE;0,03;0,97;0
"hs_pm10_dy_hs_h_None";"hs_Gen_Tot";0,000154688532314652;1e-12;7,7884356369893e-05;0,000869914539145172;0,000869914539145172;0,000661233928192117;0,00430743224864946;-0,0078657555784168;0,00811210447812466;-0,0078657555784168;0,00811210447812466;100;1;0,9;TRUE;0,57;0,8;FALSE;FALSE;0,57;0,43;0
"hs_pm10_wk_hs_h_None";"hs_Gen_Tot";0,000154688532314652;1e-12;-0,0112239030797991;-0,00916869021854535;-0,00916869021854535;-0,00941689926864024;0,00574113055145257;-0,0201272702205076;0,00128158647272648;-0,0201272702205076;0,00128158647272648;100;1;0,9;TRUE;0,94;0,8;TRUE;TRUE;0,06;0,94;0
"hs_pm10_yr_hs_h_None";"hs_Gen_Tot";0,000154688532314652;1e-12;-0,00342234773400546;-0,00238722930906141;-0,00238722930906141;-0,00302200388271678;0,00474800386272692;-0,0118112927932707;0,00685068701088739;-0,0118112927932707;0,00685068701088739;100;1;0,9;TRUE;0,71;0,8;FALSE;FALSE;0,29;0,71;0
"hs_pm25_dy_hs_h_None";"hs_Gen_Tot";0,000154688532314652;1e-12;0,00650131693579888;0,00541342404399505;0,00541342404399505;0,00470599756744321;0,00442921545395074;-0,00125090313186077;0,0154890288234993;-0,00125090313186077;0,0154890288234993;100;1;0,9;TRUE;0,88;0,8;TRUE;TRUE;0,88;0,12;0
"hs_pm25_wk_hs_h_None";"hs_Gen_Tot";0,000154688532314652;1e-12;-0,00123113362058582;-0,00137939020480169;-0,00137939020480169;-0,000291566373341454;0,00477020546725515;-0,0114652927341628;0,00689002598835348;-0,0114652927341628;0,00689002598835348;100;1;0,9;TRUE;0,53;0,8;FALSE;FALSE;0,47;0,53;0
"hs_pm25_yr_hs_h_None";"hs_Gen_Tot";0,000154688532314652;1e-12;-0,00314672219953674;-0,00256341944651143;-0,00256341944651143;-0,00162061071851443;0,00610853679318263;-0,0167110705436778;0,00773507614885352;-0,0167110705436778;0,00773507614885352;100;1;0,9;TRUE;0,63;0,8;FALSE;FALSE;0,37;0,63;0
"hs_pm25abs_dy_hs_h_Log";"hs_Gen_Tot";0,000154688532314652;1e-12;-0,00913929699321947;-0,00640094730716993;-0,00640094730716993;-0,00631678037661099;0,00432063445592373;-0,0134363748472088;0,00395650625676727;-0,0134363748472088;0,00395650625676727;100;1;0,9;TRUE;0,94;0,8;TRUE;TRUE;0,06;0,94;0
"hs_pm25abs_wk_hs_h_Log";"hs_Gen_Tot";0,000154688532314652;1e-12;-0,00203740056077411;-0,00224289994761311;-0,00224289994761311;-0,00234565760753838;0,00401112451383817;-0,00975349721693902;0,00658023650866615;-0,00975349721693902;0,00658023650866615;100;1;0,9;TRUE;0,74;0,8;FALSE;FALSE;0,26;0,74;0
"hs_pm25abs_yr_hs_h_Log";"hs_Gen_Tot";0,000154688532314652;1e-12;-0,00480783098700294;-0,00317482773218841;-0,00317482773218841;-0,00335241859377828;0,00546639023151222;-0,0152393519625771;0,00541854025075568;-0,0152393519625771;0,00541854025075568;100;1;0,9;TRUE;0,67;0,8;FALSE;FALSE;0,33;0,67;0
"hs_accesslines300_h_dic0";"hs_Gen_Tot";0,000154688532314652;1e-12;0,0128704886592717;0,0137347855608373;0,0137347855608373;0,0135438044519256;0,00934101970388542;-0,00839233311744644;0,0334872426023377;-0,00839233311744644;0,0334872426023377;100;1;0,9;TRUE;0,95;0,8;TRUE;TRUE;0,95;0,05;0
"hs_accesspoints300_h_Log";"hs_Gen_Tot";0,000154688532314652;1e-12;0,00214259456168869;0,00204287318976628;0,00204287318976628;0,00192671665663025;0,00502041906012332;-0,00778272208856539;0,012083649545405;-0,00778272208856539;0,012083649545405;100;1;0,9;TRUE;0,62;0,8;FALSE;FALSE;0,62;0,38;0
"hs_builtdens300_h_Sqrt";"hs_Gen_Tot";0,000154688532314652;1e-12;0,000303750774776381;0,00070766589765336;0,00070766589765336;0,000738350797877516;0,00422406652293893;-0,00803669827743851;0,00834166817691166;-0,00803669827743851;0,00834166817691166;100;1;0,9;TRUE;0,59;0,8;FALSE;FALSE;0,59;0,41;0
"hs_connind300_h_Log";"hs_Gen_Tot";0,000154688532314652;1e-12;0,00754001379338779;0,00571251049413901;0,00571251049413901;0,00558270642217182;0,00422521940733893;-0,00161368363089318;0,0155339256951522;-0,00161368363089318;0,0155339256951522;100;1;0,9;TRUE;0,89;0,8;TRUE;TRUE;0,89;0,11;0
"hs_fdensity300_h_Log";"hs_Gen_Tot";0,000154688532314652;1e-12;-0,00623875378166942;-0,00467037342283885;-0,00467037342283885;-0,00454900501016578;0,00413233267973614;-0,0128086688687923;0,002445339839958;-0,0128086688687923;0,002445339839958;100;1;0,9;TRUE;0,86;0,8;TRUE;TRUE;0,14;0,86;0
"hs_landuseshan300_h_None";"hs_Gen_Tot";0,000154688532314652;1e-12;-0,00995844169876866;-0,00777537003089169;-0,00777537003089169;-0,00747803424157764;0,00493103645590069;-0,0164195284815475;0,0029717363861921;-0,0164195284815475;0,0029717363861921;100;1;0,9;TRUE;0,95;0,8;TRUE;TRUE;0,05;0,95;0
"hs_popdens_h_Sqrt";"hs_Gen_Tot";0,000154688532314652;1e-12;0,0043315890847229;0,00368438558576979;0,00368438558576979;0,00375339102575817;0,00452726589358336;-0,00438759336047194;0,0114953596664512;-0,00438759336047194;0,0114953596664512;100;1;0,9;TRUE;0,76;0,8;FALSE;FALSE;0,76;0,24;0
"hs_walkability_mean_h_None";"hs_Gen_Tot";0,000154688532314652;1e-12;-0,00219865573164023;-0,00134470631577753;-0,00134470631577753;-0,00101522503312702;0,00369682852595446;-0,00893817941288639;0,00518232567281056;-0,00893817941288639;0,00518232567281056;100;1;0,9;TRUE;0,64;0,8;FALSE;FALSE;0,36;0,64;0
"hs_accesslines300_s_dic0";"hs_Gen_Tot";0,000154688532314652;1e-12;0,0216886320181814;0,0196978801295519;0,0196978801295519;0,0202047852208809;0,0113126352854525;0,00369216183857001;0,0402646887663318;0,00369216183857001;0,0402646887663318;100;1;0,9;TRUE;0,98;0,8;TRUE;TRUE;0,98;0,02;0
"hs_accesspoints300_s_Log";"hs_Gen_Tot";0,000154688532314652;1e-12;0,00611528576610104;0,00478507297545126;0,00478507297545126;0,00419794912200843;0,0040452008553576;-0,00230656216806627;0,0125671050105718;-0,00230656216806627;0,0125671050105718;100;1;0,9;TRUE;0,89;0,8;TRUE;TRUE;0,89;0,11;0
"hs_builtdens300_s_Sqrt";"hs_Gen_Tot";0,000154688532314652;1e-12;0,00501288433058289;0,00344001327026545;0,00344001327026545;0,002856579209653;0,00432766618997818;-0,00355622253083164;0,0130525841852798;-0,00355622253083164;0,0130525841852798;100;1;0,9;TRUE;0,78;0,8;FALSE;FALSE;0,78;0,22;0
"hs_connind300_s_Log";"hs_Gen_Tot";0,000154688532314652;1e-12;0,00532554781086841;0,00456891425498931;0,00456891425498931;0,00457783969504339;0,00416806239203793;-0,00257247789641739;0,0138469783240434;-0,00257247789641739;0,0138469783240434;100;1;0,9;TRUE;0,89;0,8;TRUE;TRUE;0,89;0,11;0
"hs_fdensity300_s_Log";"hs_Gen_Tot";0,000154688532314652;1e-12;0,00430178903761716;0,0028878740454579;0,0028878740454579;0,0021296182311213;0,00390090383326323;-0,00363733961538865;0,0102376177102133;-0,00363733961538865;0,0102376177102133;100;1;0,9;TRUE;0,81;0,8;TRUE;TRUE;0,81;0,19;0
"hs_landuseshan300_s_None";"hs_Gen_Tot";0,000154688532314652;1e-12;0,00332413149408696;0,00298883791346078;0,00298883791346078;0,00269751292928262;0,00340262148516235;-0,00310519553574607;0,0101207834984825;-0,00310519553574607;0,0101207834984825;100;1;0,9;TRUE;0,81;0,8;TRUE;TRUE;0,81;0,19;0
"hs_popdens_s_Sqrt";"hs_Gen_Tot";0,000154688532314652;1e-12;-0,000231875508826152;-7,09618245293139e-05;-7,09618245293139e-05;-0,00017534486007456;0,00288885429934774;-0,00477282078748168;0,00572012241016187;-0,00477282078748168;0,00572012241016187;100;1;0,9;TRUE;0,54;0,8;FALSE;FALSE;0,46;0,54;0
"h_Absorbance_Log";"hs_Gen_Tot";0,000154688532314652;1e-12;-0,00390152410137868;-0,00293175900860708;-0,00293175900860708;-0,00307121561913326;0,0047055346542941;-0,0129449448754684;0,00545016671882018;-0,0129449448754684;0,00545016671882018;100;1;0,9;TRUE;0,74;0,8;FALSE;FALSE;0,26;0,74;0
"h_Benzene_Log";"hs_Gen_Tot";0,000154688532314652;1e-12;0,0135575808957898;0,01051670927147;0,01051670927147;0,0101014458979196;0,00587561046884884;-0,000542466317148775;0,0220792201121322;-0,000542466317148775;0,0220792201121322;100;1;0,9;TRUE;0,97;0,8;TRUE;TRUE;0,97;0,03;0
"h_NO2_Log";"hs_Gen_Tot";0,000154688532314652;1e-12;0,00150941992680066;0,00187302963544388;0,00187302963544388;0,00180725060630398;0,00364134827488882;-0,00597409560311519;0,00889552297781408;-0,00597409560311519;0,00889552297781408;100;1;0,9;TRUE;0,73;0,8;FALSE;FALSE;0,73;0,27;0
"h_PM_Log";"hs_Gen_Tot";0,000154688532314652;1e-12;0,0107872164073168;0,00800859932406886;0,00800859932406886;0,00820357988347483;0,00426666129204194;0,000219389527228118;0,0165654791637056;0,000219389527228118;0,0165654791637056;100;1;0,9;TRUE;0,98;0,8;TRUE;TRUE;0,98;0,02;0
"h_TEX_Log";"hs_Gen_Tot";0,000154688532314652;1e-12;0,000914233797569324;0,00124136650549945;0,00124136650549945;0,00159155656451512;0,00376051336907614;-0,00691472689288433;0,00776433076227462;-0,00691472689288433;0,00776433076227462;100;1;0,9;TRUE;0,65;0,8;FALSE;FALSE;0,65;0,35;0
"hs_KIDMED_None";"hs_Gen_Tot";0,000154688532314652;1e-12;-0,00948570797352163;-0,00691140634949469;-0,00691140634949469;-0,00704863009671455;0,00419307482331975;-0,0144314901260453;0,00100318835627941;-0,0144314901260453;0,00100318835627941;100;1;0,9;TRUE;0,97;0,8;TRUE;TRUE;0,03;0,97;0
"hs_mvpa_prd_alt_None";"hs_Gen_Tot";0,000154688532314652;1e-12;-0,00806976663095775;-0,00757789375382755;-0,00757789375382755;-0,00753391699637811;0,00349271858345856;-0,0143206567718906;-0,00118574128785708;-0,0143206567718906;-0,00118574128785708;100;1;0,9;TRUE;1;0,8;TRUE;TRUE;0;1;0
"hs_sd_wk_None";"hs_Gen_Tot";0,000154688532314652;1e-12;0,00991147658478956;0,00693361707512863;0,00693361707512863;0,0068008249081551;0,00514743679348683;-0,0017136548143169;0,0173639623297142;-0,0017136548143169;0,0173639623297142;100;1;0,9;TRUE;0,88;0,8;TRUE;TRUE;0,88;0,12;0
"hs_dif_hours_total_None";"hs_Gen_Tot";0,000154688532314652;1e-12;-0,0104161836413496;-0,00815803695018432;-0,00815803695018432;-0,0080203235908905;0,00434459269714343;-0,0175023630631086;-0,000862695610772423;-0,0175023630631086;-0,000862695610772423;100;1;0,9;TRUE;0,98;0,8;TRUE;TRUE;0,02;0,98;0
"hs_as_c_Log2";"hs_Gen_Tot";0,000154688532314652;1e-12;-0,00262610276787817;-0,00174186898145292;-0,00174186898145292;-0,00171136250443445;0,00335638809848995;-0,00797569214160528;0,00402313587238401;-0,00797569214160528;0,00402313587238401;100;1;0,9;TRUE;0,7;0,8;FALSE;FALSE;0,3;0,7;0
"hs_cd_c_Log2";"hs_Gen_Tot";0,000154688532314652;1e-12;0,00410856121736884;0,0026259272775368;0,0026259272775368;0,0028267613345568;0,00338816202376988;-0,00382714252460972;0,00899865116035927;-0,00382714252460972;0,00899865116035927;100;1;0,9;TRUE;0,77;0,8;FALSE;FALSE;0,77;0,23;0
"hs_co_c_Log2";"hs_Gen_Tot";0,000154688532314652;1e-12;-0,00411640334297112;-0,00296524175166499;-0,00296524175166499;-0,00277345165054471;0,00339442834362306;-0,0100540144210027;0,00229818253766919;-0,0100540144210027;0,00229818253766919;100;1;0,9;TRUE;0,81;0,8;TRUE;TRUE;0,19;0,81;0
"hs_cs_c_Log2";"hs_Gen_Tot";0,000154688532314652;1e-12;0,00565728420838446;0,00483107928546574;0,00483107928546574;0,00432102247470776;0,00383603676937194;-0,00125165169657768;0,0129764905380972;-0,00125165169657768;0,0129764905380972;100;1;0,9;TRUE;0,91;0,8;TRUE;TRUE;0,91;0,09;0
"hs_cu_c_Log2";"hs_Gen_Tot";0,000154688532314652;1e-12;0,00073278923429082;0,000653014404486009;0,000653014404486009;0,000324417522626548;0,00280933887359801;-0,00449025427971403;0,00670948591260834;-0,00449025427971403;0,00670948591260834;100;1;0,9;TRUE;0,57;0,8;FALSE;FALSE;0,57;0,43;0
"hs_hg_c_Log2";"hs_Gen_Tot";0,000154688532314652;1e-12;-0,00164080628072272;-0,00176598099697823;-0,00176598099697823;-0,00169642779884412;0,00282059344109272;-0,00687338394886494;0,00401218712883973;-0,00687338394886494;0,00401218712883973;100;1;0,9;TRUE;0,74;0,8;FALSE;FALSE;0,26;0,74;0
"hs_mn_c_Log2";"hs_Gen_Tot";0,000154688532314652;1e-12;0,00241366856407664;0,00180133706023895;0,00180133706023895;0,00172365659651634;0,00287002937220034;-0,00305613922440731;0,00823708433517085;-0,00305613922440731;0,00823708433517085;100;1;0,9;TRUE;0,73;0,8;FALSE;FALSE;0,73;0,27;0
"hs_mo_c_Log2";"hs_Gen_Tot";0,000154688532314652;1e-12;-0,00213835250286764;-0,00246673525099942;-0,00246673525099942;-0,00305608410222618;0,0038322783706928;-0,00861970274304313;0,00587341556813105;-0,00861970274304313;0,00587341556813105;100;1;0,9;TRUE;0,78;0,8;FALSE;FALSE;0,22;0,78;0
"hs_pb_c_Log2";"hs_Gen_Tot";0,000154688532314652;1e-12;0,00731174410355229;0,00630286956611908;0,00630286956611908;0,00589793922181355;0,00336645761450483;-0,000123045225251002;0,0124256356827976;-0,000123045225251002;0,0124256356827976;100;1;0,9;TRUE;0,96;0,8;TRUE;TRUE;0,96;0,04;0
"hs_hum_mt_hs_h_None";"hs_Gen_Tot";0,000154688532314652;1e-12;0,000809670115906789;0,00140372092205397;0,00140372092205397;0,00162841994515437;0,00399649353851103;-0,00571299400992299;0,0095384846066321;-0,00571299400992299;0,0095384846066321;100;1;0,9;TRUE;0,67;0,8;FALSE;FALSE;0,67;0,33;0
"hs_tm_mt_hs_h_None";"hs_Gen_Tot";0,000154688532314652;1e-12;-0,00745932035446385;-0,00642884796619373;-0,00642884796619373;-0,00623884641900117;0,00405873924725167;-0,0144290619787933;0,00180105538876504;-0,0144290619787933;0,00180105538876504;100;1;0,9;TRUE;0,94;0,8;TRUE;TRUE;0,06;0,94;0
"hs_uvdvf_mt_hs_h_None";"hs_Gen_Tot";0,000154688532314652;1e-12;-0,00478192422620439;-0,00311052376435399;-0,00311052376435399;-0,00329537680889874;0,00504100909571478;-0,0149935297671813;0,00593558517935365;-0,0149935297671813;0,00593558517935365;100;1;0,9;TRUE;0,75;0,8;FALSE;FALSE;0,25;0,75;0
"hs_hum_dy_hs_h_None";"hs_Gen_Tot";0,000154688532314652;1e-12;-0,00566501832067876;-0,00432823157498207;-0,00432823157498207;-0,00442439082763561;0,00356992987066139;-0,0111844271089493;0,00279802729413624;-0,0111844271089493;0,00279802729413624;100;1;0,9;TRUE;0,9;0,8;TRUE;TRUE;0,1;0,9;0
"hs_hum_wk_hs_h_None";"hs_Gen_Tot";0,000154688532314652;1e-12;-0,00336197068336539;-0,00335458837295326;-0,00335458837295326;-0,0032518102590707;0,00445931173145359;-0,0133700061283453;0,00561249307901062;-0,0133700061283453;0,00561249307901062;100;1;0,9;TRUE;0,83;0,8;TRUE;TRUE;0,17;0,83;0
"hs_tm_dy_hs_h_None";"hs_Gen_Tot";0,000154688532314652;1e-12;-0,00505807331760711;-0,00406767697590266;-0,00406767697590266;-0,00394622965723506;0,00514515388320504;-0,0130554839465566;0,00489455306983301;-0,0130554839465566;0,00489455306983301;100;1;0,9;TRUE;0,76;0,8;FALSE;FALSE;0,24;0,76;0
"hs_tm_wk_hs_h_None";"hs_Gen_Tot";0,000154688532314652;1e-12;-0,000691806923406874;-0,000842216305847929;-0,000842216305847929;-0,00102128357762521;0,00381764218423838;-0,00824393685839668;0,00624381696880746;-0,00824393685839668;0,00624381696880746;100;1;0,9;TRUE;0,61;0,8;FALSE;FALSE;0,39;0,61;0
"hs_uvdvf_dy_hs_h_None";"hs_Gen_Tot";0,000154688532314652;1e-12;0,0072444069230492;0,0059870381860013;0,0059870381860013;0,00536467854084127;0,00454701679186039;-0,00239145230680392;0,0152921536938739;-0,00239145230680392;0,0152921536938739;100;1;0,9;TRUE;0,92;0,8;TRUE;TRUE;0,92;0,08;0
"hs_uvdvf_wk_hs_h_None";"hs_Gen_Tot";0,000154688532314652;1e-12;0,00506850372579387;0,00399064977694153;0,00399064977694153;0,00425287547912927;0,00413382192859641;-0,00333078927886122;0,0127532286235767;-0,00333078927886122;0,0127532286235767;100;1;0,9;TRUE;0,82;0,8;TRUE;TRUE;0,82;0,18;0
"hs_ndvi100_h_None";"hs_Gen_Tot";0,000154688532314652;1e-12;-0,00775907749770439;-0,00584983672474389;-0,00584983672474389;-0,00616263327901256;0,00470886780113214;-0,0149762218591608;0,000927398131209229;-0,0149762218591608;0,000927398131209229;100;1;0,9;TRUE;0,92;0,8;TRUE;TRUE;0,08;0,92;0
"hs_ndvi100_s_None";"hs_Gen_Tot";0,000154688532314652;1e-12;0,00758324314708989;0,00593054965856736;0,00593054965856736;0,00597835181324054;0,00501593882129572;-0,0024921228725303;0,0157374067370989;-0,0024921228725303;0,0157374067370989;100;1;0,9;TRUE;0,86;0,8;TRUE;TRUE;0,86;0,14;0
"hs_dde_cadj_Log2";"hs_Gen_Tot";0,000154688532314652;1e-12;-0,00546547596869135;-0,00460459947157218;-0,00460459947157218;-0,00447819002413464;0,00501084753637331;-0,0150668312045169;0,00499689401707256;-0,0150668312045169;0,00499689401707256;100;1;0,9;TRUE;0,82;0,8;TRUE;TRUE;0,18;0,82;0
"hs_ddt_cadj_Log2";"hs_Gen_Tot";0,000154688532314652;1e-12;-0,00644744118340125;-0,00466902739327967;-0,00466902739327967;-0,00435598048204788;0,00373900955889229;-0,0117529905942062;0,00156805412126458;-0,0117529905942062;0,00156805412126458;100;1;0,9;TRUE;0,9;0,8;TRUE;TRUE;0,1;0,9;0
"hs_hcb_cadj_Log2";"hs_Gen_Tot";0,000154688532314652;1e-12;-0,00189464345788796;-0,00448868457252551;-0,00448868457252551;-0,00418087712453513;0,00572415179487585;-0,0177574462313145;0,00472686277595286;-0,0177574462313145;0,00472686277595286;100;1;0,9;TRUE;0,82;0,8;TRUE;TRUE;0,18;0,82;0
"hs_pcb118_cadj_Log2";"hs_Gen_Tot";0,000154688532314652;1e-12;0,0125449166931555;0,0104826387589519;0,0104826387589519;0,0102029030060161;0,00462938064020297;-0,000675402827715217;0,0198946025025085;-0,000675402827715217;0,0198946025025085;100;1;0,9;TRUE;0,96;0,8;TRUE;TRUE;0,96;0,04;0
"hs_pcb138_cadj_Log2";"hs_Gen_Tot";0,000154688532314652;1e-12;0,00443238534054245;0,00377193715987851;0,00377193715987851;0,00402591873927739;0,00360404844408806;-0,00404426853677006;0,0101016149965676;-0,00404426853677006;0,0101016149965676;100;1;0,9;TRUE;0,86;0,8;TRUE;TRUE;0,86;0,14;0
"hs_pcb153_cadj_Log2";"hs_Gen_Tot";0,000154688532314652;1e-12;0,00151382205481023;0,00104135088523032;0,00104135088523032;0,00113499267189671;0,00425892833786035;-0,0073384491763382;0,0105139952683427;-0,0073384491763382;0,0105139952683427;100;1;0,9;TRUE;0,61;0,8;FALSE;FALSE;0,61;0,39;0
"hs_pcb170_cadj_Log2";"hs_Gen_Tot";0,000154688532314652;1e-12;-0,00492528498669053;-0,00470515091582806;-0,00470515091582806;-0,00487202861217465;0,00379509025864258;-0,0113629084641931;0,0036627913211514;-0,0113629084641931;0,0036627913211514;100;1;0,9;TRUE;0,91;0,8;TRUE;TRUE;0,09;0,91;0
"hs_pcb180_cadj_Log2";"hs_Gen_Tot";0,000154688532314652;1e-12;-0,00937252849466961;-0,00649753276224333;-0,00649753276224333;-0,00590016003847072;0,00516718756802625;-0,0183099928997058;0,00202664247496694;-0,0183099928997058;0,00202664247496694;100;1;0,9;TRUE;0,89;0,8;TRUE;TRUE;0,11;0,89;0
"hs_sumPCBs5_cadj_Log2";"hs_Gen_Tot";0,000154688532314652;1e-12;-0,0105327748094002;-0,0083888932692317;-0,0083888932692317;-0,00839147466076815;0,00420815166450169;-0,0157038958147818;0,000262140049466818;-0,0157038958147818;0,000262140049466818;100;1;0,9;TRUE;0,96;0,8;TRUE;TRUE;0,04;0,96;0
"hs_pfhxs_c_Log2";"hs_Gen_Tot";0,000154688532314652;1e-12;0,00545322645104304;0,00546902140875711;0,00546902140875711;0,00470616726388482;0,00449495665623214;-0,00195168416718077;0,0163465449325153;-0,00195168416718077;0,0163465449325153;100;1;0,9;TRUE;0,93;0,8;TRUE;TRUE;0,93;0,07;0
"hs_pfna_c_Log2";"hs_Gen_Tot";0,000154688532314652;1e-12;0,00244155365218266;0,00161248040351542;0,00161248040351542;0,00177883224530664;0,00338029831825591;-0,00410505323429067;0,0072012983942616;-0,00410505323429067;0,0072012983942616;100;1;0,9;TRUE;0,69;0,8;FALSE;FALSE;0,69;0,31;0
"hs_pfoa_c_Log2";"hs_Gen_Tot";0,000154688532314652;1e-12;-0,00729480973784016;-0,00583267284776498;-0,00583267284776498;-0,00613833296679855;0,00329692022641513;-0,0133512221485916;-0,000415348346464391;-0,0133512221485916;-0,000415348346464391;100;1;0,9;TRUE;0,98;0,8;TRUE;TRUE;0,02;0,98;0
"hs_pfos_c_Log2";"hs_Gen_Tot";0,000154688532314652;1e-12;-0,00841506850526858;-0,00681029617412378;-0,00681029617412378;-0,00618996762927077;0,00475351300017047;-0,0187291300547771;0,000512517270452178;-0,0187291300547771;0,000512517270452178;100;1;0,9;TRUE;0,95;0,8;TRUE;TRUE;0,05;0,95;0
"hs_pfunda_c_Log2";"hs_Gen_Tot";0,000154688532314652;1e-12;-0,00108655972081353;-0,000964563061961104;-0,000964563061961104;-0,000556679504625352;0,00321399087583008;-0,00702706864752746;0,0054289083592326;-0,00702706864752746;0,0054289083592326;100;1;0,9;TRUE;0,59;0,8;FALSE;FALSE;0,41;0,59;0
"hs_hm_pers_None";"hs_Gen_Tot";0,000154688532314652;1e-12;0,00259477754417652;0,0024427053102864;0,0024427053102864;0,00261129111148394;0,00338017664195375;-0,00719245387969235;0,00778368879455928;-0,00719245387969235;0,00778368879455928;100;1;0,9;TRUE;0,82;0,8;TRUE;TRUE;0,82;0,18;0
"hs_trafload_h_pow1over3";"hs_Gen_Tot";0,000154688532314652;1e-12;0,00281769525599885;0,00175149799574354;0,00175149799574354;0,00151924035086143;0,00380707696133079;-0,00380758162315989;0,00972641079145976;-0,00380758162315989;0,00972641079145976;100;1;0,9;TRUE;0,64;0,8;FALSE;FALSE;0,64;0,36;0
"hs_trafnear_h_pow1over3";"hs_Gen_Tot";0,000154688532314652;1e-12;0,00336834564035636;0,00259367901712661;0,00259367901712661;0,00266958824344399;0,00438083866336308;-0,00560323299924713;0,0109128160827587;-0,00560323299924713;0,0109128160827587;100;1;0,9;TRUE;0,73;0,8;FALSE;FALSE;0,73;0,27;0
"FAS_cat_None_Low";"hs_Gen_Tot";0,000154688532314652;1e-12;0,0220174604751152;0,0175728042250802;0,0175728042250802;0,0167146093121868;0,0177135802733368;-0,0130405448679566;0,0500965533688729;-0,0130405448679566;0,0500965533688729;100;1;0,9;TRUE;0,8;0,8;TRUE;TRUE;0,8;0,2;0
"FAS_cat_None_Middle";"hs_Gen_Tot";0,000154688532314652;1e-12;0,00596681087703212;0,0053338446736476;0,0053338446736476;0,00505622068593558;0,00718928408025919;-0,00895301879763174;0,0194930899744237;-0,00895301879763174;0,0194930899744237;100;1;0,9;TRUE;0,79;0,8;FALSE;FALSE;0,79;0,21;0
"hs_globalexp2_None_no exposure";"hs_Gen_Tot";0,000154688532314652;1e-12;0,007016983671081;0,00732483452743902;0,00732483452743902;0,00709352735273358;0,00664772132180825;-0,00444659537020195;0,0227268201299755;-0,00444659537020195;0,0227268201299755;100;1;0,9;TRUE;0,93;0,8;TRUE;TRUE;0,93;0,07;0
"h_abs_ratio_preg_Log";"hs_bmi_c_cat";0,000154688532314652;1e-12;-0,0490370404365959;-0,0450419641490809;-0,0450419641490809;-0,035063263468241;0,0784503695959136;-0,219862436736379;0,0767600928856305;-0,219862436736379;0,0767600928856305;100;1;0,9;TRUE;0,71;0,8;FALSE;FALSE;0,29;0,71;0
"h_no2_ratio_preg_Log";"hs_bmi_c_cat";0,000154688532314652;1e-12;-0,0582990107266288;-0,0598694422369179;-0,0598694422369179;-0,0429269257567588;0,0728374988568854;-0,215190943037849;0,0516390776332457;-0,215190943037849;0,0516390776332457;100;1;0,9;TRUE;0,78;0,8;FALSE;FALSE;0,22;0,78;0
"h_pm10_ratio_preg_None";"hs_bmi_c_cat";0,000154688532314652;1e-12;0,0139417206213533;0,0137535352461544;0,0137535352461544;0,0173616734550118;0,0774389375073955;-0,142159625784004;0,155895876535449;-0,142159625784004;0,155895876535449;100;1;0,9;TRUE;0,63;0,8;FALSE;FALSE;0,63;0,37;0
"h_pm25_ratio_preg_None";"hs_bmi_c_cat";0,000154688532314652;1e-12;-0,11039681581094;-0,114994637920698;-0,114994637920698;-0,110265722319623;0,0738085761356046;-0,2534537488694;0,0227864017615899;-0,2534537488694;0,0227864017615899;100;1;0,9;TRUE;0,96;0,8;TRUE;TRUE;0,04;0,96;0
"h_accesslines300_preg_dic0";"hs_bmi_c_cat";0,000154688532314652;1e-12;-0,168344802122652;-0,188713890375571;-0,188713890375571;-0,198296730277304;0,170253085287829;-0,491286778681239;0,144707451481109;-0,491286778681239;0,144707451481109;100;1;0,9;TRUE;0,86;0,8;TRUE;TRUE;0,14;0,86;0
"h_accesspoints300_preg_Log";"hs_bmi_c_cat";0,000154688532314652;1e-12;-0,12566295011194;-0,126629687915862;-0,126629687915862;-0,119074797962062;0,0722236701368695;-0,281893109560676;-0,0172099393840901;-0,281893109560676;-0,0172099393840901;100;1;0,9;TRUE;0,99;0,8;TRUE;TRUE;0,01;0,99;0
"h_builtdens300_preg_Sqrt";"hs_bmi_c_cat";0,000154688532314652;1e-12;-8,98191282038342e-05;-0,00036787626963897;-0,00036787626963897;0,00908815461232201;0,0715494064628643;-0,158501259653262;0,126070475163374;-0,158501259653262;0,126070475163374;100;1;0,9;TRUE;0,46;0,8;FALSE;FALSE;0,54;0,46;0
"h_connind300_preg_Sqrt";"hs_bmi_c_cat";0,000154688532314652;1e-12;-0,0437123780549066;-0,051692461312514;-0,051692461312514;-0,0528620433331901;0,067625566417186;-0,170388474256989;0,0686179879359072;-0,170388474256989;0,0686179879359072;100;1;0,9;TRUE;0,8;0,8;TRUE;TRUE;0,2;0,8;0
"h_fdensity300_preg_Log";"hs_bmi_c_cat";0,000154688532314652;1e-12;-0,0945575018180484;-0,0985358589082052;-0,0985358589082052;-0,0965481969250869;0,0732881417171484;-0,236391634044143;0,0266078312242675;-0,236391634044143;0,0266078312242675;100;1;0,9;TRUE;0,91;0,8;TRUE;TRUE;0,09;0,91;0
"h_frichness300_preg_None";"hs_bmi_c_cat";0,000154688532314652;1e-12;-0,0684074141546945;-0,0677339755911147;-0,0677339755911147;-0,0715227123540354;0,0753034823023028;-0,217609155133511;0,099354181238805;-0,217609155133511;0,099354181238805;100;1;0,9;TRUE;0,84;0,8;TRUE;TRUE;0,16;0,84;0
"h_landuseshan300_preg_None";"hs_bmi_c_cat";0,000154688532314652;1e-12;0,0329511829732504;0,0337364115174832;0,0337364115174832;0,0327399478534244;0,0826855034655058;-0,133598544868132;0,179682550039621;-0,133598544868132;0,179682550039621;100;1;0,9;TRUE;0,63;0,8;FALSE;FALSE;0,63;0,37;0
"h_popdens_preg_Sqrt";"hs_bmi_c_cat";0,000154688532314652;1e-12;0,115232632141991;0,124122287187621;0,124122287187621;0,12267344432016;0,07675933530459;-0,0167663753054704;0,264336403182271;-0,0167663753054704;0,264336403182271;100;1;0,9;TRUE;0,94;0,8;TRUE;TRUE;0,94;0,06;0
"h_walkability_mean_preg_None";"hs_bmi_c_cat";0,000154688532314652;1e-12;-0,117150434986725;-0,123846866040342;-0,123846866040342;-0,111520212684891;0,0806555854848411;-0,271463385164657;0,0183571056914658;-0,271463385164657;0,0183571056914658;100;1;0,9;TRUE;0,92;0,8;TRUE;TRUE;0,08;0,92;0
"hs_as_m_Log2";"hs_bmi_c_cat";0,000154688532314652;1e-12;0,109639938318912;0,107182322749518;0,107182322749518;0,112681629735791;0,0769363755358555;-0,068788201581823;0,258747535444764;-0,068788201581823;0,258747535444764;100;1;0,9;TRUE;0,92;0,8;TRUE;TRUE;0,92;0,08;0
"hs_cd_m_Log2";"hs_bmi_c_cat";0,000154688532314652;1e-12;-0,0085832649691494;-0,0142091464719766;-0,0142091464719766;-0,0137746107583838;0,0659850253812962;-0,135395813354929;0,109132950201188;-0,135395813354929;0,109132950201188;100;1;0,9;TRUE;0,63;0,8;FALSE;FALSE;0,37;0,63;0
"hs_co_m_Log2";"hs_bmi_c_cat";0,000154688532314652;1e-12;0,035058933989449;0,039985995488739;0,039985995488739;0,0382582365653177;0,0694836072078634;-0,0779440479379122;0,162985663058057;-0,0779440479379122;0,162985663058057;100;1;0,9;TRUE;0,71;0,8;FALSE;FALSE;0,71;0,29;0
"hs_cs_m_Log2";"hs_bmi_c_cat";0,000154688532314652;1e-12;0,0521669254839572;0,0565640298399605;0,0565640298399605;0,0668873455432354;0,0794948867794656;-0,10034562551142;0,191911055617133;-0,10034562551142;0,191911055617133;100;1;0,9;TRUE;0,78;0,8;FALSE;FALSE;0,78;0,22;0
"hs_cu_m_Log2";"hs_bmi_c_cat";0,000154688532314652;1e-12;-0,104808839060492;-0,109668986329712;-0,109668986329712;-0,108733331034736;0,0665466249492301;-0,243774291788553;0,0305407962382088;-0,243774291788553;0,0305407962382088;100;1;0,9;TRUE;0,96;0,8;TRUE;TRUE;0,04;0,96;0
"hs_hg_m_Log2";"hs_bmi_c_cat";0,000154688532314652;1e-12;-0,00209986688715716;-0,00380483415527963;-0,00380483415527963;-0,00483924049472612;0,075090289704793;-0,156121941223453;0,127697537195512;-0,156121941223453;0,127697537195512;100;1;0,9;TRUE;0,54;0,8;FALSE;FALSE;0,46;0,54;0
"hs_mn_m_Log2";"hs_bmi_c_cat";0,000154688532314652;1e-12;0,0239056596009824;0,0223456243523945;0,0223456243523945;0,0218912605288618;0,064772384200391;-0,105441396161135;0,134844329035574;-0,105441396161135;0,134844329035574;100;1;0,9;TRUE;0,64;0,8;FALSE;FALSE;0,64;0,36;0
"hs_mo_m_Log2";"hs_bmi_c_cat";0,000154688532314652;1e-12;0,0866269159008326;0,0741301883277206;0,0741301883277206;0,088414412033386;0,08192329779542;-0,108660136238444;0,200499097358356;-0,108660136238444;0,200499097358356;100;1;0,9;TRUE;0,8;0,8;TRUE;TRUE;0,8;0,2;0
"hs_pb_m_Log2";"hs_bmi_c_cat";0,000154688532314652;1e-12;0,0484042391858863;0,0529684242209789;0,0529684242209789;0,0632085446605853;0,0647608028400078;-0,0864262838249069;0,160108382821316;-0,0864262838249069;0,160108382821316;100;1;0,9;TRUE;0,81;0,8;TRUE;TRUE;0,81;0,19;0
"h_humidity_preg_None";"hs_bmi_c_cat";0,000154688532314652;1e-12;-0,0112728282305217;-0,0178567678623954;-0,0178567678623954;-0,0171962835617334;0,0633030267107277;-0,128703838576237;0,11479792639149;-0,128703838576237;0,11479792639149;100;1;0,9;TRUE;0,6;0,8;FALSE;FALSE;0,4;0,6;0
"h_pressure_preg_None";"hs_bmi_c_cat";0,000154688532314652;1e-12;-0,0862929755098382;-0,0850613269127419;-0,0850613269127419;-0,0776308393942255;0,0727891532071052;-0,227076491534552;0,0431945991986636;-0,227076491534552;0,0431945991986636;100;1;0,9;TRUE;0,89;0,8;TRUE;TRUE;0,11;0,89;0
"h_temperature_preg_None";"hs_bmi_c_cat";0,000154688532314652;1e-12;0,0247051573445246;0,0300910659119131;0,0300910659119131;0,0280319606278793;0,075477531579461;-0,102487737571146;0,17996477474018;-0,102487737571146;0,17996477474018;100;1;0,9;TRUE;0,64;0,8;FALSE;FALSE;0,64;0,36;0
"h_ndvi100_preg_None";"hs_bmi_c_cat";0,000154688532314652;1e-12;-0,0669068718154131;-0,0675949917761654;-0,0675949917761654;-0,0702203068386506;0,0817170525924284;-0,241589929586351;0,0923917536135631;-0,241589929586351;0,0923917536135631;100;1;0,9;TRUE;0,82;0,8;TRUE;TRUE;0,18;0,82;0
"hs_dde_madj_Log2";"hs_bmi_c_cat";0,000154688532314652;1e-12;0,200476364551288;0,206171527395565;0,206171527395565;0,214661909476907;0,0793806811113092;0,065592631960497;0,345945289490951;0,065592631960497;0,345945289490951;100;1;0,9;TRUE;1;0,8;TRUE;TRUE;1;0;0
"hs_ddt_madj_Log2";"hs_bmi_c_cat";0,000154688532314652;1e-12;-0,00109243634284707;-0,00191573454670198;-0,00191573454670198;0,00224260680541654;0,0744207770492436;-0,142324269979481;0,127057070850296;-0,142324269979481;0,127057070850296;100;1;0,9;TRUE;0,49;0,8;FALSE;FALSE;0,51;0,49;0
"hs_hcb_madj_Log2";"hs_bmi_c_cat";0,000154688532314652;1e-12;-0,0364336197028219;-0,0384677058860432;-0,0384677058860432;-0,0414261466520847;0,0844407319492991;-0,210649332041389;0,122188106556435;-0,210649332041389;0,122188106556435;100;1;0,9;TRUE;0,63;0,8;FALSE;FALSE;0,37;0,63;0
"hs_pcb118_madj_Log2";"hs_bmi_c_cat";0,000154688532314652;1e-12;-0,0555803798890792;-0,0611641200695647;-0,0611641200695647;-0,0607276604251387;0,0689608491711485;-0,209276430356745;0,0868844388001347;-0,209276430356745;0,0868844388001347;100;1;0,9;TRUE;0,83;0,8;TRUE;TRUE;0,17;0,83;0
"hs_pcb138_madj_Log2";"hs_bmi_c_cat";0,000154688532314652;1e-12;-0,0271144162895944;-0,0173815375375557;-0,0173815375375557;-0,0295118234430918;0,0946473369401115;-0,181502455926798;0,195294945803584;-0,181502455926798;0,195294945803584;100;1;0,9;TRUE;0,61;0,8;FALSE;FALSE;0,39;0,61;0
"hs_pcb153_madj_Log2";"hs_bmi_c_cat";0,000154688532314652;1e-12;0,000760509290246419;-0,0120978596370653;-0,0120978596370653;-0,0129247190879084;0,0844191518246109;-0,157713371043673;0,127430642433232;-0,157713371043673;0,127430642433232;100;1;0,9;TRUE;0,42;0,8;FALSE;FALSE;0,42;0,58;0
"hs_pcb170_madj_Log2";"hs_bmi_c_cat";0,000154688532314652;1e-12;-0,200124456044884;-0,195871873250854;-0,195871873250854;-0,187617163986147;0,0701598790869892;-0,345085466056802;-0,079384815528065;-0,345085466056802;-0,079384815528065;100;1;0,9;TRUE;1;0,8;TRUE;TRUE;0;1;0
"hs_pcb180_madj_Log2";"hs_bmi_c_cat";0,000154688532314652;1e-12;-0,0911944944544329;-0,0888025776257761;-0,0888025776257761;-0,101051671774834;0,0768200811126584;-0,207927350011985;0,0819641500994931;-0,207927350011985;0,0819641500994931;100;1;0,9;TRUE;0,86;0,8;TRUE;TRUE;0,14;0,86;0
"hs_sumPCBs5_madj_Log2";"hs_bmi_c_cat";0,000154688532314652;1e-12;-0,0793063125906519;-0,0845205182340546;-0,0845205182340546;-0,0880768915273051;0,0756020440988043;-0,22929217181515;0,053227611699845;-0,22929217181515;0,053227611699845;100;1;0,9;TRUE;0,87;0,8;TRUE;TRUE;0,13;0,87;0
"hs_pfhxs_m_Log2";"hs_bmi_c_cat";0,000154688532314652;1e-12;-0,122618927780131;-0,124334159178558;-0,124334159178558;-0,123451128283099;0,0686092618169749;-0,262107703958148;0,000673562190143005;-0,262107703958148;0,000673562190143005;100;1;0,9;TRUE;0,97;0,8;TRUE;TRUE;0,03;0,97;0
"hs_pfna_m_Log2";"hs_bmi_c_cat";0,000154688532314652;1e-12;0,0842189540626283;0,0872045272506929;0,0872045272506929;0,0823811095096093;0,0679855431382795;-0,0414527993279683;0,205463802641107;-0,0414527993279683;0,205463802641107;100;1;0,9;TRUE;0,91;0,8;TRUE;TRUE;0,91;0,09;0
"hs_pfoa_m_Log2";"hs_bmi_c_cat";0,000154688532314652;1e-12;-0,00629778798181943;-0,00987185049092503;-0,00987185049092503;-0,0110496338714435;0,0645930764347589;-0,13463935590452;0,105294470135579;-0,13463935590452;0,105294470135579;100;1;0,9;TRUE;0,56;0,8;FALSE;FALSE;0,44;0,56;0
"hs_pfos_m_Log2";"hs_bmi_c_cat";0,000154688532314652;1e-12;0,0598838014416952;0,0510713664490389;0,0510713664490389;0,0576592425092637;0,0718789475024195;-0,0867481210668894;0,192935780266317;-0,0867481210668894;0,192935780266317;100;1;0,9;TRUE;0,78;0,8;FALSE;FALSE;0,78;0,22;0
"hs_pfunda_m_Log2";"hs_bmi_c_cat";0,000154688532314652;1e-12;0,0183606575098759;0,0249734247115203;0,0249734247115203;0,0237328036740756;0,0670865502442093;-0,114839421827535;0,143303507202062;-0,114839421827535;0,143303507202062;100;1;0,9;TRUE;0,67;0,8;FALSE;FALSE;0,67;0,33;0
"e3_asmokcigd_p_None";"hs_bmi_c_cat";0,000154688532314652;1e-12;-0,0551316641223873;-0,0571787612132473;-0,0571787612132473;-0,0644375517288277;0,0621478326674607;-0,174502051827264;0,0527923228826714;-0,174502051827264;0,0527923228826714;100;1;0,9;TRUE;0,82;0,8;TRUE;TRUE;0,18;0,82;0
"h_distinvnear1_preg_Log";"hs_bmi_c_cat";0,000154688532314652;1e-12;0,0271297102204394;0,0265036138937571;0,0265036138937571;0,0297847653316567;0,0702544785422868;-0,117891879461955;0,150970461003237;-0,117891879461955;0,150970461003237;100;1;0,9;TRUE;0,66;0,8;FALSE;FALSE;0,66;0,34;0
"h_trafload_preg_pow1over3";"hs_bmi_c_cat";0,000154688532314652;1e-12;0,157056254033813;0,156312113905845;0,156312113905845;0,153869038043343;0,0708485168227924;0,00429248501808917;0,277399904215277;0,00429248501808917;0,277399904215277;100;1;0,9;TRUE;0,97;0,8;TRUE;TRUE;0,97;0,03;0
"h_trafnear_preg_pow1over3";"hs_bmi_c_cat";0,000154688532314652;1e-12;-0,0323990962443525;-0,0279883528041401;-0,0279883528041401;-0,0282582774631767;0,0737903896638521;-0,179085573714066;0,0806734306647588;-0,179085573714066;0,0806734306647588;100;1;0,9;TRUE;0,63;0,8;FALSE;FALSE;0,37;0,63;0
"h_bro_preg_Log";"hs_bmi_c_cat";0,000154688532314652;1e-12;-0,0296524050159654;-0,029397082009814;-0,029397082009814;-0,0301495811894609;0,0762636415711919;-0,15774036678563;0,110094158913728;-0,15774036678563;0,110094158913728;100;1;0,9;TRUE;0,66;0,8;FALSE;FALSE;0,34;0,66;0
"h_clf_preg_Log";"hs_bmi_c_cat";0,000154688532314652;1e-12;-0,0407441731918712;-0,0460483988510572;-0,0460483988510572;-0,0369624438659373;0,0764118728017649;-0,194772745477647;0,0872459972958589;-0,194772745477647;0,0872459972958589;100;1;0,9;TRUE;0,7;0,8;FALSE;FALSE;0,3;0,7;0
"h_thm_preg_Log";"hs_bmi_c_cat";0,000154688532314652;1e-12;-0,0773685020745348;-0,0742697827200536;-0,0742697827200536;-0,0710868930262186;0,0734918880983617;-0,221123792410912;0,0547064168757274;-0,221123792410912;0,0547064168757274;100;1;0,9;TRUE;0,85;0,8;TRUE;TRUE;0,15;0,85;0
"e3_alcpreg_yn_None_1";"hs_bmi_c_cat";0,000154688532314652;1e-12;-0,181511521399898;-0,190055440415209;-0,190055440415209;-0,188534388643716;0,146793197099802;-0,506297782202112;0,0749838459797956;-0,506297782202112;0,0749838459797956;100;1;0,9;TRUE;0,92;0,8;TRUE;TRUE;0,08;0,92;0
"h_pamod_t3_None_Often";"hs_bmi_c_cat";0,000154688532314652;1e-12;-0,158056993208175;-0,174248912059022;-0,174248912059022;-0,16456690511716;0,115149368641155;-0,401304557926595;-0,00120261343994116;-0,401304557926595;-0,00120261343994116;100;1;0,9;TRUE;0,97;0,8;TRUE;TRUE;0,03;0,97;0
"h_pamod_t3_None_Sometimes";"hs_bmi_c_cat";0,000154688532314652;1e-12;0,125477685071273;0,115725009082346;0,115725009082346;0,10773738255156;0,174901383783971;-0,221085382077455;0,450869811170776;-0,221085382077455;0,450869811170776;100;1;0,9;TRUE;0,73;0,8;FALSE;FALSE;0,73;0,27;0
"h_pamod_t3_None_Very Often";"hs_bmi_c_cat";0,000154688532314652;1e-12;0,0688767104646564;0,0488056755043302;0,0488056755043302;0,0559279317335056;0,126258726101312;-0,173037996944787;0,273114919403299;-0,173037996944787;0,273114919403299;100;1;0,9;TRUE;0,63;0,8;FALSE;FALSE;0,63;0,37;0
"h_pavig_t3_None_Low";"hs_bmi_c_cat";0,000154688532314652;1e-12;-0,230723213300477;-0,232450383315835;-0,232450383315835;-0,232659216708454;0,166689535527051;-0,526731662668761;0,0929098605707725;-0,526731662668761;0,0929098605707725;100;1;0,9;TRUE;0,94;0,8;TRUE;TRUE;0,06;0,94;0
"h_pavig_t3_None_Medium";"hs_bmi_c_cat";0,000154688532314652;1e-12;-0,114578008698048;-0,117563848181649;-0,117563848181649;-0,122398081079735;0,170247279952434;-0,432612490770896;0,198204239653878;-0,432612490770896;0,198204239653878;100;1;0,9;TRUE;0,73;0,8;FALSE;FALSE;0,27;0,73;0
"hs_no2_dy_hs_h_Log";"hs_bmi_c_cat";0,000154688532314652;1e-12;-0,117097820751773;-0,101940738147865;-0,101940738147865;-0,0939304423773589;0,0727980175349043;-0,22935973448314;0,0534892774283906;-0,22935973448314;0,0534892774283906;100;1;0,9;TRUE;0,93;0,8;TRUE;TRUE;0,07;0,93;0
"hs_no2_wk_hs_h_Log";"hs_bmi_c_cat";0,000154688532314652;1e-12;0,121395288792387;0,116968214079529;0,116968214079529;0,116943642294635;0,064314869604373;-0,0256907000717456;0,239718047503289;-0,0256907000717456;0,239718047503289;100;1;0,9;TRUE;0,94;0,8;TRUE;TRUE;0,94;0,06;0
"hs_no2_yr_hs_h_Log";"hs_bmi_c_cat";0,000154688532314652;1e-12;0,107275682079679;0,103168293529433;0,103168293529433;0,104609110117884;0,0660330967896495;-0,0220985956147173;0,225080424469878;-0,0220985956147173;0,225080424469878;100;1;0,9;TRUE;0,93;0,8;TRUE;TRUE;0,93;0,07;0
"hs_pm10_dy_hs_h_None";"hs_bmi_c_cat";0,000154688532314652;1e-12;0,109503985476404;0,106026102537708;0,106026102537708;0,0968599843124444;0,0712122166262814;-0,0194779416156229;0,223714112203712;-0,0194779416156229;0,223714112203712;100;1;0,9;TRUE;0,95;0,8;TRUE;TRUE;0,95;0,05;0
"hs_pm10_wk_hs_h_None";"hs_bmi_c_cat";0,000154688532314652;1e-12;-0,145439540324932;-0,123531167250994;-0,123531167250994;-0,131274680281826;0,07002058131017;-0,257732501371841;0,0244863894328716;-0,257732501371841;0,0244863894328716;100;1;0,9;TRUE;0,95;0,8;TRUE;TRUE;0,05;0,95;0
"hs_pm10_yr_hs_h_None";"hs_bmi_c_cat";0,000154688532314652;1e-12;-0,108854030460686;-0,0965609610442578;-0,0965609610442578;-0,10181946225588;0,058094504540852;-0,207724363336503;0,018377094185344;-0,207724363336503;0,018377094185344;100;1;0,9;TRUE;0,94;0,8;TRUE;TRUE;0,06;0,94;0
"hs_pm25_dy_hs_h_None";"hs_bmi_c_cat";0,000154688532314652;1e-12;0,10739602724136;0,102014168099504;0,102014168099504;0,101089017149125;0,0725650184727012;-0,0308489597844379;0,227515400029164;-0,0308489597844379;0,227515400029164;100;1;0,9;TRUE;0,89;0,8;TRUE;TRUE;0,89;0,11;0
"hs_pm25_wk_hs_h_None";"hs_bmi_c_cat";0,000154688532314652;1e-12;-0,0149391992041536;-0,0134965487989144;-0,0134965487989144;-0,0176204324991025;0,0801761616247261;-0,158938489909623;0,165221197851416;-0,158938489909623;0,165221197851416;100;1;0,9;TRUE;0,61;0,8;FALSE;FALSE;0,39;0,61;0
"hs_pm25_yr_hs_h_None";"hs_bmi_c_cat";0,000154688532314652;1e-12;0,0744048818916835;0,0679347826294086;0,0679347826294086;0,0716875738634904;0,0764905488228747;-0,0750133657377633;0,200129024234521;-0,0750133657377633;0,200129024234521;100;1;0,9;TRUE;0,81;0,8;TRUE;TRUE;0,81;0,19;0
"hs_pm25abs_dy_hs_h_Log";"hs_bmi_c_cat";0,000154688532314652;1e-12;-0,0375470218825201;-0,0381266142496898;-0,0381266142496898;-0,0393745182721918;0,0637498591864695;-0,159067078377499;0,07721362875743;-0,159067078377499;0,07721362875743;100;1;0,9;TRUE;0,76;0,8;FALSE;FALSE;0,24;0,76;0
"hs_pm25abs_wk_hs_h_Log";"hs_bmi_c_cat";0,000154688532314652;1e-12;0,0249328685783642;0,0310566912771838;0,0310566912771838;0,0334948641985292;0,0755824592278788;-0,10575393467003;0,192084413502881;-0,10575393467003;0,192084413502881;100;1;0,9;TRUE;0,68;0,8;FALSE;FALSE;0,68;0,32;0
"hs_pm25abs_yr_hs_h_Log";"hs_bmi_c_cat";0,000154688532314652;1e-12;0,0964088102200718;0,0875927695247224;0,0875927695247224;0,0820932366061094;0,0734152317042694;-0,0471998717040267;0,211755661386033;-0,0471998717040267;0,211755661386033;100;1;0,9;TRUE;0,87;0,8;TRUE;TRUE;0,87;0,13;0
"hs_accesslines300_h_dic0";"hs_bmi_c_cat";0,000154688532314652;1e-12;-0,120670745711017;-0,117247496690065;-0,117247496690065;-0,108378164403584;0,169806001230756;-0,429799757670479;0,205623151023153;-0,429799757670479;0,205623151023153;100;1;0,9;TRUE;0,75;0,8;FALSE;FALSE;0,25;0,75;0
"hs_accesspoints300_h_Log";"hs_bmi_c_cat";0,000154688532314652;1e-12;0,0193443337673568;0,0118788042472261;0,0118788042472261;0,0169747015549095;0,076630690612672;-0,122292671762134;0,145412228911969;-0,122292671762134;0,145412228911969;100;1;0,9;TRUE;0,61;0,8;FALSE;FALSE;0,61;0,39;0
"hs_builtdens300_h_Sqrt";"hs_bmi_c_cat";0,000154688532314652;1e-12;-0,0776417091847162;-0,074395746170527;-0,074395746170527;-0,0766026417938206;0,065411155646082;-0,211443047062082;0,041951324683558;-0,211443047062082;0,041951324683558;100;1;0,9;TRUE;0,87;0,8;TRUE;TRUE;0,13;0,87;0
"hs_connind300_h_Log";"hs_bmi_c_cat";0,000154688532314652;1e-12;0,0901313976573557;0,0972323122388399;0,0972323122388399;0,100649387227151;0,0734923991245264;-0,0609963990787835;0,226875516098468;-0,0609963990787835;0,226875516098468;100;1;0,9;TRUE;0,92;0,8;TRUE;TRUE;0,92;0,08;0
"hs_fdensity300_h_Log";"hs_bmi_c_cat";0,000154688532314652;1e-12;-0,034508885556469;-0,0347267876349058;-0,0347267876349058;-0,0385979083708034;0,071742393017774;-0,154464466147496;0,109789615542474;-0,154464466147496;0,109789615542474;100;1;0,9;TRUE;0,7;0,8;FALSE;FALSE;0,3;0,7;0
"hs_landuseshan300_h_None";"hs_bmi_c_cat";0,000154688532314652;1e-12;-0,0410052492571287;-0,0445772605984797;-0,0445772605984797;-0,0443291143393468;0,0726698974180715;-0,180408830178423;0,116671310804012;-0,180408830178423;0,116671310804012;100;1;0,9;TRUE;0,78;0,8;FALSE;FALSE;0,22;0,78;0
"hs_popdens_h_Sqrt";"hs_bmi_c_cat";0,000154688532314652;1e-12;0,0876655153370057;0,0973139635988685;0,0973139635988685;0,0954470294508627;0,0834471537750946;-0,0398456568720531;0,251823947260666;-0,0398456568720531;0,251823947260666;100;1;0,9;TRUE;0,88;0,8;TRUE;TRUE;0,88;0,12;0
"hs_walkability_mean_h_None";"hs_bmi_c_cat";0,000154688532314652;1e-12;0,0119105279026485;0,00812253477765172;0,00812253477765172;0,00796190003721188;0,0670182909186637;-0,143177319175452;0,139770195609869;-0,143177319175452;0,139770195609869;100;1;0,9;TRUE;0,56;0,8;FALSE;FALSE;0,56;0,44;0
"hs_accesslines300_s_dic0";"hs_bmi_c_cat";0,000154688532314652;1e-12;0,167553002654795;0,148440896162119;0,148440896162119;0,166108466378325;0,169128009645573;-0,174349484576244;0,462577632656334;-0,174349484576244;0,462577632656334;100;1;0,9;TRUE;0,77;0,8;FALSE;FALSE;0,77;0,23;0
"hs_accesspoints300_s_Log";"hs_bmi_c_cat";0,000154688532314652;1e-12;-0,20412793938415;-0,210503239819365;-0,210503239819365;-0,206743859297563;0,0729427590924958;-0,337671680812866;-0,0571696601709483;-0,337671680812866;-0,0571696601709483;100;1;0,9;TRUE;1;0,8;TRUE;TRUE;0;1;0
"hs_builtdens300_s_Sqrt";"hs_bmi_c_cat";0,000154688532314652;1e-12;-0,00637021245920288;-0,00995780941905544;-0,00995780941905544;-0,00580917188199516;0,0763261047663145;-0,165214752114593;0,112462120042125;-0,165214752114593;0,112462120042125;100;1;0,9;TRUE;0,53;0,8;FALSE;FALSE;0,47;0,53;0
"hs_connind300_s_Log";"hs_bmi_c_cat";0,000154688532314652;1e-12;-0,0615737764960534;-0,0608100136372772;-0,0608100136372772;-0,0779888376133666;0,0851341343013762;-0,21734890967317;0,106255418866266;-0,21734890967317;0,106255418866266;100;1;0,9;TRUE;0,74;0,8;FALSE;FALSE;0,26;0,74;0
"hs_fdensity300_s_Log";"hs_bmi_c_cat";0,000154688532314652;1e-12;-0,0469374499571299;-0,044647631601879;-0,044647631601879;-0,0422447527920052;0,0785787808075864;-0,198704972931837;0,0902106746386312;-0,198704972931837;0,0902106746386312;100;1;0,9;TRUE;0,73;0,8;FALSE;FALSE;0,27;0,73;0
"hs_landuseshan300_s_None";"hs_bmi_c_cat";0,000154688532314652;1e-12;-0,0841112836116789;-0,0880976853232123;-0,0880976853232123;-0,0767794779985343;0,0797349632463806;-0,247685789329141;0,0711664260284532;-0,247685789329141;0,0711664260284532;100;1;0,9;TRUE;0,87;0,8;TRUE;TRUE;0,13;0,87;0
"hs_popdens_s_Sqrt";"hs_bmi_c_cat";0,000154688532314652;1e-12;-0,0822381308286702;-0,0822945368987889;-0,0822945368987889;-0,0976842894444624;0,0699746714484061;-0,179259338798136;0,0565877627351467;-0,179259338798136;0,0565877627351467;100;1;0,9;TRUE;0,86;0,8;TRUE;TRUE;0,14;0,86;0
"h_Absorbance_Log";"hs_bmi_c_cat";0,000154688532314652;1e-12;-0,0441566250581332;-0,0465856188930007;-0,0465856188930007;-0,058613634187886;0,0772642747274882;-0,168452654826641;0,113219172656481;-0,168452654826641;0,113219172656481;100;1;0,9;TRUE;0,75;0,8;FALSE;FALSE;0,25;0,75;0
"h_Benzene_Log";"hs_bmi_c_cat";0,000154688532314652;1e-12;0,0197389998940817;0,018325000704415;0,018325000704415;0,0173937826306097;0,0676271648854221;-0,102091911330828;0,155667749870001;-0,102091911330828;0,155667749870001;100;1;0,9;TRUE;0,55;0,8;FALSE;FALSE;0,55;0,45;0
"h_NO2_Log";"hs_bmi_c_cat";0,000154688532314652;1e-12;0,0115859575569562;0,0157600960809858;0,0157600960809858;0,0167312647038423;0,0697035535589711;-0,12473846718021;0,147937984958661;-0,12473846718021;0,147937984958661;100;1;0,9;TRUE;0,57;0,8;FALSE;FALSE;0,57;0,43;0
"h_PM_Log";"hs_bmi_c_cat";0,000154688532314652;1e-12;0,1306076004924;0,133968797581692;0,133968797581692;0,137358269949716;0,0643291103173658;0,00843485085618949;0,24681956695041;0,00843485085618949;0,24681956695041;100;1;0,9;TRUE;0,98;0,8;TRUE;TRUE;0,98;0,02;0
"h_TEX_Log";"hs_bmi_c_cat";0,000154688532314652;1e-12;0,0396321971716031;0,0330840307631731;0,0330840307631731;0,0335779933252559;0,0842423284060878;-0,11333456053809;0,183589663967314;-0,11333456053809;0,183589663967314;100;1;0,9;TRUE;0,64;0,8;FALSE;FALSE;0,64;0,36;0
"hs_KIDMED_None";"hs_bmi_c_cat";0,000154688532314652;1e-12;0,0859437164743146;0,0902307860603435;0,0902307860603435;0,0948376911881729;0,0695205275783389;-0,0589674903697075;0,208594473552354;-0,0589674903697075;0,208594473552354;100;1;0,9;TRUE;0,91;0,8;TRUE;TRUE;0,91;0,09;0
"hs_mvpa_prd_alt_None";"hs_bmi_c_cat";0,000154688532314652;1e-12;-0,0765391590913112;-0,0716478203490996;-0,0716478203490996;-0,0732366143264594;0,0743275046841307;-0,19654430051771;0,0802480873093209;-0,19654430051771;0,0802480873093209;100;1;0,9;TRUE;0,85;0,8;TRUE;TRUE;0,15;0,85;0
"hs_sd_wk_None";"hs_bmi_c_cat";0,000154688532314652;1e-12;0,0538184583003214;0,0464359333399041;0,0464359333399041;0,0410321087113163;0,0668996407559505;-0,0731543770348547;0,164798167408296;-0,0731543770348547;0,164798167408296;100;1;0,9;TRUE;0,78;0,8;FALSE;FALSE;0,78;0,22;0
"hs_dif_hours_total_None";"hs_bmi_c_cat";0,000154688532314652;1e-12;-0,0814298208812457;-0,0840900807519293;-0,0840900807519293;-0,0897093022461178;0,0640180828153163;-0,20229405784839;0,0270637184562188;-0,20229405784839;0,0270637184562188;100;1;0,9;TRUE;0,88;0,8;TRUE;TRUE;0,12;0,88;0
"hs_as_c_Log2";"hs_bmi_c_cat";0,000154688532314652;1e-12;-0,0245402882790414;-0,0188251225500924;-0,0188251225500924;-0,0126805444658962;0,0621973770804912;-0,141267193883274;0,100724955013802;-0,141267193883274;0,100724955013802;100;1;0,9;TRUE;0,63;0,8;FALSE;FALSE;0,37;0,63;0
"hs_cd_c_Log2";"hs_bmi_c_cat";0,000154688532314652;1e-12;0,0135595751240502;0,0093722626188197;0,0093722626188197;0,0162367905273401;0,0659192135390974;-0,115228582061068;0,138867462361296;-0,115228582061068;0,138867462361296;100;1;0,9;TRUE;0,57;0,8;FALSE;FALSE;0,57;0,43;0
"hs_co_c_Log2";"hs_bmi_c_cat";0,000154688532314652;1e-12;-0,110132948636582;-0,112249701422679;-0,112249701422679;-0,112208514420056;0,0608313102119049;-0,21708308666409;0,0162285978260293;-0,21708308666409;0,0162285978260293;100;1;0,9;TRUE;0,96;0,8;TRUE;TRUE;0,04;0,96;0
"hs_cs_c_Log2";"hs_bmi_c_cat";0,000154688532314652;1e-12;0,205130384427642;0,199223628756378;0,199223628756378;0,204025121474775;0,06944142041174;0,0780403113218286;0,332447718393918;0,0780403113218286;0,332447718393918;100;1;0,9;TRUE;1;0,8;TRUE;TRUE;1;0;0
"hs_cu_c_Log2";"hs_bmi_c_cat";0,000154688532314652;1e-12;0,245137920974396;0,255033552892109;0,255033552892109;0,259809952740839;0,0793159545501817;0,101395274659887;0,40998068451248;0,101395274659887;0,40998068451248;100;1;0,9;TRUE;1;0,8;TRUE;TRUE;1;0;0
"hs_hg_c_Log2";"hs_bmi_c_cat";0,000154688532314652;1e-12;-0,0347319527562406;-0,0371750421458941;-0,0371750421458941;-0,0385073975605573;0,0706621956931322;-0,16493384328821;0,0974513135923986;-0,16493384328821;0,0974513135923986;100;1;0,9;TRUE;0,66;0,8;FALSE;FALSE;0,34;0,66;0
"hs_mn_c_Log2";"hs_bmi_c_cat";0,000154688532314652;1e-12;-0,019640361483247;-0,0184776764206938;-0,0184776764206938;-0,0184087606297978;0,0685855769719556;-0,123706907185299;0,125304692556279;-0,123706907185299;0,125304692556279;100;1;0,9;TRUE;0,61;0,8;FALSE;FALSE;0,39;0,61;0
"hs_mo_c_Log2";"hs_bmi_c_cat";0,000154688532314652;1e-12;-0,0566086448999632;-0,063877689693017;-0,063877689693017;-0,0700741542115119;0,0667516243136387;-0,19533004786235;0,0733658140730189;-0,19533004786235;0,0733658140730189;100;1;0,9;TRUE;0,85;0,8;TRUE;TRUE;0,15;0,85;0
"hs_pb_c_Log2";"hs_bmi_c_cat";0,000154688532314652;1e-12;-0,126088456691977;-0,128807128931038;-0,128807128931038;-0,134938750115567;0,0667744911285016;-0,256467829415351;0,0112403293773753;-0,256467829415351;0,0112403293773753;100;1;0,9;TRUE;0,96;0,8;TRUE;TRUE;0,04;0,96;0
"hs_hum_mt_hs_h_None";"hs_bmi_c_cat";0,000154688532314652;1e-12;0,15557959421383;0,160775955144212;0,160775955144212;0,165502066454323;0,0809381543262213;-0,00776744734653119;0,285975533645891;-0,00776744734653119;0,285975533645891;100;1;0,9;TRUE;0,96;0,8;TRUE;TRUE;0,96;0,04;0
"hs_tm_mt_hs_h_None";"hs_bmi_c_cat";0,000154688532314652;1e-12;0,0163210620175372;0,0170893335486421;0,0170893335486421;0,0197818933737978;0,0604726511815066;-0,0973883491943518;0,13449997607021;-0,0973883491943518;0,13449997607021;100;1;0,9;TRUE;0,62;0,8;FALSE;FALSE;0,62;0,38;0
"hs_uvdvf_mt_hs_h_None";"hs_bmi_c_cat";0,000154688532314652;1e-12;0,133972935318025;0,121334673917735;0,121334673917735;0,121319897007474;0,0606326831265227;0,0137173538063044;0,220988881886871;0,0137173538063044;0,220988881886871;100;1;0,9;TRUE;1;0,8;TRUE;TRUE;1;0;0
"hs_hum_dy_hs_h_None";"hs_bmi_c_cat";0,000154688532314652;1e-12;0,00587253164704387;0,0103444000973484;0,0103444000973484;0,0145402038757787;0,0820984411434615;-0,143945186785217;0,158802775709417;-0,143945186785217;0,158802775709417;100;1;0,9;TRUE;0,59;0,8;FALSE;FALSE;0,59;0,41;0
"hs_hum_wk_hs_h_None";"hs_bmi_c_cat";0,000154688532314652;1e-12;0,0307259612249011;0,0303182017436487;0,0303182017436487;0,0231605201158134;0,0877645039085731;-0,130188853968848;0,204095340971231;-0,130188853968848;0,204095340971231;100;1;0,9;TRUE;0,59;0,8;FALSE;FALSE;0,59;0,41;0
"hs_tm_dy_hs_h_None";"hs_bmi_c_cat";0,000154688532314652;1e-12;-0,111212812486227;-0,102289490323912;-0,102289490323912;-0,120366596896025;0,0835975475463846;-0,233261345827469;0,0584356685527169;-0,233261345827469;0,0584356685527169;100;1;0,9;TRUE;0,84;0,8;TRUE;TRUE;0,16;0,84;0
"hs_tm_wk_hs_h_None";"hs_bmi_c_cat";0,000154688532314652;1e-12;0,0404162596559522;0,0359973028747439;0,0359973028747439;0,0345711786870555;0,0530388125311651;-0,058056423112895;0,146249940105619;-0,058056423112895;0,146249940105619;100;1;0,9;TRUE;0,74;0,8;FALSE;FALSE;0,74;0,26;0
"hs_uvdvf_dy_hs_h_None";"hs_bmi_c_cat";0,000154688532314652;1e-12;-0,0859931667757847;-0,085240416465026;-0,085240416465026;-0,0871109858742847;0,0578599058403034;-0,196993155124872;0,0266595800367203;-0,196993155124872;0,0266595800367203;100;1;0,9;TRUE;0,93;0,8;TRUE;TRUE;0,07;0,93;0
"hs_uvdvf_wk_hs_h_None";"hs_bmi_c_cat";0,000154688532314652;1e-12;-0,0841616623660629;-0,0839183308619701;-0,0839183308619701;-0,0919236053719864;0,0577120224007684;-0,186994921809593;0,0258787893457633;-0,186994921809593;0,0258787893457633;100;1;0,9;TRUE;0,88;0,8;TRUE;TRUE;0,12;0,88;0
"hs_ndvi100_h_None";"hs_bmi_c_cat";0,000154688532314652;1e-12;0,0107838738918533;0,00757162365534631;0,00757162365534631;0,0131809159255662;0,0851131504965;-0,179388168828817;0,168007635806498;-0,179388168828817;0,168007635806498;100;1;0,9;TRUE;0,58;0,8;FALSE;FALSE;0,58;0,42;0
"hs_ndvi100_s_None";"hs_bmi_c_cat";0,000154688532314652;1e-12;-0,0994723397458886;-0,0926162928691406;-0,0926162928691406;-0,0868617095539375;0,0780628664424238;-0,248546571645086;0,0452566845175638;-0,248546571645086;0,0452566845175638;100;1;0,9;TRUE;0,87;0,8;TRUE;TRUE;0,13;0,87;0
"hs_dde_cadj_Log2";"hs_bmi_c_cat";0,000154688532314652;1e-12;-0,240276549422413;-0,231769291295006;-0,231769291295006;-0,232151735982734;0,0865942406982495;-0,383304514539098;-0,0786490037702133;-0,383304514539098;-0,0786490037702133;100;1;0,9;TRUE;1;0,8;TRUE;TRUE;0;1;0
"hs_ddt_cadj_Log2";"hs_bmi_c_cat";0,000154688532314652;1e-12;0,00208007082172868;-0,00920574694518929;-0,00920574694518929;-0,00387809088514513;0,0623813969888529;-0,135468976588602;0,103375991300605;-0,135468976588602;0,103375991300605;100;1;0,9;TRUE;0,48;0,8;FALSE;FALSE;0,48;0,52;0
"hs_hcb_cadj_Log2";"hs_bmi_c_cat";0,000154688532314652;1e-12;-0,237401301115413;-0,326396376993666;-0,326396376993666;-0,242061379489024;0,189773122450672;-0,664993665465099;-0,0886920091681755;-0,664993665465099;-0,0886920091681755;100;1;0,9;TRUE;1;0,8;TRUE;TRUE;0;1;0
"hs_pcb118_cadj_Log2";"hs_bmi_c_cat";0,000154688532314652;1e-12;0,0623408884211103;0,0557282711238582;0,0557282711238582;0,0611782593428377;0,067196518592961;-0,0872538309778584;0,174109475971494;-0,0872538309778584;0,174109475971494;100;1;0,9;TRUE;0,82;0,8;TRUE;TRUE;0,82;0,18;0
"hs_pcb138_cadj_Log2";"hs_bmi_c_cat";0,000154688532314652;1e-12;0,111187451237944;0,0858391933132316;0,0858391933132316;0,10795039091889;0,0882641242846307;-0,187934409892413;0,19565781108622;-0,187934409892413;0,19565781108622;100;1;0,9;TRUE;0,86;0,8;TRUE;TRUE;0,86;0,14;0
"hs_pcb153_cadj_Log2";"hs_bmi_c_cat";0,000154688532314652;1e-12;-0,232865294580198;-0,225050768267862;-0,225050768267862;-0,220496799163343;0,068471747366855;-0,337661813922244;-0,089005820118576;-0,337661813922244;-0,089005820118576;100;1;0,9;TRUE;1;0,8;TRUE;TRUE;0;1;0
"hs_pcb170_cadj_Log2";"hs_bmi_c_cat";0,000154688532314652;1e-12;-0,290411206672775;-0,296989528161808;-0,296989528161808;-0,294400981353695;0,0851441375178348;-0,499592442310267;-0,139791773995457;-0,499592442310267;-0,139791773995457;100;1;0,9;TRUE;1;0,8;TRUE;TRUE;0;1;0
"hs_pcb180_cadj_Log2";"hs_bmi_c_cat";0,000154688532314652;1e-12;-0,0293304406433214;-0,0415790634769646;-0,0415790634769646;-0,036008056849644;0,0738097230120672;-0,193577627459772;0,102152482877198;-0,193577627459772;0,102152482877198;100;1;0,9;TRUE;0,71;0,8;FALSE;FALSE;0,29;0,71;0
"hs_sumPCBs5_cadj_Log2";"hs_bmi_c_cat";0,000154688532314652;1e-12;-0,284878224771571;-0,271657050634023;-0,271657050634023;-0,270417119979527;0,0539775089175742;-0,376223396901122;-0,159318537771328;-0,376223396901122;-0,159318537771328;100;1;0,9;TRUE;1;0,8;TRUE;TRUE;0;1;0
"hs_pfhxs_c_Log2";"hs_bmi_c_cat";0,000154688532314652;1e-12;-0,0134306050645218;-0,0111002277659418;-0,0111002277659418;-0,0174224184859596;0,0671156018815175;-0,141900103607536;0,115399376227232;-0,141900103607536;0,115399376227232;100;1;0,9;TRUE;0,59;0,8;FALSE;FALSE;0,41;0,59;0
"hs_pfna_c_Log2";"hs_bmi_c_cat";0,000154688532314652;1e-12;-0,00586345749678034;-0,00588367016792073;-0,00588367016792073;-0,0157425813124971;0,0822020099448851;-0,17198516427007;0,157379026443817;-0,17198516427007;0,157379026443817;100;1;0,9;TRUE;0,55;0,8;FALSE;FALSE;0,45;0,55;0
"hs_pfoa_c_Log2";"hs_bmi_c_cat";0,000154688532314652;1e-12;-0,0342672769007469;-0,0299672389209632;-0,0299672389209632;-0,02565814368224;0,0675513550435501;-0,156670140389744;0,0921364950165035;-0,156670140389744;0,0921364950165035;100;1;0,9;TRUE;0,64;0,8;FALSE;FALSE;0,36;0,64;0
"hs_pfos_c_Log2";"hs_bmi_c_cat";0,000154688532314652;1e-12;0,00256019615165097;0,00209890089520882;0,00209890089520882;-0,00523426758734748;0,084844392744886;-0,154501076913747;0,16731372995906;-0,154501076913747;0,16731372995906;100;1;0,9;TRUE;0,47;0,8;FALSE;FALSE;0,47;0,53;0
"hs_pfunda_c_Log2";"hs_bmi_c_cat";0,000154688532314652;1e-12;-0,00703162073990473;-0,00848619088432059;-0,00848619088432059;-0,00569766531400334;0,076052141961386;-0,172067690757896;0,117187336416662;-0,172067690757896;0,117187336416662;100;1;0,9;TRUE;0,54;0,8;FALSE;FALSE;0,46;0,54;0
"hs_hm_pers_None";"hs_bmi_c_cat";0,000154688532314652;1e-12;0,00335362643995667;0,00643075280268088;0,00643075280268088;0,0111165355342249;0,0660027807924831;-0,140945747324008;0,138234098156045;-0,140945747324008;0,138234098156045;100;1;0,9;TRUE;0,59;0,8;FALSE;FALSE;0,59;0,41;0
"hs_trafload_h_pow1over3";"hs_bmi_c_cat";0,000154688532314652;1e-12;-0,0754493823406713;-0,0756433803271435;-0,0756433803271435;-0,079361633277392;0,0724318062894078;-0,191099430208658;0,0683921275253244;-0,191099430208658;0,0683921275253244;100;1;0,9;TRUE;0,81;0,8;TRUE;TRUE;0,19;0,81;0
"hs_trafnear_h_pow1over3";"hs_bmi_c_cat";0,000154688532314652;1e-12;0,0743882633164538;0,0749214863164608;0,0749214863164608;0,0906670497591998;0,0754775852204879;-0,0703986205486581;0,173243649334732;-0,0703986205486581;0,173243649334732;100;1;0,9;TRUE;0,8;0,8;TRUE;TRUE;0,8;0,2;0
"FAS_cat_None_Low";"hs_bmi_c_cat";0,000154688532314652;1e-12;-0,37497337599485;-0,398880463099428;-0,398880463099428;-0,405892123403516;0,251997459672537;-0,906853175434609;0,0389729467421295;-0,906853175434609;0,0389729467421295;100;1;0,9;TRUE;0,96;0,8;TRUE;TRUE;0,04;0,96;0
"FAS_cat_None_Middle";"hs_bmi_c_cat";0,000154688532314652;1e-12;-0,123840856788192;-0,135201398649176;-0,135201398649176;-0,149621289859887;0,147845662499649;-0,420441212945671;0,149881535684031;-0,420441212945671;0,149881535684031;100;1;0,9;TRUE;0,82;0,8;TRUE;TRUE;0,18;0,82;0
"hs_globalexp2_None_no exposure";"hs_bmi_c_cat";0,000154688532314652;1e-12;-0,0509913376000683;-0,0478322685236603;-0,0478322685236603;-0,0627007325543398;0,143255767678239;-0,279215354067909;0,223020391152505;-0,279215354067909;0,223020391152505;100;1;0,9;TRUE;0,63;0,8;FALSE;FALSE;0,37;0,63;0
