"exposure";"outcome";"lambda";"selection_tol";"beta_original";"beta_boot_mean_all";"beta_boot_mean_selected";"beta_boot_median_selected";"beta_boot_sd_all";"beta_boot_q025_all";"beta_boot_q975_all";"beta_boot_q025_selected";"beta_boot_q975_selected";"n_selected";"sel_prob";"sel_prob_threshold";"passes_sel_prob";"sign_consistency";"sign_consistency_threshold";"passes_sign_consistency";"passes_stability_filter";"prop_positive";"prop_negative";"prop_zero"
"h_abs_ratio_preg_Log";"e3_bw";0,23895795329256;1e-12;0,00529799032600191;-0,0044720772382914;-0,00456334412070551;-0,00548706191817934;0,0263147495104992;-0,0593130209140643;0,0401879007491104;-0,0595713132733929;0,0402085177476839;98;0,98;0,9;TRUE;0,428571428571429;0,8;FALSE;FALSE;0,42;0,56;0,02
"h_no2_ratio_preg_Log";"e3_bw";0,23895795329256;1e-12;0,0155272535442638;0,0207070646981455;0,0209162269678237;0,0199738186496864;0,0276234436307606;-0,0413282450292858;0,073712300286183;-0,041466890738932;0,0738124561437397;99;0,99;0,9;TRUE;0,787878787878788;0,8;FALSE;FALSE;0,78;0,21;0,01
"h_pm10_ratio_preg_None";"e3_bw";0,23895795329256;1e-12;0;-0,000926833875607881;-0,00162602434317172;-0,00147079141910088;0,0120106385134289;-0,0291068126795873;0,0244959512519543;-0,0353116157299183;0,0358717995731489;57;0,57;0,9;FALSE;NA;0,8;FALSE;FALSE;0,27;0,3;0,43
"h_pm25_ratio_preg_None";"e3_bw";0,23895795329256;1e-12;0,0103823129063455;0,0156542776898572;0,0170155192281056;0,0168749331166925;0,0137886019865184;-0,00634112550826849;0,0419154035332735;-0,0064359748908634;0,0420796886340003;92;0,92;0,9;TRUE;0,934782608695652;0,8;TRUE;TRUE;0,86;0,06;0,08
"h_accesslines300_preg_dic0";"e3_bw";0,23895795329256;1e-12;-0,00775099324074096;0,0187808697563665;0,019769336585649;0,00855052835968041;0,0689407231119265;-0,109453293442388;0,149111945029141;-0,1094658669356;0,149336782243149;95;0,95;0,9;TRUE;0,442105263157895;0,8;FALSE;FALSE;0,53;0,42;0,05
"h_accesspoints300_preg_Log";"e3_bw";0,23895795329256;1e-12;0,00129374841131527;0,0201123642154649;0,0236616049593705;0,0137168555505652;0,0268573957415012;-0,00137186745189968;0,0911368260815295;-0,00158258005846023;0,0913060283584845;85;0,85;0,9;FALSE;0,905882352941176;0,8;TRUE;FALSE;0,77;0,08;0,15
"h_builtdens300_preg_Sqrt";"e3_bw";0,23895795329256;1e-12;0;0,0033924679542515;0,00477812387922746;0,00405670949795777;0,00921528787919881;-0,0125442080060214;0,0242134728795337;-0,0132323327146672;0,0279617821763688;71;0,71;0,9;FALSE;NA;0,8;FALSE;FALSE;0,47;0,24;0,29
"h_connind300_preg_Sqrt";"e3_bw";0,23895795329256;1e-12;-0,000367798871249734;-0,000324674619480436;-0,000427203446684784;-0,00100602429747223;0,0172543736266053;-0,0366881493753456;0,0353414314949949;-0,0383700963299659;0,0382041674075816;76;0,76;0,9;FALSE;0,578947368421053;0,8;FALSE;FALSE;0,32;0,44;0,24
"h_fdensity300_preg_Log";"e3_bw";0,23895795329256;1e-12;0,00217636150886528;-0,000460434465306375;-0,000590300596546634;0,00122376337876425;0,0194292025306518;-0,0537756166112273;0,0392518938322325;-0,0555755678566604;0,0408664410208542;78;0,78;0,9;FALSE;0,602564102564103;0,8;FALSE;FALSE;0,47;0,31;0,22
"h_frichness300_preg_None";"e3_bw";0,23895795329256;1e-12;0;0,0120618394596978;0,0169885062812645;0,0123437080242962;0,0169942754925246;-0,00354492834034766;0,0519336639074384;-0,00552711865836642;0,0576806824446795;71;0,71;0,9;FALSE;NA;0,8;FALSE;FALSE;0,65;0,06;0,29
"h_landuseshan300_preg_None";"e3_bw";0,23895795329256;1e-12;-0,00870881325207904;0,00358223698743688;0,00373149686191341;0,00120910905841183;0,016386213835329;-0,0227525663839152;0,0443489059767645;-0,02295191379202;0,0446466241963527;96;0,96;0,9;TRUE;0,458333333333333;0,8;FALSE;FALSE;0,52;0,44;0,04
"h_popdens_preg_Sqrt";"e3_bw";0,23895795329256;1e-12;-0,0134142142866796;-0,0107047087056613;-0,0110357821707848;-0,0106461675352952;0,0176176069793266;-0,0443017558370538;0,0191832108877968;-0,0443472528985562;0,0196397528955402;97;0,97;0,9;TRUE;0,752577319587629;0,8;FALSE;FALSE;0,24;0,73;0,03
"h_walkability_mean_preg_None";"e3_bw";0,23895795329256;1e-12;0,00576284944042746;-0,0133099039347014;-0,0141594722709589;-0,0111626260914375;0,0214295266651869;-0,0573128090845664;0,0129839662319742;-0,0591878513380876;0,0135392516057407;94;0,94;0,9;TRUE;0,234042553191489;0,8;FALSE;FALSE;0,22;0,72;0,06
"hs_as_m_Log2";"e3_bw";0,23895795329256;1e-12;0,00188819172163691;0,00289024367488891;0,0030747273137116;0,00371393087280888;0,0134010075143573;-0,0193735202921736;0,0234989467541886;-0,0196006379666883;0,0235986030140373;94;0,94;0,9;TRUE;0,627659574468085;0,8;FALSE;FALSE;0,59;0,35;0,06
"hs_cd_m_Log2";"e3_bw";0,23895795329256;1e-12;-0,0065976847206603;-0,00327674160359582;-0,00337808412741837;-0,00232332591494684;0,0156673070919121;-0,0322813173828416;0,0292345093276948;-0,0326528562427129;0,029437620422562;97;0,97;0,9;TRUE;0,587628865979381;0,8;FALSE;FALSE;0,4;0,57;0,03
"hs_co_m_Log2";"e3_bw";0,23895795329256;1e-12;0,00688756992607763;0,0101326969009248;0,0103394866335968;0,0103104415812703;0,0175469980277097;-0,0199508990744106;0,043390769713485;-0,0200488867202728;0,043473536126091;98;0,98;0,9;TRUE;0,755102040816326;0,8;FALSE;FALSE;0,74;0,24;0,02
"hs_cs_m_Log2";"e3_bw";0,23895795329256;1e-12;0;-0,0116965708838978;-0,0140922540769853;-0,00475973197957716;0,0194892680812262;-0,0652669608829673;0,00721632822327168;-0,0660280294566953;0,00953260424090459;83;0,83;0,9;FALSE;NA;0,8;FALSE;FALSE;0,2;0,63;0,17
"hs_cu_m_Log2";"e3_bw";0,23895795329256;1e-12;0,0061744476691627;0,00374018388151734;0,00402170309840574;0,00325958907912874;0,0139698030771469;-0,0227695238742762;0,0389714067787812;-0,0230443189267946;0,0393383850858346;93;0,93;0,9;TRUE;0,602150537634409;0,8;FALSE;FALSE;0,56;0,37;0,07
"hs_hg_m_Log2";"e3_bw";0,23895795329256;1e-12;-0,000592870796414902;-0,0031638327100705;-0,00385833257325671;-0,00263865280480057;0,0119903576662561;-0,0318265143447956;0,0195377391955065;-0,032169798958436;0,020444484195514;82;0,82;0,9;FALSE;0,682926829268293;0,8;FALSE;FALSE;0,26;0,56;0,18
"hs_mn_m_Log2";"e3_bw";0,23895795329256;1e-12;0,00733296517907996;0,00831009762438625;0,00884052938764494;0,00639421304518369;0,0118652688512164;-0,00919624431496289;0,0345798280302803;-0,00941997837405818;0,0346131022205958;94;0,94;0,9;TRUE;0,808510638297872;0,8;TRUE;TRUE;0,76;0,18;0,06
"hs_mo_m_Log2";"e3_bw";0,23895795329256;1e-12;0,0157784471097402;0,00870604333383661;0,00870604333383661;0,00864872671751247;0,0141925555776026;-0,0150710209587174;0,0362459652427857;-0,0150710209587174;0,0362459652427857;100;1;0,9;TRUE;0,72;0,8;FALSE;FALSE;0,72;0,28;0
"hs_pb_m_Log2";"e3_bw";0,23895795329256;1e-12;0;-0,00219764422608186;-0,00293019230144248;-0,00061073454816981;0,0103661093797785;-0,0296145815188269;0,0164557394744704;-0,0314245543109539;0,0184775235456208;75;0,75;0,9;FALSE;NA;0,8;FALSE;FALSE;0,35;0,4;0,25
"h_humidity_preg_None";"e3_bw";0,23895795329256;1e-12;-0,0274467725614151;-0,0185570129621251;-0,0189357275123726;-0,020519637885979;0,029484687837284;-0,0703240005554236;0,0500456488120989;-0,0707564646822592;0,05008482797294;98;0,98;0,9;TRUE;0,755102040816326;0,8;FALSE;FALSE;0,24;0,74;0,02
"h_pressure_preg_None";"e3_bw";0,23895795329256;1e-12;0,00455671905660869;0,00403316976548554;0,00453165142189387;0,00177600888806755;0,0156931591349737;-0,022815732120998;0,0484084779277607;-0,0236667128026478;0,0499327034706216;89;0,89;0,9;FALSE;0,617977528089888;0,8;FALSE;FALSE;0,55;0,34;0,11
"h_temperature_preg_None";"e3_bw";0,23895795329256;1e-12;0,00446144860733508;0,025467954533516;0,02894085742445;0,0251021892326585;0,0241545455344105;-0,00155399464670546;0,0801583210115481;-0,00193820318340751;0,0823556468973;88;0,88;0,9;FALSE;0,943181818181818;0,8;TRUE;FALSE;0,83;0,05;0,12
"h_ndvi100_preg_None";"e3_bw";0,23895795329256;1e-12;0;0,00351456576626198;0,00474941319765132;0,00270316608266399;0,0143793655901063;-0,0216045695689818;0,0350494289821612;-0,0237186074295847;0,0361075782792389;74;0,74;0,9;FALSE;NA;0,8;FALSE;FALSE;0,46;0,28;0,26
"hs_dde_madj_Log2";"e3_bw";0,23895795329256;1e-12;-0,013597023782242;-0,0276025934829118;-0,0276025934829118;-0,0263518590366369;0,0189221338440675;-0,073701164209388;0,000258652409704962;-0,073701164209388;0,000258652409704962;100;1;0,9;TRUE;0,97;0,8;TRUE;TRUE;0,03;0,97;0
"hs_ddt_madj_Log2";"e3_bw";0,23895795329256;1e-12;0,00123121046134742;-0,00289897544801285;-0,00325727578428411;-0,00241733194031021;0,010890687780525;-0,0246805423584889;0,0186045443494958;-0,0267100186972695;0,0188305211159654;89;0,89;0,9;FALSE;0,359550561797753;0,8;FALSE;FALSE;0,32;0,57;0,11
"hs_hcb_madj_Log2";"e3_bw";0,23895795329256;1e-12;0,00734073042357962;0,00708390561928714;0,00795944451605297;0,00616251622340195;0,0136298773986939;-0,0190266117605621;0,0371480145592568;-0,0191971594823194;0,0382690828371444;89;0,89;0,9;FALSE;0,808988764044944;0,8;TRUE;FALSE;0,72;0,17;0,11
"hs_pcb118_madj_Log2";"e3_bw";0,23895795329256;1e-12;-0,0171476036708942;-0,0179084597792635;-0,0180893533123874;-0,019052118307518;0,0187642862052553;-0,0604022091957744;0,0191803533163214;-0,060698803457565;0,01939040785431;99;0,99;0,9;TRUE;0,858585858585859;0,8;TRUE;TRUE;0,14;0,85;0,01
"hs_pcb138_madj_Log2";"e3_bw";0,23895795329256;1e-12;0,0042451342355698;0,0059863066722522;0,006651451858058;0,00699400369652075;0,014402381310832;-0,0259412965428524;0,0343811150040952;-0,0260043870497613;0,0352278865345812;90;0,9;0,9;TRUE;0,777777777777778;0,8;FALSE;FALSE;0,7;0,2;0,1
"hs_pcb153_madj_Log2";"e3_bw";0,23895795329256;1e-12;4,91291129930215e-05;-0,00426231569205885;-0,00539533631906183;-0,00105456424055003;0,0168731499381723;-0,0461240993535485;0,0200145872164878;-0,0466365866950734;0,0213850723739848;79;0,79;0,9;FALSE;0,417721518987342;0,8;FALSE;FALSE;0,33;0,46;0,21
"hs_pcb170_madj_Log2";"e3_bw";0,23895795329256;1e-12;-0,000408307896508975;0,00989532398152105;0,010097269368899;0,00564366186962844;0,0236137452130189;-0,0343671149050458;0,0703950685772419;-0,0344155261556326;0,0708859801213037;98;0,98;0,9;TRUE;0,275510204081633;0,8;FALSE;FALSE;0,71;0,27;0,02
"hs_pcb180_madj_Log2";"e3_bw";0,23895795329256;1e-12;0,00433439607228971;0,00923304509776798;0,011259811094839;0,0136657139526814;0,0149011958142344;-0,0185822480717254;0,0380699155231707;-0,0207766185276153;0,0434727759288769;82;0,82;0,9;FALSE;0,780487804878049;0,8;FALSE;FALSE;0,64;0,18;0,18
"hs_sumPCBs5_madj_Log2";"e3_bw";0,23895795329256;1e-12;-0,00252189562952236;-0,0112020750030429;-0,0128759482793597;-0,0116769176180979;0,0176829329124396;-0,0487161098733718;0,0225561351416333;-0,0488187168907185;0,0244457256539811;87;0,87;0,9;FALSE;0,747126436781609;0,8;FALSE;FALSE;0,22;0,65;0,13
"hs_pfhxs_m_Log2";"e3_bw";0,23895795329256;1e-12;0,0111991249770716;0,0145492640214004;0,0148461877769391;0,0141443699612588;0,0168302138899063;-0,0219759416925118;0,0428047191775664;-0,0221927684188128;0,0428129762351025;98;0,98;0,9;TRUE;0,836734693877551;0,8;TRUE;TRUE;0,82;0,16;0,02
"hs_pfna_m_Log2";"e3_bw";0,23895795329256;1e-12;0,0105664258529961;0,000178124626890573;0,000185546486344347;0,00280136590365486;0,019742388149046;-0,0450959811831328;0,036654563437213;-0,0453276904961612;0,0375025056970996;96;0,96;0,9;TRUE;0,572916666666667;0,8;FALSE;FALSE;0,55;0,41;0,04
"hs_pfoa_m_Log2";"e3_bw";0,23895795329256;1e-12;0;-0,00836146360916578;-0,0130647868893215;-0,00632359130869369;0,0161442342338068;-0,0459948066944844;0,0115750675058013;-0,0475486272431646;0,0144804175429467;64;0,64;0,9;FALSE;NA;0,8;FALSE;FALSE;0,15;0,49;0,36
"hs_pfos_m_Log2";"e3_bw";0,23895795329256;1e-12;0;-0,00694655964457566;-0,00868319955571958;-0,00460229293740243;0,0146925467400301;-0,0422252680930538;0,0144801708819648;-0,0462397392034588;0,0157377689587263;80;0,8;0,9;FALSE;NA;0,8;FALSE;FALSE;0,19;0,61;0,2
"hs_pfunda_m_Log2";"e3_bw";0,23895795329256;1e-12;-0,000461562990228672;-0,00226191874328109;-0,00293755680945597;-0,00271333858049591;0,0111867204460414;-0,0313547367610682;0,0208759727707669;-0,0330593327816393;0,0222208111021271;77;0,77;0,9;FALSE;0,636363636363636;0,8;FALSE;FALSE;0,28;0,49;0,23
"e3_asmokcigd_p_None";"e3_bw";0,23895795329256;1e-12;-0,00172720161586966;-0,016260411839445;-0,0178685844389506;-0,0170015038050328;0,0155597924185327;-0,0483175957345357;0,00772026707720075;-0,0485223946073556;0,00798390454429121;91;0,91;0,9;TRUE;0,901098901098901;0,8;TRUE;TRUE;0,09;0,82;0,09
"h_distinvnear1_preg_Log";"e3_bw";0,23895795329256;1e-12;0;0,00184165661093152;0,00236109821914298;0,00147729258827423;0,00732990843308388;-0,00965104580087871;0,0201513086265217;-0,0101203383992313;0,0215711219256216;78;0,78;0,9;FALSE;NA;0,8;FALSE;FALSE;0,48;0,3;0,22
"h_trafload_preg_pow1over3";"e3_bw";0,23895795329256;1e-12;-0,00170415053937931;0,000100291524744523;0,00010901252689622;-0,000531128744997416;0,0100669106137774;-0,0170719539214855;0,0217545984121762;-0,0172421161442864;0,0218809064017936;92;0,92;0,9;TRUE;0,521739130434783;0,8;FALSE;FALSE;0,44;0,48;0,08
"h_trafnear_preg_pow1over3";"e3_bw";0,23895795329256;1e-12;0;-0,00881627575564711;-0,0122448274383988;-0,00994842214374651;0,014552698601524;-0,0473340933637252;0,00942116593575857;-0,0492325550250466;0,0105008208457683;72;0,72;0,9;FALSE;NA;0,8;FALSE;FALSE;0,15;0,57;0,28
"h_bro_preg_Log";"e3_bw";0,23895795329256;1e-12;0;-0,00164970241265382;-0,002462242406946;-0,00189043850169714;0,0124124281636073;-0,0317131369370262;0,0262568051360556;-0,0327762578143893;0,0291028256133563;67;0,67;0,9;FALSE;NA;0,8;FALSE;FALSE;0,27;0,4;0,33
"h_clf_preg_Log";"e3_bw";0,23895795329256;1e-12;-0,0095343297611916;-0,0207439653862274;-0,0225477884632906;-0,0169579919548459;0,0237407665322717;-0,0925828951737564;0,00769989788644883;-0,093938924989018;0,00775590506106936;92;0,92;0,9;TRUE;0,923913043478261;0,8;TRUE;TRUE;0,07;0,85;0,08
"h_thm_preg_Log";"e3_bw";0,23895795329256;1e-12;0,00014854109492397;0,00493029600894013;0,00616287001117516;0,00267735655491349;0,0161111179051781;-0,0185631853950512;0,0408669648684178;-0,0195909455417022;0,0413949250427676;80;0,8;0,9;FALSE;0,6;0,8;FALSE;FALSE;0,48;0,32;0,2
"e3_alcpreg_yn_None_1";"e3_bw";0,23895795329256;1e-12;0,00222904838936053;-0,00678298328923685;-0,00685149827195641;-0,00241854093082114;0,0274137193056074;-0,0640161405026752;0,0376073784769628;-0,0642077867740077;0,0377069276067645;99;0,99;0,9;TRUE;0,424242424242424;0,8;FALSE;FALSE;0,42;0,57;0,01
"h_pamod_t3_None_Often";"e3_bw";0,23895795329256;1e-12;0,00923034594684621;0,0554841678640663;0,0560446140041074;0,0555846345225081;0,0519157298338136;-0,0180134489721661;0,182683648643095;-0,0181852004824478;0,18310694530807;99;0,99;0,9;TRUE;0,878787878787879;0,8;TRUE;TRUE;0,87;0,12;0,01
"h_pamod_t3_None_Sometimes";"e3_bw";0,23895795329256;1e-12;-0,00731487205949181;-0,0125525670247487;-0,0129407907471636;-0,0119494519259877;0,0416313947007549;-0,115048637618143;0,0619330397320065;-0,116160576481507;0,0621163070343084;97;0,97;0,9;TRUE;0,639175257731959;0,8;FALSE;FALSE;0,35;0,62;0,03
"h_pamod_t3_None_Very Often";"e3_bw";0,23895795329256;1e-12;0,00150272467974325;0,0189304623132724;0,0197192315763255;0,0171644932919135;0,034516241440394;-0,0356538300059527;0,0882037239181075;-0,0357899059059364;0,0888951980512943;96;0,96;0,9;TRUE;0,739583333333333;0,8;FALSE;FALSE;0,71;0,25;0,04
"h_pavig_t3_None_Low";"e3_bw";0,23895795329256;1e-12;-0,0993815701545284;-0,113797867984864;-0,113797867984864;-0,115265138823926;0,0579023124481163;-0,235700477491893;-0,0129410619023769;-0,235700477491893;-0,0129410619023769;100;1;0,9;TRUE;0,99;0,8;TRUE;TRUE;0,01;0,99;0
"h_pavig_t3_None_Medium";"e3_bw";0,23895795329256;1e-12;-0,0906066096418657;-0,102333202365963;-0,102333202365963;-0,103554347509855;0,0730799228737415;-0,230040399757387;0,0275946142178234;-0,230040399757387;0,0275946142178234;100;1;0,9;TRUE;0,87;0,8;TRUE;TRUE;0,13;0,87;0
"hs_no2_dy_hs_h_Log";"e3_bw";0,23895795329256;1e-12;-0,00667041621150303;0,0101853619577006;0,0110710456061963;0,00475874073066891;0,0290522433824823;-0,0335559802582052;0,0850738860143084;-0,0343216666517308;0,0879133934437564;92;0,92;0,9;TRUE;0,402173913043478;0,8;FALSE;FALSE;0,55;0,37;0,08
"hs_no2_wk_hs_h_Log";"e3_bw";0,23895795329256;1e-12;0;-0,00403294099222276;-0,00523758570418541;-0,00537407911966237;0,0148587758278016;-0,0371215491114911;0,0223648809342639;-0,0380512861993982;0,0235954392788482;77;0,77;0,9;FALSE;NA;0,8;FALSE;FALSE;0,27;0,5;0,23
"hs_no2_yr_hs_h_Log";"e3_bw";0,23895795329256;1e-12;0;-0,00275495675580871;-0,00417417690274047;-0,00271422680232024;0,0112540218973972;-0,0298843174658299;0,0159396808782176;-0,0299405272844572;0,019534971212781;66;0,66;0,9;FALSE;NA;0,8;FALSE;FALSE;0,27;0,39;0,34
"hs_pm10_dy_hs_h_None";"e3_bw";0,23895795329256;1e-12;0,00365800844608345;0,00480162214271964;0,00527650784914246;0,00245582170403801;0,0178957839241979;-0,0215735091247676;0,0476266269162711;-0,022290571658311;0,0477573336228728;91;0,91;0,9;TRUE;0,56043956043956;0,8;FALSE;FALSE;0,51;0,4;0,09
"hs_pm10_wk_hs_h_None";"e3_bw";0,23895795329256;1e-12;0,00611352644321161;0,00149344900702052;0,00158877553938353;0,0011717740662477;0,0153679497951886;-0,0263678900781897;0,0341250659982857;-0,0268010055824602;0,0348310004515468;94;0,94;0,9;TRUE;0,574468085106383;0,8;FALSE;FALSE;0,54;0,4;0,06
"hs_pm10_yr_hs_h_None";"e3_bw";0,23895795329256;1e-12;0;0,017863710610358;0,0248107091810528;0,0182610421091842;0,0207080175912757;0;0,0710527377749034;0,00114734532651251;0,0725728104978604;72;0,72;0,9;FALSE;NA;0,8;FALSE;FALSE;0,7;0,02;0,28
"hs_pm25_dy_hs_h_None";"e3_bw";0,23895795329256;1e-12;-0,0123118103867792;-0,00299381309577911;-0,00302405363210011;-0,00305159786634142;0,0189339265804634;-0,0450638600059062;0,025485596088186;-0,0451850495409286;0,0256034390488415;99;0,99;0,9;TRUE;0,595959595959596;0,8;FALSE;FALSE;0,4;0,59;0,01
"hs_pm25_wk_hs_h_None";"e3_bw";0,23895795329256;1e-12;0;-0,00719553197779876;-0,0105816646732335;-0,00628777347183554;0,012794989273424;-0,0399542102318697;0,00578467663434606;-0,0410456182058034;0,00722531676509551;68;0,68;0,9;FALSE;NA;0,8;FALSE;FALSE;0,13;0,55;0,32
"hs_pm25_yr_hs_h_None";"e3_bw";0,23895795329256;1e-12;0,00105462192986191;-0,00244747250206575;-0,00247219444653107;-0,00675203217837213;0,0351254610378778;-0,0613280476784308;0,0824107168940834;-0,0614467462803012;0,0826891759267989;99;0,99;0,9;TRUE;0,383838383838384;0,8;FALSE;FALSE;0,38;0,61;0,01
"hs_pm25abs_dy_hs_h_Log";"e3_bw";0,23895795329256;1e-12;0,018406690737727;0,00869720286104537;0,00896618851654162;0,0107170412406233;0,0196829877741773;-0,0316010378906758;0,0413631786066627;-0,0316682687706482;0,041482538405713;97;0,97;0,9;TRUE;0,721649484536082;0,8;FALSE;FALSE;0,7;0,27;0,03
"hs_pm25abs_wk_hs_h_Log";"e3_bw";0,23895795329256;1e-12;-0,000763912419968963;-0,0141703337270726;-0,016477132240782;-0,0116804359704289;0,0164200384406304;-0,0513549593627642;0,00262622820803502;-0,0520153114900441;0,0027033297593607;86;0,86;0,9;FALSE;0,930232558139535;0,8;TRUE;FALSE;0,06;0,8;0,14
"hs_pm25abs_yr_hs_h_Log";"e3_bw";0,23895795329256;1e-12;0,00118015035215268;-0,00611697625672373;-0,00711276308921364;-0,00571252522000482;0,0151999449531522;-0,0397770782706258;0,0220970905912337;-0,0398120870915222;0,0221601713270838;86;0,86;0,9;FALSE;0,313953488372093;0,8;FALSE;FALSE;0,27;0,59;0,14
"hs_accesslines300_h_dic0";"e3_bw";0,23895795329256;1e-12;0,0454403328116841;0,0738225380068888;0,0761057092854524;0,0674397919514717;0,0908360971490193;-0,0896257781673578;0,265488560049554;-0,0912044948494009;0,2659108790604;97;0,97;0,9;TRUE;0,814432989690722;0,8;TRUE;TRUE;0,79;0,18;0,03
"hs_accesspoints300_h_Log";"e3_bw";0,23895795329256;1e-12;-0,0351650587784654;-0,0409382450108694;-0,0413517626372419;-0,0363943527146672;0,0262808347013629;-0,0980826042194714;-0,00133163716528111;-0,0981658152044097;-0,00285353179457098;99;0,99;0,9;TRUE;0,97979797979798;0,8;TRUE;TRUE;0,02;0,97;0,01
"hs_builtdens300_h_Sqrt";"e3_bw";0,23895795329256;1e-12;0;0,0015852019020644;0,0019815023775805;0,000143191134454858;0,0122002903267791;-0,0196939733260388;0,0293393113686633;-0,020123001881391;0,0302309595858129;80;0,8;0,9;FALSE;NA;0,8;FALSE;FALSE;0,41;0,39;0,2
"hs_connind300_h_Log";"e3_bw";0,23895795329256;1e-12;-0,00252885001862051;-0,0074912519447802;-0,00924845919108666;-0,00677139512858015;0,0129372912362054;-0,0364636366035568;0,0129495303552933;-0,0366603108517563;0,0133584523894002;81;0,81;0,9;FALSE;0,790123456790123;0,8;FALSE;FALSE;0,17;0,64;0,19
"hs_fdensity300_h_Log";"e3_bw";0,23895795329256;1e-12;0,00324908588583633;0,0104668584177906;0,0123139510797536;0,0101046176964587;0,0151536587611279;-0,0233424808550913;0,040527083707611;-0,0271592342741808;0,0409041013215117;85;0,85;0,9;FALSE;0,894117647058824;0,8;TRUE;FALSE;0,76;0,09;0,15
"hs_landuseshan300_h_None";"e3_bw";0,23895795329256;1e-12;0;0,00614644775053991;0,00768305968817489;0,0067131774894267;0,0111167959513965;-0,0112898662849584;0,0326710356306311;-0,0129868159025857;0,034098857299679;80;0,8;0,9;FALSE;NA;0,8;FALSE;FALSE;0,63;0,17;0,2
"hs_popdens_h_Sqrt";"e3_bw";0,23895795329256;1e-12;-0,000205800770342787;-0,00276713942461503;-0,00318062002829314;-0,00229731874826207;0,0131359572608141;-0,0294018017103971;0,0212545074212733;-0,0298466712135056;0,0219229839601888;87;0,87;0,9;FALSE;0,64367816091954;0,8;FALSE;FALSE;0,31;0,56;0,13
"hs_walkability_mean_h_None";"e3_bw";0,23895795329256;1e-12;0,00803572114092468;0,0136263701163159;0,014194135537829;0,00927689568421038;0,0155116213388226;-0,00411280689483897;0,0492632279433212;-0,00426242729527741;0,0492830605377304;96;0,96;0,9;TRUE;0,90625;0,8;TRUE;TRUE;0,87;0,09;0,04
"hs_accesslines300_s_dic0";"e3_bw";0,23895795329256;1e-12;0,0146427201510384;-0,00245719296515455;-0,00248201309611571;0,00841444109310092;0,0819752961343835;-0,164827802147237;0,0798418980214777;-0,165132670466402;0,0798496686629092;99;0,99;0,9;TRUE;0,565656565656566;0,8;FALSE;FALSE;0,56;0,43;0,01
"hs_accesspoints300_s_Log";"e3_bw";0,23895795329256;1e-12;-0,0200002119653726;-0,0213236675524207;-0,0215390581337583;-0,0183120938106956;0,0183324585396724;-0,0682989222955349;0,00482415772733626;-0,0687428223186834;0,00492937745547139;99;0,99;0,9;TRUE;0,939393939393939;0,8;TRUE;TRUE;0,06;0,93;0,01
"hs_builtdens300_s_Sqrt";"e3_bw";0,23895795329256;1e-12;-0,00475264666643379;-0,00843891246988979;-0,0104184104566541;-0,00754724713115071;0,0125052054824048;-0,0371929460226048;0,00923130372478748;-0,0388044879820694;0,00956698827393393;81;0,81;0,9;FALSE;0,827160493827161;0,8;TRUE;FALSE;0,14;0,67;0,19
"hs_connind300_s_Log";"e3_bw";0,23895795329256;1e-12;-0,000428710928463507;-0,0163368557439932;-0,0196829587277026;-0,0150291212645874;0,0182436123760708;-0,0531323681649977;0,000669780569928451;-0,0533895314989564;0,00074061420032459;83;0,83;0,9;FALSE;0,927710843373494;0,8;TRUE;FALSE;0,06;0,77;0,17
"hs_fdensity300_s_Log";"e3_bw";0,23895795329256;1e-12;-0,0097989507168979;-0,0184078648277335;-0,0200085487257973;-0,0158784327119501;0,0210913115218892;-0,0687574845340501;0,00919718003563114;-0,0694455441652868;0,00949818751503027;92;0,92;0,9;TRUE;0,880434782608696;0,8;TRUE;TRUE;0,11;0,81;0,08
"hs_landuseshan300_s_None";"e3_bw";0,23895795329256;1e-12;0;-0,00747677246741911;-0,00900815959930014;-0,00635922332414504;0,0109316719366078;-0,0381127797144791;0,00694048497313349;-0,0409885974927675;0,00786446413819747;83;0,83;0,9;FALSE;NA;0,8;FALSE;FALSE;0,15;0,68;0,17
"hs_popdens_s_Sqrt";"e3_bw";0,23895795329256;1e-12;0,00161906609832099;0,0102981837686445;0,011442426409605;0,00793348450812583;0,0132719585052918;-0,0034611064628434;0,0490867457695137;-0,00375799781189376;0,0491019162442177;90;0,9;0,9;TRUE;0,888888888888889;0,8;TRUE;TRUE;0,8;0,1;0,1
"h_Absorbance_Log";"e3_bw";0,23895795329256;1e-12;0,00461000959919246;0,0119030229215513;0,0132255810239459;0,0119296416456952;0,0134500759829744;-0,00932137052079793;0,0384118805880381;-0,00939309720652803;0,0389216457822276;90;0,9;0,9;TRUE;0,866666666666667;0,8;TRUE;TRUE;0,78;0,12;0,1
"h_Benzene_Log";"e3_bw";0,23895795329256;1e-12;-0,023484042165986;-0,0179778950316242;-0,0179778950316242;-0,0171449187864624;0,0199670456042111;-0,0550338707857618;0,0224416009992626;-0,0550338707857618;0,0224416009992626;100;1;0,9;TRUE;0,83;0,8;TRUE;TRUE;0,17;0,83;0
"h_NO2_Log";"e3_bw";0,23895795329256;1e-12;0,00528534656684214;0,0243629556891603;0,0267724787792971;0,0237918234465108;0,0214165159905772;-0,00047034548082793;0,0700460340946845;-0,000477896937354403;0,0702504920647253;91;0,91;0,9;TRUE;0,956043956043956;0,8;TRUE;TRUE;0,87;0,04;0,09
"h_PM_Log";"e3_bw";0,23895795329256;1e-12;-0,0161909851169079;-0,0161467190901926;-0,0161467190901926;-0,0133015608914423;0,0160000268880208;-0,0536077081748779;0,010558642591173;-0,0536077081748779;0,010558642591173;100;1;0,9;TRUE;0,88;0,8;TRUE;TRUE;0,12;0,88;0
"h_TEX_Log";"e3_bw";0,23895795329256;1e-12;0,000292381264231159;0,00571655100180375;0,00705747037259722;0,00391497796793439;0,0125372140724388;-0,0147858601910831;0,0320456973676576;-0,0151803389361325;0,0350395033679374;81;0,81;0,9;FALSE;0,703703703703704;0,8;FALSE;FALSE;0,57;0,24;0,19
"hs_KIDMED_None";"e3_bw";0,23895795329256;1e-12;0,0222914668102186;0,025369981311344;0,025369981311344;0,0263432674795592;0,021582671696425;-0,0244412111736256;0,0678713983661627;-0,0244412111736256;0,0678713983661627;100;1;0,9;TRUE;0,93;0,8;TRUE;TRUE;0,93;0,07;0
"hs_mvpa_prd_alt_None";"e3_bw";0,23895795329256;1e-12;-0,00561392409163966;-0,0132999824440432;-0,0135714106571869;-0,0125898799450765;0,0167786461029865;-0,0506129673412571;0,0162850502475903;-0,050926357547223;0,0165115580666893;98;0,98;0,9;TRUE;0,826530612244898;0,8;TRUE;TRUE;0,17;0,81;0,02
"hs_sd_wk_None";"e3_bw";0,23895795329256;1e-12;-0,00911696915916515;-0,00686919964681501;-0,00723073647033159;-0,00591441031480578;0,0148313835803965;-0,0354641038784727;0,0249709416399057;-0,0356193159241901;0,0249839425020675;95;0,95;0,9;TRUE;0,694736842105263;0,8;FALSE;FALSE;0,29;0,66;0,05
"hs_dif_hours_total_None";"e3_bw";0,23895795329256;1e-12;-0,019357560780507;-0,0409617430187328;-0,0409617430187328;-0,0409126005187666;0,027367686204118;-0,0934587047107322;0,000245111347554329;-0,0934587047107322;0,000245111347554329;100;1;0,9;TRUE;0,97;0,8;TRUE;TRUE;0,03;0,97;0
"hs_as_c_Log2";"e3_bw";0,23895795329256;1e-12;0,0189130122915659;0,0219030151490108;0,0223500154581743;0,0251617866265237;0,023450775166405;-0,022782422205507;0,062417952970109;-0,0229310808111912;0,0625292439122829;98;0,98;0,9;TRUE;0,826530612244898;0,8;TRUE;TRUE;0,81;0,17;0,02
"hs_cd_c_Log2";"e3_bw";0,23895795329256;1e-12;0;-0,00296477732400676;-0,00463246456876057;-0,00514458354884309;0,00746042519513007;-0,0182734861277866;0,00901173915132266;-0,0208874447745534;0,0112235710476199;64;0,64;0,9;FALSE;NA;0,8;FALSE;FALSE;0,15;0,49;0,36
"hs_co_c_Log2";"e3_bw";0,23895795329256;1e-12;0,00448275955957436;0,0013295329558109;0,00139950837453779;4,62799423706813e-05;0,0131477343192013;-0,0277767381879514;0,0302298826401512;-0,0296468471818056;0,030280212965542;95;0,95;0,9;TRUE;0,515789473684211;0,8;FALSE;FALSE;0,49;0,46;0,05
"hs_cs_c_Log2";"e3_bw";0,23895795329256;1e-12;0,0039763991400218;0,000957558192794102;0,000967230497771821;0,00167306967003248;0,0177677277380339;-0,0343244344705764;0,0322314112288328;-0,0344285845827985;0,0322556109830175;99;0,99;0,9;TRUE;0,575757575757576;0,8;FALSE;FALSE;0,57;0,42;0,01
"hs_cu_c_Log2";"e3_bw";0,23895795329256;1e-12;-0,00872757324493657;-0,0109901302276315;-0,0109901302276315;-0,0108528715084905;0,0157703007710876;-0,0478838688241912;0,0160916240063216;-0,0478838688241912;0,0160916240063216;100;1;0,9;TRUE;0,72;0,8;FALSE;FALSE;0,28;0,72;0
"hs_hg_c_Log2";"e3_bw";0,23895795329256;1e-12;-0,00713847645805668;-0,021742120215698;-0,0221858369547938;-0,0185935187164941;0,0258705720426204;-0,0755352259705894;0,0214288738613485;-0,0756080102756099;0,0215784633319645;98;0,98;0,9;TRUE;0,816326530612245;0,8;TRUE;TRUE;0,18;0,8;0,02
"hs_mn_c_Log2";"e3_bw";0,23895795329256;1e-12;-0,0112545046671593;-0,0133295472720615;-0,0133295472720615;-0,0126350408546685;0,015630320622238;-0,0480154528701351;0,0161690852226723;-0,0480154528701351;0,0161690852226723;100;1;0,9;TRUE;0,82;0,8;TRUE;TRUE;0,18;0,82;0
"hs_mo_c_Log2";"e3_bw";0,23895795329256;1e-12;-0,0194921990219962;-0,0221857733900613;-0,0221857733900613;-0,0208523673090857;0,0157106897146595;-0,0541937392295533;0,0127699549936821;-0,0541937392295533;0,0127699549936821;100;1;0,9;TRUE;0,95;0,8;TRUE;TRUE;0,05;0,95;0
"hs_pb_c_Log2";"e3_bw";0,23895795329256;1e-12;-0,0099617317694391;-0,00758735223387517;-0,00807165131263315;-0,00834353135653585;0,0127516803959855;-0,0330983352190119;0,0210932412598439;-0,0333255169139248;0,0214301198330513;94;0,94;0,9;TRUE;0,819148936170213;0,8;TRUE;TRUE;0,17;0,77;0,06
"hs_hum_mt_hs_h_None";"e3_bw";0,23895795329256;1e-12;0,0120919457698984;0,018757229255939;0,019140029852999;0,0166486811097095;0,0248348872201708;-0,0182001050559282;0,0655898858993662;-0,0182929903938712;0,0657950603674681;98;0,98;0,9;TRUE;0,806122448979592;0,8;TRUE;TRUE;0,79;0,19;0,02
"hs_tm_mt_hs_h_None";"e3_bw";0,23895795329256;1e-12;0;-0,00213286806788423;-0,00374187380330567;-0,00250603924557491;0,0101172671735404;-0,0287253062582844;0,0122215020126796;-0,0317678257157986;0,022516520929698;57;0,57;0,9;FALSE;NA;0,8;FALSE;FALSE;0,19;0,38;0,43
"hs_uvdvf_mt_hs_h_None";"e3_bw";0,23895795329256;1e-12;0;0,000425274215517759;0,000512378572912963;-4,22720072016295e-05;0,0117345618611311;-0,0238348265491091;0,0269682600525497;-0,0244809422922636;0,0278623122721445;83;0,83;0,9;FALSE;NA;0,8;FALSE;FALSE;0,41;0,42;0,17
"hs_hum_dy_hs_h_None";"e3_bw";0,23895795329256;1e-12;0;-0,00714406992561546;-0,0082115746271442;-0,00532123834522864;0,0171842872819507;-0,0529058413568686;0,0220303138040822;-0,0537582034571658;0,023432149467517;87;0,87;0,9;FALSE;NA;0,8;FALSE;FALSE;0,3;0,57;0,13
"hs_hum_wk_hs_h_None";"e3_bw";0,23895795329256;1e-12;0,0156682979884906;0,00131772971784567;0,00133104011903603;0,00146928333180994;0,0244219395849499;-0,038819275036718;0,0485127383148612;-0,0388539869132956;0,0485485759753511;99;0,99;0,9;TRUE;0,545454545454545;0,8;FALSE;FALSE;0,54;0,45;0,01
"hs_tm_dy_hs_h_None";"e3_bw";0,23895795329256;1e-12;0;0,00319175116566032;0,00437226187076756;0,00105507441392821;0,0154286914908903;-0,0238202126357263;0,048072822012324;-0,0249884187664339;0,0499148265195804;73;0,73;0,9;FALSE;NA;0,8;FALSE;FALSE;0,44;0,29;0,27
"hs_tm_wk_hs_h_None";"e3_bw";0,23895795329256;1e-12;0;-0,00289391951606766;-0,00556522983859166;-0,00260599758559371;0,00817338079941885;-0,0260735703780778;0,00675200090582809;-0,0359152203626028;0,0100472070731204;52;0,52;0,9;FALSE;NA;0,8;FALSE;FALSE;0,15;0,37;0,48
"hs_uvdvf_dy_hs_h_None";"e3_bw";0,23895795329256;1e-12;0;0,0075212464597508;0,00989637692072474;0,0053997387735806;0,0170160404894917;-0,0163031374597149;0,0468155164949032;-0,020888569662665;0,0481427343697741;76;0,76;0,9;FALSE;NA;0,8;FALSE;FALSE;0,5;0,26;0,24
"hs_uvdvf_wk_hs_h_None";"e3_bw";0,23895795329256;1e-12;0;-0,00533661382164527;-0,00731042989266476;-0,00562701411425914;0,0113173457851503;-0,0336960500168103;0,0104890148977188;-0,0363253806542191;0,0115414318544559;73;0,73;0,9;FALSE;NA;0,8;FALSE;FALSE;0,18;0,55;0,27
"hs_ndvi100_h_None";"e3_bw";0,23895795329256;1e-12;0,0018325968885641;0,0023575613613519;0,00240567485852235;0,00122255831799481;0,0192703074295244;-0,027819380667947;0,0456663659750623;-0,0278881557406281;0,0457803424330276;98;0,98;0,9;TRUE;0,551020408163265;0,8;FALSE;FALSE;0,54;0,44;0,02
"hs_ndvi100_s_None";"e3_bw";0,23895795329256;1e-12;-0,0156394941247373;-0,0128008166133237;-0,0128008166133237;-0,0124180287690832;0,0176469616338919;-0,0470731063358315;0,0216273478064943;-0,0470731063358315;0,0216273478064943;100;1;0,9;TRUE;0,77;0,8;FALSE;FALSE;0,23;0,77;0
"hs_dde_cadj_Log2";"e3_bw";0,23895795329256;1e-12;0,0062779464345567;0,0187325902303264;0,0187325902303264;0,0136601812685268;0,0280948429954528;-0,0227714014577989;0,0886208286571133;-0,0227714014577989;0,0886208286571133;100;1;0,9;TRUE;0,7;0,8;FALSE;FALSE;0,7;0,3;0
"hs_ddt_cadj_Log2";"e3_bw";0,23895795329256;1e-12;0;-0,00299665090638997;-0,00389175442388308;-0,00181700360367312;0,0116127859000799;-0,0301388638755969;0,016519428844274;-0,0310504828988343;0,0168400211103706;77;0,77;0,9;FALSE;NA;0,8;FALSE;FALSE;0,26;0,51;0,23
"hs_hcb_cadj_Log2";"e3_bw";0,23895795329256;1e-12;-0,035011922951401;-0,0492843483226381;-0,0492843483226381;-0,046046872058;0,0307863200378514;-0,113630812609679;-0,00604268406910491;-0,113630812609679;-0,00604268406910491;100;1;0,9;TRUE;0,98;0,8;TRUE;TRUE;0,02;0,98;0
"hs_pcb118_cadj_Log2";"e3_bw";0,23895795329256;1e-12;-0,00910520786638635;-0,00795058558737585;-0,00873690723887456;-0,00833567335604691;0,017956421724152;-0,0490781531788027;0,0253142213885726;-0,0515294124172181;0,0257753406266321;91;0,91;0,9;TRUE;0,703296703296703;0,8;FALSE;FALSE;0,27;0,64;0,09
"hs_pcb138_cadj_Log2";"e3_bw";0,23895795329256;1e-12;0;0,00518590344554065;0,00624807644041042;0,00608488035846683;0,0142346977421112;-0,0233429689879226;0,0362316158767402;-0,0238550141073026;0,0365395171334309;83;0,83;0,9;FALSE;NA;0,8;FALSE;FALSE;0,58;0,25;0,17
"hs_pcb153_cadj_Log2";"e3_bw";0,23895795329256;1e-12;-0,00499139500264607;-0,0043549584556709;-0,00448964789244423;-0,00327281247646833;0,0202200300292597;-0,039118757866789;0,0427656330532422;-0,0397106047814016;0,0434317602924383;97;0,97;0,9;TRUE;0,587628865979381;0,8;FALSE;FALSE;0,4;0,57;0,03
"hs_pcb170_cadj_Log2";"e3_bw";0,23895795329256;1e-12;0,00411265504935975;-0,0149569413140214;-0,0149569413140214;-0,0121304278635386;0,0204075186447551;-0,0591718736264531;0,0149367387122076;-0,0591718736264531;0,0149367387122076;100;1;0,9;TRUE;0,26;0,8;FALSE;FALSE;0,26;0,74;0
"hs_pcb180_cadj_Log2";"e3_bw";0,23895795329256;1e-12;0,0206969752404723;0,0237659856019319;0,0237659856019319;0,0243832859229062;0,0220204922399901;-0,0247854258360368;0,0580880228033559;-0,0247854258360368;0,0580880228033559;100;1;0,9;TRUE;0,87;0,8;TRUE;TRUE;0,87;0,13;0
"hs_sumPCBs5_cadj_Log2";"e3_bw";0,23895795329256;1e-12;0,00516422719275794;0,0199804877149678;0,0201823108231998;0,0169772303666915;0,0247919786826342;-0,0197098572481711;0,0842383804998526;-0,019751427457115;0,0846527822088572;99;0,99;0,9;TRUE;0,818181818181818;0,8;TRUE;TRUE;0,81;0,18;0,01
"hs_pfhxs_c_Log2";"e3_bw";0,23895795329256;1e-12;0,0079575850857449;0,00966399137625374;0,00976160745076136;0,0130152105662066;0,0236123287046984;-0,0390743115148105;0,0451192880902806;-0,0392272638092801;0,0452467748713877;99;0,99;0,9;TRUE;0,727272727272727;0,8;FALSE;FALSE;0,72;0,27;0,01
"hs_pfna_c_Log2";"e3_bw";0,23895795329256;1e-12;0;0,000124589228418823;0,000159729780024132;0,000187664833934212;0,0114473145545537;-0,0252693581584591;0,0238198520782301;-0,0275688901787891;0,0281203177991537;78;0,78;0,9;FALSE;NA;0,8;FALSE;FALSE;0,39;0,39;0,22
"hs_pfoa_c_Log2";"e3_bw";0,23895795329256;1e-12;0,00692745579112852;0,0120320465624246;0,0126653121709732;0,011202177075907;0,0143269106707555;-0,0134811929438325;0,0422345032230548;-0,0135629448753487;0,0423811876817489;95;0,95;0,9;TRUE;0,884210526315789;0,8;TRUE;TRUE;0,84;0,11;0,05
"hs_pfos_c_Log2";"e3_bw";0,23895795329256;1e-12;0,00967591438256747;-0,00525373605414171;-0,00547264172306428;-0,00195943305946374;0,0194917598574783;-0,0480058884155579;0,0257031753293829;-0,0489339123941191;0,0259253117402562;96;0,96;0,9;TRUE;0,4375;0,8;FALSE;FALSE;0,42;0,54;0,04
"hs_pfunda_c_Log2";"e3_bw";0,23895795329256;1e-12;0,001134639478304;0,00690310606682164;0,00793460467450763;0,00538367077316138;0,0128344127221664;-0,0156713184802449;0,037969535815172;-0,0159992774102504;0,0388910650834879;87;0,87;0,9;FALSE;0,758620689655172;0,8;FALSE;FALSE;0,66;0,21;0,13
"hs_hm_pers_None";"e3_bw";0,23895795329256;1e-12;-0,00350060044802786;-0,00248301829345665;-0,00258647738901734;-0,00557732981028935;0,0182865449197784;-0,0358087888385028;0,0376870456346695;-0,0363478672470793;0,0381470451976354;96;0,96;0,9;TRUE;0,625;0,8;FALSE;FALSE;0,36;0,6;0,04
"hs_trafload_h_pow1over3";"e3_bw";0,23895795329256;1e-12;-0,0055507763046064;-0,0127772994655687;-0,014356516253448;-0,0106300904673677;0,0150298434785703;-0,0507008625058745;0,00356884145044049;-0,0511287070302428;0,00382065940389493;89;0,89;0,9;FALSE;0,921348314606742;0,8;TRUE;FALSE;0,07;0,82;0,11
"hs_trafnear_h_pow1over3";"e3_bw";0,23895795329256;1e-12;0;-0,0065706982189932;-0,00900095646437425;-0,00598658016699958;0,0134813260903322;-0,0367330136912909;0,0142953133680941;-0,0405894324983547;0,0153307998167548;73;0,73;0,9;FALSE;NA;0,8;FALSE;FALSE;0,15;0,58;0,27
"FAS_cat_None_Low";"e3_bw";0,23895795329256;1e-12;-0,0882322483300076;-0,102243037227492;-0,102243037227492;-0,0992761063963471;0,0623130615329615;-0,22914314662912;-0,0109198809389797;-0,22914314662912;-0,0109198809389797;100;1;0,9;TRUE;0,99;0,8;TRUE;TRUE;0,01;0,99;0
"FAS_cat_None_Middle";"e3_bw";0,23895795329256;1e-12;-0,0322642554923197;-0,0243867850050919;-0,0248844744949917;-0,0181384560472998;0,0387534190919347;-0,114052979768261;0,0381449563771988;-0,114470831044707;0,0387374351626035;98;0,98;0,9;TRUE;0,714285714285714;0,8;FALSE;FALSE;0,28;0,7;0,02
"hs_globalexp2_None_no exposure";"e3_bw";0,23895795329256;1e-12;0,00177922959042098;0,000916867420801241;0,00103018811325982;0,00326191000746709;0,0186933472169028;-0,043187481846652;0,0402429910292752;-0,0434598895103074;0,0421312602362506;89;0,89;0,9;FALSE;0,550561797752809;0,8;FALSE;FALSE;0,49;0,4;0,11
"h_abs_ratio_preg_Log";"hs_asthma";0,23895795329256;1e-12;-0,0797911878253269;-0,086588864978481;-0,0883559846719194;-0,0862677838564277;0,0505492349420402;-0,193440474849795;-0,00247536634478463;-0,194038854589257;-0,00814203682048084;98;0,98;0,9;TRUE;0,989795918367347;0,8;TRUE;TRUE;0,01;0,97;0,02
"h_no2_ratio_preg_Log";"hs_asthma";0,23895795329256;1e-12;-0,0576911525933156;-0,0573972054914996;-0,057976975243939;-0,0499357106842604;0,0390121167148957;-0,140508390199987;-0,000375624812562433;-0,140527535218929;-0,00188839509700805;99;0,99;0,9;TRUE;0,97979797979798;0,8;TRUE;TRUE;0,02;0,97;0,01
"h_pm10_ratio_preg_None";"hs_asthma";0,23895795329256;1e-12;0;-0,000858096954845136;-0,00150543325411427;-0,000815681214132701;0,0114780105988552;-0,0264833674948924;0,0235853041890624;-0,0316561991107111;0,0291422873182922;57;0,57;0,9;FALSE;NA;0,8;FALSE;FALSE;0,23;0,34;0,43
"h_pm25_ratio_preg_None";"hs_asthma";0,23895795329256;1e-12;-0,00447383913460314;-0,00991892922273093;-0,0107814448073162;-0,00743057384023626;0,0253506304483456;-0,0642931798943781;0,0292830937319463;-0,0646878539823029;0,0296032297179753;92;0,92;0,9;TRUE;0,739130434782609;0,8;FALSE;FALSE;0,24;0,68;0,08
"h_accesslines300_preg_dic0";"hs_asthma";0,23895795329256;1e-12;-0,122618302398114;-0,147528845319688;-0,155293521389146;-0,14200499735238;0,118912622257247;-0,431048783665664;0,0104344707474346;-0,432799571843185;0,0107025444847094;95;0,95;0,9;TRUE;0,905263157894737;0,8;TRUE;TRUE;0,09;0,86;0,05
"h_accesspoints300_preg_Log";"hs_asthma";0,23895795329256;1e-12;0,00119715712379789;0,00394462558379393;0,00464073598093404;0,0016161998319559;0,0266157836770659;-0,0395005297395153;0,0725390647174178;-0,0418253717285641;0,074143685184058;85;0,85;0,9;FALSE;0,552941176470588;0,8;FALSE;FALSE;0,47;0,38;0,15
"h_builtdens300_preg_Sqrt";"hs_asthma";0,23895795329256;1e-12;0;0,00741278687258717;0,0104405448909678;0,00309789574158311;0,0226120783357042;-0,0289539726467568;0,0678219077123368;-0,0341411317786512;0,0752049633387789;71;0,71;0,9;FALSE;NA;0,8;FALSE;FALSE;0,42;0,29;0,29
"h_connind300_preg_Sqrt";"hs_asthma";0,23895795329256;1e-12;0,00356126149125451;0,00443348753950492;0,00583353623619068;0,00152725478838709;0,02536359585175;-0,0487880449525385;0,0658797210328535;-0,0495165222846231;0,0794081488521018;76;0,76;0,9;FALSE;0,605263157894737;0,8;FALSE;FALSE;0,46;0,3;0,24
"h_fdensity300_preg_Log";"hs_asthma";0,23895795329256;1e-12;-0,000858532887484562;-0,0194360876150541;-0,0249180610449412;-0,0162280874434729;0,0280907211747193;-0,0896150588347897;0,00633914466729197;-0,0917638613502268;0,00794337399627245;78;0,78;0,9;FALSE;0,858974358974359;0,8;TRUE;FALSE;0,11;0,67;0,22
"h_frichness300_preg_None";"hs_asthma";0,23895795329256;1e-12;0;0,00203863792290994;0,00287132101818302;0,000139496479570265;0,0181351159178814;-0,0382313260280151;0,0512271713220822;-0,0434309503835654;0,0535964717677311;71;0,71;0,9;FALSE;NA;0,8;FALSE;FALSE;0,4;0,31;0,29
"h_landuseshan300_preg_None";"hs_asthma";0,23895795329256;1e-12;-0,0392847613095028;-0,0516678135586039;-0,0538206391235457;-0,0467726673876404;0,0452891755547567;-0,146990016515024;0,00185943513285716;-0,147488405977232;0,00198273316049927;96;0,96;0,9;TRUE;0,96875;0,8;TRUE;TRUE;0,03;0,93;0,04
"h_popdens_preg_Sqrt";"hs_asthma";0,23895795329256;1e-12;-0,0586974515212408;-0,0593424400979785;-0,0611777732968851;-0,058608902697652;0,0423788994407849;-0,149368528256798;0;-0,149464343417385;-0,00314524942706534;97;0,97;0,9;TRUE;0,979381443298969;0,8;TRUE;TRUE;0,02;0,95;0,03
"h_walkability_mean_preg_None";"hs_asthma";0,23895795329256;1e-12;0,015973348037733;0,0216695795507372;0,0230527442029119;0,016134830036934;0,0398784628244166;-0,0549127040059176;0,125741474986435;-0,0556720011256435;0,126592169828049;94;0,94;0,9;TRUE;0,776595744680851;0,8;FALSE;FALSE;0,73;0,21;0,06
"hs_as_m_Log2";"hs_asthma";0,23895795329256;1e-12;0,00563057232310134;0,0103300934940961;0,0109894611639321;0,00581446537232039;0,0271686008463567;-0,0338218230283991;0,0740155520918306;-0,0339654175920523;0,0748076530820588;94;0,94;0,9;TRUE;0,680851063829787;0,8;FALSE;FALSE;0,64;0,3;0,06
"hs_cd_m_Log2";"hs_asthma";0,23895795329256;1e-12;-0,0909875877016667;-0,0950786729462686;-0,0980192504600708;-0,0996869732996273;0,0672717159074657;-0,230013150557697;0;-0,231313153606677;-0,000881173042359919;97;0,97;0,9;TRUE;0,989690721649485;0,8;TRUE;TRUE;0,01;0,96;0,03
"hs_co_m_Log2";"hs_asthma";0,23895795329256;1e-12;0,0476782861970203;0,0487320621515411;0,0497265940321848;0,044699120421624;0,0445992662164056;-0,0164901635844935;0,159007410666181;-0,0167958640337409;0,159143296583931;98;0,98;0,9;TRUE;0,908163265306122;0,8;TRUE;TRUE;0,89;0,09;0,02
"hs_cs_m_Log2";"hs_asthma";0,23895795329256;1e-12;0;-0,0120017896039488;-0,0144599874746372;-0,00728164028300381;0,029112271102635;-0,0854145669044922;0,0287130217357759;-0,0906994907167568;0,0316927590957761;83;0,83;0,9;FALSE;NA;0,8;FALSE;FALSE;0,17;0,66;0,17
"hs_cu_m_Log2";"hs_asthma";0,23895795329256;1e-12;0,00328748244795755;0,00798107507022313;0,00858180115077756;0,00252909332407718;0,0225779018621245;-0,0234459807551975;0,0718820064029903;-0,0234708133828839;0,0729469224937118;93;0,93;0,9;TRUE;0,559139784946237;0,8;FALSE;FALSE;0,52;0,41;0,07
"hs_hg_m_Log2";"hs_asthma";0,23895795329256;1e-12;-0,000422811705191031;-0,0262493513380438;-0,0320114040707851;-0,0211823137481121;0,0363636557975181;-0,125184590545229;0,000387778431680878;-0,129136845012921;0,000423698400125721;82;0,82;0,9;FALSE;0,951219512195122;0,8;TRUE;FALSE;0,04;0,78;0,18
"hs_mn_m_Log2";"hs_asthma";0,23895795329256;1e-12;0,00305181298593393;0,0104112083689387;0,0110757535839773;0,00582198621983531;0,0304026491909816;-0,0467503040198896;0,0739443867101123;-0,0468881659049983;0,0763595115089494;94;0,94;0,9;TRUE;0,734042553191489;0,8;FALSE;FALSE;0,69;0,25;0,06
"hs_mo_m_Log2";"hs_asthma";0,23895795329256;1e-12;0,0104991907369503;0,0203414324968499;0,0203414324968499;0,0117320966145677;0,0325158285607555;-0,0284656505483027;0,0985216678693409;-0,0284656505483027;0,0985216678693409;100;1;0,9;TRUE;0,75;0,8;FALSE;FALSE;0,75;0,25;0
"hs_pb_m_Log2";"hs_asthma";0,23895795329256;1e-12;0;-0,00482414620160248;-0,00643219493546997;-0,000396840638235031;0,0242406487602792;-0,059237894639082;0,0389858327993991;-0,0644764038678536;0,0428333836359002;75;0,75;0,9;FALSE;NA;0,8;FALSE;FALSE;0,33;0,42;0,25
"h_humidity_preg_None";"hs_asthma";0,23895795329256;1e-12;-0,0710405895473393;-0,0820397810146713;-0,0837140622598687;-0,0820848129464;0,0427952700134131;-0,166098263264952;-0,00620243045700114;-0,166385761314924;-0,0141166652356046;98;0,98;0,9;TRUE;1;0,8;TRUE;TRUE;0;0,98;0,02
"h_pressure_preg_None";"hs_asthma";0,23895795329256;1e-12;0,0402446138654591;0,0419952390662712;0,0471856618722148;0,0441426296454914;0,0294810676294203;0;0,106169077834042;0,00715436184884885;0,106581010294811;89;0,89;0,9;FALSE;1;0,8;TRUE;FALSE;0,89;0;0,11
"h_temperature_preg_None";"hs_asthma";0,23895795329256;1e-12;0,0010892599159581;0,00942461375381861;0,0107097883566121;0,00298251864119864;0,0278506613682147;-0,0271197750916376;0,0824092858123053;-0,0282006050034935;0,0836929010179914;88;0,88;0,9;FALSE;0,579545454545455;0,8;FALSE;FALSE;0,51;0,37;0,12
"h_ndvi100_preg_None";"hs_asthma";0,23895795329256;1e-12;0;0,0263500442672584;0,0356081679287276;0,0262357826020801;0,0346795097815687;0;0,114556280502099;0,00022878410706464;0,127320367516572;74;0,74;0,9;FALSE;NA;0,8;FALSE;FALSE;0,73;0,01;0,26
"hs_dde_madj_Log2";"hs_asthma";0,23895795329256;1e-12;-0,0304560646243239;-0,0417616598778759;-0,0417616598778759;-0,0366618116117165;0,033857767105037;-0,114245787477906;0,00712766009829138;-0,114245787477906;0,00712766009829138;100;1;0,9;TRUE;0,93;0,8;TRUE;TRUE;0,07;0,93;0
"hs_ddt_madj_Log2";"hs_asthma";0,23895795329256;1e-12;-0,0106137254723746;-0,0386175919757196;-0,0433905527817074;-0,025734755264004;0,0450202313597716;-0,14570026997884;0,00114063869183384;-0,15008379291069;0,00120677192688351;89;0,89;0,9;FALSE;0,955056179775281;0,8;TRUE;FALSE;0,04;0,85;0,11
"hs_hcb_madj_Log2";"hs_asthma";0,23895795329256;1e-12;0,0205771118238352;0,0392873427026179;0,0441430816883347;0,0334467718098673;0,0413333195373304;-0,000226087398973473;0,124702714860007;-0,000328797057923459;0,130880748835247;89;0,89;0,9;FALSE;0,966292134831461;0,8;TRUE;FALSE;0,86;0,03;0,11
"hs_pcb118_madj_Log2";"hs_asthma";0,23895795329256;1e-12;0,0503604006545136;0,0602980555176713;0,0609071267855266;0,05250461881281;0,0542469030849464;-0,00691609641651864;0,188214674521485;-0,00693225545661059;0,188460643877321;99;0,99;0,9;TRUE;0,939393939393939;0,8;TRUE;TRUE;0,93;0,06;0,01
"hs_pcb138_madj_Log2";"hs_asthma";0,23895795329256;1e-12;-0,000743954254985049;0,00715605603227138;0,00795117336919042;0,00233549163395894;0,0236656203220616;-0,0280073340696186;0,0669117701923223;-0,0281421034242304;0,0691267544081193;90;0,9;0,9;TRUE;0,433333333333333;0,8;FALSE;FALSE;0,51;0,39;0,1
"hs_pcb153_madj_Log2";"hs_asthma";0,23895795329256;1e-12;4,45665172444518e-05;0,0184067184957835;0,0232996436655488;0,014837635197195;0,0258654572198904;-0,00527756987304031;0,0909654936235511;-0,00570642100885742;0,0920986766684271;79;0,79;0,9;FALSE;0,873417721518987;0,8;TRUE;FALSE;0,69;0,1;0,21
"hs_pcb170_madj_Log2";"hs_asthma";0,23895795329256;1e-12;-0,040153580438649;-0,0450667872907238;-0,0459865176435957;-0,029017890755558;0,0473718090254383;-0,161142622749789;0,0111570676912294;-0,16194728962598;0,0112963344499968;98;0,98;0,9;TRUE;0,938775510204082;0,8;TRUE;TRUE;0,06;0,92;0,02
"hs_pcb180_madj_Log2";"hs_asthma";0,23895795329256;1e-12;-0,00326484707959565;-0,0102246253304046;-0,0124690552809812;-0,00677906294599805;0,023788742518772;-0,0675727637301592;0,022083696527664;-0,0762580668072028;0,0238536274021953;82;0,82;0,9;FALSE;0,670731707317073;0,8;FALSE;FALSE;0,27;0,55;0,18
"hs_sumPCBs5_madj_Log2";"hs_asthma";0,23895795329256;1e-12;-0,00441477001316985;-0,0102094248183491;-0,0117349710555737;-0,00770526142090799;0,0272724097258466;-0,0772120019132287;0,0446490856067058;-0,080951764421761;0,0515026331197431;87;0,87;0,9;FALSE;0,701149425287356;0,8;FALSE;FALSE;0,26;0,61;0,13
"hs_pfhxs_m_Log2";"hs_asthma";0,23895795329256;1e-12;0,00706102096784383;0,0214503187338502;0,0218880803406634;0,0121633034989645;0,0341318777549669;-0,0200338506397387;0,104620383773929;-0,0202819659097529;0,104687683362878;98;0,98;0,9;TRUE;0,755102040816326;0,8;FALSE;FALSE;0,74;0,24;0,02
"hs_pfna_m_Log2";"hs_asthma";0,23895795329256;1e-12;0,00514789245653909;0,0280858219685371;0,0292560645505595;0,0219287199029548;0,0328298581021592;-0,0131535264862644;0,111107860073781;-0,0131755213610648;0,111905763433301;96;0,96;0,9;TRUE;0,822916666666667;0,8;TRUE;TRUE;0,79;0,17;0,04
"hs_pfoa_m_Log2";"hs_asthma";0,23895795329256;1e-12;0;-0,00671529008132826;-0,0104926407520754;-0,00350977764191215;0,0188338875123513;-0,0645507695238245;0,0136495840910642;-0,0712258260160511;0,0141735605313044;64;0,64;0,9;FALSE;NA;0,8;FALSE;FALSE;0,21;0,43;0,36
"hs_pfos_m_Log2";"hs_asthma";0,23895795329256;1e-12;0;-0,0243925106108458;-0,0304906382635573;-0,020653091846177;0,0368579026762892;-0,121332164845238;0,00139223004883316;-0,141707402552702;0,00215532872666008;80;0,8;0,9;FALSE;NA;0,8;FALSE;FALSE;0,05;0,75;0,2
"hs_pfunda_m_Log2";"hs_asthma";0,23895795329256;1e-12;-0,000260450767603662;0,00420360092388598;0,0054592219790727;-0,000320912991857783;0,0213240625069379;-0,0219266105067231;0,07762842680682;-0,0246524575213683;0,0819769927245104;77;0,77;0,9;FALSE;0,545454545454545;0,8;FALSE;FALSE;0,35;0,42;0,23
"e3_asmokcigd_p_None";"hs_asthma";0,23895795329256;1e-12;0,000163952739048067;0,0093720967750692;0,010299007445131;0,00330039786643037;0,0329002464300047;-0,0551717755796516;0,0729064551296733;-0,055268673000177;0,0735830599883334;91;0,91;0,9;TRUE;0,626373626373626;0,8;FALSE;FALSE;0,57;0,34;0,09
"h_distinvnear1_preg_Log";"hs_asthma";0,23895795329256;1e-12;0;0,0276531100760657;0,0354527052257252;0,0181589624253681;0,0392888568689057;-0,000342100625196573;0,135253735993232;-0,000468276597461655;0,143376761733274;78;0,78;0,9;FALSE;NA;0,8;FALSE;FALSE;0,73;0,05;0,22
"h_trafload_preg_pow1over3";"hs_asthma";0,23895795329256;1e-12;-0,00452442767932355;-0,0058234737711963;-0,00632986279477858;-0,00351521674437206;0,0235873620427191;-0,0593756642099815;0,0491941860629565;-0,0599046798345689;0,049233783633585;92;0,92;0,9;TRUE;0,66304347826087;0,8;FALSE;FALSE;0,31;0,61;0,08
"h_trafnear_preg_pow1over3";"hs_asthma";0,23895795329256;1e-12;0;-0,0347324356354631;-0,0482394939381432;-0,0426674725195545;0,0397482158158789;-0,113360947140017;0;-0,115597918199828;-0,00137092844434588;72;0,72;0,9;FALSE;NA;0,8;FALSE;FALSE;0;0,72;0,28
"h_bro_preg_Log";"hs_asthma";0,23895795329256;1e-12;0;0,0108552010829777;0,0162017926611607;0,0112447641825147;0,0208818367695502;-0,00844931153177293;0,0600983792103376;-0,0100644469153847;0,0645375147956924;67;0,67;0,9;FALSE;NA;0,8;FALSE;FALSE;0,53;0,14;0,33
"h_clf_preg_Log";"hs_asthma";0,23895795329256;1e-12;-0,029390524184058;-0,0400444219876659;-0,0435265456387673;-0,038935141324749;0,0390518588255357;-0,124656193290746;0,0169892561605026;-0,129111625184679;0,017798148111044;92;0,92;0,9;TRUE;0,91304347826087;0,8;TRUE;TRUE;0,08;0,84;0,08
"h_thm_preg_Log";"hs_asthma";0,23895795329256;1e-12;0,00420212019827194;0,0230919393005772;0,0288649241257215;0,0186275425335103;0,0288852898429058;-0,00350457309992596;0,0865692354982837;-0,00507997926449716;0,0884400178540466;80;0,8;0,9;FALSE;0,925;0,8;TRUE;FALSE;0,74;0,06;0,2
"e3_alcpreg_yn_None_1";"hs_asthma";0,23895795329256;1e-12;-0,0841236875644838;-0,103551410768184;-0,104597384614327;-0,0905818289453892;0,101970063279241;-0,352103055794731;0,0352517006788456;-0,352154489052985;0,0354460164245648;99;0,99;0,9;TRUE;0,868686868686869;0,8;TRUE;TRUE;0,13;0,86;0,01
"h_pamod_t3_None_Often";"hs_asthma";0,23895795329256;1e-12;-0,0490296652505711;-0,065786436320601;-0,0664509457783849;-0,0568989199735397;0,093925713576562;-0,246675102003357;0,121306047586418;-0,246766559072982;0,122196236584266;99;0,99;0,9;TRUE;0,787878787878788;0,8;FALSE;FALSE;0,21;0,78;0,01
"h_pamod_t3_None_Sometimes";"hs_asthma";0,23895795329256;1e-12;-0,048216357614612;-0,0947079193174124;-0,0976370302241365;-0,0735836415159294;0,123999237126049;-0,330574736023693;0,0677135610649819;-0,331088771783588;0,0679905091031492;97;0,97;0,9;TRUE;0,804123711340206;0,8;TRUE;TRUE;0,19;0,78;0,03
"h_pamod_t3_None_Very Often";"hs_asthma";0,23895795329256;1e-12;-0,0811461455881003;-0,122482387273355;-0,127585820076412;-0,128388540079817;0,0902181879062582;-0,31210472681318;0,00110505852990153;-0,314072212957626;-8,38164935887419e-05;96;0,96;0,9;TRUE;0,96875;0,8;TRUE;TRUE;0,03;0,93;0,04
"h_pavig_t3_None_Low";"hs_asthma";0,23895795329256;1e-12;-0,344657017073422;-0,345146854583202;-0,345146854583202;-0,35105131529667;0,105372967038755;-0,576706334799379;-0,165035756915748;-0,576706334799379;-0,165035756915748;100;1;0,9;TRUE;1;0,8;TRUE;TRUE;0;1;0
"h_pavig_t3_None_Medium";"hs_asthma";0,23895795329256;1e-12;-0,143365196471467;-0,137143457789114;-0,137143457789114;-0,130236054956407;0,116876119407642;-0,406986342754412;0,0412643173472056;-0,406986342754412;0,0412643173472056;100;1;0,9;TRUE;0,88;0,8;TRUE;TRUE;0,12;0,88;0
"hs_no2_dy_hs_h_Log";"hs_asthma";0,23895795329256;1e-12;-0,00333692093726184;-0,0257980854917197;-0,0280413972736083;-0,0239060038567946;0,0315163678813895;-0,0863621889504534;0,0224433113213454;-0,0868829992224659;0,0244482058854332;92;0,92;0,9;TRUE;0,771739130434783;0,8;FALSE;FALSE;0,21;0,71;0,08
"hs_no2_wk_hs_h_Log";"hs_asthma";0,23895795329256;1e-12;0;0,000643829032171374;0,000836141600222564;0,000199942968368149;0,0130519101017171;-0,0272357954630127;0,031100866421741;-0,0290399668701452;0,0327707918827985;77;0,77;0,9;FALSE;NA;0,8;FALSE;FALSE;0,41;0,36;0,23
"hs_no2_yr_hs_h_Log";"hs_asthma";0,23895795329256;1e-12;0;-0,00901956058939757;-0,0136660008930266;-0,00911704951934915;0,0159180734384564;-0,046994648236177;0,00338035297122616;-0,0538949112181627;0,00626870565470868;66;0,66;0,9;FALSE;NA;0,8;FALSE;FALSE;0,08;0,58;0,34
"hs_pm10_dy_hs_h_None";"hs_asthma";0,23895795329256;1e-12;-0,00784432136257431;-0,0144032565530727;-0,015827754453926;-0,0123343192119745;0,0231053693196421;-0,0644096201728231;0,0222812442549941;-0,064781930930055;0,022901154469506;91;0,91;0,9;TRUE;0,791208791208791;0,8;FALSE;FALSE;0,19;0,72;0,09
"hs_pm10_wk_hs_h_None";"hs_asthma";0,23895795329256;1e-12;-0,00614124791451282;-0,00742722313453413;-0,0079013012069512;-0,0055508218393679;0,0262954527805759;-0,0634815577324128;0,0558571379928245;-0,0646650180545638;0,0576076864875676;94;0,94;0,9;TRUE;0,702127659574468;0,8;FALSE;FALSE;0,28;0,66;0,06
"hs_pm10_yr_hs_h_None";"hs_asthma";0,23895795329256;1e-12;0;-0,00898156267103324;-0,0124743925986573;-0,00696588877664668;0,0167413159906843;-0,0500024149182793;0,0132373505459073;-0,0524596483717998;0,01537787826719;72;0,72;0,9;FALSE;NA;0,8;FALSE;FALSE;0,14;0,58;0,28
"hs_pm25_dy_hs_h_None";"hs_asthma";0,23895795329256;1e-12;-0,0272594901446075;-0,0391977872389754;-0,0395937244838136;-0,0347341390844976;0,0444632446469573;-0,1475136974376;0,0156858235790422;-0,147903916839652;0,0157199750315979;99;0,99;0,9;TRUE;0,838383838383838;0,8;TRUE;TRUE;0,16;0,83;0,01
"hs_pm25_wk_hs_h_None";"hs_asthma";0,23895795329256;1e-12;0;-0,00387323474531551;-0,0056959334489934;-0,00278434524225971;0,0133871335584881;-0,0379741725683564;0,0292145812741792;-0,0423979711354227;0,0344262787806537;68;0,68;0,9;FALSE;NA;0,8;FALSE;FALSE;0,16;0,52;0,32
"hs_pm25_yr_hs_h_None";"hs_asthma";0,23895795329256;1e-12;-0,0400297826950231;-0,0428268072488854;-0,0432594012615005;-0,0413330417868873;0,0344816475813594;-0,123879865915571;0,00706530624995544;-0,124058379952761;0,00709533221457006;99;0,99;0,9;TRUE;0,929292929292929;0,8;TRUE;TRUE;0,07;0,92;0,01
"hs_pm25abs_dy_hs_h_Log";"hs_asthma";0,23895795329256;1e-12;0,00251163848369152;0,0104971484775753;0,0108218025542013;0,00856131940989012;0,0339352768731371;-0,051878929714787;0,0829398890371614;-0,0523686760951587;0,0841054713097407;97;0,97;0,9;TRUE;0,649484536082474;0,8;FALSE;FALSE;0,63;0,34;0,03
"hs_pm25abs_wk_hs_h_Log";"hs_asthma";0,23895795329256;1e-12;-0,000331561895927446;-0,0121923941458094;-0,0141772024951272;-0,00923675455904422;0,0217954843638924;-0,0663879171093939;0,0191847039353998;-0,0680585612155951;0,0233085239416233;86;0,86;0,9;FALSE;0,813953488372093;0,8;TRUE;FALSE;0,16;0,7;0,14
"hs_pm25abs_yr_hs_h_Log";"hs_asthma";0,23895795329256;1e-12;-0,0209379835525239;-0,0401919689862956;-0,0467348476584833;-0,0437889151749902;0,0381790096179945;-0,134769415233276;0;-0,135622274054593;-0,000369172894598296;86;0,86;0,9;FALSE;0,976744186046512;0,8;TRUE;FALSE;0,02;0,84;0,14
"hs_accesslines300_h_dic0";"hs_asthma";0,23895795329256;1e-12;-0,0453243801226276;-0,044061745200344;-0,0454244795879835;-0,0350255210490199;0,0864948187807704;-0,216208533648125;0,0908061222417831;-0,217441123448751;0,0916423163040367;97;0,97;0,9;TRUE;0,670103092783505;0,8;FALSE;FALSE;0,32;0,65;0,03
"hs_accesspoints300_h_Log";"hs_asthma";0,23895795329256;1e-12;-0,111442544098269;-0,121137667791315;-0,122361280597288;-0,118896320686045;0,0633473915614729;-0,243600172605532;-0,0147264802535069;-0,243601685413264;-0,0196061800140483;99;0,99;0,9;TRUE;1;0,8;TRUE;TRUE;0;0,99;0,01
"hs_builtdens300_h_Sqrt";"hs_asthma";0,23895795329256;1e-12;0;0,00156099308155919;0,00195124135194899;0,000715184405915289;0,0187763035828919;-0,0415465725557955;0,0425516615688613;-0,0484421312440028;0,0439101173642037;80;0,8;0,9;FALSE;NA;0,8;FALSE;FALSE;0,47;0,33;0,2
"hs_connind300_h_Log";"hs_asthma";0,23895795329256;1e-12;0,000737340356243809;0,00258845240621663;0,00319562025458844;0,000565913260291662;0,0224825292461944;-0,0280811067354024;0,0580905707928035;-0,0281754850608802;0,0611479715672147;81;0,81;0,9;FALSE;0,580246913580247;0,8;FALSE;FALSE;0,47;0,34;0,19
"hs_fdensity300_h_Log";"hs_asthma";0,23895795329256;1e-12;0,00135917795399509;0,0146460031229528;0,0172305919093562;0,0114145299933842;0,0278261578902562;-0,0325121758357401;0,0672895456736081;-0,0348810750976177;0,0674001188542279;85;0,85;0,9;FALSE;0,717647058823529;0,8;FALSE;FALSE;0,61;0,24;0,15
"hs_landuseshan300_h_None";"hs_asthma";0,23895795329256;1e-12;0;0,0197954687222707;0,0247443359028384;0,0109477808762308;0,0351885325209281;-0,00673314372398175;0,0972469470754265;-0,00905543594627945;0,102258174992143;80;0,8;0,9;FALSE;NA;0,8;FALSE;FALSE;0,69;0,11;0,2
"hs_popdens_h_Sqrt";"hs_asthma";0,23895795329256;1e-12;9,88098809368871e-05;0,0222275083095356;0,025548860125903;0,0160098457358067;0,0325195249560041;-0,0120400556523837;0,113785634092043;-0,0130291737808824;0,11630725517661;87;0,87;0,9;FALSE;0,758620689655172;0,8;FALSE;FALSE;0,66;0,21;0,13
"hs_walkability_mean_h_None";"hs_asthma";0,23895795329256;1e-12;0,0254676084219867;0,0447424485570581;0,0466067172469355;0,0334210653487232;0,044294142826006;0;0,166468501186112;0,000101850371871907;0,16735958345136;96;0,96;0,9;TRUE;0,979166666666667;0,8;TRUE;TRUE;0,94;0,02;0,04
"hs_accesslines300_s_dic0";"hs_asthma";0,23895795329256;1e-12;-0,0342200658104997;-0,0304332858739183;-0,0307406928019376;-0,0328852711998347;0,0793102721486029;-0,179670975604721;0,107197300290235;-0,179862572379288;0,107738835009839;99;0,99;0,9;TRUE;0,616161616161616;0,8;FALSE;FALSE;0,38;0,61;0,01
"hs_accesspoints300_s_Log";"hs_asthma";0,23895795329256;1e-12;0,00377015320966545;0,00403713430008316;0,00407791343442744;0,00172254487733879;0,0380915370151427;-0,0664686073684781;0,0877097359168509;-0,0667808234005802;0,0879426895018251;99;0,99;0,9;TRUE;0,545454545454545;0,8;FALSE;FALSE;0,54;0,45;0,01
"hs_builtdens300_s_Sqrt";"hs_asthma";0,23895795329256;1e-12;0,000157572835826252;0,00358222861450144;0,00442250446234745;0,000947620852212559;0,018532823303549;-0,0265281379963584;0,0618478012683074;-0,0273327723187175;0,0653825278709342;81;0,81;0,9;FALSE;0,580246913580247;0,8;FALSE;FALSE;0,47;0,34;0,19
"hs_connind300_s_Log";"hs_asthma";0,23895795329256;1e-12;-7,03889556076046e-05;-0,00434494969273218;-0,0052348791478701;-0,000368211873185108;0,0233200440869976;-0,0637628596915087;0,044401136160132;-0,0695632964470316;0,0495464116048802;83;0,83;0,9;FALSE;0,55421686746988;0,8;FALSE;FALSE;0,37;0,46;0,17
"hs_fdensity300_s_Log";"hs_asthma";0,23895795329256;1e-12;-0,00537154855584663;-0,0161420096879805;-0,0175456627043266;-0,00951286408386044;0,027667354015363;-0,0904005697423465;0,018465989297557;-0,091450715302172;0,0185304115522953;92;0,92;0,9;TRUE;0,782608695652174;0,8;FALSE;FALSE;0,2;0,72;0,08
"hs_landuseshan300_s_None";"hs_asthma";0,23895795329256;1e-12;0;-0,027122010372273;-0,0326771209304494;-0,0192282503656181;0,03989032343027;-0,140227458682787;0,00904039870169296;-0,146088068282315;0,0101518344140076;83;0,83;0,9;FALSE;NA;0,8;FALSE;FALSE;0,08;0,75;0,17
"hs_popdens_s_Sqrt";"hs_asthma";0,23895795329256;1e-12;-2,12652258237992e-05;0,0018658118780169;0,00207312430890767;0,000505602528757386;0,0195082229731336;-0,0337407419065254;0,0441335727761773;-0,0365894252730574;0,0449214756013111;90;0,9;0,9;TRUE;0,466666666666667;0,8;FALSE;FALSE;0,48;0,42;0,1
"h_Absorbance_Log";"hs_asthma";0,23895795329256;1e-12;0,00496566372044516;0,0365924122352837;0,0406582358169819;0,0266451826667198;0,0429525906901203;-0,00482070486488935;0,135358501506075;-0,00570533734028931;0,13729487329205;90;0,9;0,9;TRUE;0,922222222222222;0,8;TRUE;TRUE;0,83;0,07;0,1
"h_Benzene_Log";"hs_asthma";0,23895795329256;1e-12;0,0726440103643563;0,0807498540237368;0,0807498540237368;0,0790781565888493;0,0449529678392722;0,00669310220495059;0,173774548591779;0,00669310220495059;0,173774548591779;100;1;0,9;TRUE;0,98;0,8;TRUE;TRUE;0,98;0,02;0
"h_NO2_Log";"hs_asthma";0,23895795329256;1e-12;0,000485293259936717;-0,00345399882161611;-0,00379560310067705;0,000133530786822838;0,0276790768571623;-0,0661263153666395;0,0400626873938142;-0,0698496780359492;0,04048135963079;91;0,91;0,9;TRUE;0,505494505494505;0,8;FALSE;FALSE;0,46;0,45;0,09
"h_PM_Log";"hs_asthma";0,23895795329256;1e-12;0,00181936609879086;0,00286425855557711;0,00286425855557711;0,000734205458833425;0,0325713036622489;-0,0550717339131538;0,0586955189560807;-0,0550717339131538;0,0586955189560807;100;1;0,9;TRUE;0,53;0,8;FALSE;FALSE;0,53;0,47;0
"h_TEX_Log";"hs_asthma";0,23895795329256;1e-12;-0,000150187128358432;-0,011122607803672;-0,0137316145724346;-0,00629593582035887;0,0224111286047409;-0,071557308053993;0,0213368424780123;-0,0739740929697384;0,0223655470501115;81;0,81;0,9;FALSE;0,765432098765432;0,8;FALSE;FALSE;0,19;0,62;0,19
"hs_KIDMED_None";"hs_asthma";0,23895795329256;1e-12;-0,103863875479771;-0,105413331872148;-0,105413331872148;-0,10566610288122;0,0470492487940444;-0,202025349083195;-0,01841768923336;-0,202025349083195;-0,01841768923336;100;1;0,9;TRUE;1;0,8;TRUE;TRUE;0;1;0
"hs_mvpa_prd_alt_None";"hs_asthma";0,23895795329256;1e-12;-0,0064741792472608;-0,0116780619621296;-0,0119163897572751;-0,00865632705470724;0,0330896063430092;-0,0902551829543504;0,0461366293240418;-0,0906785749573172;0,0464727928078569;98;0,98;0,9;TRUE;0,704081632653061;0,8;FALSE;FALSE;0,29;0,69;0,02
"hs_sd_wk_None";"hs_asthma";0,23895795329256;1e-12;-0,00230288055193165;-0,0143947348814501;-0,0151523525067896;-0,00787038402540692;0,0234283640717836;-0,0715174849864284;0,019793993359047;-0,0726926440264793;0,0198811223550177;95;0,95;0,9;TRUE;0,757894736842105;0,8;FALSE;FALSE;0,23;0,72;0,05
"hs_dif_hours_total_None";"hs_asthma";0,23895795329256;1e-12;-0,114391557902938;-0,124164379250159;-0,124164379250159;-0,115368328372275;0,0624656166411588;-0,253129110139006;-0,0212771354857358;-0,253129110139006;-0,0212771354857358;100;1;0,9;TRUE;1;0,8;TRUE;TRUE;0;1;0
"hs_as_c_Log2";"hs_asthma";0,23895795329256;1e-12;-0,0415298498474991;-0,0415339495503276;-0,0423815811738037;-0,0323051410981921;0,0412985739299172;-0,139782376869911;0,00775312730893364;-0,140036433539483;0,00787006646568347;98;0,98;0,9;TRUE;0,908163265306122;0,8;TRUE;TRUE;0,09;0,89;0,02
"hs_cd_c_Log2";"hs_asthma";0,23895795329256;1e-12;0;0,00237917223084345;0,00371745661069289;0,000375669599385292;0,0267731105132844;-0,0546431171460456;0,0697857355682547;-0,0719530879277756;0,0909336857571176;64;0,64;0,9;FALSE;NA;0,8;FALSE;FALSE;0,33;0,31;0,36
"hs_co_c_Log2";"hs_asthma";0,23895795329256;1e-12;-0,0310075466128514;-0,0460963290000063;-0,048522451578954;-0,0336691102501957;0,0537774740937642;-0,182750325595206;0,00592881481899568;-0,187097592461056;0,00633080247414326;95;0,95;0,9;TRUE;0,936842105263158;0,8;TRUE;TRUE;0,06;0,89;0,05
"hs_cs_c_Log2";"hs_asthma";0,23895795329256;1e-12;-0,0400715117247893;-0,0380964590388189;-0,0384812717563827;-0,0384665307628188;0,0402288692619031;-0,119097269384128;0,0253246634119975;-0,11961351985863;0,0253741595634839;99;0,99;0,9;TRUE;0,797979797979798;0,8;FALSE;FALSE;0,2;0,79;0,01
"hs_cu_c_Log2";"hs_asthma";0,23895795329256;1e-12;-0,0192819274006768;-0,0232288156288528;-0,0232288156288528;-0,023495630946228;0,0563088628312992;-0,135086303987142;0,0798980833722408;-0,135086303987142;0,0798980833722408;100;1;0,9;TRUE;0,67;0,8;FALSE;FALSE;0,33;0,67;0
"hs_hg_c_Log2";"hs_asthma";0,23895795329256;1e-12;0,013438462005779;0,021063994227789;0,0214938716610092;0,010639137534253;0,0343502932249839;-0,0156206786377275;0,111922529502598;-0,0157262967334167;0,111930272846979;98;0,98;0,9;TRUE;0,744897959183674;0,8;FALSE;FALSE;0,73;0,25;0,02
"hs_mn_c_Log2";"hs_asthma";0,23895795329256;1e-12;0,0511319309222388;0,0658326566041778;0,0658326566041778;0,0513461273503232;0,0497331768811233;0,00107809611940539;0,163084562045759;0,00107809611940539;0,163084562045759;100;1;0,9;TRUE;0,98;0,8;TRUE;TRUE;0,98;0,02;0
"hs_mo_c_Log2";"hs_asthma";0,23895795329256;1e-12;0,0335679582557853;0,0380167257347392;0,0380167257347392;0,0326753762362244;0,0363980779439022;-0,0267136777678762;0,114981031010753;-0,0267136777678762;0,114981031010753;100;1;0,9;TRUE;0,88;0,8;TRUE;TRUE;0,88;0,12;0
"hs_pb_c_Log2";"hs_asthma";0,23895795329256;1e-12;-0,000851018931257321;-0,0129263478096281;-0,0137514338400299;-0,0057622943259323;0,0269566392832078;-0,0807148756982348;0,0230475417766414;-0,0809725923012582;0,0239960179708232;94;0,94;0,9;TRUE;0,702127659574468;0,8;FALSE;FALSE;0,28;0,66;0,06
"hs_hum_mt_hs_h_None";"hs_asthma";0,23895795329256;1e-12;-0,0327213608004154;-0,0239888666483224;-0,024478435355431;-0,0211098367869656;0,0388804917833016;-0,0955780187289078;0,0368357050470398;-0,0957023844886083;0,037140474042889;98;0,98;0,9;TRUE;0,744897959183674;0,8;FALSE;FALSE;0,25;0,73;0,02
"hs_tm_mt_hs_h_None";"hs_asthma";0,23895795329256;1e-12;0;-0,00738066417529748;-0,0129485336408728;-0,00714037074437853;0,0138007809011514;-0,0443812922960429;0,00560498616932468;-0,0465175031907788;0,00892155863424757;57;0,57;0,9;FALSE;NA;0,8;FALSE;FALSE;0,1;0,47;0,43
"hs_uvdvf_mt_hs_h_None";"hs_asthma";0,23895795329256;1e-12;0;0,00674983084193046;0,00813232631557886;0,00329425048998169;0,0216030251019725;-0,0295207884012328;0,0491384597044237;-0,030653141754145;0,0493188614940874;83;0,83;0,9;FALSE;NA;0,8;FALSE;FALSE;0,55;0,28;0,17
"hs_hum_dy_hs_h_None";"hs_asthma";0,23895795329256;1e-12;0;0,00891315329895214;0,010245003791899;0,00186263106902669;0,0203429425090411;-0,0184977361726828;0,0593503087775392;-0,0192953948898065;0,0632491656055178;87;0,87;0,9;FALSE;NA;0,8;FALSE;FALSE;0,55;0,32;0,13
"hs_hum_wk_hs_h_None";"hs_asthma";0,23895795329256;1e-12;0,121729490799952;0,127561006622711;0,128849501639102;0,118655662376753;0,0597048456006684;0,0106773399528757;0,253873266278135;0,0230793536361606;0,254842974404939;99;0,99;0,9;TRUE;1;0,8;TRUE;TRUE;0,99;0;0,01
"hs_tm_dy_hs_h_None";"hs_asthma";0,23895795329256;1e-12;0;0,00939281483334121;0,012866869634714;0,00784391644488957;0,017637470453898;-0,0121848120477869;0,0513906702171269;-0,0141287884942595;0,0586494565244869;73;0,73;0,9;FALSE;NA;0,8;FALSE;FALSE;0,59;0,14;0,27
"hs_tm_wk_hs_h_None";"hs_asthma";0,23895795329256;1e-12;0;0,00609484002105906;0,0117208461943444;0,00631617734827437;0,0119876038861739;-0,00506622951302905;0,0395546183313804;-0,00937615666592373;0,0406515760794618;52;0,52;0,9;FALSE;NA;0,8;FALSE;FALSE;0,45;0,07;0,48
"hs_uvdvf_dy_hs_h_None";"hs_asthma";0,23895795329256;1e-12;0;-0,01337495484585;-0,0175986247971711;-0,0107339154404491;0,0201760507528521;-0,0608466585496008;0,00654184062130433;-0,0620323198701966;0,00839355796667735;76;0,76;0,9;FALSE;NA;0,8;FALSE;FALSE;0,15;0,61;0,24
"hs_uvdvf_wk_hs_h_None";"hs_asthma";0,23895795329256;1e-12;0;0,00348138334828283;0,00476901828531895;0,000710020993184832;0,0199797990663196;-0,0342325725795051;0,0584255677881913;-0,034647642891558;0,0609754202344939;73;0,73;0,9;FALSE;NA;0,8;FALSE;FALSE;0,4;0,33;0,27
"hs_ndvi100_h_None";"hs_asthma";0,23895795329256;1e-12;-0,0833926748295555;-0,0919645889801047;-0,0938414173266374;-0,0777381152436951;0,0645231305525262;-0,2269111620972;-0,00117972555873437;-0,226948747652396;-0,00447430739140836;98;0,98;0,9;TRUE;1;0,8;TRUE;TRUE;0;0,98;0,02
"hs_ndvi100_s_None";"hs_asthma";0,23895795329256;1e-12;-0,0382130885070088;-0,0481368642134622;-0,0481368642134622;-0,041600654136892;0,041813179380087;-0,13446343448516;0,00543177562180028;-0,13446343448516;0,00543177562180028;100;1;0,9;TRUE;0,92;0,8;TRUE;TRUE;0,08;0,92;0
"hs_dde_cadj_Log2";"hs_asthma";0,23895795329256;1e-12;0,0840274842227036;0,0788253250091793;0,0788253250091793;0,0755390431976714;0,070044931169913;-0,0361728894288435;0,209342901275157;-0,0361728894288435;0,209342901275157;100;1;0,9;TRUE;0,88;0,8;TRUE;TRUE;0,88;0,12;0
"hs_ddt_cadj_Log2";"hs_asthma";0,23895795329256;1e-12;0;0,0137653266512452;0,0178770475990197;0,00419578491607655;0,0318030276420359;-0,0141851622068097;0,0710966806911178;-0,0170294960968238;0,0740688466634244;77;0,77;0,9;FALSE;NA;0,8;FALSE;FALSE;0,53;0,24;0,23
"hs_hcb_cadj_Log2";"hs_asthma";0,23895795329256;1e-12;-0,00353531313893906;-0,00528500088503877;-0,00528500088503877;-0,00381838182083344;0,0376889590772463;-0,0995593244211036;0,0577590180568744;-0,0995593244211036;0,0577590180568744;100;1;0,9;TRUE;0,55;0,8;FALSE;FALSE;0,45;0,55;0
"hs_pcb118_cadj_Log2";"hs_asthma";0,23895795329256;1e-12;0,00670751192008951;0,0120367288779762;0,0132271745911826;0,00343729799186444;0,0321456960800713;-0,0324924469255782;0,108235772341961;-0,03435203593616;0,111554410264143;91;0,91;0,9;TRUE;0,615384615384615;0,8;FALSE;FALSE;0,56;0,35;0,09
"hs_pcb138_cadj_Log2";"hs_asthma";0,23895795329256;1e-12;0;0,0149075859214068;0,0179609468932612;0,00264128653725016;0,0450011330407392;-0,0655271576705242;0,124635794292218;-0,0683726364320939;0,135301489554108;83;0,83;0,9;FALSE;NA;0,8;FALSE;FALSE;0,5;0,33;0,17
"hs_pcb153_cadj_Log2";"hs_asthma";0,23895795329256;1e-12;-0,00506734783521376;-0,0100654487240542;-0,0103767512619116;-0,00571197613785909;0,0226457310094102;-0,0617624870909406;0,0306498952475259;-0,0618670738309676;0,0309668457943404;97;0,97;0,9;TRUE;0,680412371134021;0,8;FALSE;FALSE;0,31;0,66;0,03
"hs_pcb170_cadj_Log2";"hs_asthma";0,23895795329256;1e-12;0,0529590890278322;0,0564384630695462;0,0564384630695462;0,0557708184874881;0,0446507069191451;-0,0184881336525211;0,143865408727691;-0,0184881336525211;0,143865408727691;100;1;0,9;TRUE;0,9;0,8;TRUE;TRUE;0,9;0,1;0
"hs_pcb180_cadj_Log2";"hs_asthma";0,23895795329256;1e-12;-0,0420681164980268;-0,0439310286548425;-0,0439310286548425;-0,0408107027785325;0,0506771930588875;-0,147138962160603;0,036597867532679;-0,147138962160603;0,036597867532679;100;1;0,9;TRUE;0,83;0,8;TRUE;TRUE;0,17;0,83;0
"hs_sumPCBs5_cadj_Log2";"hs_asthma";0,23895795329256;1e-12;-0,0070039129443646;-0,0104216119094631;-0,0105268807166294;-0,007486124394566;0,0308236957128468;-0,0740492579851547;0,0465254908084022;-0,0742631672346563;0,0465758997693728;99;0,99;0,9;TRUE;0,616161616161616;0,8;FALSE;FALSE;0,38;0,61;0,01
"hs_pfhxs_c_Log2";"hs_asthma";0,23895795329256;1e-12;0,00215446148489515;0,0121525874928333;0,0122753409018518;0,00989173805782153;0,0230984682691;-0,0329208866184645;0,0638279963704273;-0,0329873021113669;0,064069193549984;99;0,99;0,9;TRUE;0,737373737373737;0,8;FALSE;FALSE;0,73;0,26;0,01
"hs_pfna_c_Log2";"hs_asthma";0,23895795329256;1e-12;0;0,0262607489213206;0,0336676268222058;0,0234141224296298;0,0330914602567239;-0,00260220234347689;0,103415239772772;-0,00272632765558515;0,116974107402564;78;0,78;0,9;FALSE;NA;0,8;FALSE;FALSE;0,71;0,07;0,22
"hs_pfoa_c_Log2";"hs_asthma";0,23895795329256;1e-12;-0,00705046277942416;-0,0286675602942334;-0,0301763792570878;-0,0142059847821894;0,0420381858742804;-0,118195029836315;0,0147122293107223;-0,118586906484432;0,0150050071185388;95;0,95;0,9;TRUE;0,736842105263158;0,8;FALSE;FALSE;0,25;0,7;0,05
"hs_pfos_c_Log2";"hs_asthma";0,23895795329256;1e-12;-0,00633796217102947;-0,00228715928573751;-0,0023824575893099;-0,00321347237428481;0,0278138549604731;-0,05626753858609;0,0598563914885115;-0,0573278189155079;0,0599444556563305;96;0,96;0,9;TRUE;0,583333333333333;0,8;FALSE;FALSE;0,4;0,56;0,04
"hs_pfunda_c_Log2";"hs_asthma";0,23895795329256;1e-12;-5,54009297434808e-05;0,0133552446838114;0,0153508559584039;0,00516160439371367;0,0251120697841299;-0,00426706202995835;0,0834200951628852;-0,00459452255182244;0,0929582802597777;87;0,87;0,9;FALSE;0,275862068965517;0,8;FALSE;FALSE;0,63;0,24;0,13
"hs_hm_pers_None";"hs_asthma";0,23895795329256;1e-12;-0,00492587282214384;-0,0240140407948091;-0,0250146258279261;-0,00752078906897795;0,0419431039466727;-0,130564033101447;0,0216266481656361;-0,130735878037525;0,0217946947288213;96;0,96;0,9;TRUE;0,78125;0,8;FALSE;FALSE;0,21;0,75;0,04
"hs_trafload_h_pow1over3";"hs_asthma";0,23895795329256;1e-12;0,0011971631584046;0,00890471446620681;0,0100052971530414;0,00449927579090496;0,025355000537915;-0,0329633293996764;0,0797284552750728;-0,0366073503573277;0,0819214165153091;89;0,89;0,9;FALSE;0,651685393258427;0,8;FALSE;FALSE;0,58;0,31;0,11
"hs_trafnear_h_pow1over3";"hs_asthma";0,23895795329256;1e-12;0;0,00615595291698745;0,00843281221505129;0,00174114281856399;0,0201590182660511;-0,0220923553091143;0,0502681849817254;-0,0242102169555958;0,0621488928106007;73;0,73;0,9;FALSE;NA;0,8;FALSE;FALSE;0,45;0,28;0,27
"FAS_cat_None_Low";"hs_asthma";0,23895795329256;1e-12;-0,0171768317250012;-0,0181388329187678;-0,0181388329187678;0,00953567853826211;0,175749638128405;-0,331074148792467;0,276956375523024;-0,331074148792467;0,276956375523024;100;1;0,9;TRUE;0,49;0,8;FALSE;FALSE;0,51;0,49;0
"FAS_cat_None_Middle";"hs_asthma";0,23895795329256;1e-12;-0,160504247003024;-0,164191214483716;-0,167542055595629;-0,162212009995087;0,120441234290268;-0,365959090256446;0,0150168129368576;-0,366608098141014;0,0160027529238381;98;0,98;0,9;TRUE;0,938775510204082;0,8;TRUE;TRUE;0,06;0,92;0,02
"hs_globalexp2_None_no exposure";"hs_asthma";0,23895795329256;1e-12;0,0118668983891027;0,0443522214019746;0,0498339566314322;0,0325140463752743;0,0656258368981644;-0,0506131406747982;0,194238960260245;-0,0549516937778165;0,194379130458715;89;0,89;0,9;FALSE;0,831460674157303;0,8;TRUE;FALSE;0,74;0,15;0,11
"h_abs_ratio_preg_Log";"hs_zbmi_who";0,23895795329256;1e-12;-0,0281430004052786;-0,0288848907679578;-0,0294743783346508;-0,0262707989645277;0,0282634225728125;-0,0968902818741751;0,0113272396885817;-0,097163958192621;0,0113439796134747;98;0,98;0,9;TRUE;0,887755102040816;0,8;TRUE;TRUE;0,11;0,87;0,02
"h_no2_ratio_preg_Log";"hs_zbmi_who";0,23895795329256;1e-12;-0,0202239105878118;-0,0210767399042492;-0,0212896362669184;-0,0182070010923993;0,0259838293975297;-0,076279494734927;0,0162032194169199;-0,0763998379427716;0,0162323764753474;99;0,99;0,9;TRUE;0,848484848484849;0,8;TRUE;TRUE;0,15;0,84;0,01
"h_pm10_ratio_preg_None";"hs_zbmi_who";0,23895795329256;1e-12;0;0,00813489144803704;0,0142717393825211;0,00954478346659691;0,016342782963326;-0,0115270846614579;0,0554669139439957;-0,0137057606498534;0,0620163301167527;57;0,57;0,9;FALSE;NA;0,8;FALSE;FALSE;0,44;0,13;0,43
"h_pm25_ratio_preg_None";"hs_zbmi_who";0,23895795329256;1e-12;-0,0028854500624018;-0,00351357748388865;-0,00381910596074853;-0,000428950137110985;0,0174524099112679;-0,042916732049679;0,0269736663965762;-0,0440906567386101;0,0284693318943671;92;0,92;0,9;TRUE;0,521739130434783;0,8;FALSE;FALSE;0,44;0,48;0,08
"h_accesslines300_preg_dic0";"hs_zbmi_who";0,23895795329256;1e-12;0,00273333257605358;-0,0070904561530385;-0,00746363805583;-0,00484421494965063;0,0588624029880677;-0,129905518730857;0,0843649604555292;-0,13367823772946;0,0845993993119997;95;0,95;0,9;TRUE;0,494736842105263;0,8;FALSE;FALSE;0,47;0,48;0,05
"h_accesspoints300_preg_Log";"hs_zbmi_who";0,23895795329256;1e-12;-0,00194039560996437;-0,0152082376647695;-0,0178920443114935;-0,0129797333116758;0,0194504417241519;-0,0597506342668158;0,00589985301723536;-0,0599147368436455;0,00602169702671585;85;0,85;0,9;FALSE;0,870588235294118;0,8;TRUE;FALSE;0,11;0,74;0,15
"h_builtdens300_preg_Sqrt";"hs_zbmi_who";0,23895795329256;1e-12;0;0,000488874599669214;0,000688555774181992;-0,000445111279807876;0,0128037476401667;-0,0264034667086008;0,0298081527350058;-0,0306266103591509;0,0320248635483308;71;0,71;0,9;FALSE;NA;0,8;FALSE;FALSE;0,33;0,38;0,29
"h_connind300_preg_Sqrt";"hs_zbmi_who";0,23895795329256;1e-12;-0,00940816203899594;-0,0205743485598759;-0,0270715112629947;-0,0232571053596487;0,0258787376361968;-0,0848731875561378;0,00248691492191853;-0,0868474506725315;0,00323833663557345;76;0,76;0,9;FALSE;0,894736842105263;0,8;TRUE;FALSE;0,08;0,68;0,24
"h_fdensity300_preg_Log";"hs_zbmi_who";0,23895795329256;1e-12;-0,00119487493973792;-0,00933178441713657;-0,0119638261758161;-0,0077519873590973;0,0187719525118813;-0,0547176882133447;0,0176328266734418;-0,0556107484411302;0,0222922416433598;78;0,78;0,9;FALSE;0,743589743589744;0,8;FALSE;FALSE;0,2;0,58;0,22
"h_frichness300_preg_None";"hs_zbmi_who";0,23895795329256;1e-12;0;0,00230379070287299;0,00324477563784928;0,00244695086906681;0,0149964373371046;-0,0391122274436628;0,0358408114106522;-0,0415278040330568;0,0365017960071594;71;0,71;0,9;FALSE;NA;0,8;FALSE;FALSE;0,46;0,25;0,29
"h_landuseshan300_preg_None";"hs_zbmi_who";0,23895795329256;1e-12;0,0333708034250041;0,0373819145043491;0,0389394942753636;0,0406986597592081;0,0263090203326683;-0,0033316712838038;0,0852025787377385;-0,00365651359790766;0,0854288387189223;96;0,96;0,9;TRUE;0,947916666666667;0,8;TRUE;TRUE;0,91;0,05;0,04
"h_popdens_preg_Sqrt";"hs_zbmi_who";0,23895795329256;1e-12;0,0490920848984518;0,048717541639528;0,0502242697314722;0,0471508838942282;0,0309018933071474;0;0,117685357965147;0,00554344986659491;0,118653853631495;97;0,97;0,9;TRUE;0,989690721649485;0,8;TRUE;TRUE;0,96;0,01;0,03
"h_walkability_mean_preg_None";"hs_zbmi_who";0,23895795329256;1e-12;-0,0416832541663565;-0,0431205373050565;-0,0458729120266558;-0,0438573743313897;0,0312094042735173;-0,108986546486243;0;-0,109607388284359;-0,0050928339489707;94;0,94;0,9;TRUE;1;0,8;TRUE;TRUE;0;0,94;0,06
"hs_as_m_Log2";"hs_zbmi_who";0,23895795329256;1e-12;0,0343053545320213;0,0408796361077957;0,0434889745827614;0,0452253548439662;0,0260631016440312;0;0,0888279278731218;0,00246315614323104;0,0888289719708312;94;0,94;0,9;TRUE;0,98936170212766;0,8;TRUE;TRUE;0,93;0,01;0,06
"hs_cd_m_Log2";"hs_zbmi_who";0,23895795329256;1e-12;0,0209001838471628;0,0185605159556004;0,0191345525315468;0,0151769288699524;0,0225498438180883;-0,0189996608034075;0,0686090087608578;-0,019088939517328;0,0690727008799554;97;0,97;0,9;TRUE;0,855670103092783;0,8;TRUE;TRUE;0,83;0,14;0,03
"hs_co_m_Log2";"hs_zbmi_who";0,23895795329256;1e-12;0,0402163651275596;0,0442011019102899;0,0451031652145816;0,0422551114760587;0,0277905153996926;0,000682914572887355;0,102308814976462;0,00340181690398275;0,102742790580061;98;0,98;0,9;TRUE;0,989795918367347;0,8;TRUE;TRUE;0,97;0,01;0,02
"hs_cs_m_Log2";"hs_zbmi_who";0,23895795329256;1e-12;0;0,00883615650685762;0,0106459716950092;0,0050002956401332;0,014502544398948;-0,00900764121540083;0,0375935569110043;-0,00978566356916942;0,0381681688898491;83;0,83;0,9;FALSE;NA;0,8;FALSE;FALSE;0,65;0,18;0,17
"hs_cu_m_Log2";"hs_zbmi_who";0,23895795329256;1e-12;-0,0130393125303796;-0,0174988534872583;-0,0188159714916756;-0,0153095483179995;0,0173004478684628;-0,0613585232937423;0,00172550183066907;-0,0616804761618683;0,00186512805914107;93;0,93;0,9;TRUE;0,946236559139785;0,8;TRUE;TRUE;0,05;0,88;0,07
"hs_hg_m_Log2";"hs_zbmi_who";0,23895795329256;1e-12;-6,57697810178206e-05;-0,000202355038657367;-0,000246774437387033;-0,00184558521009618;0,0162367618273248;-0,0338289017278146;0,0414797151522746;-0,0350574424856979;0,046587755248384;82;0,82;0,9;FALSE;0,573170731707317;0,8;FALSE;FALSE;0,35;0,47;0,18
"hs_mn_m_Log2";"hs_zbmi_who";0,23895795329256;1e-12;-0,002931477021266;-0,00460608253039964;-0,00490008779829749;-0,00375568013233792;0,0125418568245218;-0,0328160032822459;0,018620035357053;-0,0330343162006265;0,0186348127831044;94;0,94;0,9;TRUE;0,723404255319149;0,8;FALSE;FALSE;0,26;0,68;0,06
"hs_mo_m_Log2";"hs_zbmi_who";0,23895795329256;1e-12;-0,0119631914186588;-0,0130123681369795;-0,0130123681369795;-0,0110279335667293;0,0178419429337709;-0,0553564703272418;0,024625262906519;-0,0553564703272418;0,024625262906519;100;1;0,9;TRUE;0,81;0,8;TRUE;TRUE;0,19;0,81;0
"hs_pb_m_Log2";"hs_zbmi_who";0,23895795329256;1e-12;0;-0,000880143661339601;-0,00117352488178613;-0,000856713408257621;0,0103104014774109;-0,0250529450132065;0,0203939117342093;-0,0259127251835847;0,0217118640910331;75;0,75;0,9;FALSE;NA;0,8;FALSE;FALSE;0,35;0,4;0,25
"h_humidity_preg_None";"hs_zbmi_who";0,23895795329256;1e-12;-0,0250894005839108;-0,0322703727663363;-0,032928951802384;-0,0300206908920752;0,030346109726336;-0,103893491408924;0,00809958799914281;-0,104142144597033;0,00814335635046158;98;0,98;0,9;TRUE;0,908163265306122;0,8;TRUE;TRUE;0,09;0,89;0,02
"h_pressure_preg_None";"hs_zbmi_who";0,23895795329256;1e-12;0,0127567892003741;0,016199997589006;0,0182022444820292;0,0145040147152268;0,0163607649157208;-0,00387718167885923;0,0545660919677419;-0,0046909236527087;0,0560387289106958;89;0,89;0,9;FALSE;0,887640449438202;0,8;TRUE;FALSE;0,79;0,1;0,11
"h_temperature_preg_None";"hs_zbmi_who";0,23895795329256;1e-12;0,00189040416299004;0,0158151181373209;0,0179717251560464;0,0126343366831687;0,0231096636675453;-0,0147929094491378;0,0725612476270303;-0,0160064086947917;0,0746853133192262;88;0,88;0,9;FALSE;0,772727272727273;0,8;FALSE;FALSE;0,68;0,2;0,12
"h_ndvi100_preg_None";"hs_zbmi_who";0,23895795329256;1e-12;0;-0,00210037599628696;-0,00283834594092833;-0,00271078224361528;0,0152965601350182;-0,0350404788086936;0,0312360173241776;-0,0378630325806865;0,0327559283674811;74;0,74;0,9;FALSE;NA;0,8;FALSE;FALSE;0,34;0,4;0,26
"hs_dde_madj_Log2";"hs_zbmi_who";0,23895795329256;1e-12;0,0301022472307511;0,034330830257266;0,034330830257266;0,0276977205280105;0,0263161547141631;-0,000561917777327878;0,0887165303022666;-0,000561917777327878;0,0887165303022666;100;1;0,9;TRUE;0,97;0,8;TRUE;TRUE;0,97;0,03;0
"hs_ddt_madj_Log2";"hs_zbmi_who";0,23895795329256;1e-12;-0,00311339622209195;-0,00606501673921533;-0,00681462554968015;-0,004814205708926;0,015911653286951;-0,0429640208651171;0,025623952583031;-0,0453452372771247;0,0264226881979251;89;0,89;0,9;FALSE;0,651685393258427;0,8;FALSE;FALSE;0,31;0,58;0,11
"hs_hcb_madj_Log2";"hs_zbmi_who";0,23895795329256;1e-12;-0,0175142819688471;-0,0233884686631031;-0,0262791782731495;-0,0211763733752521;0,0251883200383688;-0,0848481564161777;0,0100215937705343;-0,0849161072604013;0,0114933812876566;89;0,89;0,9;FALSE;0,876404494382023;0,8;TRUE;FALSE;0,11;0,78;0,11
"hs_pcb118_madj_Log2";"hs_zbmi_who";0,23895795329256;1e-12;0,0161082352544255;0,0176691268463522;0,0178476028751032;0,0151732795809455;0,0220737419958095;-0,0123986255615403;0,0613941242537729;-0,0124099970460481;0,0614068916987977;99;0,99;0,9;TRUE;0,777777777777778;0,8;FALSE;FALSE;0,77;0,22;0,01
"hs_pcb138_madj_Log2";"hs_zbmi_who";0,23895795329256;1e-12;-0,000643251462726932;0,0018398220349217;0,00204424670546856;-0,000672091396092576;0,0244064682021384;-0,0368064617230866;0,0602726566079841;-0,0373859295264402;0,0606339560661988;90;0,9;0,9;TRUE;0,544444444444444;0,8;FALSE;FALSE;0,41;0,49;0,1
"hs_pcb153_madj_Log2";"hs_zbmi_who";0,23895795329256;1e-12;8,62502676085248e-05;0,00977799670095927;0,0123772110138725;0,00730649575548672;0,0206613085189337;-0,0165265532744879;0,0731302562507262;-0,0174210522810792;0,0746641398159787;79;0,79;0,9;FALSE;0,721518987341772;0,8;FALSE;FALSE;0,57;0,22;0,21
"hs_pcb170_madj_Log2";"hs_zbmi_who";0,23895795329256;1e-12;-0,0475113113673752;-0,0522142641156572;-0,0532798613425074;-0,0507709627557528;0,0344744636025;-0,111071082725088;-3,30831104049348e-05;-0,111114486610176;-0,00213419415852676;98;0,98;0,9;TRUE;0,989795918367347;0,8;TRUE;TRUE;0,01;0,97;0,02
"hs_pcb180_madj_Log2";"hs_zbmi_who";0,23895795329256;1e-12;0,00167783531533266;0,00493237048238533;0,00601508595412845;0,00388445208552162;0,0158800602989328;-0,0249865019457708;0,0347868544516481;-0,0271277526478255;0,0355181153036086;82;0,82;0,9;FALSE;0,719512195121951;0,8;FALSE;FALSE;0,59;0,23;0,18
"hs_sumPCBs5_madj_Log2";"hs_zbmi_who";0,23895795329256;1e-12;-0,00692473588042892;-0,0245979835422362;-0,028273544301421;-0,0237822172733806;0,0246624488111858;-0,0819024487885822;0,00410169453171942;-0,0842361758958565;0,00548827556889256;87;0,87;0,9;FALSE;0,942528735632184;0,8;TRUE;FALSE;0,05;0,82;0,13
"hs_pfhxs_m_Log2";"hs_zbmi_who";0,23895795329256;1e-12;-0,0163105769783955;-0,0150832239516249;-0,0153910448485968;-0,0123211654700101;0,0141574285156743;-0,0488232463274764;0,0039250589962454;-0,0490576253367201;0,00417955602963108;98;0,98;0,9;TRUE;0,928571428571429;0,8;TRUE;TRUE;0,07;0,91;0,02
"hs_pfna_m_Log2";"hs_zbmi_who";0,23895795329256;1e-12;0,00805191143560475;0,020479586535142;0,0213329026407729;0,0175619013026228;0,0199041014578419;-0,00655453751104671;0,0612937515359394;-0,00696315604760412;0,0613922316730965;96;0,96;0,9;TRUE;0,885416666666667;0,8;TRUE;TRUE;0,85;0,11;0,04
"hs_pfoa_m_Log2";"hs_zbmi_who";0,23895795329256;1e-12;0;-0,0030537841179643;-0,00477153768431922;-0,00343390840114641;0,00972492845168754;-0,0227644760386426;0,0183070940826053;-0,0234813221166836;0,0212675939926471;64;0,64;0,9;FALSE;NA;0,8;FALSE;FALSE;0,21;0,43;0,36
"hs_pfos_m_Log2";"hs_zbmi_who";0,23895795329256;1e-12;0;-0,0048948924773435;-0,00611861559667937;-0,00220999145710314;0,0145031021142087;-0,0386330591294845;0,0196598506739358;-0,0388329015987596;0,0254915551566925;80;0,8;0,9;FALSE;NA;0,8;FALSE;FALSE;0,28;0,52;0,2
"hs_pfunda_m_Log2";"hs_zbmi_who";0,23895795329256;1e-12;-0,000492719464478403;-0,00890029796305984;-0,0115588285234543;-0,0055371335956324;0,0214415332879602;-0,0619526182531875;0,0141447954431322;-0,0721045147705149;0,0192207080450793;77;0,77;0,9;FALSE;0,753246753246753;0,8;FALSE;FALSE;0,19;0,58;0,23
"e3_asmokcigd_p_None";"hs_zbmi_who";0,23895795329256;1e-12;-0,00244705493601253;-0,017663097546393;-0,0194099973037286;-0,0165939483396365;0,0174587852123581;-0,0578745113906204;0,00294972979418547;-0,0581187688161096;0,00315497798622228;91;0,91;0,9;TRUE;0,923076923076923;0,8;TRUE;TRUE;0,07;0,84;0,09
"h_distinvnear1_preg_Log";"hs_zbmi_who";0,23895795329256;1e-12;0;0,000227459724968712;0,000291615032011169;0,000697143928144672;0,0139778312615112;-0,0263441077902286;0,0252213319773673;-0,0273614874233466;0,0307148613393161;78;0,78;0,9;FALSE;NA;0,8;FALSE;FALSE;0,42;0,36;0,22
"h_trafload_preg_pow1over3";"hs_zbmi_who";0,23895795329256;1e-12;0,0228211702053896;0,0311677126780661;0,0338779485631153;0,0360926739110924;0,0255320263135965;-5,42310569611206e-05;0,0828713238375019;-9,10163003904382e-06;0,0834211808246681;92;0,92;0,9;TRUE;0,967391304347826;0,8;TRUE;TRUE;0,89;0,03;0,08
"h_trafnear_preg_pow1over3";"hs_zbmi_who";0,23895795329256;1e-12;0;-0,00525924565121283;-0,00730450784890671;-0,00285371608889989;0,0174138856913851;-0,0429349932933333;0,0178112818988497;-0,0447721222614575;0,0182237029240965;72;0,72;0,9;FALSE;NA;0,8;FALSE;FALSE;0,28;0,44;0,28
"h_bro_preg_Log";"hs_zbmi_who";0,23895795329256;1e-12;0;-0,00327784211843167;-0,004892301669301;-0,00293051739716373;0,0127852685364286;-0,024645619638657;0,0206548891794122;-0,0328764411039767;0,0216231752970089;67;0,67;0,9;FALSE;NA;0,8;FALSE;FALSE;0,21;0,46;0,33
"h_clf_preg_Log";"hs_zbmi_who";0,23895795329256;1e-12;-0,0187664358338443;-0,0306613777589054;-0,0333275845205494;-0,0202798623213958;0,0356430526865838;-0,11756181462693;0,0126682651508479;-0,121126639952006;0,0146935985569318;92;0,92;0,9;TRUE;0,858695652173913;0,8;TRUE;TRUE;0,13;0,79;0,08
"h_thm_preg_Log";"hs_zbmi_who";0,23895795329256;1e-12;-0,00370748413729084;-0,0198338291145151;-0,0247922863931439;-0,0185883080454967;0,0253925331821976;-0,0811482009504024;0,00416243765259467;-0,0842416044307073;0,00602222970992687;80;0,8;0,9;FALSE;0,925;0,8;TRUE;FALSE;0,06;0,74;0,2
"e3_alcpreg_yn_None_1";"hs_zbmi_who";0,23895795329256;1e-12;-0,0533335558938801;-0,0618842410116855;-0,0625093343552378;-0,0512030658700747;0,0520426958004673;-0,183385851321497;0,0066375070598533;-0,183523872403388;0,00664588468116018;99;0,99;0,9;TRUE;0,939393939393939;0,8;TRUE;TRUE;0,06;0,93;0,01
"h_pamod_t3_None_Often";"hs_zbmi_who";0,23895795329256;1e-12;-0,047754338445216;-0,0580133028109094;-0,0585992957685954;-0,0538115521443107;0,0421401965567827;-0,149769835158957;0,00753294690479616;-0,14983183832401;0,00759259211913431;99;0,99;0,9;TRUE;0,939393939393939;0,8;TRUE;TRUE;0,06;0,93;0,01
"h_pamod_t3_None_Sometimes";"hs_zbmi_who";0,23895795329256;1e-12;-0,0218486272777131;-0,039493785242002;-0,0407152425175279;-0,0293049026860478;0,0608303725041395;-0,162890809603613;0,0586977508218158;-0,16316679900784;0,0599687710540296;97;0,97;0,9;TRUE;0,814432989690722;0,8;TRUE;TRUE;0,18;0,79;0,03
"h_pamod_t3_None_Very Often";"hs_zbmi_who";0,23895795329256;1e-12;-0,0127728807384065;-0,0228670629986692;-0,0238198572902804;-0,0172999339134961;0,0373817102393618;-0,101147891341274;0,0430823174407113;-0,101309573175265;0,0433205183118301;96;0,96;0,9;TRUE;0,770833333333333;0,8;FALSE;FALSE;0,22;0,74;0,04
"h_pavig_t3_None_Low";"hs_zbmi_who";0,23895795329256;1e-12;-0,142674759089584;-0,150791089408577;-0,150791089408577;-0,155688999205005;0,07628911039038;-0,315705259159716;-0,0126435775200728;-0,315705259159716;-0,0126435775200728;100;1;0,9;TRUE;0,99;0,8;TRUE;TRUE;0,01;0,99;0
"h_pavig_t3_None_Medium";"hs_zbmi_who";0,23895795329256;1e-12;-0,123436882632175;-0,129073864958667;-0,129073864958667;-0,131936702603744;0,0715354303071173;-0,275435697519884;-0,0107630241467329;-0,275435697519884;-0,0107630241467329;100;1;0,9;TRUE;0,98;0,8;TRUE;TRUE;0,02;0,98;0
"hs_no2_dy_hs_h_Log";"hs_zbmi_who";0,23895795329256;1e-12;-0,00525531456038063;-0,0209936414536112;-0,0228191754930556;-0,0205697541667594;0,0256260317408747;-0,072702501599949;0,00977708693301112;-0,0738156554046305;0,0105196717873796;92;0,92;0,9;TRUE;0,815217391304348;0,8;TRUE;TRUE;0,17;0,75;0,08
"hs_no2_wk_hs_h_Log";"hs_zbmi_who";0,23895795329256;1e-12;0;0,0149849374307023;0,0194609577022108;0,0134523635239346;0,0195863515379971;-0,00288265959708929;0,0611052418921092;-0,00338738372867105;0,0683053371079219;77;0,77;0,9;FALSE;NA;0,8;FALSE;FALSE;0,7;0,07;0,23
"hs_no2_yr_hs_h_Log";"hs_zbmi_who";0,23895795329256;1e-12;0;-0,000169032011151337;-0,000256109107805056;0,00064707657652181;0,0102845352307665;-0,0260346274765086;0,0190203110573059;-0,0276710698245191;0,0192911032236267;66;0,66;0,9;FALSE;NA;0,8;FALSE;FALSE;0,38;0,28;0,34
"hs_pm10_dy_hs_h_None";"hs_zbmi_who";0,23895795329256;1e-12;0,0147358660276382;0,0220879567724963;0,0242724799697761;0,0172543928721917;0,0241630587152941;-0,00437374908402217;0,0876969422159493;-0,0052553282035725;0,0889116539070197;91;0,91;0,9;TRUE;0,934065934065934;0,8;TRUE;TRUE;0,85;0,06;0,09
"hs_pm10_wk_hs_h_None";"hs_zbmi_who";0,23895795329256;1e-12;-0,00972032532975804;-0,0123474244203514;-0,0131355578939908;-0,00825929676319478;0,0207388618180815;-0,0604061950634989;0,0274098236400946;-0,0605756775996151;0,0279266765763354;94;0,94;0,9;TRUE;0,840425531914894;0,8;TRUE;TRUE;0,15;0,79;0,06
"hs_pm10_yr_hs_h_None";"hs_zbmi_who";0,23895795329256;1e-12;0;0,00296276923382104;0,0041149572691959;0,00264218701269993;0,0170773053378901;-0,0271870424152584;0,0417402031365489;-0,0283899842754001;0,0464615312712535;72;0,72;0,9;FALSE;NA;0,8;FALSE;FALSE;0,47;0,25;0,28
"hs_pm25_dy_hs_h_None";"hs_zbmi_who";0,23895795329256;1e-12;0,0376061875486058;0,0442700804213108;0,044717252950819;0,0425550350384324;0,0260744295881915;0,00319352982912143;0,100485050300688;0,00464516874337101;0,100519458790521;99;0,99;0,9;TRUE;1;0,8;TRUE;TRUE;0,99;0;0,01
"hs_pm25_wk_hs_h_None";"hs_zbmi_who";0,23895795329256;1e-12;0;-0,0126731468586964;-0,0186369806745535;-0,017394216798401;0,0168819677131947;-0,0523445821319523;0,00305111230915428;-0,0553433682369167;0,00325073070462277;68;0,68;0,9;FALSE;NA;0,8;FALSE;FALSE;0,08;0,6;0,32
"hs_pm25_yr_hs_h_None";"hs_zbmi_who";0,23895795329256;1e-12;0,0192840786382624;0,0208769621511602;0,0210878405567274;0,0165119792381781;0,0267873892528189;-0,0190658809394663;0,0871927154050319;-0,0191584952776308;0,0874407009973044;99;0,99;0,9;TRUE;0,808080808080808;0,8;TRUE;TRUE;0,8;0,19;0,01
"hs_pm25abs_dy_hs_h_Log";"hs_zbmi_who";0,23895795329256;1e-12;-0,0146798114353664;-0,0194435517798382;-0,0200448987421012;-0,017791792198406;0,0207040694755089;-0,071914389162093;0,0112221776350195;-0,0728995132574987;0,0113739228587;97;0,97;0,9;TRUE;0,845360824742268;0,8;TRUE;TRUE;0,15;0,82;0,03
"hs_pm25abs_wk_hs_h_Log";"hs_zbmi_who";0,23895795329256;1e-12;-0,000479183345190938;-0,00391583940632203;-0,00455330163525818;-0,00280349915463415;0,0155267662599319;-0,0364245263569711;0,028549298177048;-0,0391891037095055;0,0319449342910301;86;0,86;0,9;FALSE;0,674418604651163;0,8;FALSE;FALSE;0,28;0,58;0,14
"hs_pm25abs_yr_hs_h_Log";"hs_zbmi_who";0,23895795329256;1e-12;0,0121495950954772;0,0223741090950332;0,0260164059244573;0,0202365489691808;0,0252609867387745;-0,00830299721186711;0,077759091889516;-0,0103479620493039;0,0780467097266353;86;0,86;0,9;FALSE;0,883720930232558;0,8;TRUE;FALSE;0,76;0,1;0,14
"hs_accesslines300_h_dic0";"hs_zbmi_who";0,23895795329256;1e-12;0,121385274362465;0,14035967088973;0,144700691638897;0,137252533286303;0,0953419276576031;-0,000868261370917947;0,313186523768535;0,000268205480629474;0,313259486987926;97;0,97;0,9;TRUE;0,969072164948454;0,8;TRUE;TRUE;0,94;0,03;0,03
"hs_accesspoints300_h_Log";"hs_zbmi_who";0,23895795329256;1e-12;0,00218831907047374;-0,00532583309059814;-0,00537962938444256;-0,00649028935187469;0,0225552547864029;-0,0515282795711397;0,0399660068302894;-0,05190428594529;0,0402279111049383;99;0,99;0,9;TRUE;0,373737373737374;0,8;FALSE;FALSE;0,37;0,62;0,01
"hs_builtdens300_h_Sqrt";"hs_zbmi_who";0,23895795329256;1e-12;0;-0,0132684201837596;-0,0165855252296995;-0,0101984989935036;0,0193630418884786;-0,0613865088654045;0,00852530394671829;-0,0684660434422491;0,0104533655712339;80;0,8;0,9;FALSE;NA;0,8;FALSE;FALSE;0,11;0,69;0,2
"hs_connind300_h_Log";"hs_zbmi_who";0,23895795329256;1e-12;0,000434607809461376;0,00694171719308649;0,0085700212260327;0,00544829276664227;0,013758466623828;-0,0131833548607868;0,0435077261785127;-0,0135236901130996;0,043610774007842;81;0,81;0,9;FALSE;0,765432098765432;0,8;FALSE;FALSE;0,62;0,19;0,19
"hs_fdensity300_h_Log";"hs_zbmi_who";0,23895795329256;1e-12;-0,00171189195675361;-0,0119052025112848;-0,0140061206015115;-0,00886482322911644;0,0190535413766152;-0,0589122896875317;0,0127565719526499;-0,0609909778180242;0,013520840766927;85;0,85;0,9;FALSE;0,811764705882353;0,8;TRUE;FALSE;0,16;0,69;0,15
"hs_landuseshan300_h_None";"hs_zbmi_who";0,23895795329256;1e-12;0;-0,00443783634282497;-0,00554729542853121;-0,00319585241007739;0,0142274924150001;-0,0410474668880473;0,0187220162832901;-0,0444150180069086;0,0194430062949118;80;0,8;0,9;FALSE;NA;0,8;FALSE;FALSE;0,28;0,52;0,2
"hs_popdens_h_Sqrt";"hs_zbmi_who";0,23895795329256;1e-12;0,000677251049498669;0,0184554226408849;0,0212131294722815;0,0169973916423298;0,0195298693646661;-0,000115776553781975;0,0659516474265028;-0,000174743109507691;0,0673196466050157;87;0,87;0,9;FALSE;0,96551724137931;0,8;TRUE;FALSE;0,84;0,03;0,13
"hs_walkability_mean_h_None";"hs_zbmi_who";0,23895795329256;1e-12;-0,0117170680381852;-0,0145010506671333;-0,0151052611115972;-0,0101529789724105;0,0195406881322383;-0,0538304407926771;0,0133810973710479;-0,0538859384617204;0,0134022969515798;96;0,96;0,9;TRUE;0,791666666666667;0,8;FALSE;FALSE;0,2;0,76;0,04
"hs_accesslines300_s_dic0";"hs_zbmi_who";0,23895795329256;1e-12;0,14952000501824;0,141536646146436;0,142966309238825;0,144480744238086;0,0931248211459752;-0,0200006016915696;0,322860589593243;-0,0205106278870803;0,322973571655936;99;0,99;0,9;TRUE;0,95959595959596;0,8;TRUE;TRUE;0,95;0,04;0,01
"hs_accesspoints300_s_Log";"hs_zbmi_who";0,23895795329256;1e-12;-0,0630995160223342;-0,0663228929027947;-0,066992821113934;-0,0665385667336628;0,0353759538226155;-0,136330474927561;-0,0023325239164693;-0,136588780661983;-0,00573190432534966;99;0,99;0,9;TRUE;0,98989898989899;0,8;TRUE;TRUE;0,01;0,98;0,01
"hs_builtdens300_s_Sqrt";"hs_zbmi_who";0,23895795329256;1e-12;-0,00165126961857251;-0,0060020683145042;-0,00740996088210395;-0,00493912793717001;0,0106092569702382;-0,029866877204314;0,00728164942100857;-0,0303432007537413;0,00812377992664788;81;0,81;0,9;FALSE;0,802469135802469;0,8;TRUE;FALSE;0,16;0,65;0,19
"hs_connind300_s_Log";"hs_zbmi_who";0,23895795329256;1e-12;-0,000166732541694182;-0,00936487399248393;-0,0112829807138361;-0,00580585494167071;0,0161384045481337;-0,0534292096930241;0,00919540374666502;-0,0534579733008484;0,0108235530201785;83;0,83;0,9;FALSE;0,771084337349398;0,8;FALSE;FALSE;0,19;0,64;0,17
"hs_fdensity300_s_Log";"hs_zbmi_who";0,23895795329256;1e-12;-0,00645730146088236;-0,0166853836118589;-0,0181362865346293;-0,0154313259602304;0,0188875754621121;-0,0559327525298548;0,00927491120769341;-0,0575753175511077;0,00961144115847661;92;0,92;0,9;TRUE;0,880434782608696;0,8;TRUE;TRUE;0,11;0,81;0,08
"hs_landuseshan300_s_None";"hs_zbmi_who";0,23895795329256;1e-12;0;-0,0112153928964256;-0,0135125215619586;-0,00792134663967185;0,0200164790875735;-0,0686249680183851;0,0147115797228121;-0,0741807695731948;0,0164973121956391;83;0,83;0,9;FALSE;NA;0,8;FALSE;FALSE;0,19;0,64;0,17
"hs_popdens_s_Sqrt";"hs_zbmi_who";0,23895795329256;1e-12;-0,00198774707703508;-0,00909924502699818;-0,0101102722522202;-0,00428984283107254;0,0132004322798727;-0,0400596627108614;0,0050364435203718;-0,0401440770907671;0,00531988691548225;90;0,9;0,9;TRUE;0,744444444444444;0,8;FALSE;FALSE;0,23;0,67;0,1
"h_Absorbance_Log";"hs_zbmi_who";0,23895795329256;1e-12;0,0030130897133925;0,0108034927131278;0,0120038807923642;0,00924615008180656;0,0191124674095862;-0,0219978154241546;0,0534643963113631;-0,0220238128335868;0,0541160370178194;90;0,9;0,9;TRUE;0,777777777777778;0,8;FALSE;FALSE;0,7;0,2;0,1
"h_Benzene_Log";"hs_zbmi_who";0,23895795329256;1e-12;0,00612302886426095;0,00527705159631065;0,00527705159631065;0,00387034703060866;0,0216084327638218;-0,0320144719929507;0,0504736851922737;-0,0320144719929507;0,0504736851922737;100;1;0,9;TRUE;0,6;0,8;FALSE;FALSE;0,6;0,4;0
"h_NO2_Log";"hs_zbmi_who";0,23895795329256;1e-12;0,00777261392755129;0,0200409909415004;0,0220230669686817;0,0187817247197107;0,0206690602521944;-0,000917306858131566;0,0642816944680139;-0,000959674390892191;0,0662901800085795;91;0,91;0,9;TRUE;0,945054945054945;0,8;TRUE;TRUE;0,86;0,05;0,09
"h_PM_Log";"hs_zbmi_who";0,23895795329256;1e-12;0,0439684493163785;0,045501579019603;0,045501579019603;0,0460066388086319;0,0261425662319736;0,00395649474857383;0,099488966520371;0,00395649474857383;0,099488966520371;100;1;0,9;TRUE;1;0,8;TRUE;TRUE;1;0;0
"h_TEX_Log";"hs_zbmi_who";0,23895795329256;1e-12;0,000237414519868669;0,0101787978941815;0,0125664171533105;0,0052187998472516;0,0213359278012318;-0,0141589982024719;0,0649751648955636;-0,0156597107770493;0,0651676057030137;81;0,81;0,9;FALSE;0,777777777777778;0,8;FALSE;FALSE;0,63;0,18;0,19
"hs_KIDMED_None";"hs_zbmi_who";0,23895795329256;1e-12;0,0519430929327475;0,0525467601400873;0,0525467601400873;0,0536816344497332;0,0222997153854957;0,0109024480822361;0,0963310570124783;0,0109024480822361;0,0963310570124783;100;1;0,9;TRUE;0,99;0,8;TRUE;TRUE;0,99;0,01;0
"hs_mvpa_prd_alt_None";"hs_zbmi_who";0,23895795329256;1e-12;-0,0167140709775787;-0,0228085199934717;-0,0232739999933385;-0,0195817594761978;0,0229040678981554;-0,0787288803321737;0,006635412900296;-0,0788981987508429;0,00685505797536107;98;0,98;0,9;TRUE;0,887755102040816;0,8;TRUE;TRUE;0,11;0,87;0,02
"hs_sd_wk_None";"hs_zbmi_who";0,23895795329256;1e-12;0,00289246654871895;0,00275684803573618;0,00290194530077492;0,00110458602350702;0,0146861320899628;-0,0269902003359277;0,0380049644789263;-0,0273027591609173;0,0383596276484649;95;0,95;0,9;TRUE;0,578947368421053;0,8;FALSE;FALSE;0,55;0,4;0,05
"hs_dif_hours_total_None";"hs_zbmi_who";0,23895795329256;1e-12;-0,048750288079108;-0,0513867139024438;-0,0513867139024438;-0,0528769974194098;0,0246980577928906;-0,10034606372504;-0,00522506406713347;-0,10034606372504;-0,00522506406713347;100;1;0,9;TRUE;0,99;0,8;TRUE;TRUE;0,01;0,99;0
"hs_as_c_Log2";"hs_zbmi_who";0,23895795329256;1e-12;-0,0065626928987002;-0,00252181456161835;-0,00257328016491669;-0,00153158240229961;0,0184695516156477;-0,0398813586546154;0,0383155739474512;-0,0398994825524647;0,0384293565122491;98;0,98;0,9;TRUE;0,551020408163265;0,8;FALSE;FALSE;0,44;0,54;0,02
"hs_cd_c_Log2";"hs_zbmi_who";0,23895795329256;1e-12;0;-0,00224661078725551;-0,00351032935508673;-0,00153560470324666;0,0133621068297036;-0,0318172349314721;0,0310551541076404;-0,0348441962504202;0,0384831502191854;64;0,64;0,9;FALSE;NA;0,8;FALSE;FALSE;0,24;0,4;0,36
"hs_co_c_Log2";"hs_zbmi_who";0,23895795329256;1e-12;-0,0179867759043506;-0,0215902637250522;-0,0227265933947918;-0,0188579815235497;0,0178954505870823;-0,0609499823618264;0,0026373994311797;-0,0615380520724923;0,00312310418190772;95;0,95;0,9;TRUE;0,947368421052632;0,8;TRUE;TRUE;0,05;0,9;0,05
"hs_cs_c_Log2";"hs_zbmi_who";0,23895795329256;1e-12;0,0642420345215559;0,064939871916329;0,0655958302185142;0,0629507170972437;0,0308864405330718;0,0130988722037381;0,12804236965711;0,0146856800415228;0,12837693463675;99;0,99;0,9;TRUE;1;0,8;TRUE;TRUE;0,99;0;0,01
"hs_cu_c_Log2";"hs_zbmi_who";0,23895795329256;1e-12;0,104099479312373;0,101434711351331;0,101434711351331;0,0991585095364051;0,031679458820553;0,0476706116463535;0,164310427378854;0,0476706116463535;0,164310427378854;100;1;0,9;TRUE;1;0,8;TRUE;TRUE;1;0;0
"hs_hg_c_Log2";"hs_zbmi_who";0,23895795329256;1e-12;-0,0145828206893669;-0,0175895760030303;-0,0179485469418676;-0,0140590420424456;0,0219832166541661;-0,0665231391243845;0,015724883150977;-0,0667203749576231;0,0161150262522769;98;0,98;0,9;TRUE;0,86734693877551;0,8;TRUE;TRUE;0,13;0,85;0,02
"hs_mn_c_Log2";"hs_zbmi_who";0,23895795329256;1e-12;0,00221879602380647;0,00101577839725589;0,00101577839725589;0,00142473584129467;0,0173848618195555;-0,037211315524477;0,0342187344220387;-0,037211315524477;0,0342187344220387;100;1;0,9;TRUE;0,55;0,8;FALSE;FALSE;0,55;0,45;0
"hs_mo_c_Log2";"hs_zbmi_who";0,23895795329256;1e-12;-0,0494661914087947;-0,0544735653132767;-0,0544735653132767;-0,0534584699771664;0,0292000118639248;-0,108205048533141;-0,00776093239811611;-0,108205048533141;-0,00776093239811611;100;1;0,9;TRUE;1;0,8;TRUE;TRUE;0;1;0
"hs_pb_c_Log2";"hs_zbmi_who";0,23895795329256;1e-12;-0,00408391392596027;-0,0100095770659988;-0,0106484862404243;-0,00831141799069795;0,0157504140080056;-0,0450341460321628;0,0150999964656926;-0,0454376238264204;0,0151124085723675;94;0,94;0,9;TRUE;0,765957446808511;0,8;FALSE;FALSE;0,22;0,72;0,06
"hs_hum_mt_hs_h_None";"hs_zbmi_who";0,23895795329256;1e-12;0,0785738669676816;0,0748306095177274;0,0763577648140076;0,0774313059494517;0,0367121580697712;0,00639757094772206;0,133820372518581;0,0130700148526204;0,133876459059248;98;0,98;0,9;TRUE;1;0,8;TRUE;TRUE;0,98;0;0,02
"hs_tm_mt_hs_h_None";"hs_zbmi_who";0,23895795329256;1e-12;0;4,21721365805691e-05;7,39862045273142e-05;0,00100857171337057;0,0126155065148647;-0,0265339195461705;0,0249230582634326;-0,0302831533631153;0,0298351041875657;57;0,57;0,9;FALSE;NA;0,8;FALSE;FALSE;0,31;0,26;0,43
"hs_uvdvf_mt_hs_h_None";"hs_zbmi_who";0,23895795329256;1e-12;0;0,0157057252691257;0,0189225605652117;0,0139915971406283;0,0195432893076109;-0,00637677869024047;0,0595243294647132;-0,00862934040556187;0,0596145626394747;83;0,83;0,9;FALSE;NA;0,8;FALSE;FALSE;0,72;0,11;0,17
"hs_hum_dy_hs_h_None";"hs_zbmi_who";0,23895795329256;1e-12;0;0,00563254009547163;0,00647418401778349;0,0021858145293563;0,0162856132890388;-0,0235428834341215;0,0408511222564045;-0,0249781004486101;0,0425920405091715;87;0,87;0,9;FALSE;NA;0,8;FALSE;FALSE;0,56;0,31;0,13
"hs_hum_wk_hs_h_None";"hs_zbmi_who";0,23895795329256;1e-12;-0,00898268866148778;-0,00528943658591932;-0,00534286523830234;-0,005799894559529;0,0245207094767429;-0,0538918275056391;0,0433377317353049;-0,054035611285451;0,0435411522599441;99;0,99;0,9;TRUE;0,626262626262626;0,8;FALSE;FALSE;0,37;0,62;0,01
"hs_tm_dy_hs_h_None";"hs_zbmi_who";0,23895795329256;1e-12;0;-4,47148720850911e-05;-6,12532494316316e-05;-0,000851533725227327;0,0166050834546286;-0,0363124913747184;0,0471231832048508;-0,0390383194873423;0,0533816941009935;73;0,73;0,9;FALSE;NA;0,8;FALSE;FALSE;0,33;0,4;0,27
"hs_tm_wk_hs_h_None";"hs_zbmi_who";0,23895795329256;1e-12;0;-0,00035177479224614;-0,00067648998508873;-0,000189813479307968;0,00837729921750693;-0,0179162665875516;0,0189662841422038;-0,0203824689669486;0,024477493173777;52;0,52;0,9;FALSE;NA;0,8;FALSE;FALSE;0,25;0,27;0,48
"hs_uvdvf_dy_hs_h_None";"hs_zbmi_who";0,23895795329256;1e-12;0;-0,00224301102466626;-0,0029513302956135;-0,00153003413605684;0,0136797104212195;-0,0351465933152049;0,0280749946280213;-0,037529490961255;0,0290914431099526;76;0,76;0,9;FALSE;NA;0,8;FALSE;FALSE;0,29;0,47;0,24
"hs_uvdvf_wk_hs_h_None";"hs_zbmi_who";0,23895795329256;1e-12;0;-0,0149373450564527;-0,0204621165156886;-0,0170401330103328;0,0164741524100621;-0,0497966421396467;6,01154891803737e-05;-0,0502300986410189;0,000494004059736771;73;0,73;0,9;FALSE;NA;0,8;FALSE;FALSE;0,03;0,7;0,27
"hs_ndvi100_h_None";"hs_zbmi_who";0,23895795329256;1e-12;0,00428342321024886;-0,000443042293397439;-0,00045208397285453;-0,00132857242925702;0,022474384627124;-0,0536747992102862;0,0397590596494517;-0,0537627584870896;0,0398530797166518;98;0,98;0,9;TRUE;0,469387755102041;0,8;FALSE;FALSE;0,46;0,52;0,02
"hs_ndvi100_s_None";"hs_zbmi_who";0,23895795329256;1e-12;-0,0220830395466185;-0,0272417747388919;-0,0272417747388919;-0,0249621681160219;0,0251124888415126;-0,0783423386269219;0,0176648829027502;-0,0783423386269219;0,0176648829027502;100;1;0,9;TRUE;0,91;0,8;TRUE;TRUE;0,09;0,91;0
"hs_dde_cadj_Log2";"hs_zbmi_who";0,23895795329256;1e-12;-0,147284776912651;-0,134601550848736;-0,134601550848736;-0,130939225352116;0,0354032355950436;-0,205307689342204;-0,0738356978094111;-0,205307689342204;-0,0738356978094111;100;1;0,9;TRUE;1;0,8;TRUE;TRUE;0;1;0
"hs_ddt_cadj_Log2";"hs_zbmi_who";0,23895795329256;1e-12;0;-0,000749135132899862;-0,000972902769999821;-0,000979230884723251;0,0143776130915034;-0,0330985485523777;0,0284846065410481;-0,0400349405115617;0,0287107596795385;77;0,77;0,9;FALSE;NA;0,8;FALSE;FALSE;0,33;0,44;0,23
"hs_hcb_cadj_Log2";"hs_zbmi_who";0,23895795329256;1e-12;-0,0910628145399135;-0,132707666220244;-0,132707666220244;-0,0907844783845877;0,0961536511014472;-0,302116196549819;-0,0243831920985729;-0,302116196549819;-0,0243831920985729;100;1;0,9;TRUE;1;0,8;TRUE;TRUE;0;1;0
"hs_pcb118_cadj_Log2";"hs_zbmi_who";0,23895795329256;1e-12;0,0175774797566705;0,0276439688215417;0,0303779877159799;0,0273890495134582;0,0252757960966679;0;0,0868667470085913;0,000513322648069608;0,0884653768703755;91;0,91;0,9;TRUE;0,978021978021978;0,8;TRUE;TRUE;0,89;0,02;0,09
"hs_pcb138_cadj_Log2";"hs_zbmi_who";0,23895795329256;1e-12;0;-0,00466533862142415;-0,0056208899053303;-0,00291437543549514;0,0253130171799817;-0,0539848851127135;0,0372701828136534;-0,0565822179467535;0,0377518176678525;83;0,83;0,9;FALSE;NA;0,8;FALSE;FALSE;0,36;0,47;0,17
"hs_pcb153_cadj_Log2";"hs_zbmi_who";0,23895795329256;1e-12;-0,0422247545736301;-0,0413543164795702;-0,0426333159583198;-0,0369964124681229;0,0315234564022598;-0,119633370071557;0,000343458473519211;-0,120106634222068;-0,00052605811902147;97;0,97;0,9;TRUE;0,969072164948454;0,8;TRUE;TRUE;0,03;0,94;0,03
"hs_pcb170_cadj_Log2";"hs_zbmi_who";0,23895795329256;1e-12;-0,124475691508563;-0,120123978790724;-0,120123978790724;-0,114674584077097;0,0446065032863547;-0,206303781983954;-0,0327645355271323;-0,206303781983954;-0,0327645355271323;100;1;0,9;TRUE;1;0,8;TRUE;TRUE;0;1;0
"hs_pcb180_cadj_Log2";"hs_zbmi_who";0,23895795329256;1e-12;-0,0570473710186747;-0,0571258581566041;-0,0571258581566041;-0,0531895498409459;0,0404982563442183;-0,143908227146668;0,00701294467822094;-0,143908227146668;0,00701294467822094;100;1;0,9;TRUE;0,96;0,8;TRUE;TRUE;0,04;0,96;0
"hs_sumPCBs5_cadj_Log2";"hs_zbmi_who";0,23895795329256;1e-12;-0,0885192343491848;-0,0766997271810015;-0,0774744719000015;-0,0782971112531152;0,0360366917000031;-0,137993950606857;-0,0142184102513889;-0,138085258716844;-0,016107437076878;99;0,99;0,9;TRUE;1;0,8;TRUE;TRUE;0;0,99;0,01
"hs_pfhxs_c_Log2";"hs_zbmi_who";0,23895795329256;1e-12;0,0105641161901767;0,0166214125991738;0,0167893056557311;0,0131063324345204;0,0187041238877724;-0,00459249013552502;0,0629023575164832;-0,00459253665479757;0,0632233934672081;99;0,99;0,9;TRUE;0,888888888888889;0,8;TRUE;TRUE;0,88;0,11;0,01
"hs_pfna_c_Log2";"hs_zbmi_who";0,23895795329256;1e-12;0;-0,00479305469493809;-0,00614494191658729;-0,00302319638709624;0,0180461701676178;-0,0548631839845191;0,0242347789524174;-0,0590123058535981;0,027412800804378;78;0,78;0,9;FALSE;NA;0,8;FALSE;FALSE;0,28;0,5;0,22
"hs_pfoa_c_Log2";"hs_zbmi_who";0,23895795329256;1e-12;-0,00925508859401615;-0,0132218114146277;-0,0139176962259239;-0,0117135874016095;0,0178846890452207;-0,0612441555715805;0,0153458066302396;-0,0633842209156081;0,0154564432831832;95;0,95;0,9;TRUE;0,831578947368421;0,8;TRUE;TRUE;0,16;0,79;0,05
"hs_pfos_c_Log2";"hs_zbmi_who";0,23895795329256;1e-12;-0,0208565905476994;-0,0261200833274332;-0,0272084201327429;-0,0242590468745959;0,0210591822778352;-0,068360112692741;0,00471724184631946;-0,0684014023016151;0,00543865548882778;96;0,96;0,9;TRUE;0,947916666666667;0,8;TRUE;TRUE;0,05;0,91;0,04
"hs_pfunda_c_Log2";"hs_zbmi_who";0,23895795329256;1e-12;-1,30542637205276e-05;0,0029637297533658;0,00340658592340897;0,000766571113932584;0,0145211066933119;-0,0208565990270084;0,0395739489437573;-0,0221618002318299;0,0442022528343431;87;0,87;0,9;FALSE;0,436781609195402;0,8;FALSE;FALSE;0,49;0,38;0,13
"hs_hm_pers_None";"hs_zbmi_who";0,23895795329256;1e-12;-0,000455948701686534;-0,00138294941512809;-0,00144057230742509;-0,000435416207466962;0,0129103504085003;-0,0301005335108854;0,0267365201023966;-0,0307085721960956;0,0267700741390265;96;0,96;0,9;TRUE;0,541666666666667;0,8;FALSE;FALSE;0,44;0,52;0,04
"hs_trafload_h_pow1over3";"hs_zbmi_who";0,23895795329256;1e-12;-0,00419500633388252;-0,0172851282470689;-0,019421492412437;-0,0145146707677104;0,0189937428693092;-0,059936191233865;0,00275997305288794;-0,0609326806045042;0,00371176591957229;89;0,89;0,9;FALSE;0,932584269662921;0,8;TRUE;FALSE;0,06;0,83;0,11
"hs_trafnear_h_pow1over3";"hs_zbmi_who";0,23895795329256;1e-12;0;0,0104014056935889;0,0142485009501217;0,00793662530298791;0,0204398744406969;-0,0184025006113219;0,0734720289915516;-0,0206924940059711;0,0770780453245211;73;0,73;0,9;FALSE;NA;0,8;FALSE;FALSE;0,6;0,13;0,27
"FAS_cat_None_Low";"hs_zbmi_who";0,23895795329256;1e-12;-0,202127071950088;-0,210055443879446;-0,210055443879446;-0,209535954053168;0,095747870005705;-0,369150458004399;-0,0332376327050038;-0,369150458004399;-0,0332376327050038;100;1;0,9;TRUE;0,99;0,8;TRUE;TRUE;0,01;0,99;0
"FAS_cat_None_Middle";"hs_zbmi_who";0,23895795329256;1e-12;-0,0585395376045592;-0,0653376131482696;-0,0666710338247649;-0,062535531701249;0,0512806711677601;-0,146419417055525;0,0181477825989378;-0,146736041635991;0,0181801159099664;98;0,98;0,9;TRUE;0,908163265306122;0,8;TRUE;TRUE;0,09;0,89;0,02
"hs_globalexp2_None_no exposure";"hs_zbmi_who";0,23895795329256;1e-12;-0,00817291408348143;-0,0319858905940385;-0,03593920291465;-0,0257327183456423;0,0392974228901516;-0,118338897860197;0,0164344072778861;-0,12018485641919;0,0181535215207643;89;0,89;0,9;FALSE;0,865168539325843;0,8;TRUE;FALSE;0,12;0,77;0,11
"h_abs_ratio_preg_Log";"hs_correct_raven";0,23895795329256;1e-12;-0,00324220479061652;0,00165604057053961;0,00168983731687716;0,00118331389631416;0,026285936590308;-0,0397195134071616;0,0555481810791864;-0,0398021119761499;0,0557996629127282;98;0,98;0,9;TRUE;0,489795918367347;0,8;FALSE;FALSE;0,5;0,48;0,02
"h_no2_ratio_preg_Log";"hs_correct_raven";0,23895795329256;1e-12;0,0801056024060247;0,0563294153515093;0,0568983993449589;0,0572004760229453;0,0346794830921247;0,000182787799273629;0,122109358070993;0,00235779585290143;0,122349710502139;99;0,99;0,9;TRUE;0,97979797979798;0,8;TRUE;TRUE;0,97;0,02;0,01
"h_pm10_ratio_preg_None";"hs_correct_raven";0,23895795329256;1e-12;0;0,00134979288888353;0,00236805769979566;0,000868693928066476;0,0120293918695836;-0,0178901244973105;0,043739080253245;-0,0246963032435075;0,0466770375810225;57;0,57;0,9;FALSE;NA;0,8;FALSE;FALSE;0,32;0,25;0,43
"h_pm25_ratio_preg_None";"hs_correct_raven";0,23895795329256;1e-12;0,0201661515471799;0,0292449568451544;0,03178799657082;0,0281668057326924;0,0219698085919704;0;0,0750264189742491;0,000914234628396449;0,0751953117417295;92;0,92;0,9;TRUE;0,989130434782609;0,8;TRUE;TRUE;0,91;0,01;0,08
"h_accesslines300_preg_dic0";"hs_correct_raven";0,23895795329256;1e-12;-0,033193065349277;-0,0376867122392334;-0,0396702234097194;-0,0286616569636144;0,0997197810958938;-0,235082944309931;0,118425464433893;-0,24305532059973;0,123831356414616;95;0,95;0,9;TRUE;0,663157894736842;0,8;FALSE;FALSE;0,32;0,63;0,05
"h_accesspoints300_preg_Log";"hs_correct_raven";0,23895795329256;1e-12;0,000415490006130634;0,00274877073927318;0,00323384792855668;0,00111708561271149;0,02065361079166;-0,036822518987521;0,0419987350375588;-0,0398688549737082;0,0427754946665617;85;0,85;0,9;FALSE;0,564705882352941;0,8;FALSE;FALSE;0,48;0,37;0,15
"h_builtdens300_preg_Sqrt";"hs_correct_raven";0,23895795329256;1e-12;0;0,014711189988198;0,0207199858988704;0,0167393756286472;0,0200338031419754;-0,00210103600336149;0,0551952282809614;-0,00343195644750162;0,0648553603328259;71;0,71;0,9;FALSE;NA;0,8;FALSE;FALSE;0,64;0,07;0,29
"h_connind300_preg_Sqrt";"hs_correct_raven";0,23895795329256;1e-12;-0,012853051033115;-0,0102697761443931;-0,0135128633478856;-0,0121990808539919;0,0178065947768266;-0,0491986579307604;0,0129011518119893;-0,0572809884260918;0,0148485256969263;76;0,76;0,9;FALSE;0,776315789473684;0,8;FALSE;FALSE;0,17;0,59;0,24
"h_fdensity300_preg_Log";"hs_correct_raven";0,23895795329256;1e-12;0,00473323101073743;0,0129952847046945;0,0166606214162749;0,0133028627896604;0,0223050757860711;-0,0196214013135155;0,0685228188535713;-0,0224437123183384;0,0741488621193271;78;0,78;0,9;FALSE;0,858974358974359;0,8;TRUE;FALSE;0,67;0,11;0,22
"h_frichness300_preg_None";"hs_correct_raven";0,23895795329256;1e-12;0;0,0132354228193384;0,0186414405906174;0,0132092823491707;0,0193072790926508;-0,00164994227681308;0,0625273499669306;-0,0062504368074857;0,0644330327335535;71;0,71;0,9;FALSE;NA;0,8;FALSE;FALSE;0,67;0,04;0,29
"h_landuseshan300_preg_None";"hs_correct_raven";0,23895795329256;1e-12;0,00173406790227958;-0,00116288735108141;-0,0012113409907098;0,000446430748212676;0,0187962857483357;-0,0434047663776812;0,0406860329179822;-0,0451124814262852;0,0410071651239485;96;0,96;0,9;TRUE;0,510416666666667;0,8;FALSE;FALSE;0,49;0,47;0,04
"h_popdens_preg_Sqrt";"hs_correct_raven";0,23895795329256;1e-12;-0,0239840132404546;-0,0257819800269912;-0,0265793608525683;-0,0265957374176392;0,0219569570024828;-0,0630881231829458;0,00891236956857225;-0,0631030016444489;0,00893025099086842;97;0,97;0,9;TRUE;0,896907216494845;0,8;TRUE;TRUE;0,1;0,87;0,03
"h_walkability_mean_preg_None";"hs_correct_raven";0,23895795329256;1e-12;0,00741665924201012;0,0027023941612631;0,00287488740559904;0,000914571046428852;0,0224375462829283;-0,0370314376315408;0,0564745892496503;-0,0370488259114019;0,0578925514464056;94;0,94;0,9;TRUE;0,51063829787234;0,8;FALSE;FALSE;0,48;0,46;0,06
"hs_as_m_Log2";"hs_correct_raven";0,23895795329256;1e-12;0,00851396765567942;0,00312895091851162;0,00332867118990598;0,0017190453677949;0,0139773926828286;-0,0251782102051788;0,0355721790051396;-0,0259247397218142;0,0357513926177596;94;0,94;0,9;TRUE;0,574468085106383;0,8;FALSE;FALSE;0,54;0,4;0,06
"hs_cd_m_Log2";"hs_correct_raven";0,23895795329256;1e-12;0,000883439838963246;-0,00057232719374029;-0,000590028034783804;-0,00164251753771977;0,0158933597870491;-0,0334774224401077;0,032357003435603;-0,0334862094566744;0,0324750429571772;97;0,97;0,9;TRUE;0,474226804123711;0,8;FALSE;FALSE;0,46;0,51;0,03
"hs_co_m_Log2";"hs_correct_raven";0,23895795329256;1e-12;-0,0142863217030266;-0,00914552372295292;-0,00933216706423768;-0,00799546767285789;0,0182312612078735;-0,047623522644646;0,023970282038017;-0,0478081906299627;0,0242637886626924;98;0,98;0,9;TRUE;0,724489795918367;0,8;FALSE;FALSE;0,27;0,71;0,02
"hs_cs_m_Log2";"hs_correct_raven";0,23895795329256;1e-12;0;0,00106904459412076;0,00128800553508525;0,0014891886218315;0,0153074696134723;-0,0313683230019463;0,0276363611002586;-0,0374057637704873;0,0302027973465765;83;0,83;0,9;FALSE;NA;0,8;FALSE;FALSE;0,47;0,36;0,17
"hs_cu_m_Log2";"hs_correct_raven";0,23895795329256;1e-12;-0,00603593821830484;-0,00194915141125926;-0,00209586173253684;-0,000106382488204147;0,0144397811712595;-0,0345641050666282;0,0242808446676036;-0,0359118658647571;0,02475140017825;93;0,93;0,9;TRUE;0,516129032258065;0,8;FALSE;FALSE;0,45;0,48;0,07
"hs_hg_m_Log2";"hs_correct_raven";0,23895795329256;1e-12;-0,000224752658960064;-0,00488209417215934;-0,00595377338068212;-0,00439505652522602;0,0126525018095947;-0,036070959769135;0,01227337382464;-0,0366740605800685;0,0122928871923042;82;0,82;0,9;FALSE;0,658536585365854;0,8;FALSE;FALSE;0,28;0,54;0,18
"hs_mn_m_Log2";"hs_correct_raven";0,23895795329256;1e-12;0,00317248498093224;0,00702552407163596;0,00747396177833613;0,00571335413563907;0,0131223285562355;-0,015082778544513;0,037623725592324;-0,0153957252195065;0,0377743958646015;94;0,94;0,9;TRUE;0,74468085106383;0,8;FALSE;FALSE;0,7;0,24;0,06
"hs_mo_m_Log2";"hs_correct_raven";0,23895795329256;1e-12;0,00785635999031327;0,0136725952828188;0,0136725952828188;0,0133550411019757;0,0141476332661757;-0,0105346740023003;0,0441984431564034;-0,0105346740023003;0,0441984431564034;100;1;0,9;TRUE;0,82;0,8;TRUE;TRUE;0,82;0,18;0
"hs_pb_m_Log2";"hs_correct_raven";0,23895795329256;1e-12;0;0,000566359766964252;0,000755146355952336;0,00147069181333246;0,0114420138140989;-0,0249084849173119;0,0246925687290687;-0,0267905126824359;0,0259049451653263;75;0,75;0,9;FALSE;NA;0,8;FALSE;FALSE;0,39;0,36;0,25
"h_humidity_preg_None";"hs_correct_raven";0,23895795329256;1e-12;-0,060478717369682;-0,0535161744210554;-0,0546083412459749;-0,0511729522645943;0,0407910051819315;-0,136270748075477;0,011972233183733;-0,136346396218758;0,0120398263310629;98;0,98;0,9;TRUE;0,918367346938776;0,8;TRUE;TRUE;0,08;0,9;0,02
"h_pressure_preg_None";"hs_correct_raven";0,23895795329256;1e-12;0,00420893341461517;0,00384355111013244;0,0043185967529578;0,00120689125253022;0,0199940019514651;-0,0330872665312855;0,0529433406787054;-0,0336518560378768;0,0534521069482482;89;0,89;0,9;FALSE;0,528089887640449;0,8;FALSE;FALSE;0,47;0,42;0,11
"h_temperature_preg_None";"hs_correct_raven";0,23895795329256;1e-12;0,0115728603123936;0,0287076755603367;0,0326223585912917;0,0300230803957602;0,0259347533777082;-0,0065862083208684;0,0775282689000638;-0,00767114916468823;0,0783331310738074;88;0,88;0,9;FALSE;0,931818181818182;0,8;TRUE;FALSE;0,82;0,06;0,12
"h_ndvi100_preg_None";"hs_correct_raven";0,23895795329256;1e-12;0;0,00211898907421467;0,00286349874893874;0,00295177044736018;0,0197869362309542;-0,0370612659965183;0,0456213550069158;-0,0396725262695841;0,0499844120638015;74;0,74;0,9;FALSE;NA;0,8;FALSE;FALSE;0,41;0,33;0,26
"hs_dde_madj_Log2";"hs_correct_raven";0,23895795329256;1e-12;-0,0274353803497414;-0,0251125195544851;-0,0251125195544851;-0,0225078546383346;0,0219456379065649;-0,0647143950804644;0,01323560349055;-0,0647143950804644;0,01323560349055;100;1;0,9;TRUE;0,85;0,8;TRUE;TRUE;0,15;0,85;0
"hs_ddt_madj_Log2";"hs_correct_raven";0,23895795329256;1e-12;-0,00319005484420633;-0,000846835939750876;-0,00095150105589986;-0,000167451103924996;0,0120805814814126;-0,0264915046456344;0,0250856070842485;-0,0275700958987008;0,0291558157840797;89;0,89;0,9;FALSE;0,528089887640449;0,8;FALSE;FALSE;0,42;0,47;0,11
"hs_hcb_madj_Log2";"hs_correct_raven";0,23895795329256;1e-12;0,0134744965254684;0,010674162416124;0,0119934409169932;0,0127779597607682;0,0161110604961669;-0,0221307744340978;0,0479420026470286;-0,0234610903984905;0,0497723531688725;89;0,89;0,9;FALSE;0,797752808988764;0,8;FALSE;FALSE;0,71;0,18;0,11
"hs_pcb118_madj_Log2";"hs_correct_raven";0,23895795329256;1e-12;-0,0387825285756579;-0,038379565359804;-0,0387672377371757;-0,0379911308606316;0,0251978845538251;-0,094786191794823;0,000383932005728565;-0,0949331986854782;0,000135248180984214;99;0,99;0,9;TRUE;0,96969696969697;0,8;TRUE;TRUE;0,03;0,96;0,01
"hs_pcb138_madj_Log2";"hs_correct_raven";0,23895795329256;1e-12;0,00721681286013595;0,0205134661315452;0,0227927401461613;0,0221531292718442;0,0191820777589118;-0,00173585493362733;0,0622979872726055;-0,00185530878517678;0,0633866420264161;90;0,9;0,9;TRUE;0,944444444444444;0,8;TRUE;TRUE;0,85;0,05;0,1
"hs_pcb153_madj_Log2";"hs_correct_raven";0,23895795329256;1e-12;-0,000381282690766243;-0,0120998214992212;-0,0153162297458497;-0,0129710244579759;0,0181366760678326;-0,0536436086175109;0,0184002530712226;-0,0553491437053965;0,0194807345786779;79;0,79;0,9;FALSE;0,848101265822785;0,8;TRUE;FALSE;0,12;0,67;0,21
"hs_pcb170_madj_Log2";"hs_correct_raven";0,23895795329256;1e-12;0,0199623238827412;0,0140003400005215;0,0142860612250219;0,0138085125948007;0,0264882896469384;-0,0386199599076567;0,066758723736888;-0,0388297002396835;0,067082384484872;98;0,98;0,9;TRUE;0,76530612244898;0,8;FALSE;FALSE;0,75;0,23;0,02
"hs_pcb180_madj_Log2";"hs_correct_raven";0,23895795329256;1e-12;0,0142983574940372;0,0246781345559505;0,0300952860438421;0,0258725949423621;0,0232486513984223;-0,0018612453854279;0,0751420636016527;-0,0019760375057686;0,0772104143245532;82;0,82;0,9;FALSE;0,951219512195122;0,8;TRUE;FALSE;0,78;0,04;0,18
"hs_sumPCBs5_madj_Log2";"hs_correct_raven";0,23895795329256;1e-12;0,00086030926106602;0,000101840677055952;0,0001170582494896;-0,000601106069420692;0,020857327557695;-0,0369759505086887;0,0488660988520605;-0,0379231038769986;0,0526808633347585;87;0,87;0,9;FALSE;0,471264367816092;0,8;FALSE;FALSE;0,41;0,46;0,13
"hs_pfhxs_m_Log2";"hs_correct_raven";0,23895795329256;1e-12;0,0484689334242152;0,0373783559103598;0,0381411795003671;0,034416211783096;0,0227605030841967;0,00238476078909469;0,0908054049246435;0,00449078329319173;0,0915079015142463;98;0,98;0,9;TRUE;1;0,8;TRUE;TRUE;0,98;0;0,02
"hs_pfna_m_Log2";"hs_correct_raven";0,23895795329256;1e-12;0,00116807350746581;0,00449854517250165;0,00468598455468922;0,0067393726095034;0,0189911936843918;-0,0321708268353984;0,0359012577816856;-0,0329728272632118;0,0359112971651599;96;0,96;0,9;TRUE;0,572916666666667;0,8;FALSE;FALSE;0,55;0,41;0,04
"hs_pfoa_m_Log2";"hs_correct_raven";0,23895795329256;1e-12;0;0,00416133960642821;0,00650209313504408;0,00376155786634997;0,0122202804698429;-0,0159828674934055;0,0334249209085829;-0,0174223400648758;0,0345488972279555;64;0,64;0,9;FALSE;NA;0,8;FALSE;FALSE;0,41;0,23;0,36
"hs_pfos_m_Log2";"hs_correct_raven";0,23895795329256;1e-12;0;0,00384818220804265;0,00481022776005331;0,00331810010125606;0,0135567772739552;-0,0229869142119199;0,0302745736537871;-0,0264449665633922;0,031204630833599;80;0,8;0,9;FALSE;NA;0,8;FALSE;FALSE;0,47;0,33;0,2
"hs_pfunda_m_Log2";"hs_correct_raven";0,23895795329256;1e-12;0,000934530649182538;0,0048889972457317;0,00634934707237883;0,00125940550857791;0,0130036805329293;-0,0109544366955327;0,0491049801730328;-0,0133361531465001;0,0506379225534001;77;0,77;0,9;FALSE;0,636363636363636;0,8;FALSE;FALSE;0,49;0,28;0,23
"e3_asmokcigd_p_None";"hs_correct_raven";0,23895795329256;1e-12;-0,00435662746782815;-0,0123301192144867;-0,013549581554381;-0,0122238084077319;0,0180093789224289;-0,0564267511778698;0,0219860585632271;-0,0578081194944416;0,0224086695231387;91;0,91;0,9;TRUE;0,824175824175824;0,8;TRUE;TRUE;0,16;0,75;0,09
"h_distinvnear1_preg_Log";"hs_correct_raven";0,23895795329256;1e-12;0;0,000679809908968862;0,000871551165344695;0,00024488058030059;0,0101624517015105;-0,0176086953115022;0,0227467730715092;-0,0183545032745178;0,0231409890276896;78;0,78;0,9;FALSE;NA;0,8;FALSE;FALSE;0,42;0,36;0,22
"h_trafload_preg_pow1over3";"hs_correct_raven";0,23895795329256;1e-12;-0,0101786031053256;-0,00892995985882018;-0,00970647810741324;-0,00721685152136636;0,014054863913158;-0,0375807174798746;0,0169508905628787;-0,0380040470968388;0,0184270640516415;92;0,92;0,9;TRUE;0,771739130434783;0,8;FALSE;FALSE;0,21;0,71;0,08
"h_trafnear_preg_pow1over3";"hs_correct_raven";0,23895795329256;1e-12;0;-0,00419681090699768;-0,00582890403749678;-0,00353078468253611;0,0172698117074823;-0,0408308123352046;0,0250829484652359;-0,0412117620471107;0,0278536184060778;72;0,72;0,9;FALSE;NA;0,8;FALSE;FALSE;0,28;0,44;0,28
"h_bro_preg_Log";"hs_correct_raven";0,23895795329256;1e-12;0;-0,0079694062536138;-0,0118946361994236;-0,00938901239489901;0,0174442998116865;-0,0454244019817893;0,0177467573796873;-0,0464500058869754;0,0210221625858931;67;0,67;0,9;FALSE;NA;0,8;FALSE;FALSE;0,16;0,51;0,33
"h_clf_preg_Log";"hs_correct_raven";0,23895795329256;1e-12;-0,000920142555992548;-0,00160270793080635;-0,00174207383783299;-0,00265931406599977;0,0205477674362119;-0,0377618964236963;0,0440059509769693;-0,0379525816821592;0,0444107561499951;92;0,92;0,9;TRUE;0,58695652173913;0,8;FALSE;FALSE;0,38;0,54;0,08
"h_thm_preg_Log";"hs_correct_raven";0,23895795329256;1e-12;-0,00157190751901938;-0,00172927456152033;-0,00216159320190041;-0,000407826535002982;0,0162087241821986;-0,0334717709512859;0,0333265985383912;-0,0344025216870286;0,0369694824577454;80;0,8;0,9;FALSE;0,5125;0,8;FALSE;FALSE;0,39;0,41;0,2
"e3_alcpreg_yn_None_1";"hs_correct_raven";0,23895795329256;1e-12;0,0198939153010105;0,0248226601727058;0,0250733941138442;0,0220245419791065;0,0329386062402919;-0,0340411148712761;0,0904704529503511;-0,0341604417012346;0,0904845960556361;99;0,99;0,9;TRUE;0,787878787878788;0,8;FALSE;FALSE;0,78;0,21;0,01
"h_pamod_t3_None_Often";"hs_correct_raven";0,23895795329256;1e-12;0,0357571776182678;0,0240109134588749;0,0242534479382575;0,0224475429492756;0,060235042387413;-0,100416680497513;0,115377998827482;-0,100553209963116;0,115458083182066;99;0,99;0,9;TRUE;0,727272727272727;0,8;FALSE;FALSE;0,72;0,27;0,01
"h_pamod_t3_None_Sometimes";"hs_correct_raven";0,23895795329256;1e-12;-0,0258064181564677;-0,0265084643968638;-0,0273283138111998;-0,0215114118582811;0,0526092874040977;-0,141349034150938;0,0424155880228552;-0,14238520474797;0,0426073211006554;97;0,97;0,9;TRUE;0,670103092783505;0,8;FALSE;FALSE;0,32;0,65;0,03
"h_pamod_t3_None_Very Often";"hs_correct_raven";0,23895795329256;1e-12;0,0105291418165517;0,00597845017781078;0,0062275522685529;0,00332449693207262;0,0463930209256581;-0,0799990649860061;0,0988592729342872;-0,0813498743812663;0,0993127151251848;96;0,96;0,9;TRUE;0,572916666666667;0,8;FALSE;FALSE;0,55;0,41;0,04
"h_pavig_t3_None_Low";"hs_correct_raven";0,23895795329256;1e-12;-0,143307265706819;-0,111710750602028;-0,111710750602028;-0,10868118303908;0,0698644700823974;-0,244426819803155;0,00898836599861982;-0,244426819803155;0,00898836599861982;100;1;0,9;TRUE;0,94;0,8;TRUE;TRUE;0,06;0,94;0
"h_pavig_t3_None_Medium";"hs_correct_raven";0,23895795329256;1e-12;-0,21998024626672;-0,170251382181091;-0,170251382181091;-0,183077201674782;0,0876682476831576;-0,327796049178757;-0,019158743133426;-0,327796049178757;-0,019158743133426;100;1;0,9;TRUE;0,98;0,8;TRUE;TRUE;0,02;0,98;0
"hs_no2_dy_hs_h_Log";"hs_correct_raven";0,23895795329256;1e-12;-0,0119313643147269;-0,0238260288362649;-0,0258978574307227;-0,0200887593496513;0,0330150548524898;-0,0917109688743355;0,0326596667613144;-0,0948322114881871;0,0331265692572749;92;0,92;0,9;TRUE;0,826086956521739;0,8;TRUE;TRUE;0,16;0,76;0,08
"hs_no2_wk_hs_h_Log";"hs_correct_raven";0,23895795329256;1e-12;0;-0,0109350829766739;-0,0142014064632128;-0,0147308148209595;0,0185400701420495;-0,0477815963831554;0,0201892193529366;-0,050765129210485;0,0217493669222603;77;0,77;0,9;FALSE;NA;0,8;FALSE;FALSE;0,19;0,58;0,23
"hs_no2_yr_hs_h_Log";"hs_correct_raven";0,23895795329256;1e-12;0;0,00170058313996843;0,00257664112116428;-0,000131021975468504;0,0145720595941448;-0,0201987244830276;0,0406914726684804;-0,0309468443351642;0,0433357035551006;66;0,66;0,9;FALSE;NA;0,8;FALSE;FALSE;0,32;0,34;0,34
"hs_pm10_dy_hs_h_None";"hs_correct_raven";0,23895795329256;1e-12;-0,022469098985283;-0,0136036101657982;-0,0149490221602178;-0,00806556967788867;0,0222550781503452;-0,0696167023178337;0,0136404935618836;-0,0702778968309692;0,0137681771726876;91;0,91;0,9;TRUE;0,736263736263736;0,8;FALSE;FALSE;0,24;0,67;0,09
"hs_pm10_wk_hs_h_None";"hs_correct_raven";0,23895795329256;1e-12;-0,00108522737840458;0,0113907870852491;0,0121178586013288;0,00681787844875874;0,0197659890993255;-0,0228939195139335;0,0549237027844279;-0,0238212200553887;0,0552415609104264;94;0,94;0,9;TRUE;0,25531914893617;0,8;FALSE;FALSE;0,7;0,24;0,06
"hs_pm10_yr_hs_h_None";"hs_correct_raven";0,23895795329256;1e-12;0;0,0210622414810292;0,0292531131680961;0,0264997830455177;0,0303961930866901;-0,0240456376175506;0,092783489995805;-0,03303964008455;0,0976828851160839;72;0,72;0,9;FALSE;NA;0,8;FALSE;FALSE;0,62;0,1;0,28
"hs_pm25_dy_hs_h_None";"hs_correct_raven";0,23895795329256;1e-12;-0,00582032591664858;-0,00637928713575042;-0,00644372437954588;-0,00621947158725647;0,0190510734808899;-0,0431691477478548;0,0257615605710471;-0,0431962624042082;0,025811354132449;99;0,99;0,9;TRUE;0,616161616161616;0,8;FALSE;FALSE;0,38;0,61;0,01
"hs_pm25_wk_hs_h_None";"hs_correct_raven";0,23895795329256;1e-12;0;-0,0022562746762482;-0,00331805099448265;-0,00282597565146916;0,0135806909076416;-0,0264918345382673;0,0268683043517647;-0,0332501247707161;0,0296343630956672;68;0,68;0,9;FALSE;NA;0,8;FALSE;FALSE;0,28;0,4;0,32
"hs_pm25_yr_hs_h_None";"hs_correct_raven";0,23895795329256;1e-12;-0,0575833168100817;-0,0416487473206783;-0,0420694417380589;-0,0325696997867733;0,045435136975828;-0,144254316523827;0,0120755825520182;-0,144457604576826;0,0120987228536695;99;0,99;0,9;TRUE;0,848484848484849;0,8;TRUE;TRUE;0,15;0,84;0,01
"hs_pm25abs_dy_hs_h_Log";"hs_correct_raven";0,23895795329256;1e-12;0,0364656188539881;0,0436934000765885;0,0450447423469985;0,0450051399112351;0,0270111128026426;-0,000807851265637803;0,0994081452074588;-0,000552872551463419;0,0996031290683265;97;0,97;0,9;TRUE;0,969072164948454;0,8;TRUE;TRUE;0,94;0,03;0,03
"hs_pm25abs_wk_hs_h_Log";"hs_correct_raven";0,23895795329256;1e-12;-0,00214272669942029;-0,0178060904272007;-0,0207047563106985;-0,0144881301470779;0,0196476655537217;-0,0606285811034751;0,000285701684856949;-0,0609744094071588;0,000431028290967377;86;0,86;0,9;FALSE;0,965116279069767;0,8;TRUE;FALSE;0,03;0,83;0,14
"hs_pm25abs_yr_hs_h_Log";"hs_correct_raven";0,23895795329256;1e-12;-0,00605289698152832;-0,000914220215702614;-0,0010630467624449;-3,19487544233905e-05;0,0216230960530039;-0,042920972733199;0,0416349504047963;-0,0471763379291909;0,0428688636849229;86;0,86;0,9;FALSE;0,5;0,8;FALSE;FALSE;0,43;0,43;0,14
"hs_accesslines300_h_dic0";"hs_correct_raven";0,23895795329256;1e-12;0,0968486583455185;0,0939222627341482;0,0968270749836579;0,0995592467281433;0,0902974711921875;-0,0630896216783092;0,282140035643904;-0,0633321918824656;0,28250890121239;97;0,97;0,9;TRUE;0,88659793814433;0,8;TRUE;TRUE;0,86;0,11;0,03
"hs_accesspoints300_h_Log";"hs_correct_raven";0,23895795329256;1e-12;-0,0464541163699668;-0,0381141094116498;-0,0384991004158079;-0,0358977340972578;0,0282219367899909;-0,0968927212981577;0,00666059103889971;-0,0970945034717382;0,00695092487926737;99;0,99;0,9;TRUE;0,94949494949495;0,8;TRUE;TRUE;0,05;0,94;0,01
"hs_builtdens300_h_Sqrt";"hs_correct_raven";0,23895795329256;1e-12;0;0,0012225426127508;0,0015281782659385;0,000310459975230855;0,0121326814108521;-0,0259648874718292;0,025039801701906;-0,02622280644096;0,0259798676415942;80;0,8;0,9;FALSE;NA;0,8;FALSE;FALSE;0,42;0,38;0,2
"hs_connind300_h_Log";"hs_correct_raven";0,23895795329256;1e-12;-0,0058721277028765;-0,020877165322424;-0,0257742781758321;-0,0217382222703759;0,0234002744513622;-0,0843672213086852;0;-0,0901510894548141;-7,45154450893229e-06;81;0,81;0,9;FALSE;0,975308641975309;0,8;TRUE;FALSE;0,02;0,79;0,19
"hs_fdensity300_h_Log";"hs_correct_raven";0,23895795329256;1e-12;0,00797933902004537;0,0231304825083849;0,0272123323628058;0,0242167169041106;0,021838889037496;-0,00880072293496783;0,0635758114466135;-0,00884311534981136;0,0647454661519205;85;0,85;0,9;FALSE;0,952941176470588;0,8;TRUE;FALSE;0,81;0,04;0,15
"hs_landuseshan300_h_None";"hs_correct_raven";0,23895795329256;1e-12;0;0,010601365247468;0,013251706559335;0,00982722197967558;0,0145240077911602;-0,0164704895727406;0,0446757458509454;-0,0176300623769239;0,0455052802752821;80;0,8;0,9;FALSE;NA;0,8;FALSE;FALSE;0,71;0,09;0,2
"hs_popdens_h_Sqrt";"hs_correct_raven";0,23895795329256;1e-12;-0,00105017898800337;-0,0133881387344667;-0,0153886652120307;-0,0126838197614324;0,0159102874666338;-0,04911037696639;0,00951834621994503;-0,0495859456688452;0,00962140610256841;87;0,87;0,9;FALSE;0,873563218390805;0,8;TRUE;FALSE;0,11;0,76;0,13
"hs_walkability_mean_h_None";"hs_correct_raven";0,23895795329256;1e-12;0,0121054969992249;0,0118941555692417;0,0123897453846268;0,0104927670881375;0,015914227337802;-0,0180717602852575;0,0480174200157868;-0,0181636271749671;0,0483488676606948;96;0,96;0,9;TRUE;0,78125;0,8;FALSE;FALSE;0,75;0,21;0,04
"hs_accesslines300_s_dic0";"hs_correct_raven";0,23895795329256;1e-12;0,0437954192630737;0,0448714676696448;0,045324714817823;0,031157748221395;0,089949802462997;-0,0757042377024451;0,255554194911801;-0,0760577082330264;0,257100060627876;99;0,99;0,9;TRUE;0,636363636363636;0,8;FALSE;FALSE;0,63;0,36;0,01
"hs_accesspoints300_s_Log";"hs_correct_raven";0,23895795329256;1e-12;-0,0272932317808892;-0,0197061312471485;-0,0199051830779278;-0,0162984344091052;0,0205274713743003;-0,060822549194446;0,0123843733180219;-0,0608717725952308;0,0124866941233062;99;0,99;0,9;TRUE;0,838383838383838;0,8;TRUE;TRUE;0,16;0,83;0,01
"hs_builtdens300_s_Sqrt";"hs_correct_raven";0,23895795329256;1e-12;-0,00175906151111257;-0,010666552730686;-0,0131685836181309;-0,010302299860067;0,017464257996335;-0,0512424691026638;0,0101581513164349;-0,0537952697511628;0,0121233059367549;81;0,81;0,9;FALSE;0,827160493827161;0,8;TRUE;FALSE;0,14;0,67;0,19
"hs_connind300_s_Log";"hs_correct_raven";0,23895795329256;1e-12;-3,62625729752251e-05;0,000216923073071513;0,00026135310008616;-0,00258056053393339;0,0163818535844189;-0,0261772260474643;0,0419509923272369;-0,0273984643180921;0,0430919772168395;83;0,83;0,9;FALSE;0,55421686746988;0,8;FALSE;FALSE;0,37;0,46;0,17
"hs_fdensity300_s_Log";"hs_correct_raven";0,23895795329256;1e-12;-0,0076180238272998;-0,0138570118964701;-0,0150619694526849;-0,0113765852483103;0,0158659723428624;-0,0454409180341555;0,00596437978974105;-0,0456344358849738;0,00620053602201545;92;0,92;0,9;TRUE;0,858695652173913;0,8;TRUE;TRUE;0,13;0,79;0,08
"hs_landuseshan300_s_None";"hs_correct_raven";0,23895795329256;1e-12;0;-0,00747375940153217;-0,00900452939943634;-0,00791567039949506;0,0138730934847861;-0,0399004857436812;0,01531938032867;-0,0405029083209659;0,0160003676323567;83;0,83;0,9;FALSE;NA;0,8;FALSE;FALSE;0,2;0,63;0,17
"hs_popdens_s_Sqrt";"hs_correct_raven";0,23895795329256;1e-12;0,00787382065280089;0,0153706475966479;0,0170784973296088;0,0145026241133551;0,0154501020890397;-0,0047581756011568;0,0513594584605167;-0,00559153327555648;0,0514098811841081;90;0,9;0,9;TRUE;0,933333333333333;0,8;TRUE;TRUE;0,84;0,06;0,1
"h_Absorbance_Log";"hs_correct_raven";0,23895795329256;1e-12;0,00852620204806701;0,0197435128982716;0,0219372365536351;0,0205391570389933;0,0166214022902411;-0,00341016561500328;0,054270986811083;-0,00434030712546235;0,0572331175347377;90;0,9;0,9;TRUE;0,955555555555556;0,8;TRUE;TRUE;0,86;0,04;0,1
"h_Benzene_Log";"hs_correct_raven";0,23895795329256;1e-12;-0,0308061912038732;-0,0303977895467965;-0,0303977895467965;-0,0298584209505401;0,0210029501648303;-0,0740588545449521;0,0113269317261557;-0,0740588545449521;0,0113269317261557;100;1;0,9;TRUE;0,93;0,8;TRUE;TRUE;0,07;0,93;0
"h_NO2_Log";"hs_correct_raven";0,23895795329256;1e-12;0,0184814834581967;0,0228576866200038;0,0251183369450591;0,0236787408380248;0,0225850699380126;-0,00872836135742524;0,0665086468758889;-0,00949334858660261;0,0667786064759672;91;0,91;0,9;TRUE;0,868131868131868;0,8;TRUE;TRUE;0,79;0,12;0,09
"h_PM_Log";"hs_correct_raven";0,23895795329256;1e-12;-0,0317830864925335;-0,0288787213221797;-0,0288787213221797;-0,0300313272247251;0,0173032275563333;-0,0598235355511211;0,000847332346345411;-0,0598235355511211;0,000847332346345411;100;1;0,9;TRUE;0,97;0,8;TRUE;TRUE;0,03;0,97;0
"h_TEX_Log";"hs_correct_raven";0,23895795329256;1e-12;-0,000262045249971414;-0,0020415186589422;-0,00252039340610148;-0,00057577169788233;0,0129986057864273;-0,0355915717347758;0,0201247020080958;-0,0362360383292639;0,0206885055213665;81;0,81;0,9;FALSE;0,530864197530864;0,8;FALSE;FALSE;0,38;0,43;0,19
"hs_KIDMED_None";"hs_correct_raven";0,23895795329256;1e-12;0,0479483074782743;0,0417466803629962;0,0417466803629962;0,0428893663151795;0,0190897897644597;0,00267702888726002;0,0735884393145546;0,00267702888726002;0,0735884393145546;100;1;0,9;TRUE;0,98;0,8;TRUE;TRUE;0,98;0,02;0
"hs_mvpa_prd_alt_None";"hs_correct_raven";0,23895795329256;1e-12;-0,0338396351020643;-0,0260105150730775;-0,0265413419113036;-0,0271224307244939;0,0192019360717839;-0,0668728927292352;0,00244671767691767;-0,0669543045964852;0,00247247632035415;98;0,98;0,9;TRUE;0,959183673469388;0,8;TRUE;TRUE;0,04;0,94;0,02
"hs_sd_wk_None";"hs_correct_raven";0,23895795329256;1e-12;-0,00586261542621928;-0,0126855539993478;-0,0133532147361556;-0,0127338638378288;0,0152903947380747;-0,0453313561510906;0,0132122348690496;-0,0457671833352767;0,0133273915403527;95;0,95;0,9;TRUE;0,842105263157895;0,8;TRUE;TRUE;0,15;0,8;0,05
"hs_dif_hours_total_None";"hs_correct_raven";0,23895795329256;1e-12;-0,0534414445595226;-0,0375447646435141;-0,0375447646435141;-0,0374159010888678;0,0269028801810687;-0,0934606229562334;0,0188107835227362;-0,0934606229562334;0,0188107835227362;100;1;0,9;TRUE;0,92;0,8;TRUE;TRUE;0,08;0,92;0
"hs_as_c_Log2";"hs_correct_raven";0,23895795329256;1e-12;0,0688510929678401;0,0535347601540326;0,0546273062796251;0,0580399820581816;0,027561450856667;0;0,108334852516348;0,00431157721134401;0,108380068801899;98;0,98;0,9;TRUE;0,979591836734694;0,8;TRUE;TRUE;0,96;0,02;0,02
"hs_cd_c_Log2";"hs_correct_raven";0,23895795329256;1e-12;0;-0,00590427049165279;-0,00922542264320748;-0,0090479039188104;0,00967656565154709;-0,026810643216691;0,00771281964939291;-0,0301601943911333;0,0101636507622614;64;0,64;0,9;FALSE;NA;0,8;FALSE;FALSE;0,12;0,52;0,36
"hs_co_c_Log2";"hs_correct_raven";0,23895795329256;1e-12;0,0107019110190121;0,0106718327487451;0,0112335081565738;0,010215350154421;0,0142726514943161;-0,0168864302257413;0,0366606863701056;-0,017085165442045;0,0368246093974793;95;0,95;0,9;TRUE;0,8;0,8;TRUE;TRUE;0,76;0,19;0,05
"hs_cs_c_Log2";"hs_correct_raven";0,23895795329256;1e-12;0,0215047670865955;0,0165503675468573;0,0167175429766235;0,0146361849771981;0,0222631655213405;-0,0199023782856618;0,0586410782431521;-0,0201259311485972;0,0587135365477514;99;0,99;0,9;TRUE;0,757575757575758;0,8;FALSE;FALSE;0,75;0,24;0,01
"hs_cu_c_Log2";"hs_correct_raven";0,23895795329256;1e-12;-0,0120931524107044;-0,014115192744888;-0,014115192744888;-0,013063575760356;0,0191202041273778;-0,0533551212026398;0,0188247846856885;-0,0533551212026398;0,0188247846856885;100;1;0,9;TRUE;0,77;0,8;FALSE;FALSE;0,23;0,77;0
"hs_hg_c_Log2";"hs_correct_raven";0,23895795329256;1e-12;-0,0474679344151062;-0,0390927354238654;-0,0398905463508831;-0,0414391559174565;0,0267000974469923;-0,0924620608363173;0,00459871464718725;-0,0928196859012862;0,00495755768897218;98;0,98;0,9;TRUE;0,948979591836735;0,8;TRUE;TRUE;0,05;0,93;0,02
"hs_mn_c_Log2";"hs_correct_raven";0,23895795329256;1e-12;-0,0261099768215932;-0,0226684277525589;-0,0226684277525589;-0,0223341279569955;0,0169996687980426;-0,0603108841899104;0,01063506955017;-0,0603108841899104;0,01063506955017;100;1;0,9;TRUE;0,91;0,8;TRUE;TRUE;0,09;0,91;0
"hs_mo_c_Log2";"hs_correct_raven";0,23895795329256;1e-12;-0,0266327262733982;-0,0253022206057419;-0,0253022206057419;-0,02760119983283;0,0193422169011858;-0,0605010483610807;0,0175317032241574;-0,0605010483610807;0,0175317032241574;100;1;0,9;TRUE;0,91;0,8;TRUE;TRUE;0,09;0,91;0
"hs_pb_c_Log2";"hs_correct_raven";0,23895795329256;1e-12;-0,0134177721352867;-0,0200500757181538;-0,02132986778527;-0,0197114563536467;0,0154596482849854;-0,0558944691043316;0,000410807413035913;-0,0561552101259723;0,000419443651304358;94;0,94;0,9;TRUE;0,957446808510638;0,8;TRUE;TRUE;0,04;0,9;0,06
"hs_hum_mt_hs_h_None";"hs_correct_raven";0,23895795329256;1e-12;0,0272890555264309;0,0187824912320091;0,0191658073796012;0,0159680961734929;0,0253922986428922;-0,0244289931090132;0,0655609703614907;-0,0246296855361606;0,065666138889275;98;0,98;0,9;TRUE;0,836734693877551;0,8;TRUE;TRUE;0,82;0,16;0,02
"hs_tm_mt_hs_h_None";"hs_correct_raven";0,23895795329256;1e-12;0;0,00468860857379729;0,00822562907683734;0,00627714775558548;0,0145440112915639;-0,0195732127297125;0,0375753367520018;-0,0224892941151655;0,0439462761344867;57;0,57;0,9;FALSE;NA;0,8;FALSE;FALSE;0,42;0,15;0,43
"hs_uvdvf_mt_hs_h_None";"hs_correct_raven";0,23895795329256;1e-12;0;0,00678207082155524;0,00817116966452439;0,00473014484829965;0,0200138642508182;-0,0358548731791953;0,0454198196289832;-0,0385821115156218;0,0472223235405544;83;0,83;0,9;FALSE;NA;0,8;FALSE;FALSE;0,59;0,24;0,17
"hs_hum_dy_hs_h_None";"hs_correct_raven";0,23895795329256;1e-12;0;-0,00153336018612422;-0,00176248297255657;-0,00144619590503062;0,0141528041931624;-0,024933107934405;0,0276836987230631;-0,0250642867909851;0,0282777352220729;87;0,87;0,9;FALSE;NA;0,8;FALSE;FALSE;0,37;0,5;0,13
"hs_hum_wk_hs_h_None";"hs_correct_raven";0,23895795329256;1e-12;-0,00490405368465826;-0,00211242009042488;-0,00213375766709583;-0,000954815769062884;0,0218117843948565;-0,0413654049095023;0,039965514326093;-0,0413856252264817;0,0399764968315623;99;0,99;0,9;TRUE;0,515151515151515;0,8;FALSE;FALSE;0,48;0,51;0,01
"hs_tm_dy_hs_h_None";"hs_correct_raven";0,23895795329256;1e-12;0;-0,00560244992093521;-0,00767458893278795;-0,00602540522790318;0,014556071737313;-0,0366312914862108;0,0198294736813312;-0,036921585993875;0,023235935557724;73;0,73;0,9;FALSE;NA;0,8;FALSE;FALSE;0,26;0,47;0,27
"hs_tm_wk_hs_h_None";"hs_correct_raven";0,23895795329256;1e-12;0;-0,00787814518145227;-0,0151502791951005;-0,010533006833266;0,0161042931663519;-0,0555947688638729;0,00344727983778547;-0,0622132690560009;0,00390417066352692;52;0,52;0,9;FALSE;NA;0,8;FALSE;FALSE;0,09;0,43;0,48
"hs_uvdvf_dy_hs_h_None";"hs_correct_raven";0,23895795329256;1e-12;0;0,00490971969058895;0,00646015748761704;0,00463755332387189;0,0173880637772768;-0,0223476366659024;0,0415709429720674;-0,0261835420076146;0,0425499225156701;76;0,76;0,9;FALSE;NA;0,8;FALSE;FALSE;0,49;0,27;0,24
"hs_uvdvf_wk_hs_h_None";"hs_correct_raven";0,23895795329256;1e-12;0;-0,00621470056863028;-0,00851328845017846;-0,00805662653831473;0,0126651050944428;-0,0307652328970682;0,0176510483786586;-0,0336344120101767;0,0184566249119759;73;0,73;0,9;FALSE;NA;0,8;FALSE;FALSE;0,14;0,59;0,27
"hs_ndvi100_h_None";"hs_correct_raven";0,23895795329256;1e-12;-0,00359487135289623;-0,00253123066246924;-0,00258288843109107;-0,00196618840705499;0,0221969313433565;-0,0461088670018362;0,0359166335339589;-0,0462879860790196;0,0360444557156395;98;0,98;0,9;TRUE;0,530612244897959;0,8;FALSE;FALSE;0,46;0,52;0,02
"hs_ndvi100_s_None";"hs_correct_raven";0,23895795329256;1e-12;-0,0395412117099791;-0,0317233284554953;-0,0317233284554953;-0,0301475803728686;0,0239336770360681;-0,0791973477302079;0,0064230722142686;-0,0791973477302079;0,0064230722142686;100;1;0,9;TRUE;0,95;0,8;TRUE;TRUE;0,05;0,95;0
"hs_dde_cadj_Log2";"hs_correct_raven";0,23895795329256;1e-12;-0,00400698862302054;0,00426069028856306;0,00426069028856306;0,00405163545964745;0,0241262316906217;-0,0391731898245899;0,0475979531965622;-0,0391731898245899;0,0475979531965622;100;1;0,9;TRUE;0,42;0,8;FALSE;FALSE;0,58;0,42;0
"hs_ddt_cadj_Log2";"hs_correct_raven";0,23895795329256;1e-12;0;-0,00852965571617167;-0,0110774749560671;-0,00795053060492564;0,0127737492230495;-0,0407289436330861;0,00785021837731543;-0,0409504917706344;0,00787985540907499;77;0,77;0,9;FALSE;NA;0,8;FALSE;FALSE;0,17;0,6;0,23
"hs_hcb_cadj_Log2";"hs_correct_raven";0,23895795329256;1e-12;-0,0261253203483594;-0,0304855578611343;-0,0304855578611343;-0,029139658341381;0,0311127580857815;-0,0987000020030481;0,0227979299417914;-0,0987000020030481;0,0227979299417914;100;1;0,9;TRUE;0,86;0,8;TRUE;TRUE;0,14;0,86;0
"hs_pcb118_cadj_Log2";"hs_correct_raven";0,23895795329256;1e-12;-0,0282145209274695;-0,0315700705118708;-0,0346923851778801;-0,0276709199012119;0,0303362820898731;-0,105249428580361;0,00413032211782558;-0,105368332487911;0,00453869081012336;91;0,91;0,9;TRUE;0,934065934065934;0,8;TRUE;TRUE;0,06;0,85;0,09
"hs_pcb138_cadj_Log2";"hs_correct_raven";0,23895795329256;1e-12;0;0,0110628967146175;0,0133287912224307;0,013371008710315;0,0218095932023116;-0,0147816581627747;0,0559008218008337;-0,0173104136577399;0,0615782473022671;83;0,83;0,9;FALSE;NA;0,8;FALSE;FALSE;0,65;0,18;0,17
"hs_pcb153_cadj_Log2";"hs_correct_raven";0,23895795329256;1e-12;-0,0120700640704168;-0,00861553478426564;-0,00888199462295427;-0,00543543037130231;0,0210866940710586;-0,0518494765389904;0,0261228372469465;-0,0519575889269139;0,0261581177417875;97;0,97;0,9;TRUE;0,65979381443299;0,8;FALSE;FALSE;0,33;0,64;0,03
"hs_pcb170_cadj_Log2";"hs_correct_raven";0,23895795329256;1e-12;0,0181738106377304;0,0179163819295901;0,0179163819295901;0,0157568532718939;0,0286834571710554;-0,0314636854714637;0,0760425074826349;-0,0314636854714637;0,0760425074826349;100;1;0,9;TRUE;0,74;0,8;FALSE;FALSE;0,74;0,26;0
"hs_pcb180_cadj_Log2";"hs_correct_raven";0,23895795329256;1e-12;0,0285956273737791;0,029359228541364;0,029359228541364;0,0294421230953923;0,0222063497967666;-0,0156019097120033;0,0694360937313543;-0,0156019097120033;0,0694360937313543;100;1;0,9;TRUE;0,92;0,8;TRUE;TRUE;0,92;0,08;0
"hs_sumPCBs5_cadj_Log2";"hs_correct_raven";0,23895795329256;1e-12;0,0505660601307436;0,032606099210634;0,0329354537481151;0,0278353941580295;0,0345608424952786;-0,021077119047023;0,113311330408413;-0,0212429960325093;0,11354539732951;99;0,99;0,9;TRUE;0,858585858585859;0,8;TRUE;TRUE;0,85;0,14;0,01
"hs_pfhxs_c_Log2";"hs_correct_raven";0,23895795329256;1e-12;0,0474379112303968;0,0375909761329837;0,0379706829626098;0,0331467992939338;0,025326250648789;0,000737685990723428;0,095168488399238;0,00175789497400593;0,0955280860197279;99;0,99;0,9;TRUE;0,97979797979798;0,8;TRUE;TRUE;0,97;0,02;0,01
"hs_pfna_c_Log2";"hs_correct_raven";0,23895795329256;1e-12;0;-0,00878156789062804;-0,0112584203726001;-0,00739039736701412;0,0149889152638807;-0,0436514210064308;0,00778328815102628;-0,0438651450299008;0,00920867819234032;78;0,78;0,9;FALSE;NA;0,8;FALSE;FALSE;0,16;0,62;0,22
"hs_pfoa_c_Log2";"hs_correct_raven";0,23895795329256;1e-12;0,0180085969643995;0,020698883682139;0,0217882986127778;0,0183760469757997;0,0166160165722745;-0,00288519187733491;0,0590448530793031;-0,00307146497387285;0,059348718415717;95;0,95;0,9;TRUE;0,947368421052632;0,8;TRUE;TRUE;0,9;0,05;0,05
"hs_pfos_c_Log2";"hs_correct_raven";0,23895795329256;1e-12;0,014671438345221;0,0193586614886102;0,0201652723839689;0,016386647304606;0,022219651147091;-0,0096006262641308;0,062868367792342;-0,00964843200551691;0,0630066489940329;96;0,96;0,9;TRUE;0,833333333333333;0,8;TRUE;TRUE;0,8;0,16;0,04
"hs_pfunda_c_Log2";"hs_correct_raven";0,23895795329256;1e-12;0,00432449837347314;0,0163828094665989;0,0188308154788493;0,0146231579705293;0,0166491867410101;-0,00288085764109047;0,0541239971949216;-0,00337550895897504;0,0542619702786818;87;0,87;0,9;FALSE;0,954022988505747;0,8;TRUE;FALSE;0,83;0,04;0,13
"hs_hm_pers_None";"hs_correct_raven";0,23895795329256;1e-12;-0,0305631223102252;-0,0244452752973299;-0,0254638284347186;-0,0226225295419782;0,0203486772405417;-0,0579595321558941;0,00312740391676737;-0,0580851692514057;0,00333780321394471;96;0,96;0,9;TRUE;0,9375;0,8;TRUE;TRUE;0,06;0,9;0,04
"hs_trafload_h_pow1over3";"hs_correct_raven";0,23895795329256;1e-12;-0,0083435922919658;-0,00909969993037408;-0,0102243819442405;-0,00941914379071938;0,0146686293740412;-0,0430829734585187;0,016323272888534;-0,0454962575258147;0,0179831510835226;89;0,89;0,9;FALSE;0,719101123595506;0,8;FALSE;FALSE;0,25;0,64;0,11
"hs_trafnear_h_pow1over3";"hs_correct_raven";0,23895795329256;1e-12;0;-0,0151447856134232;-0,0207462816622236;-0,0170132603043805;0,0185509820275381;-0,0668922911465875;0,00144640621031938;-0,0747099476667024;0,00347779084744947;73;0,73;0,9;FALSE;NA;0,8;FALSE;FALSE;0,05;0,68;0,27
"FAS_cat_None_Low";"hs_correct_raven";0,23895795329256;1e-12;-0,104668835843139;-0,0909001162251392;-0,0909001162251392;-0,0905642296733811;0,0555730891072477;-0,197535298831623;0,0178108731290028;-0,197535298831623;0,0178108731290028;100;1;0,9;TRUE;0,96;0,8;TRUE;TRUE;0,04;0,96;0
"FAS_cat_None_Middle";"hs_correct_raven";0,23895795329256;1e-12;0,0400570392864143;0,0207863245429954;0,0212105352479545;0,0224304114365467;0,0374350607079082;-0,0619481549068459;0,0823661408778783;-0,0622555268648524;0,0823674799033998;98;0,98;0,9;TRUE;0,683673469387755;0,8;FALSE;FALSE;0,67;0,31;0,02
"hs_globalexp2_None_no exposure";"hs_correct_raven";0,23895795329256;1e-12;0,00166967320100506;0,0063324062827482;0,00711506323904293;0,00461816237417677;0,0228412875944538;-0,0301254820421713;0,0642549484369742;-0,0308529040798567;0,0664236688945781;89;0,89;0,9;FALSE;0,629213483146067;0,8;FALSE;FALSE;0,56;0,33;0,11
"h_abs_ratio_preg_Log";"hs_Gen_Tot";0,23895795329256;1e-12;-0,0744816509190364;-0,0765374168038588;-0,0780994049018967;-0,0759153470565976;0,0407899931316685;-0,152597745913478;-0,00366406183172879;-0,153087160228844;-0,00776070649074846;98;0,98;0,9;TRUE;1;0,8;TRUE;TRUE;0;0,98;0,02
"h_no2_ratio_preg_Log";"hs_Gen_Tot";0,23895795329256;1e-12;-0,00422902943025382;-0,00992834900289803;-0,0100286353564627;-0,00623426102058539;0,0291970964517124;-0,0709284281220733;0,0530772156510652;-0,0710141150523679;0,0533406665149343;99;0,99;0,9;TRUE;0,606060606060606;0,8;FALSE;FALSE;0,39;0,6;0,01
"h_pm10_ratio_preg_None";"hs_Gen_Tot";0,23895795329256;1e-12;0;0,00596118966553039;0,0104582274833867;0,00777755285385803;0,0167665362613166;-0,0281148003404101;0,0449987013950816;-0,0312154796001108;0,0458080336554663;57;0,57;0,9;FALSE;NA;0,8;FALSE;FALSE;0,37;0,2;0,43
"h_pm25_ratio_preg_None";"hs_Gen_Tot";0,23895795329256;1e-12;-0,0170851152803461;-0,0326216022159162;-0,0354582632781698;-0,0298057701208219;0,0257300050846271;-0,085767063584397;0;-0,0860801127680517;-0,000816797596199301;92;0,92;0,9;TRUE;0,978260869565217;0,8;TRUE;TRUE;0,02;0,9;0,08
"h_accesslines300_preg_dic0";"hs_Gen_Tot";0,23895795329256;1e-12;-0,070169462460078;-0,0563741821673871;-0,0593412443867232;-0,0517098802048355;0,130630985313866;-0,323267636862837;0,216636888317088;-0,324217523515507;0,21671911642489;95;0,95;0,9;TRUE;0,705263157894737;0,8;FALSE;FALSE;0,28;0,67;0,05
"h_accesspoints300_preg_Log";"hs_Gen_Tot";0,23895795329256;1e-12;-0,00423157708002081;-0,016403530766061;-0,0192982714894835;-0,0152219983087167;0,0274561403987437;-0,0826078772709446;0,0285918404600742;-0,0867055895846322;0,0288667428555728;85;0,85;0,9;FALSE;0,788235294117647;0,8;FALSE;FALSE;0,18;0,67;0,15
"h_builtdens300_preg_Sqrt";"hs_Gen_Tot";0,23895795329256;1e-12;0;-0,00788636070499027;-0,0111075502887187;-0,0080744003508532;0,0158585674151177;-0,0450447651785778;0,0171882193518249;-0,0470629607539351;0,0180257110213671;71;0,71;0,9;FALSE;NA;0,8;FALSE;FALSE;0,19;0,52;0,29
"h_connind300_preg_Sqrt";"hs_Gen_Tot";0,23895795329256;1e-12;-0,0151300928162896;-0,0244416267005885;-0,0321600351323533;-0,028466063056446;0,0247947580336177;-0,0748458750916474;0;-0,0762805356184304;-3,36155521413964e-05;76;0,76;0,9;FALSE;0,973684210526316;0,8;TRUE;FALSE;0,02;0,74;0,24
"h_fdensity300_preg_Log";"hs_Gen_Tot";0,23895795329256;1e-12;-0,00325796281280916;-0,0228076628926837;-0,0292405934521586;-0,0255062654122115;0,0270442473894397;-0,0885378550257459;0,00437349844125259;-0,090570567971665;0,00585191626767054;78;0,78;0,9;FALSE;0,923076923076923;0,8;TRUE;FALSE;0,06;0,72;0,22
"h_frichness300_preg_None";"hs_Gen_Tot";0,23895795329256;1e-12;0;-0,00298409401541994;-0,00420294931749288;-0,00207141865420445;0,0119071884014399;-0,0257571635903649;0,0179693834709088;-0,0293042438168198;0,0241139619988977;71;0,71;0,9;FALSE;NA;0,8;FALSE;FALSE;0,28;0,43;0,29
"h_landuseshan300_preg_None";"hs_Gen_Tot";0,23895795329256;1e-12;0,0267970061607148;0,0325129634692922;0,0338676702805127;0,0366290302391697;0,024149397357224;-0,00644125279338389;0,0770329685936524;-0,00712319166968077;0,078060421572164;96;0,96;0,9;TRUE;0,9375;0,8;TRUE;TRUE;0,9;0,06;0,04
"h_popdens_preg_Sqrt";"hs_Gen_Tot";0,23895795329256;1e-12;0,0122282362085995;0,0172666183173668;0,0178006374405844;0,0154379399910501;0,024791663355289;-0,0253113811236639;0,0677309154493955;-0,0253725822647108;0,0680731961889966;97;0,97;0,9;TRUE;0,77319587628866;0,8;FALSE;FALSE;0,75;0,22;0,03
"h_walkability_mean_preg_None";"hs_Gen_Tot";0,23895795329256;1e-12;-0,0223133158489115;-0,026918779201054;-0,0286369991500575;-0,0264291241173721;0,0239420498583319;-0,0772173844758317;0,00853408073846153;-0,0777868203138723;0,00931230487008316;94;0,94;0,9;TRUE;0,904255319148936;0,8;TRUE;TRUE;0,09;0,85;0,06
"hs_as_m_Log2";"hs_Gen_Tot";0,23895795329256;1e-12;0,0210743564611393;0,0200267014416136;0,0213050015336314;0,0182609878726457;0,0233416845629995;-0,0153853826192515;0,0701350129502652;-0,0166002940098698;0,070406377100455;94;0,94;0,9;TRUE;0,797872340425532;0,8;FALSE;FALSE;0,75;0,19;0,06
"hs_cd_m_Log2";"hs_Gen_Tot";0,23895795329256;1e-12;-0,0130056744350451;-0,0124822035888719;-0,0128682511225484;-0,00691020610490749;0,0248301908594448;-0,0708530682529634;0,0258686270637586;-0,0716014859212692;0,0260552091958993;97;0,97;0,9;TRUE;0,670103092783505;0,8;FALSE;FALSE;0,32;0,65;0,03
"hs_co_m_Log2";"hs_Gen_Tot";0,23895795329256;1e-12;0,00314182697282737;0,0104074169825621;0,0106198132475123;0,0132108234546076;0,0273330848466896;-0,0350898158089287;0,0587344620918162;-0,0351194993893593;0,058765201403573;98;0,98;0,9;TRUE;0,704081632653061;0,8;FALSE;FALSE;0,69;0,29;0,02
"hs_cs_m_Log2";"hs_Gen_Tot";0,23895795329256;1e-12;0;-0,00921258861114821;-0,011099504350781;-0,00608648182918059;0,0186091680921603;-0,049055517461523;0,0135737925926075;-0,0503768409195709;0,0138989709415888;83;0,83;0,9;FALSE;NA;0,8;FALSE;FALSE;0,19;0,64;0,17
"hs_cu_m_Log2";"hs_Gen_Tot";0,23895795329256;1e-12;-0,0318198323209534;-0,0346371369139797;-0,0372442332408384;-0,0341295292349342;0,0244922978092793;-0,0831874517958567;0;-0,0835947119656326;-0,00243505953227761;93;0,93;0,9;TRUE;0,989247311827957;0,8;TRUE;TRUE;0,01;0,92;0,07
"hs_hg_m_Log2";"hs_Gen_Tot";0,23895795329256;1e-12;0,00153555685041958;0,0183917553600726;0,022428969951308;0,017473332694879;0,0221430924220027;-0,0126766620308267;0,0686324272618845;-0,0158712947911109;0,0690860934417152;82;0,82;0,9;FALSE;0,926829268292683;0,8;TRUE;FALSE;0,76;0,06;0,18
"hs_mn_m_Log2";"hs_Gen_Tot";0,23895795329256;1e-12;-0,0213498691136943;-0,0290081023327709;-0,030859683332735;-0,0280534321926077;0,0236534205963338;-0,0925088586126572;8,12616328830344e-05;-0,0944610619422764;-0,000476258154971146;94;0,94;0,9;TRUE;0,968085106382979;0,8;TRUE;TRUE;0,03;0,91;0,06
"hs_mo_m_Log2";"hs_Gen_Tot";0,23895795329256;1e-12;-0,0453834755875935;-0,0528244416869836;-0,0528244416869836;-0,0526019141293767;0,0213789456987559;-0,0970221736202338;-0,0179333315718151;-0,0970221736202338;-0,0179333315718151;100;1;0,9;TRUE;1;0,8;TRUE;TRUE;0;1;0
"hs_pb_m_Log2";"hs_Gen_Tot";0,23895795329256;1e-12;0;-0,0151093262614246;-0,0201457683485661;-0,0182917967763706;0,0205086122174798;-0,0645154559410141;0,0114513648413822;-0,0678163751041077;0,0145628246020549;75;0,75;0,9;FALSE;NA;0,8;FALSE;FALSE;0,07;0,68;0,25
"h_humidity_preg_None";"hs_Gen_Tot";0,23895795329256;1e-12;-0,0191132074963879;-0,00452627241766659;-0,00461864532414958;-0,0018668078965583;0,0353708356658625;-0,0672382587993721;0,0558653843569132;-0,0673566600293909;0,0559736290089077;98;0,98;0,9;TRUE;0,530612244897959;0,8;FALSE;FALSE;0,46;0,52;0,02
"h_pressure_preg_None";"hs_Gen_Tot";0,23895795329256;1e-12;0,0150554994660436;0,0136982660475837;0,0153913101658244;0,0138527230573606;0,0239034483228149;-0,0370393556959756;0,0667891138612464;-0,0389679116673398;0,0677630615501776;89;0,89;0,9;FALSE;0,808988764044944;0,8;TRUE;FALSE;0,72;0,17;0,11
"h_temperature_preg_None";"hs_Gen_Tot";0,23895795329256;1e-12;-0,00126022549295414;-0,0016446922895261;-0,00186896851082512;-0,00153605683569693;0,0251131173741438;-0,0605010466363437;0,0495079638996704;-0,0614297845338245;0,0495788562894665;88;0,88;0,9;FALSE;0,590909090909091;0,8;FALSE;FALSE;0,36;0,52;0,12
"h_ndvi100_preg_None";"hs_Gen_Tot";0,23895795329256;1e-12;0;-0,00740319465416592;-0,0100043171002242;-0,0042451792830736;0,022921125089143;-0,0605224625706159;0,024203668173005;-0,064112814358685;0,0247259482782804;74;0,74;0,9;FALSE;NA;0,8;FALSE;FALSE;0,24;0,5;0,26
"hs_dde_madj_Log2";"hs_Gen_Tot";0,23895795329256;1e-12;0,0147996872718374;0,0131561137518606;0,0131561137518606;0,00642272336711232;0,0252792106899524;-0,0252046343342078;0,0712729873919138;-0,0252046343342078;0,0712729873919138;100;1;0,9;TRUE;0,66;0,8;FALSE;FALSE;0,66;0,34;0
"hs_ddt_madj_Log2";"hs_Gen_Tot";0,23895795329256;1e-12;-0,0144130590686605;-0,0231469773882199;-0,0260078397620449;-0,0232937213060837;0,0191480853482459;-0,0658221010993555;0,00254448431159764;-0,0677003779087253;0,00275206562427661;89;0,89;0,9;FALSE;0,943820224719101;0,8;TRUE;FALSE;0,05;0,84;0,11
"hs_hcb_madj_Log2";"hs_Gen_Tot";0,23895795329256;1e-12;-0,00792474713074148;-0,0129222442646809;-0,0145193755782931;-0,00589333884454657;0,024741969973514;-0,0773882115687667;0,0213280119891204;-0,0850502905914983;0,0218121658255273;89;0,89;0,9;FALSE;0,674157303370786;0,8;FALSE;FALSE;0,29;0,6;0,11
"hs_pcb118_madj_Log2";"hs_Gen_Tot";0,23895795329256;1e-12;0,0490456981155352;0,0561766254369387;0,0567440660979179;0,0525714051477051;0,0320797405148494;0,00410915896483129;0,116332715898375;0,00644514301614675;0,116387976773926;99;0,99;0,9;TRUE;1;0,8;TRUE;TRUE;0,99;0;0,01
"hs_pcb138_madj_Log2";"hs_Gen_Tot";0,23895795329256;1e-12;-0,00731340004061148;-0,0343150281468564;-0,0381278090520626;-0,0333323136524588;0,0323524473715952;-0,107943173965092;0;-0,10968374596949;-0,000321414582165932;90;0,9;0,9;TRUE;0,977777777777778;0,8;TRUE;TRUE;0,02;0,88;0,1
"hs_pcb153_madj_Log2";"hs_Gen_Tot";0,23895795329256;1e-12;-0,000520003301755957;-0,0149859212039402;-0,0189695205113167;-0,0175344143043095;0,0227499180541068;-0,0765330419400098;0,0209559608510616;-0,0787665030707503;0,0217750424781004;79;0,79;0,9;FALSE;0,79746835443038;0,8;FALSE;FALSE;0,16;0,63;0,21
"hs_pcb170_madj_Log2";"hs_Gen_Tot";0,23895795329256;1e-12;-0,0185718872108658;-0,0126196115130037;-0,0128771546051058;-0,0113690862897347;0,0320383168863364;-0,0719286472231152;0,0574545044487795;-0,0720090772277975;0,057999041180692;98;0,98;0,9;TRUE;0,683673469387755;0,8;FALSE;FALSE;0,31;0,67;0,02
"hs_pcb180_madj_Log2";"hs_Gen_Tot";0,23895795329256;1e-12;-0,000160416149787035;-0,000712163779787216;-0,000868492414374654;-0,000424202283583234;0,0152377675215102;-0,0320073119954589;0,0336364836310667;-0,0320235939413236;0,033934450534401;82;0,82;0,9;FALSE;0,548780487804878;0,8;FALSE;FALSE;0,37;0,45;0,18
"hs_sumPCBs5_madj_Log2";"hs_Gen_Tot";0,23895795329256;1e-12;0,00419328975499357;0,00318578415763514;0,00366182087084499;0,00259642840321811;0,0198320007174562;-0,02946915187298;0,0473467950988179;-0,0295837452344749;0,0480468053230824;87;0,87;0,9;FALSE;0,540229885057471;0,8;FALSE;FALSE;0,47;0,4;0,13
"hs_pfhxs_m_Log2";"hs_Gen_Tot";0,23895795329256;1e-12;0,01061311994094;0,00429339606123418;0,00438101638901447;0,00586123886550636;0,0218770997298226;-0,0471712247940096;0,0431304119590693;-0,0479137469249459;0,0434277854311036;98;0,98;0,9;TRUE;0,622448979591837;0,8;FALSE;FALSE;0,61;0,37;0,02
"hs_pfna_m_Log2";"hs_Gen_Tot";0,23895795329256;1e-12;-0,0285541967063486;-0,0456827810314489;-0,0475862302410926;-0,0451227900049845;0,0324158117871146;-0,114195658399858;0,00350153474998574;-0,114273564506252;0,00352442770292836;96;0,96;0,9;TRUE;0,958333333333333;0,8;TRUE;TRUE;0,04;0,92;0,04
"hs_pfoa_m_Log2";"hs_Gen_Tot";0,23895795329256;1e-12;0;-0,000616317394352286;-0,000962995928675446;0,000788495781781853;0,0158749067016725;-0,0315718031937514;0,033730953427165;-0,0391785732156465;0,0374509600787228;64;0,64;0,9;FALSE;NA;0,8;FALSE;FALSE;0,33;0,31;0,36
"hs_pfos_m_Log2";"hs_Gen_Tot";0,23895795329256;1e-12;0;-0,0122167725738853;-0,0152709657173566;-0,00998756200567303;0,0198821878607197;-0,0684611679094893;0,0151181003548121;-0,0694745949787628;0,015684744777113;80;0,8;0,9;FALSE;NA;0,8;FALSE;FALSE;0,16;0,64;0,2
"hs_pfunda_m_Log2";"hs_Gen_Tot";0,23895795329256;1e-12;0,00223530147330588;0,0144250362935919;0,0187338133683011;0,0135698256055529;0,0164762040268058;-0,00197972045790005;0,0530250378940132;-0,00205767375964124;0,0554508928534816;77;0,77;0,9;FALSE;0,935064935064935;0,8;TRUE;FALSE;0,72;0,05;0,23
"e3_asmokcigd_p_None";"hs_Gen_Tot";0,23895795329256;1e-12;0,000145488969748904;-0,00192863179730014;-0,00211937560142872;-9,4287604719144e-05;0,0162901011885471;-0,0383012253668795;0,0289766919849823;-0,0394099405046947;0,0302584654491952;91;0,91;0,9;TRUE;0,461538461538462;0,8;FALSE;FALSE;0,42;0,49;0,09
"h_distinvnear1_preg_Log";"hs_Gen_Tot";0,23895795329256;1e-12;0;0,0145159316279686;0,0186101687538059;0,0160416414691462;0,0173124939750309;-0,00743230919957744;0,0554795595410915;-0,00953507908801658;0,0565986546296605;78;0,78;0,9;FALSE;NA;0,8;FALSE;FALSE;0,73;0,05;0,22
"h_trafload_preg_pow1over3";"hs_Gen_Tot";0,23895795329256;1e-12;0,00275690721934218;0,00412472691704565;0,00448339882287571;0,00386704696042382;0,0174059704363476;-0,0307506300781217;0,0368960443780685;-0,0310221673185653;0,037074597131683;92;0,92;0,9;TRUE;0,608695652173913;0,8;FALSE;FALSE;0,56;0,36;0,08
"h_trafnear_preg_pow1over3";"hs_Gen_Tot";0,23895795329256;1e-12;0;0,00312390004580918;0,00433875006362386;0,0016747209449504;0,0172750400799058;-0,0325650741458198;0,0435779262595873;-0,0372907946874025;0,0489286523089618;72;0,72;0,9;FALSE;NA;0,8;FALSE;FALSE;0,44;0,28;0,28
"h_bro_preg_Log";"hs_Gen_Tot";0,23895795329256;1e-12;0;-0,0139909881919592;-0,0208820719282973;-0,0164911412497085;0,0237850467314961;-0,0854902412297956;0,0106112385673142;-0,0983303411542031;0,0115621436100035;67;0,67;0,9;FALSE;NA;0,8;FALSE;FALSE;0,11;0,56;0,33
"h_clf_preg_Log";"hs_Gen_Tot";0,23895795329256;1e-12;0,00825881926050174;0,000318082789737509;0,000345742162758161;-0,000876751158310017;0,0244323110913795;-0,047335518079443;0,0503991640288652;-0,0473528309309071;0,0520332872219247;92;0,92;0,9;TRUE;0,489130434782609;0,8;FALSE;FALSE;0,45;0,47;0,08
"h_thm_preg_Log";"hs_Gen_Tot";0,23895795329256;1e-12;-0,00176208415000101;-0,000373776066914976;-0,00046722008364372;-4,34864289280892e-06;0,0191146213112364;-0,0452711465379212;0,0347771010538455;-0,0477959719797106;0,0351074209104253;80;0,8;0,9;FALSE;0,5;0,8;FALSE;FALSE;0,4;0,4;0,2
"e3_alcpreg_yn_None_1";"hs_Gen_Tot";0,23895795329256;1e-12;-0,0524302483416796;-0,0683024321478859;-0,0689923557049353;-0,0676668016348904;0,0426313379787168;-0,155343981558187;0,00490573674628835;-0,155498782555421;0,00507227887034542;99;0,99;0,9;TRUE;0,939393939393939;0,8;TRUE;TRUE;0,06;0,93;0,01
"h_pamod_t3_None_Often";"hs_Gen_Tot";0,23895795329256;1e-12;-0,0388939713517892;-0,0315646267058353;-0,0318834613190256;-0,0369059312356281;0,0680428400773223;-0,166057333573484;0,0886564841064647;-0,166157165570817;0,0889721517795079;99;0,99;0,9;TRUE;0,676767676767677;0,8;FALSE;FALSE;0,32;0,67;0,01
"h_pamod_t3_None_Sometimes";"hs_Gen_Tot";0,23895795329256;1e-12;-0,0371929288428416;-0,0492748282884553;-0,050798792049954;-0,0344956539276154;0,0782043453694355;-0,22803605561296;0,0843226013590275;-0,230555542322227;0,0849667146403792;97;0,97;0,9;TRUE;0,77319587628866;0,8;FALSE;FALSE;0,22;0,75;0,03
"h_pamod_t3_None_Very Often";"hs_Gen_Tot";0,23895795329256;1e-12;-0,0403602704292622;-0,042537652196804;-0,0443100543716709;-0,0383727255697062;0,0614761568718692;-0,163407654499025;0,0677298163392011;-0,163445881174178;0,0677705334498485;96;0,96;0,9;TRUE;0,770833333333333;0,8;FALSE;FALSE;0,22;0,74;0,04
"h_pavig_t3_None_Low";"hs_Gen_Tot";0,23895795329256;1e-12;-0,054492287876886;-0,0760738578381451;-0,0760738578381451;-0,075043322717312;0,0696879474893306;-0,216095713349954;0,0573955214891828;-0,216095713349954;0,0573955214891828;100;1;0,9;TRUE;0,87;0,8;TRUE;TRUE;0,13;0,87;0
"h_pavig_t3_None_Medium";"hs_Gen_Tot";0,23895795329256;1e-12;-0,0574743379717448;-0,0518473245480008;-0,0518473245480008;-0,0546455993223379;0,0752923892538763;-0,205957684660245;0,0741718973876778;-0,205957684660245;0,0741718973876778;100;1;0,9;TRUE;0,71;0,8;FALSE;FALSE;0,29;0,71;0
"hs_no2_dy_hs_h_Log";"hs_Gen_Tot";0,23895795329256;1e-12;0,00575823332722111;0,0385890164079603;0,0419445830521308;0,0361849133982479;0,0388969224473765;-0,0136399552429015;0,132563852000319;-0,0138286512777567;0,134754927434129;92;0,92;0,9;TRUE;0,91304347826087;0,8;TRUE;TRUE;0,84;0,08;0,08
"hs_no2_wk_hs_h_Log";"hs_Gen_Tot";0,23895795329256;1e-12;0;-0,000694181112146209;-0,000901533911878193;0,000999097200292177;0,0229901704604277;-0,0475376719587756;0,0458875910560436;-0,0491965201166914;0,0482992929437073;77;0,77;0,9;FALSE;NA;0,8;FALSE;FALSE;0,4;0,37;0,23
"hs_no2_yr_hs_h_Log";"hs_Gen_Tot";0,23895795329256;1e-12;0;-0,0163234592445609;-0,0247325140069104;-0,0166756411656286;0,0257809885210848;-0,0796319687460823;0,0026186090388853;-0,0858964998229303;0,00356995840759541;66;0,66;0,9;FALSE;NA;0,8;FALSE;FALSE;0,07;0,59;0,34
"hs_pm10_dy_hs_h_None";"hs_Gen_Tot";0,23895795329256;1e-12;-0,0341807796164301;-0,0334508464200331;-0,0367591718901463;-0,0333797243454104;0,0288386602452195;-0,0982738255896744;0,00188467854671214;-0,101040517359386;0,00204185508229304;91;0,91;0,9;TRUE;0,945054945054945;0,8;TRUE;TRUE;0,05;0,86;0,09
"hs_pm10_wk_hs_h_None";"hs_Gen_Tot";0,23895795329256;1e-12;-0,0295003387605836;-0,0457009090852035;-0,0486179883885144;-0,037349917446798;0,0429745095595095;-0,163109227949489;0;-0,163625352615586;-0,00417752183800917;94;0,94;0,9;TRUE;1;0,8;TRUE;TRUE;0;0,94;0,06
"hs_pm10_yr_hs_h_None";"hs_Gen_Tot";0,23895795329256;1e-12;0;-0,0185166130175351;-0,0257175180799098;-0,0201450074823079;0,0285498464217747;-0,102140785183112;0,0150613913523268;-0,106380005876049;0,0187890261210564;72;0,72;0,9;FALSE;NA;0,8;FALSE;FALSE;0,08;0,64;0,28
"hs_pm25_dy_hs_h_None";"hs_Gen_Tot";0,23895795329256;1e-12;0,0388580848485496;0,0448698327466645;0,0453230633804691;0,0428353133305375;0,0318797701344902;-0,0115965184020013;0,111527552196185;-0,0117676647430263;0,111666312713844;99;0,99;0,9;TRUE;0,94949494949495;0,8;TRUE;TRUE;0,94;0,05;0,01
"hs_pm25_wk_hs_h_None";"hs_Gen_Tot";0,23895795329256;1e-12;0;-0,0149494152931521;-0,0219844342546355;-0,0183707547191826;0,0199852778797561;-0,0563227356355283;0,00387857759862294;-0,0611274523875506;0,00471788302850038;68;0,68;0,9;FALSE;NA;0,8;FALSE;FALSE;0,09;0,59;0,32
"hs_pm25_yr_hs_h_None";"hs_Gen_Tot";0,23895795329256;1e-12;-0,0775822164374651;-0,0659262430171819;-0,0665921646638201;-0,0572708033299207;0,0450446515745817;-0,181901125299801;-0,000834968227482339;-0,182088716668103;-0,00189531482861115;99;0,99;0,9;TRUE;0,98989898989899;0,8;TRUE;TRUE;0,01;0,98;0,01
"hs_pm25abs_dy_hs_h_Log";"hs_Gen_Tot";0,23895795329256;1e-12;-0,028554900694818;-0,0463240371809453;-0,0477567393617993;-0,0413446002859126;0,0326381711649048;-0,123511104832407;0;-0,124010572099277;-0,000217264355630278;97;0,97;0,9;TRUE;0,979381443298969;0,8;TRUE;TRUE;0,02;0,95;0,03
"hs_pm25abs_wk_hs_h_Log";"hs_Gen_Tot";0,23895795329256;1e-12;-0,00010219468839915;0,0137547093798394;0,0159938481160923;0,00823399632459892;0,020270112352258;-0,0155440611974476;0,065200818239646;-0,0180727934632397;0,0657798595953362;86;0,86;0,9;FALSE;0,186046511627907;0,8;FALSE;FALSE;0,7;0,16;0,14
"hs_pm25abs_yr_hs_h_Log";"hs_Gen_Tot";0,23895795329256;1e-12;-0,0156819315321234;-0,0257271890232015;-0,0299153360734901;-0,0241958677431946;0,0343157761635623;-0,114673626815598;0,0152505442073404;-0,123208258681447;0,0171031937474984;86;0,86;0,9;FALSE;0,837209302325581;0,8;TRUE;FALSE;0,14;0,72;0,14
"hs_accesslines300_h_dic0";"hs_Gen_Tot";0,23895795329256;1e-12;-0,018130245529181;-0,0193133403360553;-0,0199106601402632;-0,0119741884124905;0,119219247155242;-0,278881061537578;0,194278652666219;-0,279250271635387;0,194337990496497;97;0,97;0,9;TRUE;0,56701030927835;0,8;FALSE;FALSE;0,42;0,55;0,03
"hs_accesspoints300_h_Log";"hs_Gen_Tot";0,23895795329256;1e-12;0,0143359974007348;0,0132147737078682;0,0133482562705739;0,0150694579803431;0,0339866008844602;-0,0529807226319969;0,0806809317664544;-0,0533383524648245;0,0808538926640311;99;0,99;0,9;TRUE;0,686868686868687;0,8;FALSE;FALSE;0,68;0,31;0,01
"hs_builtdens300_h_Sqrt";"hs_Gen_Tot";0,23895795329256;1e-12;0;0,0139842813511199;0,0174803516888999;0,0150477087933832;0,0191872379948281;-0,0142823884106026;0,0587515603801348;-0,0152122784842276;0,0626310457112948;80;0,8;0,9;FALSE;NA;0,8;FALSE;FALSE;0,71;0,09;0,2
"hs_connind300_h_Log";"hs_Gen_Tot";0,23895795329256;1e-12;0,00282124866570693;0,0171944311603323;0,0212276927905337;0,0142446296449892;0,0220178501368263;-0,00265349089620343;0,0748968514090599;-0,00341559577823052;0,0778431488862348;81;0,81;0,9;FALSE;0,938271604938272;0,8;TRUE;FALSE;0,76;0,05;0,19
"hs_fdensity300_h_Log";"hs_Gen_Tot";0,23895795329256;1e-12;-0,00250920586664656;-0,0136918985090733;-0,0161081158930274;-0,0113305937224275;0,0207596851063544;-0,0520622379249431;0,0161288406177736;-0,0520843071460252;0,0170523418402348;85;0,85;0,9;FALSE;0,788235294117647;0,8;FALSE;FALSE;0,18;0,67;0,15
"hs_landuseshan300_h_None";"hs_Gen_Tot";0,23895795329256;1e-12;0;-0,0100296795876782;-0,0125370994845978;-0,00840230257158804;0,0167079762025583;-0,0472786309762711;0,0157114118404136;-0,0489161485443627;0,0174354315406476;80;0,8;0,9;FALSE;NA;0,8;FALSE;FALSE;0,21;0,59;0,2
"hs_popdens_h_Sqrt";"hs_Gen_Tot";0,23895795329256;1e-12;-8,29628684354793e-05;-0,000995107116593099;-0,00114380128344034;-0,000333126569561194;0,021123082779885;-0,0418359063172807;0,0367108973968599;-0,0427432555024933;0,0375465638691411;87;0,87;0,9;FALSE;0,517241379310345;0,8;FALSE;FALSE;0,42;0,45;0,13
"hs_walkability_mean_h_None";"hs_Gen_Tot";0,23895795329256;1e-12;-0,00670624758853291;-0,0056493752869998;-0,00588476592395812;-0,00551767215789007;0,0180421999912724;-0,0444136642140932;0,0350191945773918;-0,044520015184829;0,0357388514568567;96;0,96;0,9;TRUE;0,625;0,8;FALSE;FALSE;0,36;0,6;0,04
"hs_accesslines300_s_dic0";"hs_Gen_Tot";0,23895795329256;1e-12;0,0476093068165294;0,0345511721968464;0,0349001739362085;0,0341961848228042;0,096284152820863;-0,170568685699908;0,2341663978078;-0,170948411661989;0,234382745623556;99;0,99;0,9;TRUE;0,686868686868687;0,8;FALSE;FALSE;0,68;0,31;0,01
"hs_accesspoints300_s_Log";"hs_Gen_Tot";0,23895795329256;1e-12;0,0121083101862205;0,0036038327650894;0,00364023511625192;0,00382471067927872;0,029084954643436;-0,0563963845423088;0,0495652555496999;-0,0564265352024082;0,04957120505373;99;0,99;0,9;TRUE;0,575757575757576;0,8;FALSE;FALSE;0,57;0,42;0,01
"hs_builtdens300_s_Sqrt";"hs_Gen_Tot";0,23895795329256;1e-12;0,0136382320052402;0,0269288250249415;0,033245462993755;0,0285873817248826;0,0245942828463574;0;0,0772401772768885;0,00181602041319245;0,0806073993601089;81;0,81;0,9;FALSE;1;0,8;TRUE;FALSE;0,81;0;0,19
"hs_connind300_s_Log";"hs_Gen_Tot";0,23895795329256;1e-12;0,00131240191143284;0,0141401414091782;0,0170363149508171;0,0110568464277339;0,0228061003940284;-0,0169196104965276;0,0761269584263142;-0,0180585825942636;0,0808477989606707;83;0,83;0,9;FALSE;0,759036144578313;0,8;FALSE;FALSE;0,63;0,2;0,17
"hs_fdensity300_s_Log";"hs_Gen_Tot";0,23895795329256;1e-12;0,0195427128066397;0,0236628916158778;0,0257205343650845;0,018981210918523;0,0249860700907464;-0,0108632253761671;0,0816690151971333;-0,011648658803111;0,085130068347723;92;0,92;0,9;TRUE;0,934782608695652;0,8;TRUE;TRUE;0,86;0,06;0,08
"hs_landuseshan300_s_None";"hs_Gen_Tot";0,23895795329256;1e-12;0;0,00374505769911631;0,00451211770977869;0,00271338419378625;0,0135081094404433;-0,0168798833109526;0,0377740474189829;-0,0175271655434607;0,038023780779565;83;0,83;0,9;FALSE;NA;0,8;FALSE;FALSE;0,54;0,29;0,17
"hs_popdens_s_Sqrt";"hs_Gen_Tot";0,23895795329256;1e-12;0,0021159357601697;9,77562622436642e-05;0,000108618069159627;0,000442257672510479;0,0152645438477069;-0,0316714441547044;0,0322701405720675;-0,0318843014491153;0,0342878345080066;90;0,9;0,9;TRUE;0,522222222222222;0,8;FALSE;FALSE;0,47;0,43;0,1
"h_Absorbance_Log";"hs_Gen_Tot";0,23895795329256;1e-12;-0,00261315722074475;-0,0090935572014493;-0,0101039524460548;-0,0113170302112013;0,0215003415402158;-0,0534661194270425;0,0331555376885046;-0,0552821389577468;0,0361961794917158;90;0,9;0,9;TRUE;0,688888888888889;0,8;FALSE;FALSE;0,28;0,62;0,1
"h_Benzene_Log";"hs_Gen_Tot";0,23895795329256;1e-12;0,0860544195927475;0,0896689614603322;0,0896689614603322;0,0893157711326575;0,0313270962070721;0,0333749795270187;0,146742489786807;0,0333749795270187;0,146742489786807;100;1;0,9;TRUE;1;0,8;TRUE;TRUE;1;0;0
"h_NO2_Log";"hs_Gen_Tot";0,23895795329256;1e-12;0,00576839635594589;0,0132881758964522;0,0146023910950024;0,0102691828524105;0,0226362049654405;-0,0244158029747339;0,0617397227702236;-0,0262535518128076;0,0625692192018429;91;0,91;0,9;TRUE;0,747252747252747;0,8;FALSE;FALSE;0,68;0,23;0,09
"h_PM_Log";"hs_Gen_Tot";0,23895795329256;1e-12;0,041442046222112;0,038018739482959;0,038018739482959;0,0371894873740735;0,0235355436186594;-0,00312944885926535;0,0838876107863407;-0,00312944885926535;0,0838876107863407;100;1;0,9;TRUE;0,96;0,8;TRUE;TRUE;0,96;0,04;0
"h_TEX_Log";"hs_Gen_Tot";0,23895795329256;1e-12;-0,0012504837097975;-0,0146097626983145;-0,0180367440719932;-0,0150497141236764;0,0166087246812784;-0,0508077624652463;0,00940636715902335;-0,0530774305416778;0,00995690723228226;81;0,81;0,9;FALSE;0,925925925925926;0,8;TRUE;FALSE;0,06;0,75;0,19
"hs_KIDMED_None";"hs_Gen_Tot";0,23895795329256;1e-12;-0,0529962980273781;-0,048362083133433;-0,048362083133433;-0,0472551361674502;0,0239205398029352;-0,0946680013722178;-0,00128177347266669;-0,0946680013722178;-0,00128177347266669;100;1;0,9;TRUE;0,97;0,8;TRUE;TRUE;0,03;0,97;0
"hs_mvpa_prd_alt_None";"hs_Gen_Tot";0,23895795329256;1e-12;-0,0283553294108438;-0,0290370908266361;-0,0296296845169756;-0,0297199035845453;0,0220635936382043;-0,0708163231675227;0,00545770484517896;-0,0708634151024684;0,00559273152081601;98;0,98;0,9;TRUE;0,948979591836735;0,8;TRUE;TRUE;0,05;0,93;0,02
"hs_sd_wk_None";"hs_Gen_Tot";0,23895795329256;1e-12;0,0248759239953693;0,043308884727494;0,0455882997131516;0,0407899894529571;0,0280358792405544;0;0,104655946003465;0,00196837209852229;0,105529244358693;95;0,95;0,9;TRUE;0,989473684210526;0,8;TRUE;TRUE;0,94;0,01;0,05
"hs_dif_hours_total_None";"hs_Gen_Tot";0,23895795329256;1e-12;-0,0715723740293432;-0,0711348685289807;-0,0711348685289807;-0,0707820249603798;0,0336958160449962;-0,143742184810559;-0,0113488784319216;-0,143742184810559;-0,0113488784319216;100;1;0,9;TRUE;1;0,8;TRUE;TRUE;0;1;0
"hs_as_c_Log2";"hs_Gen_Tot";0,23895795329256;1e-12;-0,0136933945624972;-0,0188650272347849;-0,0192500277905969;-0,0168615080520207;0,021953485227267;-0,0643714227644988;0,0188989098831971;-0,0644167914199215;0,0191176319227417;98;0,98;0,9;TRUE;0,857142857142857;0,8;TRUE;TRUE;0,14;0,84;0,02
"hs_cd_c_Log2";"hs_Gen_Tot";0,23895795329256;1e-12;0;0,00693231858309902;0,0108317477860922;0,0100010684277633;0,0135237984815226;-0,0107905493849917;0,0405749830732284;-0,0130936916506912;0,041988410613922;64;0,64;0,9;FALSE;NA;0,8;FALSE;FALSE;0,47;0,17;0,36
"hs_co_c_Log2";"hs_Gen_Tot";0,23895795329256;1e-12;-0,0274051539817166;-0,0336287223153554;-0,0353986550687952;-0,03252543233688;0,024528229789612;-0,0862485950153596;0,00115534524690749;-0,0870651162598768;0,00137744273006625;95;0,95;0,9;TRUE;0,957894736842105;0,8;TRUE;TRUE;0,04;0,91;0,05
"hs_cs_c_Log2";"hs_Gen_Tot";0,23895795329256;1e-12;0,0184777449192205;0,00836374149997966;0,00844822373735319;0,00863916279902231;0,0274996543191053;-0,0439133848314937;0,0602935808828519;-0,0441006838853327;0,0603698804755492;99;0,99;0,9;TRUE;0,575757575757576;0,8;FALSE;FALSE;0,57;0,42;0,01
"hs_cu_c_Log2";"hs_Gen_Tot";0,23895795329256;1e-12;0,0537711480399123;0,045911812977578;0,045911812977578;0,0451168880580635;0,0260131934658516;0,00558784505545685;0,0928645185747798;0,00558784505545685;0,0928645185747798;100;1;0,9;TRUE;0,99;0,8;TRUE;TRUE;0,99;0,01;0
"hs_hg_c_Log2";"hs_Gen_Tot";0,23895795329256;1e-12;-0,0269443565113663;-0,02592702333265;-0,0264561462578062;-0,0224370299777704;0,0239354378680457;-0,0832102837349317;0,0112438074551608;-0,0833853972550292;0,0114353161566834;98;0,98;0,9;TRUE;0,908163265306122;0,8;TRUE;TRUE;0,09;0,89;0,02
"hs_mn_c_Log2";"hs_Gen_Tot";0,23895795329256;1e-12;0,0368342715666026;0,0419455165184046;0,0419455165184046;0,0410681525932566;0,0214544546646758;0,00250931096008387;0,0829245197299464;0,00250931096008387;0,0829245197299464;100;1;0,9;TRUE;0,99;0,8;TRUE;TRUE;0,99;0,01;0
"hs_mo_c_Log2";"hs_Gen_Tot";0,23895795329256;1e-12;0,0322505606837402;0,0287434095355149;0,0287434095355149;0,0275181261132595;0,0197036362929471;-0,00463545811737567;0,0665741143732851;-0,00463545811737567;0,0665741143732851;100;1;0,9;TRUE;0,94;0,8;TRUE;TRUE;0,94;0,06;0
"hs_pb_c_Log2";"hs_Gen_Tot";0,23895795329256;1e-12;0,0171520370286932;0,0359431480376022;0,038237391529364;0,0362777933882985;0,0240432420868776;0;0,0847892395881663;0,00391248448063355;0,0872627343006361;94;0,94;0,9;TRUE;1;0,8;TRUE;TRUE;0,94;0;0,06
"hs_hum_mt_hs_h_None";"hs_Gen_Tot";0,23895795329256;1e-12;0,00722833549799695;0,013255255120188;0,0135257705308041;0,0115053505746172;0,0322282231106365;-0,0447045904993761;0,0743783816436983;-0,0450100570591853;0,074390497029859;98;0,98;0,9;TRUE;0,642857142857143;0,8;FALSE;FALSE;0,63;0,35;0,02
"hs_tm_mt_hs_h_None";"hs_Gen_Tot";0,23895795329256;1e-12;0;-0,00870170570942148;-0,0152661503674061;-0,00810174947280868;0,0201132977588575;-0,0590943848343747;0,0125399332086425;-0,0611569737173668;0,0270644376547779;57;0,57;0,9;FALSE;NA;0,8;FALSE;FALSE;0,13;0,44;0,43
"hs_uvdvf_mt_hs_h_None";"hs_Gen_Tot";0,23895795329256;1e-12;0;-0,00653235959591792;-0,00787031276616617;-0,00653423204356146;0,0204611078598049;-0,0497394770505829;0,0268335349131903;-0,0525588042891904;0,0270761798204408;83;0,83;0,9;FALSE;NA;0,8;FALSE;FALSE;0,23;0,6;0,17
"hs_hum_dy_hs_h_None";"hs_Gen_Tot";0,23895795329256;1e-12;0;-0,0276882963385063;-0,0318256279752946;-0,0271430242798162;0,0250908678923081;-0,0743795374737583;0,000558183721238103;-0,0748619944487411;0,000781933519518368;87;0,87;0,9;FALSE;NA;0,8;FALSE;FALSE;0,04;0,83;0,13
"hs_hum_wk_hs_h_None";"hs_Gen_Tot";0,23895795329256;1e-12;-0,00143325697066362;0,00376534474200163;0,00380337852727437;0,00392286061737892;0,0296550856698473;-0,0541118775649134;0,0639964188962036;-0,0542078409338573;0,0640855074337897;99;0,99;0,9;TRUE;0,454545454545455;0,8;FALSE;FALSE;0,54;0,45;0,01
"hs_tm_dy_hs_h_None";"hs_Gen_Tot";0,23895795329256;1e-12;0;-0,016882210229376;-0,0231263153827069;-0,0155968486393199;0,0244500496770766;-0,0815842562774966;0,0126280927125197;-0,0862169444823499;0,0147203010230588;73;0,73;0,9;FALSE;NA;0,8;FALSE;FALSE;0,13;0,6;0,27
"hs_tm_wk_hs_h_None";"hs_Gen_Tot";0,23895795329256;1e-12;0;0,0047474687943349;0,00912974768141326;0,00356081369900831;0,0141281568525785;-0,0129700777375713;0,0437303907872077;-0,0207788635631482;0,0503360770119383;52;0,52;0,9;FALSE;NA;0,8;FALSE;FALSE;0,3;0,22;0,48
"hs_uvdvf_dy_hs_h_None";"hs_Gen_Tot";0,23895795329256;1e-12;0;0,0219432315772242;0,0288726731279266;0,0220229328669855;0,0255848171159627;-0,00420393898486609;0,0819553302443195;-0,004313198584963;0,0846609092143571;76;0,76;0,9;FALSE;NA;0,8;FALSE;FALSE;0,7;0,06;0,24
"hs_uvdvf_wk_hs_h_None";"hs_Gen_Tot";0,23895795329256;1e-12;0;0,0108996119883893;0,0149309753265607;0,011055168393459;0,0217116773581508;-0,0215809760001574;0,0609860348931262;-0,0274651816989154;0,0617516871957353;73;0,73;0,9;FALSE;NA;0,8;FALSE;FALSE;0,57;0,16;0,27
"hs_ndvi100_h_None";"hs_Gen_Tot";0,23895795329256;1e-12;-0,0502679097670067;-0,0436600593542975;-0,0445510809737729;-0,0410360209401138;0,0327892465514362;-0,109511443302329;0,00427636468698197;-0,110067774555508;0,00456203116477921;98;0,98;0,9;TRUE;0,948979591836735;0,8;TRUE;TRUE;0,05;0,93;0,02
"hs_ndvi100_s_None";"hs_Gen_Tot";0,23895795329256;1e-12;-0,0187640831284662;-0,0032921033583085;-0,0032921033583085;0,000106808457930314;0,0248772024184821;-0,0548819554044764;0,0485905274036728;-0,0548819554044764;0,0485905274036728;100;1;0,9;TRUE;0,5;0,8;FALSE;FALSE;0,5;0,5;0
"hs_dde_cadj_Log2";"hs_Gen_Tot";0,23895795329256;1e-12;-0,0496764648047231;-0,0325665119308021;-0,0325665119308021;-0,0315955288758414;0,0399237365518903;-0,0996794302993801;0,0429736585499127;-0,0996794302993801;0,0429736585499127;100;1;0,9;TRUE;0,8;0,8;TRUE;TRUE;0,2;0,8;0
"hs_ddt_cadj_Log2";"hs_Gen_Tot";0,23895795329256;1e-12;0;-0,0115352684770734;-0,0149808681520434;-0,0127551400075578;0,0141968153995505;-0,0437665108481497;0,00522754230639943;-0,045986253113257;0,00717916122515349;77;0,77;0,9;FALSE;NA;0,8;FALSE;FALSE;0,09;0,68;0,23
"hs_hcb_cadj_Log2";"hs_Gen_Tot";0,23895795329256;1e-12;0,0483112640113429;0,0401673494039369;0,0401673494039369;0,0364345829757089;0,0321196745959891;-0,0168343347938482;0,11919997105824;-0,0168343347938482;0,11919997105824;100;1;0,9;TRUE;0,92;0,8;TRUE;TRUE;0,92;0,08;0
"hs_pcb118_cadj_Log2";"hs_Gen_Tot";0,23895795329256;1e-12;0,0117338733569773;0,0211107698082314;0,0231986481409136;0,0205471937702796;0,0249866514668151;-0,0143392043355136;0,0776320730086732;-0,0148717908798509;0,0811931800178344;91;0,91;0,9;TRUE;0,846153846153846;0,8;TRUE;TRUE;0,77;0,14;0,09
"hs_pcb138_cadj_Log2";"hs_Gen_Tot";0,23895795329256;1e-12;0;0,00435748867672458;0,00524998635749949;0,00294725899524656;0,0308542632484762;-0,0624397214684409;0,0674451928319185;-0,0685593123641103;0,0676746571910949;83;0,83;0,9;FALSE;NA;0,8;FALSE;FALSE;0,53;0,3;0,17
"hs_pcb153_cadj_Log2";"hs_Gen_Tot";0,23895795329256;1e-12;-0,0176282224430704;-0,0174103057901354;-0,0179487688558097;-0,0127916460078674;0,0241565875647018;-0,0753806925516709;0,0166009183310794;-0,0758634785105512;0,0169798167523658;97;0,97;0,9;TRUE;0,793814432989691;0,8;FALSE;FALSE;0,2;0,77;0,03
"hs_pcb170_cadj_Log2";"hs_Gen_Tot";0,23895795329256;1e-12;-0,0236229636429248;-0,0336215219272194;-0,0336215219272194;-0,0350892590613141;0,0276954811497637;-0,0802406759555598;0,0215940189827621;-0,0802406759555598;0,0215940189827621;100;1;0,9;TRUE;0,9;0,8;TRUE;TRUE;0,1;0,9;0
"hs_pcb180_cadj_Log2";"hs_Gen_Tot";0,23895795329256;1e-12;-0,0864477703825195;-0,0820502457615623;-0,0820502457615623;-0,0800703607550448;0,0341081836967217;-0,155088032380197;-0,0215555412999852;-0,155088032380197;-0,0215555412999852;100;1;0,9;TRUE;1;0,8;TRUE;TRUE;0;1;0
"hs_sumPCBs5_cadj_Log2";"hs_Gen_Tot";0,23895795329256;1e-12;-0,00611303590088208;-0,0021310405414313;-0,00215256620346596;-0,00141881291541032;0,0372340296493639;-0,0670376836249227;0,0649962401666468;-0,0671112122247174;0,0651321639366503;99;0,99;0,9;TRUE;0,525252525252525;0,8;FALSE;FALSE;0,47;0,52;0,01
"hs_pfhxs_c_Log2";"hs_Gen_Tot";0,23895795329256;1e-12;0,0301709581924724;0,0265818693270733;0,0268503730576498;0,0256780870829707;0,0255325550511664;-0,014823286859518;0,0883638709917085;-0,0148904901492975;0,0884092717227784;99;0,99;0,9;TRUE;0,848484848484849;0,8;TRUE;TRUE;0,84;0,15;0,01
"hs_pfna_c_Log2";"hs_Gen_Tot";0,23895795329256;1e-12;0;0,023610257895629;0,0302695614046525;0,025062887993708;0,0251520156819155;-0,00515025814110283;0,0780089002173163;-0,00539768635443317;0,0781552942458024;78;0,78;0,9;FALSE;NA;0,8;FALSE;FALSE;0,7;0,08;0,22
"hs_pfoa_c_Log2";"hs_Gen_Tot";0,23895795329256;1e-12;-0,0118076537008527;-0,0232525537733205;-0,024476372392969;-0,0223182030631603;0,0245871352427023;-0,0708193822802393;0,0187053977557908;-0,0711680056774412;0,0201464350609426;95;0,95;0,9;TRUE;0,905263157894737;0,8;TRUE;TRUE;0,09;0,86;0,05
"hs_pfos_c_Log2";"hs_Gen_Tot";0,23895795329256;1e-12;-0,0296648204860605;-0,0497662242615917;-0,051839816939158;-0,0500417662009083;0,0310427348906976;-0,123692465172418;0;-0,125071491936516;-0,00166521489448975;96;0,96;0,9;TRUE;0,989583333333333;0,8;TRUE;TRUE;0,01;0,95;0,04
"hs_pfunda_c_Log2";"hs_Gen_Tot";0,23895795329256;1e-12;0,000788442678512778;0,000739691839226091;0,000850220504857575;0,00134137533125314;0,0125467063507289;-0,0225423650579127;0,0274760569934006;-0,022785196495771;0,0277034026152953;87;0,87;0,9;FALSE;0,574712643678161;0,8;FALSE;FALSE;0,5;0,37;0,13
"hs_hm_pers_None";"hs_Gen_Tot";0,23895795329256;1e-12;-0,0239114124453856;-0,0209145812225102;-0,0217860221067815;-0,020067164879495;0,0210532279241471;-0,0678479301489481;0,0162089625814361;-0,0678793490781375;0,0170509145621713;96;0,96;0,9;TRUE;0,84375;0,8;TRUE;TRUE;0,15;0,81;0,04
"hs_trafload_h_pow1over3";"hs_Gen_Tot";0,23895795329256;1e-12;0,00859535432518317;0,0134986915431086;0,0151670691495602;0,0122776728148763;0,0185984578728328;-0,0146896828335881;0,0485276299674673;-0,0153548361012687;0,0490804320026615;89;0,89;0,9;FALSE;0,820224719101124;0,8;TRUE;FALSE;0,73;0,16;0,11
"hs_trafnear_h_pow1over3";"hs_Gen_Tot";0,23895795329256;1e-12;0;0,00498999835150353;0,00683561418014182;0,00551048910330748;0,0166240656225645;-0,0367486930469537;0,0404562019272727;-0,0380806271206842;0,0442369123804676;73;0,73;0,9;FALSE;NA;0,8;FALSE;FALSE;0,56;0,17;0,27
"FAS_cat_None_Low";"hs_Gen_Tot";0,23895795329256;1e-12;0,0877557315971437;0,0775463466023648;0,0775463466023648;0,0731673366140576;0,0843150870216706;-0,071206030180532;0,253232334099833;-0,071206030180532;0,253232334099833;100;1;0,9;TRUE;0,85;0,8;TRUE;TRUE;0,85;0,15;0
"FAS_cat_None_Middle";"hs_Gen_Tot";0,23895795329256;1e-12;0,0462477964631777;0,0338806701521668;0,0345721124001702;0,0332310734227404;0,0449378511937758;-0,0435733013927333;0,135616256117259;-0,0438260073386296;0,135677623652279;98;0,98;0,9;TRUE;0,785714285714286;0,8;FALSE;FALSE;0,77;0,21;0,02
"hs_globalexp2_None_no exposure";"hs_Gen_Tot";0,23895795329256;1e-12;-0,00195194729778761;-0,00390834067327041;-0,00439139401491058;-0,00210593912704869;0,0308129568384319;-0,0704231860599605;0,0490716285501439;-0,0713494044870297;0,0499820663284961;89;0,89;0,9;FALSE;0,561797752808989;0,8;FALSE;FALSE;0,39;0,5;0,11
"h_abs_ratio_preg_Log";"hs_bmi_c_cat";0,23895795329256;1e-12;-0,0492983639834581;-0,0538718643065546;-0,0549712901087292;-0,0544675583316121;0,0424629084905188;-0,151144077573512;0,0105384102328224;-0,152126141376406;0,0107218205083445;98;0,98;0,9;TRUE;0,918367346938776;0,8;TRUE;TRUE;0,08;0,9;0,02
"h_no2_ratio_preg_Log";"hs_bmi_c_cat";0,23895795329256;1e-12;-0,0426466516162647;-0,0476741006429453;-0,0481556572150963;-0,0380047331801891;0,0491768847173994;-0,158032435740371;0,0185303622210834;-0,158449112968304;0,0186868141510948;99;0,99;0,9;TRUE;0,909090909090909;0,8;TRUE;TRUE;0,09;0,9;0,01
"h_pm10_ratio_preg_None";"hs_bmi_c_cat";0,23895795329256;1e-12;0;0,012845894833823;0,0225366576031982;0,0157795486417564;0,0262102219047821;-0,0197668500950344;0,0792289889223131;-0,0241963768370443;0,100061104124759;57;0,57;0,9;FALSE;NA;0,8;FALSE;FALSE;0,43;0,14;0,43
"h_pm25_ratio_preg_None";"hs_bmi_c_cat";0,23895795329256;1e-12;-0,00302671807956802;-0,00871012836973672;-0,00946753083667035;-0,00574600170277926;0,0271326424866866;-0,0716891634829127;0,0339895272827956;-0,0723925002164061;0,0358585137436468;92;0,92;0,9;TRUE;0,641304347826087;0,8;FALSE;FALSE;0,33;0,59;0,08
"h_accesslines300_preg_dic0";"hs_bmi_c_cat";0,23895795329256;1e-12;-0,00933621957022774;-0,0170230637700752;-0,0179190144948161;-0,0241197081834134;0,0956119415597622;-0,190198728660419;0,181904012602864;-0,19273480674654;0,185650296658108;95;0,95;0,9;TRUE;0,610526315789474;0,8;FALSE;FALSE;0,37;0,58;0,05
"h_accesspoints300_preg_Log";"hs_bmi_c_cat";0,23895795329256;1e-12;-0,00223402273318537;-0,0267953798695036;-0,0315239763170631;-0,0184961309153663;0,034461611900613;-0,102994160061114;0,00855425974960485;-0,103061864710308;0,00897790739243204;85;0,85;0,9;FALSE;0,823529411764706;0,8;TRUE;FALSE;0,15;0,7;0,15
"h_builtdens300_preg_Sqrt";"hs_bmi_c_cat";0,23895795329256;1e-12;0;0,0020427829460542;0,00287715907894958;-0,000172141605568399;0,0234556660051934;-0,0508560691154907;0,0508674703438432;-0,0569984241098391;0,0545727640924823;71;0,71;0,9;FALSE;NA;0,8;FALSE;FALSE;0,35;0,36;0,29
"h_connind300_preg_Sqrt";"hs_bmi_c_cat";0,23895795329256;1e-12;-0,0120077881607728;-0,032791828377487;-0,0431471426019566;-0,0374040997209308;0,0406515437099165;-0,134195791173338;0,00528675351027721;-0,138218625158612;0,00758603544307255;76;0,76;0,9;FALSE;0,921052631578947;0,8;TRUE;FALSE;0,06;0,7;0,24
"h_fdensity300_preg_Log";"hs_bmi_c_cat";0,23895795329256;1e-12;-0,00159862457943504;-0,0168947091633022;-0,0216598835426952;-0,0144473850327312;0,0291578333475607;-0,0811001510633717;0,0174644207520354;-0,0845858912013401;0,0192165935778098;78;0,78;0,9;FALSE;0,807692307692308;0,8;TRUE;FALSE;0,15;0,63;0,22
"h_frichness300_preg_None";"hs_bmi_c_cat";0,23895795329256;1e-12;0;0,000507864519193033;0,000715302139708497;7,15054858755088e-05;0,0243144523034003;-0,0696956508626113;0,0486179386637212;-0,0855217149912651;0,0501152198430449;71;0,71;0,9;FALSE;NA;0,8;FALSE;FALSE;0,37;0,34;0,29
"h_landuseshan300_preg_None";"hs_bmi_c_cat";0,23895795329256;1e-12;0,0413370334635334;0,0571318201360526;0,0595123126417215;0,0599655051549983;0,0439960011160001;-0,0059566861560076;0,145923043879063;-0,00617324015126675;0,146102367909176;96;0,96;0,9;TRUE;0,9375;0,8;TRUE;TRUE;0,9;0,06;0,04
"h_popdens_preg_Sqrt";"hs_bmi_c_cat";0,23895795329256;1e-12;0,0645506491225166;0,077357204727116;0,079749695594965;0,0739968936723392;0,0488976923497208;0;0,173481628835594;0,00852491921734677;0,174017388277757;97;0,97;0,9;TRUE;0,989690721649485;0,8;TRUE;TRUE;0,96;0,01;0,03
"h_walkability_mean_preg_None";"hs_bmi_c_cat";0,23895795329256;1e-12;-0,059634811007734;-0,0676330607823701;-0,0719500646620959;-0,0651877445207194;0,0503270394916071;-0,181333338299858;0;-0,183352125885857;-0,00711811938335051;94;0,94;0,9;TRUE;0,98936170212766;0,8;TRUE;TRUE;0,01;0,93;0,06
"hs_as_m_Log2";"hs_bmi_c_cat";0,23895795329256;1e-12;0,0522987632088519;0,0692572507793755;0,0736779263610378;0,0763114228944317;0,0458556136781703;0;0,159395329725053;0,00336662583783682;0,160203035840342;94;0,94;0,9;TRUE;0,98936170212766;0,8;TRUE;TRUE;0,93;0,01;0,06
"hs_cd_m_Log2";"hs_bmi_c_cat";0,23895795329256;1e-12;0,0172995910276845;0,0212130870086142;0,0218691618645507;0,0156634697522376;0,0357333568106054;-0,0327892462300662;0,0966908773689404;-0,0333052622756287;0,0978467429617458;97;0,97;0,9;TRUE;0,752577319587629;0,8;FALSE;FALSE;0,73;0,24;0,03
"hs_co_m_Log2";"hs_bmi_c_cat";0,23895795329256;1e-12;0,0723588104900495;0,0814197112698846;0,0830813380304945;0,0755666651043612;0,0491833155327893;0,00461044759146927;0,192125733089549;0,0111745399578523;0,192496303473213;98;0,98;0,9;TRUE;1;0,8;TRUE;TRUE;0,98;0;0,02
"hs_cs_m_Log2";"hs_bmi_c_cat";0,23895795329256;1e-12;0;0,0163308743327521;0,0196757522081351;0,00785809375428958;0,0258840624615237;-0,00784447121164509;0,0781745700367409;-0,00816424911050883;0,0804068795535923;83;0,83;0,9;FALSE;NA;0,8;FALSE;FALSE;0,7;0,13;0,17
"hs_cu_m_Log2";"hs_bmi_c_cat";0,23895795329256;1e-12;-0,015435759821811;-0,0286709252657489;-0,0308289518986548;-0,0238147495577683;0,0290969161050595;-0,10468458625887;0,00119769532922679;-0,107562737221691;0,00159396064708827;93;0,93;0,9;TRUE;0,956989247311828;0,8;TRUE;TRUE;0,04;0,89;0,07
"hs_hg_m_Log2";"hs_bmi_c_cat";0,23895795329256;1e-12;-0,00040388472409009;-0,00360179863037782;-0,0043924373541193;-0,00529550264284398;0,0259712672923917;-0,0492339971859564;0,0710103939749608;-0,0515378987514153;0,0713441605514859;82;0,82;0,9;FALSE;0,658536585365854;0,8;FALSE;FALSE;0,28;0,54;0,18
"hs_mn_m_Log2";"hs_bmi_c_cat";0,23895795329256;1e-12;-0,00100995631965427;-0,00581791813150916;-0,00618927460798847;-0,00494046619612676;0,023006178820869;-0,0486974705266954;0,0404271439243166;-0,0488745149984854;0,041626147321332;94;0,94;0,9;TRUE;0,702127659574468;0,8;FALSE;FALSE;0,28;0,66;0,06
"hs_mo_m_Log2";"hs_bmi_c_cat";0,23895795329256;1e-12;-0,0104330776155694;-0,0192323295269604;-0,0192323295269604;-0,0155653335325088;0,0316397207884367;-0,0896155507905476;0,0467717602054194;-0,0896155507905476;0,0467717602054194;100;1;0,9;TRUE;0,74;0,8;FALSE;FALSE;0,26;0,74;0
"hs_pb_m_Log2";"hs_bmi_c_cat";0,23895795329256;1e-12;0;-0,000709349442167071;-0,000945799256222761;-0,000877179018434789;0,0170521805886556;-0,0429219860457966;0,0357885203146109;-0,0478700798528118;0,0416745187000525;75;0,75;0,9;FALSE;NA;0,8;FALSE;FALSE;0,35;0,4;0,25
"h_humidity_preg_None";"hs_bmi_c_cat";0,23895795329256;1e-12;-0,0505677312904659;-0,0603418592064541;-0,0615733257208715;-0,0545309453883431;0,0490803583834937;-0,170104115662595;0,0102992463664017;-0,170119795160664;0,0108906504257435;98;0,98;0,9;TRUE;0,938775510204082;0,8;TRUE;TRUE;0,06;0,92;0,02
"h_pressure_preg_None";"hs_bmi_c_cat";0,23895795329256;1e-12;0,025792238708369;0,0315798219831805;0,0354829460485174;0,0288835436261936;0,0282089111709197;-0,000420198855693157;0,0994772431759048;-0,000473174409977787;0,100317768744027;89;0,89;0,9;FALSE;0,955056179775281;0,8;TRUE;FALSE;0,85;0,04;0,11
"h_temperature_preg_None";"hs_bmi_c_cat";0,23895795329256;1e-12;0,00335894136390151;0,0258679396838253;0,0293953860043469;0,0182750712192745;0,0392063316678656;-0,0244190002647972;0,129955600007511;-0,0258152294753015;0,130516487431932;88;0,88;0,9;FALSE;0,795454545454545;0,8;FALSE;FALSE;0,7;0,18;0,12
"h_ndvi100_preg_None";"hs_bmi_c_cat";0,23895795329256;1e-12;0;-0,00147493506518872;-0,00199315549349827;-0,00161214840887457;0,0249816978398764;-0,0498676461232625;0,0523073119344499;-0,0574340125909138;0,0547768798972464;74;0,74;0,9;FALSE;NA;0,8;FALSE;FALSE;0,36;0,38;0,26
"hs_dde_madj_Log2";"hs_bmi_c_cat";0,23895795329256;1e-12;0,0396326795993501;0,059989279923646;0,059989279923646;0,0532779797244079;0,0449690598493412;0,0011250861656315;0,156451977430699;0,0011250861656315;0,156451977430699;100;1;0,9;TRUE;0,98;0,8;TRUE;TRUE;0,98;0,02;0
"hs_ddt_madj_Log2";"hs_bmi_c_cat";0,23895795329256;1e-12;-0,00491569396963916;-0,0124316936552234;-0,0139681951182285;-0,00699225029722994;0,0266430243899862;-0,0768274535291463;0,0404893263970915;-0,0782346890794844;0,0447052915254089;89;0,89;0,9;FALSE;0,730337078651685;0,8;FALSE;FALSE;0,24;0,65;0,11
"hs_hcb_madj_Log2";"hs_bmi_c_cat";0,23895795329256;1e-12;-0,0226007265490233;-0,0369549898514731;-0,0415224605072732;-0,0334923114482272;0,0407332420197133;-0,131423732799573;0,0200671763502711;-0,134565696020818;0,0232878927005963;89;0,89;0,9;FALSE;0,865168539325843;0,8;TRUE;FALSE;0,12;0,77;0,11
"hs_pcb118_madj_Log2";"hs_bmi_c_cat";0,23895795329256;1e-12;0,028277162053938;0,0354949216025902;0,0358534561642325;0,0253117920777926;0,0384085026676369;-0,016647899218428;0,119370587734175;-0,0167574850475038;0,119371823282134;99;0,99;0,9;TRUE;0,848484848484849;0,8;TRUE;TRUE;0,84;0,15;0,01
"hs_pcb138_madj_Log2";"hs_bmi_c_cat";0,23895795329256;1e-12;-0,000131379544162408;0,00502644661036272;0,0055849406781808;0,000112083426714987;0,0447448692186981;-0,068640276293143;0,119776364042659;-0,0703893233775054;0,121694963879917;90;0,9;0,9;TRUE;0,477777777777778;0,8;FALSE;FALSE;0,47;0,43;0,1
"hs_pcb153_madj_Log2";"hs_bmi_c_cat";0,23895795329256;1e-12;0,000219589322673498;0,0195018393158299;0,0246858725516834;0,0151254755744302;0,0342311801955626;-0,0184172008651892;0,117872073204265;-0,0232037037855042;0,125531229374923;79;0,79;0,9;FALSE;0,79746835443038;0,8;FALSE;FALSE;0,63;0,16;0,21
"hs_pcb170_madj_Log2";"hs_bmi_c_cat";0,23895795329256;1e-12;-0,0802480739314804;-0,0961571379109369;-0,0981195284805479;-0,0940630550661248;0,0623312704552923;-0,197824565049594;-0,0012603217630251;-0,198012827283171;-0,00380921538486178;98;0,98;0,9;TRUE;1;0,8;TRUE;TRUE;0;0,98;0,02
"hs_pcb180_madj_Log2";"hs_bmi_c_cat";0,23895795329256;1e-12;0,00202037029285657;0,00446689925620287;0,00544743811732058;0,00199225481214019;0,0264844479958215;-0,043799309334407;0,0618227734620532;-0,0469429673644194;0,0636255681575046;82;0,82;0,9;FALSE;0,609756097560976;0,8;FALSE;FALSE;0,5;0,32;0,18
"hs_sumPCBs5_madj_Log2";"hs_bmi_c_cat";0,23895795329256;1e-12;-0,0123970609779977;-0,0428951250694605;-0,04930474145915;-0,0384268320356316;0,0460249024154878;-0,155235221518795;0,00444199739048429;-0,155381814116846;0,00471254702085945;87;0,87;0,9;FALSE;0,919540229885057;0,8;TRUE;FALSE;0,07;0,8;0,13
"hs_pfhxs_m_Log2";"hs_bmi_c_cat";0,23895795329256;1e-12;-0,0260066892854014;-0,0270943341824802;-0,027647279778041;-0,0208929858470318;0,0233223930597382;-0,0813330524002397;0,0023047012456611;-0,0815332108353394;0,00231373041193232;98;0,98;0,9;TRUE;0,948979591836735;0,8;TRUE;TRUE;0,05;0,93;0,02
"hs_pfna_m_Log2";"hs_bmi_c_cat";0,23895795329256;1e-12;0,0177846882395829;0,0409832796572638;0,0426909163096498;0,0355083029369889;0,0370343587706468;-0,00340229500840483;0,12982654164294;-0,00358239217007373;0,130548590566859;96;0,96;0,9;TRUE;0,947916666666667;0,8;TRUE;TRUE;0,91;0,05;0,04
"hs_pfoa_m_Log2";"hs_bmi_c_cat";0,23895795329256;1e-12;0;-0,0052384072889977;-0,0081850113890589;-0,00337285615414724;0,0160237504959732;-0,0437271907755099;0,0210015428729851;-0,0477637790561118;0,0289066157224132;64;0,64;0,9;FALSE;NA;0,8;FALSE;FALSE;0,21;0,43;0,36
"hs_pfos_m_Log2";"hs_bmi_c_cat";0,23895795329256;1e-12;0;-0,00825773671587759;-0,010322170894847;-0,00530613343553737;0,0234363242074151;-0,0720318754266823;0,0381251688323912;-0,0743507757472715;0,0438687955888571;80;0,8;0,9;FALSE;NA;0,8;FALSE;FALSE;0,25;0,55;0,2
"hs_pfunda_m_Log2";"hs_bmi_c_cat";0,23895795329256;1e-12;-0,0011488646594524;-0,0157968808449375;-0,0205154296687499;-0,011542103481918;0,0347542432829971;-0,10554329793787;0,0253430052313119;-0,121899146664406;0,0312974544243243;77;0,77;0,9;FALSE;0,779220779220779;0,8;FALSE;FALSE;0,17;0,6;0,23
"e3_asmokcigd_p_None";"hs_bmi_c_cat";0,23895795329256;1e-12;-0,00384976689567478;-0,0267470648023285;-0,0293923789036577;-0,020094454123109;0,0302359877729432;-0,0940385149854422;0,0119451386988628;-0,095433177283798;0,01271512802487;91;0,91;0,9;TRUE;0,868131868131868;0,8;TRUE;TRUE;0,12;0,79;0,09
"h_distinvnear1_preg_Log";"hs_bmi_c_cat";0,23895795329256;1e-12;0;0,0028898059216448;0,0037048793867241;0,00266352624548733;0,0241377372458405;-0,0387085600134645;0,0518732677820921;-0,0411413587412249;0,0606946195432714;78;0,78;0,9;FALSE;NA;0,8;FALSE;FALSE;0,45;0,33;0,22
"h_trafload_preg_pow1over3";"hs_bmi_c_cat";0,23895795329256;1e-12;0,0348217931105629;0,0541177029914086;0,0588235902080528;0,0593220048208111;0,0442445494429956;0;0,141470300635728;0,000454860591619594;0,143122366970425;92;0,92;0,9;TRUE;0,978260869565217;0,8;TRUE;TRUE;0,9;0,02;0,08
"h_trafnear_preg_pow1over3";"hs_bmi_c_cat";0,23895795329256;1e-12;0;-0,0105078561151343;-0,0145942446043532;-0,00627740490072851;0,0297741019613349;-0,0757067558797306;0,0273701681437915;-0,0794996680343613;0,0289592538261136;72;0,72;0,9;FALSE;NA;0,8;FALSE;FALSE;0,23;0,49;0,28
"h_bro_preg_Log";"hs_bmi_c_cat";0,23895795329256;1e-12;0;-0,00363773299526694;-0,0054294522317417;-0,00153348998521896;0,0196077133751917;-0,0524936261935956;0,030608112030994;-0,0635277439632853;0,0321319446617154;67;0,67;0,9;FALSE;NA;0,8;FALSE;FALSE;0,28;0,39;0,33
"h_clf_preg_Log";"hs_bmi_c_cat";0,23895795329256;1e-12;-0,0365174948343346;-0,056726368358387;-0,0616590960417251;-0,0408002469833877;0,0617893856815677;-0,201551906312327;0,0137044271949063;-0,204176423370737;0,0152394622077063;92;0,92;0,9;TRUE;0,923913043478261;0,8;TRUE;TRUE;0,07;0,85;0,08
"h_thm_preg_Log";"hs_bmi_c_cat";0,23895795329256;1e-12;-0,00479460669772186;-0,0315124360908623;-0,0393905451135779;-0,0260177813039927;0,0419765709381347;-0,136422353673185;0,0113006516990575;-0,143419099539403;0,013730289020871;80;0,8;0,9;FALSE;0,875;0,8;TRUE;FALSE;0,1;0,7;0,2
"e3_alcpreg_yn_None_1";"hs_bmi_c_cat";0,23895795329256;1e-12;-0,0931297161907007;-0,121080669772624;-0,122303706841035;-0,0912776990734008;0,100742934367373;-0,38138810196198;0,00650574438347916;-0,381637416260536;0,00663245653200572;99;0,99;0,9;TRUE;0,95959595959596;0,8;TRUE;TRUE;0,04;0,95;0,01
"h_pamod_t3_None_Often";"hs_bmi_c_cat";0,23895795329256;1e-12;-0,0794809936944671;-0,115182834307325;-0,116346297280127;-0,109320320471219;0,0739012973007221;-0,273825669520277;0,0105099567112085;-0,273896743091011;0,0107249290579732;99;0,99;0,9;TRUE;0,94949494949495;0,8;TRUE;TRUE;0,05;0,94;0,01
"h_pamod_t3_None_Sometimes";"hs_bmi_c_cat";0,23895795329256;1e-12;-0,038517285893943;-0,0701334165737585;-0,0723024913131531;-0,0599417844633;0,107371220868011;-0,27918560614867;0,102850781932076;-0,2801705963097;0,10329954617614;97;0,97;0,9;TRUE;0,793814432989691;0,8;FALSE;FALSE;0,2;0,77;0,03
"h_pamod_t3_None_Very Often";"hs_bmi_c_cat";0,23895795329256;1e-12;-0,0301452519214622;-0,0509491904909664;-0,05307207342809;-0,0424149994791814;0,0658772352332663;-0,195646163197312;0,0552170707454797;-0,196542615271715;0,0559432843318083;96;0,96;0,9;TRUE;0,791666666666667;0,8;FALSE;FALSE;0,2;0,76;0,04
"h_pavig_t3_None_Low";"hs_bmi_c_cat";0,23895795329256;1e-12;-0,284139117493746;-0,283332990610293;-0,283332990610293;-0,29102463553461;0,122863322102484;-0,554162868526307;-0,0685170401111601;-0,554162868526307;-0,0685170401111601;100;1;0,9;TRUE;1;0,8;TRUE;TRUE;0;1;0
"h_pavig_t3_None_Medium";"hs_bmi_c_cat";0,23895795329256;1e-12;-0,214275505459343;-0,223560540882561;-0,223560540882561;-0,214484547713184;0,118445347700512;-0,455561422151105;-0,0296161714198043;-0,455561422151105;-0,0296161714198043;100;1;0,9;TRUE;0,98;0,8;TRUE;TRUE;0,02;0,98;0
"hs_no2_dy_hs_h_Log";"hs_bmi_c_cat";0,23895795329256;1e-12;-0,00975173337668051;-0,0423312318817998;-0,0460122085671737;-0,0367261795577825;0,0436434096850786;-0,128506801943991;0,00383561728150913;-0,132563347743237;0,00442876290727221;92;0,92;0,9;TRUE;0,902173913043478;0,8;TRUE;TRUE;0,09;0,83;0,08
"hs_no2_wk_hs_h_Log";"hs_bmi_c_cat";0,23895795329256;1e-12;0;0,0268300715231071;0,0348442487313079;0,0286884121636878;0,0328746669760004;-0,00386845600438494;0,10115975459532;-0,00586083282350396;0,109833771317046;77;0,77;0,9;FALSE;NA;0,8;FALSE;FALSE;0,73;0,04;0,23
"hs_no2_yr_hs_h_Log";"hs_bmi_c_cat";0,23895795329256;1e-12;0;-0,000329808103073215;-0,000499709247080629;0,00172003771578952;0,018428275791766;-0,0489014436295726;0,0312953805907449;-0,0551106572074977;0,0325440759511468;66;0,66;0,9;FALSE;NA;0,8;FALSE;FALSE;0,4;0,26;0,34
"hs_pm10_dy_hs_h_None";"hs_bmi_c_cat";0,23895795329256;1e-12;0,0266782311225055;0,0381110225719563;0,0418802445845674;0,0306846869148396;0,0408480212655712;-0,005491891577896;0,139277403363552;-0,00576646003500261;0,14201741834191;91;0,91;0,9;TRUE;0,934065934065934;0,8;TRUE;TRUE;0,85;0,06;0,09
"hs_pm10_wk_hs_h_None";"hs_bmi_c_cat";0,23895795329256;1e-12;-0,012350303698266;-0,0214659031185523;-0,0228360671473961;-0,0147568970070866;0,0338962385898107;-0,0900224514530617;0,0486868878706046;-0,0902061700957291;0,0495284786325054;94;0,94;0,9;TRUE;0,829787234042553;0,8;TRUE;TRUE;0,16;0,78;0,06
"hs_pm10_yr_hs_h_None";"hs_bmi_c_cat";0,23895795329256;1e-12;0;0,00050434160302238;0,000700474448642194;-1,33922666002224e-05;0,0252632072767788;-0,0490026268449823;0,0534816361436599;-0,051294370981119;0,0582971359192582;72;0,72;0,9;FALSE;NA;0,8;FALSE;FALSE;0,36;0,36;0,28
"hs_pm25_dy_hs_h_None";"hs_bmi_c_cat";0,23895795329256;1e-12;0,048651442007652;0,0689094399920406;0,0696054949414551;0,0641274074275395;0,0416504363265859;0,00115579780073143;0,145553992999092;0,00278714172646246;0,145580610595068;99;0,99;0,9;TRUE;0,97979797979798;0,8;TRUE;TRUE;0,97;0,02;0,01
"hs_pm25_wk_hs_h_None";"hs_bmi_c_cat";0,23895795329256;1e-12;0;-0,0196334958382683;-0,0288727879974535;-0,0267646363969749;0,0265879854315379;-0,0859440294456064;0,00456907685696674;-0,0919793151657192;0,00522422148858499;68;0,68;0,9;FALSE;NA;0,8;FALSE;FALSE;0,08;0,6;0,32
"hs_pm25_yr_hs_h_None";"hs_bmi_c_cat";0,23895795329256;1e-12;0,0338821785197773;0,0331202260783263;0,0334547738164912;0,0275071605974483;0,0384815474064027;-0,0265335755241859;0,120646887317063;-0,0271088860511146;0,120752523092671;99;0,99;0,9;TRUE;0,858585858585859;0,8;TRUE;TRUE;0,85;0,14;0,01
"hs_pm25abs_dy_hs_h_Log";"hs_bmi_c_cat";0,23895795329256;1e-12;-0,01871331158351;-0,0317357561320267;-0,0327172743629141;-0,0299211091578222;0,0351623621758121;-0,10990816036707;0,0233309561978862;-0,110353754612785;0,0233476665639844;97;0,97;0,9;TRUE;0,835051546391753;0,8;TRUE;TRUE;0,16;0,81;0,03
"hs_pm25abs_wk_hs_h_Log";"hs_bmi_c_cat";0,23895795329256;1e-12;-0,000803430770308027;-0,00386512034667072;-0,00449432598450084;-0,0032244156429877;0,0250268995622301;-0,0575306516502776;0,0490787330322536;-0,0621197346999972;0,0578399955023132;86;0,86;0,9;FALSE;0,651162790697674;0,8;FALSE;FALSE;0,3;0,56;0,14
"hs_pm25abs_yr_hs_h_Log";"hs_bmi_c_cat";0,23895795329256;1e-12;0,0173994178525936;0,0346964362422531;0,0403446933049454;0,0337522250069471;0,039869369894357;-0,0228405707542216;0,121316968403636;-0,0263082709273178;0,124059770785124;86;0,86;0,9;FALSE;0,872093023255814;0,8;TRUE;FALSE;0,75;0,11;0,14
"hs_accesslines300_h_dic0";"hs_bmi_c_cat";0,23895795329256;1e-12;0,185527388527657;0,213304617188939;0,219901667205091;0,20539189644659;0,143073868720352;-0,000115731388122531;0,497731444781045;0,00115050715316489;0,498508012077966;97;0,97;0,9;TRUE;0,969072164948454;0,8;TRUE;TRUE;0,94;0,03;0,03
"hs_accesspoints300_h_Log";"hs_bmi_c_cat";0,23895795329256;1e-12;-0,020044661390298;-0,0170872959210545;-0,017259894869752;-0,0162330515345223;0,0416604248953222;-0,105513363568115;0,0576703173874454;-0,105982517117171;0,0577719436738943;99;0,99;0,9;TRUE;0,656565656565657;0,8;FALSE;FALSE;0,34;0,65;0,01
"hs_builtdens300_h_Sqrt";"hs_bmi_c_cat";0,23895795329256;1e-12;0;-0,0228173392972799;-0,0285216741215999;-0,0175425967881811;0,0322615100396895;-0,0971869780017701;0,00879311479991278;-0,106235106954339;0,0127372727631216;80;0,8;0,9;FALSE;NA;0,8;FALSE;FALSE;0,08;0,72;0,2
"hs_connind300_h_Log";"hs_bmi_c_cat";0,23895795329256;1e-12;0,000437529567434121;0,0120738559416428;0,0149059949896824;0,00663179430287053;0,0243683754807017;-0,0234842862921669;0,0803064159586391;-0,0277312322469505;0,0905657590405538;81;0,81;0,9;FALSE;0,777777777777778;0,8;FALSE;FALSE;0,63;0,18;0,19
"hs_fdensity300_h_Log";"hs_bmi_c_cat";0,23895795329256;1e-12;-0,00209912127625476;-0,0194032776296646;-0,0228273854466642;-0,015808150199112;0,0343751992516434;-0,0935362475243815;0,0324822209034711;-0,0946135903910758;0,0334857948837505;85;0,85;0,9;FALSE;0,8;0,8;TRUE;FALSE;0,17;0,68;0,15
"hs_landuseshan300_h_None";"hs_bmi_c_cat";0,23895795329256;1e-12;0;-0,0041367262739944;-0,005170907842493;-0,00293372133726676;0,023307617465551;-0,063770224867221;0,0392446241158108;-0,0653034130234905;0,0404252280659849;80;0,8;0,9;FALSE;NA;0,8;FALSE;FALSE;0,29;0,51;0,2
"hs_popdens_h_Sqrt";"hs_bmi_c_cat";0,23895795329256;1e-12;0,00110311969495176;0,0339788424927034;0,0390561407962108;0,0356109706249445;0,0349379835306335;-0,00128853391712816;0,111067350287437;-0,00205837356025753;0,113194167417211;87;0,87;0,9;FALSE;0,954022988505747;0,8;TRUE;FALSE;0,83;0,04;0,13
"hs_walkability_mean_h_None";"hs_bmi_c_cat";0,23895795329256;1e-12;-0,0126634161509218;-0,02128633398835;-0,0221732645711979;-0,0140144639809499;0,0330248331162864;-0,0910676286812951;0,034310108923051;-0,0912595804843541;0,035602776371837;96;0,96;0,9;TRUE;0,770833333333333;0,8;FALSE;FALSE;0,22;0,74;0,04
"hs_accesslines300_s_dic0";"hs_bmi_c_cat";0,23895795329256;1e-12;0,22287395182181;0,246834074590274;0,249327348070984;0,241208025723273;0,142179151615595;-0,00165172238374706;0,545179519962276;0,0154877846746356;0,545200794675815;99;0,99;0,9;TRUE;0,96969696969697;0,8;TRUE;TRUE;0,96;0,03;0,01
"hs_accesspoints300_s_Log";"hs_bmi_c_cat";0,23895795329256;1e-12;-0,100687384509507;-0,110591970051803;-0,111709060658387;-0,114344230263599;0,0604937140920975;-0,230147502044714;-0,00282356032678289;-0,23020731770833;-0,0050337770500208;99;0,99;0,9;TRUE;0,98989898989899;0,8;TRUE;TRUE;0,01;0,98;0,01
"hs_builtdens300_s_Sqrt";"hs_bmi_c_cat";0,23895795329256;1e-12;-0,00451802085137923;-0,0097794671644969;-0,0120734162524653;-0,0103839304940958;0,0196683189232233;-0,0510791971205102;0,0294755709968996;-0,0566871017197309;0,0363009916385591;81;0,81;0,9;FALSE;0,814814814814815;0,8;TRUE;FALSE;0,15;0,66;0,19
"hs_connind300_s_Log";"hs_bmi_c_cat";0,23895795329256;1e-12;-0,00046389996411087;-0,0160283009883573;-0,019311206010069;-0,0100481032261474;0,0296722389584077;-0,103056335712211;0,0217361767167235;-0,103719396165077;0,0223581734445287;83;0,83;0,9;FALSE;0,783132530120482;0,8;FALSE;FALSE;0,18;0,65;0,17
"hs_fdensity300_s_Log";"hs_bmi_c_cat";0,23895795329256;1e-12;-0,0140140975233668;-0,0291969844613141;-0,0317358526753414;-0,0295583519169979;0,0317757167303622;-0,105605944092643;0,0109179298036933;-0,106691591519299;0,0117672455387873;92;0,92;0,9;TRUE;0,902173913043478;0,8;TRUE;TRUE;0,09;0,83;0,08
"hs_landuseshan300_s_None";"hs_bmi_c_cat";0,23895795329256;1e-12;0;-0,0212014562440418;-0,0255439231855925;-0,016091125362649;0,0349786718564732;-0,109765915534494;0,0204657450703872;-0,111517440964071;0,0231349464413575;83;0,83;0,9;FALSE;NA;0,8;FALSE;FALSE;0,17;0,66;0,17
"hs_popdens_s_Sqrt";"hs_bmi_c_cat";0,23895795329256;1e-12;-0,00346013994866055;-0,0187825544839932;-0,0208695049822147;-0,0132384935281248;0,0237685414212118;-0,0713537076434011;0,00827100047016871;-0,0717577984282324;0,00929767703689827;90;0,9;0,9;TRUE;0,866666666666667;0,8;TRUE;TRUE;0,12;0,78;0,1
"h_Absorbance_Log";"hs_bmi_c_cat";0,23895795329256;1e-12;0,00608030458487683;0,0197231386872744;0,021914598541416;0,0171744703876454;0,0340136097750575;-0,0288192252576268;0,0965018628218208;-0,0296517626947493;0,0970127703602436;90;0,9;0,9;TRUE;0,788888888888889;0,8;FALSE;FALSE;0,71;0,19;0,1
"h_Benzene_Log";"hs_bmi_c_cat";0,23895795329256;1e-12;0,0115200500876862;0,0182703409602235;0,0182703409602235;0,0163478197508035;0,0361222413930677;-0,0459664016043482;0,0943825940477112;-0,0459664016043482;0,0943825940477112;100;1;0,9;TRUE;0,71;0,8;FALSE;FALSE;0,71;0,29;0
"h_NO2_Log";"hs_bmi_c_cat";0,23895795329256;1e-12;0,0115280147824014;0,0293464051126244;0,0322487968270598;0,0280232149134927;0,0331858378697968;-0,00505292382539695;0,0886496134346862;-0,00565026738642393;0,0914352650521951;91;0,91;0,9;TRUE;0,912087912087912;0,8;TRUE;TRUE;0,83;0,08;0,09
"h_PM_Log";"hs_bmi_c_cat";0,23895795329256;1e-12;0,0640029832708188;0,0796567245589809;0,0796567245589809;0,0740800585351554;0,0468071827559046;0,00449750250295142;0,195616553138669;0,00449750250295142;0,195616553138669;100;1;0,9;TRUE;1;0,8;TRUE;TRUE;1;0;0
"h_TEX_Log";"hs_bmi_c_cat";0,23895795329256;1e-12;0,000524666614969005;0,0172139189232792;0,0212517517571348;0,00710373788286819;0,0372953386528685;-0,0223483144415097;0,116256103835235;-0,0293393787985851;0,125349264850611;81;0,81;0,9;FALSE;0,814814814814815;0,8;TRUE;FALSE;0,66;0,15;0,19
"hs_KIDMED_None";"hs_bmi_c_cat";0,23895795329256;1e-12;0,0694935132401303;0,0762937065575323;0,0762937065575323;0,0784163531779217;0,0356282246044637;0,00369977446668854;0,155411283623003;0,00369977446668854;0,155411283623003;100;1;0,9;TRUE;0,99;0,8;TRUE;TRUE;0,99;0,01;0
"hs_mvpa_prd_alt_None";"hs_bmi_c_cat";0,23895795329256;1e-12;-0,0235783902738135;-0,0378768255748369;-0,0386498220151397;-0,0332104089205186;0,037115385742135;-0,123753585453101;0,0044384008067951;-0,124375197321089;0,00450555028713274;98;0,98;0,9;TRUE;0,908163265306122;0,8;TRUE;TRUE;0,09;0,89;0,02
"hs_sd_wk_None";"hs_bmi_c_cat";0,23895795329256;1e-12;0,000595556096635092;0,00223877056263276;0,00235660059224501;0,00295836967032508;0,0234209762929053;-0,0440264390224246;0,0458616050043475;-0,0444073358034133;0,0467668444842436;95;0,95;0,9;TRUE;0,568421052631579;0,8;FALSE;FALSE;0,54;0,41;0,05
"hs_dif_hours_total_None";"hs_bmi_c_cat";0,23895795329256;1e-12;-0,0888900871164327;-0,0920328941404158;-0,0920328941404158;-0,0954802428696009;0,0473667622743086;-0,177186740288239;-0,00638205412165994;-0,177186740288239;-0,00638205412165994;100;1;0,9;TRUE;0,98;0,8;TRUE;TRUE;0,02;0,98;0
"hs_as_c_Log2";"hs_bmi_c_cat";0,23895795329256;1e-12;-0,0165639506044994;-0,0104513537524627;-0,0106646466861864;-0,0104814696915046;0,0276163389320472;-0,0628561864055709;0,052693097156509;-0,0630335671283536;0,0535467988810475;98;0,98;0,9;TRUE;0,693877551020408;0,8;FALSE;FALSE;0,3;0,68;0,02
"hs_cd_c_Log2";"hs_bmi_c_cat";0,23895795329256;1e-12;0;-0,00304487900217719;-0,00475762344090185;-0,00428710370111497;0,0216888330700566;-0,055454447128483;0,0553379985859467;-0,0596407663056528;0,0617377969210588;64;0,64;0,9;FALSE;NA;0,8;FALSE;FALSE;0,2;0,44;0,36
"hs_co_c_Log2";"hs_bmi_c_cat";0,23895795329256;1e-12;-0,0305402392351804;-0,0416849778824237;-0,0438789240867618;-0,0351445544312498;0,0354832738178166;-0,117723804755724;0,000306881784590196;-0,118545968668343;0,00029807231380458;95;0,95;0,9;TRUE;0,968421052631579;0,8;TRUE;TRUE;0,03;0,92;0,05
"hs_cs_c_Log2";"hs_bmi_c_cat";0,23895795329256;1e-12;0,0911328639637978;0,106912057383977;0,107991977155533;0,0992648755946118;0,05395258732758;0,0219872353969962;0,21653692014965;0,0225063416769783;0,216632416658156;99;0,99;0,9;TRUE;1;0,8;TRUE;TRUE;0,99;0;0,01
"hs_cu_c_Log2";"hs_bmi_c_cat";0,23895795329256;1e-12;0,153182551969396;0,173636681507962;0,173636681507962;0,169830990781687;0,0573561116090654;0,0874206029275856;0,300223592387103;0,0874206029275856;0,300223592387103;100;1;0,9;TRUE;1;0,8;TRUE;TRUE;1;0;0
"hs_hg_c_Log2";"hs_bmi_c_cat";0,23895795329256;1e-12;-0,0165394549601743;-0,0206213382490613;-0,0210421818867972;-0,0139476596968271;0,0335561834358714;-0,0948065674938006;0,0348918301879238;-0,0948448556208998;0,0365371792329857;98;0,98;0,9;TRUE;0,785714285714286;0,8;FALSE;FALSE;0,21;0,77;0,02
"hs_mn_c_Log2";"hs_bmi_c_cat";0,23895795329256;1e-12;0,00818952573620004;0,0117273557555764;0,0117273557555764;0,0114823534959281;0,0306078703264751;-0,0577309424277165;0,0759026324685913;-0,0577309424277165;0,0759026324685913;100;1;0,9;TRUE;0,68;0,8;FALSE;FALSE;0,68;0,32;0
"hs_mo_c_Log2";"hs_bmi_c_cat";0,23895795329256;1e-12;-0,0762470253222807;-0,0870699778616648;-0,0870699778616648;-0,0818733649228779;0,0488140453310016;-0,18199144158373;-0,0103736028339824;-0,18199144158373;-0,0103736028339824;100;1;0,9;TRUE;1;0,8;TRUE;TRUE;0;1;0
"hs_pb_c_Log2";"hs_bmi_c_cat";0,23895795329256;1e-12;-0,00903909595458083;-0,0180569138391828;-0,0192094828076413;-0,0143580388149225;0,0263929870890153;-0,0813933496794261;0,0171920920437154;-0,0818790776791099;0,0175081547030874;94;0,94;0,9;TRUE;0,851063829787234;0,8;TRUE;TRUE;0,14;0,8;0,06
"hs_hum_mt_hs_h_None";"hs_bmi_c_cat";0,23895795329256;1e-12;0,116798665169214;0,124680180811435;0,127224674297383;0,129203782991029;0,063059766853851;0,0109456020953506;0,228337672415444;0,0177894047505527;0,228585469764963;98;0,98;0,9;TRUE;1;0,8;TRUE;TRUE;0,98;0;0,02
"hs_tm_mt_hs_h_None";"hs_bmi_c_cat";0,23895795329256;1e-12;0;-0,000176260958169729;-0,000309229751174963;0,000100084193522264;0,0221564236299926;-0,0490600130020463;0,0424453242974439;-0,0543087690163786;0,050006982450555;57;0,57;0,9;FALSE;NA;0,8;FALSE;FALSE;0,3;0,27;0,43
"hs_uvdvf_mt_hs_h_None";"hs_bmi_c_cat";0,23895795329256;1e-12;0;0,0291911966706116;0,0351701164706164;0,0282693153790043;0,0347054221347634;-0,0050571248797683;0,109133348476522;-0,00578045700896077;0,110324048218866;83;0,83;0,9;FALSE;NA;0,8;FALSE;FALSE;0,7;0,13;0,17
"hs_hum_dy_hs_h_None";"hs_bmi_c_cat";0,23895795329256;1e-12;0;0,0114361446633309;0,0131449938658976;0,00621364441518879;0,0290589887135736;-0,0374771924477462;0,0776429017473443;-0,042658576285632;0,0817043263025266;87;0,87;0,9;FALSE;NA;0,8;FALSE;FALSE;0,62;0,25;0,13
"hs_hum_wk_hs_h_None";"hs_bmi_c_cat";0,23895795329256;1e-12;0,00954122566011637;0,00781660173572277;0,00789555730881088;-0,000210549510911462;0,0426323060145312;-0,0679031534125526;0,0835964824308605;-0,068221699994269;0,0839312318709596;99;0,99;0,9;TRUE;0,494949494949495;0,8;FALSE;FALSE;0,49;0,5;0,01
"hs_tm_dy_hs_h_None";"hs_bmi_c_cat";0,23895795329256;1e-12;0;0,000888978496826592;0,00121777876277615;-0,000393786637632235;0,02547725538363;-0,0511840259467146;0,0589210097420244;-0,058882886336581;0,061593397762401;73;0,73;0,9;FALSE;NA;0,8;FALSE;FALSE;0,34;0,39;0,27
"hs_tm_wk_hs_h_None";"hs_bmi_c_cat";0,23895795329256;1e-12;0;0,00109323327729599;0,00210237168710767;-0,000469188524073887;0,0146824929785883;-0,0230308224626748;0,0439648520441658;-0,0324316020012391;0,0498234814360827;52;0,52;0,9;FALSE;NA;0,8;FALSE;FALSE;0,24;0,28;0,48
"hs_uvdvf_dy_hs_h_None";"hs_bmi_c_cat";0,23895795329256;1e-12;0;-0,00820698707844124;-0,0107986672084753;-0,00572667487907139;0,0233364407949956;-0,0668387639899368;0,0369958098724702;-0,0723512615360512;0,0424907551561339;76;0,76;0,9;FALSE;NA;0,8;FALSE;FALSE;0,17;0,59;0,24
"hs_uvdvf_wk_hs_h_None";"hs_bmi_c_cat";0,23895795329256;1e-12;0;-0,0246216552745313;-0,0337282948966182;-0,0304756165711127;0,0269139906498665;-0,0861966103273968;0,00147842055573289;-0,0880239640323822;0,00276616205360763;73;0,73;0,9;FALSE;NA;0,8;FALSE;FALSE;0,04;0,69;0,27
"hs_ndvi100_h_None";"hs_bmi_c_cat";0,23895795329256;1e-12;-0,00218615496001869;-0,0117586848588924;-0,011998658019278;-0,00534900029256009;0,0390338052530276;-0,110952556308613;0,0587852256021269;-0,110986978745024;0,0593003692213707;98;0,98;0,9;TRUE;0,602040816326531;0,8;FALSE;FALSE;0,39;0,59;0,02
"hs_ndvi100_s_None";"hs_bmi_c_cat";0,23895795329256;1e-12;-0,0395550600191886;-0,0508568219675468;-0,0508568219675468;-0,0435138211848772;0,0447182226872963;-0,144255941818565;0,0136547425927264;-0,144255941818565;0,0136547425927264;100;1;0,9;TRUE;0,9;0,8;TRUE;TRUE;0,1;0,9;0
"hs_dde_cadj_Log2";"hs_bmi_c_cat";0,23895795329256;1e-12;-0,209485361862164;-0,221844221929158;-0,221844221929158;-0,219427710051919;0,0604309002900012;-0,34740811578097;-0,114948502941335;-0,34740811578097;-0,114948502941335;100;1;0,9;TRUE;1;0,8;TRUE;TRUE;0;1;0
"hs_ddt_cadj_Log2";"hs_bmi_c_cat";0,23895795329256;1e-12;0;0,000189100808738671;0,000245585465894378;-0,000700875332390144;0,0262032772911813;-0,0510993861436328;0,0458240558508549;-0,0572824945353778;0,0495149304386058;77;0,77;0,9;FALSE;NA;0,8;FALSE;FALSE;0,37;0,4;0,23
"hs_hcb_cadj_Log2";"hs_bmi_c_cat";0,23895795329256;1e-12;-0,151454326013653;-0,222258809571271;-0,222258809571271;-0,151901412688603;0,165044880015619;-0,542278140736603;-0,0373975990461265;-0,542278140736603;-0,0373975990461265;100;1;0,9;TRUE;1;0,8;TRUE;TRUE;0;1;0
"hs_pcb118_cadj_Log2";"hs_bmi_c_cat";0,23895795329256;1e-12;0,0274561240429721;0,0466123744184216;0,0512223894707929;0,0420010614969571;0,0443719753815894;-0,00533475051404693;0,151481003950344;-0,00635681968009985;0,151987358488672;91;0,91;0,9;TRUE;0,956043956043956;0,8;TRUE;TRUE;0,87;0,04;0,09
"hs_pcb138_cadj_Log2";"hs_bmi_c_cat";0,23895795329256;1e-12;0;-0,00743575705467213;-0,00895874343936402;-0,00469789916726768;0,0393139119191444;-0,102726007797131;0,0768270043074393;-0,119823643311681;0,0783900426554659;83;0,83;0,9;FALSE;NA;0,8;FALSE;FALSE;0,31;0,52;0,17
"hs_pcb153_cadj_Log2";"hs_bmi_c_cat";0,23895795329256;1e-12;-0,0651922858951245;-0,0737459299933474;-0,0760267319519046;-0,0688845436656307;0,0554119540107073;-0,222933274442861;0;-0,222939221231545;-0,00665212220672273;97;0,97;0,9;TRUE;0,989690721649485;0,8;TRUE;TRUE;0,01;0,96;0,03
"hs_pcb170_cadj_Log2";"hs_bmi_c_cat";0,23895795329256;1e-12;-0,183182285553138;-0,192987231270966;-0,192987231270966;-0,194828212675469;0,0717050314447891;-0,322387061619332;-0,0542462806159738;-0,322387061619332;-0,0542462806159738;100;1;0,9;TRUE;1;0,8;TRUE;TRUE;0;1;0
"hs_pcb180_cadj_Log2";"hs_bmi_c_cat";0,23895795329256;1e-12;-0,0860436629294224;-0,10610557258806;-0,10610557258806;-0,099618288337485;0,0706153596684312;-0,268282132345407;-0,00687836194574914;-0,268282132345407;-0,00687836194574914;100;1;0,9;TRUE;0,99;0,8;TRUE;TRUE;0,01;0,99;0
"hs_sumPCBs5_cadj_Log2";"hs_bmi_c_cat";0,23895795329256;1e-12;-0,140483319871201;-0,131272586300165;-0,132598572020368;-0,131828380950968;0,0627156813655096;-0,246149444095695;-0,0223077473491659;-0,246217935511471;-0,025667555164914;99;0,99;0,9;TRUE;1;0,8;TRUE;TRUE;0;0,99;0,01
"hs_pfhxs_c_Log2";"hs_bmi_c_cat";0,23895795329256;1e-12;0,01274186421668;0,0272033454804792;0,0274781267479588;0,0191648999144046;0,0321515354579073;-0,0130326637780127;0,103569284745269;-0,0130542656896814;0,103975665612607;99;0,99;0,9;TRUE;0,818181818181818;0,8;TRUE;TRUE;0,81;0,18;0,01
"hs_pfna_c_Log2";"hs_bmi_c_cat";0,23895795329256;1e-12;0;-0,00597085252547919;-0,00765493913522973;-0,00374468029028287;0,0277086791180448;-0,0916753951409644;0,0443302992410772;-0,100093012832307;0,0521762553949491;78;0,78;0,9;FALSE;NA;0,8;FALSE;FALSE;0,31;0,47;0,22
"hs_pfoa_c_Log2";"hs_bmi_c_cat";0,23895795329256;1e-12;-0,0143404670563233;-0,0260634935625187;-0,0274352563815986;-0,0194332992711397;0,0312424700432614;-0,109775703180833;0,0138679434786962;-0,112191146134812;0,0151222785465857;95;0,95;0,9;TRUE;0,884210526315789;0,8;TRUE;TRUE;0,11;0,84;0,05
"hs_pfos_c_Log2";"hs_bmi_c_cat";0,23895795329256;1e-12;-0,0299931808827611;-0,043579426702414;-0,045395236148348;-0,0409226229537846;0,0359844376282934;-0,112396008702388;0,00216958350235004;-0,11242235210022;0,00255747937990258;96;0,96;0,9;TRUE;0,96875;0,8;TRUE;TRUE;0,03;0,93;0,04
"hs_pfunda_c_Log2";"hs_bmi_c_cat";0,23895795329256;1e-12;-0,00015067599532441;0,00437298027973526;0,00502641411463823;0,000783510663542907;0,0231338847256113;-0,0397234241974195;0,0590713487274184;-0,0426878561210739;0,0648538698664292;87;0,87;0,9;FALSE;0,448275862068966;0,8;FALSE;FALSE;0,48;0,39;0,13
"hs_hm_pers_None";"hs_bmi_c_cat";0,23895795329256;1e-12;0,0017810924847934;-0,00342188383156611;-0,00356446232454804;-0,00153618034892113;0,0223270721556109;-0,049828827086063;0,0441846810070775;-0,0505194703262981;0,0447893092250161;96;0,96;0,9;TRUE;0,458333333333333;0,8;FALSE;FALSE;0,44;0,52;0,04
"hs_trafload_h_pow1over3";"hs_bmi_c_cat";0,23895795329256;1e-12;-0,00760917682226661;-0,0273364268999266;-0,0307150864044119;-0,0188341705878914;0,0322546010845338;-0,0973671479800373;0,00692057859328978;-0,0994306606538319;0,0078459007758612;89;0,89;0,9;FALSE;0,865168539325843;0,8;TRUE;FALSE;0,12;0,77;0,11
"hs_trafnear_h_pow1over3";"hs_bmi_c_cat";0,23895795329256;1e-12;0;0,0201485639277546;0,0276007725037734;0,0190665881902145;0,0358176763262691;-0,0318763755608383;0,130969304310828;-0,0335733114705505;0,138103711958771;73;0,73;0,9;FALSE;NA;0,8;FALSE;FALSE;0,6;0,13;0,27
"FAS_cat_None_Low";"hs_bmi_c_cat";0,23895795329256;1e-12;-0,335128705634838;-0,361429484744094;-0,361429484744094;-0,357709626143692;0,17404499765417;-0,712343906335146;-0,0923215010959112;-0,712343906335146;-0,0923215010959112;100;1;0,9;TRUE;0,99;0,8;TRUE;TRUE;0,01;0,99;0
"FAS_cat_None_Middle";"hs_bmi_c_cat";0,23895795329256;1e-12;-0,130200363211316;-0,131335389919133;-0,134015703999115;-0,124361112370509;0,105478611956331;-0,347138184504253;0,016377784965928;-0,347687536817251;0,0164711555693895;98;0,98;0,9;TRUE;0,928571428571429;0,8;TRUE;TRUE;0,07;0,91;0,02
"hs_globalexp2_None_no exposure";"hs_bmi_c_cat";0,23895795329256;1e-12;-0,0103497007128033;-0,0513929622867196;-0,0577449014457523;-0,0385078438810528;0,0683452869835904;-0,19348110624391;0,028303375904967;-0,203452223977665;0,0302153657224102;89;0,89;0,9;FALSE;0,876404494382023;0,8;TRUE;FALSE;0,11;0,78;0,11
