"mean";"sd";"pval_ratio";"pval_corrected";"lower_bound";"upper_bound";"sel_prob";"exposure";"outcome";"bootstrap_ratio";"th_pval";"th_lower_bound";"th_upper_bound";"n_selected";"sign_consistency"
0,00439384648859893;0,0289830405986876;0,736111111111111;0,848;-0,055533799324242;0,0572014339925687;1;"hs_no2_dy_hs_h_Log";"e3_bw";-0,147967887046276;0,882368111646644;-0,0610942750134541;0,0525171564583256;500;0,424
-0,00104843650954314;0,0320104511845082;0,96078431372549;0,98;-0,0653971713345776;0,0592863342589659;1;"hs_no2_wk_hs_h_Log";"e3_bw";-0,0585043666878443;0,953346884340591;-0,0646120826244553;0,0608665802765717;500;0,51
0,000354731820631384;0,0332129665710085;0,96078431372549;0,98;-0,0700134191267001;0,0695217938657988;1;"hs_no2_yr_hs_h_Log";"e3_bw";0,0819131407589994;0,934715784742796;-0,0623756398931546;0,0678167967046645;500;0,51
-0,00253133990813533;0,0223945037481462;0,831501831501832;0,908;-0,0464481383009311;0,0383883978433089;1;"hs_pm10_dy_hs_h_None";"e3_bw";0,0237237435837885;0,981072966692927;-0,0433611393334066;0,044423702262621;500;0,454
-0,00284701884254768;0,0273803056650677;0,96078431372549;0,98;-0,0584039329868665;0,0463758141662745;1;"hs_pm10_wk_hs_h_None";"e3_bw";0,105818443694049;0,915726402998784;-0,0507670716558858;0,0565617543225754;500;0,49
0,0065909331003387;0,0372375989326686;0,805054151624549;0,892;-0,0621827128564148;0,0794808898348213;1;"hs_pm10_yr_hs_h_None";"e3_bw";0,122988111382068;0,902116512234503;-0,0684045708136458;0,0775641347439095;500;0,554
0,00266263797808732;0,023720919946594;0,805054151624549;0,892;-0,0423649819212948;0,0487660484986854;1;"hs_pm25_dy_hs_h_None";"e3_bw";-0,00184297666481964;0,998529518205651;-0,0465358658774117;0,0464484316735525;500;0,446
-0,00917641734331957;0,029545360110755;0,644736842105263;0,784;-0,0694967997482204;0,0430690119357266;1;"hs_pm25_wk_hs_h_None";"e3_bw";-0,00234859853810133;0,998126091209645;-0,05797723191691;0,0578384515377824;500;0,608
-0,00388588006534497;0,0327706209003175;0,779359430604982;0,876;-0,0688926720128055;0,0607383525071952;1;"hs_pm25_yr_hs_h_None";"e3_bw";0,0785693841090681;0,93737514017529;-0,0616544692146281;0,0668040042166475;500;0,438
0,00264079973784387;0,0193480912735039;0,720689655172414;0,84;-0,0373536352280206;0,0382124193185272;0,998;"hs_pm25abs_dy_hs_h_Log";"e3_bw";0,204425358936237;0,838021115019165;-0,0339663215623442;0,0418768025689784;499;0,581162324649299
-0,00408384013502816;0,0188921175647589;0,6578073089701;0,796;-0,0408504177472113;0,0347972273968437;0,998;"hs_pm25abs_wk_hs_h_Log";"e3_bw";-0,112131993861676;0,910718749954976;-0,0391462808294296;0,0349094592078184;499;0,603206412825651
0,000205705950676596;0,0249234609454174;0,893939393939394;0,944;-0,048712479082756;0,0479773220396923;1;"hs_pm25abs_yr_hs_h_Log";"e3_bw";0,114901927239198;0,908522857498267;-0,0459853321270093;0,0517128395192079;500;0,528
0,000921029520202351;0,0295278575517681;0,945525291828794;0,972;-0,0592305001430653;0,0562057162297072;1;"hs_accesslines300_h_dic0";"e3_bw";-0,0237720186436514;0,981034459627783;-0,0585754741223222;0,0571716005618668;500;0,486
-0,0073657875206599;0,0228846650662938;0,538461538461538;0,7;-0,0526388949142696;0,0395349443703035;1;"hs_accesspoints300_h_Log";"e3_bw";-0,134901797281878;0,892689518516966;-0,0479403017758346;0,0417659368805609;500;0,65
0,00123223663452523;0,0231141795849931;0,972332015810277;0,988;-0,0457006997212396;0,0514629306961861;0,998;"hs_builtdens300_h_Sqrt";"e3_bw";-0,0349006670697044;0,972158948693938;-0,0461096598050626;0,0444962592324922;499;0,492985971943888
-0,000178526983962221;0,0213445058810841;0,968503937007874;0,984;-0,0427020978322751;0,0405024270872616;1;"hs_connind300_h_Log";"e3_bw";-0,0545320602971413;0,9565112661594;-0,0429984226764482;0,0406705029130083;500;0,492
0,00372644225279752;0,0246712724269478;0,76056338028169;0,864;-0,0469508154952576;0,0498691785422672;1;"hs_fdensity300_h_Log";"e3_bw";0,146691139582057;0,883375812535718;-0,0447357483423454;0,0519738624768421;500;0,568
0,000722397499881986;0,0178631727318419;0,831501831501832;0,908;-0,034766322363118;0,0357587395402235;1;"hs_landuseshan300_h_None";"e3_bw";0,0944476456563729;0,924753569167208;-0,0333240405955526;0,0366983098125037;500;0,546
5,33990006266933e-05;0,0213067664862479;0,900763358778626;0,952;-0,0440611717344049;0,0418249133467871;0,996;"hs_popdens_h_Sqrt";"e3_bw";0,0122996463385917;0,990186549515651;-0,0414984292476511;0,0420225606324508;498;0,526104417670683
-0,001575765371111;0,0194447496802707;0,886792452830189;0,94;-0,0453135567142397;0,0358566970599478;1;"hs_walkability_mean_h_None";"e3_bw";0,0242906682424242;0,98062075660022;-0,0376386830981869;0,0385833350252678;500;0,47
-0,00178718234128314;0,0277477655033657;0,886792452830189;0,94;-0,0571946988763123;0,0548360343845992;1;"hs_accesslines300_s_dic0";"e3_bw";-0,0951285052357978;0,924212756836214;-0,0570242244940283;0,0517450175820911;500;0,53
-0,00308570923749496;0,0221256782592005;0,730103806228374;0,844;-0,0482111745579289;0,0399751530472557;1;"hs_accesspoints300_s_Log";"e3_bw";-0,149121254430112;0,881457954793356;-0,0466649414186829;0,0400661236244249;500;0,578
0,00517252424416279;0,0217393379751093;0,693877551020408;0,824;-0,0396155547840674;0,0495842397222715;0,996;"hs_builtdens300_s_Sqrt";"e3_bw";-0,0266977550187942;0,978700803730917;-0,0431887109984884;0,0420279279594279;498;0,409638554216867
-0,0020119383561056;0,0190009138364878;0,96078431372549;0,98;-0,0420031491576893;0,0336367006363288;1;"hs_connind300_s_Log";"e3_bw";-0,0815699535487996;0,934988695242854;-0,038791010451892;0,0356912031338379;500;0,51
-0,00555389614226756;0,0242344956505223;0,736111111111111;0,848;-0,0537276687478518;0,0406001635041763;1;"hs_fdensity300_s_Log";"e3_bw";-0,0701707587283634;0,94405774809244;-0,0491992916057127;0,04579818571132;500;0,576
0,00132887253637293;0,0177462587893406;0,926356589147287;0,968;-0,0326245206801075;0,0363985204105338;0,994;"hs_landuseshan300_s_None";"e3_bw";-0,0701654929206124;0,944061939268668;-0,0360272030828857;0,0335368530919841;497;0,480885311871227
0,00450909815615276;0,0200154955013928;0,717241379310345;0,84;-0,0372531924380014;0,0465146004180211;0,996;"hs_popdens_s_Sqrt";"e3_bw";0,0284273616756151;0,977321301554789;-0,0386606625857186;0,039798638045188;498;0,582329317269076
0,000526906541593002;0,0208293684461149;0,976284584980237;0,988;-0,0381594499959303;0,0413922789768947;1;"h_Absorbance_Log";"e3_bw";0,104433271443733;0,916825520235666;-0,0386495328861655;0,0430000910640348;500;0,506
-0,000724131512932829;0,0168518036040701;0,945525291828794;0,972;-0,033903690253473;0,0319270374767731;1;"h_Benzene_Log";"e3_bw";-0,300429017371479;0,763849932694027;-0,0380916989362277;0,0279661573408118;500;0,486
0,00580819290677191;0,0206931651465023;0,628664495114006;0,772;-0,0356602811388509;0,0485056958580295;1;"h_NO2_Log";"e3_bw";0,0505837880333736;0,959657181561228;-0,0395111197337737;0,0416045970927943;500;0,614
-0,0029439618183712;0,0190807990194566;0,730103806228374;0,844;-0,0417663588199986;0,0316189969953298;1;"h_PM_Log";"e3_bw";-0,169447062273236;0,865445008322425;-0,0406308642140551;0,0341644935347091;500;0,578
0,000656235123739759;0,0173952649807259;0,953125;0,976;-0,0320818325109572;0,0348217639923125;1;"h_TEX_Log";"e3_bw";0,0946623398760538;0,924583032027044;-0,0324474163779141;0,035740769349593;500;0,512
0,00250104056388867;0,0165321536126226;0,712328767123288;0,832;-0,0279304594461381;0,0315546521379812;1;"hs_KIDMED_None";"e3_bw";0,290563239685302;0,771385378041372;-0,0275987895549654;0,0372060617802828;500;0,584
-0,00423800972148855;0,0186228880011536;0,706484641638225;0,828;-0,0411323353773315;0,0318997075788552;1;"hs_mvpa_prd_alt_None";"e3_bw";-0,0326793802041846;0,973930267320975;-0,0371087742078738;0,0358916053328945;500;0,586
0,00129674577107052;0,0159878933037084;0,757042253521127;0,864;-0,0299357192174513;0,0328814988526489;0,998;"hs_sd_wk_None";"e3_bw";-0,169011892217242;0,865787287331242;-0,0340378391637648;0,0286335509641105;499;0,430861723446894
-0,00892990188634085;0,0164339931639129;0,420454545454545;0,592;-0,0413778617212472;0,0230724122193548;1;"hs_dif_hours_total_None";"e3_bw";0,0875746489985409;0,930214751915159;-0,0307708335404727;0,0336492359064209;500;0,296
0,00532313069610307;0,0152664230932737;0,618122977346278;0,764;-0,0245373612800955;0,0360597535292101;1;"hs_as_c_Log2";"e3_bw";0,156360821745422;0,875748617000718;-0,0275345689755894;0,0323087098955445;500;0,618
0,00079911347762095;0,0149782608717037;0,945525291828794;0,972;-0,0317208839580393;0,0301543430770023;1;"hs_cd_c_Log2";"e3_bw";-0,0666013727703591;0,946899052861593;-0,0303544245953528;0,0283592791238167;500;0,486
-0,000988154635664483;0,0163410133387018;0,901140684410646;0,948;-0,0307308783575906;0,0319800317953309;1;"hs_co_c_Log2";"e3_bw";0,138035538601279;0,890212330636639;-0,0297721570372458;0,0342834381922426;500;0,474
0,00412083247834199;0,0199242109007251;0,724137931034483;0,84;-0,0351624515140387;0,0410384988729005;1;"hs_cs_c_Log2";"e3_bw";0,114800571942851;0,908603195710139;-0,0367634249788883;0,0413380465927147;500;0,58
9,51594842716461e-05;0,0165145633753851;0,953125;0,976;-0,0351312691485079;0,0294524710655416;1;"hs_cu_c_Log2";"e3_bw";0,0253108569185957;0,979807014137633;-0,0319499516854915;0,0327859471868264;500;0,512
-0,00910797980204777;0,0185461877532204;0,418803418803419;0,596;-0,0478792985630689;0,0277108766690616;0,996;"hs_hg_c_Log2";"e3_bw";-0,0700361691839762;0,944164871459536;-0,0376487639900321;0,0350509561036274;498;0,704819277108434
-0,00296727110203308;0,0146224496669896;0,689189189189189;0,816;-0,0349974954098657;0,0236148037989534;1;"hs_mn_c_Log2";"e3_bw";-0,153194299536598;0,878245052922906;-0,0308995506472929;0,0264193987788057;500;0,592
-0,00377519227796861;0,016730167143294;0,597444089456869;0,748;-0,0359270913192569;0,030566108554355;1;"hs_mo_c_Log2";"e3_bw";-0,125524130471384;0,900108622764282;-0,0348905647394946;0,0306904853728888;500;0,626
0,0026293724908204;0,015802748662782;0,736111111111111;0,848;-0,0307856555270523;0,0366743331691523;1;"hs_pb_c_Log2";"e3_bw";-0,0874243424322433;0,930334220989923;-0,0323543631462569;0,0295912733253254;500;0,424
0,00397127660760701;0,0268860902168082;0,76056338028169;0,864;-0,0470316251594622;0,0531659144036745;1;"hs_hum_mt_hs_h_None";"e3_bw";0,054119002419532;0,956840352691347;-0,0512407201285435;0,0541508168915339;500;0,568
0,00335385457352158;0,029668736543316;0,908045977011494;0,956;-0,0605750938423026;0,0640790439106865;0,996;"hs_tm_mt_hs_h_None";"e3_bw";0,0968915462538619;0,922812522331838;-0,0552750053326263;0,061024304850787;498;0,524096385542169
-0,00415757155768553;0,0314145000021038;0,798561151079137;0,888;-0,0678714557441599;0,0567608870664621;1;"hs_uvdvf_mt_hs_h_None";"e3_bw";0,0908039526787036;0,927648369245974;-0,0587187278248408;0,0644238493680731;500;0,444
-0,00451643939016179;0,0185139072289999;0,65016501650165;0,788;-0,0408652191588332;0,0327723967616068;1;"hs_hum_dy_hs_h_None";"e3_bw";0,0565270109286509;0,954921978311805;-0,0352400555456899;0,0373331272182213;500;0,394
-0,00304109997771116;0,0261451861704142;0,785714285714286;0,88;-0,0553192823387885;0,0476873588184892;1;"hs_hum_wk_hs_h_None";"e3_bw";0,000832320165689434;0,999335904666828;-0,0512218620974213;0,051265384428792;500;0,44
-0,00232963018995042;0,0259493720061814;0,87593984962406;0,936;-0,0538879352229252;0,0504591918337415;0,998;"hs_tm_dy_hs_h_None";"e3_bw";0,0284626394895868;0,977293165316755;-0,0501212469331543;0,0515984221739406;499;0,466933867735471
-0,00264936926451237;0,0329367936377885;0,845018450184502;0,916;-0,0660242642570628;0,0636825242003247;1;"hs_tm_wk_hs_h_None";"e3_bw";-0,046210424135448;0,963142534093149;-0,0660769524999574;0,0630329060926295;500;0,542
0,00742197533211421;0,030681980388048;0,674496644295302;0,808;-0,0513844214641197;0,0707152181965409;0,998;"hs_uvdvf_dy_hs_h_None";"e3_bw";-0,037142491111443;0,970371392378932;-0,0612751817187828;0,0589959713510938;499;0,402805611222445
-0,00475226790269438;0,031013491063852;0,845018450184502;0,916;-0,0647752610683159;0,054915111135577;1;"hs_uvdvf_wk_hs_h_None";"e3_bw";-0,136699799840028;0,891268087751699;-0,0650248635407737;0,0565457874992356;500;0,542
4,75435837836032e-05;0,0256500448042407;0,96078431372549;0,98;-0,0478140461878446;0,0507848158516664;1;"hs_ndvi100_h_None";"e3_bw";0,0610344237455393;0,951331793964153;-0,0487076283144765;0,0518386997218247;500;0,49
-0,00128401479344073;0,0243626115467716;0,838235294117647;0,912;-0,0518711392619372;0,0509990586574482;1;"hs_ndvi100_s_None";"e3_bw";-0,0870428728323514;0,930637433815019;-0,0498704328997417;0,0456292495022825;500;0,544
-0,00521488622147262;0,0196372231996906;0,666666666666667;0,8;-0,0480126027355249;0,0285348079996333;1;"hs_dde_cadj_Log2";"e3_bw";-0,0566598363827462;0,954816168513163;-0,0396008920812739;0,037375608374262;500;0,6
-0,00344078906190768;0,015799069391254;0,671140939597315;0,808;-0,0343000877706453;0,0299648287272086;0,996;"hs_ddt_cadj_Log2";"e3_bw";0,00959510218118436;0,992344333581567;-0,0308140133109303;0,0311172006812837;498;0,401606425702811
0,00236941979293891;0,0263632044646532;0,748251748251748;0,856;-0,03344698830195;0,0624043740948675;1;"hs_hcb_cadj_Log2";"e3_bw";-0,178377082772543;0,85842684596661;-0,0563735227727266;0,0469683397628448;500;0,572
0,00173393421545325;0,0213570802889255;0,945525291828794;0,972;-0,0382803114922855;0,0461360503482249;1;"hs_pcb118_cadj_Log2";"e3_bw";-0,0995965665594047;0,920664619762046;-0,0439862000497347;0,0397320163127137;500;0,486
0,0083888645450034;0,030759014103475;0,831501831501832;0,908;-0,0330490288652865;0,0786274746109265;1;"hs_pcb138_cadj_Log2";"e3_bw";0,020045434677358;0,984007128204687;-0,0596699820348194;0,0609031376507217;500;0,546
-0,00224893433226726;0,0306116318500283;0,908396946564885;0,952;-0,062270431831597;0,057929557306684;1;"hs_pcb153_cadj_Log2";"e3_bw";-0,0629746379501751;0,949786700208274;-0,0619254523668743;0,0580699395012352;500;0,524
-0,0024110259009168;0,0195993078124148;0,773049645390071;0,872;-0,0381039325513401;0,0373209132327286;1;"hs_pcb170_cadj_Log2";"e3_bw";-0,00812692864101727;0,993515720488499;-0,0385732196102524;0,0382546552582427;500;0,564
0,00345172683881107;0,0235087444613782;0,941634241245136;0,972;-0,0340386313232156;0,0587489897562606;0,998;"hs_pcb180_cadj_Log2";"e3_bw";0,138273812379675;0,890024021373155;-0,0428256487451224;0,049326936186991;499;0,51503006012024
-0,00747305878382841;0,0339307677790818;0,742160278745645;0,852;-0,0787120940859874;0,0584376704650284;1;"hs_sumPCBs5_cadj_Log2";"e3_bw";-0,00755006031124558;0,993975980676189;-0,0667592621579314;0,0662469034716535;500;0,574
0,00519655671963552;0,020503585045279;0,655629139072848;0,792;-0,0376729100663072;0,0467179628025809;1;"hs_pfhxs_c_Log2";"e3_bw";0,0655314148201229;0,94775089467409;-0,038842659305799;0,0415299171796027;500;0,604
0,00205673792575743;0,0189038417792255;0,915708812260536;0,956;-0,0341891280605095;0,0415604386490735;1;"hs_pfna_c_Log2";"e3_bw";-0,0698718346304354;0,94429567103268;-0,0383716951634036;0,0357300029500477;500;0,478
0,00140457310369817;0,0168076652974532;0,855018587360595;0,924;-0,0327531040647376;0,0353923486419883;0,998;"hs_pfoa_c_Log2";"e3_bw";0,114314515956968;0,90898847586197;-0,0310210585243669;0,0348637787700572;499;0,539078156312625
-0,0052072550576567;0,0208307644307427;0,589171974522293;0,744;-0,0451787097885649;0,0359827504470886;0,998;"hs_pfos_c_Log2";"e3_bw";0,132026136870406;0,894963618471831;-0,0380773426988452;0,0435777534105421;499;0,370741482965932
0,000828836165566766;0,0161293127641093;0,882575757575758;0,944;-0,0328883981044248;0,0362001848084522;0,994;"hs_pfunda_c_Log2";"e3_bw";0,0190597089175579;0,984793473212368;-0,0313054521067123;0,0319202921193607;497;0,531187122736419
-0,00364325076093426;0,0143727801848208;0,683501683501683;0,812;-0,0333030710077137;0,0251251306307959;1;"hs_hm_pers_None";"e3_bw";-0,0414942635466511;0,96690186594394;-0,0287665194488468;0,0275737435910727;500;0,594
-0,0015446671504978;0,0160233791871704;0,804347826086957;0,896;-0,0368453641301728;0,0297368283604696;0,996;"hs_trafload_h_pow1over3";"e3_bw";-0,0485113911761894;0,961308686285555;-0,032182562533196;0,0306279297017695;498;0,55421686746988
-0,00221254966441177;0,0198874798508326;0,865671641791045;0,928;-0,0427698348207389;0,0369080165869549;1;"hs_trafnear_h_pow1over3";"e3_bw";-0,0571421668378577;0,954431946998888;-0,0401151579425187;0,0378423305592771;500;0,536
-0,00207429431786598;0,0160611796153454;0,76056338028169;0,864;-0,0337424533442572;0,0266351101987864;1;"FAS_cat_None_Low";"e3_bw";-0,155309065393521;0,876577669183139;-0,0339737803904827;0,0289848868001292;500;0,568
0,00233891427283307;0,0160487540483824;0,804347826086957;0,896;-0,0290123918631903;0,0329995184747644;0,996;"FAS_cat_None_Middle";"e3_bw";-0,03871975638594;0,969113821901298;-0,0320763837786221;0,0308335760845196;498;0,44578313253012
-0,00100727735868999;0,014806702904014;0,934108527131783;0,968;-0,0315796682369464;0,0266980304653872;0,998;"hs_globalexp2_None_no exposure";"e3_bw";0,00439193138076016;0,996495757024782;-0,0289555743985224;0,0290856344447819;499;0,482965931863727
-0,0171538951811498;0,0660471150753916;0,65016501650165;0,788;-0,143959955053817;0,116647969346483;1;"hs_no2_dy_hs_h_Log";"hs_asthma";-0,256909413054508;0,797248703852508;-0,146418092398502;0,112481841262578;500;0,606
0,0738171243250592;0,0603656861029113;0,152073732718894;0,264;-0,0423613376895938;0,188034117856264;1;"hs_no2_wk_hs_h_Log";"hs_asthma";1,26575283154612;0,205601587090974;-0,0419065325507719;0,194722608776741;500;0,868
0,00546592853031228;0,0594599692312031;0,838235294117647;0,912;-0,116898494142721;0,119155060263237;1;"hs_no2_yr_hs_h_Log";"hs_asthma";0,139276767535436;0,889231447756946;-0,108258005902739;0,124820790527296;500;0,544
0,00347831108181635;0,0565803060877292;0,937984496124031;0,968;-0,108160132891865;0,115232938233456;1;"hs_pm10_dy_hs_h_None";"hs_asthma";0,0478673258028676;0,961821979759362;-0,108187014220674;0,113603710111729;500;0,516
-0,0153197071633888;0,0617813074248978;0,597444089456869;0,748;-0,131631861388658;0,106363786830201;1;"hs_pm10_wk_hs_h_None";"hs_asthma";-0,333034090973085;0,739108549720461;-0,141664419027976;0,100513855913217;500;0,626
-0,0238949441075547;0,0663612918312958;0,5625;0,72;-0,15877731389193;0,10909680776406;1;"hs_pm10_yr_hs_h_None";"hs_asthma";-0,327345897934124;0,743406281368637;-0,151788838619476;0,108342645294308;500;0,64
-0,0527390486390728;0,0575328406890733;0,199040767386091;0,332;-0,168484872629;0,0651498146086898;1;"hs_pm25_dy_hs_h_None";"hs_asthma";-0,872292206572179;0,383048988157305;-0,162947744233902;0,0625768471238268;500;0,834
0,00635900317620478;0,060620950342813;0,858736059479554;0,924;-0,100762437688368;0,137656180786055;1;"hs_pm25_wk_hs_h_None";"hs_asthma";-0,0195887973447512;0,984371400543905;-0,120002370891616;0,117627387869393;500;0,462
-0,0346391746527655;0,0613595473667326;0,392757660167131;0,564;-0,158511621999435;0,0822121249918158;1;"hs_pm25_yr_hs_h_None";"hs_asthma";-0,506464273570903;0,61253076382994;-0,151338921530207;0,0891860843627438;500;0,718
0,0305525461024653;0,0586597656364787;0,450581395348837;0,624;-0,0787511645600455;0,145204605039952;0,998;"hs_pm25abs_dy_hs_h_Log";"hs_asthma";0,461973367059505;0,644100419556254;-0,087871778547053;0,142070277431064;499;0,68937875751503
-0,0488516736788862;0,0578400258400101;0,217073170731707;0,36;-0,168648254966175;0,0614934088105007;0,998;"hs_pm25abs_wk_hs_h_Log";"hs_asthma";-0,703793592209179;0,481561324784103;-0,154071807070698;0,0726569279518735;499;0,821643286573146
-0,0825874719424804;0,0595114094719675;0,0799136069114471;0,148;-0,205311067539517;0,0255262234474175;1;"hs_pm25abs_yr_hs_h_Log";"hs_asthma";-1,28728036396339;0,197996585130561;-0,193248088079321;0,0400323503892233;500;0,926
0,0196018229803639;0,0717414370725799;0,65016501650165;0,788;-0,112653776021362;0,15460928061087;1;"hs_accesslines300_h_dic0";"hs_asthma";0,190881991299464;0,848618049611407;-0,126916484494304;0,154304781228502;500;0,606
-0,0991601647509519;0,0685966941207269;0,0660980810234542;0,124;-0,249729651379844;0,019779840694255;1;"hs_accesspoints300_h_Log";"hs_asthma";-1,3254022637686;0,185037766585248;-0,225365263609789;0,0435288362604814;500;0,938
-0,0240416025310163;0,06260894327425;0,535384615384615;0,7;-0,154019200516559;0,0991724890606678;0,998;"hs_builtdens300_h_Sqrt";"hs_asthma";-0,293121760466463;0,769429084471808;-0,141063317601134;0,104359230254148;499;0,651302605210421
0,0104950030546305;0,0587169164091383;0,754385964912281;0,86;-0,10847042331443;0,12338555929791;1;"hs_connind300_h_Log";"hs_asthma";0,135798851601865;0,89198029894086;-0,107109351627196;0,123056731263124;500;0,57
0,0385157462248132;0,0669932417126232;0,385041551246537;0,556;-0,092698987231825;0,170084022129;1;"hs_fdensity300_h_Log";"hs_asthma";0,508115297035474;0,611372488079752;-0,0972640500521491;0,165344631876507;500;0,722
0,0396059896440444;0,0515480860484083;0,265822784810127;0,42;-0,0601715035275692;0,137095756071424;1;"hs_landuseshan300_h_None";"hs_asthma";0,648028641132426;0,516966425834741;-0,0676277559719245;0,134437028281779;500;0,79
-0,0191330694434305;0,05731737698752;0,606451612903226;0,76;-0,131610358442662;0,092650766402308;0,996;"hs_popdens_h_Sqrt";"hs_asthma";-0,323912340895427;0,746004400592588;-0,130905800337857;0,0937741888298309;498;0,622489959839357
0,0612373583200527;0,0565684510731833;0,136363636363636;0,24;-0,0387958166984607;0,179494245482018;1;"hs_walkability_mean_h_None";"hs_asthma";0,913951147861877;0,360742515909012;-0,059171325973551;0,16257292755576;500;0,88
-0,0268339041563774;0,070191855658941;0,5625;0,72;-0,168075016390161;0,116447620881497;1;"hs_accesslines300_s_dic0";"hs_asthma";-0,358784716092937;0,719756147256315;-0,162757274104188;0,112389744094929;500;0,64
0,018564669547564;0,0643643962501101;0,639344262295082;0,78;-0,104460871215228;0,145957098538398;1;"hs_accesspoints300_s_Log";"hs_asthma";0,275419065319131;0,782994298273385;-0,108424716681845;0,143879080391916;500;0,61
-0,0377815682690144;0,0591978033260423;0,360655737704918;0,536;-0,160490234953922;0,0714615546291845;0,996;"hs_builtdens300_s_Sqrt";"hs_asthma";-0,451426251347085;0,651682366743624;-0,142749004926386;0,0893021200394711;498;0,734939759036145
0,0264540835778965;0,0533913671131977;0,432664756446991;0,604;-0,0828710191402201;0,136034638555409;1;"hs_connind300_s_Log";"hs_asthma";0,392885202386973;0,694404271367782;-0,0836684785532379;0,12562183470121;500;0,698
-0,015760708755644;0,0617683066483068;0,639344262295082;0,78;-0,14065130532068;0,107379888636509;1;"hs_fdensity300_s_Log";"hs_asthma";-0,223802360628018;0,822911093042838;-0,134887549256594;0,107239763576821;500;0,61
-0,0282140766699756;0,0536354510246269;0,453216374269006;0,632;-0,129258982956379;0,0715928213668625;0,994;"hs_landuseshan300_s_None";"hs_asthma";-0,472852746939159;0,636318239174648;-0,130485222653146;0,0797618819525151;497;0,688128772635815
-0,0166971010113838;0,0556024837961228;0,643564356435644;0,788;-0,131328992548252;0,0916581503757749;0,996;"hs_popdens_s_Sqrt";"hs_asthma";-0,25445508226978;0,799144001390225;-0,123127200280119;0,0948305311026261;498;0,608433734939759
0,0583404672943525;0,0592816772348207;0,152073732718894;0,264;-0,0582617586897741;0,179772521224944;1;"h_Absorbance_Log";"hs_asthma";0,870942971719024;0,38378529206649;-0,0645589921839938;0,167820912462759;500;0,868
0,0700497072263386;0,0567260304789118;0,111111111111111;0,2;-0,0265274967534;0,189484146576496;1;"h_Benzene_Log";"hs_asthma";1,15006640968474;0,250116519993395;-0,0459422745160394;0,176419678933137;500;0,9
-0,00975898614179625;0,0635075565305804;0,798561151079137;0,888;-0,141182220149703;0,12035623637295;1;"h_NO2_Log";"hs_asthma";-0,135053298826629;0,892569733932704;-0,133049428555952;0,115895618536206;500;0,556
0,0262214827950297;0,057060759238093;0,492537313432836;0,66;-0,0714287531208676;0,151257919446585;1;"h_PM_Log";"hs_asthma";0,419051882947982;0,675178215052281;-0,0879256144360091;0,135748451638338;500;0,67
-0,0427509028061771;0,0574684077875998;0,282051282051282;0,44;-0,162852607316271;0,0668403055950592;1;"h_TEX_Log";"hs_asthma";-0,632239446909772;0,527230424685434;-0,148969803866974;0,0763022151581395;500;0,78
-0,0709981716354456;0,0514363906653662;0,091703056768559;0,168;-0,171254120600014;0,0336776504543167;1;"hs_KIDMED_None";"hs_asthma";-1,3314717986247;0,18303381841357;-0,169299576792828;0,0323273696048719;500;0,916
0,00956488248823248;0,0559360094317728;0,773049645390071;0,872;-0,0973790518431019;0,121975097808453;1;"hs_mvpa_prd_alt_None";"hs_asthma";0,159167667857629;0,873536776395811;-0,10072935975465;0,118535768095685;500;0,564
-0,0265348286624022;0,0516011588644162;0,438040345821326;0,612;-0,125497095665929;0,0802714006321994;0,998;"hs_sd_wk_None";"hs_asthma";-0,39854493739818;0,690228540560248;-0,121701793564078;0,0805710323054931;499;0,695390781563126
-0,0740114485241574;0,0538461974182188;0,0752688172043011;0,14;-0,182298713683029;0,0255496338474196;1;"hs_dif_hours_total_None";"hs_asthma";-1,30824343746396;0,190790753230368;-0,175980542048916;0,0350926732393692;500;0,93
-0,0552577421826671;0,0493045807905408;0,123595505617978;0,22;-0,152719542681717;0,0368264416793042;1;"hs_as_c_Log2";"hs_asthma";-0,994933107138193;0,319768799521961;-0,145689962384384;0,0475804428602265;500;0,89
0,00331731954190529;0,0517943332056019;0,893939393939394;0,944;-0,098311324100488;0,111978519248203;1;"hs_cd_c_Log2";"hs_asthma";0,0692052403638405;0,944826251903832;-0,0979305884072682;0,105099466965225;500;0,528
-0,052304502171422;0,0542130342190399;0,184834123222749;0,312;-0,158109510056613;0,0538687282320093;1;"hs_co_c_Log2";"hs_asthma";-0,937861276666288;0,348315705609507;-0,157099900046578;0,0554112890773339;500;0,844
-0,026676492733417;0,0591819798558612;0,466275659824047;0,636;-0,131161959784648;0,087021277308054;1;"hs_cs_c_Log2";"hs_asthma";-0,440691988768943;0,65943599710989;-0,142075573453226;0,0899135246492999;500;0,682
-0,0200891801465685;0,0538467338939674;0,54320987654321;0,704;-0,121555496251383;0,098438487906404;1;"hs_cu_c_Log2";"hs_asthma";-0,39497280204918;0,69286296032069;-0,126805654484585;0,0842696637499915;500;0,648
0,023750540563298;0,0544102655797607;0,473372781065089;0,648;-0,0773806280341883;0,135895960691702;0,996;"hs_hg_c_Log2";"hs_asthma";0,348486379177419;0,727474941365889;-0,0876809244836178;0,125603397367563;498;0,678714859437751
0,059929305838967;0,0488501510948161;0,118568232662192;0,212;-0,02998708811918;0,163821707019166;1;"hs_mn_c_Log2";"hs_asthma";1,07682339077913;0,281559173387228;-0,0431415514431868;0,148347522127172;500;0,894
0,017407161014492;0,052898184276674;0,552795031055901;0,712;-0,0919962500850702;0,108333649175052;1;"hs_mo_c_Log2";"hs_asthma";0,349987506188869;0,726348074033308;-0,0851648324329316;0,122192239626756;500;0,644
-0,0240423381587397;0,0525385758307075;0,501501501501502;0,668;-0,129825641434548;0,072982483396439;1;"hs_pb_c_Log2";"hs_asthma";-0,372717637515477;0,709358608016389;-0,122555770289262;0,0833916625651643;500;0,666
-0,0909228359827984;0,0624197807181135;0,0799136069114471;0,148;-0,214749290352561;0,0237855036952348;1;"hs_hum_mt_hs_h_None";"hs_asthma";-1,45357811755644;0,146063307376785;-0,213072549484911;0,0316084947758687;500;0,926
-0,0336603723561;0,0558656493564217;0,320954907161804;0,492;-0,145651720622034;0,0811293685813289;0,996;"hs_tm_mt_hs_h_None";"hs_asthma";-0,484647616876794;0,627926330430482;-0,136569814537394;0,0824195068856653;498;0,757028112449799
0,0100347422545122;0,0598227007969037;0,798561151079137;0,888;-0,0947291847846035;0,126667918950058;1;"hs_uvdvf_mt_hs_h_None";"hs_asthma";0,156003655537989;0,87603013980011;-0,107917779011375;0,126582899028319;500;0,556
0,0142520614468477;0,0542082597032082;0,689189189189189;0,816;-0,0934887728116648;0,11815529785442;1;"hs_hum_dy_hs_h_None";"hs_asthma";0,146434421748614;0,883578455549408;-0,0983082815192441;0,11418419184652;500;0,592
0,0829209841900496;0,0662595557482002;0,103752759381898;0,188;-0,0334353852972847;0,218002840661451;1;"hs_hum_wk_hs_h_None";"hs_asthma";1,19408715530802;0,232443877159897;-0,0507466584627546;0,208986027333438;500;0,906
0,0221705849516742;0,0678504226610783;0,636065573770492;0,78;-0,104783486515375;0,165866317751194;0,998;"hs_tm_dy_hs_h_None";"hs_asthma";0,251756245609734;0,801229479083014;-0,115902617079347;0,15006615242372;499;0,61122244488978
0,0534772704417682;0,0571784396909611;0,199040767386091;0,332;-0,0583727279252966;0,167695525326131;1;"hs_tm_wk_hs_h_None";"hs_asthma";0,894550742273764;0,371027293255777;-0,0609186668188744;0,163216698154084;500;0,834
-0,0673547388927204;0,055754645472816;0,116331096196868;0,212;-0,184712224246846;0,0396969407976842;0,998;"hs_uvdvf_dy_hs_h_None";"hs_asthma";-1,16102672093712;0,245631032995488;-0,174009730307834;0,0445444638872033;499;0,895791583166333
0,0121226548276871;0,0589957817440872;0,706484641638225;0,828;-0,107412127654753;0,123337399852243;1;"hs_uvdvf_wk_hs_h_None";"hs_asthma";0,168898139597321;0,865876762562206;-0,105665329677531;0,125593885238862;500;0,586
-0,0956519040008279;0,0678770565794641;0,0940919037199125;0,172;-0,226379942033764;0,0270411800584431;1;"hs_ndvi100_h_None";"hs_asthma";-1,32630253025642;0,184739509087234;-0,223062098160039;0,0430110743846356;500;0,914
-0,0352905583719614;0,0679521741580277;0,470588235294118;0,64;-0,174983388521425;0,0966742806222509;1;"hs_ndvi100_s_None";"hs_asthma";-0,514063662792214;0,607207481526513;-0,168115557563298;0,0982520704785575;500;0,68
0,0526134131582376;0,0599502543933811;0,234567901234568;0,38;-0,0566575566576597;0,167770284478863;1;"hs_dde_cadj_Log2";"hs_asthma";0,803849800758652;0,421483724427985;-0,0693093394254911;0,165691339524591;500;0,81
0,00486696384240427;0,0530981029182955;0,865168539325843;0,932;-0,114417660214465;0,110794815110485;0,996;"hs_ddt_cadj_Log2";"hs_asthma";0,0187587399810314;0,985033568751228;-0,10307431586113;0,105066422873391;498;0,536144578313253
-0,00159477121752785;0,0720274978016891;0,694915254237288;0,82;-0,170556350865816;0,103393339203565;1;"hs_hcb_cadj_Log2";"hs_asthma";0,228460696431623;0,81928810788235;-0,124715849277847;0,157626753897849;500;0,59
0,00273742949688433;0,0582152033418774;0,886792452830189;0,94;-0,116269990845677;0,120563470389616;1;"hs_pcb118_cadj_Log2";"hs_asthma";0,0747794606729637;0,940390184062024;-0,109746400393883;0,118453003411628;500;0,53
0,0159979232281018;0,0699099881455246;0,612903225806452;0,76;-0,138753774449906;0,133334887560743;1;"hs_pcb138_cadj_Log2";"hs_asthma";0,286332824704733;0,774623219600907;-0,117003534544068;0,157038583305633;500;0,62
-0,0378376942095157;0,0578848170527672;0,336898395721925;0,504;-0,163550997779532;0,0753698376934664;1;"hs_pcb153_cadj_Log2";"hs_asthma";-0,762736551502411;0,445620527282103;-0,157603022418289;0,069301290931938;500;0,748
0,0620895485338137;0,0557570673996984;0,168224299065421;0,288;-0,0552583166851503;0,161734003686311;1;"hs_pcb170_cadj_Log2";"hs_asthma";1,13630667181541;0,255828239494122;-0,0459247162998423;0,17263897167412;500;0,856
-0,0750784728480882;0,07359724688472;0,144495412844037;0,256;-0,236306361906184;0,0456563981724776;0,998;"hs_pcb180_cadj_Log2";"hs_asthma";-0,859430198094584;0,390103215062055;-0,207499649724705;0,080996256786003;499;0,87374749498998
0,00338960629075939;0,0589363319737109;0,930501930501931;0,964;-0,104350999697246;0,117752344213191;1;"hs_sumPCBs5_cadj_Log2";"hs_asthma";-0,0922327785425154;0,926513095519985;-0,120948949704409;0,11007722639433;500;0,482
0,0010066850192038;0,0621543624392977;0,96078431372549;0,98;-0,124764872987998;0,123624440455897;1;"hs_pfhxs_c_Log2";"hs_asthma";-0,0135198520362988;0,989213047414936;-0,122660629646662;0,120979994079483;500;0,49
0,0106560221047373;0,0533680620569194;0,683501683501683;0,812;-0,0930303043063746;0,1130552126769;1;"hs_pfna_c_Log2";"hs_asthma";0,0902428882872619;0,92809420341663;-0,0997833914939503;0,109415567618571;500;0,594
-0,00897251370266756;0,0508495194217038;0,782142857142857;0,88;-0,111260170629669;0,0899627243594951;0,998;"hs_pfoa_c_Log2";"hs_asthma";-0,14902479314335;0,881534069311066;-0,107241065810968;0,0920853875844512;499;0,561122244488978
-0,00846144611700314;0,0610715957604877;0,821167883211679;0,904;-0,145088438871643;0,112485714141446;0,998;"hs_pfos_c_Log2";"hs_asthma";-0,088912797531966;0,92915121287613;-0,125128174597751;0,114268081740139;499;0,549098196392786
0,025462239744894;0,0480010301534326;0,396067415730337;0,576;-0,0701406222341702;0,119497100821647;0,994;"hs_pfunda_c_Log2";"hs_asthma";0,333683982948504;0,738618037268294;-0,0780631153943204;0,110097465248778;497;0,716297786720322
-0,0299108138608385;0,0464222078752951;0,315789473684211;0,48;-0,125334430682854;0,0659640073582821;1;"hs_hm_pers_None";"hs_asthma";-0,517628263527297;0,604717658132718;-0,115015302370002;0,0669564086668179;500;0,76
-0,00169436590126518;0,0489822265325425;0,960629921259842;0,984;-0,105837702391862;0,101593397117683;0,996;"hs_trafload_h_pow1over3";"hs_asthma";-0,0393729769240213;0,968593024488526;-0,0979319759613185;0,0940748238114125;498;0,51004016064257
-0,00491332310756573;0,0564860214218823;0,811594202898551;0,896;-0,11479833983213;0,11735024245357;1;"hs_trafnear_h_pow1over3";"hs_asthma";-0,116097062041634;0,90757561722127;-0,117268428750349;0,104152706483346;500;0,552
0,0239600961263191;0,0537598346178581;0,479289940828402;0,648;-0,0679904016248729;0,137061523903832;1;"FAS_cat_None_Low";"hs_asthma";0,417227524995551;0,676511994023673;-0,0829372569240524;0,127797422407611;500;0,676
-0,0108323053010506;0,0493723621347974;0,717241379310345;0,84;-0,102390933762017;0,0857457012129105;0,996;"FAS_cat_None_Middle";"hs_asthma";-0,212947872800575;0,831367621534462;-0,107281791107617;0,0862543121241273;498;0,582329317269076
0,0494967701342073;0,0481841976036247;0,157772621809745;0,276;-0,0419075686282382;0,155576175237571;0,998;"hs_globalexp2_None_no exposure";"hs_asthma";0,895094275681285;0,37073669371942;-0,0513098924737653;0,137568691380366;499;0,86372745490982
-0,00362678328201278;0,025313649414184;0,872659176029963;0,932;-0,0569163036456736;0,0437513639692482;1;"hs_no2_dy_hs_h_Log";"hs_zbmi_who";-0,362626196305365;0,716884138604285;-0,0587932335707471;0,0404344487674009;500;0,534
0,00419940299736303;0,0278892708296432;0,754385964912281;0,86;-0,0522064744087023;0,0547480183520196;1;"hs_no2_wk_hs_h_Log";"hs_zbmi_who";0,161273742218268;0,871877803203461;-0,0501641593067489;0,0591597734556195;500;0,57
0,0055950107302256;0,0287361215703848;0,76678445229682;0,868;-0,0536344504955149;0,0648029050217883;1;"hs_no2_yr_hs_h_Log";"hs_zbmi_who";0,237869326102601;0,811982446960024;-0,0494863214605689;0,0631572052060687;500;0,566
0,00419312746692448;0,0193100644632329;0,689189189189189;0,816;-0,0325472637969459;0,0412033526019415;1;"hs_pm10_dy_hs_h_None";"hs_zbmi_who";0,413492327423651;0,679245942648166;-0,0298624673894803;0,0458315943846861;500;0,592
-0,00896007003048602;0,0232866116913829;0,607717041800643;0,756;-0,0557525123784166;0,0318982890330142;1;"hs_pm10_wk_hs_h_None";"hs_zbmi_who";-0,255156402393247;0,798602302607956;-0,0515826483001817;0,0396991921739781;500;0,622
0,00258233837228309;0,0325590629533355;0,953125;0,976;-0,0593616052309786;0,0670898054682425;1;"hs_pm10_yr_hs_h_None";"hs_zbmi_who";-0,0374528418442215;0,970123940498805;-0,0650340201942973;0,0625951613235226;500;0,488
0,00944152186150315;0,0204489169850686;0,445086705202312;0,616;-0,0289845910939302;0,0528028111568043;1;"hs_pm25_dy_hs_h_None";"hs_zbmi_who";0,338624798713929;0,734892398531221;-0,0331546304155971;0,0470036512115705;500;0,692
-0,00973149213903199;0,0265826876056684;0,607717041800643;0,756;-0,0689394632161266;0,0351120483199066;1;"hs_pm25_wk_hs_h_None";"hs_zbmi_who";-0,0449132587551444;0,964176448551473;-0,05329502544623;0,0509071951925488;500;0,622
-0,00155296269801219;0,0281015810450001;0,858736059479554;0,924;-0,0593179237752865;0,0548509220965309;1;"hs_pm25_yr_hs_h_None";"hs_zbmi_who";0,175335527518144;0,860815997220688;-0,0501508812202147;0,0600052922934526;500;0,462
0,000197826601331927;0,0168585058676198;0,883018867924528;0,94;-0,0350099804527561;0,0311315717753213;0,998;"hs_pm25abs_dy_hs_h_Log";"hs_zbmi_who";-0,018173059404326;0,985500794567938;-0,0333484349622925;0,0327356937050916;499;0,468937875751503
-0,00206507167088424;0,0165145749952568;0,775800711743772;0,876;-0,0350100499382983;0,0312218687367911;0,998;"hs_pm25abs_wk_hs_h_Log";"hs_zbmi_who";0,0360320516887785;0,971256801988918;-0,0317729181908418;0,0329630262305364;499;0,43687374749499
0,00550966667885783;0,0223048518121356;0,655629139072848;0,792;-0,0400396024033837;0,0470873539205317;1;"hs_pm25abs_yr_hs_h_Log";"hs_zbmi_who";0,350049490902851;0,726301556003349;-0,0359089042107871;0,0515245082537903;500;0,604
-0,0015817499431519;0,0259793676260887;0,96078431372549;0,98;-0,0545538821095544;0,0468400013340743;1;"hs_accesslines300_h_dic0";"hs_zbmi_who";-0,0931197822069184;0,925808401790671;-0,0533378179434745;0,0484994318330448;500;0,51
-0,00369538241069414;0,0200395814125122;0,672240802675585;0,804;-0,0430370842399073;0,039764291115382;1;"hs_accesspoints300_h_Log";"hs_zbmi_who";0,0698084316149172;0,944346136094353;-0,0378779260851554;0,0406757895824092;500;0,402
-0,00219538591598665;0,0198867357268659;0,807971014492754;0,896;-0,0409943898304029;0,0381436818531917;0,998;"hs_builtdens300_h_Sqrt";"hs_zbmi_who";-0,190300559059538;0,849073615590264;-0,0427617427214149;0,0351928288680312;499;0,55310621242485
0,002795729412406;0,0189998090289694;0,811594202898551;0,896;-0,0365156072907787;0,0406867543276278;1;"hs_connind300_h_Log";"hs_zbmi_who";0,118799120309415;0,905434505640872;-0,0349817808112306;0,0394961020086075;500;0,552
-0,00157032045722365;0,0214453069396842;0,937984496124031;0,968;-0,0441575653853542;0,0393942956175042;1;"hs_fdensity300_h_Log";"hs_zbmi_who";-0,164439321402793;0,869385310858897;-0,0455584809596241;0,0385055775187516;500;0,516
-0,000828195820089932;0,0155691349907789;0,984126984126984;0,992;-0,0314389531096585;0,0304135066680828;1;"hs_landuseshan300_h_None";"hs_zbmi_who";-0,0357034943058726;0,971518784276955;-0,0310708163748596;0,0299590713298784;500;0,504
0,00487241580084578;0,0182691710736071;0,622149837133551;0,772;-0,0339508435538785;0,0409438572796018;0,996;"hs_popdens_h_Sqrt";"hs_zbmi_who";0,287695302297117;0,773579986291699;-0,0305509626369318;0,0410628720264101;498;0,616465863453815
-0,00255283747534074;0,0171493147845296;0,845018450184502;0,916;-0,0410522778998841;0,0288682914349106;1;"hs_walkability_mean_h_None";"hs_zbmi_who";-0,0516650562227447;0,958795581130168;-0,0344980596497425;0,032726019024694;500;0,542
0,00278285266457017;0,0242581354289098;0,831501831501832;0,908;-0,0455960706681684;0,0540763048180782;1;"hs_accesslines300_s_dic0";"hs_zbmi_who";0,0986934069818187;0,921381703775039;-0,0451509537402528;0,0499391898052637;500;0,546
-0,0122689825592956;0,0196261375489045;0,385041551246537;0,556;-0,0514741581000614;0,0275051569213546;1;"hs_accesspoints300_s_Log";"hs_zbmi_who";-0,6144614449282;0,538910443116739;-0,0505260275881416;0,0264070179148226;500;0,722
0,00439002727309642;0,019263130136133;0,711340206185567;0,836;-0,036494907040694;0,0425199208154227;0,996;"hs_builtdens300_s_Sqrt";"hs_zbmi_who";-0,0178881104964625;0,985728113947376;-0,0380996222967118;0,037410460295946;498;0,41566265060241
-0,00365100338884806;0,0166455223917475;0,754385964912281;0,86;-0,037899193543529;0,0291341879241144;1;"hs_connind300_s_Log";"hs_zbmi_who";-0,191055075547974;0,848482443747688;-0,0358048359297709;0,0294444128535892;500;0,57
-0,00671853695259531;0,021397757613377;0,672240802675585;0,804;-0,0494235350317745;0,0334827141333261;1;"hs_fdensity300_s_Log";"hs_zbmi_who";-0,117183837657856;0,906714374352211;-0,0444463056265447;0,0394313629177285;500;0,598
-0,00231941283740256;0,01567741737981;0,787769784172662;0,888;-0,0329282371488;0,0281377894711408;0,994;"hs_landuseshan300_s_None";"hs_zbmi_who";-0,275026954648815;0,783295529724848;-0,0350388857937574;0,0264154610763023;497;0,559356136820926
-0,000685694064342791;0,0172229604059698;0,968379446640316;0,988;-0,0367219744588749;0,0321351110106906;0,996;"hs_popdens_s_Sqrt";"hs_zbmi_who";-0,256690856085865;0,797417430881762;-0,0381773585538015;0,0293354056519188;498;0,508032128514056
-0,00232642947164621;0,018223139081106;0,785714285714286;0,88;-0,0394258555374977;0,033177938571208;1;"h_Absorbance_Log";"hs_zbmi_who";-0,134196873677429;0,893246897996437;-0,0381621845775054;0,0332712079909587;500;0,56
0,00174669566535406;0,0146097275761065;0,805054151624549;0,892;-0,0282195683539794;0,0308817780383629;1;"h_Benzene_Log";"hs_zbmi_who";-0,036751251078581;0,970683343768112;-0,0291714656394496;0,0280976141067713;500;0,446
0,00835708430612244;0,0182863159262418;0,432664756446991;0,604;-0,0268475214216931;0,0468084191489756;1;"h_NO2_Log";"hs_zbmi_who";0,209358077040443;0,834168717213268;-0,0320121326868831;0,0396689085638271;500;0,698
0,00505335975611652;0,016444098628853;0,577287066246057;0,732;-0,0293600174642695;0,0375616992358028;1;"h_PM_Log";"hs_zbmi_who";0,391248650275591;0,695613450798585;-0,0257961096772389;0,0386635724643138;500;0,634
0,00287959180495213;0,01545381429665;0,754385964912281;0,86;-0,0262745652280319;0,032907132209871;1;"h_TEX_Log";"hs_zbmi_who";0,233603442929852;0,815292854626121;-0,0266788552191082;0,0338989836713002;500;0,57
0,0112383125527866;0,0139919430612583;0,288659793814433;0,448;-0,0148737407209508;0,0362465760798107;1;"hs_KIDMED_None";"hs_zbmi_who";0,885039913489117;0,376135104687155;-0,0150402763973207;0,0398071325502822;500;0,776
-0,00832853258560206;0,0163368056561274;0,41643059490085;0,588;-0,0380396056136913;0,0219379898627737;1;"hs_mvpa_prd_alt_None";"hs_zbmi_who";-0,282101566084299;0,77786563241887;-0,0366281891688484;0,0274109122480316;500;0,706
0,000164875085491034;0,014265567748566;0,919230769230769;0,96;-0,0274958668797701;0,0279631012205962;0,998;"hs_sd_wk_None";"hs_zbmi_who";-0,163543703553328;0,870090365864183;-0,030293042789097;0,0256269552233142;499;0,478957915831663
-0,010946972460614;0,0146050250495337;0,288659793814433;0,448;-0,0391456910162688;0,0160949113621621;1;"hs_dif_hours_total_None";"hs_zbmi_who";-0,11445495101807;0,908877155532504;-0,0302969405170534;0,0269537056637293;500;0,776
0,00568913380266083;0,0136152135091911;0,501501501501502;0,668;-0,0206011721810322;0,0321243430453865;1;"hs_as_c_Log2";"hs_zbmi_who";0,137701948421979;0,890475979453673;-0,0248104866914409;0,0285601695482346;500;0,666
0,00243495194885989;0,0133872421997626;0,773049645390071;0,872;-0,0266567413448411;0,0295376752561806;1;"hs_cd_c_Log2";"hs_zbmi_who";0,0901183622102396;0,928193157656733;-0,025032076222295;0,0274449489054038;500;0,564
-0,00410564545788025;0,0137740645688746;0,597444089456869;0,748;-0,0310434406159761;0,0237667606886422;1;"hs_co_c_Log2";"hs_zbmi_who";-0,158109162176417;0,874370781052811;-0,029174476284472;0,0248188646669747;500;0,626
0,0180903380509962;0,0172014878601522;0,168224299065421;0,288;-0,0150647895303832;0,0507422356665792;1;"hs_cs_c_Log2";"hs_zbmi_who";0,955867229284054;0,339139317296825;-0,0172719581459543;0,0501566352268481;500;0,856
0,013926494989765;0,0141006289892806;0,179245283018868;0,304;-0,01448926804465;0,0393078567232602;1;"hs_cu_c_Log2";"hs_zbmi_who";1,05968231468145;0,289289151187979;-0,0126945378125261;0,0425789121441765;500;0,848
-0,00868511960682484;0,0164624639175005;0,402816901408451;0,58;-0,0429215354164538;0,0247663102918637;0,996;"hs_hg_c_Log2";"hs_zbmi_who";-0,037348462795847;0,970207164702203;-0,032880684096242;0,0316509886539405;498;0,71285140562249
-0,00429907739487422;0,0125935290726872;0,607717041800643;0,756;-0,0311484987269433;0,0200966445278753;1;"hs_mn_c_Log2";"hs_zbmi_who";-0,251066461351206;0,801762725519318;-0,0278446762009281;0,0215210506405219;500;0,622
-0,00811154521217046;0,014030585757796;0,36986301369863;0,54;-0,0326922136048535;0,0190295923592195;1;"hs_mo_c_Log2";"hs_zbmi_who";-0,424068838765914;0,671515610373924;-0,0334493769767948;0,0215495085577666;500;0,73
0,00044063972272962;0,0135618105599778;0,923076923076923;0,96;-0,0278799448830316;0,0289551311862666;1;"hs_pb_c_Log2";"hs_zbmi_who";-0,171742693685782;0,863639819749371;-0,0289098021395383;0,0242515183858846;500;0,48
0,0159417577972703;0,0240621767922389;0,355013550135501;0,524;-0,0288676158707786;0,0601303866199568;1;"hs_hum_mt_hs_h_None";"hs_zbmi_who";0,602168596640526;0,547061916970895;-0,0326715126713251;0,0616504871335226;500;0,738
0,00488869220917025;0,0265174965593406;0,79136690647482;0,888;-0,048321914597804;0,0594130719304092;0,996;"hs_tm_mt_hs_h_None";"hs_zbmi_who";0,125638452656228;0,900018123297253;-0,04864172098044;0,0553049554525049;498;0,558232931726908
0,00100033806157465;0,0274704588455954;1;1;-0,0534341559743972;0,0538664618902795;1;"hs_uvdvf_mt_hs_h_None";"hs_zbmi_who";0,241647415259565;0,809053378571236;-0,0472029446001243;0,060479275352189;500;0,5
-0,00378585913469922;0,015930485554558;0,672240802675585;0,804;-0,0370190207993738;0,0290867673109558;1;"hs_hum_dy_hs_h_None";"hs_zbmi_who";0,0369546725517532;0,970521147095977;-0,0306344720659102;0,0318118838204284;500;0,402
-0,00283241022216663;0,022954124789795;0,818181818181818;0,9;-0,0499201869970942;0,0417261325760659;1;"hs_hum_wk_hs_h_None";"hs_zbmi_who";0,00869652804949168;0,993061261999162;-0,0447896366945503;0,0451888790747222;500;0,45
-0,00543099788861967;0,0231631276397168;0,738675958188153;0,852;-0,0533251222332394;0,0441547293820237;0,998;"hs_tm_dy_hs_h_None";"hs_zbmi_who";-0,0963802755355617;0,923218557029534;-0,0476313645673305;0,0431664273189679;499;0,575150300601202
-0,00130001704405118;0,029640693089149;0,908396946564885;0,952;-0,0574919507276569;0,0565486094727499;1;"hs_tm_wk_hs_h_None";"hs_zbmi_who";0,00696988766213961;0,994438879269808;-0,0578880986304779;0,0583012832325965;500;0,476
0,0036791083066478;0,0268502055671223;0,794964028776978;0,888;-0,0508678055604863;0,0622689808617839;0,998;"hs_uvdvf_dy_hs_h_None";"hs_zbmi_who";-0,138254311848798;0,890039432532219;-0,0563375925827378;0,0489132791953753;499;0,442885771543086
-0,00814381723334233;0,0268723147553336;0,65016501650165;0,788;-0,059981628894749;0,0417233155169466;1;"hs_uvdvf_wk_hs_h_None";"hs_zbmi_who";-0,24377016974139;0,807408824574407;-0,0592194378309299;0,0461181003724264;500;0,606
0,00122229124641602;0,0221623325224655;0,96078431372549;0,98;-0,0400513349737383;0,043396822320982;1;"hs_ndvi100_h_None";"hs_zbmi_who";0,128444359216747;0,897797328282717;-0,0405907469578366;0,0462840001570297;500;0,51
-0,00667593203111974;0,0208580331801372;0,592356687898089;0,744;-0,0485107199795878;0,0321340132758828;1;"hs_ndvi100_s_None";"hs_zbmi_who";-0,321469231745182;0,747854825371241;-0,0475862097235447;0,0341757779192762;500;0,628
-0,0177563029251878;0,0178229327080817;0,193317422434368;0,324;-0,0545667181087098;0,0146629454913103;1;"hs_dde_cadj_Log2";"hs_zbmi_who";-0,81907717092118;0,412742385874868;-0,0495306635067752;0,0203339489066669;500;0,838
-0,00263969309720678;0,0139462383466099;0,72318339100346;0,844;-0,0305957102244022;0,0282823572993245;0,996;"hs_ddt_cadj_Log2";"hs_zbmi_who";0,0165304756076435;0,986811189387645;-0,0271035869263599;0,0275646628319739;498;0,419678714859438
-0,020096712061995;0,0199014145491587;0,141552511415525;0,248;-0,0625544169111591;0,0247745642777385;1;"hs_hcb_cadj_Log2";"hs_zbmi_who";-1,2530036006712;0,210204396310171;-0,0639425998462984;0,0140695116692063;500;0,876
0,00539137034283613;0,0187518770061605;0,689189189189189;0,816;-0,0280124781020669;0,0443996540478757;1;"hs_pcb118_cadj_Log2";"hs_zbmi_who";0,13702238831872;0,891013098698729;-0,0341835766017563;0,0393224305474423;500;0,592
0,0102106077600713;0,0252740146057392;0,65016501650165;0,788;-0,0255113267267768;0,0646679844454254;1;"hs_pcb138_cadj_Log2";"hs_zbmi_who";0,141012187475321;0,887860314337271;-0,0459722142861496;0,0531001024578266;500;0,606
-0,00762248241738882;0,0266878538249102;0,639344262295082;0,78;-0,0570947998331913;0,0458146808257433;1;"hs_pcb153_cadj_Log2";"hs_zbmi_who";-0,283499513659953;0,776793954419998;-0,0598732259014836;0,0447412387415036;500;0,61
-0,0205737814993447;0,0171105230221549;0,133786848072562;0,236;-0,0527565618990877;0,0126481444857731;1;"hs_pcb170_cadj_Log2";"hs_zbmi_who";-1,23385432324238;0,217257192650102;-0,0546479016838911;0,012424116076243;500;0,882
-0,00150014354553119;0,0198814297039325;0,663333333333333;0,8;-0,0331951020006443;0,0495718389071268;0,998;"hs_pcb180_cadj_Log2";"hs_zbmi_who";-0,115050741310086;0,908404903282397;-0,0412542594066144;0,0366795129551308;499;0,601202404809619
-0,0193417003113175;0,0292906754327466;0,312335958005249;0,476;-0,0820202122749705;0,0372388661332085;1;"hs_sumPCBs5_cadj_Log2";"hs_zbmi_who";-0,472118132551446;0,636842470529344;-0,0712373279175144;0,0435800099445567;500;0,762
0,00823636359775685;0,0178468595928812;0,453488372093023;0,624;-0,0298141236434486;0,0417634982262037;1;"hs_pfhxs_c_Log2";"hs_zbmi_who";0,197258689016029;0,843625105527726;-0,0314587539128455;0,0384996501655353;500;0,688
0,00165162340915266;0,0161393525075436;0,872659176029963;0,932;-0,030395569723818;0,0344771546666575;1;"hs_pfna_c_Log2";"hs_zbmi_who";-0,0468675623449574;0,962618781170548;-0,0323889617584361;0,0308761375387271;500;0,466
-0,0012253216365342;0,0147482963463318;0,972332015810277;0,988;-0,0308057910969414;0,025231578847112;0,998;"hs_pfoa_c_Log2";"hs_zbmi_who";-0,059259626196961;0,952745318199397;-0,0297801082006596;0,0280321511436084;499;0,507014028056112
-0,00697716061619521;0,018364326450539;0,530674846625767;0,696;-0,0427130349594894;0,0294161264621697;0,998;"hs_pfos_c_Log2";"hs_zbmi_who";-0,0644945475501377;0,948576448499548;-0,0371778173688833;0,0348090195179022;499;0,653306613226453
0,00137074897474315;0,013949914002987;0,854477611940298;0,928;-0,027519110255835;0,0300146373003732;0,994;"hs_pfunda_c_Log2";"hs_zbmi_who";0,0191004532257953;0,984760969874838;-0,0270748793533676;0,0276077787132035;497;0,539235412474849
-0,00200674000640897;0,0125196389102233;0,811594202898551;0,896;-0,0259106436077528;0,0214258951212891;1;"hs_hm_pers_None";"hs_zbmi_who";0,117528170447694;0,906441521941554;-0,0230666311076996;0,0260094516192682;500;0,448
-0,00337411340183342;0,0140979989482607;0,627450980392157;0,776;-0,0346747240379193;0,0237665810787625;0,996;"hs_trafload_h_pow1over3";"hs_zbmi_who";-0,157512240828866;0,874841161525081;-0,029852177598218;0,0254109627871309;498;0,614457831325301
0,000664016238397949;0,0173363835761478;0,872659176029963;0,932;-0,0346131806932161;0,032909922677429;1;"hs_trafnear_h_pow1over3";"hs_zbmi_who";0,110015938365789;0,912396734655897;-0,0320714089244222;0,0358859659384205;500;0,534
-0,00901821402119378;0,0142612274582879;0,373626373626374;0,544;-0,0380703994931621;0,0162403717774458;1;"FAS_cat_None_Low";"hs_zbmi_who";-0,640209496824953;0,52203640949248;-0,0370816654487546;0,0188213189384012;500;0,728
-0,00167095254403788;0,0139856538812154;0,817518248175182;0,904;-0,0295433284632222;0,0240733725461705;0,996;"FAS_cat_None_Middle";"hs_zbmi_who";-0,320159530725833;0,748847399610752;-0,0318890182909289;0,0229337375239212;498;0,550200803212851
-0,00229541923925455;0,012764067420696;0,788530465949821;0,884;-0,0298522363870309;0,0230422484031151;0,998;"hs_globalexp2_None_no exposure";"hs_zbmi_who";-0,121640169847;0,903183998754307;-0,0265697357697972;0,0234644891118132;499;0,559118236472946
-0,0133639154620379;0,03394593337819;0,557632398753894;0,716;-0,0845626028007074;0,0493580454772544;1;"hs_no2_dy_hs_h_Log";"hs_correct_raven";-0,390234692299303;0,696363010391049;-0,0797796877094991;0,0532859259761979;500;0,642
-0,00406590400222913;0,0380646385339972;0,879699248120301;0,936;-0,0823268988679521;0,0677937464077054;1;"hs_no2_wk_hs_h_Log";"hs_correct_raven";-0,132729421591784;0,894407373659228;-0,0796576180668878;0,0695530231554522;500;0,532
0,00542865267030283;0,0390332856141316;0,798561151079137;0,888;-0,072515334331783;0,0858364895577176;1;"hs_no2_yr_hs_h_Log";"hs_correct_raven";-0,00729869836466783;0,99417653296457;-0,0767887261798429;0,0762189418240839;500;0,444
-0,00823140819402636;0,0272403206841513;0,639344262295082;0,78;-0,068112345194346;0,0399052599025072;1;"hs_pm10_dy_hs_h_None";"hs_correct_raven";-0,4371533152855;0,662000163966475;-0,0652982439647749;0,0414818509717411;500;0,61
0,00330825601272657;0,0310252932462852;0,742160278745645;0,852;-0,0575665396513884;0,0596317501487643;1;"hs_pm10_wk_hs_h_None";"hs_correct_raven";0,0935387973355822;0,925475528973102;-0,0579063887552715;0,063710525989754;500;0,574
0,0168629848365008;0,0457745603621364;0,572327044025157;0,728;-0,0685348919714719;0,105351158521949;1;"hs_pm10_yr_hs_h_None";"hs_correct_raven";0,367913727995663;0,71293756364823;-0,0728754005677459;0,106557578868138;500;0,636
0,00326236408110854;0,0285397859023705;0,818181818181818;0,9;-0,0512375448378645;0,0612168565876548;1;"hs_pm25_dy_hs_h_None";"hs_correct_raven";0,192616503232928;0,84725931924832;-0,0504397187315992;0,0614341862586612;500;0,55
-0,00535316934485744;0,0337231174446481;0,805054151624549;0,892;-0,0747083702438518;0,053983096434146;1;"hs_pm25_wk_hs_h_None";"hs_correct_raven";0,00225587065566165;0,9982000771593;-0,066020020646864;0,0661721706289856;500;0,446
-0,0103655136031298;0,0388610619365957;0,639344262295082;0,78;-0,0916666201406222;0,063576413570917;1;"hs_pm25_yr_hs_h_None";"hs_correct_raven";-0,409641261489873;0,682069124307161;-0,092085376231251;0,0602471873621647;500;0,61
0,0183525747796257;0,0225221414521204;0,263291139240506;0,42;-0,026661776208428;0,0602801781157258;0,998;"hs_pm25abs_dy_hs_h_Log";"hs_correct_raven";0,74576554475022;0,455809057049274;-0,0273463490118906;0,0609388231898548;499;0,791583166332665
-0,00907924112733091;0,0228428766345372;0,503012048192771;0,672;-0,054041761000183;0,0374870814547061;0,998;"hs_pm25abs_wk_hs_h_Log";"hs_correct_raven";-0,36711009297176;0,713536899026064;-0,0531570660720319;0,0363853649419371;499;0,665330661322645
0,00470154572824541;0,0296819982543857;0,779359430604982;0,876;-0,055209857556622;0,06329506931853;1;"hs_pm25abs_yr_hs_h_Log";"hs_correct_raven";0,0381362652074616;0,969579036876263;-0,0570436870104601;0,0593076081250935;500;0,562
-0,00106221666287394;0,0353867164728648;0,953125;0,976;-0,073398116152898;0,0663166209726954;1;"hs_accesslines300_h_dic0";"hs_correct_raven";-0,00322487784641806;0,997426924215797;-0,0694708076559561;0,0692425719799345;500;0,512
-0,0120500894661689;0,0273253581843716;0,432664756446991;0,604;-0,0640882037146869;0,0480777233660409;1;"hs_accesspoints300_h_Log";"hs_correct_raven";-0,462542322144735;0,643692459620058;-0,0661958525340611;0,0409175832779893;500;0,698
0,000579521922449761;0,0278185846593303;0,98015873015873;0,992;-0,0552733781000853;0,0575928081064669;0,998;"hs_builtdens300_h_Sqrt";"hs_correct_raven";0,00327545342767233;0,997386570953503;-0,0544323055546904;0,0546145425116412;499;0,49498997995992
-0,00655387163299695;0,0256550431470224;0,666666666666667;0,8;-0,0589424497495089;0,0448008964432949;1;"hs_connind300_h_Log";"hs_correct_raven";-0,275684365471065;0,782790505001984;-0,0573556548811047;0,0432102662988654;500;0,6
0,016948186684187;0,0291039870245112;0,41643059490085;0,588;-0,036932759606568;0,0760629643360844;1;"hs_fdensity300_h_Log";"hs_correct_raven";0,597632742585998;0,550085011795112;-0,0396492707889171;0,0744362619602089;500;0,706
0,00724133896828351;0,0211782284070616;0,501501501501502;0,668;-0,0325522831164056;0,051256384041901;1;"hs_landuseshan300_h_None";"hs_correct_raven";0,273010774560811;0,784844933192394;-0,0357266803929661;0,0472904494754414;500;0,666
-0,00404774789788715;0,0253950798585266;0,87218045112782;0,936;-0,0565507296746095;0,0451170103287192;0,996;"hs_popdens_h_Sqrt";"hs_correct_raven";-0,245583263350846;0,806004846437376;-0,0560100484919429;0,0435368353225183;498;0,534136546184739
0,00211355092886242;0,0224486815084458;0,838235294117647;0,912;-0,0479168618110474;0,0476772176478298;1;"hs_walkability_mean_h_None";"hs_correct_raven";0,156366387388688;0,875744230216525;-0,0404883880278491;0,0475088264860789;500;0,544
-0,00671003135629256;0,0334328631218891;0,718213058419244;0,836;-0,0733535906395488;0,0607468526853404;1;"hs_accesslines300_s_dic0";"hs_correct_raven";-0,107839675761405;0,914122869686151;-0,0691325967377999;0,06192181850012;500;0,582
-0,010033487231935;0,0260135215657494;0,519756838905775;0,684;-0,0652714836924945;0,0432937130909754;1;"hs_accesspoints300_s_Log";"hs_correct_raven";-0,368895848486056;0,712205357887451;-0,0605818454900323;0,0413892852698174;500;0,658
0,00248609219878186;0,0256593881490193;0,968379446640316;0,988;-0,0499291440227848;0,0546921876015464;0,996;"hs_builtdens300_s_Sqrt";"hs_correct_raven";0,0978699355601406;0,922035573295431;-0,0477801939727545;0,0528027593020688;498;0,508032128514056
-0,00195356060546939;0,0221441403220702;0,945525291828794;0,972;-0,0466169718735764;0,041132636735175;1;"hs_connind300_s_Log";"hs_correct_raven";-0,00234938728318375;0,998125461883858;-0,0434537426615284;0,043349692338189;500;0,514
-0,00812854748681792;0,0284583657636886;0,672240802675585;0,804;-0,0661398900100739;0,0476702587508593;1;"hs_fdensity300_s_Log";"hs_correct_raven";-0,127549013621801;0,898505882671284;-0,0594072084381442;0,0521475354732504;500;0,598
-0,00140859555416816;0,0209409401352984;0,904214559386973;0,956;-0,0401380931819088;0,0405047528498347;0,994;"hs_landuseshan300_s_None";"hs_correct_raven";-0,0518997236332723;0,958608594489419;-0,0421303174732371;0,0399566594619514;497;0,525150905432596
0,00590052327045785;0,0239919565393106;0,705479452054795;0,832;-0,0421074120403771;0,0554108304501724;0,996;"hs_popdens_s_Sqrt";"hs_correct_raven";0,228712070203913;0,819092712766892;-0,0415361206873509;0,0525106207840469;498;0,586345381526104
0,0110156022657621;0,0246470854505623;0,488095238095238;0,656;-0,0356104259015719;0,0593100861657852;1;"h_Absorbance_Log";"hs_correct_raven";0,454698685245854;0,649326026874448;-0,0371004024574704;0,0595143971564962;500;0,672
-0,0133381340474265;0,0198144526307521;0,340482573726542;0,508;-0,0527371189255143;0,0243294123953658;1;"h_Benzene_Log";"hs_correct_raven";-0,52459052819751;0,599867872619225;-0,0492300877011598;0,0284411393581382;500;0,746
0,00578870568964697;0,0250934657286451;0,706484641638225;0,828;-0,0447992054705504;0,056412770884786;1;"h_NO2_Log";"hs_correct_raven";0,248967564824159;0,803385871071026;-0,0429348300199752;0,0554297481308937;500;0,586
-0,0154693957860161;0,023612215625781;0,36986301369863;0,54;-0,064499725268543;0,0268162795086737;1;"h_PM_Log";"hs_correct_raven";-0,633535472719847;0,52638402378165;-0,0612382684101668;0,0313199160332825;500;0,73
0,00295345587811831;0,0207056587653803;0,824817518248175;0,904;-0,0354049263005058;0,0457908626382626;1;"h_TEX_Log";"hs_correct_raven";0,0146420409063634;0,988317759048357;-0,0402791723536855;0,0408855185589573;500;0,548
0,0116584082364564;0,0197114194316799;0,373626373626374;0,544;-0,0274989310532907;0,0487059583096319;1;"hs_KIDMED_None";"hs_correct_raven";0,579905957116452;0,561978038275034;-0,0272029026186035;0,0500644417219079;500;0,728
-0,00848394859719366;0,0212679805580164;0,529051987767584;0,692;-0,0515972771232405;0,0318239455021721;1;"hs_mvpa_prd_alt_None";"hs_correct_raven";-0,597686318749735;0,550049255925066;-0,054396056924572;0,0289728949106484;500;0,654
-0,00694432070567002;0,018651692257381;0,569182389937107;0,728;-0,0437533411375952;0,0284568105337138;0,998;"hs_sd_wk_None";"hs_correct_raven";-0,205265314772341;0,837364841844167;-0,0403851905574394;0,0327280995929431;499;0,637274549098196
-0,00508472187887845;0,0193587367983286;0,644736842105263;0,784;-0,0416853130990013;0,0303560745189586;1;"hs_dif_hours_total_None";"hs_correct_raven";-0,456816106538075;0,647803227896892;-0,0467858096826222;0,0290990441392065;500;0,608
0,0142945966540332;0,0189082754945968;0,272264631043257;0,428;-0,0212820025492872;0,0521350813846462;1;"hs_as_c_Log2";"hs_correct_raven";0,881610114435664;0,377987683597519;-0,0203898120565984;0,0537292659017435;500;0,786
-0,00433327220217795;0,0178843801613355;0,628664495114006;0,772;-0,0441274445463137;0,0296692667262234;1;"hs_cd_c_Log2";"hs_correct_raven";-0,2432000105463;0,80785045869222;-0,0394022224458911;0,0307032595581894;500;0,614
0,00654881488194746;0,0188756041472642;0,572327044025157;0,728;-0,0299123139804818;0,0452065099266884;1;"hs_co_c_Log2";"hs_correct_raven";0,37225397867568;0,709703759990173;-0,0299689855713465;0,044022023058799;500;0,636
0,00788875499245898;0,0231794323374585;0,572327044025157;0,728;-0,0385972455073484;0,0506015677206928;1;"hs_cs_c_Log2";"hs_correct_raven";0,532927189855028;0,594083982709864;-0,0330779028254652;0,0577838023015383;500;0,636
-0,00327947965955779;0,0198082058179112;0,831501831501832;0,908;-0,0444894605178764;0,0332882472838795;1;"hs_cu_c_Log2";"hs_correct_raven";-0,0650999113174461;0,948094451042936;-0,0401128824435665;0,037533857559359;500;0,546
-0,015865277194244;0,0227237101550528;0,283505154639175;0,448;-0,0655696993775589;0,0292947801424794;0,996;"hs_hg_c_Log2";"hs_correct_raven";-0,71969215860271;0,471714555286653;-0,0608917295119827;0,0281835774860783;498;0,779116465863454
-0,00743990924771767;0,0170468023006161;0,519756838905775;0,684;-0,0445597034895085;0,0252089841876036;1;"hs_mn_c_Log2";"hs_correct_raven";-0,341505363712578;0,732723167661375;-0,0392326929805904;0,0275895441409738;500;0,658
-0,00570587094157139;0,0191037516878794;0,547987616099071;0,708;-0,0421376743320654;0,0320002863232511;1;"hs_mo_c_Log2";"hs_correct_raven";-0,305161805791231;0,760242920380474;-0,0432724006403004;0,0316129299153793;500;0,646
-0,00263825058692138;0,0180541803817532;0,689189189189189;0,816;-0,0408345050077987;0,0353011214479266;1;"hs_pb_c_Log2";"hs_correct_raven";-0,084500475141185;0,932658525085904;-0,0369111301391687;0,0338599564980831;500;0,592
0,0043419211245316;0,0322089327882195;0,811594202898551;0,896;-0,0573572012075684;0,0645917638513108;1;"hs_hum_mt_hs_h_None";"hs_correct_raven";0,15806292527798;0,874407214644419;-0,0580373101087936;0,0682193863819692;500;0,552
0,0105005119159846;0,0354201750351651;0,627450980392157;0,776;-0,0633843335383122;0,0841570714906293;0,996;"hs_tm_mt_hs_h_None";"hs_correct_raven";0,245580400316939;0,806007062950505;-0,0607237666305964;0,0781207681594602;498;0,614457831325301
0,00285628739361075;0,0374445026332586;0,886792452830189;0,94;-0,0717166212267105;0,0747210239818849;1;"hs_uvdvf_mt_hs_h_None";"hs_correct_raven";0,0721927720773071;0,942448497213022;-0,0706866541360512;0,0760930990243531;500;0,53
7,5966329072386e-06;0,0218026395002175;1;1;-0,0446194581591933;0,0432912357997708;1;"hs_hum_dy_hs_h_None";"hs_correct_raven";-0,100294797281624;0,920110287835171;-0,0449190794972153;0,040545696879458;500;0,5
8,15303241298191e-05;0,0303789733786058;0,99203187250996;0,996;-0,0563912658264353;0,0579237665017897;1;"hs_hum_wk_hs_h_None";"hs_correct_raven";0,0573702998810507;0,954250221284118;-0,0577988428965594;0,0612845445221776;500;0,502
-0,00444538460863636;0,0301581299021338;0,807971014492754;0,896;-0,0605044215779097;0,0567743941171692;0,998;"hs_tm_dy_hs_h_None";"hs_correct_raven";-0,228047022683713;0,819609684665506;-0,065986320183153;0,0522313767153725;499;0,55310621242485
-0,00450459137455956;0,0401575983108908;0,798561151079137;0,888;-0,0806153221905509;0,0705941237212087;1;"hs_tm_wk_hs_h_None";"hs_correct_raven";-0,136726812429778;0,89124673530297;-0,084198066806856;0,0732168259830889;500;0,556
0,0038102020897802;0,0355555575503421;0,841328413284133;0,916;-0,0633135385566052;0,0795485696740436;0,998;"hs_uvdvf_dy_hs_h_None";"hs_correct_raven";0,0939423815152975;0,925154927100414;-0,0663474384965283;0,073027786001295;499;0,543086172344689
-0,00964498388223754;0,0366369864313447;0,623376623376623;0,768;-0,0791057113085559;0,0633102852243841;1;"hs_uvdvf_wk_hs_h_None";"hs_correct_raven";-0,119515871619106;0,904866666427353;-0,0761858752743577;0,0674284725406786;500;0,616
-0,00108847669963655;0,0311788837482378;0,893939393939394;0,944;-0,0555262377495007;0,0590049983258422;1;"hs_ndvi100_h_None";"hs_correct_raven";-0,149424404494535;0,881218755898994;-0,0657683753615921;0,0564506030878225;500;0,528
-0,0109874827923381;0,0285624731239413;0,492537313432836;0,66;-0,0697820988436994;0,0461740848904996;1;"hs_ndvi100_s_None";"hs_correct_raven";-0,456381838988235;0,648115422945606;-0,0690168126426746;0,0429460246219618;500;0,67
-0,00491755750851134;0,0233785535352577;0,742160278745645;0,852;-0,0593033105479073;0,0353485926637895;1;"hs_dde_cadj_Log2";"hs_correct_raven";-0,180670015155391;0,856626595869722;-0,0500449265612727;0,0415973193182205;500;0,574
-0,00336266706217761;0,0187545587994041;0,717241379310345;0,84;-0,0409704944153525;0,0344474570813973;0,996;"hs_ddt_cadj_Log2";"hs_correct_raven";-0,068048592942625;0,945746952327494;-0,03803448113033;0,0354820384552117;498;0,582329317269076
0,00579278498916273;0,0320444492866181;0,811594202898551;0,896;-0,0358674666077963;0,0894628362307494;1;"hs_hcb_cadj_Log2";"hs_correct_raven";-0,0271218744094337;0,978362527921104;-0,0636750720352628;0,0619368609771205;500;0,552
-0,0088355469323361;0,0250266310389734;0,519756838905775;0,684;-0,0546399337421246;0,0416912175252304;1;"hs_pcb118_cadj_Log2";"hs_correct_raven";-0,455478018165857;0,648765378320107;-0,0604503757977599;0,0376522151837604;500;0,658
0,0121719339126137;0,0345873653032812;0,718213058419244;0,836;-0,0366805992146999;0,0903879004100013;1;"hs_pcb138_cadj_Log2";"hs_correct_raven";0,17864266859426;0,858218288673469;-0,0616112110771388;0,0739687695519842;500;0,582
-0,00947445763902175;0,0368770022155079;0,628664495114006;0,772;-0,0829169021687364;0,0605782987452461;1;"hs_pcb153_cadj_Log2";"hs_correct_raven";-0,176105599270788;0,860210982093722;-0,0787718427746715;0,0657833496257271;500;0,614
0,010451940702788;0,0239469058296215;0,524390243902439;0,688;-0,0318513421416998;0,0603370814570411;1;"hs_pcb170_cadj_Log2";"hs_correct_raven";0,466921482982194;0,640556054535032;-0,0357537481844286;0,0581163977500323;500;0,656
0,00943581787123143;0,0286283110854768;0,6578073089701;0,796;-0,0363872020553371;0,0760676991341128;0,998;"hs_pcb180_cadj_Log2";"hs_correct_raven";0,0139619629769456;0,988860327224673;-0,0557107512462754;0,0565101660852112;499;0,603206412825651
-0,00224176829366482;0,0422181586955264;0,945525291828794;0,972;-0,0886663770318571;0,0800608124992473;1;"hs_sumPCBs5_cadj_Log2";"hs_correct_raven";0,233002343879002;0,815759585705246;-0,0729091406065149;0,0925830004671415;500;0,486
0,0113118927702798;0,0241269178027419;0,41643059490085;0,588;-0,0409132949233927;0,0557634437409046;1;"hs_pfhxs_c_Log2";"hs_correct_raven";0,634411671102549;0,525812194828988;-0,0319814917095411;0,0625942881931238;500;0,706
-0,00731389533693102;0,0223786693492426;0,5625;0,72;-0,0508967228244584;0,038003052166204;1;"hs_pfna_c_Log2";"hs_correct_raven";-0,125114292249572;0,900433068626895;-0,0466612773235637;0,0410614945693283;500;0,64
0,0076104828971511;0,0200937686611045;0,544891640866873;0,708;-0,0321298967542931;0,0489475435709328;0,998;"hs_pfoa_c_Log2";"hs_correct_raven";0,330008781783539;0,741393326600783;-0,032751942772153;0,0460141830067357;499;0,647294589178357
0,00703540010942369;0,0257115413666866;0,68013468013468;0,812;-0,0372887682551956;0,0639342076643939;0,998;"hs_pfos_c_Log2";"hs_correct_raven";0,165126932057006;0,86884407526807;-0,0461480271213797;0,0546393630100552;499;0,595190380761523
0,00458893162264508;0,0187756723270011;0,608414239482201;0,764;-0,0318455068361558;0,0443522214464577;0,994;"hs_pfunda_c_Log2";"hs_correct_raven";0,295632653676798;0,767510633666825;-0,0312489397118502;0,042350343381045;497;0,621730382293763
-0,00994578510803349;0,0167698103526339;0,344086021505376;0,512;-0,0459720532405707;0,0215995589872485;1;"hs_hm_pers_None";"hs_correct_raven";-0,685790707276817;0,492845097101349;-0,0443688044213601;0,0213676442160984;500;0,744
-0,00124230133851405;0,018871810180954;0,830882352941177;0,912;-0,0421594863518055;0,0369237643655186;0,996;"hs_trafload_h_pow1over3";"hs_correct_raven";0,00952380934317804;0,992401214437259;-0,036808336755622;0,0371677997998701;498;0,453815261044177
-0,00884944843939952;0,0239149567025372;0,628664495114006;0,772;-0,0554456703277345;0,0371219764283473;1;"hs_trafnear_h_pow1over3";"hs_correct_raven";-0,307695759398242;0,758313846797094;-0,054230984592371;0,0395139230652444;500;0,614
-0,00576465719943148;0,0191513767981381;0,597444089456869;0,748;-0,0456935140393363;0,0294663323572253;1;"FAS_cat_None_Low";"hs_correct_raven";-0,291852129587187;0,770399685766034;-0,0431253788817699;0,0319466386756434;500;0,626
0,00357447029673967;0,0188236152040729;0,753521126760563;0,864;-0,0349653802579155;0,0401982557501303;0,996;"FAS_cat_None_Middle";"hs_correct_raven";0,319180143824628;0,749589913052527;-0,030885483650688;0,0429017320669589;498;0,570281124497992
0,00118747266370488;0,0170466617370899;0,794964028776978;0,888;-0,0346719153085213;0,0353219084578552;0,998;"hs_globalexp2_None_no exposure";"hs_correct_raven";0,0463594399998557;0,963023763924259;-0,0326205693693347;0,0342011167533316;499;0,557114228456914
0,011523055376661;0,0118356511532477;0,173708920187793;0,296;-0,0100872101622619;0,0345351904951492;1;"hs_no2_dy_hs_h_Log";"hs_Gen_Tot";0,536369922085078;0,591702914619382;-0,0168491627070518;0,029545737280839;500;0,852
0,00481084667481221;0,0127939992281404;0,547987616099071;0,708;-0,0202425063690333;0,0323319507131177;1;"hs_no2_wk_hs_h_Log";"hs_Gen_Tot";0,596808951386675;0,550634940893583;-0,017440204442;0,0327113509687768;500;0,646
-0,00416489657694937;0,0137190206300157;0,597444089456869;0,748;-0,0322100729338561;0,0212269750114199;1;"hs_no2_yr_hs_h_Log";"hs_Gen_Tot";-0,606820384799666;0,543970118420984;-0,0352137677157733;0,018563804960212;500;0,626
0,000777159685481804;0,00873944782442783;0,851851851851852;0,92;-0,0169185519913121;0,0182931562817878;1;"hs_pm10_dy_hs_h_None";"hs_Gen_Tot";-0,543557545990521;0,586745980887585;-0,0218793957934037;0,0123786101678873;500;0,46
-0,00865392785714838;0,0121388032686151;0,336898395721925;0,504;-0,0352596653542151;0,0106965851939323;1;"hs_pm10_wk_hs_h_None";"hs_Gen_Tot";-1,15055843883368;0,249913939506351;-0,0377580197599496;0,00982521468385575;500;0,748
-0,00559731049970643;0,0142823954236298;0,510574018126888;0,676;-0,0328811667001969;0,0237584266516185;1;"hs_pm10_yr_hs_h_None";"hs_Gen_Tot";-0,772024865462295;0,440099700435246;-0,0390193450486811;0,016966616237867;500;0,662
0,00193630466870862;0,0093077658369727;0,742160278745645;0,852;-0,0161584027927856;0,0223434387316095;1;"hs_pm25_dy_hs_h_None";"hs_Gen_Tot";0,731810327206569;0,464284344841169;-0,0114313666542817;0,0250544049797159;500;0,574
-0,00672404499753921;0,0120898838612283;0,449275362318841;0,62;-0,0317377787432162;0,013316315422978;1;"hs_pm25_wk_hs_h_None";"hs_Gen_Tot";-0,0231097381582179;0,981562737834665;-0,0239751309956759;0,0234163428948834;500;0,69
-0,00521106740276228;0,015128579471268;0,597444089456869;0,748;-0,0352746545660486;0,0240120202559123;1;"hs_pm25_yr_hs_h_None";"hs_Gen_Tot";-1,14905366142433;0,250533854255219;-0,0470350205345467;0,0122679212673277;500;0,626
-0,00797512815309568;0,00788543351988048;0,16588785046729;0,288;-0,0246378992093611;0,0066351229851602;0,998;"hs_pm25abs_dy_hs_h_Log";"hs_Gen_Tot";-0,997218111943943;0,318658651384928;-0,0233186628280053;0,00759166857489595;499;0,857715430861723
0,000773482960713241;0,00759727815681047;0,87593984962406;0,936;-0,0144029777419885;0,014939214980354;0,998;"hs_pm25abs_wk_hs_h_Log";"hs_Gen_Tot";0,626766487582429;0,530812313924443;-0,0101286722223506;0,0196521109134122;499;0,533066132264529
-0,0055569582444239;0,0106356274227177;0,479289940828402;0,648;-0,0275066978184866;0,0135219772797725;1;"hs_pm25abs_yr_hs_h_Log";"hs_Gen_Tot";-0,723095616887758;0,469621141963899;-0,0285360222737316;0,0131548711292948;500;0,676
0,00244019494580558;0,0114144596888892;0,700680272108844;0,824;-0,0213065391903013;0,0236503737025301;1;"hs_accesslines300_h_dic0";"hs_Gen_Tot";0,149883278282141;0,880856704675793;-0,0206610932552171;0,0240827665311972;500;0,588
-0,00151467102993176;0,00889746031359581;0,65016501650165;0,788;-0,0181863559018324;0,0161644014824662;1;"hs_accesspoints300_h_Log";"hs_Gen_Tot";0,783181497824508;0,433520538348743;-0,0104703754732862;0,0244070280637583;500;0,394
0,000674972977319107;0,00884277919305683;0,883018867924528;0,94;-0,0170321019765914;0,0180997108311334;0,998;"hs_builtdens300_h_Sqrt";"hs_Gen_Tot";0,175506008389401;0,860682050043566;-0,0157795678623893;0,0188834896208738;499;0,531062124248497
0,00420751507220263;0,00798137194355758;0,385041551246537;0,556;-0,0111947457823585;0,0195006359488619;1;"hs_connind300_h_Log";"hs_Gen_Tot";0,283765776569409;0,776589883188273;-0,0133783613489384;0,0179080417642442;500;0,722
-0,00610343256399702;0,0100515425465285;0,373626373626374;0,544;-0,026818625573591;0,0121865155980274;1;"hs_fdensity300_h_Log";"hs_Gen_Tot";-0,771284984713345;0,440538030412546;-0,0274532652196127;0,0119480575409231;500;0,728
-0,00340320105412269;0,00695796186739232;0,432664756446991;0,604;-0,0181383354753643;0,00960864013039345;1;"hs_landuseshan300_h_None";"hs_Gen_Tot";-0,622610965851788;0,533540203315457;-0,0179694580245091;0,00930525130727496;500;0,698
0,0014141614137153;0,00845433321606543;0,830882352941177;0,912;-0,0160243844777913;0,0180270108557268;0,996;"hs_popdens_h_Sqrt";"hs_Gen_Tot";-0,221162890477504;0,82496560290285;-0,0184399733879139;0,0147004038456639;498;0,453815261044177
-0,00105455615704887;0,00788077646070902;0,865671641791045;0,928;-0,0171959355043269;0,0138385370901929;1;"hs_walkability_mean_h_None";"hs_Gen_Tot";-0,0662702150376837;0,94716269603713;-0,0159682987839158;0,0149237772824856;500;0,536
0,00417382286460529;0,010930780767147;0,547987616099071;0,708;-0,0156451401821596;0,026014761611368;1;"hs_accesslines300_s_dic0";"hs_Gen_Tot";0,969906753001594;0,332092973690107;-0,0108220985448754;0,0320257747081472;500;0,646
0,00283907096912029;0,00896075686591559;0,633986928104575;0,776;-0,0140624953394866;0,0205639891955649;1;"hs_accesspoints300_s_Log";"hs_Gen_Tot";0,293935715968649;0,768807025585402;-0,0149288742464107;0,0201966472164185;500;0,612
0,00375078120205235;0,00882913577219331;0,464705882352941;0,64;-0,0128050962481256;0,0214459383981956;0,996;"hs_builtdens300_s_Sqrt";"hs_Gen_Tot";0,419360030621763;0,674953030352047;-0,0136022014803224;0,0210073747759038;498;0,682730923694779
0,00129926788597124;0,00788703737966548;0,718213058419244;0,836;-0,0139522441187721;0,0179349134877353;1;"hs_connind300_s_Log";"hs_Gen_Tot";0,634791748503883;0,525564245626027;-0,0104516829601122;0,0204649354576188;500;0,582
-0,000681701127521291;0,00962563500357949;0,908396946564885;0,952;-0,0194542216313912;0,018713437377034;1;"hs_fdensity300_s_Log";"hs_Gen_Tot";0,415848302437428;0,677521011076356;-0,0148630939592231;0,0228687019114647;500;0,476
0,00209819869032815;0,00702916784592132;0,645695364238411;0,792;-0,010884446999112;0,0158064717236457;0,994;"hs_landuseshan300_s_None";"hs_Gen_Tot";0,357089271096222;0,721024976142969;-0,0112668753967797;0,0162869562418058;497;0,607645875251509
0,000467788604764558;0,00749527186694286;0,937743190661479;0,972;-0,0139740943665425;0,01560928817742;0,996;"hs_popdens_s_Sqrt";"hs_Gen_Tot";-0,227902223665015;0,819722253977113;-0,0163986520389944;0,0129822737880942;498;0,483935742971888
-0,00466810486660221;0,0088410245577019;0,41643059490085;0,588;-0,0215956085339719;0,0123790657850962;1;"h_Absorbance_Log";"hs_Gen_Tot";-0,49730566562369;0,618973517051681;-0,0217247813219932;0,0129313981170666;500;0,706
0,0116613470115882;0,0077876102488095;0,0706638115631692;0,132;-0,00273721650089955;0,0263561411695441;1;"h_Benzene_Log";"hs_Gen_Tot";2,02803641302132;0,042556531787722;0,000530121541702056;0,0310569927683053;500;0,934
0,0026404707220973;0,00753163533872861;0,54320987654321;0,704;-0,0126989255082254;0,0175140565999638;1;"h_NO2_Log";"hs_Gen_Tot";0,125077016425789;0,900462578625642;-0,013819699531622;0,0157037684855724;500;0,648
0,00752367273807607;0,00720804627308429;0,165501165501166;0,284;-0,00675076632413717;0,0218365114197887;1;"h_PM_Log";"hs_Gen_Tot";1,2456134311499;0,21290634895513;-0,00514907184403962;0,0231059503442471;500;0,858
-0,00300498324558669;0,00665910564634816;0,449275362318841;0,62;-0,0166683297635722;0,00919725268325921;1;"h_TEX_Log";"hs_Gen_Tot";-0,761089055719748;0,446603876924772;-0,0181197796644069;0,00798343480777255;500;0,69
-0,00666300341987071;0,00652447667724164;0,187648456057007;0,316;-0,0188513100278701;0,006178389597602;1;"hs_KIDMED_None";"hs_Gen_Tot";-1,21875882718924;0,222935742814786;-0,0207395028485437;0,00483597576218661;500;0,842
-0,00156181049555635;0,00753401206026582;0,730103806228374;0,844;-0,0168187382958336;0,0133040882964628;1;"hs_mvpa_prd_alt_None";"hs_Gen_Tot";-0,905536789819924;0,365181078715554;-0,0215887173927291;0,00794406720169371;500;0,578
0,00641814179844568;0,00711172280563917;0,208232445520581;0,348;-0,00776848995305871;0,0202534741181345;0,998;"hs_sd_wk_None";"hs_Gen_Tot";1,16635743231814;0,243469961549027;-0,00564390981614123;0,0222335313180286;499;0,827655310621243
-0,010851217297734;0,0069474464876611;0,0548523206751055;0,104;-0,025126251568099;0,00289767603408173;1;"hs_dif_hours_total_None";"hs_Gen_Tot";-1,72864670204899;0,0838723457238068;-0,0256264253588922;0,00160706444177788;500;0,948
-0,00310934219205393;0,00614453346600114;0,408450704225352;0,58;-0,0152538378044659;0,00935930285097651;1;"hs_as_c_Log2";"hs_Gen_Tot";-0,0132237203531291;0,989449305189098;-0,0121243178874181;0,0119618107029085;500;0,71
0,0035137282376059;0,00557856217010733;0,329787234042553;0,496;-0,00837435183861789;0,0141593868883239;1;"hs_cd_c_Log2";"hs_Gen_Tot";0,450250640627186;0,652529725361226;-0,00842202974805857;0,0134455321297974;500;0,752
-0,00717906261110679;0,00690109544707644;0,165501165501166;0,284;-0,0221976589441992;0,00610450339580477;1;"hs_co_c_Log2";"hs_Gen_Tot";-1,01034980286295;0,312327728327906;-0,0204984189546352;0,00655337810565109;500;0,858
0,00143558288276949;0,00816532523992465;0,76678445229682;0,868;-0,0150153550995904;0,0171840381180353;1;"hs_cs_c_Log2";"hs_Gen_Tot";0,677045336241166;0,498377190052008;-0,0104754480197249;0,0215320387648915;500;0,566
0,00304120278394004;0,00645254575362748;0,470588235294118;0,64;-0,00921934427412235;0,01513601897397;1;"hs_cu_c_Log2";"hs_Gen_Tot";0,810978493314194;0,417378021549491;-0,007413881452389;0,0178796331190244;500;0,68
-0,00161168363649421;0,00698842907748621;0,735191637630662;0,852;-0,0164278074555322;0,0109779836284672;0,996;"hs_hg_c_Log2";"hs_Gen_Tot";-0,542516089121749;0,587463026869924;-0,017488404512608;0,00990573408816291;498;0,576305220883534
0,00348256378513519;0,0057851737277682;0,347708894878706;0,516;-0,00841402458196252;0,0161149804609354;1;"hs_mn_c_Log2";"hs_Gen_Tot";0,83009306168081;0,406486169640912;-0,00653649957869451;0,0161409647227715;500;0,742
0,000430002983102032;0,00666410984276971;0,968503937007874;0,984;-0,0114798020944843;0,0148366991050728;1;"hs_mo_c_Log2";"hs_Gen_Tot";0,409726906958766;0,682006289797249;-0,010330950167336;0,015791880394359;500;0,492
0,00411215052444068;0,00635993337953674;0,322751322751323;0,488;-0,00823809117032411;0,017444882881689;1;"hs_pb_c_Log2";"hs_Gen_Tot";0,611056166594291;0,541162397260351;-0,00857896385727132;0,0163515168786609;500;0,756
0,00118094384045713;0,0108237225194147;0,858736059479554;0,924;-0,020008082124824;0,0236051783013584;1;"hs_hum_mt_hs_h_None";"hs_Gen_Tot";0,373126019826341;0,709054653805401;-0,0171754938133339;0,0252527188200818;500;0,538
-0,004489793891004;0,0121036603944002;0,52760736196319;0,696;-0,0283107022845948;0,0194006224901838;0,996;"hs_tm_mt_hs_h_None";"hs_Gen_Tot";-0,482418723638776;0,629508522833139;-0,0295617708529519;0,0178837060553045;498;0,654618473895582
-0,00725353744628345;0,0133535662138418;0,396648044692737;0,568;-0,034104718266039;0,0176157420302849;1;"hs_uvdvf_mt_hs_h_None";"hs_Gen_Tot";-0,549446438217013;0,582699112585541;-0,0335095782379913;0,0188354394506105;500;0,716
-0,00613419534769069;0,00777712111229733;0,275510204081633;0,432;-0,0247201626034115;0,00856992004199594;1;"hs_hum_dy_hs_h_None";"hs_Gen_Tot";-0,695978107574389;0,486442540070116;-0,0206555833176224;0,00983017124939533;500;0,784
-0,000776905721107656;0,0107302483568525;0,858736059479554;0,924;-0,021228594613382;0,0201126545333224;1;"hs_hum_wk_hs_h_None";"hs_Gen_Tot";0,0945548145398226;0,924668441734187;-0,0200163036812525;0,0220454969679494;500;0,462
-0,00201587265742132;0,0108653903040542;0,714776632302406;0,836;-0,0227894022033341;0,0199373319763121;0,998;"hs_tm_dy_hs_h_None";"hs_Gen_Tot";-0,750106246999126;0,453190717406333;-0,0294459708170718;0,0131455765307622;499;0,583166332665331
0,00190985141389604;0,0132383349020369;0,748251748251748;0,856;-0,0221024749428466;0,0296654190947534;1;"hs_tm_wk_hs_h_None";"hs_Gen_Tot";0,275035815967505;0,783288721828911;-0,0223056433814391;0,0295876758651048;500;0,572
0,00501332995285652;0,0132267959493076;0,589171974522293;0,744;-0,0198787566395225;0,0314804690219943;0,998;"hs_uvdvf_dy_hs_h_None";"hs_Gen_Tot";0,363280412627675;0,716395423776019;-0,0211190078012966;0,0307290795817097;499;0,629258517034068
0,00357640202392664;0,0132626419161793;0,639344262295082;0,78;-0,0221491754132258;0,0299952357225145;1;"hs_uvdvf_wk_hs_h_None";"hs_Gen_Tot";0,93773671609847;0,348379730201189;-0,0135574342182948;0,0384311667728307;500;0,61
-0,00388504501002304;0,00979462338310865;0,506024096385542;0,672;-0,0239471353063667;0,0143960766715463;1;"hs_ndvi100_h_None";"hs_Gen_Tot";-0,805997164203088;0,420244484217821;-0,0270915477442496;0,011302670401804;500;0,664
0,00291354260269313;0,00957939854414222;0,633986928104575;0,776;-0,0160947939362469;0,0231422549763313;1;"hs_ndvi100_s_None";"hs_Gen_Tot";-0,166784761368542;0,867539409400953;-0,0203729738403131;0,0171775784398353;500;0,388
-0,00322725987057649;0,00836946578101296;0,567398119122257;0,724;-0,0223168578138437;0,0111420278533252;1;"hs_dde_cadj_Log2";"hs_Gen_Tot";-0,610435545538249;0,54157332774657;-0,0215128709105222;0,0112948320907294;500;0,638
-0,00229657147815821;0,00603373800668999;0,495495495495495;0,668;-0,0147072578335065;0,0100787393079098;0,996;"hs_ddt_cadj_Log2";"hs_Gen_Tot";-0,205710909800596;0,837016736033075;-0,0130671149201175;0,0105847034504082;498;0,668674698795181
0,00198175174991471;0,0114991536196018;0,879699248120301;0,936;-0,0146287127222472;0,0299448358292391;1;"hs_hcb_cadj_Log2";"hs_Gen_Tot";0,594392116461754;0,552249880069811;-0,0157029206896389;0,0293729332045868;500;0,468
0,00737717885278347;0,00853899398109162;0,231527093596059;0,376;-0,00783015618994983;0,0260977283414366;1;"hs_pcb118_cadj_Log2";"hs_Gen_Tot";0,488734115107502;0,625029947938238;-0,0125628229998868;0,020909418334401;500;0,812
0,00330653871170295;0,0127563958164536;0,754385964912281;0,86;-0,0172115137300302;0,0306427297170746;1;"hs_pcb138_cadj_Log2";"hs_Gen_Tot";0,206426045177853;0,836458127805772;-0,0223688240336727;0,0276353287119004;500;0,57
0,00141333454882142;0,0119929562181695;0,824817518248175;0,904;-0,0218713665364294;0,0228348120546366;1;"hs_pcb153_cadj_Log2";"hs_Gen_Tot";0,0625898382055755;0,950093121489628;-0,0227551250664761;0,0242563994450796;500;0,548
-0,00713700936729437;0,00742609830285319;0,222493887530562;0,364;-0,020947202476683;0,00719956441149452;1;"hs_pcb170_cadj_Log2";"hs_Gen_Tot";-0,544207878329944;0,586298431024991;-0,0185962264209116;0,0105135440175809;500;0,818
-0,00693305681959383;0,00924984922001478;0,244389027431421;0,396;-0,0232459493228207;0,0139604828534648;0,998;"hs_pcb180_cadj_Log2";"hs_Gen_Tot";-1,6216231731565;0,10488405777438;-0,0331291411770345;0,0031296014902753;499;0,803607214428858
-0,00684251555825439;0,012915937543366;0,424501424501425;0,596;-0,034991068109763;0,0179024081696083;1;"hs_sumPCBs5_cadj_Log2";"hs_Gen_Tot";-0,0480358101702506;0,961687703147481;-0,0259351999355701;0,0246943448875622;500;0,702
0,00084388302863685;0,00853863179587802;0,893939393939394;0,944;-0,0157105086614632;0,0175930948404982;1;"hs_pfhxs_c_Log2";"hs_Gen_Tot";0,53106873093926;0,595371151710511;-0,0122008104453749;0,021270011148964;500;0,528
0,0078459995992896;0,00809932581934897;0,184834123222749;0,312;-0,00664225054727912;0,0253595015073783;1;"hs_pfna_c_Log2";"hs_Gen_Tot";0,462477963718381;0,64373860139415;-0,0121286271925551;0,0196201466174036;500;0,844
-0,00425999400372039;0,00653570462349654;0,316622691292876;0,484;-0,017973490978426;0,00746149825183378;0,998;"hs_pfoa_c_Log2";"hs_Gen_Tot";-0,773347351442754;0,439316839347644;-0,0178641155360384;0,00775537581525192;499;0,759519038076152
-0,0113723956615985;0,00826074816085574;0,059447983014862;0,116;-0,0282147859049792;0,00380799024395804;0,998;"hs_pfos_c_Log2";"hs_Gen_Tot";-1,22376512640516;0,221040843480641;-0,0262999843979035;0,00608155336336193;499;0,943887775551102
-0,000141341854274507;0,00629755986106404;0,861423220973783;0,932;-0,0121473499219799;0,0132520829241182;0,994;"hs_pfunda_c_Log2";"hs_Gen_Tot";0,302064691707642;0,762602747871249;-0,0104407200402279;0,0142452609961133;497;0,462776659959759
-7,14671040879233e-05;0,00582277697449377;0,96078431372549;0,98;-0,0122043015443099;0,0110114669783604;1;"hs_hm_pers_None";"hs_Gen_Tot";-0,525690135707254;0,599103518634589;-0,0144734095779316;0,00835145674210219;500;0,49
-0,000253637213654367;0,00635590106358776;0,952941176470588;0,98;-0,0136875848643164;0,01291524016554;0,996;"hs_trafload_h_pow1over3";"hs_Gen_Tot";0,360988925777409;0,718107725639678;-0,0101629272766398;0,0147517470712239;498;0,487951807228916
0,00266851226519484;0,00755082012835832;0,524390243902439;0,688;-0,0120246584643817;0,0184425646946458;1;"hs_trafnear_h_pow1over3";"hs_Gen_Tot";0,238248388945792;0,81168844846852;-0,0130003647745216;0,0165983062361232;500;0,656
0,00185120786073889;0,00649709763091822;0,666666666666667;0,8;-0,0106136513937882;0,0133242287205598;1;"FAS_cat_None_Low";"hs_Gen_Tot";0,448410784392739;0,653856760089204;-0,00982070871568398;0,0156474460055965;500;0,6
0,000884839899608889;0,00627110597240979;0,759717314487632;0,868;-0,0118497475297968;0,0134132042269504;0,996;"FAS_cat_None_Middle";"hs_Gen_Tot";0,587050260703264;0,557169951568316;-0,00860968745315626;0,0159725962451582;498;0,568273092369478
-0,000494600497423666;0,00577394847034167;0,919230769230769;0,96;-0,0127654750048931;0,0106767608934128;0,998;"hs_globalexp2_None_no exposure";"hs_Gen_Tot";-0,108665895219452;0,913467493295764;-0,0119441623299405;0,0106892997709791;499;0,521042084168337
-0,0920307880306742;0,0633991234820372;0,0526315789473684;0,1;-0,220261452077769;0,0182818396857989;1;"hs_no2_dy_hs_h_Log";"hs_bmi_c_cat";-1,45035786149068;0,146958751447661;-0,216211415829992;0,0323085815224092;500;0,95
0,0947577849237166;0,0618369490902;0,0683760683760684;0,128;-0,023651899621693;0,220785139932656;1;"hs_no2_wk_hs_h_Log";"hs_bmi_c_cat";1,54865575132749;0,121464496148167;-0,0254340462775456;0,216962339983712;500;0,936
0,0689605115377766;0,0635053959906675;0,152073732718894;0,264;-0,0401110580274734;0,191379429755916;1;"hs_no2_yr_hs_h_Log";"hs_bmi_c_cat";1,05823242572319;0,289949491650295;-0,0572648197199469;0,191671758211378;500;0,868
0,0979417137707704;0,0636628811211487;0,0570824524312896;0,108;-0,0124607955989046;0,233938962493071;1;"hs_pm10_dy_hs_h_None";"hs_bmi_c_cat";1,50647923626125;0,131944193453717;-0,0288701456199277;0,220683762679085;500;0,946
-0,0959569765132486;0,0737056566239593;0,126126126126126;0,224;-0,225279003582286;0,0660651896904297;1;"hs_pm10_wk_hs_h_None";"hs_bmi_c_cat";-1,48557819332451;0,137390726587626;-0,253955948645054;0,0349649162346181;500;0,888
-0,0578090523794926;0,0659902763393646;0,234567901234568;0,38;-0,187732126191956;0,060815645124446;1;"hs_pm10_yr_hs_h_None";"hs_bmi_c_cat";-0,864473149998175;0,387328023887442;-0,186385387011341;0,0722917428986597;500;0,81
0,0809825192089495;0,0658683599769847;0,0964912280701754;0,176;-0,0319347156232815;0,213189039545285;1;"hs_pm25_dy_hs_h_None";"hs_bmi_c_cat";1,21372448739987;0,224852950242017;-0,0491535718266739;0,209045654724545;500;0,912
-0,018499853782442;0,0651380787870676;0,623376623376623;0,768;-0,145615855598517;0,119493707012524;1;"hs_pm25_wk_hs_h_None";"hs_bmi_c_cat";-0,236303991699189;0,813196789713215;-0,143060676473785;0,112275900415785;500;0,616
0,0294498995696557;0,0677983060903816;0,483679525222552;0,652;-0,103671938081122;0,167077821516707;1;"hs_pm25_yr_hs_h_None";"hs_bmi_c_cat";0,377254726037247;0,705984314062617;-0,107305006760054;0,158459469539887;500;0,674
-0,0316607243679135;0,0539834301971486;0,378453038674033;0,552;-0,137721093415854;0,0765484126641975;0,998;"hs_pm25abs_dy_hs_h_Log";"hs_bmi_c_cat";-0,473908026584531;0,635565495176906;-0,131388759821338;0,0802223980753487;499;0,725450901803607
0,0149216177061713;0,0549888363117028;0,685810810810811;0,816;-0,0902972450695527;0,120230157363744;0,998;"hs_pm25abs_wk_hs_h_Log";"hs_bmi_c_cat";0,22360952016608;0,823061155216153;-0,0954801114205547;0,120072166024857;499;0,593186372745491
0,0558013531370625;0,061354707872716;0,231527093596059;0,376;-0,0659709225478652;0,166543154858407;1;"hs_pm25abs_yr_hs_h_Log";"hs_bmi_c_cat";0,904455328721689;0,365754011256067;-0,0647604252348589;0,17574561019014;500;0,812
-0,0278454026992227;0,064392733568495;0,466275659824047;0,636;-0,157793560431415;0,0978618373072091;1;"hs_accesslines300_h_dic0";"hs_bmi_c_cat";-0,335702636250657;0,737095117644164;-0,147824249074664;0,104590628246004;500;0,682
0,0148903415321823;0,0628271893895974;0,730103806228374;0,844;-0,105624178489942;0,146142461515031;1;"hs_accesspoints300_h_Log";"hs_bmi_c_cat";0,252743039151371;0,800466786909014;-0,107259893665822;0,139018163241154;500;0,578
-0,0546438154710061;0,0653901985269718;0,238213399503722;0,388;-0,201148689151739;0,0592141295271997;0,998;"hs_builtdens300_h_Sqrt";"hs_bmi_c_cat";-0,727074799122449;0,467180135634038;-0,175705999513364;0,0806188685962137;499;0,807615230460922
0,0470053638073697;0,0559444532403426;0,234567901234568;0,38;-0,0534431265206809;0,154464641699641;1;"hs_connind300_h_Log";"hs_bmi_c_cat";0,708431034339223;0,478677625776336;-0,0700163266112584;0,149281900360455;500;0,81
-0,0661419177403176;0,0637150453070513;0,165501165501166;0,284;-0,195076829314336;0,0533583836814338;1;"hs_fdensity300_h_Log";"hs_bmi_c_cat";-0,984200837571209;0,325016774069215;-0,187587595032246;0,0621707931180709;500;0,858
-0,0129307510290663;0,0539465939055406;0,639344262295082;0,78;-0,118764940247582;0,0949520843674239;1;"hs_landuseshan300_h_None";"hs_bmi_c_cat";-0,20363611407876;0,838637869464752;-0,116718855894177;0,0947479063927583;500;0,61
0,0644578265957891;0,0673802966955435;0,202898550724638;0,344;-0,0597156757856877;0,197958273034254;0,996;"hs_popdens_h_Sqrt";"hs_bmi_c_cat";0,874515332248149;0,381837674189665;-0,0731378522392064;0,19098805734257;498;0,831325301204819
-0,00055977995683775;0,0551242005997864;0,99203187250996;0,996;-0,11515043703155;0,103897359650284;1;"hs_walkability_mean_h_None";"hs_bmi_c_cat";6,64725349662271e-05;0,999946962590672;-0,108037783606791;0,108045112097494;500;0,498
0,0509706724477076;0,0629617002201413;0,243781094527363;0,392;-0,0640518452972242;0,171882451681859;1;"hs_accesslines300_s_dic0";"hs_bmi_c_cat";0,750172673958969;0,453150714302857;-0,0761705178257382;0,170634811848031;500;0,804
-0,131258915404484;0,064811854603916;0,0121457489878543;0,024;-0,261794949988538;-0,0125572360325901;1;"hs_accesspoints300_s_Log";"hs_bmi_c_cat";-1,97023117950096;0,048811881670321;-0,25472323753684;-0,000665435946996362;500;0,988
-0,00985428709891827;0,0639401041459004;0,824175824175824;0,908;-0,138884835644373;0,108662263228627;0,996;"hs_builtdens300_s_Sqrt";"hs_bmi_c_cat";-0,0876184501567791;0,930179937472126;-0,130922634121832;0,119717968465578;498;0,548192771084337
-0,027837098388846;0,0600623884960491;0,488095238095238;0,656;-0,153669524003783;0,0807477372115957;1;"hs_connind300_s_Log";"hs_bmi_c_cat";-0,362327095161555;0,717107612760354;-0,139482349029947;0,0959578875254707;500;0,672
-0,0298484935267827;0,0619047731799819;0,461988304093567;0,632;-0,157217650010247;0,0948509992966192;1;"hs_fdensity300_s_Log";"hs_bmi_c_cat";-0,368741834708677;0,712320163117349;-0,144158005543497;0,0985042462642745;500;0,684
-0,0584372771932999;0,0569331231410105;0,174940898345154;0,308;-0,170561656461144;0,0422148315422045;0,994;"hs_landuseshan300_s_None";"hs_bmi_c_cat";-0,929675873187393;0,35253893003673;-0,164516221853169;0,0586575199143602;497;0,851106639839034
-0,0723500173182317;0,0627257698706462;0,142201834862385;0,256;-0,20624526295112;0,0359687780817083;0,996;"hs_popdens_s_Sqrt";"hs_bmi_c_cat";-1,0375841440149;0,299463702967933;-0,188023514087925;0,057856985610104;498;0,875502008032129
-0,0363464370444982;0,0615029022013013;0,385041551246537;0,556;-0,170771711428495;0,0771086390591548;1;"h_Absorbance_Log";"hs_bmi_c_cat";-0,535145173841117;0,592549474649234;-0,153456454549488;0,087630491968991;500;0,722
0,0551930491107046;0,0590989324926297;0,231527093596059;0,376;-0,0547957515853063;0,178077719252089;1;"h_Benzene_Log";"hs_bmi_c_cat";0,902901892822898;0,36657796597749;-0,0624712411989101;0,169192317221726;500;0,812
0,0474398348787535;0,057616232701534;0,237623762376238;0,384;-0,0599179063526106;0,168471529937493;1;"h_NO2_Log";"hs_bmi_c_cat";0,713429499214115;0,475580024436479;-0,0718206209770262;0,154030861062745;500;0,808
0,122285282624851;0,0640416743550763;0,0183299389002037;0,036;0,00443263930747487;0,257384617136847;1;"h_PM_Log";"hs_bmi_c_cat";1,79223139751419;0,0730959071902008;-0,010741875717045;0,240296874774139;500;0,982
0,0239568565158288;0,0544538944905153;0,492537313432836;0,66;-0,0814134963672572;0,128668728880346;1;"h_TEX_Log";"hs_bmi_c_cat";0,410155879481086;0,681691603728612;-0,0843930870334265;0,129062257005282;500;0,67
0,111129948025877;0,0585002076346426;0,026694045174538;0,052;-0,000918949004195591;0,230202779384635;1;"hs_KIDMED_None";"hs_bmi_c_cat";1,78903156226359;0,0736097326541691;-0,00999958219466525;0,219317017909364;500;0,974
-0,0626713625287681;0,0559643241329474;0,123595505617978;0,22;-0,183195013332117;0,044747767587661;1;"hs_mvpa_prd_alt_None";"hs_bmi_c_cat";-1,038789901227;0,298902459081936;-0,167823234458003;0,0515528849814024;500;0,89
-0,0209308629008684;0,0507955203637192;0,554517133956386;0,716;-0,122461113441456;0,0775832774158933;0,998;"hs_sd_wk_None";"hs_bmi_c_cat";-0,26142848174152;0,793762095266614;-0,112836786256818;0,0862779947209029;499;0,643286573146293
-0,06067068923252;0,0558548126598442;0,149425287356322;0,26;-0,169420722526985;0,050448795984006;1;"hs_dif_hours_total_None";"hs_bmi_c_cat";-1,05427412831967;0,291757430093456;-0,168359705105942;0,0505871372471109;500;0,87
-0,00480282086549356;0,0518695647721252;0,838235294117647;0,912;-0,113673895408108;0,0907932966256714;1;"hs_as_c_Log2";"hs_bmi_c_cat";-0,0736266875151418;0,941307435200364;-0,105481463084157;0,0978434946101093;500;0,544
0,0304809348318342;0,0500543018518798;0,347708894878706;0,516;-0,0761382531302921;0,136962029336739;1;"hs_cd_c_Log2";"hs_bmi_c_cat";0,483577508504482;0,628685740060655;-0,0738994943215176;0,122309763480444;500;0,742
-0,0615603189612863;0,0507491703769099;0,123595505617978;0,22;-0,164492224465006;0,0255051234986293;1;"hs_co_c_Log2";"hs_bmi_c_cat";-1,19594030783284;0,231719854033401;-0,160159524626853;0,0387735677412076;500;0,89
0,198532045290116;0,0640644477742191;0;0;0,0687569625097443;0,327299806197286;1;"hs_cs_c_Log2";"hs_bmi_c_cat";3,0222655694122;0,00250890331559071;0,0680557644045117;0,319183785058345;500;1
0,195747223979354;0,0575448390294801;0,00200400801603206;0,004;0,0916760211911576;0,309275046685891;1;"hs_cu_c_Log2";"hs_bmi_c_cat";3,24105169907656;0,00119089583870582;0,0737199863156479;0,299291610303519;500;0,998
0,00447862668156727;0,0554751442064149;0,753521126760563;0,864;-0,105812652712975;0,110199330366477;0,996;"hs_hg_c_Log2";"hs_bmi_c_cat";0,0376695000779281;0,969951194141359;-0,106639563732732;0,110819005630746;498;0,570281124497992
-0,00912760448210466;0,0498132460716035;0,700680272108844;0,824;-0,103403073388419;0,097823224538106;1;"hs_mn_c_Log2";"hs_bmi_c_cat";-0,176476543880939;0,859919574741678;-0,106423037759581;0,0888412987471668;500;0,588
-0,065508518341464;0,0550310690747543;0,108647450110865;0,196;-0,19174898805683;0,032052192750403;1;"hs_mo_c_Log2";"hs_bmi_c_cat";-1,02463384072953;0,30553599066175;-0,164245609082772;0,0514722177517366;500;0,902
-0,0283411243476133;0,052211559515955;0,366120218579235;0,536;-0,136368199644609;0,0725563576504552;1;"hs_pb_c_Log2";"hs_bmi_c_cat";-0,46194184653408;0,644123023969566;-0,126451480441166;0,078214072014717;500;0,732
0,155201744140496;0,0644523181794084;0,00603621730382294;0,012;0,03140487643969;0,282569124700191;1;"hs_hum_mt_hs_h_None";"hs_bmi_c_cat";2,39347061366637;0,016689818227173;0,0279405071933321;0,280588951896845;500;0,994
0,0178224257201044;0,0561182298652709;0,66;0,8;-0,0869230467342366;0,14144071876389;0,996;"hs_tm_mt_hs_h_None";"hs_bmi_c_cat";0,242225409408183;0,808605507337875;-0,0963964482076932;0,123582970616449;498;0,602409638554217
0,0686507090205378;0,0588955534221351;0,123595505617978;0,22;-0,0350596937793048;0,189137455834962;1;"hs_uvdvf_mt_hs_h_None";"hs_bmi_c_cat";1,10330088763058;0,269896521282435;-0,0504536471888038;0,180412679925075;500;0,89
-0,000307781022755575;0,0527881872022341;0,976284584980237;0,988;-0,104955574533881;0,11384767218274;1;"hs_hum_dy_hs_h_None";"hs_bmi_c_cat";-0,0114679430825178;0,990850105826834;-0,104068317651802;0,102857573799273;500;0,506
0,0289315734160572;0,0623701176795366;0,440922190201729;0,612;-0,0937499945592195;0,156795628180439;1;"hs_hum_wk_hs_h_None";"hs_bmi_c_cat";0,407018536099901;0,68399437416905;-0,096857390369113;0,14762897835772;500;0,694
-0,0397328394827722;0,0637216119066792;0,363387978142077;0,536;-0,171064932218312;0,0855263235379137;0,998;"hs_tm_dy_hs_h_None";"hs_bmi_c_cat";-0,5400151643328;0,589186574604356;-0,159302701099266;0,0904814276485937;499;0,733466933867735
0,031323515180857;0,0505349965087921;0,362397820163488;0,532;-0,0660413681698123;0,132299599979237;1;"hs_tm_wk_hs_h_None";"hs_bmi_c_cat";0,568182835102404;0,569910825526508;-0,0703336555278343;0,127759890704345;500;0,734
-0,0586448787360592;0,0544328410888388;0,163170163170163;0,284;-0,166165828667802;0,0466892983410652;0,998;"hs_uvdvf_dy_hs_h_None";"hs_bmi_c_cat";-1,01277631894528;0,31116701441543;-0,161814700538004;0,0515581156826283;499;0,859719438877755
-0,0514312604299333;0,0565926989104347;0,204819277108434;0,34;-0,163152484932571;0,0471144504510596;1;"hs_uvdvf_wk_hs_h_None";"hs_bmi_c_cat";-0,819219854813019;0,412660988897372;-0,157281514237254;0,0645577890674879;500;0,83
-0,0033007189687321;0,0671227589874363;0,930501930501931;0,964;-0,145674305221483;0,13308797159522;1;"hs_ndvi100_h_None";"hs_bmi_c_cat";-0,0624989108698459;0,95016552924606;-0,135753289489631;0,127363090827043;500;0,518
-0,0844897278018166;0,0691489322268661;0,108647450110865;0,196;-0,219036462029853;0,0600779409284907;1;"hs_ndvi100_s_None";"hs_bmi_c_cat";-1,21869308594107;0,222960703168717;-0,219800742339148;0,0512580911289692;500;0,902
-0,169666072673152;0,0735711370481951;0,0101010101010101;0,02;-0,311332795779366;-0,0298865861210264;1;"hs_dde_cadj_Log2";"hs_bmi_c_cat";-2,31631279700771;0,0205411961247272;-0,314610545151265;-0,0262169873190195;500;0,99
0,00648300652284861;0,0524033082587154;0,851301115241636;0,924;-0,0867735995637088;0,115305912648785;0,996;"hs_ddt_cadj_Log2";"hs_bmi_c_cat";0,0260848911326248;0,979189628092715;-0,101341662266915;0,104075531448751;498;0,540160642570281
-0,33390303358724;0,179936112556635;0;0;-0,640715211057474;-0,0673080604399689;1;"hs_hcb_cadj_Log2";"hs_bmi_c_cat";-1,56172567967842;0,118352626528976;-0,633679147810354;0,0716574524479457;500;1
0,0533774056335848;0,0592357776382389;0,187648456057007;0,316;-0,0637416473702074;0,169171628437729;1;"hs_pcb118_cadj_Log2";"hs_bmi_c_cat";0,839479064419117;0,401200532554409;-0,0663727955752836;0,165827185959059;500;0,842
0,0398592221527964;0,08791980081085;0,428571428571429;0,6;-0,140656096200581;0,18147121160753;1;"hs_pcb138_cadj_Log2";"hs_bmi_c_cat";0,563887543691158;0,572830667830066;-0,122742762596155;0,221896523638248;500;0,7
-0,0953295312095773;0,0603649881681057;0,0638297872340425;0,12;-0,215215125710999;0,015430070411002;1;"hs_pcb153_cadj_Log2";"hs_bmi_c_cat";-1,6091888675823;0,107575049890575;-0,215451869688527;0,0211745357848206;500;0,94
-0,258899796675238;0,0769372389880884;0;0;-0,415888199848029;-0,117182046989131;1;"hs_pcb170_cadj_Log2";"hs_bmi_c_cat";-3,30246207853923;0,000958400458457337;-0,404876531672276;-0,103288096699068;500;1
-0,0901484646705064;0,0871043520733082;0,171361502347418;0,296;-0,267192405669853;0,0557870156696261;0,998;"hs_pcb180_cadj_Log2";"hs_bmi_c_cat";-0,891565142643114;0,372626060621367;-0,248380597041456;0,0930621888793058;499;0,853707414829659
-0,167002072859132;0,0671071221731079;0;0;-0,305935902298878;-0,0346248112702724;1;"hs_sumPCBs5_cadj_Log2";"hs_bmi_c_cat";-2,63919598461842;0,00831029227974615;-0,308636389943985;-0,0455813048131433;500;1
0,0490433706819024;0,0645367512124392;0,285347043701799;0,444;-0,0745969946211908;0,186612366668305;1;"hs_pfhxs_c_Log2";"hs_bmi_c_cat";0,626207814633902;0,531178642178658;-0,0860762901152891;0,166903125995916;500;0,778
0,00299966941421612;0,0622614316105435;0,805054151624549;0,892;-0,121937467151502;0,132871869895767;1;"hs_pfna_c_Log2";"hs_bmi_c_cat";0,0375496599946052;0,970046745092169;-0,119692267994816;0,124368059170322;500;0,554
-0,0359146529788007;0,0547853619950864;0,334224598930481;0,504;-0,150264814782851;0,0632666845056925;0,998;"hs_pfoa_c_Log2";"hs_bmi_c_cat";-0,519580093703063;0,603356275441001;-0,135842719909322;0,0789119528713956;499;0,749498997995992
-0,0448733476266825;0,0623656239328162;0,276214833759591;0,436;-0,16710132135689;0,0761364595479151;0,998;"hs_pfos_c_Log2";"hs_bmi_c_cat";-0,651374808588033;0,514804568217841;-0,1628577731334;0,0816109804299775;499;0,783567134268537
0,0121836179330753;0,0551706472275841;0,651162790697674;0,796;-0,104617266212283;0,118115471277725;0,994;"hs_pfunda_c_Log2";"hs_bmi_c_cat";0,137411364738016;0,890705648496989;-0,100551407640807;0,115713555498851;497;0,605633802816901
0,0155956835338611;0,0506951768061846;0,587301587301587;0,74;-0,0880416230831849;0,116047908830289;1;"hs_hm_pers_None";"hs_bmi_c_cat";0,259398118754771;0,795328081070061;-0,0862104872365474;0,112510954223477;500;0,63
-0,0299155586921064;0,04986758288023;0,356948228882834;0,532;-0,122996161736009;0,070618905443558;0,996;"hs_trafload_h_pow1over3";"hs_bmi_c_cat";-0,452434093729895;0,650956290343661;-0,120300461108234;0,0751768717743997;498;0,736947791164659
0,0398716037185325;0,0586079336122795;0,377410468319559;0,548;-0,0674570492710333;0,152523357343812;1;"hs_trafnear_h_pow1over3";"hs_bmi_c_cat";0,52155907996396;0,601977360513901;-0,0843019391549729;0,145436939021792;500;0,726
-0,0974978937623063;0,0574571972132044;0,0351966873706004;0,068;-0,208556832302438;0,00703297827729961;1;"FAS_cat_None_Low";"hs_bmi_c_cat";-1,62649911996038;0,10384352041913;-0,206068117893163;0,0191599564878288;500;0,966
-0,0586849905739073;0,0521435131289326;0,131818181818182;0,24;-0,163353586270766;0,0393127256531826;0,996;"FAS_cat_None_Middle";"hs_bmi_c_cat";-1,02827509666428;0,303820442001492;-0,155817283763168;0,048581531757031;498;0,883534136546185
-0,0098106764926717;0,0528443701512529;0,714776632302406;0,836;-0,116507670200158;0,0959898745775338;0,998;"hs_globalexp2_None_no exposure";"hs_bmi_c_cat";-0,16298093317216;0,87053344705952;-0,112185687042305;0,094960437522013;499;0,583166332665331
