"exposure";"outcome";"lambda";"selection_tol";"beta_original";"beta_boot_mean_all";"beta_boot_mean_selected";"beta_boot_median_selected";"beta_boot_sd_all";"beta_boot_q025_all";"beta_boot_q975_all";"beta_boot_q025_selected";"beta_boot_q975_selected";"n_selected";"sel_prob";"sel_prob_threshold";"passes_sel_prob";"sign_consistency";"sign_consistency_threshold";"passes_sign_consistency";"passes_stability_filter";"prop_positive";"prop_negative";"prop_zero"
"h_abs_ratio_preg_Log";"e3_bw";0,23895795329256;1e-12;0,016023179607858;0,0108117041832158;0,0111460867868205;0,011825639342529;0,0196585756701578;-0,0331315135186356;0,0430198602789989;-0,0336483417027057;0,0436182341223809;97;0,97;0,9;TRUE;0,752577319587629;0,8;FALSE;FALSE;0,73;0,24;0,03
"h_no2_ratio_preg_Log";"e3_bw";0,23895795329256;1e-12;-0,00733682269745987;0,0111448563859828;0,01211397433259;0,0133052818324485;0,0202865595169632;-0,0338020196417127;0,0455909440979722;-0,0339510834858019;0,0457948956556495;92;0,92;0,9;TRUE;0,260869565217391;0,8;FALSE;FALSE;0,68;0,24;0,08
"h_pm10_ratio_preg_None";"e3_bw";0,23895795329256;1e-12;0;0,00221007027186725;0,00387731626643377;0,005526433089027;0,0131832254161183;-0,0213593139314938;0,0286463582855316;-0,0399081388682334;0,0299927678818544;57;0,57;0,9;FALSE;NA;0,8;FALSE;FALSE;0,39;0,18;0,43
"h_pm25_ratio_preg_None";"e3_bw";0,23895795329256;1e-12;0,0126851203295046;0,0108674274351202;0,0115610930160854;0,0125087012809459;0,0142634939698455;-0,0161320241714094;0,0365007047638489;-0,0167342455735083;0,0366637551552136;94;0,94;0,9;TRUE;0,829787234042553;0,8;TRUE;TRUE;0,78;0,16;0,06
"h_accesslines300_preg_dic0";"e3_bw";0,23895795329256;1e-12;-0,0129932855276333;-0,0187866990519693;-0,019170101073438;-0,0154687167090007;0,071468488847764;-0,162473468675139;0,114746035534794;-0,16260039590668;0,11503165473876;98;0,98;0,9;TRUE;0,602040816326531;0,8;FALSE;FALSE;0,39;0,59;0,02
"h_accesspoints300_preg_Log";"e3_bw";0,23895795329256;1e-12;0,00796315517192526;0,0240614093964818;0,0267348993294243;0,0195143881685743;0,0281745442656922;-0,00362645379560372;0,108834682505595;-0,00387946380366508;0,110827671165424;90;0,9;0,9;TRUE;0,877777777777778;0,8;TRUE;TRUE;0,79;0,11;0,1
"h_builtdens300_preg_Sqrt";"e3_bw";0,23895795329256;1e-12;0,00153538519109588;0,00526674462150659;0,00774521267868616;0,00549813013335946;0,00957035547019023;-0,0113191563255081;0,0278142394746911;-0,0156286449837397;0,0296392187707233;68;0,68;0,9;FALSE;0,852941176470588;0,8;TRUE;FALSE;0,58;0,1;0,32
"h_connind300_preg_Sqrt";"e3_bw";0,23895795329256;1e-12;0,00563295021967235;0,00575211694581031;0,00646305274810147;0,00332388267260493;0,018025897571707;-0,0313263470497784;0,0430853266678946;-0,0325560979097415;0,0433181665873177;89;0,89;0,9;FALSE;0,640449438202247;0,8;FALSE;FALSE;0,57;0,32;0,11
"h_fdensity300_preg_Log";"e3_bw";0,23895795329256;1e-12;0,00069913205103599;-0,00244513767728308;-0,0028766325615095;0,00286435292433604;0,0196476784586037;-0,0581317530734784;0,022725556641569;-0,0639859900688189;0,0235724828084856;85;0,85;0,9;FALSE;0,611764705882353;0,8;FALSE;FALSE;0,52;0,33;0,15
"h_frichness300_preg_None";"e3_bw";0,23895795329256;1e-12;0,0024305724158245;0,0160742651383627;0,0189109001627797;0,0127448331917662;0,0198471701370595;-0,00200805936636421;0,0655214977441183;-0,0026464087813678;0,0660042148295377;85;0,85;0,9;FALSE;0,952941176470588;0,8;TRUE;FALSE;0,81;0,04;0,15
"h_landuseshan300_preg_None";"e3_bw";0,23895795329256;1e-12;-0,00459093460019478;0,00900626839965011;0,00968415956951625;0,00723226376513737;0,0129774310832511;-0,0115092351331361;0,0366566691845469;-0,0123581083216326;0,0374209002210737;93;0,93;0,9;TRUE;0,204301075268817;0,8;FALSE;FALSE;0,74;0,19;0,07
"h_popdens_preg_Sqrt";"e3_bw";0,23895795329256;1e-12;-0,000305778657978231;-0,00733583732986901;-0,00733583732986901;-0,00529554443716797;0,0153276428267712;-0,0349025110687863;0,0203030457288161;-0,0349025110687863;0,0203030457288161;100;1;0,9;TRUE;0,69;0,8;FALSE;FALSE;0,31;0,69;0
"h_walkability_mean_preg_None";"e3_bw";0,23895795329256;1e-12;0,002079232557559;-0,0119935422516151;-0,0123644765480568;-0,0101730517445881;0,0165543592085136;-0,055019083624288;0,0132994621340733;-0,0551022866045469;0,0133181527430797;97;0,97;0,9;TRUE;0,22680412371134;0,8;FALSE;FALSE;0,22;0,75;0,03
"hs_as_m_Log2";"e3_bw";0,23895795329256;1e-12;-0,00233827910207056;-0,000405374357831866;-0,000435886406270823;0,000715832913018925;0,0107348950068053;-0,0200787217564603;0,0227943436102506;-0,0200827655874048;0,0232926690272755;93;0,93;0,9;TRUE;0,462365591397849;0,8;FALSE;FALSE;0,5;0,43;0,07
"hs_cd_m_Log2";"e3_bw";0,23895795329256;1e-12;0,00141017504201494;-0,00158116122692178;-0,00161342982338957;-0,000494165447491017;0,0150666409157019;-0,0391397137394497;0,0217387979099402;-0,0394655628895837;0,0217476354045476;98;0,98;0,9;TRUE;0,479591836734694;0,8;FALSE;FALSE;0,47;0,51;0,02
"hs_co_m_Log2";"e3_bw";0,23895795329256;1e-12;0,0113043463478315;0,0063871207812162;0,00788533429779778;0,0041961343499528;0,0121551831377157;-0,0116568869217399;0,0361011755446092;-0,0122243850729159;0,0363167627700776;81;0,81;0,9;FALSE;0,753086419753086;0,8;FALSE;FALSE;0,61;0,2;0,19
"hs_cs_m_Log2";"e3_bw";0,23895795329256;1e-12;0;-0,00994642447546278;-0,0119836439463407;-0,00648846638388332;0,0150146718446159;-0,0477811777724659;0,0062738920822125;-0,0505824129576255;0,00649576057394471;83;0,83;0,9;FALSE;NA;0,8;FALSE;FALSE;0,14;0,69;0,17
"hs_cu_m_Log2";"e3_bw";0,23895795329256;1e-12;0,0157357493377426;0,00565350966792619;0,00571061582618807;0,00592759725273133;0,016098166281366;-0,02759830497503;0,0394421057218108;-0,0278959331024148;0,0395564147075713;99;0,99;0,9;TRUE;0,656565656565657;0,8;FALSE;FALSE;0,65;0,34;0,01
"hs_hg_m_Log2";"e3_bw";0,23895795329256;1e-12;0;-8,27589016411777e-06;-1,11836353569159e-05;-0,001559322724386;0,00791189529790835;-0,0131190387129477;0,0177612779867804;-0,0149136753463498;0,0183583717331397;74;0,74;0,9;FALSE;NA;0,8;FALSE;FALSE;0,27;0,47;0,26
"hs_mn_m_Log2";"e3_bw";0,23895795329256;1e-12;0,00526248136204957;0,00644558243761463;0,00708305762375234;0,00553028921264844;0,0106910933786801;-0,0106653793690379;0,0317507861653709;-0,0109991262500296;0,0322584999509539;91;0,91;0,9;TRUE;0,791208791208791;0,8;FALSE;FALSE;0,72;0,19;0,09
"hs_mo_m_Log2";"e3_bw";0,23895795329256;1e-12;0,00960615265747364;0,00647090563124522;0,00647090563124522;0,00481270617691412;0,0126509843138764;-0,0206613359547219;0,0280824411405098;-0,0206613359547219;0,0280824411405098;100;1;0,9;TRUE;0,76;0,8;FALSE;FALSE;0,76;0,24;0
"hs_pb_m_Log2";"e3_bw";0,23895795329256;1e-12;0;-0,00222624233499843;-0,00289122381168627;-0,00010454946595281;0,0106656933086461;-0,0293207076366293;0,0140147424846976;-0,0318728110806869;0,0149428252430882;77;0,77;0,9;FALSE;NA;0,8;FALSE;FALSE;0,37;0,4;0,23
"h_humidity_preg_None";"e3_bw";0,23895795329256;1e-12;-0,00598581449839709;-0,0171000382044901;-0,0176289053654537;-0,0160042990222314;0,0226935780768049;-0,0671971450273576;0,0225959685639428;-0,0674879466498483;0,0230769029066653;97;0,97;0,9;TRUE;0,814432989690722;0,8;TRUE;TRUE;0,18;0,79;0,03
"h_pressure_preg_None";"e3_bw";0,23895795329256;1e-12;0;0,0028416492774877;0,00417889599630544;0,000925051660711853;0,0159124913841173;-0,0243649313162428;0,0491239487420607;-0,025021377055664;0,0553273435881896;68;0,68;0,9;FALSE;NA;0,8;FALSE;FALSE;0,36;0,32;0,32
"h_temperature_preg_None";"e3_bw";0,23895795329256;1e-12;0;0,021482009399158;0,0255738207132834;0,0224743053804005;0,0214524049734001;-0,000511181178817229;0,0707300223005445;-0,000888065782395373;0,073545083756368;84;0,84;0,9;FALSE;NA;0,8;FALSE;FALSE;0,81;0,03;0,16
"h_ndvi100_preg_None";"e3_bw";0,23895795329256;1e-12;0,000398666282438259;0,00285235563943037;0,00306704907465631;0,00257953062594448;0,0159952339912217;-0,0237301303989226;0,0369554565911767;-0,0238613342847667;0,038603172064792;93;0,93;0,9;TRUE;0,591397849462366;0,8;FALSE;FALSE;0,55;0,38;0,07
"hs_dde_madj_Log2";"e3_bw";0,23895795329256;1e-12;-0,00953342466774449;-0,0363364783972972;-0,0363364783972972;-0,0318873394325227;0,0259784939403378;-0,096789238530629;7,26671956687252e-05;-0,096789238530629;7,26671956687252e-05;100;1;0,9;TRUE;0,97;0,8;TRUE;TRUE;0,03;0,97;0
"hs_ddt_madj_Log2";"e3_bw";0,23895795329256;1e-12;0;0,000156071055336777;0,000183613006278562;0,000213167633486959;0,00830585643030902;-0,0196688000470445;0,0158703327888435;-0,0198456841145701;0,0160503522273229;85;0,85;0,9;FALSE;NA;0,8;FALSE;FALSE;0,43;0,42;0,15
"hs_hcb_madj_Log2";"e3_bw";0,23895795329256;1e-12;0,00259663867366617;0,00868736473563284;0,0102204291007445;0,0104765322533532;0,00937695852773136;-0,00450072295618915;0,027728393482421;-0,00512409749652021;0,0283314134731678;85;0,85;0,9;FALSE;0,905882352941176;0,8;TRUE;FALSE;0,77;0,08;0,15
"hs_pcb118_madj_Log2";"e3_bw";0,23895795329256;1e-12;-0,0119755367524639;-0,0172975322034542;-0,0174722547509639;-0,0168952287894394;0,0200901263039664;-0,056008788065837;0,0189428320442729;-0,0560627444509869;0,0190823578809858;99;0,99;0,9;TRUE;0,828282828282828;0,8;TRUE;TRUE;0,17;0,82;0,01
"hs_pcb138_madj_Log2";"e3_bw";0,23895795329256;1e-12;0,0114447991192976;0,00558476411327645;0,00649391175962378;0,00567890797710001;0,0149212673663667;-0,0266414174957922;0,0286270624905316;-0,0280409297184913;0,0287582768167552;86;0,86;0,9;FALSE;0,720930232558139;0,8;FALSE;FALSE;0,62;0,24;0,14
"hs_pcb153_madj_Log2";"e3_bw";0,23895795329256;1e-12;0;-0,0049953149937558;-0,00587684116912447;-0,00480942129778778;0,0189340189033184;-0,0456271571190417;0,0303881573914889;-0,0457834492745633;0,0307855109905946;85;0,85;0,9;FALSE;NA;0,8;FALSE;FALSE;0,33;0,52;0,15
"hs_pcb170_madj_Log2";"e3_bw";0,23895795329256;1e-12;0,00230963875116988;0,0224353737595041;0,0238674188930894;0,0179278690814173;0,0243082340073367;-0,0109901333658165;0,0842554613229031;-0,0113030961823371;0,0843540113016566;94;0,94;0,9;TRUE;0,882978723404255;0,8;TRUE;TRUE;0,83;0,11;0,06
"hs_pcb180_madj_Log2";"e3_bw";0,23895795329256;1e-12;-0,000364094377416684;0,0111485487589642;0,0134319864565834;0,00993441075825506;0,0174631815556856;-0,0203030713122639;0,0478770480271241;-0,0205471519395982;0,0493168478853027;83;0,83;0,9;FALSE;0,192771084337349;0,8;FALSE;FALSE;0,67;0,16;0,17
"hs_sumPCBs5_madj_Log2";"e3_bw";0,23895795329256;1e-12;0;-0,0031792092176103;-0,00548139520277637;-0,0023378883447645;0,0107674920689487;-0,0296005336658268;0,015179868650254;-0,0329413108984988;0,0173945188507012;58;0,58;0,9;FALSE;NA;0,8;FALSE;FALSE;0,2;0,38;0,42
"hs_pfhxs_m_Log2";"e3_bw";0,23895795329256;1e-12;-0,00507527585606632;0,0150907597332375;0,0152431916497348;0,0129066685366362;0,0190577033815631;-0,0204115015950553;0,0563406054128656;-0,0205667362104113;0,0564746348610457;99;0,99;0,9;TRUE;0,171717171717172;0,8;FALSE;FALSE;0,82;0,17;0,01
"hs_pfna_m_Log2";"e3_bw";0,23895795329256;1e-12;0,0155270714499145;-0,000126310021331304;-0,000126310021331304;0,000826320228124085;0,0234839698748337;-0,0455506755291385;0,0406612618260345;-0,0455506755291385;0,0406612618260345;100;1;0,9;TRUE;0,55;0,8;FALSE;FALSE;0,55;0,45;0
"hs_pfoa_m_Log2";"e3_bw";0,23895795329256;1e-12;0;-0,0106817978026685;-0,0150447856375612;-0,00643290583209029;0,0194877097692485;-0,0688113757393203;0,00660582640429482;-0,0715649023334071;0,00918385915954226;71;0,71;0,9;FALSE;NA;0,8;FALSE;FALSE;0,17;0,54;0,29
"hs_pfos_m_Log2";"e3_bw";0,23895795329256;1e-12;0;-0,00519432639079743;-0,00799127137045759;-0,00445952695183646;0,0129367380997795;-0,044257817619134;0,00843586073284486;-0,0531267667274053;0,0121556529803498;65;0,65;0,9;FALSE;NA;0,8;FALSE;FALSE;0,18;0,47;0,35
"hs_pfunda_m_Log2";"e3_bw";0,23895795329256;1e-12;0;0,0030194639803986;0,00419369997277583;0,000788875929486826;0,0105402237570145;-0,0166266522772839;0,025567703282373;-0,0181009795802978;0,0262782011915406;72;0,72;0,9;FALSE;NA;0,8;FALSE;FALSE;0,43;0,29;0,28
"e3_asmokcigd_p_None";"e3_bw";0,23895795329256;1e-12;-0,0021056123405606;-0,0152856822225999;-0,016090191813263;-0,0142851208128991;0,0154401932563306;-0,0544082046324307;0,00549160810632903;-0,0556802094089417;0,00589142080164125;95;0,95;0,9;TRUE;0,926315789473684;0,8;TRUE;TRUE;0,07;0,88;0,05
"h_distinvnear1_preg_Log";"e3_bw";0,23895795329256;1e-12;0;0,00261835070728018;0,00323253173738294;0,00265456658182222;0,0091188178104682;-0,0138441065456947;0,0257930194998319;-0,0139376433387914;0,0264312185873064;81;0,81;0,9;FALSE;NA;0,8;FALSE;FALSE;0,51;0,3;0,19
"h_trafload_preg_pow1over3";"e3_bw";0,23895795329256;1e-12;0,00346644194275902;-0,000502630460425434;-0,000552341165302675;-0,000464849737612104;0,0116009481012602;-0,0225660078117951;0,0268913508597614;-0,0225692756338307;0,0284412418399861;91;0,91;0,9;TRUE;0,461538461538462;0,8;FALSE;FALSE;0,42;0,49;0,09
"h_trafnear_preg_pow1over3";"e3_bw";0,23895795329256;1e-12;-0,000976703028760994;-0,00609235912840262;-0,0079121547122112;-0,00472523562218504;0,0100371572537438;-0,0341305682416188;0,00463110233031653;-0,0384722116748826;0,00487504789151786;77;0,77;0,9;FALSE;0,766233766233766;0,8;FALSE;FALSE;0,18;0,59;0,23
"h_bro_preg_Log";"e3_bw";0,23895795329256;1e-12;0;-0,00296765708076831;-0,00353292509615275;-0,00100544908110112;0,0190645178758091;-0,0367641366837547;0,0325687673272504;-0,0393935264523591;0,0380705906937491;84;0,84;0,9;FALSE;NA;0,8;FALSE;FALSE;0,38;0,46;0,16
"h_clf_preg_Log";"e3_bw";0,23895795329256;1e-12;-0,00253197767114985;-0,0119463267117438;-0,0145686911118827;-0,0141390253786311;0,0133000918326845;-0,0387083748013101;0,00395378752223632;-0,0388246207120886;0,00408620232490747;82;0,82;0,9;FALSE;0,853658536585366;0,8;TRUE;FALSE;0,12;0,7;0,18
"h_thm_preg_Log";"e3_bw";0,23895795329256;1e-12;0,000116633659599766;0,0034740561675047;0,00428895823148729;0,00214358184070485;0,0119508845388707;-0,0162424313534884;0,0328403088791928;-0,0169965285081863;0,0348447741272636;81;0,81;0,9;FALSE;0,604938271604938;0,8;FALSE;FALSE;0,49;0,32;0,19
"e3_alcpreg_yn_None_1";"e3_bw";0,23895795329256;1e-12;0,00893685616857494;0,00333029028167151;0,00343328895017681;0,00569285534400404;0,0260184055302128;-0,0611228292146379;0,0467480519585128;-0,0619670586271018;0,047257649606567;97;0,97;0,9;TRUE;0,649484536082474;0,8;FALSE;FALSE;0,63;0,34;0,03
"h_pamod_t3_None_Often";"e3_bw";0,23895795329256;1e-12;0,0407051287063878;0,0541331168526276;0,0541331168526276;0,0423282396053618;0,0600972597124245;-0,0374219481870414;0,196233565597775;-0,0374219481870414;0,196233565597775;100;1;0,9;TRUE;0,81;0,8;TRUE;TRUE;0,81;0,19;0
"h_pamod_t3_None_Sometimes";"e3_bw";0,23895795329256;1e-12;0,0309701033234503;0,00786872583642257;0,00811208849115729;0,00133268377683185;0,0502456708961098;-0,0757537033151011;0,106741524526678;-0,0763516100210224;0,107061674405985;97;0,97;0,9;TRUE;0,505154639175258;0,8;FALSE;FALSE;0,49;0,48;0,03
"h_pamod_t3_None_Very Often";"e3_bw";0,23895795329256;1e-12;0,0252158250868979;0,0247011477629364;0,0247011477629364;0,0179295975889054;0,0419187027713424;-0,0404208849961634;0,117143593165317;-0,0404208849961634;0,117143593165317;100;1;0,9;TRUE;0,71;0,8;FALSE;FALSE;0,71;0,29;0
"h_pavig_t3_None_Low";"e3_bw";0,23895795329256;1e-12;-0,0586632166549371;-0,0885218430992999;-0,0885218430992999;-0,0830553524052706;0,0486879328274917;-0,167100927275114;0,00195426196597847;-0,167100927275114;0,00195426196597847;100;1;0,9;TRUE;0,97;0,8;TRUE;TRUE;0,03;0,97;0
"h_pavig_t3_None_Medium";"e3_bw";0,23895795329256;1e-12;-0,0521960298537542;-0,101981330805236;-0,101981330805236;-0,100751841557661;0,0581965078232802;-0,208183655148303;0,0181966571839246;-0,208183655148303;0,0181966571839246;100;1;0,9;TRUE;0,94;0,8;TRUE;TRUE;0,06;0,94;0
"hs_no2_dy_hs_h_Log";"e3_bw";0,23895795329256;1e-12;-0,00459860630026877;0,0103483178885507;0,0106683689572688;0,00435950175255195;0,0332327861598153;-0,0347923040884522;0,0980903979328882;-0,0348314724002928;0,0998870429838792;97;0,97;0,9;TRUE;0,474226804123711;0,8;FALSE;FALSE;0,51;0,46;0,03
"hs_no2_wk_hs_h_Log";"e3_bw";0,23895795329256;1e-12;0;-0,00581015499924119;-0,00907836718631436;-0,00630066240964691;0,0143198154617158;-0,032074194068172;0,0130267876088722;-0,0458755076614243;0,0175481657279498;64;0,64;0,9;FALSE;NA;0,8;FALSE;FALSE;0,15;0,49;0,36
"hs_no2_yr_hs_h_Log";"e3_bw";0,23895795329256;1e-12;0;0,000937445961189218;0,00132034642421017;0,00273448072804704;0,0121069109883283;-0,0212624140361715;0,0283026336052174;-0,0256712886117758;0,0326625618914204;71;0,71;0,9;FALSE;NA;0,8;FALSE;FALSE;0,41;0,3;0,29
"hs_pm10_dy_hs_h_None";"e3_bw";0,23895795329256;1e-12;0,0153469154089032;0,00896387065859746;0,00933736526937235;0,0071478081806784;0,0200500276171883;-0,0239688956675267;0,0574099621613355;-0,0246857312215028;0,0575971665489148;96;0,96;0,9;TRUE;0,6875;0,8;FALSE;FALSE;0,66;0,3;0,04
"hs_pm10_wk_hs_h_None";"e3_bw";0,23895795329256;1e-12;0,0178241709146684;0,00756141562454062;0,00756141562454062;0,00511663694724885;0,0188795171713304;-0,0277059631139134;0,048339747306009;-0,0277059631139134;0,048339747306009;100;1;0,9;TRUE;0,65;0,8;FALSE;FALSE;0,65;0,35;0
"hs_pm10_yr_hs_h_None";"e3_bw";0,23895795329256;1e-12;0;0,0137309943691415;0,0198999918393355;0,013143344424627;0,0179514893811827;0;0,0600737688360958;0,000390195459466679;0,0619244549301826;69;0,69;0,9;FALSE;NA;0,8;FALSE;FALSE;0,68;0,01;0,31
"hs_pm25_dy_hs_h_None";"e3_bw";0,23895795329256;1e-12;-0,0152411320249198;-0,0117395022141137;-0,0124888321426741;-0,0111314381018766;0,0247746773599117;-0,0603939472807041;0,0242845517843053;-0,061110128212678;0,0254811552314853;94;0,94;0,9;TRUE;0,74468085106383;0,8;FALSE;FALSE;0,24;0,7;0,06
"hs_pm25_wk_hs_h_None";"e3_bw";0,23895795329256;1e-12;0;-0,00418698034026388;-0,00675319409719981;-0,00432664172633726;0,0138290946238311;-0,0444613131754251;0,0215619079748936;-0,0467039421961788;0,0241139184215229;62;0,62;0,9;FALSE;NA;0,8;FALSE;FALSE;0,2;0,42;0,38
"hs_pm25_yr_hs_h_None";"e3_bw";0,23895795329256;1e-12;0,0283549495775412;-8,29613392986994e-05;-8,55271539161849e-05;-0,000413953277865474;0,0273080226124648;-0,0573971821758812;0,0560939071711091;-0,0576625425206925;0,0562506319529846;97;0,97;0,9;TRUE;0,484536082474227;0,8;FALSE;FALSE;0,47;0,5;0,03
"hs_pm25abs_dy_hs_h_Log";"e3_bw";0,23895795329256;1e-12;0,0115606271119273;0,0182985781896277;0,0182985781896277;0,0173652282690951;0,016402848888327;-0,0134128686797256;0,0488999599776597;-0,0134128686797256;0,0488999599776597;100;1;0,9;TRUE;0,88;0,8;TRUE;TRUE;0,88;0,12;0
"hs_pm25abs_wk_hs_h_Log";"e3_bw";0,23895795329256;1e-12;0;-0,00777755435988687;-0,0108021588331762;-0,00772110563655099;0,011769022258284;-0,0359640224984874;0,00772972581139093;-0,0365453399403396;0,00917344984912139;72;0,72;0,9;FALSE;NA;0,8;FALSE;FALSE;0,07;0,65;0,28
"hs_pm25abs_yr_hs_h_Log";"e3_bw";0,23895795329256;1e-12;0,00809734982459297;-0,00302869230718448;-0,00318809716545734;-0,000918739831922922;0,014824995228989;-0,0370391068906659;0,0204252663063635;-0,0373319958807759;0,0205690670478852;95;0,95;0,9;TRUE;0,452631578947368;0,8;FALSE;FALSE;0,43;0,52;0,05
"hs_accesslines300_h_dic0";"e3_bw";0,23895795329256;1e-12;0,0220435744336982;0,0423012319188204;0,0436095174420829;0,0379052051984852;0,0683648101202926;-0,0801972667474299;0,192531672855618;-0,080269348588086;0,19269222786191;97;0,97;0,9;TRUE;0,762886597938144;0,8;FALSE;FALSE;0,74;0,23;0,03
"hs_accesspoints300_h_Log";"e3_bw";0,23895795329256;1e-12;-0,0228409278252691;-0,0465151549975208;-0,0465151549975208;-0,0438077201692219;0,0301647242746873;-0,115378014032775;0,00184245276522523;-0,115378014032775;0,00184245276522523;100;1;0,9;TRUE;0,95;0,8;TRUE;TRUE;0,05;0,95;0
"hs_builtdens300_h_Sqrt";"e3_bw";0,23895795329256;1e-12;0;0,00172736482836574;0,00257815646024738;0,000599858605574954;0,010884367284837;-0,0160448961618346;0,0222230681257504;-0,0192072690281494;0,0244606299240279;67;0,67;0,9;FALSE;NA;0,8;FALSE;FALSE;0,37;0,3;0,33
"hs_connind300_h_Log";"e3_bw";0,23895795329256;1e-12;-0,00482102868939856;-0,00497481085166414;-0,00578466378100482;-0,00460826238777495;0,0130714852989671;-0,0365322003429778;0,0177837955276369;-0,0366287295033367;0,0183165911845665;86;0,86;0,9;FALSE;0,674418604651163;0,8;FALSE;FALSE;0,28;0,58;0,14
"hs_fdensity300_h_Log";"e3_bw";0,23895795329256;1e-12;0,00698856106793836;0,018721483011512;0,0205730582544088;0,0171013225125457;0,0191784387315324;-0,00602135266227192;0,0555616555590046;-0,00619508113665765;0,0559476621465434;91;0,91;0,9;TRUE;0,901098901098901;0,8;TRUE;TRUE;0,82;0,09;0,09
"hs_landuseshan300_h_None";"e3_bw";0,23895795329256;1e-12;0,0087078172558671;0,00403044670384056;0,00424257547772691;0,00485772226528134;0,0142661762559504;-0,0244935496148811;0,0324513792460354;-0,0249679823493622;0,0325875061251107;95;0,95;0,9;TRUE;0,715789473684211;0,8;FALSE;FALSE;0,68;0,27;0,05
"hs_popdens_h_Sqrt";"e3_bw";0,23895795329256;1e-12;0;-0,00314307165532791;-0,0035315411857617;-0,00262881404064221;0,0121190842422029;-0,0245146492613043;0,0213954550723196;-0,025134412546677;0,0215980645149432;89;0,89;0,9;FALSE;NA;0,8;FALSE;FALSE;0,36;0,53;0,11
"hs_walkability_mean_h_None";"e3_bw";0,23895795329256;1e-12;0,00759803854110004;0,00632027762872701;0,00718213366900797;0,00528629017506701;0,0130060866382967;-0,0175845027972316;0,0352013783067601;-0,018166052228911;0,0361254632991732;88;0,88;0,9;FALSE;0,75;0,8;FALSE;FALSE;0,66;0,22;0,12
"hs_accesslines300_s_dic0";"e3_bw";0,23895795329256;1e-12;-0,089266650907361;-0,0434373917475985;-0,0434373917475985;-0,0327451431695928;0,067470249660215;-0,172669563036133;0,0652733730588139;-0,172669563036133;0,0652733730588139;100;1;0,9;TRUE;0,79;0,8;FALSE;FALSE;0,21;0,79;0
"hs_accesspoints300_s_Log";"e3_bw";0,23895795329256;1e-12;-0,0181420490100095;-0,0221003903297473;-0,0223236265957044;-0,0216828999817461;0,021213480547027;-0,0731584456690155;0,0126511539670031;-0,0734602817199765;0,0126911982410439;99;0,99;0,9;TRUE;0,848484848484849;0,8;TRUE;TRUE;0,15;0,84;0,01
"hs_builtdens300_s_Sqrt";"e3_bw";0,23895795329256;1e-12;-0,00155352604998017;-0,00507326860421758;-0,00626329457310812;-0,00304034695431185;0,0111478425360447;-0,0328376645562216;0,0130713149432015;-0,033774684070057;0,0130814402752938;81;0,81;0,9;FALSE;0,691358024691358;0,8;FALSE;FALSE;0,25;0,56;0,19
"hs_connind300_s_Log";"e3_bw";0,23895795329256;1e-12;-0,0131066333699516;-0,0130691235187806;-0,0165431943275703;-0,0131509058674276;0,0169717412028043;-0,0599850704173659;0,00281046951497093;-0,0683384378651311;0,00399508315364718;79;0,79;0,9;FALSE;0,886075949367089;0,8;TRUE;FALSE;0,09;0,7;0,21
"hs_fdensity300_s_Log";"e3_bw";0,23895795329256;1e-12;0;-0,015749224341208;-0,0178968458422819;-0,0156864365235286;0,0154956039505285;-0,0503910443661974;0,00518262349154002;-0,051025311424129;0,0055662968025607;88;0,88;0,9;FALSE;NA;0,8;FALSE;FALSE;0,08;0,8;0,12
"hs_landuseshan300_s_None";"e3_bw";0,23895795329256;1e-12;-0,00235965453639849;-0,0058031839288307;-0,00725397991103838;-0,00684586705396085;0,0106418907441516;-0,0278526820831244;0,0128299231823713;-0,0280853159137887;0,0131526042827938;80;0,8;0,9;FALSE;0,75;0,8;FALSE;FALSE;0,2;0,6;0,2
"hs_popdens_s_Sqrt";"e3_bw";0,23895795329256;1e-12;0;0,0120600185162236;0,0138620902485329;0,0111810917349949;0,0131113378559476;-0,00423158986067989;0,050331244035162;-0,004871134249887;0,0508121590582791;87;0,87;0,9;FALSE;NA;0,8;FALSE;FALSE;0,78;0,09;0,13
"h_Absorbance_Log";"e3_bw";0,23895795329256;1e-12;0,00667199000140386;0,00767615938060107;0,00834365150065334;0,0080422329025751;0,0127704582547086;-0,0139992423753474;0,0340152215129485;-0,0140256423163792;0,0345543346034364;92;0,92;0,9;TRUE;0,793478260869565;0,8;FALSE;FALSE;0,73;0,19;0,08
"h_Benzene_Log";"e3_bw";0,23895795329256;1e-12;-0,0376478542711339;-0,0363922736681292;-0,0363922736681292;-0,0378222442122785;0,0210880692761268;-0,075335458959958;0,00164559185718429;-0,075335458959958;0,00164559185718429;100;1;0,9;TRUE;0,95;0,8;TRUE;TRUE;0,05;0,95;0
"h_NO2_Log";"e3_bw";0,23895795329256;1e-12;0,00207427467946581;0,0301319255357166;0,0320552399316134;0,0295233966606767;0,0257859928069244;-0,000435796594643217;0,0789764892658245;-0,00054046092402064;0,0798718770299817;94;0,94;0,9;TRUE;0,957446808510638;0,8;TRUE;TRUE;0,9;0,04;0,06
"h_PM_Log";"e3_bw";0,23895795329256;1e-12;-0,0166528037769275;-0,019679886456904;-0,019679886456904;-0,0219541133827198;0,0156841557499945;-0,0442508609540516;0,0156739208438967;-0,0442508609540516;0,0156739208438967;100;1;0,9;TRUE;0,91;0,8;TRUE;TRUE;0,09;0,91;0
"h_TEX_Log";"e3_bw";0,23895795329256;1e-12;0,00869913475289817;0,00614811755485254;0,00759026858623771;0,00511348723675903;0,0117811546700404;-0,0122592254986443;0,0325785109475874;-0,0129219774751188;0,0344381771230065;81;0,81;0,9;FALSE;0,790123456790123;0,8;FALSE;FALSE;0,64;0,17;0,19
"hs_KIDMED_None";"e3_bw";0,23895795329256;1e-12;0,0216880625327846;0,0259465429489712;0,0259465429489712;0,0265190435707531;0,0175607471624086;-0,0116271018167585;0,0573680621515955;-0,0116271018167585;0,0573680621515955;100;1;0,9;TRUE;0,92;0,8;TRUE;TRUE;0,92;0,08;0
"hs_mvpa_prd_alt_None";"e3_bw";0,23895795329256;1e-12;0,00881746409572325;-0,0105602240009142;-0,0108868288669218;-0,0102104376421588;0,01703040346371;-0,0440843614449244;0,0176692834432022;-0,0441358146483759;0,0182552168003212;97;0,97;0,9;TRUE;0,257731958762887;0,8;FALSE;FALSE;0,25;0,72;0,03
"hs_sd_wk_None";"e3_bw";0,23895795329256;1e-12;-0,0123338300843508;-0,00869138905368212;-0,00914883058282329;-0,00956365567689495;0,0134477879295196;-0,0359360425763679;0,0178758079660137;-0,0359928080279766;0,0184637300209173;95;0,95;0,9;TRUE;0,768421052631579;0,8;FALSE;FALSE;0,22;0,73;0,05
"hs_dif_hours_total_None";"e3_bw";0,23895795329256;1e-12;0,0129745410976127;-0,0295227193759969;-0,0295227193759969;-0,0301115405305243;0,0270222020243912;-0,0824640412720617;0,0166986315973738;-0,0824640412720617;0,0166986315973738;100;1;0,9;TRUE;0,14;0,8;FALSE;FALSE;0,14;0,86;0
"hs_as_c_Log2";"e3_bw";0,23895795329256;1e-12;-0,000313366537377993;0,0198337492459591;0,0200340901474334;0,0209377243331912;0,0184275675172678;-0,0169083650945927;0,0549922025937341;-0,0169704834476781;0,0550158714641632;99;0,99;0,9;TRUE;0,121212121212121;0,8;FALSE;FALSE;0,87;0,12;0,01
"hs_cd_c_Log2";"e3_bw";0,23895795329256;1e-12;0;-0,00057917665219018;-0,000706312990475829;-0,0018179907144949;0,0114940987084965;-0,0216013137596121;0,0223611231359506;-0,021729690153307;0,0229366587460817;82;0,82;0,9;FALSE;NA;0,8;FALSE;FALSE;0,36;0,46;0,18
"hs_co_c_Log2";"e3_bw";0,23895795329256;1e-12;0,00558779208024044;0,003592707774064;0,0036289977515798;0,00363797801173352;0,0127549090781608;-0,026186107659138;0,0295880067703538;-0,0262705688748895;0,0296665947247118;99;0,99;0,9;TRUE;0,656565656565657;0,8;FALSE;FALSE;0,65;0,34;0,01
"hs_cs_c_Log2";"e3_bw";0,23895795329256;1e-12;-0,000795314816309217;0,0069840114556272;0,0069840114556272;0,00485352162180227;0,0221722355533894;-0,0420312826440564;0,0475236366515498;-0,0420312826440564;0,0475236366515498;100;1;0,9;TRUE;0,36;0,8;FALSE;FALSE;0,64;0,36;0
"hs_cu_c_Log2";"e3_bw";0,23895795329256;1e-12;-0,0086900612781788;-0,0103874063209698;-0,0103874063209698;-0,00898801500674827;0,0151862414586445;-0,0486212207531184;0,0129842064011353;-0,0486212207531184;0,0129842064011353;100;1;0,9;TRUE;0,79;0,8;FALSE;FALSE;0,21;0,79;0
"hs_hg_c_Log2";"e3_bw";0,23895795329256;1e-12;0,0030689891223756;-0,0242114984184939;-0,025485787808941;-0,024689908065725;0,0203912772259978;-0,0686811705021309;0,00510051533744901;-0,0687375443745418;0,00523816670576922;95;0,95;0,9;TRUE;0,105263157894737;0,8;FALSE;FALSE;0,1;0,85;0,05
"hs_mn_c_Log2";"e3_bw";0,23895795329256;1e-12;-0,00871474494823478;-0,0146608721801122;-0,0148089617980931;-0,0140905091340786;0,0114464421828955;-0,0387542126864909;0,00377766183374627;-0,0387668665570845;0,00380273405825018;99;0,99;0,9;TRUE;0,94949494949495;0,8;TRUE;TRUE;0,05;0,94;0,01
"hs_mo_c_Log2";"e3_bw";0,23895795329256;1e-12;-0,0141469187415375;-0,036105377988731;-0,036105377988731;-0,0358599629045155;0,0224257120689153;-0,0891190581104832;-0,000598598785090044;-0,0891190581104832;-0,000598598785090044;100;1;0,9;TRUE;0,98;0,8;TRUE;TRUE;0,02;0,98;0
"hs_pb_c_Log2";"e3_bw";0,23895795329256;1e-12;-0,00942191214364171;-0,00709546943223841;-0,0074689151918299;-0,00694232346646178;0,0113036006252448;-0,0276356816538282;0,013632657411516;-0,0279447959101899;0,0136744898229166;95;0,95;0,9;TRUE;0,768421052631579;0,8;FALSE;FALSE;0,22;0,73;0,05
"hs_hum_mt_hs_h_None";"e3_bw";0,23895795329256;1e-12;0,000391115379761162;0,0222364611260677;0,0224610718445128;0,021028027099134;0,0232965873276472;-0,0177042755178528;0,0665684203371016;-0,017879517594427;0,0667853420642812;99;0,99;0,9;TRUE;0,838383838383838;0,8;TRUE;TRUE;0,83;0,16;0,01
"hs_tm_mt_hs_h_None";"e3_bw";0,23895795329256;1e-12;0;-0,000221184648434839;-0,000345601013179436;0,000239239918798393;0,0108440230375754;-0,0264034737083248;0,0233952593272117;-0,0322057490743311;0,0247032454941264;64;0,64;0,9;FALSE;NA;0,8;FALSE;FALSE;0,34;0,3;0,36
"hs_uvdvf_mt_hs_h_None";"e3_bw";0,23895795329256;1e-12;0;0,0042876968436251;0,0054970472354168;0,00543914588797696;0,0146526392532016;-0,0348000272016258;0,0316882348738872;-0,0386762491389237;0,0327418905367066;78;0,78;0,9;FALSE;NA;0,8;FALSE;FALSE;0,54;0,24;0,22
"hs_hum_dy_hs_h_None";"e3_bw";0,23895795329256;1e-12;0,0069124996414887;-0,00467860276239585;-0,00497723698127218;-0,00066450911941279;0,0189666372268004;-0,0540814955236589;0,0236757946782556;-0,0544392004285793;0,0241373312574327;94;0,94;0,9;TRUE;0,468085106382979;0,8;FALSE;FALSE;0,44;0,5;0,06
"hs_hum_wk_hs_h_None";"e3_bw";0,23895795329256;1e-12;0,00309822270758427;-0,00914834800455756;-0,00924075556015915;-0,00616898429752664;0,0188570248720091;-0,0494144967092519;0,0196144618357693;-0,0494403926916554;0,0196370181820886;99;0,99;0,9;TRUE;0,292929292929293;0,8;FALSE;FALSE;0,29;0,7;0,01
"hs_tm_dy_hs_h_None";"e3_bw";0,23895795329256;1e-12;0,00431652935765821;0,00436301991284923;0,00525665049740871;0,00272614177433588;0,0137331204155381;-0,0154053227120119;0,0385098485145665;-0,0167937110601364;0,0415501007480132;83;0,83;0,9;FALSE;0,63855421686747;0,8;FALSE;FALSE;0,53;0,3;0,17
"hs_tm_wk_hs_h_None";"e3_bw";0,23895795329256;1e-12;0;-0,0014646420733988;-0,00271230013592371;-0,00313930608204122;0,0088637222363965;-0,0209155290474118;0,0201092921663329;-0,0229997078385624;0,0242015567447374;54;0,54;0,9;FALSE;NA;0,8;FALSE;FALSE;0,17;0,37;0,46
"hs_uvdvf_dy_hs_h_None";"e3_bw";0,23895795329256;1e-12;0;0,0061231929499184;0,00687999207856;0,00332585767363396;0,0158072141362287;-0,0224857626917514;0,0477135565223373;-0,0233429741260383;0,0481147020338955;89;0,89;0,9;FALSE;NA;0,8;FALSE;FALSE;0,59;0,3;0,11
"hs_uvdvf_wk_hs_h_None";"e3_bw";0,23895795329256;1e-12;0;-0,00547165641805247;-0,00667275172933228;-0,00450648334436109;0,0123206831637579;-0,0280540814619648;0,0105544352190066;-0,0314389100382497;0,0108217558094992;82;0,82;0,9;FALSE;NA;0,8;FALSE;FALSE;0,23;0,59;0,18
"hs_ndvi100_h_None";"e3_bw";0,23895795329256;1e-12;0,0173796257098107;0,00802045927514691;0,0082685147166463;0,00660830881497672;0,0165704977932651;-0,0209893836309771;0,0445812255236239;-0,0209914480074169;0,0447340284491612;97;0,97;0,9;TRUE;0,701030927835051;0,8;FALSE;FALSE;0,68;0,29;0,03
"hs_ndvi100_s_None";"e3_bw";0,23895795329256;1e-12;0,00239683224018778;-0,00388735707501971;-0,00413548625002096;-0,00665058070394658;0,0211763607281938;-0,0442312315440666;0,0511445521518064;-0,0455163033355387;0,0512342355596319;94;0,94;0,9;TRUE;0,329787234042553;0,8;FALSE;FALSE;0,31;0,63;0,06
"hs_dde_cadj_Log2";"e3_bw";0,23895795329256;1e-12;0,0102092799210117;0,0162896198753489;0,0162896198753489;0,0116039158020412;0,024653366452539;-0,0225317215677255;0,0690012598930677;-0,0225317215677255;0,0690012598930677;100;1;0,9;TRUE;0,74;0,8;FALSE;FALSE;0,74;0,26;0
"hs_ddt_cadj_Log2";"e3_bw";0,23895795329256;1e-12;0,00113159207269489;-0,00155955497327352;-0,0019494437165919;-0,00138782503797909;0,010380910180981;-0,0226936298378903;0,0172332093312511;-0,0244595250599649;0,0175834247728111;80;0,8;0,9;FALSE;0,4125;0,8;FALSE;FALSE;0,33;0,47;0,2
"hs_hcb_cadj_Log2";"e3_bw";0,23895795329256;1e-12;-0,0341203863392694;-0,0484021476981977;-0,0484021476981977;-0,0419598511317372;0,03135064517836;-0,121069208443132;0,00309679682929675;-0,121069208443132;0,00309679682929675;100;1;0,9;TRUE;0,96;0,8;TRUE;TRUE;0,04;0,96;0
"hs_pcb118_cadj_Log2";"e3_bw";0,23895795329256;1e-12;-0,00298630222040558;-0,00613296440789496;-0,00689097124482579;-0,00579651980642139;0,012351724042579;-0,0311777399017078;0,0172596555305763;-0,0316640215607382;0,0179079306084282;89;0,89;0,9;FALSE;0,730337078651685;0,8;FALSE;FALSE;0,24;0,65;0,11
"hs_pcb138_cadj_Log2";"e3_bw";0,23895795329256;1e-12;0;0,00390280397245273;0,00487850496556591;0,00386084720175071;0,0127357036614772;-0,0269653649963319;0,0346954926703005;-0,0284002649803602;0,0357965345161626;80;0,8;0,9;FALSE;NA;0,8;FALSE;FALSE;0,56;0,24;0,2
"hs_pcb153_cadj_Log2";"e3_bw";0,23895795329256;1e-12;-0,00626720240132371;-0,00161696628321801;-0,00168433987835209;-0,00371995973053481;0,0216090622927669;-0,0356532974540339;0,0591513367849309;-0,0357758240194289;0,0601174495139529;96;0,96;0,9;TRUE;0,614583333333333;0,8;FALSE;FALSE;0,37;0,59;0,04
"hs_pcb170_cadj_Log2";"e3_bw";0,23895795329256;1e-12;-0,00451504346223142;-0,0109137467789639;-0,0109137467789639;-0,00636234515776976;0,0224837950008362;-0,0576425120855439;0,0235460953609292;-0,0576425120855439;0,0235460953609292;100;1;0,9;TRUE;0,66;0,8;FALSE;FALSE;0,34;0,66;0
"hs_pcb180_cadj_Log2";"e3_bw";0,23895795329256;1e-12;0,0304676686010522;0,0236599917797975;0,0236599917797975;0,0238641221686571;0,0175718234273153;-0,00675541137797447;0,0585117739059128;-0,00675541137797447;0,0585117739059128;100;1;0,9;TRUE;0,94;0,8;TRUE;TRUE;0,94;0,06;0
"hs_sumPCBs5_cadj_Log2";"e3_bw";0,23895795329256;1e-12;-0,00324090979209875;0,0161470820896712;0,0164766143772156;0,0103094780893549;0,0256474747726229;-0,0217800877020521;0,0831804151161967;-0,0218010716069491;0,0836020228280835;98;0,98;0,9;TRUE;0,26530612244898;0,8;FALSE;FALSE;0,72;0,26;0,02
"hs_pfhxs_c_Log2";"e3_bw";0,23895795329256;1e-12;-0,00218680581906197;0,0139834565299406;0,0153664357471875;0,0175604959744027;0,0195025669307637;-0,0207087836659675;0,0533980787503599;-0,02240626139363;0,0559371534967343;91;0,91;0,9;TRUE;0,175824175824176;0,8;FALSE;FALSE;0,75;0,16;0,09
"hs_pfna_c_Log2";"e3_bw";0,23895795329256;1e-12;0;0,000320963114687657;0,000458518735268082;-0,000213246792077481;0,0126791719103273;-0,0237940149734842;0,031494139427468;-0,0247310862816252;0,0329493237498552;70;0,7;0,9;FALSE;NA;0,8;FALSE;FALSE;0,34;0,36;0,3
"hs_pfoa_c_Log2";"e3_bw";0,23895795329256;1e-12;0,00560811011032067;0,0131887210154664;0,0134578785872106;0,0127662158135679;0,0131762758926577;-0,00832130662351224;0,0428834940563335;-0,00841335903839977;0,0429645552204177;98;0,98;0,9;TRUE;0,877551020408163;0,8;TRUE;TRUE;0,86;0,12;0,02
"hs_pfos_c_Log2";"e3_bw";0,23895795329256;1e-12;0,00380739161626302;-0,00111298639750754;-0,00115936083073702;0,00176611105480148;0,0197379003431093;-0,046717388914088;0,0345347031531303;-0,0475537374251766;0,0350786496042276;96;0,96;0,9;TRUE;0,572916666666667;0,8;FALSE;FALSE;0,55;0,41;0,04
"hs_pfunda_c_Log2";"e3_bw";0,23895795329256;1e-12;-0,000540853655540753;0,00155848907485933;0,00175111132006667;0,00287969275579518;0,0109343441655776;-0,0182333619367241;0,0220102940298195;-0,0189847048726738;0,0239052197382388;89;0,89;0,9;FALSE;0,337078651685393;0,8;FALSE;FALSE;0,59;0,3;0,11
"hs_hm_pers_None";"e3_bw";0,23895795329256;1e-12;0,0070528594819047;-0,000724210222119702;-0,000738990022571125;-0,00224350523807509;0,0139013068209054;-0,0238669749647725;0,0310222982827994;-0,0241186029497569;0,0312047708128812;98;0,98;0,9;TRUE;0,397959183673469;0,8;FALSE;FALSE;0,39;0,59;0,02
"hs_trafload_h_pow1over3";"e3_bw";0,23895795329256;1e-12;-0,00366581407159351;-0,0129736711604431;-0,0150856641400501;-0,00970498507455419;0,0165777671996507;-0,0517196394519891;0,00258744983922651;-0,0521882426989812;0,00340461780229173;86;0,86;0,9;FALSE;0,906976744186046;0,8;TRUE;FALSE;0,08;0,78;0,14
"hs_trafnear_h_pow1over3";"e3_bw";0,23895795329256;1e-12;0;-0,00491184162075267;-0,00654912216100356;-0,00554007977645184;0,00995481825731625;-0,0293809512876414;0,00999281790194211;-0,0313644963487779;0,011731272562878;75;0,75;0,9;FALSE;NA;0,8;FALSE;FALSE;0,17;0,58;0,25
"FAS_cat_None_Low";"e3_bw";0,23895795329256;1e-12;-0,0570866107404013;-0,121477049678749;-0,121477049678749;-0,116062361601247;0,0632889551292922;-0,238651619432478;-0,015972920104083;-0,238651619432478;-0,015972920104083;100;1;0,9;TRUE;0,99;0,8;TRUE;TRUE;0,01;0,99;0
"FAS_cat_None_Middle";"e3_bw";0,23895795329256;1e-12;-0,0284958072349259;-0,0229833984188497;-0,0249819548030975;-0,0155732297106409;0,0342360256352435;-0,0967135612829744;0,0292775124628645;-0,0984556686562289;0,0312945434781197;92;0,92;0,9;TRUE;0,771739130434783;0,8;FALSE;FALSE;0,21;0,71;0,08
"hs_globalexp2_None_no exposure";"e3_bw";0,23895795329256;1e-12;-0,00131772217605314;-0,0134526822040001;-0,014783167257143;-0,00981278523649833;0,0213167144373828;-0,0611529387597622;0,0173620824469661;-0,0616880258485181;0,0185402893893951;91;0,91;0,9;TRUE;0,736263736263736;0,8;FALSE;FALSE;0,24;0,67;0,09
"h_abs_ratio_preg_Log";"hs_asthma";0,23895795329256;1e-12;-0,0428647903568649;-0,0479025059446137;-0,0493840267470245;-0,0427201518795843;0,0450520678010508;-0,171963304371935;0;-0,17305522785873;-0,000821602904420823;97;0,97;0,9;TRUE;0,979381443298969;0,8;TRUE;TRUE;0,02;0,95;0,03
"h_no2_ratio_preg_Log";"hs_asthma";0,23895795329256;1e-12;-0,0344863744344183;-0,0200036928626036;-0,0217431444158735;-0,0126190185559091;0,0306141435804583;-0,0946993191601374;0,0243549703853166;-0,0973734648051386;0,0251008022698046;92;0,92;0,9;TRUE;0,782608695652174;0,8;FALSE;FALSE;0,2;0,72;0,08
"h_pm10_ratio_preg_None";"hs_asthma";0,23895795329256;1e-12;0;0,00468815353232211;0,00822483075845985;0,00745114669808071;0,0145986584823679;-0,0107574096048981;0,0450606579348811;-0,0123716814208792;0,0509449653478421;57;0,57;0,9;FALSE;NA;0,8;FALSE;FALSE;0,36;0,21;0,43
"h_pm25_ratio_preg_None";"hs_asthma";0,23895795329256;1e-12;-0,0155331756297722;-0,0175327211456537;-0,0186518310060146;-0,00973956239581873;0,0306272809021637;-0,0909741382131115;0,0241094187907208;-0,0916333240133813;0,0246818062248589;94;0,94;0,9;TRUE;0,75531914893617;0,8;FALSE;FALSE;0,23;0,71;0,06
"h_accesslines300_preg_dic0";"hs_asthma";0,23895795329256;1e-12;-0,327624565112564;-0,206602080998644;-0,210818449998616;-0,220910332098947;0,135221993687759;-0,455777509334842;0,0551063724974914;-0,457366568402097;0,056187321789185;98;0,98;0,9;TRUE;0,938775510204082;0,8;TRUE;TRUE;0,06;0,92;0,02
"h_accesspoints300_preg_Log";"hs_asthma";0,23895795329256;1e-12;0,0128525109280216;0,0204064930370779;0,0226738811523088;0,018485100068535;0,0288587640346884;-0,0260484883143517;0,0858883833584095;-0,0262411369988333;0,0919863877671467;90;0,9;0,9;TRUE;0,844444444444444;0,8;TRUE;TRUE;0,76;0,14;0,1
"h_builtdens300_preg_Sqrt";"hs_asthma";0,23895795329256;1e-12;0,000620704095466027;0,00296087646576997;0,00435423009672055;0,000523272160911898;0,0222372462039683;-0,0525678511250135;0,0632847382423195;-0,0624539581620306;0,0733414451659365;68;0,68;0,9;FALSE;0,602941176470588;0,8;FALSE;FALSE;0,41;0,27;0,32
"h_connind300_preg_Sqrt";"hs_asthma";0,23895795329256;1e-12;0,00534402487518234;0,0227114473517076;0,025518480170458;0,0187376080780422;0,0317182165367541;-0,0200269148838441;0,100535684455605;-0,0204986237044172;0,100565171090674;89;0,89;0,9;FALSE;0,865168539325843;0,8;TRUE;FALSE;0,77;0,12;0,11
"h_fdensity300_preg_Log";"hs_asthma";0,23895795329256;1e-12;0,00011019462841696;-0,00745544673479215;-0,00877111380563782;-0,0046847343300693;0,0257462292712497;-0,0649617840649703;0,040894124896608;-0,065898054437929;0,0422936068949987;85;0,85;0,9;FALSE;0,376470588235294;0,8;FALSE;FALSE;0,32;0,53;0,15
"h_frichness300_preg_None";"hs_asthma";0,23895795329256;1e-12;0,00089486818911969;0,00851651086072387;0,0100194245420281;0,00503350173828702;0,0197206109194811;-0,0295103615159842;0,0560205510544055;-0,0319370314473955;0,0560284909769761;85;0,85;0,9;FALSE;0,717647058823529;0,8;FALSE;FALSE;0,61;0,24;0,15
"h_landuseshan300_preg_None";"hs_asthma";0,23895795329256;1e-12;-0,0189783893008242;-0,0340688326633174;-0,0366331534014166;-0,0273126861767314;0,0365004678376991;-0,126717818697491;0,00307510817105656;-0,134459719682677;0,00325969607130174;93;0,93;0,9;TRUE;0,860215053763441;0,8;TRUE;TRUE;0,13;0,8;0,07
"h_popdens_preg_Sqrt";"hs_asthma";0,23895795329256;1e-12;-0,0955362601052108;-0,0743572943493006;-0,0743572943493006;-0,0688961572555813;0,0449646833017569;-0,173891909382209;-0,00578221622457651;-0,173891909382209;-0,00578221622457651;100;1;0,9;TRUE;1;0,8;TRUE;TRUE;0;1;0
"h_walkability_mean_preg_None";"hs_asthma";0,23895795329256;1e-12;0,0388635540526524;0,0403565672302955;0,0416047084848407;0,0371403219957605;0,0365892003284978;-0,0014218897537874;0,112506027580655;-0,00146674762245322;0,113111531565168;97;0,97;0,9;TRUE;0,958762886597938;0,8;TRUE;TRUE;0,93;0,04;0,03
"hs_as_m_Log2";"hs_asthma";0,23895795329256;1e-12;0,0072360109219059;0,0124649477247163;0,0134031695964691;0,00837630561205355;0,0222513060738236;-0,0221288316954381;0,0710492571484174;-0,0230226712781804;0,0722905210866321;93;0,93;0,9;TRUE;0,752688172043011;0,8;FALSE;FALSE;0,7;0,23;0,07
"hs_cd_m_Log2";"hs_asthma";0,23895795329256;1e-12;-0,122260658454926;-0,118153631913554;-0,120564930524035;-0,121237467056965;0,0655274417282968;-0,261522241008955;-0,00659239502105502;-0,262224493278613;-0,0162519023533551;98;0,98;0,9;TRUE;1;0,8;TRUE;TRUE;0;0,98;0,02
"hs_co_m_Log2";"hs_asthma";0,23895795329256;1e-12;0,0549107896643996;0,0260416676046209;0,032150206919285;0,0132485005501189;0,0359788834343984;-0,00608642430847423;0,111855112000281;-0,00687827667871023;0,115090045272705;81;0,81;0,9;FALSE;0,802469135802469;0,8;TRUE;FALSE;0,65;0,16;0,19
"hs_cs_m_Log2";"hs_asthma";0,23895795329256;1e-12;0;-0,00882228922263603;-0,0106292641236579;-0,00478557988259042;0,01996124959619;-0,0528387134109484;0,0207523641084805;-0,0557330691750659;0,0269889049008228;83;0,83;0,9;FALSE;NA;0,8;FALSE;FALSE;0,21;0,62;0,17
"hs_cu_m_Log2";"hs_asthma";0,23895795329256;1e-12;-0,0053140577803143;-0,0145247795037725;-0,014671494448255;-0,00837341529628975;0,0287644257157466;-0,074770540778727;0,0264202129258276;-0,0747874243378945;0,0264861511598271;99;0,99;0,9;TRUE;0,717171717171717;0,8;FALSE;FALSE;0,28;0,71;0,01
"hs_hg_m_Log2";"hs_asthma";0,23895795329256;1e-12;0;-0,0101153841694813;-0,0136694380668666;-0,00527189766418418;0,0207493566517901;-0,0722949671177225;0,0153826397671168;-0,0805095559354763;0,0209814664310483;74;0,74;0,9;FALSE;NA;0,8;FALSE;FALSE;0,15;0,59;0,26
"hs_mn_m_Log2";"hs_asthma";0,23895795329256;1e-12;0,00110588315905714;0,00916999618025556;0,0100769188794017;0,00178902767651835;0,0273219506907525;-0,0242343903064631;0,0825358430392913;-0,0248972002873268;0,0827643560675867;91;0,91;0,9;TRUE;0,626373626373626;0,8;FALSE;FALSE;0,57;0,34;0,09
"hs_mo_m_Log2";"hs_asthma";0,23895795329256;1e-12;0,00832839352987414;0,0301374085670116;0,0301374085670116;0,0164652059206276;0,0405545378338495;-0,0124178679283859;0,133421310954821;-0,0124178679283859;0,133421310954821;100;1;0,9;TRUE;0,85;0,8;TRUE;TRUE;0,85;0,15;0
"hs_pb_m_Log2";"hs_asthma";0,23895795329256;1e-12;0;0,00195591827893169;0,0025401536090022;-0,000105573037554745;0,0213989246023792;-0,0440349968916705;0,044653822140239;-0,0471118985173689;0,0490303145614491;77;0,77;0,9;FALSE;NA;0,8;FALSE;FALSE;0,38;0,39;0,23
"h_humidity_preg_None";"hs_asthma";0,23895795329256;1e-12;-0,0304626336385373;-0,0504996685946368;-0,0520615140150895;-0,0465823721786026;0,0407112244155413;-0,130947920704674;0,0038192148445612;-0,130977890744018;0,00391620019244899;97;0,97;0,9;TRUE;0,938144329896907;0,8;TRUE;TRUE;0,06;0,91;0,03
"h_pressure_preg_None";"hs_asthma";0,23895795329256;1e-12;0;0,0202935625928323;0,0298434744012239;0,0202659656965819;0,0306983738045473;-0,00527280324754612;0,100689307799125;-0,00798496408667242;0,108492853734038;68;0,68;0,9;FALSE;NA;0,8;FALSE;FALSE;0,56;0,12;0,32
"h_temperature_preg_None";"hs_asthma";0,23895795329256;1e-12;0;0,00862926320195045;0,0102729323832743;0,0053138110723339;0,0232601855517399;-0,015904298579365;0,0717556267272015;-0,0174725782051331;0,0737987012701189;84;0,84;0,9;FALSE;NA;0,8;FALSE;FALSE;0,59;0,25;0,16
"h_ndvi100_preg_None";"hs_asthma";0,23895795329256;1e-12;0,0594963380959394;0,0689637709731113;0,0741545924442057;0,0656132444017329;0,0580876038454868;0;0,192523589076276;0,000194416877838384;0,194832455532377;93;0,93;0,9;TRUE;0,978494623655914;0,8;TRUE;TRUE;0,91;0,02;0,07
"hs_dde_madj_Log2";"hs_asthma";0,23895795329256;1e-12;-0,000506194667279673;-0,0328671083980761;-0,0328671083980761;-0,0331715809745666;0,0355426132069527;-0,0988945755413803;0,0270610365850594;-0,0988945755413803;0,0270610365850594;100;1;0,9;TRUE;0,82;0,8;TRUE;TRUE;0,18;0,82;0
"hs_ddt_madj_Log2";"hs_asthma";0,23895795329256;1e-12;0;-0,0238241915706712;-0,0280284606713779;-0,0124265851296952;0,0364466689579288;-0,108725161330477;0,00478189997812445;-0,113705170408786;0,00507840006858101;85;0,85;0,9;FALSE;NA;0,8;FALSE;FALSE;0,13;0,72;0,15
"hs_hcb_madj_Log2";"hs_asthma";0,23895795329256;1e-12;0,00357981302084804;0,0254036241731816;0,0298866166743313;0,0289515166289772;0,0264049230413437;-0,00240397416999108;0,0787111421683606;-0,0024638927848472;0,0829906199831027;85;0,85;0,9;FALSE;0,905882352941176;0,8;TRUE;FALSE;0,77;0,08;0,15
"hs_pcb118_madj_Log2";"hs_asthma";0,23895795329256;1e-12;0,0663529947249502;0,0557611458807255;0,0563243897785106;0,044145213369694;0,0464299560485712;-0,000356802913875778;0,156110526646904;-0,000341052794437717;0,156145492727513;99;0,99;0,9;TRUE;0,96969696969697;0,8;TRUE;TRUE;0,96;0,03;0,01
"hs_pcb138_madj_Log2";"hs_asthma";0,23895795329256;1e-12;0,00158189917705015;0,0043517058303424;0,00506012305853767;0,00350701842095561;0,0205292692702508;-0,0284582760691194;0,0525536023395949;-0,0287558778833059;0,0543222705401099;86;0,86;0,9;FALSE;0,662790697674419;0,8;FALSE;FALSE;0,57;0,29;0,14
"hs_pcb153_madj_Log2";"hs_asthma";0,23895795329256;1e-12;0;0,0344906024908049;0,040577179400947;0,0361632508520277;0,0341750617541704;-0,00163943335139974;0,111055970584553;-0,00213129693267839;0,114883500890145;85;0,85;0,9;FALSE;NA;0,8;FALSE;FALSE;0,79;0,06;0,15
"hs_pcb170_madj_Log2";"hs_asthma";0,23895795329256;1e-12;-0,0187498659645029;-0,0423912360416644;-0,045097059618792;-0,034098601449433;0,0408779179027979;-0,151484660475902;0,00409021592612883;-0,151661546744573;0,00455861093757972;94;0,94;0,9;TRUE;0,936170212765957;0,8;TRUE;TRUE;0,06;0,88;0,06
"hs_pcb180_madj_Log2";"hs_asthma";0,23895795329256;1e-12;-0,0102592121993503;0,00030075883425621;0,000362360041272542;8,2823920264492e-05;0,0201492858597961;-0,0422081616441387;0,0405822530654913;-0,0447338136234964;0,0480456118432488;83;0,83;0,9;FALSE;0,493975903614458;0,8;FALSE;FALSE;0,42;0,41;0,17
"hs_sumPCBs5_madj_Log2";"hs_asthma";0,23895795329256;1e-12;0;-0,00303366533324035;-0,00523045747110405;-0,00436877858880436;0,0148190096957331;-0,0356346879978133;0,0147968505840483;-0,0458940205014927;0,0201966064608566;58;0,58;0,9;FALSE;NA;0,8;FALSE;FALSE;0,17;0,41;0,42
"hs_pfhxs_m_Log2";"hs_asthma";0,23895795329256;1e-12;0,00676413212755631;0,0207860588480699;0,0209960190384545;0,0148753305454788;0,0255832366258032;-0,0140414558021815;0,0808673082491814;-0,0140518593125866;0,0809232129904764;99;0,99;0,9;TRUE;0,797979797979798;0,8;FALSE;FALSE;0,79;0,2;0,01
"hs_pfna_m_Log2";"hs_asthma";0,23895795329256;1e-12;0,0279110052580612;0,0441349565699964;0,0441349565699964;0,0386276121541129;0,0376003709223823;-0,00504040101316682;0,116429831568887;-0,00504040101316682;0,116429831568887;100;1;0,9;TRUE;0,91;0,8;TRUE;TRUE;0,91;0,09;0
"hs_pfoa_m_Log2";"hs_asthma";0,23895795329256;1e-12;0;0,00949619948600253;0,0133749288535247;0,0069700425623676;0,0228930841043782;-0,0187191106497594;0,0645561087802609;-0,0247494272441103;0,0733691202182301;71;0,71;0,9;FALSE;NA;0,8;FALSE;FALSE;0,5;0,21;0,29
"hs_pfos_m_Log2";"hs_asthma";0,23895795329256;1e-12;0;-0,00258704195867112;-0,00398006455180173;-5,94168097318466e-05;0,017938847559728;-0,0501320600507275;0,032795918011445;-0,0586502369802131;0,0357858655848286;65;0,65;0,9;FALSE;NA;0,8;FALSE;FALSE;0,31;0,34;0,35
"hs_pfunda_m_Log2";"hs_asthma";0,23895795329256;1e-12;0;-0,00551386065555581;-0,00765813979938307;-0,00145181752055876;0,0208346220374652;-0,0659013002228327;0,0208384641057404;-0,0692417780634645;0,0288018847410067;72;0,72;0,9;FALSE;NA;0,8;FALSE;FALSE;0,25;0,47;0,28
"e3_asmokcigd_p_None";"hs_asthma";0,23895795329256;1e-12;0,00404507236748662;0,0294362154862213;0,0309854899854961;0,0247962776983555;0,0325888174392657;-0,00761448484307825;0,109298772013018;-0,0076443318908088;0,109841278636671;95;0,95;0,9;TRUE;0,91578947368421;0,8;TRUE;TRUE;0,87;0,08;0,05
"h_distinvnear1_preg_Log";"hs_asthma";0,23895795329256;1e-12;0;0,0132578550775726;0,0163677223179908;0,00910535384404547;0,0225084172908214;-0,0056862955562575;0,0637019096561908;-0,00573005019539271;0,0684204753101041;81;0,81;0,9;FALSE;NA;0,8;FALSE;FALSE;0,64;0,17;0,19
"h_trafload_preg_pow1over3";"hs_asthma";0,23895795329256;1e-12;0,00329030054916847;-0,0123867598301969;-0,0136118239892273;-0,00551641297105292;0,0295975490970184;-0,0818513145997895;0,02528007194396;-0,0825375945635181;0,0255202061962684;91;0,91;0,9;TRUE;0,32967032967033;0,8;FALSE;FALSE;0,3;0,61;0,09
"h_trafnear_preg_pow1over3";"hs_asthma";0,23895795329256;1e-12;-0,00430546454725119;-0,0162544433780165;-0,0211096667246967;-0,0183082824684464;0,0187427529723637;-0,0623737451882234;0,000606295395999707;-0,0629281564537782;0,00116369035683428;77;0,77;0,9;FALSE;0,961038961038961;0,8;TRUE;FALSE;0,03;0,74;0,23
"h_bro_preg_Log";"hs_asthma";0,23895795329256;1e-12;0;0,0144833442608081;0,017242076500962;0,0116317107048238;0,0227506723506798;-0,0127798945074084;0,0674165707933195;-0,0162617829474732;0,0700703542900398;84;0,84;0,9;FALSE;NA;0,8;FALSE;FALSE;0,69;0,15;0,16
"h_clf_preg_Log";"hs_asthma";0,23895795329256;1e-12;-0,00859761514073829;-0,0252910307446094;-0,0308427204202554;-0,0219159565255871;0,0341647246154049;-0,0956017120642278;0,0103016483681854;-0,0964633845526426;0,011358839515252;82;0,82;0,9;FALSE;0,902439024390244;0,8;TRUE;FALSE;0,08;0,74;0,18
"h_thm_preg_Log";"hs_asthma";0,23895795329256;1e-12;0,000314714147590587;0,0210403984251942;0,0259758005249312;0,0182622512552551;0,0261186358973201;-0,010209949775638;0,0765825297982959;-0,013013576201169;0,0800914102381162;81;0,81;0,9;FALSE;0,876543209876543;0,8;TRUE;FALSE;0,71;0,1;0,19
"e3_alcpreg_yn_None_1";"hs_asthma";0,23895795329256;1e-12;-0,0929660642488886;-0,121318503722723;-0,12507062239456;-0,115664427091809;0,0965098017410435;-0,308428296215292;0,00402746410940132;-0,308626939170497;0,0045927158167269;97;0,97;0,9;TRUE;0,948453608247423;0,8;TRUE;TRUE;0,05;0,92;0,03
"h_pamod_t3_None_Often";"hs_asthma";0,23895795329256;1e-12;-0,123767690882272;-0,150197018509151;-0,150197018509151;-0,134327579883141;0,104658730795958;-0,400715927465614;0,00974137428075022;-0,400715927465614;0,00974137428075022;100;1;0,9;TRUE;0,96;0,8;TRUE;TRUE;0,04;0,96;0
"h_pamod_t3_None_Sometimes";"hs_asthma";0,23895795329256;1e-12;0,0204348886522033;-0,0097411924558868;-0,0100424664493678;0,000514239093356522;0,103120894513901;-0,219350220627484;0,184446189658833;-0,220225028025318;0,187404045731084;97;0,97;0,9;TRUE;0,505154639175258;0,8;FALSE;FALSE;0,49;0,48;0,03
"h_pamod_t3_None_Very Often";"hs_asthma";0,23895795329256;1e-12;-0,0532092476777151;-0,124040526872253;-0,124040526872253;-0,110414120653679;0,0870067711610785;-0,309349202485317;-0,00470624700265406;-0,309349202485317;-0,00470624700265406;100;1;0,9;TRUE;0,99;0,8;TRUE;TRUE;0,01;0,99;0
"h_pavig_t3_None_Low";"hs_asthma";0,23895795329256;1e-12;-0,382793763360956;-0,367247681626244;-0,367247681626244;-0,36431077951614;0,125050016650124;-0,619972208266527;-0,133138541229754;-0,619972208266527;-0,133138541229754;100;1;0,9;TRUE;1;0,8;TRUE;TRUE;0;1;0
"h_pavig_t3_None_Medium";"hs_asthma";0,23895795329256;1e-12;-0,23629219046405;-0,207399466707685;-0,207399466707685;-0,211838192121052;0,12539017917818;-0,475934151305519;-0,0123408847496191;-0,475934151305519;-0,0123408847496191;100;1;0,9;TRUE;0,98;0,8;TRUE;TRUE;0,02;0,98;0
"hs_no2_dy_hs_h_Log";"hs_asthma";0,23895795329256;1e-12;-0,0226880547036395;-0,0299522979712409;-0,0308786577023102;-0,0294872863239253;0,0331888033972648;-0,0969719865591247;0,0316109161890955;-0,0970670729994322;0,0327094850205054;97;0,97;0,9;TRUE;0,835051546391753;0,8;TRUE;TRUE;0,16;0,81;0,03
"hs_no2_wk_hs_h_Log";"hs_asthma";0,23895795329256;1e-12;0;0,00970748025716368;0,0151679379018182;0,00722626643562097;0,020552820733839;-0,0104787974484758;0,064276093031477;-0,0170059961218623;0,0812197767141472;64;0,64;0,9;FALSE;NA;0,8;FALSE;FALSE;0,5;0,14;0,36
"hs_no2_yr_hs_h_Log";"hs_asthma";0,23895795329256;1e-12;0;-0,0126904432925258;-0,0178738637922898;-0,014928517074411;0,0156685892703222;-0,0458284756428313;0,00328962587272545;-0,046340629159149;0,00510242101185306;71;0,71;0,9;FALSE;NA;0,8;FALSE;FALSE;0,1;0,61;0,29
"hs_pm10_dy_hs_h_None";"hs_asthma";0,23895795329256;1e-12;-0,0300260124330856;-0,0161352959169329;-0,0168075999134718;-0,0155758670426207;0,0296982861628844;-0,0844118552137006;0,0411023738024929;-0,0844191694854359;0,0421351974571034;96;0,96;0,9;TRUE;0,770833333333333;0,8;FALSE;FALSE;0,22;0,74;0,04
"hs_pm10_wk_hs_h_None";"hs_asthma";0,23895795329256;1e-12;-0,0188100952871842;-0,00901970829052463;-0,00901970829052463;-0,00404132165274244;0,0257642121264575;-0,0689681435846144;0,0392458326253849;-0,0689681435846144;0,0392458326253849;100;1;0,9;TRUE;0,69;0,8;FALSE;FALSE;0,31;0,69;0
"hs_pm10_yr_hs_h_None";"hs_asthma";0,23895795329256;1e-12;0;-0,00384364937262704;-0,00557050633714064;-0,0025824339311918;0,00969728972656001;-0,0307049583866252;0,00869668276134354;-0,0328140196264384;0,00965673779416669;69;0,69;0,9;FALSE;NA;0,8;FALSE;FALSE;0,19;0,5;0,31
"hs_pm25_dy_hs_h_None";"hs_asthma";0,23895795329256;1e-12;-0,0222627020885302;-0,0451332682250897;-0,0480141151330742;-0,0414693801047459;0,0402152459799143;-0,139738784073467;0,00686869078823312;-0,142667292929944;0,00734727723194847;94;0,94;0,9;TRUE;0,936170212765957;0,8;TRUE;TRUE;0,06;0,88;0,06
"hs_pm25_wk_hs_h_None";"hs_asthma";0,23895795329256;1e-12;0;-0,000274498417211497;-0,000442739382599188;-0,000516284136914198;0,0159920553173966;-0,0388100653541841;0,0360674747760837;-0,0436578469060899;0,0474325007498356;62;0,62;0,9;FALSE;NA;0,8;FALSE;FALSE;0,27;0,35;0,38
"hs_pm25_yr_hs_h_None";"hs_asthma";0,23895795329256;1e-12;-0,0505873997954559;-0,0470460568042425;-0,0485010894889098;-0,0475456821264781;0,033096462849589;-0,1056655832174;0,00934963055202512;-0,106023008108201;0,00944754829953259;97;0,97;0,9;TRUE;0,938144329896907;0,8;TRUE;TRUE;0,06;0,91;0,03
"hs_pm25abs_dy_hs_h_Log";"hs_asthma";0,23895795329256;1e-12;0,0214017255207986;0,0320334128471265;0,0320334128471265;0,0233675654953837;0,0344527188462485;-0,008745726074377;0,118495616720047;-0,008745726074377;0,118495616720047;100;1;0,9;TRUE;0,91;0,8;TRUE;TRUE;0,91;0,09;0
"hs_pm25abs_wk_hs_h_Log";"hs_asthma";0,23895795329256;1e-12;0;-0,0127546054437741;-0,0177147297830196;-0,00752527911893527;0,0264018941900692;-0,093229401115765;0,0101049012583905;-0,110913751758257;0,0110954453164138;72;0,72;0,9;FALSE;NA;0,8;FALSE;FALSE;0,16;0,56;0,28
"hs_pm25abs_yr_hs_h_Log";"hs_asthma";0,23895795329256;1e-12;-0,0464779579556371;-0,0476432246092476;-0,0501507627465765;-0,0405520243266027;0,0405563999784532;-0,132721443743507;0;-0,133322766670662;-0,00168758116285703;95;0,95;0,9;TRUE;1;0,8;TRUE;TRUE;0;0,95;0,05
"hs_accesslines300_h_dic0";"hs_asthma";0,23895795329256;1e-12;0,0549611748977968;0,0928225522635687;0,0956933528490398;0,0757067890951764;0,134595843382139;-0,108440279485643;0,417367438706952;-0,108736691392778;0,42027248941004;97;0,97;0,9;TRUE;0,77319587628866;0,8;FALSE;FALSE;0,75;0,22;0,03
"hs_accesspoints300_h_Log";"hs_asthma";0,23895795329256;1e-12;-0,103079968373661;-0,134969860044653;-0,134969860044653;-0,129808187116361;0,0587478856632205;-0,277214952007581;-0,0370731312812833;-0,277214952007581;-0,0370731312812833;100;1;0,9;TRUE;1;0,8;TRUE;TRUE;0;1;0
"hs_builtdens300_h_Sqrt";"hs_asthma";0,23895795329256;1e-12;0;-0,0030202197207727;-0,00450779062801896;0,000433689258678415;0,0186043054444503;-0,0502592113927362;0,0192595527679603;-0,0600880867092934;0,0259426219290672;67;0,67;0,9;FALSE;NA;0,8;FALSE;FALSE;0,35;0,32;0,33
"hs_connind300_h_Log";"hs_asthma";0,23895795329256;1e-12;0,00633389522367216;0,00686145383023745;0,00797843468632261;0,0041940186110289;0,024734583100676;-0,0246921114500927;0,0717104183901936;-0,0264500955813112;0,0721737116628401;86;0,86;0,9;FALSE;0,697674418604651;0,8;FALSE;FALSE;0,6;0,26;0,14
"hs_fdensity300_h_Log";"hs_asthma";0,23895795329256;1e-12;0,0182572089458075;0,0182001941008316;0,0200002132976172;0,0111114236209766;0,0293245613108778;-0,0202116313934228;0,0971642925944353;-0,0207126883090004;0,0988006532655495;91;0,91;0,9;TRUE;0,824175824175824;0,8;TRUE;TRUE;0,75;0,16;0,09
"hs_landuseshan300_h_None";"hs_asthma";0,23895795329256;1e-12;0,0394286516245409;0,0402966522165275;0,0424175286489763;0,0307568306824542;0,0391674508539526;-0,0010323403933276;0,129290131054279;-0,00107241612463861;0,130343772588303;95;0,95;0,9;TRUE;0,957894736842105;0,8;TRUE;TRUE;0,91;0,04;0,05
"hs_popdens_h_Sqrt";"hs_asthma";0,23895795329256;1e-12;0;0,0132821326542794;0,0149237445553701;0,00687066104032896;0,0280718875939217;-0,0211386618112926;0,0829583207303206;-0,0217268849928551;0,0839542271824169;89;0,89;0,9;FALSE;NA;0,8;FALSE;FALSE;0,62;0,27;0,11
"hs_walkability_mean_h_None";"hs_asthma";0,23895795329256;1e-12;0,0706053224287623;0,0534593357510535;0,0607492451716517;0,0522326873817054;0,0479799291897494;-6,73109661823229e-06;0,161990905411693;0,000136557937907786;0,166077374881442;88;0,88;0,9;FALSE;0,965909090909091;0,8;TRUE;FALSE;0,85;0,03;0,12
"hs_accesslines300_s_dic0";"hs_asthma";0,23895795329256;1e-12;-0,165672354848705;-0,104639065916292;-0,104639065916292;-0,0962378391259895;0,130355608367347;-0,330068515155278;0,111188214970632;-0,330068515155278;0,111188214970632;100;1;0,9;TRUE;0,78;0,8;FALSE;FALSE;0,22;0,78;0
"hs_accesspoints300_s_Log";"hs_asthma";0,23895795329256;1e-12;-0,00168348013974786;0,000475500957358712;0,000480303997332032;-0,000952950198276148;0,0357951183416858;-0,0639702965583844;0,0730191017322352;-0,0639977268970625;0,0730353799834947;99;0,99;0,9;TRUE;0,515151515151515;0,8;FALSE;FALSE;0,48;0,51;0,01
"hs_builtdens300_s_Sqrt";"hs_asthma";0,23895795329256;1e-12;-0,000232759896464193;-0,0053253328639729;-0,0065744850172505;-0,00103239111248289;0,0226195652047009;-0,0682346933758839;0,0368966492018993;-0,0722501952513107;0,0484324556364979;81;0,81;0,9;FALSE;0,604938271604938;0,8;FALSE;FALSE;0,32;0,49;0,19
"hs_connind300_s_Log";"hs_asthma";0,23895795329256;1e-12;0,0156319852762215;0,00569044666063856;0,00720309703878298;0,00251762675903914;0,0201091251612715;-0,0280017359805685;0,0496866555010301;-0,0295156798496402;0,0516176938914909;79;0,79;0,9;FALSE;0,721518987341772;0,8;FALSE;FALSE;0,57;0,22;0,21
"hs_fdensity300_s_Log";"hs_asthma";0,23895795329256;1e-12;0;-0,0198212198667808;-0,0225241134849782;-0,0158303501271518;0,0303883164774817;-0,0963129606441508;0,0204518547993361;-0,0983476553547751;0,0215581996814823;88;0,88;0,9;FALSE;NA;0,8;FALSE;FALSE;0,18;0,7;0,12
"hs_landuseshan300_s_None";"hs_asthma";0,23895795329256;1e-12;-0,0140156677068812;-0,0312921642260848;-0,039115205282606;-0,0416164048500021;0,0378807085886764;-0,113483137694569;0,00933360416380898;-0,116222478493765;0,0112642689961362;80;0,8;0,9;FALSE;0,925;0,8;TRUE;FALSE;0,06;0,74;0,2
"hs_popdens_s_Sqrt";"hs_asthma";0,23895795329256;1e-12;0;0,0063895709463161;0,00734433442105299;0,00276261078403336;0,0172237202586953;-0,0219799997755172;0,0490758493349248;-0,0237607025179864;0,0527940995797348;87;0,87;0,9;FALSE;NA;0,8;FALSE;FALSE;0,65;0,22;0,13
"h_Absorbance_Log";"hs_asthma";0,23895795329256;1e-12;0,0531495497481539;0,039396244632412;0,0428220050352304;0,0313092385619447;0,0389381819681322;0;0,140546757213145;0,00167821628048702;0,143386760704239;92;0,92;0,9;TRUE;0,978260869565217;0,8;TRUE;TRUE;0,9;0,02;0,08
"h_Benzene_Log";"hs_asthma";0,23895795329256;1e-12;0,131097045702436;0,0993009927362774;0,0993009927362774;0,0915988708380361;0,0539905770555255;0,0123179413569343;0,217826855327681;0,0123179413569343;0,217826855327681;100;1;0,9;TRUE;0,99;0,8;TRUE;TRUE;0,99;0,01;0
"h_NO2_Log";"hs_asthma";0,23895795329256;1e-12;-0,0027881277501873;-0,00782675540708106;-0,00832633553944793;-0,00398338813712062;0,030454765264678;-0,0930630659305319;0,0417987570477439;-0,0967111319224784;0,0418309093578661;94;0,94;0,9;TRUE;0,542553191489362;0,8;FALSE;FALSE;0,43;0,51;0,06
"h_PM_Log";"hs_asthma";0,23895795329256;1e-12;0,0140846034243268;0,0161301309054066;0,0161301309054066;0,0125186050166109;0,0355681405044529;-0,0423804866400064;0,0891933923193881;-0,0423804866400064;0,0891933923193881;100;1;0,9;TRUE;0,71;0,8;FALSE;FALSE;0,71;0,29;0
"h_TEX_Log";"hs_asthma";0,23895795329256;1e-12;-0,026561061262839;-0,016210506468325;-0,0200129709485493;-0,0103438646120279;0,0266178523439711;-0,0829004874265871;0,0120058646056714;-0,0866474922977154;0,015134990094434;81;0,81;0,9;FALSE;0,876543209876543;0,8;TRUE;FALSE;0,1;0,71;0,19
"hs_KIDMED_None";"hs_asthma";0,23895795329256;1e-12;-0,079944963014434;-0,0894804584593876;-0,0894804584593876;-0,0829232350300158;0,0504481359483124;-0,204245971519029;-0,0089639134901679;-0,204245971519029;-0,0089639134901679;100;1;0,9;TRUE;0,99;0,8;TRUE;TRUE;0,01;0,99;0
"hs_mvpa_prd_alt_None";"hs_asthma";0,23895795329256;1e-12;-0,00449569908717835;-0,00380523234862708;-0,00392291994703822;-0,00171257094457099;0,0286688397845858;-0,0490312084623095;0,062150370794556;-0,0491090452805697;0,0623049969850677;97;0,97;0,9;TRUE;0,587628865979381;0,8;FALSE;FALSE;0,4;0,57;0,03
"hs_sd_wk_None";"hs_asthma";0,23895795329256;1e-12;-0,0100797735036378;-0,0201070255492074;-0,0211652900517973;-0,0129387952080496;0,0282718112992565;-0,0918324391057092;0,0240463570791682;-0,091889357558723;0,0258031735616009;95;0,95;0,9;TRUE;0,842105263157895;0,8;TRUE;TRUE;0,15;0,8;0,05
"hs_dif_hours_total_None";"hs_asthma";0,23895795329256;1e-12;-0,102250177938555;-0,121308135391541;-0,121308135391541;-0,114549132804584;0,0669274769541677;-0,254707602179268;-0,019919219910477;-0,254707602179268;-0,019919219910477;100;1;0,9;TRUE;0,99;0,8;TRUE;TRUE;0,01;0,99;0
"hs_as_c_Log2";"hs_asthma";0,23895795329256;1e-12;-0,019140103899921;-0,0267777625245367;-0,0270482449742795;-0,0180009685920664;0,0350701277207425;-0,116676534972755;0,0202484884516948;-0,117125089741662;0,0203025645022392;99;0,99;0,9;TRUE;0,747474747474748;0,8;FALSE;FALSE;0,25;0,74;0,01
"hs_cd_c_Log2";"hs_asthma";0,23895795329256;1e-12;0;0,0143649665227236;0,01751825185698;0,00516181936976538;0,0327202196997531;-0,0243001696185837;0,0983173806294996;-0,025746096635311;0,107362983752574;82;0,82;0,9;FALSE;NA;0,8;FALSE;FALSE;0,52;0,3;0,18
"hs_co_c_Log2";"hs_asthma";0,23895795329256;1e-12;-0,0591455095352677;-0,0566329742030022;-0,057205024447477;-0,0452379451183303;0,0506085950273454;-0,208688992708191;-3,81416031085212e-05;-0,209599333887542;-8,3840966538172e-05;99;0,99;0,9;TRUE;0,97979797979798;0,8;TRUE;TRUE;0,02;0,97;0,01
"hs_cs_c_Log2";"hs_asthma";0,23895795329256;1e-12;-0,0287956261483328;-0,0289691510549291;-0,0289691510549291;-0,0220302305779351;0,0470131239663275;-0,145997994228208;0,0500352247054864;-0,145997994228208;0,0500352247054864;100;1;0,9;TRUE;0,75;0,8;FALSE;FALSE;0,25;0,75;0
"hs_cu_c_Log2";"hs_asthma";0,23895795329256;1e-12;-0,0243924388562143;-0,0253970821061766;-0,0253970821061766;-0,0238560687584149;0,0432564521559338;-0,118135274481177;0,0456736808321109;-0,118135274481177;0,0456736808321109;100;1;0,9;TRUE;0,72;0,8;FALSE;FALSE;0,28;0,72;0
"hs_hg_c_Log2";"hs_asthma";0,23895795329256;1e-12;0,0100592698211088;0,0115594374241278;0,0121678288675029;0,00581653926294603;0,0256661420724182;-0,0236449553659151;0,06908449381986;-0,0237554080910589;0,0691263447948854;95;0,95;0,9;TRUE;0,663157894736842;0,8;FALSE;FALSE;0,63;0,32;0,05
"hs_mn_c_Log2";"hs_asthma";0,23895795329256;1e-12;0,0502936111394155;0,062407376994062;0,0630377545394565;0,0502793078631942;0,0494676161162915;0,000242238829498161;0,162541561433418;0,000698836620427992;0,162857880055351;99;0,99;0,9;TRUE;0,97979797979798;0,8;TRUE;TRUE;0,97;0,02;0,01
"hs_mo_c_Log2";"hs_asthma";0,23895795329256;1e-12;0,00477424005717024;0,0195009764491254;0,0195009764491254;0,0126020383929329;0,025443532994348;-0,0142714044810257;0,0775952518950869;-0,0142714044810257;0,0775952518950869;100;1;0,9;TRUE;0,76;0,8;FALSE;FALSE;0,76;0,24;0
"hs_pb_c_Log2";"hs_asthma";0,23895795329256;1e-12;-0,00965709051782929;-0,0125727282099676;-0,0132344507473344;-0,00494319503327292;0,0262067195203447;-0,0805848597329142;0,0209466727005059;-0,0806883855440409;0,0210792971018857;95;0,95;0,9;TRUE;0,757894736842105;0,8;FALSE;FALSE;0,23;0,72;0,05
"hs_hum_mt_hs_h_None";"hs_asthma";0,23895795329256;1e-12;-0,00605024451116719;-0,0130721316573637;-0,0132041733912765;-0,0165667089434938;0,0360293089428485;-0,0809113711801814;0,0642969684142732;-0,0813667338773257;0,0643726618091419;99;0,99;0,9;TRUE;0,686868686868687;0,8;FALSE;FALSE;0,31;0,68;0,01
"hs_tm_mt_hs_h_None";"hs_asthma";0,23895795329256;1e-12;0;-0,00566285547548828;-0,00884821168045044;-0,00380818865368763;0,0123362485537066;-0,0405522390256888;0,00491985057677364;-0,0445820524403517;0,00708366435741532;64;0,64;0,9;FALSE;NA;0,8;FALSE;FALSE;0,15;0,49;0,36
"hs_uvdvf_mt_hs_h_None";"hs_asthma";0,23895795329256;1e-12;0;0,00526568600204323;0,00675087948979901;0,00414710138658183;0,0211079377623287;-0,0277923686488521;0,0538555651271682;-0,0287185881041125;0,0570946230209915;78;0,78;0,9;FALSE;NA;0,8;FALSE;FALSE;0,48;0,3;0,22
"hs_hum_dy_hs_h_None";"hs_asthma";0,23895795329256;1e-12;0,00240171297842289;0,0258710566715993;0,0275224007144673;0,0145712340117101;0,0420166419930347;-0,0161586783374391;0,126376561773159;-0,0164314502336387;0,127753423442945;94;0,94;0,9;TRUE;0,712765957446808;0,8;FALSE;FALSE;0,67;0,27;0,06
"hs_hum_wk_hs_h_None";"hs_asthma";0,23895795329256;1e-12;0,142177926953046;0,102686506521171;0,103723743960779;0,10413206376315;0,0497440794142164;0,00746262007864395;0,200238672207976;0,0108996120202918;0,200483361050006;99;0,99;0,9;TRUE;1;0,8;TRUE;TRUE;0,99;0;0,01
"hs_tm_dy_hs_h_None";"hs_asthma";0,23895795329256;1e-12;0,00394734777322304;0,0101248261180791;0,0121985856844327;0,00571906124822433;0,0238519370067519;-0,0237213886183937;0,0729523633519846;-0,0240358698102733;0,0848110028845995;83;0,83;0,9;FALSE;0,734939759036145;0,8;FALSE;FALSE;0,61;0,22;0,17
"hs_tm_wk_hs_h_None";"hs_asthma";0,23895795329256;1e-12;0;0,0104116740879447;0,0192808779406384;0,0124850627468111;0,0164141972812151;-0,000316080907062349;0,0535963070234865;-0,000583709955127946;0,0574130713244816;54;0,54;0,9;FALSE;NA;0,8;FALSE;FALSE;0,5;0,04;0,46
"hs_uvdvf_dy_hs_h_None";"hs_asthma";0,23895795329256;1e-12;0;-0,0222297915898065;-0,0249772939211309;-0,0182084168150754;0,0268016729469315;-0,101231146453722;0,00196666083677846;-0,110252811808648;0,00204946577281497;89;0,89;0,9;FALSE;NA;0,8;FALSE;FALSE;0,07;0,82;0,11
"hs_uvdvf_wk_hs_h_None";"hs_asthma";0,23895795329256;1e-12;0;0,00618475845458942;0,0075423883592554;0,00427744264429313;0,0168170609747501;-0,0199183019404672;0,0543918749447929;-0,022343414333109;0,0553378022544348;82;0,82;0,9;FALSE;NA;0,8;FALSE;FALSE;0,6;0,22;0,18
"hs_ndvi100_h_None";"hs_asthma";0,23895795329256;1e-12;-0,121361062317833;-0,104148675353939;-0,107369768406123;-0,100522549542393;0,061888404112137;-0,227940434693307;-0,0012957335043143;-0,229056600180171;-0,0149651044106622;97;0,97;0,9;TRUE;1;0,8;TRUE;TRUE;0;0,97;0,03
"hs_ndvi100_s_None";"hs_asthma";0,23895795329256;1e-12;-0,00573545572998812;-0,0410647686063151;-0,0436859240492714;-0,0371378730067302;0,0387995053183839;-0,136966141930465;0,00107140005075929;-0,138358524346133;0,00110219665423005;94;0,94;0,9;TRUE;0,957446808510638;0,8;TRUE;TRUE;0,04;0,9;0,06
"hs_dde_cadj_Log2";"hs_asthma";0,23895795329256;1e-12;0,0347443653132319;0,0669138249906186;0,0669138249906186;0,0665429086024337;0,0551326221593346;-0,0269102572057141;0,17832852608784;-0,0269102572057141;0,17832852608784;100;1;0,9;TRUE;0,87;0,8;TRUE;TRUE;0,87;0,13;0
"hs_ddt_cadj_Log2";"hs_asthma";0,23895795329256;1e-12;-6,77533008456985e-05;0,00257273829804657;0,00321592287255821;0,000105049398187226;0,0114755871887492;-0,0123928217102964;0,0298939925826242;-0,0136152317417314;0,0304718414476451;80;0,8;0,9;FALSE;0,4875;0,8;FALSE;FALSE;0,41;0,39;0,2
"hs_hcb_cadj_Log2";"hs_asthma";0,23895795329256;1e-12;0,0121620623158509;0,00776025733773495;0,00776025733773495;0,00936399565424129;0,0401867477077088;-0,0849571719148211;0,0926346383611658;-0,0849571719148211;0,0926346383611658;100;1;0,9;TRUE;0,63;0,8;FALSE;FALSE;0,63;0,37;0
"hs_pcb118_cadj_Log2";"hs_asthma";0,23895795329256;1e-12;-0,00311078173866338;-0,0010107292735107;-0,00113565086911314;-0,00157505909948491;0,0183895332949669;-0,0393122849420005;0,0422796971685356;-0,0404411308307786;0,0457768140522264;89;0,89;0,9;FALSE;0,595505617977528;0,8;FALSE;FALSE;0,36;0,53;0,11
"hs_pcb138_cadj_Log2";"hs_asthma";0,23895795329256;1e-12;0;0,0205041204916143;0,0256301506145179;0,00620721079732843;0,0396184654449846;-0,0316992431578911;0,111300465292404;-0,040422639006587;0,115156945776452;80;0,8;0,9;FALSE;NA;0,8;FALSE;FALSE;0,57;0,23;0,2
"hs_pcb153_cadj_Log2";"hs_asthma";0,23895795329256;1e-12;-0,0107709842561247;-0,0204033365064715;-0,0212534755275745;-0,0167679529617617;0,0222341374098354;-0,0789738380814038;0,0128993950025719;-0,0792533004385037;0,0131103796842378;96;0,96;0,9;TRUE;0,885416666666667;0,8;TRUE;TRUE;0,11;0,85;0,04
"hs_pcb170_cadj_Log2";"hs_asthma";0,23895795329256;1e-12;0,0769372218335735;0,0909483459390452;0,0909483459390452;0,0878891958220096;0,0436579681103934;0,0150734731912186;0,176616464886694;0,0150734731912186;0,176616464886694;100;1;0,9;TRUE;1;0,8;TRUE;TRUE;1;0;0
"hs_pcb180_cadj_Log2";"hs_asthma";0,23895795329256;1e-12;-0,0650197809175469;-0,0680483750644282;-0,0680483750644282;-0,064275402841753;0,050447933660168;-0,176624491718012;0,0211084538805814;-0,176624491718012;0,0211084538805814;100;1;0,9;TRUE;0,92;0,8;TRUE;TRUE;0,08;0,92;0
"hs_sumPCBs5_cadj_Log2";"hs_asthma";0,23895795329256;1e-12;0,030204072756789;-0,00231765037984388;-0,00236494936718764;-0,00379325485183088;0,0315748562725469;-0,0682738285734145;0,0607076383113036;-0,0687462653818969;0,0608503467846689;98;0,98;0,9;TRUE;0,459183673469388;0,8;FALSE;FALSE;0,45;0,53;0,02
"hs_pfhxs_c_Log2";"hs_asthma";0,23895795329256;1e-12;-0,00111386707329151;-0,00142983798224924;-0,00157125052994422;0,00204541919699222;0,0294554594194638;-0,0753460795906014;0,0472301849636735;-0,0833632557801609;0,049848442897221;91;0,91;0,9;TRUE;0,461538461538462;0,8;FALSE;FALSE;0,49;0,42;0,09
"hs_pfna_c_Log2";"hs_asthma";0,23895795329256;1e-12;0;0,0118802233707219;0,0169717476724599;0,0114829142707249;0,0217136272585774;-0,0175461481339179;0,0588713057836079;-0,0206252256995913;0,0652115575877839;70;0,7;0,9;FALSE;NA;0,8;FALSE;FALSE;0,56;0,14;0,3
"hs_pfoa_c_Log2";"hs_asthma";0,23895795329256;1e-12;-0,025613927425929;-0,0149125799437739;-0,0152169183099733;-0,00575357541321198;0,0328715288825689;-0,0985271132235911;0,0370074647013646;-0,0985830680349635;0,0372987680081625;98;0,98;0,9;TRUE;0,653061224489796;0,8;FALSE;FALSE;0,34;0,64;0,02
"hs_pfos_c_Log2";"hs_asthma";0,23895795329256;1e-12;0,000810413642561275;0,00205362548128053;0,00213919320966722;0,000655962901694881;0,0275840643485032;-0,0664082604062432;0,0487920461916172;-0,0671277807301209;0,0488000735739046;96;0,96;0,9;TRUE;0,552083333333333;0,8;FALSE;FALSE;0,53;0,43;0,04
"hs_pfunda_c_Log2";"hs_asthma";0,23895795329256;1e-12;0,000627091113907255;0,0184639146806026;0,0207459715512389;0,00870886108400131;0,0262141127897841;-0,00242567819370984;0,0799221379029539;-0,00273951494065727;0,0806255454775359;89;0,89;0,9;FALSE;0,932584269662921;0,8;TRUE;FALSE;0,83;0,06;0,11
"hs_hm_pers_None";"hs_asthma";0,23895795329256;1e-12;-0,0130515781458499;-0,0299583757720535;-0,030569771195973;-0,0211355870623805;0,032153775152267;-0,0979914148282336;0,00397217431188319;-0,0979922112629212;0,00405349236526282;98;0,98;0,9;TRUE;0,897959183673469;0,8;TRUE;TRUE;0,1;0,88;0,02
"hs_trafload_h_pow1over3";"hs_asthma";0,23895795329256;1e-12;-0,000415948551586538;0,00330498950904459;0,0038430110570286;0,000726115256489266;0,0174744247591866;-0,0250262487817987;0,0362589657097425;-0,0287756867409429;0,0363418574844213;86;0,86;0,9;FALSE;0,418604651162791;0,8;FALSE;FALSE;0,5;0,36;0,14
"hs_trafnear_h_pow1over3";"hs_asthma";0,23895795329256;1e-12;0;-0,00113406320457184;-0,00151208427276245;-0,00033071199796508;0,0153238919487043;-0,0291949455194693;0,0332826576053829;-0,0309884834749933;0,035248214980677;75;0,75;0,9;FALSE;NA;0,8;FALSE;FALSE;0,34;0,41;0,25
"FAS_cat_None_Low";"hs_asthma";0,23895795329256;1e-12;0,123681474198487;-0,010313473232567;-0,010313473232567;-0,00455825771901221;0,162818708485975;-0,310187166210383;0,318484642994142;-0,310187166210383;0,318484642994142;100;1;0,9;TRUE;0,46;0,8;FALSE;FALSE;0,46;0,54;0
"FAS_cat_None_Middle";"hs_asthma";0,23895795329256;1e-12;-0,0840687507415752;-0,111523844437703;-0,121221570040981;-0,106259098974911;0,119424556883984;-0,392310857282524;0,033414795515197;-0,392461387606451;0,0358475129225611;92;0,92;0,9;TRUE;0,923913043478261;0,8;TRUE;TRUE;0,07;0,85;0,08
"hs_globalexp2_None_no exposure";"hs_asthma";0,23895795329256;1e-12;-0,00728868198055694;0,00775162310501521;0,00851826714836837;0,00120869539090515;0,0682016687073906;-0,123042574754941;0,151309548331988;-0,123229826349719;0,155094343342428;91;0,91;0,9;TRUE;0,483516483516484;0,8;FALSE;FALSE;0,47;0,44;0,09
"h_abs_ratio_preg_Log";"hs_zbmi_who";0,23895795329256;1e-12;-0,0234422023602389;-0,018666640112575;-0,0192439588789433;-0,015429847570848;0,0221809591493373;-0,0707704983080625;0,0156360467096587;-0,0709785201362047;0,0158563072387101;97;0,97;0,9;TRUE;0,876288659793814;0,8;TRUE;TRUE;0,12;0,85;0,03
"h_no2_ratio_preg_Log";"hs_zbmi_who";0,23895795329256;1e-12;-0,00718687058352243;-0,0123408793522598;-0,0134139992959345;-0,00693104227457216;0,0225856875737583;-0,0683997896873646;0,0164287289221531;-0,06954197082837;0,0167236524153815;92;0,92;0,9;TRUE;0,706521739130435;0,8;FALSE;FALSE;0,27;0,65;0,08
"h_pm10_ratio_preg_None";"hs_zbmi_who";0,23895795329256;1e-12;0;0,00695471409131678;0,0122012527917838;0,0101916384270191;0,015415018985994;-0,0195202357983174;0,0453687414061491;-0,0238793889300106;0,0528364107714333;57;0,57;0,9;FALSE;NA;0,8;FALSE;FALSE;0,45;0,12;0,43
"h_pm25_ratio_preg_None";"hs_zbmi_who";0,23895795329256;1e-12;-0,00733065969273235;-0,012352857639597;-0,0131413379144649;-0,0100143346692308;0,0198140941620011;-0,0537518311279851;0,0234256048319726;-0,0540670898338216;0,0237122852216006;94;0,94;0,9;TRUE;0,851063829787234;0,8;TRUE;TRUE;0,14;0,8;0,06
"h_accesslines300_preg_dic0";"hs_zbmi_who";0,23895795329256;1e-12;-0,0795482419312392;-0,0634898551120011;-0,0647855664408174;-0,0601430940726268;0,0846522604149528;-0,227351543575494;0,0774929045822012;-0,228510736099251;0,07797408413957;98;0,98;0,9;TRUE;0,795918367346939;0,8;FALSE;FALSE;0,2;0,78;0,02
"h_accesspoints300_preg_Log";"hs_zbmi_who";0,23895795329256;1e-12;-0,0136944499505978;-0,0227238242921082;-0,025248693657898;-0,0186416062053652;0,0223950157023209;-0,0770920292404807;0,00228238710327362;-0,0788623583149834;0,00281797367602187;90;0,9;0,9;TRUE;0,955555555555556;0,8;TRUE;TRUE;0,04;0,86;0,1
"h_builtdens300_preg_Sqrt";"hs_zbmi_who";0,23895795329256;1e-12;-0,00245837388246098;-0,00433779391088648;-0,00637910869248012;-0,0013967656331968;0,0141703365139415;-0,037882040460087;0,0167585905513492;-0,0407348954569699;0,0201426119924924;68;0,68;0,9;FALSE;0,661764705882353;0,8;FALSE;FALSE;0,23;0,45;0,32
"h_connind300_preg_Sqrt";"hs_zbmi_who";0,23895795329256;1e-12;-0,00489675652597492;-0,0181122173325953;-0,0203508059916801;-0,0110308208554684;0,0237193300051117;-0,0900694496119721;0,0084949261333113;-0,0928519283670025;0,00970892923837021;89;0,89;0,9;FALSE;0,876404494382023;0,8;TRUE;FALSE;0,11;0,78;0,11
"h_fdensity300_preg_Log";"hs_zbmi_who";0,23895795329256;1e-12;-0,000679335415334284;-0,0196423446142372;-0,023108640722632;-0,0145092962085051;0,0227438678089974;-0,0674729894728364;0,00582704787392297;-0,0691216107837029;0,00591576830922777;85;0,85;0,9;FALSE;0,917647058823529;0,8;TRUE;FALSE;0,07;0,78;0,15
"h_frichness300_preg_None";"hs_zbmi_who";0,23895795329256;1e-12;-0,00138548861447471;-0,00442577025155393;-0,00520678853123992;-0,000768735212921367;0,0154822235052045;-0,0445306146000154;0,0234587881962406;-0,0447670565371875;0,0253289573539088;85;0,85;0,9;FALSE;0,6;0,8;FALSE;FALSE;0,34;0,51;0,15
"h_landuseshan300_preg_None";"hs_zbmi_who";0,23895795329256;1e-12;0,0213004427532765;0,0188585972299989;0,0202780615376332;0,0178396412142818;0,0198766525920823;-0,00899341169393179;0,0622913777833164;-0,00966893097239527;0,0626881198876108;93;0,93;0,9;TRUE;0,860215053763441;0,8;TRUE;TRUE;0,8;0,13;0,07
"h_popdens_preg_Sqrt";"hs_zbmi_who";0,23895795329256;1e-12;0,0526658940850042;0,0388967820292802;0,0388967820292802;0,0370554505946724;0,027322202618138;0,00117443165421049;0,0956962492301755;0,00117443165421049;0,0956962492301755;100;1;0,9;TRUE;0,99;0,8;TRUE;TRUE;0,99;0,01;0
"h_walkability_mean_preg_None";"hs_zbmi_who";0,23895795329256;1e-12;-0,0409646248846536;-0,0265205540268286;-0,027340777347246;-0,0242875165406367;0,0229083983047016;-0,0751279642223086;0,00230044593861156;-0,0753068554423783;0,00250688099322246;97;0,97;0,9;TRUE;0,958762886597938;0,8;TRUE;TRUE;0,04;0,93;0,03
"hs_as_m_Log2";"hs_zbmi_who";0,23895795329256;1e-12;0,0221180126977515;0,0319025768550843;0,0343038460807359;0,0299518711428995;0,0241347379813753;0;0,0883847548606597;0,00204408971497801;0,0888180803341419;93;0,93;0,9;TRUE;1;0,8;TRUE;TRUE;0,93;0;0,07
"hs_cd_m_Log2";"hs_zbmi_who";0,23895795329256;1e-12;0,0237855100494861;0,0159454206298987;0,0162708373774476;0,0165066548188464;0,0173976335786279;-0,0161489844661707;0,0511027346984389;-0,0163121970619146;0,0511469397211853;98;0,98;0,9;TRUE;0,846938775510204;0,8;TRUE;TRUE;0,83;0,15;0,02
"hs_co_m_Log2";"hs_zbmi_who";0,23895795329256;1e-12;0,0202657798967771;0,0133319083384998;0,0164591460969133;0,0140845041872825;0,017725168845929;-0,00672056777114135;0,0568810607432102;-0,00675357888553459;0,0606800566153406;81;0,81;0,9;FALSE;0,851851851851852;0,8;TRUE;FALSE;0,69;0,12;0,19
"hs_cs_m_Log2";"hs_zbmi_who";0,23895795329256;1e-12;0;0,00775667402956671;0,00934539039706832;0,00511292250894649;0,0128098182264683;-0,00915282262363942;0,0430117764117969;-0,0112812493788975;0,0452367784242472;83;0,83;0,9;FALSE;NA;0,8;FALSE;FALSE;0,7;0,13;0,17
"hs_cu_m_Log2";"hs_zbmi_who";0,23895795329256;1e-12;-0,020779551364889;-0,0279586589075602;-0,0282410696035962;-0,0245546407051978;0,0183816332272928;-0,0676776699656828;-0,00092022550103042;-0,0677105094297835;-0,00169196334120088;99;0,99;0,9;TRUE;0,98989898989899;0,8;TRUE;TRUE;0,01;0,98;0,01
"hs_hg_m_Log2";"hs_zbmi_who";0,23895795329256;1e-12;0;-0,00232160684272848;-0,00313730654422767;-0,000375437258951419;0,0121091433110366;-0,0328372247995294;0,0189215860985591;-0,0379117444635846;0,0215371376113527;74;0,74;0,9;FALSE;NA;0,8;FALSE;FALSE;0,33;0,41;0,26
"hs_mn_m_Log2";"hs_zbmi_who";0,23895795329256;1e-12;-0,000567203435625921;-0,000870717147678101;-0,000956832030415496;-0,000823161951930261;0,0103574428051917;-0,0229349900995617;0,0178603665908133;-0,0239184476796789;0,0183634398259198;91;0,91;0,9;TRUE;0,56043956043956;0,8;FALSE;FALSE;0,4;0,51;0,09
"hs_mo_m_Log2";"hs_zbmi_who";0,23895795329256;1e-12;-0,00141442822283168;-0,000881268850052934;-0,000881268850052934;-0,000338170329523362;0,0175200862676706;-0,0370249092110577;0,0326961365504253;-0,0370249092110577;0,0326961365504253;100;1;0,9;TRUE;0,53;0,8;FALSE;FALSE;0,47;0,53;0
"hs_pb_m_Log2";"hs_zbmi_who";0,23895795329256;1e-12;0;0,00102653175188601;0,00133315811933248;0,000256742200387727;0,00877846902023085;-0,0138218780264331;0,0221164152504603;-0,0147083700500008;0,023197600332398;77;0,77;0,9;FALSE;NA;0,8;FALSE;FALSE;0,4;0,37;0,23
"h_humidity_preg_None";"hs_zbmi_who";0,23895795329256;1e-12;-0,0122920557154791;-0,0165453640544008;-0,017057076344743;-0,011021450142087;0,0222401097865844;-0,0633250909077063;0,017794918518559;-0,0636870841119636;0,0181601314570952;97;0,97;0,9;TRUE;0,752577319587629;0,8;FALSE;FALSE;0,24;0,73;0,03
"h_pressure_preg_None";"hs_zbmi_who";0,23895795329256;1e-12;0;-0,00474602456389873;-0,00697944788808637;-0,00394219133591477;0,0153411669593076;-0,0441878534134963;0,0182144147085741;-0,0480616106054642;0,0209892581023759;68;0,68;0,9;FALSE;NA;0,8;FALSE;FALSE;0,22;0,46;0,32
"h_temperature_preg_None";"hs_zbmi_who";0,23895795329256;1e-12;0;0,00164813033931617;0,00196205992775735;0,000818882420900587;0,0172998972587015;-0,029684131865094;0,0336552642658259;-0,0334716616522399;0,037277208526864;84;0,84;0,9;FALSE;NA;0,8;FALSE;FALSE;0,46;0,38;0,16
"h_ndvi100_preg_None";"hs_zbmi_who";0,23895795329256;1e-12;-0,0151913684961126;-0,0186138508393439;-0,0200148933756386;-0,0148228659191097;0,0238108001725281;-0,0672051314549177;0,0165298783417305;-0,0675612574582963;0,0166704583676242;93;0,93;0,9;TRUE;0,806451612903226;0,8;TRUE;TRUE;0,18;0,75;0,07
"hs_dde_madj_Log2";"hs_zbmi_who";0,23895795329256;1e-12;0,0242627231518874;0,0453221365342914;0,0453221365342914;0,0414147235170014;0,0246568815708524;0,00827536049860869;0,105108632897107;0,00827536049860869;0,105108632897107;100;1;0,9;TRUE;0,99;0,8;TRUE;TRUE;0,99;0,01;0
"hs_ddt_madj_Log2";"hs_zbmi_who";0,23895795329256;1e-12;0;-0,00521790554592574;-0,00613871240697146;-0,0033142152842169;0,0122466073039772;-0,0266275340496472;0,0159994933725161;-0,0266723079444011;0,019120110791348;85;0,85;0,9;FALSE;NA;0,8;FALSE;FALSE;0,25;0,6;0,15
"hs_hcb_madj_Log2";"hs_zbmi_who";0,23895795329256;1e-12;-0,00342305541125778;-0,0121127409546849;-0,0142502834760999;-0,0121295782933957;0,0171556083904147;-0,0502839902951628;0,0180936870645921;-0,0516112349664759;0,020499485759119;85;0,85;0,9;FALSE;0,894117647058824;0,8;TRUE;FALSE;0,09;0,76;0,15
"hs_pcb118_madj_Log2";"hs_zbmi_who";0,23895795329256;1e-12;0,00155672953160416;0,000807957825406058;0,000816119015561675;0,00029445069625217;0,0191839057493668;-0,0385911562057885;0,0392500668000722;-0,0389454015947485;0,0393792326663021;99;0,99;0,9;TRUE;0,505050505050505;0,8;FALSE;FALSE;0,5;0,49;0,01
"hs_pcb138_madj_Log2";"hs_zbmi_who";0,23895795329256;1e-12;-0,00978460042203828;0,00156484347822442;0,00181958543979584;-0,00210734935478643;0,0232847534728791;-0,0395458676333671;0,0593286213805916;-0,0405935273620242;0,0597880341421531;86;0,86;0,9;FALSE;0,581395348837209;0,8;FALSE;FALSE;0,36;0,5;0,14
"hs_pcb153_madj_Log2";"hs_zbmi_who";0,23895795329256;1e-12;0;0,00890634188440331;0,0104780492757686;0,00811147325277243;0,0266666297111961;-0,0365683273989514;0,0691143013716156;-0,0373583882803327;0,0709179170849081;85;0,85;0,9;FALSE;NA;0,8;FALSE;FALSE;0,53;0,32;0,15
"hs_pcb170_madj_Log2";"hs_zbmi_who";0,23895795329256;1e-12;-0,0192158332062317;-0,039138442524697;-0,0416366409837202;-0,0366125525624475;0,0305187313690658;-0,0965681891947892;0;-0,0969916767013042;-0,000994823278798007;94;0,94;0,9;TRUE;0,98936170212766;0,8;TRUE;TRUE;0,01;0,93;0,06
"hs_pcb180_madj_Log2";"hs_zbmi_who";0,23895795329256;1e-12;0,00290729434033237;0,000927921931016348;0,00111797823014018;0,00014420842278223;0,0133526967914734;-0,0265328688467391;0,0276803341116326;-0,0276748501572636;0,0281792347568907;83;0,83;0,9;FALSE;0,506024096385542;0,8;FALSE;FALSE;0,42;0,41;0,17
"hs_sumPCBs5_madj_Log2";"hs_zbmi_who";0,23895795329256;1e-12;0;-0,00513262804994153;-0,00884935870679575;-0,00545664206489785;0,0129401461332451;-0,0439981123961059;0,0179960933447058;-0,044196391847102;0,0191752688905848;58;0,58;0,9;FALSE;NA;0,8;FALSE;FALSE;0,13;0,45;0,42
"hs_pfhxs_m_Log2";"hs_zbmi_who";0,23895795329256;1e-12;-0,0255841901201722;-0,0243877063130063;-0,0246340467808145;-0,0239751323864552;0,0165031265292254;-0,0596796238043014;-6,29470219052649e-05;-0,0597005037011665;-0,000285971096536529;99;0,99;0,9;TRUE;0,97979797979798;0,8;TRUE;TRUE;0,02;0,97;0,01
"hs_pfna_m_Log2";"hs_zbmi_who";0,23895795329256;1e-12;0,0153649791554571;0,0241499115095988;0,0241499115095988;0,0220931321913264;0,0201381595132111;-0,00518840482017225;0,0712698519268615;-0,00518840482017225;0,0712698519268615;100;1;0,9;TRUE;0,9;0,8;TRUE;TRUE;0,9;0,1;0
"hs_pfoa_m_Log2";"hs_zbmi_who";0,23895795329256;1e-12;0;-0,0031285885672609;-0,00440646277079;-0,00203223053015046;0,0107893534819018;-0,0318573492669806;0,0167628496199352;-0,0334389950979607;0,0189661065075768;71;0,71;0,9;FALSE;NA;0,8;FALSE;FALSE;0,27;0,44;0,29
"hs_pfos_m_Log2";"hs_zbmi_who";0,23895795329256;1e-12;0;-0,00437088533312371;-0,00672443897403647;-0,00331493060588651;0,011503305429908;-0,0376247570465807;0,0161768073197175;-0,0383381919938268;0,0194344067523191;65;0,65;0,9;FALSE;NA;0,8;FALSE;FALSE;0,17;0,48;0,35
"hs_pfunda_m_Log2";"hs_zbmi_who";0,23895795329256;1e-12;0;-0,00458490237698808;-0,006367919968039;-0,00219968528312407;0,0136009489487092;-0,0418543859511569;0,0217069529476545;-0,0426251541585329;0,0252400653641278;72;0,72;0,9;FALSE;NA;0,8;FALSE;FALSE;0,19;0,53;0,28
"e3_asmokcigd_p_None";"hs_zbmi_who";0,23895795329256;1e-12;-0,00412078723405427;-0,0154303565914549;-0,0162424806225841;-0,013441524261524;0,0158671173842566;-0,0469719429130523;0,00686273173280893;-0,0473815616823574;0,00780177829610913;95;0,95;0,9;TRUE;0,947368421052632;0,8;TRUE;TRUE;0,05;0,9;0,05
"h_distinvnear1_preg_Log";"hs_zbmi_who";0,23895795329256;1e-12;0;-0,00101957688769329;-0,00125873689838678;-0,00198384481866688;0,0109542903498008;-0,0260230063117706;0,0231412256030815;-0,0308081277842691;0,0249456649638746;81;0,81;0,9;FALSE;NA;0,8;FALSE;FALSE;0,27;0,54;0,19
"h_trafload_preg_pow1over3";"hs_zbmi_who";0,23895795329256;1e-12;0,0239071289425837;0,028758755435085;0,0316030279506428;0,0342133193091492;0,0224645743043077;0;0,0786954135728427;0,000631009975648006;0,0800662096702392;91;0,91;0,9;TRUE;0,989010989010989;0,8;TRUE;TRUE;0,9;0,01;0,09
"h_trafnear_preg_pow1over3";"hs_zbmi_who";0,23895795329256;1e-12;-0,00113261236663967;-0,00357393592306646;-0,00464147522476163;-0,00256820377101766;0,0100262943847689;-0,027255653395783;0,0139676310107493;-0,0293201520591043;0,0160539663505416;77;0,77;0,9;FALSE;0,675324675324675;0,8;FALSE;FALSE;0,25;0,52;0,23
"h_bro_preg_Log";"hs_zbmi_who";0,23895795329256;1e-12;0;-0,00787051829010031;-0,0093696646310718;-0,00425501216702244;0,0179898637146578;-0,0508435065342393;0,0211360156135642;-0,0518619490165463;0,0218403061238201;84;0,84;0,9;FALSE;NA;0,8;FALSE;FALSE;0,19;0,65;0,16
"h_clf_preg_Log";"hs_zbmi_who";0,23895795329256;1e-12;-0,00221004841343447;-0,0092288580100255;-0,011254704890275;-0,00770292338965644;0,0178440105848051;-0,0540342582836114;0,0149648924031004;-0,0544361036746242;0,0154211767072552;82;0,82;0,9;FALSE;0,682926829268293;0,8;FALSE;FALSE;0,26;0,56;0,18
"h_thm_preg_Log";"hs_zbmi_who";0,23895795329256;1e-12;-0,000450919864975637;-0,0218851091355185;-0,0270186532537266;-0,0248598212840753;0,0229157551820568;-0,0729296030934582;0,00135765124808233;-0,0739547363913785;0,00148307479967136;81;0,81;0,9;FALSE;0,938271604938272;0,8;TRUE;FALSE;0,05;0,76;0,19
"e3_alcpreg_yn_None_1";"hs_zbmi_who";0,23895795329256;1e-12;-0,0409866606595219;-0,0379455699267643;-0,0391191442543962;-0,0338598349240644;0,0420485374187867;-0,131083216972779;0,0277521734473968;-0,131786491681788;0,0279721520614906;97;0,97;0,9;TRUE;0,845360824742268;0,8;TRUE;TRUE;0,15;0,82;0,03
"h_pamod_t3_None_Often";"hs_zbmi_who";0,23895795329256;1e-12;-0,0779843004137043;-0,0905486577219436;-0,0905486577219436;-0,0794330727669374;0,0591656318479187;-0,203226923423529;0,000867619225558609;-0,203226923423529;0,000867619225558609;100;1;0,9;TRUE;0,96;0,8;TRUE;TRUE;0,04;0,96;0
"h_pamod_t3_None_Sometimes";"hs_zbmi_who";0,23895795329256;1e-12;-0,0359952176612674;-0,0557751586259214;-0,0575001635318777;-0,0523839720447104;0,0579005289670966;-0,179284356222509;0,0326178060998398;-0,179630392014031;0,0327419001830856;97;0,97;0,9;TRUE;0,88659793814433;0,8;TRUE;TRUE;0,11;0,86;0,03
"h_pamod_t3_None_Very Often";"hs_zbmi_who";0,23895795329256;1e-12;-0,0170959072450186;-0,0191157556038931;-0,0191157556038931;-0,0104423770388342;0,0413021431043643;-0,105780250379586;0,0443064663756002;-0,105780250379586;0,0443064663756002;100;1;0,9;TRUE;0,68;0,8;FALSE;FALSE;0,32;0,68;0
"h_pavig_t3_None_Low";"hs_zbmi_who";0,23895795329256;1e-12;-0,169209231932831;-0,127144126451932;-0,127144126451932;-0,13490951825971;0,0714060191809913;-0,257414422713095;0,0026528309988167;-0,257414422713095;0,0026528309988167;100;1;0,9;TRUE;0,96;0,8;TRUE;TRUE;0,04;0,96;0
"h_pavig_t3_None_Medium";"hs_zbmi_who";0,23895795329256;1e-12;-0,0936181340218892;-0,0814743888647851;-0,0814743888647851;-0,0774629217691758;0,0711698382657314;-0,228243506356138;0,0317078459794307;-0,228243506356138;0,0317078459794307;100;1;0,9;TRUE;0,86;0,8;TRUE;TRUE;0,14;0,86;0
"hs_no2_dy_hs_h_Log";"hs_zbmi_who";0,23895795329256;1e-12;-0,0190218297838512;-0,0318281480455866;-0,0328125237583367;-0,0285038086632197;0,0250851637074383;-0,0955532652581887;0,00174646442894649;-0,0962861498937773;0,00194237389113841;97;0,97;0,9;TRUE;0,958762886597938;0,8;TRUE;TRUE;0,04;0,93;0,03
"hs_no2_wk_hs_h_Log";"hs_zbmi_who";0,23895795329256;1e-12;0;0,00545428112683332;0,00852231426067706;0,00693642730087468;0,0123831940554657;-0,00925126072849399;0,0360222977665639;-0,0107924706106957;0,0398972363776498;64;0,64;0,9;FALSE;NA;0,8;FALSE;FALSE;0,48;0,16;0,36
"hs_no2_yr_hs_h_Log";"hs_zbmi_who";0,23895795329256;1e-12;0;0,00968022606840949;0,013634121223112;0,00983031914357217;0,0175076313319405;-0,0181024625583984;0,0547088072411271;-0,0187283468843581;0,0578971152967594;71;0,71;0,9;FALSE;NA;0,8;FALSE;FALSE;0,6;0,11;0,29
"hs_pm10_dy_hs_h_None";"hs_zbmi_who";0,23895795329256;1e-12;0,0320217334179545;0,0350483145753718;0,0365086610160122;0,0321795684561356;0,0262578548808932;0;0,095070636716594;0,000319062330085757;0,0958072170587793;96;0,96;0,9;TRUE;0,979166666666667;0,8;TRUE;TRUE;0,94;0,02;0,04
"hs_pm10_wk_hs_h_None";"hs_zbmi_who";0,23895795329256;1e-12;-0,026917343004794;-0,0203131545688885;-0,0203131545688885;-0,0182197421452295;0,0190546325080528;-0,0606883571421138;0,00558443423189631;-0,0606883571421138;0,00558443423189631;100;1;0,9;TRUE;0,88;0,8;TRUE;TRUE;0,12;0,88;0
"hs_pm10_yr_hs_h_None";"hs_zbmi_who";0,23895795329256;1e-12;0;0,00103837346610577;0,00150488908131271;0,000597979486040866;0,0134604957555618;-0,0332395886392739;0,0370902134141515;-0,0376251386640712;0,0402507576702465;69;0,69;0,9;FALSE;NA;0,8;FALSE;FALSE;0,4;0,29;0,31
"hs_pm25_dy_hs_h_None";"hs_zbmi_who";0,23895795329256;1e-12;0,0261799255520525;0,0399920492484106;0,0425447332429901;0,0408249175298238;0,0282025461329935;0;0,100993564352264;0,000201471147951509;0,101016250519686;94;0,94;0,9;TRUE;0,978723404255319;0,8;TRUE;TRUE;0,92;0,02;0,06
"hs_pm25_wk_hs_h_None";"hs_zbmi_who";0,23895795329256;1e-12;0;-0,0136738249199374;-0,0220545563224797;-0,0183610607741077;0,0243841465860388;-0,0775471841125842;0,011065382922088;-0,0863230835677001;0,0140254279718052;62;0,62;0,9;FALSE;NA;0,8;FALSE;FALSE;0,1;0,52;0,38
"hs_pm25_yr_hs_h_None";"hs_zbmi_who";0,23895795329256;1e-12;0,00312009861060851;0,00829033464067234;0,00854673674296117;0,00748384519292891;0,0227031086559602;-0,0398977152954227;0,0516608295588081;-0,0400674218019037;0,0522252288430823;97;0,97;0,9;TRUE;0,65979381443299;0,8;FALSE;FALSE;0,64;0,33;0,03
"hs_pm25abs_dy_hs_h_Log";"hs_zbmi_who";0,23895795329256;1e-12;-0,00538352452540193;-0,0103320552152616;-0,0103320552152616;-0,00784391799215578;0,0176877200554196;-0,0488558990324371;0,0183388172297806;-0,0488558990324371;0,0183388172297806;100;1;0,9;TRUE;0,7;0,8;FALSE;FALSE;0,3;0,7;0
"hs_pm25abs_wk_hs_h_Log";"hs_zbmi_who";0,23895795329256;1e-12;0;-0,00057662589799729;-0,000800869302774014;-0,00106049930966773;0,0118941598521957;-0,0298359078695735;0,0222330600927073;-0,031381456279221;0,0288214433391542;72;0,72;0,9;FALSE;NA;0,8;FALSE;FALSE;0,31;0,41;0,28
"hs_pm25abs_yr_hs_h_Log";"hs_zbmi_who";0,23895795329256;1e-12;0,0223144155493141;0,021122348739707;0,0222340513049547;0,0179285628518514;0,0233527658724779;-0,00597284286674106;0,0816137834027434;-0,00615097646259973;0,0816222569401711;95;0,95;0,9;TRUE;0,852631578947368;0,8;TRUE;TRUE;0,81;0,14;0,05
"hs_accesslines300_h_dic0";"hs_zbmi_who";0,23895795329256;1e-12;-0,0194969861803491;-0,00140395396186478;-0,0014473752184173;-0,00269434598000647;0,0652070002783307;-0,15807450853193;0,0992947723657747;-0,158967073511382;0,0997112207779501;97;0,97;0,9;TRUE;0,536082474226804;0,8;FALSE;FALSE;0,45;0,52;0,03
"hs_accesspoints300_h_Log";"hs_zbmi_who";0,23895795329256;1e-12;-0,00270660214487495;0,00400359458333473;0,00400359458333473;0,00512414092309262;0,0198626733615496;-0,0423876689601338;0,0394743793974535;-0,0423876689601338;0,0394743793974535;100;1;0,9;TRUE;0,42;0,8;FALSE;FALSE;0,58;0,42;0
"hs_builtdens300_h_Sqrt";"hs_zbmi_who";0,23895795329256;1e-12;0;-0,00425498468896637;-0,00635072341636772;-0,00355939420257408;0,0120083670816584;-0,0376829437236747;0,0106801484339933;-0,0381142018831063;0,0130990666015974;67;0,67;0,9;FALSE;NA;0,8;FALSE;FALSE;0,23;0,44;0,33
"hs_connind300_h_Log";"hs_zbmi_who";0,23895795329256;1e-12;0,0122481501213417;0,0153472230475529;0,0178456081948289;0,0157868703836378;0,0190219915311151;-0,00704839230182666;0,0676593788178877;-0,00767978683526876;0,0680050601913304;86;0,86;0,9;FALSE;0,86046511627907;0,8;TRUE;FALSE;0,74;0,12;0,14
"hs_fdensity300_h_Log";"hs_zbmi_who";0,23895795329256;1e-12;-0,0120836673268086;-0,0123253074726844;-0,0135442939260269;-0,0068869061173318;0,0193522708587227;-0,0641653566450096;0,0122408604405977;-0,0641718462787814;0,0134099445544138;91;0,91;0,9;TRUE;0,835164835164835;0,8;TRUE;TRUE;0,15;0,76;0,09
"hs_landuseshan300_h_None";"hs_zbmi_who";0,23895795329256;1e-12;-0,0294177554691374;-0,0130853652677074;-0,0137740687028499;-0,0111424778380753;0,0187801642992652;-0,0600204321467726;0,0152802862479598;-0,0604806422966156;0,0153393200000613;95;0,95;0,9;TRUE;0,8;0,8;TRUE;TRUE;0,19;0,76;0,05
"hs_popdens_h_Sqrt";"hs_zbmi_who";0,23895795329256;1e-12;0;0,0238478837730236;0,0267953750258692;0,0217336907692822;0,022569387273623;-0,00106127712508921;0,0712256217646745;-0,0014240595854383;0,0717581689925102;89;0,89;0,9;FALSE;NA;0,8;FALSE;FALSE;0,85;0,04;0,11
"hs_walkability_mean_h_None";"hs_zbmi_who";0,23895795329256;1e-12;-0,00222131153776262;-0,0017573502326812;-0,0019969889007741;-0,00330272632191205;0,0155060275560491;-0,028817663269267;0,0294551551391217;-0,0291799064753443;0,0294883713499972;88;0,88;0,9;FALSE;0,602272727272727;0,8;FALSE;FALSE;0,35;0,53;0,12
"hs_accesslines300_s_dic0";"hs_zbmi_who";0,23895795329256;1e-12;0,0534321940798967;0,0702785298385305;0,0702785298385305;0,0668169027844268;0,077144403775081;-0,0872358023827859;0,243426535360906;-0,0872358023827859;0,243426535360906;100;1;0,9;TRUE;0,83;0,8;TRUE;TRUE;0,83;0,17;0
"hs_accesspoints300_s_Log";"hs_zbmi_who";0,23895795329256;1e-12;-0,0648365173018519;-0,0627344871549388;-0,0633681688433725;-0,0595655030608735;0,0347307890396448;-0,126662297999788;-0,00625637438515196;-0,126870410781315;-0,00694252252006264;99;0,99;0,9;TRUE;1;0,8;TRUE;TRUE;0;0,99;0,01
"hs_builtdens300_s_Sqrt";"hs_zbmi_who";0,23895795329256;1e-12;0,000100508428910273;0,00044822376788075;0,000553362676395987;-8,3641022921631e-05;0,0119965506394629;-0,0221317753168906;0,0279697531172812;-0,0231845768104434;0,0298360440336886;81;0,81;0,9;FALSE;0,481481481481481;0,8;FALSE;FALSE;0,39;0,42;0,19
"hs_connind300_s_Log";"hs_zbmi_who";0,23895795329256;1e-12;-0,0124624469563768;-0,00573803587989033;-0,00726333655682321;-0,00487491268590792;0,0138872042761927;-0,04179382038697;0,0218934642859614;-0,0442876169155125;0,0221339061332959;79;0,79;0,9;FALSE;0,708860759493671;0,8;FALSE;FALSE;0,23;0,56;0,21
"hs_fdensity300_s_Log";"hs_zbmi_who";0,23895795329256;1e-12;0;-0,0203003187426544;-0,0230685440257436;-0,0191092662876481;0,0197924102813617;-0,0653218606063006;0,000469472917372894;-0,0679051044691102;0,000728165536098683;88;0,88;0,9;FALSE;NA;0,8;FALSE;FALSE;0,03;0,85;0,12
"hs_landuseshan300_s_None";"hs_zbmi_who";0,23895795329256;1e-12;-0,00434878431124662;-0,0116967053142138;-0,0146208816427672;-0,0129355887283889;0,0147306781178132;-0,04697912792275;0,00934644726290404;-0,0473264796498951;0,00963298892858103;80;0,8;0,9;FALSE;0,85;0,8;TRUE;FALSE;0,12;0,68;0,2
"hs_popdens_s_Sqrt";"hs_zbmi_who";0,23895795329256;1e-12;0;-0,0102377857542688;-0,0117675698324928;-0,00560177966451519;0,0169364934323449;-0,0594107312275434;0,008605826635281;-0,0610622742678001;0,00898055719552938;87;0,87;0,9;FALSE;NA;0,8;FALSE;FALSE;0,17;0,7;0,13
"h_Absorbance_Log";"hs_zbmi_who";0,23895795329256;1e-12;0,00227391801860246;-0,000810753091940788;-0,000881253360805205;0,000756809948861865;0,0156041917919304;-0,0440289769199436;0,022111128092085;-0,045926746278164;0,0223718020121335;92;0,92;0,9;TRUE;0,510869565217391;0,8;FALSE;FALSE;0,47;0,45;0,08
"h_Benzene_Log";"hs_zbmi_who";0,23895795329256;1e-12;0,00642754103454724;0,0122000820302634;0,0122000820302634;0,00899747626184965;0,0191437456685443;-0,023895114134708;0,0517960458013754;-0,023895114134708;0,0517960458013754;100;1;0,9;TRUE;0,75;0,8;FALSE;FALSE;0,75;0,25;0
"h_NO2_Log";"hs_zbmi_who";0,23895795329256;1e-12;0,00542821092565542;0,0138161597633106;0,0146980423013943;0,0110928374334312;0,0165889798042459;-0,0119495090494837;0,054407321272308;-0,0124505864633204;0,0544141630452167;94;0,94;0,9;TRUE;0,829787234042553;0,8;TRUE;TRUE;0,78;0,16;0,06
"h_PM_Log";"hs_zbmi_who";0,23895795329256;1e-12;0,0364114356570529;0,0404641909825435;0,0404641909825435;0,0355177586442829;0,0260580917774875;0,00274516835176028;0,0930918305304689;0,00274516835176028;0,0930918305304689;100;1;0,9;TRUE;0,99;0,8;TRUE;TRUE;0,99;0,01;0
"h_TEX_Log";"hs_zbmi_who";0,23895795329256;1e-12;0,0120860537310285;0,00869635392693451;0,0107362394159685;0,00521845756339558;0,0147075591367377;-0,0106937561167919;0,045525507244332;-0,0109320577064567;0,0468488130039739;81;0,81;0,9;FALSE;0,790123456790123;0,8;FALSE;FALSE;0,64;0,17;0,19
"hs_KIDMED_None";"hs_zbmi_who";0,23895795329256;1e-12;0,0431216394900877;0,0473216004621648;0,0473216004621648;0,0485494027806619;0,0234248846861395;0,00805992500625424;0,0942442189935508;0,00805992500625424;0,0942442189935508;100;1;0,9;TRUE;0,99;0,8;TRUE;TRUE;0,99;0,01;0
"hs_mvpa_prd_alt_None";"hs_zbmi_who";0,23895795329256;1e-12;-0,0236398626587539;-0,0157758757478804;-0,0162637894308045;-0,0096221005543108;0,0190075177019914;-0,0627850937994287;0,0087692902529387;-0,0637071476272957;0,00913408771250731;97;0,97;0,9;TRUE;0,907216494845361;0,8;TRUE;TRUE;0,09;0,88;0,03
"hs_sd_wk_None";"hs_zbmi_who";0,23895795329256;1e-12;0,00708668546943675;0,00833097971123875;0,00876945232761973;0,00709554448581024;0,0132053804107851;-0,0108930959967003;0,0398809124895319;-0,0111501475790035;0,0402826138034907;95;0,95;0,9;TRUE;0,736842105263158;0,8;FALSE;FALSE;0,7;0,25;0,05
"hs_dif_hours_total_None";"hs_zbmi_who";0,23895795329256;1e-12;-0,0477441119565737;-0,0411679162114988;-0,0411679162114988;-0,0404416738906997;0,021567666856263;-0,0816239740241855;-0,00768720259839666;-0,0816239740241855;-0,00768720259839666;100;1;0,9;TRUE;1;0,8;TRUE;TRUE;0;1;0
"hs_as_c_Log2";"hs_zbmi_who";0,23895795329256;1e-12;-0,00361705560556684;-0,00369504711929693;-0,00373237082757265;-0,00208219464523693;0,0137871634643296;-0,033893778775372;0,0209225265026848;-0,0339886308304958;0,0209373996191928;99;0,99;0,9;TRUE;0,595959595959596;0,8;FALSE;FALSE;0,4;0,59;0,01
"hs_cd_c_Log2";"hs_zbmi_who";0,23895795329256;1e-12;0;0,0027582814948875;0,00336375792059452;0,000512795398098687;0,0143482315042381;-0,0165159588071892;0,0454838028015265;-0,0169209400892067;0,0459001348326643;82;0,82;0,9;FALSE;NA;0,8;FALSE;FALSE;0,43;0,39;0,18
"hs_co_c_Log2";"hs_zbmi_who";0,23895795329256;1e-12;-0,025227443037915;-0,0254874571477817;-0,0257449062098805;-0,0239663426537145;0,01860161106307;-0,0652601603895752;0,00195000235311458;-0,0655703062402761;0,00195212702559518;99;0,99;0,9;TRUE;0,929292929292929;0,8;TRUE;TRUE;0,07;0,92;0,01
"hs_cs_c_Log2";"hs_zbmi_who";0,23895795329256;1e-12;0,107644619437892;0,0897243237637736;0,0897243237637736;0,086417416240411;0,0346392851106687;0,0283422259078789;0,152254624910288;0,0283422259078789;0,152254624910288;100;1;0,9;TRUE;1;0,8;TRUE;TRUE;1;0;0
"hs_cu_c_Log2";"hs_zbmi_who";0,23895795329256;1e-12;0,0715287489780588;0,0796921709924086;0,0796921709924086;0,0788935019415548;0,0328788423469455;0,0296727557279322;0,148673970923724;0,0296727557279322;0,148673970923724;100;1;0,9;TRUE;1;0,8;TRUE;TRUE;1;0;0
"hs_hg_c_Log2";"hs_zbmi_who";0,23895795329256;1e-12;-0,0167430486532099;-0,0160803491426644;-0,0169266833080678;-0,0145014602124934;0,0174053117067707;-0,0582106787028653;0,00968164929718577;-0,0587075198950283;0,0105601076893609;95;0,95;0,9;TRUE;0,863157894736842;0,8;TRUE;TRUE;0,13;0,82;0,05
"hs_mn_c_Log2";"hs_zbmi_who";0,23895795329256;1e-12;-0,00439025677412438;-0,00970290064025757;-0,00980090973763391;-0,00736147991843179;0,0171721205958796;-0,051291541961576;0,0212344210057361;-0,0513531019036906;0,0212730231569436;99;0,99;0,9;TRUE;0,717171717171717;0,8;FALSE;FALSE;0,28;0,71;0,01
"hs_mo_c_Log2";"hs_zbmi_who";0,23895795329256;1e-12;-0,0288961296091855;-0,0361500828717675;-0,0361500828717675;-0,035062543987946;0,0194840792755726;-0,0787243255565564;-0,00587654515018561;-0,0787243255565564;-0,00587654515018561;100;1;0,9;TRUE;1;0,8;TRUE;TRUE;0;1;0
"hs_pb_c_Log2";"hs_zbmi_who";0,23895795329256;1e-12;-0,0106923255923222;-0,0113812022366231;-0,0119802128806559;-0,00726153794277097;0,0142194620167;-0,0488800243041605;0,00308053044759502;-0,0496705523419008;0,00310374718301499;95;0,95;0,9;TRUE;0,852631578947368;0,8;TRUE;TRUE;0,14;0,81;0,05
"hs_hum_mt_hs_h_None";"hs_zbmi_who";0,23895795329256;1e-12;0,0634907480371659;0,0803204920826744;0,0811318101845196;0,0800554884161015;0,0363748207071811;0,00700968373337162;0,14992108259389;0,014721606018144;0,150010321249544;99;0,99;0,9;TRUE;1;0,8;TRUE;TRUE;0,99;0;0,01
"hs_tm_mt_hs_h_None";"hs_zbmi_who";0,23895795329256;1e-12;0;0,0010748801732587;0,00167950027071672;0,00046144465466784;0,0135174117694672;-0,027594428003957;0,0320237779399783;-0,0380931399540555;0,0395974667570559;64;0,64;0,9;FALSE;NA;0,8;FALSE;FALSE;0,34;0,3;0,36
"hs_uvdvf_mt_hs_h_None";"hs_zbmi_who";0,23895795329256;1e-12;0;0,0140548562886558;0,0180190465239177;0,012930472101486;0,0205899458558105;-0,00491032773859969;0,0708943143369899;-0,00648095963286858;0,0717274509116752;78;0,78;0,9;FALSE;NA;0,8;FALSE;FALSE;0,68;0,1;0,22
"hs_hum_dy_hs_h_None";"hs_zbmi_who";0,23895795329256;1e-12;0,00191966638975027;0,00509557533274189;0,00542082482206584;0,00385361774214298;0,0153797715981477;-0,0249852458123095;0,0366122437887726;-0,024991577439695;0,0368218236966098;94;0,94;0,9;TRUE;0,648936170212766;0,8;FALSE;FALSE;0,61;0,33;0,06
"hs_hum_wk_hs_h_None";"hs_zbmi_who";0,23895795329256;1e-12;-0,00705403781263681;-0,00322137132127143;-0,00325391042552669;-0,00299102775218423;0,023318387770349;-0,049439355464381;0,0444930623989941;-0,0495314855804382;0,0447776471089852;99;0,99;0,9;TRUE;0,606060606060606;0,8;FALSE;FALSE;0,39;0,6;0,01
"hs_tm_dy_hs_h_None";"hs_zbmi_who";0,23895795329256;1e-12;-0,00788636443619992;-0,0166700243690587;-0,0200843667097093;-0,0149695605792295;0,0234920712473251;-0,0690010539893696;0,00626846710113066;-0,0708851869076672;0,00866386376845642;83;0,83;0,9;FALSE;0,891566265060241;0,8;TRUE;FALSE;0,09;0,74;0,17
"hs_tm_wk_hs_h_None";"hs_zbmi_who";0,23895795329256;1e-12;0;-0,000233095549924742;-0,00043165842578656;-0,00096789687225714;0,0110181061902584;-0,0256595367321997;0,0184502560280813;-0,0366766720935179;0,0295194564818078;54;0,54;0,9;FALSE;NA;0,8;FALSE;FALSE;0,23;0,31;0,46
"hs_uvdvf_dy_hs_h_None";"hs_zbmi_who";0,23895795329256;1e-12;0;-0,00432319869876901;-0,00485752662783035;-0,00249916561603002;0,0137965823161315;-0,0362705977780232;0,0248688301937776;-0,0365479659877577;0,0249628004594438;89;0,89;0,9;FALSE;NA;0,8;FALSE;FALSE;0,25;0,64;0,11
"hs_uvdvf_wk_hs_h_None";"hs_zbmi_who";0,23895795329256;1e-12;0;-0,00816078403860323;-0,0099521756568332;-0,00590438473877413;0,0157209588495921;-0,0572955296526641;0,0133858952257477;-0,0626760402070434;0,0140941582079485;82;0,82;0,9;FALSE;NA;0,8;FALSE;FALSE;0,15;0,67;0,18
"hs_ndvi100_h_None";"hs_zbmi_who";0,23895795329256;1e-12;-0,000909536465115248;0,000923388082037119;0,000951946476326927;-0,000567747866916209;0,0239700721093056;-0,0527746954368198;0,0548225033154443;-0,0534935348534035;0,0549113344940504;97;0,97;0,9;TRUE;0,505154639175258;0,8;FALSE;FALSE;0,48;0,49;0,03
"hs_ndvi100_s_None";"hs_zbmi_who";0,23895795329256;1e-12;-0,00360539582067896;-0,0185863174100511;-0,019772678095799;-0,0162884841584416;0,0233248357507196;-0,0769199369151481;0,0146974574887209;-0,077219321634004;0,0148151940784069;94;0,94;0,9;TRUE;0,819148936170213;0,8;TRUE;TRUE;0,17;0,77;0,06
"hs_dde_cadj_Log2";"hs_zbmi_who";0,23895795329256;1e-12;-0,128412285100354;-0,126198908192888;-0,126198908192888;-0,125487752427465;0,0445530095069006;-0,216935569261054;-0,0452414621626637;-0,216935569261054;-0,0452414621626637;100;1;0,9;TRUE;1;0,8;TRUE;TRUE;0;1;0
"hs_ddt_cadj_Log2";"hs_zbmi_who";0,23895795329256;1e-12;-0,000397998062988681;-0,000954785314285962;-0,00119348164285745;-3,13652395495302e-06;0,0104558064700308;-0,0259303835309967;0,0252088818504685;-0,0271927606764183;0,0261115037589572;80;0,8;0,9;FALSE;0,5;0,8;FALSE;FALSE;0,4;0,4;0,2
"hs_hcb_cadj_Log2";"hs_zbmi_who";0,23895795329256;1e-12;-0,110313605573514;-0,171569139585758;-0,171569139585758;-0,130426947846257;0,108617223253086;-0,364370925300349;-0,0316093255168382;-0,364370925300349;-0,0316093255168382;100;1;0,9;TRUE;1;0,8;TRUE;TRUE;0;1;0
"hs_pcb118_cadj_Log2";"hs_zbmi_who";0,23895795329256;1e-12;0,0110751445473887;0,015381270877571;0,0172823268287314;0,0123956681782391;0,0191137270815696;-0,00298958823771663;0,0588029732966322;-0,00313623914456579;0,0594160899379651;89;0,89;0,9;FALSE;0,898876404494382;0,8;TRUE;FALSE;0,8;0,09;0,11
"hs_pcb138_cadj_Log2";"hs_zbmi_who";0,23895795329256;1e-12;0;-0,00543187991387158;-0,00678984989233948;-0,00233958911811972;0,0197539476814599;-0,0495987523630122;0,0340798356601681;-0,0517830756952375;0,0390699417630312;80;0,8;0,9;FALSE;NA;0,8;FALSE;FALSE;0,27;0,53;0,2
"hs_pcb153_cadj_Log2";"hs_zbmi_who";0,23895795329256;1e-12;-0,0447195743533235;-0,0374346857577998;-0,0389944643310415;-0,03352853948424;0,0269599214986264;-0,102309306899111;0;-0,102461283055378;-0,00349655089661436;96;0,96;0,9;TRUE;1;0,8;TRUE;TRUE;0;0,96;0,04
"hs_pcb170_cadj_Log2";"hs_zbmi_who";0,23895795329256;1e-12;-0,14501781095252;-0,12518907873661;-0,12518907873661;-0,125523386839534;0,0403421270941513;-0,213930359947652;-0,0642367565297869;-0,213930359947652;-0,0642367565297869;100;1;0,9;TRUE;1;0,8;TRUE;TRUE;0;1;0
"hs_pcb180_cadj_Log2";"hs_zbmi_who";0,23895795329256;1e-12;-0,0284418339260292;-0,0334466123231119;-0,0334466123231119;-0,0289966882998371;0,0290483437739355;-0,102768311430142;0,0183102546281052;-0,102768311430142;0,0183102546281052;100;1;0,9;TRUE;0,92;0,8;TRUE;TRUE;0,08;0,92;0
"hs_sumPCBs5_cadj_Log2";"hs_zbmi_who";0,23895795329256;1e-12;-0,0976570954658788;-0,0940595447315704;-0,0959791272771126;-0,0930474144466131;0,0382091603889214;-0,164563927183389;-0,0289819296957426;-0,165031622813421;-0,0331498813528833;98;0,98;0,9;TRUE;1;0,8;TRUE;TRUE;0;0,98;0,02
"hs_pfhxs_c_Log2";"hs_zbmi_who";0,23895795329256;1e-12;0,00400500269001428;0,00927277649433457;0,0101898642794885;0,00755917541648038;0,0175843187456772;-0,0241908196547271;0,0467907845790085;-0,0254193770059283;0,0481243110963885;91;0,91;0,9;TRUE;0,813186813186813;0,8;TRUE;TRUE;0,74;0,17;0,09
"hs_pfna_c_Log2";"hs_zbmi_who";0,23895795329256;1e-12;0;-0,00125530354932011;-0,00179329078474302;-0,00294105550659308;0,0104635864097933;-0,023247979941348;0,0194342314209692;-0,0241871550739835;0,0211709752968842;70;0,7;0,9;FALSE;NA;0,8;FALSE;FALSE;0,28;0,42;0,3
"hs_pfoa_c_Log2";"hs_zbmi_who";0,23895795329256;1e-12;-0,0293665898463837;-0,0209703959466069;-0,0213983632108233;-0,0171697868335987;0,0195222896118286;-0,0658431520103792;0,00317079635851615;-0,0658913536316729;0,00345337998546411;98;0,98;0,9;TRUE;0,959183673469388;0,8;TRUE;TRUE;0,04;0,94;0,02
"hs_pfos_c_Log2";"hs_zbmi_who";0,23895795329256;1e-12;-0,0051672083424556;-0,0140977938340923;-0,0146852019105128;-0,00892465500723695;0,017904144827545;-0,0579565764355334;0,0110874852552467;-0,0589317664407032;0,0111046442230036;96;0,96;0,9;TRUE;0,854166666666667;0,8;TRUE;TRUE;0,14;0,82;0,04
"hs_pfunda_c_Log2";"hs_zbmi_who";0,23895795329256;1e-12;-0,000467932467514776;-0,00176120167166168;-0,00197887828276593;-0,00067005844705867;0,0097687258250756;-0,0250728577591939;0,0171415498444792;-0,0251052638206711;0,0188250519270327;89;0,89;0,9;FALSE;0,539325842696629;0,8;FALSE;FALSE;0,41;0,48;0,11
"hs_hm_pers_None";"hs_zbmi_who";0,23895795329256;1e-12;-0,00225430770634376;-0,00216915719381476;-0,00221342570797425;-0,00193247651001559;0,0131183248866018;-0,0271355859396182;0,0287101629413383;-0,0272575304350187;0,0287720723014857;98;0,98;0,9;TRUE;0,653061224489796;0,8;FALSE;FALSE;0,34;0,64;0,02
"hs_trafload_h_pow1over3";"hs_zbmi_who";0,23895795329256;1e-12;-0,00340033965465473;-0,0142726704033461;-0,0165961283759839;-0,0113166120867622;0,0171861212591504;-0,0519604019700249;0,00407399986767313;-0,0524824151600738;0,00419834281972956;86;0,86;0,9;FALSE;0,895348837209302;0,8;TRUE;FALSE;0,09;0,77;0,14
"hs_trafnear_h_pow1over3";"hs_zbmi_who";0,23895795329256;1e-12;0;0,00672281185316176;0,00896374913754902;0,00578849165217405;0,0143416633346364;-0,0116292610637857;0,0479589205363392;-0,0122347657765291;0,0538389652391797;75;0,75;0,9;FALSE;NA;0,8;FALSE;FALSE;0,56;0,19;0,25
"FAS_cat_None_Low";"hs_zbmi_who";0,23895795329256;1e-12;-0,1934594719057;-0,216580865293142;-0,216580865293142;-0,209791087811828;0,0855667560720804;-0,371216297961465;-0,0426968166620071;-0,371216297961465;-0,0426968166620071;100;1;0,9;TRUE;1;0,8;TRUE;TRUE;0;1;0
"FAS_cat_None_Middle";"hs_zbmi_who";0,23895795329256;1e-12;-0,0758829608616103;-0,0644455522814675;-0,0700495133494212;-0,0690193589717967;0,0516508603812658;-0,172071551792951;0,00891847051122249;-0,173078156593604;0,00978823578225959;92;0,92;0,9;TRUE;0,934782608695652;0,8;TRUE;TRUE;0,06;0,86;0,08
"hs_globalexp2_None_no exposure";"hs_zbmi_who";0,23895795329256;1e-12;-0,00842619601747619;-0,037933442285851;-0,0416851014130231;-0,032947791010766;0,0383102133924149;-0,137122823511536;0,00433993290741612;-0,137998591493031;0,00496971011028561;91;0,91;0,9;TRUE;0,912087912087912;0,8;TRUE;TRUE;0,08;0,83;0,09
"h_abs_ratio_preg_Log";"hs_correct_raven";0,23895795329256;1e-12;0,00206616185089653;0,00670126474420083;0,00690852035484622;0,00785125729960832;0,0184382587131767;-0,0301458513272377;0,03910813345425;-0,0303072936732589;0,0391948841293271;97;0,97;0,9;TRUE;0,628865979381443;0,8;FALSE;FALSE;0,61;0,36;0,03
"h_no2_ratio_preg_Log";"hs_correct_raven";0,23895795329256;1e-12;0,0665496023075923;0,0427356020248193;0,0464517413313254;0,0410319895941363;0,0338675601430442;-0,000230750577110211;0,107722366809632;-0,000274454961533145;0,107938561417861;92;0,92;0,9;TRUE;0,967391304347826;0,8;TRUE;TRUE;0,89;0,03;0,08
"h_pm10_ratio_preg_None";"hs_correct_raven";0,23895795329256;1e-12;0;0,00811345739993903;0,0142341357893667;0,0112892097569959;0,0177640567165886;-0,0118676148363785;0,055615448105095;-0,013448249879948;0,0602304076522132;57;0,57;0,9;FALSE;NA;0,8;FALSE;FALSE;0,45;0,12;0,43
"h_pm25_ratio_preg_None";"hs_correct_raven";0,23895795329256;1e-12;0,0180596779365636;0,0170119239930191;0,0180977914819352;0,0165711819334943;0,0167220559075796;-0,00825095479270756;0,0534662280907864;-0,00835849188548039;0,0534695503039379;94;0,94;0,9;TRUE;0,882978723404255;0,8;TRUE;TRUE;0,83;0,11;0,06
"h_accesslines300_preg_dic0";"hs_correct_raven";0,23895795329256;1e-12;-0,0321354516673367;-0,0656832183566566;-0,06702369220067;-0,056201647432322;0,0630692511438507;-0,19557862201126;0,0510471296117284;-0,196466047119403;0,0515358988866863;98;0,98;0,9;TRUE;0,897959183673469;0,8;TRUE;TRUE;0,1;0,88;0,02
"h_accesspoints300_preg_Log";"hs_correct_raven";0,23895795329256;1e-12;-0,00719888122093115;0,00697397487394816;0,00774886097105351;0,0081447466406998;0,0224658780047093;-0,047564202436066;0,0494915034189503;-0,0475658194760421;0,0497039069348664;90;0,9;0,9;TRUE;0,322222222222222;0,8;FALSE;FALSE;0,61;0,29;0,1
"h_builtdens300_preg_Sqrt";"hs_correct_raven";0,23895795329256;1e-12;0,0109127749651875;0,0140641214178527;0,0206825314968421;0,0166198914848271;0,0170702081629752;0;0,0529616150828627;0,000383540661728787;0,057552714066764;68;0,68;0,9;FALSE;0,985294117647059;0,8;TRUE;FALSE;0,67;0,01;0,32
"h_connind300_preg_Sqrt";"hs_correct_raven";0,23895795329256;1e-12;-0,00812183007739589;-0,00584926713397954;-0,00657221026289836;-0,00456472854191162;0,0169447929025836;-0,0363114683523905;0,0242539388645437;-0,0370137659318473;0,0246988229223116;89;0,89;0,9;FALSE;0,595505617977528;0,8;FALSE;FALSE;0,36;0,53;0,11
"h_fdensity300_preg_Log";"hs_correct_raven";0,23895795329256;1e-12;0,00184133176944607;0,00861664359922635;0,0101372277637957;0,0112126324446815;0,0173455754039347;-0,0249606510430505;0,0477220460821276;-0,0280732747101167;0,0479176257662437;85;0,85;0,9;FALSE;0,764705882352941;0,8;FALSE;FALSE;0,65;0,2;0,15
"h_frichness300_preg_None";"hs_correct_raven";0,23895795329256;1e-12;0,00618244329156839;0,0158506858401532;0,0186478656942978;0,0175229001022011;0,0166945724635694;-0,00685240539179527;0,0504161031995167;-0,00740498695519348;0,0536441777648077;85;0,85;0,9;FALSE;0,941176470588235;0,8;TRUE;FALSE;0,8;0,05;0,15
"h_landuseshan300_preg_None";"hs_correct_raven";0,23895795329256;1e-12;0,000947461097057723;0,00464333187199034;0,00499282996988209;0,00489959765680292;0,0139648226874223;-0,0263258817464442;0,0319985988111293;-0,0266233022721548;0,0320694335015038;93;0,93;0,9;TRUE;0,666666666666667;0,8;FALSE;FALSE;0,62;0,31;0,07
"h_popdens_preg_Sqrt";"hs_correct_raven";0,23895795329256;1e-12;-0,0315851345929971;-0,0242428972703323;-0,0242428972703323;-0,0216734130779808;0,019963234185915;-0,0663180755182543;0,00638780081139654;-0,0663180755182543;0,00638780081139654;100;1;0,9;TRUE;0,92;0,8;TRUE;TRUE;0,08;0,92;0
"h_walkability_mean_preg_None";"hs_correct_raven";0,23895795329256;1e-12;0,00813208317938857;-0,00158704704020544;-0,00163613096928396;-0,000653125529970052;0,0149705768773961;-0,0247174999189016;0,0323318659540238;-0,0247744080945509;0,0325284289398187;97;0,97;0,9;TRUE;0,43298969072165;0,8;FALSE;FALSE;0,42;0,55;0,03
"hs_as_m_Log2";"hs_correct_raven";0,23895795329256;1e-12;0,00980590206137652;0,00291304743036772;0,00313230906491153;0,00208328346249489;0,0127189753944073;-0,0233528266458164;0,0301094556015854;-0,0237563549236052;0,0308207507438105;93;0,93;0,9;TRUE;0,623655913978495;0,8;FALSE;FALSE;0,58;0,35;0,07
"hs_cd_m_Log2";"hs_correct_raven";0,23895795329256;1e-12;-0,00193667711471385;-0,00408009546087535;-0,00416336271517893;-0,00506336416491711;0,0161602174126586;-0,0354851137026248;0,0290262585131277;-0,0355940886966379;0,029268004896535;98;0,98;0,9;TRUE;0,63265306122449;0,8;FALSE;FALSE;0,36;0,62;0,02
"hs_co_m_Log2";"hs_correct_raven";0,23895795329256;1e-12;-0,0119559480647502;-0,00124750700363779;-0,00154013210325653;-0,000159388885872094;0,0130349925754452;-0,0243373284542933;0,0242049828818854;-0,025063975619609;0,0254713345707083;81;0,81;0,9;FALSE;0,530864197530864;0,8;FALSE;FALSE;0,38;0,43;0,19
"hs_cs_m_Log2";"hs_correct_raven";0,23895795329256;1e-12;0;-0,000921398709797435;-0,00111011892746679;0,000699893541332217;0,0120848002025425;-0,0287845900844883;0,0202301049324602;-0,0299204135592336;0,0205865290151033;83;0,83;0,9;FALSE;NA;0,8;FALSE;FALSE;0,43;0,4;0,17
"hs_cu_m_Log2";"hs_correct_raven";0,23895795329256;1e-12;-0,0104892559325271;-0,002729716345385;-0,00275728923776263;-0,0042648101961573;0,0151686526649062;-0,0321186008114035;0,029158082757434;-0,0321896674007248;0,0292169358163655;99;0,99;0,9;TRUE;0,595959595959596;0,8;FALSE;FALSE;0,4;0,59;0,01
"hs_hg_m_Log2";"hs_correct_raven";0,23895795329256;1e-12;0;-0,00169931783823882;-0,00229637545707949;-0,00273152297070782;0,00767525059497799;-0,0182496824549875;0,0137098770208985;-0,021642817538388;0,0155661745598929;74;0,74;0,9;FALSE;NA;0,8;FALSE;FALSE;0,27;0,47;0,26
"hs_mn_m_Log2";"hs_correct_raven";0,23895795329256;1e-12;-0,000145856172051883;0,00382727062309756;0,0042057918935138;0,00388252170383042;0,0102886815950937;-0,0172595786390523;0,0270549711657602;-0,0176827861164507;0,0282889526220638;91;0,91;0,9;TRUE;0,340659340659341;0,8;FALSE;FALSE;0,6;0,31;0,09
"hs_mo_m_Log2";"hs_correct_raven";0,23895795329256;1e-12;0,00680393128559863;0,0104894340617265;0,0104894340617265;0,00871586246235205;0,011241230271487;-0,00912229257707215;0,0321050136228795;-0,00912229257707215;0,0321050136228795;100;1;0,9;TRUE;0,86;0,8;TRUE;TRUE;0,86;0,14;0
"hs_pb_m_Log2";"hs_correct_raven";0,23895795329256;1e-12;0;0,00130614510936063;0,001696292349819;0,0011908752318023;0,00831556407604157;-0,0156260862098035;0,0204394131988723;-0,0164429134056761;0,0211180497627848;77;0,77;0,9;FALSE;NA;0,8;FALSE;FALSE;0,46;0,31;0,23
"h_humidity_preg_None";"hs_correct_raven";0,23895795329256;1e-12;-0,0604340842385732;-0,0412173915600315;-0,0424921562474552;-0,0354689833079319;0,0319829107433097;-0,112129794086621;0;-0,112355457564753;-0,000282200872194832;97;0,97;0,9;TRUE;0,979381443298969;0,8;TRUE;TRUE;0,02;0,95;0,03
"h_pressure_preg_None";"hs_correct_raven";0,23895795329256;1e-12;0;0,00140703892860304;0,00206917489500447;-0,00158508400543023;0,0158875118192816;-0,0234539428156463;0,0389267196846667;-0,0272145817471556;0,047339780628346;68;0,68;0,9;FALSE;NA;0,8;FALSE;FALSE;0,3;0,38;0,32
"h_temperature_preg_None";"hs_correct_raven";0,23895795329256;1e-12;0;0,0247532000484144;0,0294680952957315;0,029020411206702;0,0228633443764375;-0,00041324405225442;0,0725599802249382;-0,000705457450403395;0,0730006272140546;84;0,84;0,9;FALSE;NA;0,8;FALSE;FALSE;0,81;0,03;0,16
"h_ndvi100_preg_None";"hs_correct_raven";0,23895795329256;1e-12;-0,00708797217903265;0,0023369771727841;0,00251287868041301;0,00113032422226375;0,0185553488273894;-0,0365991178915228;0,0377649669070425;-0,037239393727347;0,0388849065316232;93;0,93;0,9;TRUE;0,462365591397849;0,8;FALSE;FALSE;0,5;0,43;0,07
"hs_dde_madj_Log2";"hs_correct_raven";0,23895795329256;1e-12;-0,0209300188422607;-0,0330661074020117;-0,0330661074020117;-0,0341617037391456;0,022221710839485;-0,0740007239389197;0,00984488147561389;-0,0740007239389197;0,00984488147561389;100;1;0,9;TRUE;0,92;0,8;TRUE;TRUE;0,08;0,92;0
"hs_ddt_madj_Log2";"hs_correct_raven";0,23895795329256;1e-12;0;-5,00731096991842e-05;-5,89095408225697e-05;8,03345487140401e-06;0,0101445750526408;-0,022975788805981;0,020254282001676;-0,0234932988662843;0,0216645411822188;85;0,85;0,9;FALSE;NA;0,8;FALSE;FALSE;0,43;0,42;0,15
"hs_hcb_madj_Log2";"hs_correct_raven";0,23895795329256;1e-12;0,00540139147804487;0,0103825873036858;0,0122148085925715;0,0112654259017064;0,0115429514607915;-0,00933524743265582;0,0321837270551795;-0,00989941244058823;0,0323314661116648;85;0,85;0,9;FALSE;0,882352941176471;0,8;TRUE;FALSE;0,75;0,1;0,15
"hs_pcb118_madj_Log2";"hs_correct_raven";0,23895795329256;1e-12;-0,0399759203773848;-0,0287994346147677;-0,0290903379947149;-0,0293565443450699;0,0226825942106866;-0,0737627974374021;0,00925143170882053;-0,0738752974403395;0,00928332316683798;99;0,99;0,9;TRUE;0,919191919191919;0,8;TRUE;TRUE;0,08;0,91;0,01
"hs_pcb138_madj_Log2";"hs_correct_raven";0,23895795329256;1e-12;0,024530777337862;0,0191842723493902;0,0223072934295235;0,0192119364427236;0,0211652397311379;-0,00338529699807852;0,0792470836349598;-0,00455066741549;0,0816007452091662;86;0,86;0,9;FALSE;0,930232558139535;0,8;TRUE;FALSE;0,8;0,06;0,14
"hs_pcb153_madj_Log2";"hs_correct_raven";0,23895795329256;1e-12;0;-0,0158561583167244;-0,0186543039020288;-0,0123305422972214;0,0234331884800976;-0,0675944122614669;0,0129961401036113;-0,0694946985181913;0,0134679915590958;85;0,85;0,9;FALSE;NA;0,8;FALSE;FALSE;0,22;0,63;0,15
"hs_pcb170_madj_Log2";"hs_correct_raven";0,23895795329256;1e-12;0,0110279399925092;0,0200654021616849;0,0213461725124307;0,0166777253293553;0,025740751895001;-0,0144969913826227;0,0761672596721635;-0,0146349006738812;0,0763924776267713;94;0,94;0,9;TRUE;0,808510638297872;0,8;TRUE;TRUE;0,76;0,18;0,06
"hs_pcb180_madj_Log2";"hs_correct_raven";0,23895795329256;1e-12;0,0282142010630432;0,0260326776159402;0,031364671826434;0,0287314826749954;0,0239146618235119;-0,00431324010743504;0,0716619798423701;-0,00718485715176527;0,0730783146158865;83;0,83;0,9;FALSE;0,951807228915663;0,8;TRUE;FALSE;0,79;0,04;0,17
"hs_sumPCBs5_madj_Log2";"hs_correct_raven";0,23895795329256;1e-12;0;0,000584403615258035;0,00100759244010006;0,000355804174341384;0,00994369321024032;-0,0186809410998552;0,0261884227801056;-0,0253656592074495;0,0271271062519092;58;0,58;0,9;FALSE;NA;0,8;FALSE;FALSE;0,3;0,28;0,42
"hs_pfhxs_m_Log2";"hs_correct_raven";0,23895795329256;1e-12;0,051175936478542;0,0363282715438594;0,0366952237816762;0,0310356440565345;0,0264023730548497;-0,000334534702276407;0,0886634407119861;0,000102811679117229;0,088669667300218;99;0,99;0,9;TRUE;0,96969696969697;0,8;TRUE;TRUE;0,96;0,03;0,01
"hs_pfna_m_Log2";"hs_correct_raven";0,23895795329256;1e-12;0,0133388600066327;0,00331211043431875;0,00331211043431875;0,0029452494728107;0,0207630706290922;-0,0379283358699278;0,042869530519131;-0,0379283358699278;0,042869530519131;100;1;0,9;TRUE;0,55;0,8;FALSE;FALSE;0,55;0,45;0
"hs_pfoa_m_Log2";"hs_correct_raven";0,23895795329256;1e-12;0;0,00620731713867867;0,00874270019532207;0,00405027504273479;0,0138463568680258;-0,0143419295579429;0,0417290774168787;-0,0151560198175172;0,0434728913863741;71;0,71;0,9;FALSE;NA;0,8;FALSE;FALSE;0,5;0,21;0,29
"hs_pfos_m_Log2";"hs_correct_raven";0,23895795329256;1e-12;0;0,00287925627060937;0,00442962503170672;0,00109132196158124;0,0136303132489905;-0,0158433134538764;0,0424889653879119;-0,0188938572880404;0,0471142338003683;65;0,65;0,9;FALSE;NA;0,8;FALSE;FALSE;0,39;0,26;0,35
"hs_pfunda_m_Log2";"hs_correct_raven";0,23895795329256;1e-12;0;0,00649429244225517;0,0090198506142433;0,00466970590892992;0,013996568750276;-0,0122641910596959;0,0348569585995088;-0,0138159642390947;0,0392295222942723;72;0,72;0,9;FALSE;NA;0,8;FALSE;FALSE;0,51;0,21;0,28
"e3_asmokcigd_p_None";"hs_correct_raven";0,23895795329256;1e-12;-0,00365821036935808;-0,00970865044577038;-0,0102196320481793;-0,0111162159044408;0,0138420570608799;-0,0359724457245644;0,0183071840344197;-0,035984229156353;0,0185234313140748;95;0,95;0,9;TRUE;0,789473684210526;0,8;FALSE;FALSE;0,2;0,75;0,05
"h_distinvnear1_preg_Log";"hs_correct_raven";0,23895795329256;1e-12;0;0,00498886487926176;0,00615909244353304;0,00564244848281942;0,0101451013776896;-0,0105728834721137;0,0296045100859147;-0,0109197766879151;0,0309122464637247;81;0,81;0,9;FALSE;NA;0,8;FALSE;FALSE;0,58;0,23;0,19
"h_trafload_preg_pow1over3";"hs_correct_raven";0,23895795329256;1e-12;-0,0131922242111454;-0,0101699188875392;-0,0111757350412519;-0,0095784515811953;0,0119765425325972;-0,0316577100394545;0,00927470004470219;-0,0322187256527957;0,00956630771337853;91;0,91;0,9;TRUE;0,835164835164835;0,8;TRUE;TRUE;0,15;0,76;0,09
"h_trafnear_preg_pow1over3";"hs_correct_raven";0,23895795329256;1e-12;-0,00650988900184363;-0,0105470666525075;-0,0136974891591006;-0,00960089276011317;0,015238347938551;-0,0462445638597006;0,00658411969661736;-0,0497387721347423;0,00692559878109422;77;0,77;0,9;FALSE;0,857142857142857;0,8;TRUE;FALSE;0,11;0,66;0,23
"h_bro_preg_Log";"hs_correct_raven";0,23895795329256;1e-12;0;-0,00485950005254071;-0,00578511911016751;-0,00420116683534191;0,0185414111702752;-0,0392428119448885;0,0339628396586896;-0,0417546717207363;0,034562140168985;84;0,84;0,9;FALSE;NA;0,8;FALSE;FALSE;0,3;0,54;0,16
"h_clf_preg_Log";"hs_correct_raven";0,23895795329256;1e-12;-0,00565457223000211;-0,01169043484097;-0,0142566278548415;-0,0128027198272691;0,0138405330747241;-0,039543267875683;0,00850795514228427;-0,0400455908070484;0,00914078408979024;82;0,82;0,9;FALSE;0,878048780487805;0,8;TRUE;FALSE;0,1;0,72;0,18
"h_thm_preg_Log";"hs_correct_raven";0,23895795329256;1e-12;-0,000470146654191101;0,00317189208419525;0,00391591615332747;0,00242970515500909;0,0149707657388554;-0,0227582199839918;0,0352238419797042;-0,0259865458191812;0,0376736644050635;81;0,81;0,9;FALSE;0,419753086419753;0,8;FALSE;FALSE;0,47;0,34;0,19
"e3_alcpreg_yn_None_1";"hs_correct_raven";0,23895795329256;1e-12;0,0331437153495373;0,0209002028798149;0,0215466009070257;0,0170992172698049;0,0290150405078564;-0,0234983876844538;0,0819075339891481;-0,0237049378181952;0,0826611175160212;97;0,97;0,9;TRUE;0,77319587628866;0,8;FALSE;FALSE;0,75;0,22;0,03
"h_pamod_t3_None_Often";"hs_correct_raven";0,23895795329256;1e-12;-0,0584752467073076;-0,00988710258889996;-0,00988710258889996;-0,0014414158623999;0,0548782528395801;-0,137536578364313;0,0848791118477236;-0,137536578364313;0,0848791118477236;100;1;0,9;TRUE;0,5;0,8;FALSE;FALSE;0,5;0,5;0
"h_pamod_t3_None_Sometimes";"hs_correct_raven";0,23895795329256;1e-12;-0,0821710393865524;-0,0348838459288098;-0,0359627277616596;-0,0266020480274298;0,0588191962135475;-0,165241967976339;0,0561036139991924;-0,166092971700476;0,056626379552528;97;0,97;0,9;TRUE;0,721649484536082;0,8;FALSE;FALSE;0,27;0,7;0,03
"h_pamod_t3_None_Very Often";"hs_correct_raven";0,23895795329256;1e-12;-0,0563428012880817;-0,0254937984466599;-0,0254937984466599;-0,0145491236066515;0,0514221640942029;-0,146302549358209;0,0542222881319232;-0,146302549358209;0,0542222881319232;100;1;0,9;TRUE;0,7;0,8;FALSE;FALSE;0,3;0,7;0
"h_pavig_t3_None_Low";"hs_correct_raven";0,23895795329256;1e-12;-0,144749367290377;-0,125779997538012;-0,125779997538012;-0,131001206493629;0,0629004882165531;-0,228569728279538;0,01861102506211;-0,228569728279538;0,01861102506211;100;1;0,9;TRUE;0,95;0,8;TRUE;TRUE;0,05;0,95;0
"h_pavig_t3_None_Medium";"hs_correct_raven";0,23895795329256;1e-12;-0,234145836005977;-0,176888703571974;-0,176888703571974;-0,178844648609001;0,0855949858664673;-0,327956541251189;-0,00376734204604796;-0,327956541251189;-0,00376734204604796;100;1;0,9;TRUE;0,97;0,8;TRUE;TRUE;0,03;0,97;0
"hs_no2_dy_hs_h_Log";"hs_correct_raven";0,23895795329256;1e-12;-0,0430763919876007;-0,0228978929332536;-0,0236060751889213;-0,0195028295092223;0,0279719647126588;-0,0788864258486785;0,0185600550710819;-0,0794512462365373;0,0186681435941006;97;0,97;0,9;TRUE;0,783505154639175;0,8;FALSE;FALSE;0,21;0,76;0,03
"hs_no2_wk_hs_h_Log";"hs_correct_raven";0,23895795329256;1e-12;0;-0,00973545195905316;-0,0152116436860206;-0,0151013412589028;0,014842952930773;-0,0457443967605735;0,00601967655876741;-0,0488404462304677;0,0142474876432597;64;0,64;0,9;FALSE;NA;0,8;FALSE;FALSE;0,13;0,51;0,36
"hs_no2_yr_hs_h_Log";"hs_correct_raven";0,23895795329256;1e-12;0;0,00203517697863223;0,00286644644877779;0,00207553114009713;0,0134695818382107;-0,0239509741321067;0,0272232807093473;-0,0249157509546872;0,0294391782741091;71;0,71;0,9;FALSE;NA;0,8;FALSE;FALSE;0,45;0,26;0,29
"hs_pm10_dy_hs_h_None";"hs_correct_raven";0,23895795329256;1e-12;-0,0316886045479713;-0,0130012535050501;-0,0135429724010939;-0,0131101467815919;0,0204377465120877;-0,0532986425334898;0,0241828304659864;-0,0535558425770344;0,0244048647418889;96;0,96;0,9;TRUE;0,708333333333333;0,8;FALSE;FALSE;0,28;0,68;0,04
"hs_pm10_wk_hs_h_None";"hs_correct_raven";0,23895795329256;1e-12;0,00546180787813613;0,0101414784262147;0,0101414784262147;0,00671552657799456;0,0198287949262487;-0,0178764181073147;0,0567454359845196;-0,0178764181073147;0,0567454359845196;100;1;0,9;TRUE;0,61;0,8;FALSE;FALSE;0,61;0,39;0
"hs_pm10_yr_hs_h_None";"hs_correct_raven";0,23895795329256;1e-12;0;0,016613974507557;0,0240782239239956;0,0199612887244484;0,0203070855847391;-0,00142835492361949;0,0606983170796978;-0,00306568717027217;0,0645148442314234;69;0,69;0,9;FALSE;NA;0,8;FALSE;FALSE;0,66;0,03;0,31
"hs_pm25_dy_hs_h_None";"hs_correct_raven";0,23895795329256;1e-12;-0,000459519985841738;-0,00821731563539517;-0,00874182514403742;-0,00776093316478344;0,0190562541533906;-0,0465797245297343;0,0283970840875848;-0,0473352288300404;0,0285890895241621;94;0,94;0,9;TRUE;0,74468085106383;0,8;FALSE;FALSE;0,24;0,7;0,06
"hs_pm25_wk_hs_h_None";"hs_correct_raven";0,23895795329256;1e-12;0;-0,00298829801311884;-0,00481983550503038;-0,00128971379746497;0,0151429878606217;-0,041330237167965;0,0242071919545359;-0,0465929488573645;0,0341250225891966;62;0,62;0,9;FALSE;NA;0,8;FALSE;FALSE;0,22;0,4;0,38
"hs_pm25_yr_hs_h_None";"hs_correct_raven";0,23895795329256;1e-12;-0,0704063553461254;-0,0390752391584955;-0,0402837517097891;-0,0409796447441227;0,0377838406338607;-0,119666391038544;0,0157034655734503;-0,119790189919333;0,0157515345601179;97;0,97;0,9;TRUE;0,824742268041237;0,8;TRUE;TRUE;0,17;0,8;0,03
"hs_pm25abs_dy_hs_h_Log";"hs_correct_raven";0,23895795329256;1e-12;0,0439664024165971;0,0396153528245845;0,0396153528245845;0,0382872536038256;0,0203005505017589;0,00649393195238099;0,081523529769551;0,00649393195238099;0,081523529769551;100;1;0,9;TRUE;1;0,8;TRUE;TRUE;1;0;0
"hs_pm25abs_wk_hs_h_Log";"hs_correct_raven";0,23895795329256;1e-12;0;-0,0092232129556971;-0,0128100179940238;-0,00897196066948589;0,0133453124518075;-0,0417651849992112;0,00650083099624921;-0,0485483789068573;0,0071333993452517;72;0,72;0,9;FALSE;NA;0,8;FALSE;FALSE;0,08;0,64;0,28
"hs_pm25abs_yr_hs_h_Log";"hs_correct_raven";0,23895795329256;1e-12;0,0023376223159753;-0,00454718016357934;-0,00478650543534668;-0,00109748456063423;0,018138433892389;-0,0407277383420939;0,0339023533635577;-0,0409015492192059;0,0341630440305985;95;0,95;0,9;TRUE;0,421052631578947;0,8;FALSE;FALSE;0,4;0,55;0,05
"hs_accesslines300_h_dic0";"hs_correct_raven";0,23895795329256;1e-12;-0,00168521254850288;0,0541579444442717;0,0558329324167749;0,0526666481379594;0,0657618741448503;-0,0646881136678576;0,187641996464965;-0,0659972279383211;0,188997536498558;97;0,97;0,9;TRUE;0,22680412371134;0,8;FALSE;FALSE;0,75;0,22;0,03
"hs_accesspoints300_h_Log";"hs_correct_raven";0,23895795329256;1e-12;-0,0317312901575914;-0,0462439900640708;-0,0462439900640708;-0,0451540054065229;0,0272865481814271;-0,0980237488573914;-0,00134385383233148;-0,0980237488573914;-0,00134385383233148;100;1;0,9;TRUE;0,98;0,8;TRUE;TRUE;0,02;0,98;0
"hs_builtdens300_h_Sqrt";"hs_correct_raven";0,23895795329256;1e-12;0;0,000105248809707305;0,000157087775682545;-0,000459924379636474;0,00922048659421415;-0,019491280126477;0,0203232720516645;-0,0219429381533992;0,0215779978150585;67;0,67;0,9;FALSE;NA;0,8;FALSE;FALSE;0,31;0,36;0,33
"hs_connind300_h_Log";"hs_correct_raven";0,23895795329256;1e-12;-0,0180476989042127;-0,0133825347937034;-0,0155610869694226;-0,0136019751980905;0,0167071703695075;-0,0483496273216213;0,0116112877342148;-0,0485866394194182;0,0116663294120421;86;0,86;0,9;FALSE;0,837209302325581;0,8;TRUE;FALSE;0,14;0,72;0,14
"hs_fdensity300_h_Log";"hs_correct_raven";0,23895795329256;1e-12;0,0281063379861876;0,025328886397919;0,0278339410966143;0,0254673777465161;0,0204405138940555;-0,00353064687649295;0,0642630982572798;-0,00441780545269816;0,0652594126984349;91;0,91;0,9;TRUE;0,945054945054945;0,8;TRUE;TRUE;0,86;0,05;0,09
"hs_landuseshan300_h_None";"hs_correct_raven";0,23895795329256;1e-12;0,0192595123904758;0,014846033577676;0,0156274037659747;0,0144284342845332;0,0156097342198153;-0,0108997921626936;0,0510723013374547;-0,0110082572304907;0,0523274185239583;95;0,95;0,9;TRUE;0,884210526315789;0,8;TRUE;TRUE;0,84;0,11;0,05
"hs_popdens_h_Sqrt";"hs_correct_raven";0,23895795329256;1e-12;0;-0,00924410594294858;-0,0103866358909535;-0,00940460959561058;0,0145867250975073;-0,0427701450844442;0,0156790943001303;-0,042961145932212;0,0175494210355687;89;0,89;0,9;FALSE;NA;0,8;FALSE;FALSE;0,19;0,7;0,11
"hs_walkability_mean_h_None";"hs_correct_raven";0,23895795329256;1e-12;0,00518969924427472;0,00864276927421335;0,00982132872069699;0,00963783298733266;0,0120884962487499;-0,0124149919210864;0,0340275897247974;-0,0134701060308851;0,034616561168564;88;0,88;0,9;FALSE;0,772727272727273;0,8;FALSE;FALSE;0,68;0,2;0,12
"hs_accesslines300_s_dic0";"hs_correct_raven";0,23895795329256;1e-12;0,0209928957535956;-0,0134583662363529;-0,0134583662363529;-0,0196192943682912;0,0602377415761485;-0,125621559714582;0,116976336381286;-0,125621559714582;0,116976336381286;100;1;0,9;TRUE;0,36;0,8;FALSE;FALSE;0,36;0,64;0
"hs_accesspoints300_s_Log";"hs_correct_raven";0,23895795329256;1e-12;-0,0236052105499512;-0,0209927919093432;-0,0212048403124679;-0,0211085983215855;0,0214385789008197;-0,0636220341928098;0,0222634022764594;-0,0636909232652546;0,022437076796725;99;0,99;0,9;TRUE;0,858585858585859;0,8;TRUE;TRUE;0,14;0,85;0,01
"hs_builtdens300_s_Sqrt";"hs_correct_raven";0,23895795329256;1e-12;0,000829901465994808;-0,00460603050158673;-0,00568645740936633;-0,0022988655137321;0,0133976586018279;-0,0317056989154032;0,0155045095641707;-0,0325580367390581;0,016625431113353;81;0,81;0,9;FALSE;0,333333333333333;0,8;FALSE;FALSE;0,27;0,54;0,19
"hs_connind300_s_Log";"hs_correct_raven";0,23895795329256;1e-12;0,0128664735859164;0,000685313380246852;0,000867485291451712;0,000112454832361506;0,0119065436958366;-0,0187174413317082;0,0275238625863014;-0,0190427495760167;0,0283215407544069;79;0,79;0,9;FALSE;0,518987341772152;0,8;FALSE;FALSE;0,41;0,38;0,21
"hs_fdensity300_s_Log";"hs_correct_raven";0,23895795329256;1e-12;0;-0,0101400800466697;-0,0115228182348519;-0,0103315646164759;0,0146062189687818;-0,0407623888872654;0,0117956085890525;-0,0409236645072881;0,0123731251059039;88;0,88;0,9;FALSE;NA;0,8;FALSE;FALSE;0,18;0,7;0,12
"hs_landuseshan300_s_None";"hs_correct_raven";0,23895795329256;1e-12;-0,0073260221573509;-0,00797293252061147;-0,00996616565076434;-0,0107736264527121;0,0131381501333839;-0,0375568922718555;0,0195312494686781;-0,0406566210770639;0,019878701310563;80;0,8;0,9;FALSE;0,7875;0,8;FALSE;FALSE;0,17;0,63;0,2
"hs_popdens_s_Sqrt";"hs_correct_raven";0,23895795329256;1e-12;0;0,015784274423625;0,0181428441650862;0,0155958246664581;0,0169223604503023;-0,00381523020177215;0,0570279760515746;-0,00382427974166941;0,0573144103294114;87;0,87;0,9;FALSE;NA;0,8;FALSE;FALSE;0,77;0,1;0,13
"h_Absorbance_Log";"hs_correct_raven";0,23895795329256;1e-12;0,0310082893428014;0,0200372832283581;0,0217796556829979;0,0201475699497643;0,0157547797800269;-0,00284785803867783;0,0517007501444827;-0,00324346775098974;0,0525792424304563;92;0,92;0,9;TRUE;0,956521739130435;0,8;TRUE;TRUE;0,88;0,04;0,08
"h_Benzene_Log";"hs_correct_raven";0,23895795329256;1e-12;-0,0387869452655581;-0,0369719622609224;-0,0369719622609224;-0,03877693453335;0,0188376541113879;-0,07843369145933;-0,00437409706859937;-0,07843369145933;-0,00437409706859937;100;1;0,9;TRUE;0,98;0,8;TRUE;TRUE;0,02;0,98;0
"h_NO2_Log";"hs_correct_raven";0,23895795329256;1e-12;0,0109076470358733;0,0253080204060063;0,0269234259638365;0,029854909997702;0,0211312947533826;-0,0133189530265322;0,0677475575687597;-0,0133496786552276;0,068046722124837;94;0,94;0,9;TRUE;0,893617021276596;0,8;TRUE;TRUE;0,84;0,1;0,06
"h_PM_Log";"hs_correct_raven";0,23895795329256;1e-12;-0,0339929410417665;-0,028585068377901;-0,028585068377901;-0,0291788576941482;0,0174455712201153;-0,0609252983111311;-0,000259951279863136;-0,0609252983111311;-0,000259951279863136;100;1;0,9;TRUE;0,97;0,8;TRUE;TRUE;0,03;0,97;0
"h_TEX_Log";"hs_correct_raven";0,23895795329256;1e-12;-0,0046301359357663;-0,00035142395919992;-0,000433856739752987;0,000881557560057593;0,0128999421346112;-0,0323185764772456;0,0216366032400077;-0,0347467183033944;0,0231028580418832;81;0,81;0,9;FALSE;0,469135802469136;0,8;FALSE;FALSE;0,43;0,38;0,19
"hs_KIDMED_None";"hs_correct_raven";0,23895795329256;1e-12;0,0371144401444902;0,0294382438652005;0,0294382438652005;0,0305729116823351;0,0172223959811293;-0,00286517028151781;0,0615276129532731;-0,00286517028151781;0,0615276129532731;100;1;0,9;TRUE;0,96;0,8;TRUE;TRUE;0,96;0,04;0
"hs_mvpa_prd_alt_None";"hs_correct_raven";0,23895795329256;1e-12;-0,0370027681600477;-0,0259100196403914;-0,0267113604540117;-0,0251394954759308;0,0202163600042042;-0,0644946562800291;0,00251734391127748;-0,0645114576806473;0,00268461087878742;97;0,97;0,9;TRUE;0,948453608247423;0,8;TRUE;TRUE;0,05;0,92;0,03
"hs_sd_wk_None";"hs_correct_raven";0,23895795329256;1e-12;-0,0113487629149626;-0,0137555464661194;-0,0144795225959152;-0,0131751805188014;0,0121042542794798;-0,0375411309164288;0,0130640350463931;-0,0379026991837833;0,0133967382652242;95;0,95;0,9;TRUE;0,936842105263158;0,8;TRUE;TRUE;0,06;0,89;0,05
"hs_dif_hours_total_None";"hs_correct_raven";0,23895795329256;1e-12;-0,0362708831262123;-0,0364180552299931;-0,0364180552299931;-0,0398328214908688;0,0238937261699714;-0,0758225900884818;0,0165809448084508;-0,0758225900884818;0,0165809448084508;100;1;0,9;TRUE;0,93;0,8;TRUE;TRUE;0,07;0,93;0
"hs_as_c_Log2";"hs_correct_raven";0,23895795329256;1e-12;0,0553354466370832;0,0453003172922677;0,0457578962548159;0,0453704466458535;0,0261934404403875;0,00386198427618516;0,097041552566548;0,00406792496021595;0,097076409357134;99;0,99;0,9;TRUE;0,98989898989899;0,8;TRUE;TRUE;0,98;0,01;0,01
"hs_cd_c_Log2";"hs_correct_raven";0,23895795329256;1e-12;0;-0,00790954634733118;-0,00964578822845265;-0,00548638242021326;0,0136119174622443;-0,0377394987166902;0,00977110805084303;-0,0384056554222112;0,0106413764608336;82;0,82;0,9;FALSE;NA;0,8;FALSE;FALSE;0,18;0,64;0,18
"hs_co_c_Log2";"hs_correct_raven";0,23895795329256;1e-12;0,016842199147622;0,0105825708290804;0,0106894654839196;0,0100674094490908;0,0130204129661145;-0,0117855440371812;0,0372080220225734;-0,01180927877905;0,0372090377488918;99;0,99;0,9;TRUE;0,787878787878788;0,8;FALSE;FALSE;0,78;0,21;0,01
"hs_cs_c_Log2";"hs_correct_raven";0,23895795329256;1e-12;0,0292957475981641;0,0161511229789097;0,0161511229789097;0,0152862268169446;0,0225865132506714;-0,0202252468007631;0,0627690468177341;-0,0202252468007631;0,0627690468177341;100;1;0,9;TRUE;0,75;0,8;FALSE;FALSE;0,75;0,25;0
"hs_cu_c_Log2";"hs_correct_raven";0,23895795329256;1e-12;-0,0011582024484101;-0,00831602487460418;-0,00831602487460418;-0,0082133413784461;0,0172374118841169;-0,0384734916411637;0,0240560442144106;-0,0384734916411637;0,0240560442144106;100;1;0,9;TRUE;0,71;0,8;FALSE;FALSE;0,29;0,71;0
"hs_hg_c_Log2";"hs_correct_raven";0,23895795329256;1e-12;-0,039502289542842;-0,0359740317856319;-0,0378674018796125;-0,036847367544742;0,024886449535545;-0,0844318406053245;0,00358967348233294;-0,0848966546397494;0,00406764440255408;95;0,95;0,9;TRUE;0,957894736842105;0,8;TRUE;TRUE;0,04;0,91;0,05
"hs_mn_c_Log2";"hs_correct_raven";0,23895795329256;1e-12;-0,0169018477687587;-0,0145030635652805;-0,014649559156849;-0,0135407325179173;0,0134385522307229;-0,0421155665181652;0,00998286377412024;-0,0421647103186384;0,0100445377197334;99;0,99;0,9;TRUE;0,848484848484849;0,8;TRUE;TRUE;0,15;0,84;0,01
"hs_mo_c_Log2";"hs_correct_raven";0,23895795329256;1e-12;-0,0212063228966253;-0,0261725608673937;-0,0261725608673937;-0,0276094881011618;0,0178672366094476;-0,057020816637041;0,0124175420175659;-0,057020816637041;0,0124175420175659;100;1;0,9;TRUE;0,92;0,8;TRUE;TRUE;0,08;0,92;0
"hs_pb_c_Log2";"hs_correct_raven";0,23895795329256;1e-12;-0,0195087593050782;-0,0148727303579558;-0,0156555056399534;-0,0158508502799741;0,0125554111112105;-0,041787882591076;0,0062049235995737;-0,0420569980362211;0,00640141009249595;95;0,95;0,9;TRUE;0,926315789473684;0,8;TRUE;TRUE;0,07;0,88;0,05
"hs_hum_mt_hs_h_None";"hs_correct_raven";0,23895795329256;1e-12;0,0278963636331502;0,0265624573229929;0,0268307649727201;0,0256543296018195;0,0285309812164141;-0,0251030522942074;0,0835893962118171;-0,0251318548649095;0,0835900272821057;99;0,99;0,9;TRUE;0,848484848484849;0,8;TRUE;TRUE;0,84;0,15;0,01
"hs_tm_mt_hs_h_None";"hs_correct_raven";0,23895795329256;1e-12;0;0,00627816273207805;0,00980962926887195;0,00650935615616827;0,0125370152134361;-0,0100668614173525;0,0412715930243175;-0,0134072031134331;0,0450346455751758;64;0,64;0,9;FALSE;NA;0,8;FALSE;FALSE;0,48;0,16;0,36
"hs_uvdvf_mt_hs_h_None";"hs_correct_raven";0,23895795329256;1e-12;0;0,00987265226468154;0,0126572464931815;0,0107823515160202;0,0161177973666982;-0,0149040531456946;0,0527921214899265;-0,0155851122012561;0,0567022504267637;78;0,78;0,9;FALSE;NA;0,8;FALSE;FALSE;0,62;0,16;0,22
"hs_hum_dy_hs_h_None";"hs_correct_raven";0,23895795329256;1e-12;-0,000682140172577759;-0,000943114228322206;-0,00100331300885341;-0,00124153929249777;0,0157396378831742;-0,0313621630610563;0,0306006005558878;-0,0322122617000437;0,0312018195083628;94;0,94;0,9;TRUE;0,521276595744681;0,8;FALSE;FALSE;0,45;0,49;0,06
"hs_hum_wk_hs_h_None";"hs_correct_raven";0,23895795329256;1e-12;0,00466304742886185;-0,000254749151515188;-0,000257322375267867;0,000328483085176857;0,0216213450161615;-0,0414992438928719;0,0380654742216939;-0,0416804050588002;0,0381369777553344;99;0,99;0,9;TRUE;0,515151515151515;0,8;FALSE;FALSE;0,51;0,48;0,01
"hs_tm_dy_hs_h_None";"hs_correct_raven";0,23895795329256;1e-12;-0,00314411454191439;-0,00055802929009228;-0,000672324445894313;9,40399233339333e-05;0,0116662216369776;-0,0256470549479122;0,0257396925398695;-0,0279543492011464;0,0268826075240712;83;0,83;0,9;FALSE;0,493975903614458;0,8;FALSE;FALSE;0,42;0,41;0,17
"hs_tm_wk_hs_h_None";"hs_correct_raven";0,23895795329256;1e-12;0;-0,0062108667558471;-0,0115016051034205;-0,00834040678610721;0,0129201518378298;-0,0393881432481357;0,00699829395260296;-0,0432176026708414;0,00856878931701796;54;0,54;0,9;FALSE;NA;0,8;FALSE;FALSE;0,13;0,41;0,46
"hs_uvdvf_dy_hs_h_None";"hs_correct_raven";0,23895795329256;1e-12;0;0,000121771130162797;0,00013682149456494;0,000677781369761145;0,0171411250613816;-0,0396615557518289;0,0310936162564835;-0,0402441080334185;0,0328495357369051;89;0,89;0,9;FALSE;NA;0,8;FALSE;FALSE;0,47;0,42;0,11
"hs_uvdvf_wk_hs_h_None";"hs_correct_raven";0,23895795329256;1e-12;0;-0,00502161098752704;-0,00612391583844761;-0,00608921192797389;0,0142264114317591;-0,0437804626198318;0,0203703886910842;-0,0475000519180755;0,0213187084469171;82;0,82;0,9;FALSE;NA;0,8;FALSE;FALSE;0,23;0,59;0,18
"hs_ndvi100_h_None";"hs_correct_raven";0,23895795329256;1e-12;-0,00751947314181069;-0,00124452919247771;-0,00128301978605949;-0,00264234441213807;0,0223065793868213;-0,0382506866893312;0,0375720827382664;-0,0382952764189858;0,0376698331619493;97;0,97;0,9;TRUE;0,56701030927835;0,8;FALSE;FALSE;0,42;0,55;0,03
"hs_ndvi100_s_None";"hs_correct_raven";0,23895795329256;1e-12;-0,0276009474375433;-0,0261125472052202;-0,0277793055374683;-0,0229170485374107;0,0230810806503769;-0,0754998346576086;0,00653112420931262;-0,0759725971571469;0,00778745763107426;94;0,94;0,9;TRUE;0,936170212765957;0,8;TRUE;TRUE;0,06;0,88;0,06
"hs_dde_cadj_Log2";"hs_correct_raven";0,23895795329256;1e-12;-0,0124543405011642;0,00707849573731809;0,00707849573731809;0,00893031860346745;0,022174727083987;-0,0369010987123531;0,0512035862279504;-0,0369010987123531;0,0512035862279504;100;1;0,9;TRUE;0,36;0,8;FALSE;FALSE;0,64;0,36;0
"hs_ddt_cadj_Log2";"hs_correct_raven";0,23895795329256;1e-12;-0,0033340384753312;-0,00802112288488937;-0,0100264036061117;-0,00570553593367905;0,0125754508487073;-0,038363249563683;0,00760483378429406;-0,039234401151536;0,00798350775272814;80;0,8;0,9;FALSE;0,7875;0,8;FALSE;FALSE;0,17;0,63;0,2
"hs_hcb_cadj_Log2";"hs_correct_raven";0,23895795329256;1e-12;-4,42298853035943e-05;-0,0195144027436666;-0,0195144027436666;-0,0197210693162876;0,0248252793075765;-0,0738420700939985;0,0348269117531377;-0,0738420700939985;0,0348269117531377;100;1;0,9;TRUE;0,83;0,8;TRUE;TRUE;0,17;0,83;0
"hs_pcb118_cadj_Log2";"hs_correct_raven";0,23895795329256;1e-12;-0,026194122654381;-0,0216641379407865;-0,0243417280233556;-0,0202046609728948;0,0207794799082919;-0,0690931081823076;0;-0,073307648298015;-0,000282034564820941;89;0,89;0,9;FALSE;0,97752808988764;0,8;TRUE;FALSE;0,02;0,87;0,11
"hs_pcb138_cadj_Log2";"hs_correct_raven";0,23895795329256;1e-12;0;0,00813444855953879;0,0101680606994235;0,00955786120780982;0,0140264379273671;-0,0217331920085882;0,0372083189838508;-0,0218890983660242;0,0373345788301857;80;0,8;0,9;FALSE;NA;0,8;FALSE;FALSE;0,62;0,18;0,2
"hs_pcb153_cadj_Log2";"hs_correct_raven";0,23895795329256;1e-12;-0,012318715624401;-0,0129656538934959;-0,0135058894723915;-0,0102872942297029;0,0199201430221086;-0,0574448429202939;0,0204440402814786;-0,0584858955811386;0,0214964724802221;96;0,96;0,9;TRUE;0,770833333333333;0,8;FALSE;FALSE;0,22;0,74;0,04
"hs_pcb170_cadj_Log2";"hs_correct_raven";0,23895795329256;1e-12;0,0392445513439422;0,0207263125607563;0,0207263125607563;0,0211693754442084;0,0227287921218405;-0,0220384552356867;0,0671541068081137;-0,0220384552356867;0,0671541068081137;100;1;0,9;TRUE;0,84;0,8;TRUE;TRUE;0,84;0,16;0
"hs_pcb180_cadj_Log2";"hs_correct_raven";0,23895795329256;1e-12;0,0122816939593547;0,0175252467700044;0,0175252467700044;0,0171057702057029;0,0178666876894598;-0,0143383659041062;0,0555686582094139;-0,0143383659041062;0,0555686582094139;100;1;0,9;TRUE;0,84;0,8;TRUE;TRUE;0,84;0,16;0
"hs_sumPCBs5_cadj_Log2";"hs_correct_raven";0,23895795329256;1e-12;0,0132908749833376;0,0242484564937217;0,0247433229527772;0,0193382384925996;0,02886032110512;-0,0183245753752641;0,0904860641685831;-0,0183420694120744;0,0908617139505102;98;0,98;0,9;TRUE;0,816326530612245;0,8;TRUE;TRUE;0,8;0,18;0,02
"hs_pfhxs_c_Log2";"hs_correct_raven";0,23895795329256;1e-12;0,0354053627742968;0,032825425706031;0,0360718963802538;0,0362529007512516;0,0234821486004256;0;0,0771761324602362;0,000418423189344021;0,0792836950543205;91;0,91;0,9;TRUE;0,978021978021978;0,8;TRUE;TRUE;0,89;0,02;0,09
"hs_pfna_c_Log2";"hs_correct_raven";0,23895795329256;1e-12;0;-0,00764219475614601;-0,0109174210802086;-0,0103361880855073;0,0149351618713627;-0,0385058244248951;0,0118869922361351;-0,0413988706589866;0,0143756343570174;70;0,7;0,9;FALSE;NA;0,8;FALSE;FALSE;0,23;0,47;0,3
"hs_pfoa_c_Log2";"hs_correct_raven";0,23895795329256;1e-12;0,0262244661287013;0,0180534389664344;0,0184218764963616;0,0161229652426058;0,013550715861528;0;0,0464033369869421;0,000124427076176982;0,0465906466933989;98;0,98;0,9;TRUE;0,979591836734694;0,8;TRUE;TRUE;0,96;0,02;0,02
"hs_pfos_c_Log2";"hs_correct_raven";0,23895795329256;1e-12;0,0127646250268627;0,0140505577368738;0,0146359976425769;0,0113325132638857;0,0197079237717566;-0,0151263894534609;0,0575631838509234;-0,0157834831632115;0,057878645403585;96;0,96;0,9;TRUE;0,78125;0,8;FALSE;FALSE;0,75;0,21;0,04
"hs_pfunda_c_Log2";"hs_correct_raven";0,23895795329256;1e-12;0,00499033799755954;0,0121914159123431;0,0136982201262282;0,00968825842017733;0,0138165770638444;-0,0024376368502349;0,0481893625333984;-0,00283213737412349;0,0495105729443889;89;0,89;0,9;FALSE;0,921348314606742;0,8;TRUE;FALSE;0,82;0,07;0,11
"hs_hm_pers_None";"hs_correct_raven";0,23895795329256;1e-12;-0,0366135638665088;-0,0221263977040475;-0,0225779568408648;-0,0227024448025555;0,0168425578033879;-0,0563089668874628;0,00164515975021273;-0,0563805564066605;0,00174078742340329;98;0,98;0,9;TRUE;0,959183673469388;0,8;TRUE;TRUE;0,04;0,94;0,02
"hs_trafload_h_pow1over3";"hs_correct_raven";0,23895795329256;1e-12;-0,00405005295051058;-0,00678927117169698;-0,00789450136243835;-0,00610337796302448;0,0135537980400929;-0,0396952920097817;0,0153981748764541;-0,0403700431576548;0,017457811721526;86;0,86;0,9;FALSE;0,767441860465116;0,8;FALSE;FALSE;0,2;0,66;0,14
"hs_trafnear_h_pow1over3";"hs_correct_raven";0,23895795329256;1e-12;0;-0,0131658101996805;-0,017554413599574;-0,0151505832035447;0,015218373750484;-0,0439905272266214;0,000830667697769456;-0,0455933827429642;0,00164285290154418;75;0,75;0,9;FALSE;NA;0,8;FALSE;FALSE;0,04;0,71;0,25
"FAS_cat_None_Low";"hs_correct_raven";0,23895795329256;1e-12;-0,0786897439249141;-0,10747387272629;-0,10747387272629;-0,0977824111812564;0,0591586236347137;-0,234600964954617;-0,00958192334780824;-0,234600964954617;-0,00958192334780824;100;1;0,9;TRUE;0,98;0,8;TRUE;TRUE;0,02;0,98;0
"FAS_cat_None_Middle";"hs_correct_raven";0,23895795329256;1e-12;0,0419070527430928;0,00566148613796475;0,00615378928039647;0,00569430052009988;0,0329376765806913;-0,0554546333471582;0,071134477013347;-0,0564615343800202;0,0730451943513382;92;0,92;0,9;TRUE;0,565217391304348;0,8;FALSE;FALSE;0,52;0,4;0,08
"hs_globalexp2_None_no exposure";"hs_correct_raven";0,23895795329256;1e-12;0,00230647533895075;-0,000234661590225781;-0,000257869879368991;-0,00111041568940989;0,0216961337726342;-0,043558135322713;0,0468066716137124;-0,0442635032707635;0,0486105272700514;91;0,91;0,9;TRUE;0,483516483516484;0,8;FALSE;FALSE;0,44;0,47;0,09
"h_abs_ratio_preg_Log";"hs_Gen_Tot";0,23895795329256;1e-12;-0,0472551987292587;-0,057888735490911;-0,0596791087535165;-0,0532175612019497;0,0347748625335886;-0,126728327671902;0;-0,127282521091914;-0,00420545257100222;97;0,97;0,9;TRUE;0,989690721649485;0,8;TRUE;TRUE;0,01;0,96;0,03
"h_no2_ratio_preg_Log";"hs_Gen_Tot";0,23895795329256;1e-12;0,010652642274326;0,0108438764625716;0,0117868222419257;0,00537507032649795;0,0294505681229692;-0,0421760666148409;0,0674033095846746;-0,0425355208332441;0,0676119509922204;92;0,92;0,9;TRUE;0,597826086956522;0,8;FALSE;FALSE;0,55;0,37;0,08
"h_pm10_ratio_preg_None";"hs_Gen_Tot";0,23895795329256;1e-12;0;0,00294579689790832;0,00516806473317249;0,00138063747600562;0,0176631279388574;-0,0259642686289153;0,0517394075412303;-0,0282264566808248;0,0560607361662235;57;0,57;0,9;FALSE;NA;0,8;FALSE;FALSE;0,33;0,24;0,43
"h_pm25_ratio_preg_None";"hs_Gen_Tot";0,23895795329256;1e-12;-0,0325647126408307;-0,0469259651400326;-0,0499212395106729;-0,0465473083564404;0,0291136401025062;-0,107135217759804;0;-0,109083873376363;-0,00703867009852678;94;0,94;0,9;TRUE;1;0,8;TRUE;TRUE;0;0,94;0,06
"h_accesslines300_preg_dic0";"hs_Gen_Tot";0,23895795329256;1e-12;-0,0252684111924967;-0,0148628713332282;-0,0151661952379879;-0,00202520143304584;0,0821346868292828;-0,183507628468096;0,131445948440314;-0,18411980319471;0,131894711601264;98;0,98;0,9;TRUE;0,520408163265306;0,8;FALSE;FALSE;0,47;0,51;0,02
"h_accesspoints300_preg_Log";"hs_Gen_Tot";0,23895795329256;1e-12;-0,0205681886895657;-0,0111237500789251;-0,0123597223099168;-0,0114281334586357;0,0250027651196966;-0,0568162973318048;0,039031567475015;-0,0570610984883114;0,0421761365483486;90;0,9;0,9;TRUE;0,722222222222222;0,8;FALSE;FALSE;0,25;0,65;0,1
"h_builtdens300_preg_Sqrt";"hs_Gen_Tot";0,23895795329256;1e-12;-0,00420230163769823;-0,00765015593001737;-0,0112502293088491;-0,00682813486839428;0,0146942169169273;-0,043930575812951;0,00999534080918945;-0,0462879160018219;0,0113605880988552;68;0,68;0,9;FALSE;0,779411764705882;0,8;FALSE;FALSE;0,15;0,53;0,32
"h_connind300_preg_Sqrt";"hs_Gen_Tot";0,23895795329256;1e-12;-0,0135606162300194;-0,0293721807188821;-0,033002450245935;-0,0312578176028918;0,0258171181718223;-0,0929863437685067;0,00293561651752129;-0,0932899061350646;0,0032930681040894;89;0,89;0,9;FALSE;0,943820224719101;0,8;TRUE;FALSE;0,05;0,84;0,11
"h_fdensity300_preg_Log";"hs_Gen_Tot";0,23895795329256;1e-12;-0,00178195885643519;-0,0302620828446031;-0,0356024504054154;-0,0296098724875258;0,0292181469758993;-0,0921074722609918;0,000440464529899356;-0,0931365539491506;0,0006986767308042;85;0,85;0,9;FALSE;0,964705882352941;0,8;TRUE;FALSE;0,03;0,82;0,15
"h_frichness300_preg_None";"hs_Gen_Tot";0,23895795329256;1e-12;-0,00586912012350634;-0,0124638127570828;-0,0146633091259798;-0,012661819218627;0,0152308040797312;-0,0479649595834252;0,00730812161042433;-0,0494160479981952;0,00751817309505859;85;0,85;0,9;FALSE;0,894117647058824;0,8;TRUE;FALSE;0,09;0,76;0,15
"h_landuseshan300_preg_None";"hs_Gen_Tot";0,23895795329256;1e-12;0,0144733633456723;0,0204205135578938;0,0219575414601009;0,0200240480565669;0,0186612733556062;-0,00979494824363582;0,055087523726833;-0,010206829321623;0,0551679235348065;93;0,93;0,9;TRUE;0,881720430107527;0,8;TRUE;TRUE;0,82;0,11;0,07
"h_popdens_preg_Sqrt";"hs_Gen_Tot";0,23895795329256;1e-12;0,00611076891175731;0,00657322180204196;0,00657322180204196;0,00422378350280198;0,0250213006827566;-0,046033572060139;0,0576829294713432;-0,046033572060139;0,0576829294713432;100;1;0,9;TRUE;0,61;0,8;FALSE;FALSE;0,61;0,39;0
"h_walkability_mean_preg_None";"hs_Gen_Tot";0,23895795329256;1e-12;-0,0123493130291486;-0,0118075721564948;-0,0121727548005101;-0,0103783602953454;0,0207570884960508;-0,0496935853351623;0,0297404286176998;-0,0498479439734388;0,0298626052889432;97;0,97;0,9;TRUE;0,742268041237113;0,8;FALSE;FALSE;0,25;0,72;0,03
"hs_as_m_Log2";"hs_Gen_Tot";0,23895795329256;1e-12;0,012137531056582;0,0144339749252281;0,0155204031454066;0,0120939570142184;0,0185629496645968;-0,013996678300929;0,057991599363535;-0,0140729668141219;0,0593593653714956;93;0,93;0,9;TRUE;0,806451612903226;0,8;TRUE;TRUE;0,75;0,18;0,07
"hs_cd_m_Log2";"hs_Gen_Tot";0,23895795329256;1e-12;-0,00878051267682901;-0,00857936605089713;-0,00875445515397667;-0,00803423126450743;0,0218191174304326;-0,0462594484283347;0,0329155238061258;-0,0462847546217635;0,0329212409046514;98;0,98;0,9;TRUE;0,663265306122449;0,8;FALSE;FALSE;0,33;0,65;0,02
"hs_co_m_Log2";"hs_Gen_Tot";0,23895795329256;1e-12;-0,0144126841122641;-0,00695443405976358;-0,00858572106143652;-0,00533338735151853;0,0169699878957975;-0,0460271163257508;0,02648808644461;-0,0462114891929549;0,0273575617003982;81;0,81;0,9;FALSE;0,703703703703704;0,8;FALSE;FALSE;0,24;0,57;0,19
"hs_cs_m_Log2";"hs_Gen_Tot";0,23895795329256;1e-12;0;-0,00667481775552529;-0,00804194910304252;-0,00480019938390656;0,0156700294774246;-0,0451950258566117;0,0186781474815242;-0,0479082680330724;0,0188084971950664;83;0,83;0,9;FALSE;NA;0,8;FALSE;FALSE;0,27;0,56;0,17
"hs_cu_m_Log2";"hs_Gen_Tot";0,23895795329256;1e-12;-0,0419943210594084;-0,04870552768488;-0,049197502712;-0,0505187125823736;0,0248372573823067;-0,0972168424731422;-0,000181769797320268;-0,0974785598824283;-0,000432332461467054;99;0,99;0,9;TRUE;0,97979797979798;0,8;TRUE;TRUE;0,02;0,97;0,01
"hs_hg_m_Log2";"hs_Gen_Tot";0,23895795329256;1e-12;0;0,0104092961922738;0,0140666164760457;0,00944462375721978;0,0145913603454268;-0,00718228768254318;0,0457893031667036;-0,00993083800855911;0,0487322910323525;74;0,74;0,9;FALSE;NA;0,8;FALSE;FALSE;0,66;0,08;0,26
"hs_mn_m_Log2";"hs_Gen_Tot";0,23895795329256;1e-12;-0,0119990426506684;-0,0238047220378011;-0,0261590352063748;-0,0197847009726885;0,0193378010929773;-0,0686388634779565;0;-0,0702014872115097;-0,00506023362577843;91;0,91;0,9;TRUE;1;0,8;TRUE;TRUE;0;0,91;0,09
"hs_mo_m_Log2";"hs_Gen_Tot";0,23895795329256;1e-12;-0,0214355254543186;-0,0362416331569717;-0,0362416331569717;-0,0357572443663833;0,019011263964775;-0,0780018226277077;-0,00444678743771149;-0,0780018226277077;-0,00444678743771149;100;1;0,9;TRUE;1;0,8;TRUE;TRUE;0;1;0
"hs_pb_m_Log2";"hs_Gen_Tot";0,23895795329256;1e-12;0;-0,0144251844388194;-0,0187340057647005;-0,0159768850325591;0,0170605124140327;-0,0627797627603303;0,00170569918250869;-0,0665635300241658;0,00280517307590072;77;0,77;0,9;FALSE;NA;0,8;FALSE;FALSE;0,06;0,71;0,23
"h_humidity_preg_None";"hs_Gen_Tot";0,23895795329256;1e-12;0,00760701922275969;0,00917223015284054;0,00945590737406242;0,00655234009116276;0,0308286187429779;-0,0511208899373582;0,0893016166541918;-0,0512906255376997;0,0905387002001021;97;0,97;0,9;TRUE;0,639175257731959;0,8;FALSE;FALSE;0,62;0,35;0,03
"h_pressure_preg_None";"hs_Gen_Tot";0,23895795329256;1e-12;0;0,018392421221704;0,0270476782672118;0,020676077907286;0,0277062158523946;-0,0158012946120206;0,0792410053853193;-0,0166952875014452;0,0817438412499773;68;0,68;0,9;FALSE;NA;0,8;FALSE;FALSE;0,6;0,08;0,32
"h_temperature_preg_None";"hs_Gen_Tot";0,23895795329256;1e-12;0;-0,000203355878818482;-0,000242090331926764;0,000724877107111289;0,0180416827382079;-0,0361417946784195;0,0354109343652539;-0,0378232079151895;0,0356545168838537;84;0,84;0,9;FALSE;NA;0,8;FALSE;FALSE;0,45;0,39;0,16
"h_ndvi100_preg_None";"hs_Gen_Tot";0,23895795329256;1e-12;0,000864049669731988;-0,006752038568259;-0,00726025652500967;-0,00483769632102769;0,0265171696517596;-0,0548529692000285;0,035100517341252;-0,0558521560491041;0,0354353280695304;93;0,93;0,9;TRUE;0,376344086021505;0,8;FALSE;FALSE;0,35;0,58;0,07
"hs_dde_madj_Log2";"hs_Gen_Tot";0,23895795329256;1e-12;0,0285572301381276;0,0245282444750569;0,0245282444750569;0,0236288867902647;0,0225866297306751;-0,0161149008642393;0,0684985369902247;-0,0161149008642393;0,0684985369902247;100;1;0,9;TRUE;0,86;0,8;TRUE;TRUE;0,86;0,14;0
"hs_ddt_madj_Log2";"hs_Gen_Tot";0,23895795329256;1e-12;0;-0,0183003597047297;-0,0215298349467409;-0,0158485418155758;0,0183997739648387;-0,0596208888768744;0;-0,0599939852606955;-0,000189700137725544;85;0,85;0,9;FALSE;NA;0,8;FALSE;FALSE;0,01;0,84;0,15
"hs_hcb_madj_Log2";"hs_Gen_Tot";0,23895795329256;1e-12;-0,00654058905415672;-0,0154630156224577;-0,0181917830852444;-0,0161972070866502;0,0172929535249693;-0,0512249377361004;0,0101595136668402;-0,0530333907007061;0,0117839294975292;85;0,85;0,9;FALSE;0,882352941176471;0,8;TRUE;FALSE;0,1;0,75;0,15
"hs_pcb118_madj_Log2";"hs_Gen_Tot";0,23895795329256;1e-12;0,0346086208623187;0,0439466955247352;0,0443906015401365;0,0404235283728678;0,0329271599981395;-0,00700954139917461;0,11647062283719;-0,00708592624819312;0,116872898204852;99;0,99;0,9;TRUE;0,95959595959596;0,8;TRUE;TRUE;0,95;0,04;0,01
"hs_pcb138_madj_Log2";"hs_Gen_Tot";0,23895795329256;1e-12;-0,0287731336245553;-0,0416605794122503;-0,0484425342002911;-0,0397485301066737;0,040027513910394;-0,146228148800564;0;-0,151182516980553;-0,00320164974979883;86;0,86;0,9;FALSE;0,988372093023256;0,8;TRUE;FALSE;0,01;0,85;0,14
"hs_pcb153_madj_Log2";"hs_Gen_Tot";0,23895795329256;1e-12;0;-0,0121225875206054;-0,0142618676713005;-0,0133455938809015;0,0231511729049486;-0,0673272008145894;0,0296456563820219;-0,0680106586342971;0,0323845569179772;85;0,85;0,9;FALSE;NA;0,8;FALSE;FALSE;0,23;0,62;0,15
"hs_pcb170_madj_Log2";"hs_Gen_Tot";0,23895795329256;1e-12;-0,0125859362051699;-0,00789344093029563;-0,00839727758542089;-0,006530569794957;0,0297856108843402;-0,0693518561228454;0,0489575449424;-0,0710557974092218;0,0495504110289122;94;0,94;0,9;TRUE;0,617021276595745;0,8;FALSE;FALSE;0,36;0,58;0,06
"hs_pcb180_madj_Log2";"hs_Gen_Tot";0,23895795329256;1e-12;0,000379705029958338;0,00588441992959165;0,00708966256577307;0,00676972965460947;0,0237637430957414;-0,0435108227888693;0,0505374427844005;-0,0501197573116332;0,0530758007737234;83;0,83;0,9;FALSE;0,626506024096386;0,8;FALSE;FALSE;0,52;0,31;0,17
"hs_sumPCBs5_madj_Log2";"hs_Gen_Tot";0,23895795329256;1e-12;0;-0,00117078596785476;-0,0020185964963013;0,00025770197918759;0,0172423632116611;-0,0403455899698929;0,0259339670699134;-0,0552698558927359;0,0294994964486927;58;0,58;0,9;FALSE;NA;0,8;FALSE;FALSE;0,29;0,29;0,42
"hs_pfhxs_m_Log2";"hs_Gen_Tot";0,23895795329256;1e-12;0,00463066234608529;0,00335465160323268;0,0033885369729623;0,00169925925379836;0,0196897218988235;-0,0432789910323373;0,0416577218330031;-0,0434548863125125;0,0417362997911847;99;0,99;0,9;TRUE;0,555555555555556;0,8;FALSE;FALSE;0,55;0,44;0,01
"hs_pfna_m_Log2";"hs_Gen_Tot";0,23895795329256;1e-12;-0,0282857857941529;-0,0494328657406613;-0,0494328657406613;-0,0498639966409912;0,0269487437606124;-0,105416106662363;-0,00441888934895592;-0,105416106662363;-0,00441888934895592;100;1;0,9;TRUE;0,99;0,8;TRUE;TRUE;0,01;0,99;0
"hs_pfoa_m_Log2";"hs_Gen_Tot";0,23895795329256;1e-12;0;-0,00179502912409975;-0,0025282100339433;-0,00294179976477122;0,0180250379464146;-0,0397513012954907;0,0407466037052992;-0,0459657752364771;0,0498868409362107;71;0,71;0,9;FALSE;NA;0,8;FALSE;FALSE;0,27;0,44;0,29
"hs_pfos_m_Log2";"hs_Gen_Tot";0,23895795329256;1e-12;0;-0,00132849305196026;-0,00204383546455425;-0,000580315943705541;0,0125693981607024;-0,0309198049531926;0,0290424912208994;-0,0360745439063213;0,030005778961286;65;0,65;0,9;FALSE;NA;0,8;FALSE;FALSE;0,31;0,34;0,35
"hs_pfunda_m_Log2";"hs_Gen_Tot";0,23895795329256;1e-12;0;0,00701172301849603;0,0097385041923556;0,00775790879199487;0,0141262465685583;-0,0151022267531261;0,037909451445794;-0,0198562447457721;0,0416324969032697;72;0,72;0,9;FALSE;NA;0,8;FALSE;FALSE;0,58;0,14;0,28
"e3_asmokcigd_p_None";"hs_Gen_Tot";0,23895795329256;1e-12;0,00406565619272519;0,00292124636141207;0,00307499616990745;0,00292750643923477;0,0171227859971285;-0,0253622124649822;0,0461814262382048;-0,0256834640918739;0,0471745630613872;95;0,95;0,9;TRUE;0,621052631578947;0,8;FALSE;FALSE;0,59;0,36;0,05
"h_distinvnear1_preg_Log";"hs_Gen_Tot";0,23895795329256;1e-12;0;0,0139745908746612;0,0172525813267423;0,013033608963436;0,0157564636131723;-0,0013789205245554;0,0495389507453844;-0,00152248280720711;0,0519117117968608;81;0,81;0,9;FALSE;NA;0,8;FALSE;FALSE;0,72;0,09;0,19
"h_trafload_preg_pow1over3";"hs_Gen_Tot";0,23895795329256;1e-12;-0,000751794116588589;-0,00158370822420298;-0,00174033870791536;-0,000690134245223013;0,017088687689163;-0,0388733098784693;0,0335640693453422;-0,0393100619871364;0,0347556671571365;91;0,91;0,9;TRUE;0,516483516483517;0,8;FALSE;FALSE;0,44;0,47;0,09
"h_trafnear_preg_pow1over3";"hs_Gen_Tot";0,23895795329256;1e-12;0,00152426839930552;0,00375169588007717;0,00487233231178853;0,00135482856433278;0,0137223158736476;-0,0148785307518123;0,0382008374953392;-0,0151289051849474;0,0392474751681862;77;0,77;0,9;FALSE;0,597402597402597;0,8;FALSE;FALSE;0,46;0,31;0,23
"h_bro_preg_Log";"hs_Gen_Tot";0,23895795329256;1e-12;0;-0,0332627100325673;-0,0395984643244849;-0,0339195291156432;0,0355224019908914;-0,1172437661801;0,000995709950653398;-0,127089410950941;0,00166019315973284;84;0,84;0,9;FALSE;NA;0,8;FALSE;FALSE;0,03;0,81;0,16
"h_clf_preg_Log";"hs_Gen_Tot";0,23895795329256;1e-12;0,00431864572742455;0,00676216538795445;0,00824654315604202;0,00712028591654594;0,0144480845825056;-0,0203622739928115;0,0381345441170178;-0,0239555082373541;0,0393977939732026;82;0,82;0,9;FALSE;0,707317073170732;0,8;FALSE;FALSE;0,58;0,24;0,18
"h_thm_preg_Log";"hs_Gen_Tot";0,23895795329256;1e-12;-0,000355565863991419;-0,00214062364100733;-0,00264274523581152;-0,00352739207068619;0,0191654194672403;-0,0408131126251079;0,0393020524326031;-0,0459027514010633;0,0411847662676789;81;0,81;0,9;FALSE;0,592592592592593;0,8;FALSE;FALSE;0,33;0,48;0,19
"e3_alcpreg_yn_None_1";"hs_Gen_Tot";0,23895795329256;1e-12;-0,0413380424633421;-0,0579992175351232;-0,0597930077681683;-0,0558822090502801;0,0385740601854993;-0,126488369223402;0,00586789813854694;-0,127092722229319;0,00636828426647339;97;0,97;0,9;TRUE;0,958762886597938;0,8;TRUE;TRUE;0,04;0,93;0,03
"h_pamod_t3_None_Often";"hs_Gen_Tot";0,23895795329256;1e-12;-0,126163224321765;-0,0923060839428794;-0,0923060839428794;-0,0814348527197678;0,0783130738182773;-0,219565850212176;0,0389154800779677;-0,219565850212176;0,0389154800779677;100;1;0,9;TRUE;0,9;0,8;TRUE;TRUE;0,1;0,9;0
"h_pamod_t3_None_Sometimes";"hs_Gen_Tot";0,23895795329256;1e-12;-0,0776793831499298;-0,10504839520981;-0,108297314649288;-0,0978398515139789;0,0785886066345694;-0,299775033031027;0,00412805023937254;-0,303739660790988;0,00422989370211862;97;0,97;0,9;TRUE;0,938144329896907;0,8;TRUE;TRUE;0,06;0,91;0,03
"h_pamod_t3_None_Very Often";"hs_Gen_Tot";0,23895795329256;1e-12;-0,066914182487804;-0,0752694241039603;-0,0752694241039603;-0,0768725143915038;0,0656404446964783;-0,203053071201739;0,0286102521674408;-0,203053071201739;0,0286102521674408;100;1;0,9;TRUE;0,88;0,8;TRUE;TRUE;0,12;0,88;0
"h_pavig_t3_None_Low";"hs_Gen_Tot";0,23895795329256;1e-12;0,0487994147145799;-0,00401635318912226;-0,00401635318912226;-9,21708733918333e-05;0,0694135122821846;-0,144473781403002;0,138357590966239;-0,144473781403002;0,138357590966239;100;1;0,9;TRUE;0,5;0,8;FALSE;FALSE;0,5;0,5;0
"h_pavig_t3_None_Medium";"hs_Gen_Tot";0,23895795329256;1e-12;0,0706491639254761;0,0375431793672142;0,0375431793672142;0,0424498045890496;0,0817929630553806;-0,135993449577814;0,213263860422341;-0,135993449577814;0,213263860422341;100;1;0,9;TRUE;0,71;0,8;FALSE;FALSE;0,71;0,29;0
"hs_no2_dy_hs_h_Log";"hs_Gen_Tot";0,23895795329256;1e-12;0,0032104373447105;0,0318221135461831;0,032806302624931;0,0264259770580092;0,0359659954290772;-0,0295133820539832;0,0974827934654371;-0,0296645591309901;0,0976437127977217;97;0,97;0,9;TRUE;0,845360824742268;0,8;TRUE;TRUE;0,82;0,15;0,03
"hs_no2_wk_hs_h_Log";"hs_Gen_Tot";0,23895795329256;1e-12;0;0,00806974837324802;0,0126089818332;0,0079514070821233;0,0173867834721589;-0,0141757751416304;0,06207138158161;-0,0185426456197243;0,0657232728570642;64;0,64;0,9;FALSE;NA;0,8;FALSE;FALSE;0,47;0,17;0,36
"hs_no2_yr_hs_h_Log";"hs_Gen_Tot";0,23895795329256;1e-12;0;-0,0185318937363004;-0,0261012587835216;-0,0177398780506464;0,0276794344044195;-0,0907402632418628;0,0113792836220373;-0,0960657680000806;0,0150331980872343;71;0,71;0,9;FALSE;NA;0,8;FALSE;FALSE;0,09;0,62;0,29
"hs_pm10_dy_hs_h_None";"hs_Gen_Tot";0,23895795329256;1e-12;-0,0286506158797534;-0,0301059031372126;-0,0313603157679298;-0,0321727098003395;0,022980358276007;-0,0744790908064994;0,00604249768765998;-0,0746583695770814;0,00620556754368181;96;0,96;0,9;TRUE;0,9375;0,8;TRUE;TRUE;0,06;0,9;0,04
"hs_pm10_wk_hs_h_None";"hs_Gen_Tot";0,23895795329256;1e-12;-0,0499364132251224;-0,0539216630843897;-0,0539216630843897;-0,0514956981431278;0,0292287618392743;-0,112256951258623;-0,00607007124388132;-0,112256951258623;-0,00607007124388132;100;1;0,9;TRUE;1;0,8;TRUE;TRUE;0;1;0
"hs_pm10_yr_hs_h_None";"hs_Gen_Tot";0,23895795329256;1e-12;0;-0,0154903278147317;-0,022449750456133;-0,017966555076713;0,0229590181569728;-0,0750905042571312;0,00674159874063522;-0,0818573400123541;0,0100866039207165;69;0,69;0,9;FALSE;NA;0,8;FALSE;FALSE;0,11;0,58;0,31
"hs_pm25_dy_hs_h_None";"hs_Gen_Tot";0,23895795329256;1e-12;0,039709410960332;0,0404566001986231;0,043038936381514;0,039089795383333;0,0273041500791034;-0,000861724535526635;0,0922795928713267;-0,000933782199263281;0,0925045117620781;94;0,94;0,9;TRUE;0,946808510638298;0,8;TRUE;TRUE;0,89;0,05;0,06
"hs_pm25_wk_hs_h_None";"hs_Gen_Tot";0,23895795329256;1e-12;0;-0,00552240044807845;-0,00890709749690073;-0,00714477487951362;0,0165361858518738;-0,0427450091296245;0,0251980655192297;-0,0475958237175235;0,0321202124705503;62;0,62;0,9;FALSE;NA;0,8;FALSE;FALSE;0,2;0,42;0,38
"hs_pm25_yr_hs_h_None";"hs_Gen_Tot";0,23895795329256;1e-12;-0,0680141420797769;-0,0672981931305469;-0,0693795805469556;-0,0668704317258311;0,0420909905390493;-0,138915060343251;0,00302317141271756;-0,139060229738021;0,00321390780263203;97;0,97;0,9;TRUE;0,958762886597938;0,8;TRUE;TRUE;0,04;0,93;0,03
"hs_pm25abs_dy_hs_h_Log";"hs_Gen_Tot";0,23895795329256;1e-12;-0,0259814848140592;-0,0364806022244309;-0,0364806022244309;-0,0371281625575532;0,0242151465875611;-0,0920113035358885;0,0064685937346068;-0,0920113035358885;0,0064685937346068;100;1;0,9;TRUE;0,95;0,8;TRUE;TRUE;0,05;0,95;0
"hs_pm25abs_wk_hs_h_Log";"hs_Gen_Tot";0,23895795329256;1e-12;0;0,00549126126782408;0,00762675176086678;0,00437064660851565;0,0150540410234206;-0,013541457106497;0,03919328882242;-0,0191934092317819;0,0441581831510637;72;0,72;0,9;FALSE;NA;0,8;FALSE;FALSE;0,47;0,25;0,28
"hs_pm25abs_yr_hs_h_Log";"hs_Gen_Tot";0,23895795329256;1e-12;-0,0168266564241098;-0,0257887883968674;-0,0271460930493341;-0,0220580901291772;0,0276359355366314;-0,0883846199078103;0,00894265870048776;-0,0903276083088199;0,00937788859388813;95;0,95;0,9;TRUE;0,91578947368421;0,8;TRUE;TRUE;0,08;0,87;0,05
"hs_accesslines300_h_dic0";"hs_Gen_Tot";0,23895795329256;1e-12;-0,0499993061268669;-0,0130748243176633;-0,0134792003274879;-0,00519092270765281;0,0689710505882971;-0,163563292295746;0,10522071966361;-0,163848997620249;0,106376600606106;97;0,97;0,9;TRUE;0,56701030927835;0,8;FALSE;FALSE;0,42;0,55;0,03
"hs_accesspoints300_h_Log";"hs_Gen_Tot";0,23895795329256;1e-12;0,0410604997170537;0,0214302979422017;0,0214302979422017;0,0217402405154672;0,0281282843306345;-0,0380502659054532;0,0728951232127008;-0,0380502659054532;0,0728951232127008;100;1;0,9;TRUE;0,78;0,8;FALSE;FALSE;0,78;0,22;0
"hs_builtdens300_h_Sqrt";"hs_Gen_Tot";0,23895795329256;1e-12;0;0,00978361839500811;0,0146024155149375;0,014266285804748;0,0139713193862515;-0,00631750783570454;0,0403006511048415;-0,00731236040826914;0,0417299418502396;67;0,67;0,9;FALSE;NA;0,8;FALSE;FALSE;0,59;0,08;0,33
"hs_connind300_h_Log";"hs_Gen_Tot";0,23895795329256;1e-12;0,015156750434611;0,0204087755076063;0,0237311343111702;0,0196662094556253;0,020993826479998;-0,00260973216391096;0,0635469496329534;-0,00365557163056361;0,065211312465941;86;0,86;0,9;FALSE;0,941860465116279;0,8;TRUE;FALSE;0,81;0,05;0,14
"hs_fdensity300_h_Log";"hs_Gen_Tot";0,23895795329256;1e-12;-0,0176542610885535;-0,00998390296441295;-0,0109713219389153;-0,00998347696938496;0,0177557847632389;-0,0558536347366775;0,0255175295264241;-0,0563437351545251;0,0264847608008339;91;0,91;0,9;TRUE;0,769230769230769;0,8;FALSE;FALSE;0,21;0,7;0,09
"hs_landuseshan300_h_None";"hs_Gen_Tot";0,23895795329256;1e-12;-0,0242118029821664;-0,0279937786074132;-0,0294671353762244;-0,0285328828145998;0,0218835764797694;-0,0729875307295494;0,00342093709137062;-0,0737937157784644;0,00351695181876948;95;0,95;0,9;TRUE;0,936842105263158;0,8;TRUE;TRUE;0,06;0,89;0,05
"hs_popdens_h_Sqrt";"hs_Gen_Tot";0,23895795329256;1e-12;0;0,00389057621313918;0,00437143394734739;0,00205053464595264;0,0223876828227025;-0,0354140921718661;0,0654845000503947;-0,0363713415879489;0,06764731043813;89;0,89;0,9;FALSE;NA;0,8;FALSE;FALSE;0,49;0,4;0,11
"hs_walkability_mean_h_None";"hs_Gen_Tot";0,23895795329256;1e-12;-0,0108506566845557;-0,00912724580758346;-0,0103718702358903;-0,00817301398326423;0,0213379865107032;-0,0588879866034906;0,024528633103902;-0,0600583368507744;0,0245738399975809;88;0,88;0,9;FALSE;0,681818181818182;0,8;FALSE;FALSE;0,28;0,6;0,12
"hs_accesslines300_s_dic0";"hs_Gen_Tot";0,23895795329256;1e-12;0,200920903907645;0,14890014592173;0,14890014592173;0,145428474663733;0,0940839222229053;-0,0109697263808777;0,310931461273705;-0,0109697263808777;0,310931461273705;100;1;0,9;TRUE;0,96;0,8;TRUE;TRUE;0,96;0,04;0
"hs_accesspoints300_s_Log";"hs_Gen_Tot";0,23895795329256;1e-12;0,0231065284156063;0,0178291656520801;0,0180092582344243;0,0157297852115951;0,029434911339878;-0,0274774539214088;0,0776814888339985;-0,0275243467192077;0,077690333518493;99;0,99;0,9;TRUE;0,686868686868687;0,8;FALSE;FALSE;0,68;0,31;0,01
"hs_builtdens300_s_Sqrt";"hs_Gen_Tot";0,23895795329256;1e-12;0,00352639622712893;0,0197015030525348;0,0243228432747344;0,0176690662632394;0,0237011426434302;-0,00885058929186686;0,0753716407327931;-0,00914756112799223;0,0756349309113755;81;0,81;0,9;FALSE;0,91358024691358;0,8;TRUE;FALSE;0,74;0,07;0,19
"hs_connind300_s_Log";"hs_Gen_Tot";0,23895795329256;1e-12;0,0277439023852563;0,0173504661541645;0,0219626153850183;0,0184831439862415;0,0209999240220512;-0,00611695904879647;0,0677435802872197;-0,00756972119282009;0,0684118947574868;79;0,79;0,9;FALSE;0,924050632911392;0,8;TRUE;FALSE;0,73;0,06;0,21
"hs_fdensity300_s_Log";"hs_Gen_Tot";0,23895795329256;1e-12;0;0,0161844537863369;0,0183914247572011;0,0169336554452727;0,021046964920687;-0,0228709474601958;0,0508722929560829;-0,0232492681795647;0,0511714277000477;88;0,88;0,9;FALSE;NA;0,8;FALSE;FALSE;0,74;0,14;0,12
"hs_landuseshan300_s_None";"hs_Gen_Tot";0,23895795329256;1e-12;0,00280062197627932;0,0078700592060111;0,00983757400751387;0,00995598524216226;0,018096188435392;-0,031851256001987;0,0442242290754807;-0,0331207945738477;0,0445165779674024;80;0,8;0,9;FALSE;0,7625;0,8;FALSE;FALSE;0,61;0,19;0,2
"hs_popdens_s_Sqrt";"hs_Gen_Tot";0,23895795329256;1e-12;0;-0,00144076680124857;-0,00165605379453859;-8,05459801631803e-05;0,0146904471425307;-0,0299762860978643;0,0281315025030076;-0,0304988892712637;0,0287543304329514;87;0,87;0,9;FALSE;NA;0,8;FALSE;FALSE;0,43;0,44;0,13
"h_Absorbance_Log";"hs_Gen_Tot";0,23895795329256;1e-12;-0,00945159640179209;-0,0127271423710192;-0,0138338504032818;-0,0117771470927239;0,0211711380201498;-0,0614870321650921;0,0229737404398156;-0,0618457814632299;0,0244106803469766;92;0,92;0,9;TRUE;0,728260869565217;0,8;FALSE;FALSE;0,25;0,67;0,08
"h_Benzene_Log";"hs_Gen_Tot";0,23895795329256;1e-12;0,100751982916694;0,0923603833441631;0,0923603833441631;0,0919358735070869;0,0278296877467656;0,0411564270717389;0,145530034763151;0,0411564270717389;0,145530034763151;100;1;0,9;TRUE;1;0,8;TRUE;TRUE;1;0;0
"h_NO2_Log";"hs_Gen_Tot";0,23895795329256;1e-12;-0,0035629074062919;0,00569382593521939;0,00605726163321212;0,00378129636517028;0,0185663795301376;-0,0262240370192484;0,0438765364705973;-0,026572286233588;0,0444236850009215;94;0,94;0,9;TRUE;0,393617021276596;0,8;FALSE;FALSE;0,57;0,37;0,06
"h_PM_Log";"hs_Gen_Tot";0,23895795329256;1e-12;0,0496920314336374;0,0490301061451363;0,0490301061451363;0,0491776204800128;0,0240472203303165;0,00417848152821454;0,0982665396155331;0,00417848152821454;0,0982665396155331;100;1;0,9;TRUE;0,99;0,8;TRUE;TRUE;0,99;0,01;0
"h_TEX_Log";"hs_Gen_Tot";0,23895795329256;1e-12;-0,0190008891640936;-0,0136931674679572;-0,0169051450221694;-0,0128171345761088;0,0172177525444303;-0,0575902876093304;0,00402153367970321;-0,0581596557130336;0,00598675966834498;81;0,81;0,9;FALSE;0,925925925925926;0,8;TRUE;FALSE;0,06;0,75;0,19
"hs_KIDMED_None";"hs_Gen_Tot";0,23895795329256;1e-12;-0,0455160696626984;-0,0468989209590846;-0,0468989209590846;-0,0451906806380042;0,0207717126854748;-0,0875904113210804;-0,0108975517378538;-0,0875904113210804;-0,0108975517378538;100;1;0,9;TRUE;0,99;0,8;TRUE;TRUE;0,01;0,99;0
"hs_mvpa_prd_alt_None";"hs_Gen_Tot";0,23895795329256;1e-12;-0,0267801627810555;-0,0275782706017445;-0,0284312068059222;-0,0266836717842176;0,0227693251435138;-0,0687911201839887;0,00567518553699904;-0,0691349000499688;0,00578860688613718;97;0,97;0,9;TRUE;0,948453608247423;0,8;TRUE;TRUE;0,05;0,92;0,03
"hs_sd_wk_None";"hs_Gen_Tot";0,23895795329256;1e-12;0,0290785191246472;0,0470429466946071;0,0495188912574811;0,0490251241700841;0,0278205064468689;0;0,104502454564946;0,00894087163682903;0,104927076539259;95;0,95;0,9;TRUE;1;0,8;TRUE;TRUE;0,95;0;0,05
"hs_dif_hours_total_None";"hs_Gen_Tot";0,23895795329256;1e-12;-0,052754964752669;-0,0721543544112567;-0,0721543544112567;-0,0708303040440446;0,0300508971731555;-0,13476578204907;-0,0135757950497021;-0,13476578204907;-0,0135757950497021;100;1;0,9;TRUE;0,99;0,8;TRUE;TRUE;0,01;0,99;0
"hs_as_c_Log2";"hs_Gen_Tot";0,23895795329256;1e-12;-0,00267229154170367;-0,00513972352795893;-0,00519163992723125;-0,00183857785474593;0,0226616925603516;-0,0522042040394277;0,033696372206414;-0,0523435479229361;0,0337665730343978;99;0,99;0,9;TRUE;0,535353535353535;0,8;FALSE;FALSE;0,46;0,53;0,01
"hs_cd_c_Log2";"hs_Gen_Tot";0,23895795329256;1e-12;0;0,0108618286645409;0,0132461325177328;0,0111749895867034;0,0143180746001517;-0,0118960377653105;0,0520849544243475;-0,0133632832642198;0,0521428628193851;82;0,82;0,9;FALSE;NA;0,8;FALSE;FALSE;0,7;0,12;0,18
"hs_co_c_Log2";"hs_Gen_Tot";0,23895795329256;1e-12;-0,0258049799406813;-0,0314329083084595;-0,0317504124327874;-0,0283802419578633;0,0226604702858711;-0,075097474100644;0,0088189321104721;-0,0751364024175354;0,00900722229436936;99;0,99;0,9;TRUE;0,939393939393939;0,8;TRUE;TRUE;0,06;0,93;0,01
"hs_cs_c_Log2";"hs_Gen_Tot";0,23895795329256;1e-12;0,0287728086656088;0,0197851538696454;0,0197851538696454;0,018686396669986;0,0282451626235845;-0,0270700641907754;0,0794773312933507;-0,0270700641907754;0,0794773312933507;100;1;0,9;TRUE;0,75;0,8;FALSE;FALSE;0,75;0,25;0
"hs_cu_c_Log2";"hs_Gen_Tot";0,23895795329256;1e-12;0,037299800092939;0,0344833339597238;0,0344833339597238;0,0325857245897202;0,0241247328942844;-0,00989703069240095;0,0808314220898913;-0,00989703069240095;0,0808314220898913;100;1;0,9;TRUE;0,94;0,8;TRUE;TRUE;0,94;0,06;0
"hs_hg_c_Log2";"hs_Gen_Tot";0,23895795329256;1e-12;-0,0103178624983252;-0,0177747390619079;-0,0187102516441136;-0,0184394626493936;0,0225336643517421;-0,0667833155250238;0,0178744210604896;-0,0674268380482231;0,0188422307966386;95;0,95;0,9;TRUE;0,821052631578947;0,8;TRUE;TRUE;0,17;0,78;0,05
"hs_mn_c_Log2";"hs_Gen_Tot";0,23895795329256;1e-12;0,0237417002007547;0,0267429869570628;0,0270131181384473;0,0236178363917666;0,0165636025179066;0,00239723596210307;0,0606539527131161;0,00302831036959181;0,0607774315348366;99;0,99;0,9;TRUE;0,98989898989899;0,8;TRUE;TRUE;0,98;0,01;0,01
"hs_mo_c_Log2";"hs_Gen_Tot";0,23895795329256;1e-12;0,0247063998186002;0,0130420090317245;0,0130420090317245;0,0101782404704473;0,0206155726290051;-0,023102776129533;0,053677533409138;-0,023102776129533;0,053677533409138;100;1;0,9;TRUE;0,76;0,8;FALSE;FALSE;0,76;0,24;0
"hs_pb_c_Log2";"hs_Gen_Tot";0,23895795329256;1e-12;0,017604396785257;0,0248554554717395;0,0261636373386732;0,0253375935856907;0,0177070567997658;0;0,0594120384121896;0,00178374564683969;0,0596542490183612;95;0,95;0,9;TRUE;0,989473684210526;0,8;TRUE;TRUE;0,94;0,01;0,05
"hs_hum_mt_hs_h_None";"hs_Gen_Tot";0,23895795329256;1e-12;0,0160243165108754;0,0230954755126546;0,0233287631440956;0,0200402492288313;0,0293776629367476;-0,0255923602554007;0,0820471601980743;-0,0257152106214685;0,082086945725946;99;0,99;0,9;TRUE;0,808080808080808;0,8;TRUE;TRUE;0,8;0,19;0,01
"hs_tm_mt_hs_h_None";"hs_Gen_Tot";0,23895795329256;1e-12;0;-0,0101603350947651;-0,0158755235855705;-0,0104139095716229;0,0189699676392502;-0,061369039416745;0,0122207057239939;-0,0696318091079486;0,0193192847334852;64;0,64;0,9;FALSE;NA;0,8;FALSE;FALSE;0,1;0,54;0,36
"hs_uvdvf_mt_hs_h_None";"hs_Gen_Tot";0,23895795329256;1e-12;0;-0,0173254417647159;-0,0222121048265589;-0,0136695990055859;0,0264138415698664;-0,0835674664119054;0,0225060727088722;-0,0841947145858947;0,0237003095331105;78;0,78;0,9;FALSE;NA;0,8;FALSE;FALSE;0,09;0,69;0,22
"hs_hum_dy_hs_h_None";"hs_Gen_Tot";0,23895795329256;1e-12;-0,0149172780031569;-0,0388664488771239;-0,0413472860394935;-0,0391009803688303;0,0303972412282991;-0,104654164956609;0;-0,104873360035933;-0,00152327014566154;94;0,94;0,9;TRUE;0,978723404255319;0,8;TRUE;TRUE;0,02;0,92;0,06
"hs_hum_wk_hs_h_None";"hs_Gen_Tot";0,23895795329256;1e-12;0,00518996007563203;0,00319661427467569;0,00322890330775322;0,00394554826591413;0,0279859459553445;-0,0534023444376524;0,0592588159993;-0,0534761999095867;0,0595238222273615;99;0,99;0,9;TRUE;0,565656565656566;0,8;FALSE;FALSE;0,56;0,43;0,01
"hs_tm_dy_hs_h_None";"hs_Gen_Tot";0,23895795329256;1e-12;-0,0115873237830409;-0,0264648086894163;-0,0318853116739956;-0,0224525767819802;0,0319901440912076;-0,117497426698197;0,00317493635966443;-0,123472653727235;0,00382078520266825;83;0,83;0,9;FALSE;0,91566265060241;0,8;TRUE;FALSE;0,07;0,76;0,17
"hs_tm_wk_hs_h_None";"hs_Gen_Tot";0,23895795329256;1e-12;0;-9,15826807708878e-07;-1,69597556983126e-06;9,58186494608417e-05;0,015963171749564;-0,0405290055957854;0,0351053520561222;-0,0462323111249026;0,0377454730454697;54;0,54;0,9;FALSE;NA;0,8;FALSE;FALSE;0,29;0,25;0,46
"hs_uvdvf_dy_hs_h_None";"hs_Gen_Tot";0,23895795329256;1e-12;0;0,017070343085779;0,0191801607705382;0,0109885145170502;0,0244042392381674;-0,0163366223188366;0,0733031563556076;-0,0175338186528652;0,0734841426721189;89;0,89;0,9;FALSE;NA;0,8;FALSE;FALSE;0,75;0,14;0,11
"hs_uvdvf_wk_hs_h_None";"hs_Gen_Tot";0,23895795329256;1e-12;0;0,0180390651104824;0,0219988598908322;0,016910935247341;0,0218627292809698;-0,000133281881315615;0,0560971627246798;-0,000246381357570121;0,0607284625485261;82;0,82;0,9;FALSE;NA;0,8;FALSE;FALSE;0,79;0,03;0,18
"hs_ndvi100_h_None";"hs_Gen_Tot";0,23895795329256;1e-12;-0,0518184294656457;-0,0421831510834071;-0,0434877846220692;-0,0408651391377989;0,0295496188683487;-0,114274734268671;0;-0,115424805832091;-0,00113045463291311;97;0,97;0,9;TRUE;0,979381443298969;0,8;TRUE;TRUE;0,02;0,95;0,03
"hs_ndvi100_s_None";"hs_Gen_Tot";0,23895795329256;1e-12;-0,00679842145177505;-0,00497102601131091;-0,00528832554394777;-0,00455824957968324;0,0225687235299374;-0,0486236647486383;0,0387939798837932;-0,0492036332086441;0,0392125709112496;94;0,94;0,9;TRUE;0,595744680851064;0,8;FALSE;FALSE;0,38;0,56;0,06
"hs_dde_cadj_Log2";"hs_Gen_Tot";0,23895795329256;1e-12;-0,0555029808616846;-0,0342175249627248;-0,0342175249627248;-0,0310623829450543;0,0335145119675703;-0,0956005098449212;0,0167282557543437;-0,0956005098449212;0,0167282557543437;100;1;0,9;TRUE;0,86;0,8;TRUE;TRUE;0,14;0,86;0
"hs_ddt_cadj_Log2";"hs_Gen_Tot";0,23895795329256;1e-12;-0,00266068322837101;-0,0120422339233543;-0,0150527924041928;-0,0123800479766716;0,0146669137187615;-0,0436629423154009;0,00247037072485602;-0,0441958105602538;0,00441400894181826;80;0,8;0,9;FALSE;0,925;0,8;TRUE;FALSE;0,06;0,74;0,2
"hs_hcb_cadj_Log2";"hs_Gen_Tot";0,23895795329256;1e-12;0,0478766525502639;0,0383260230912214;0,0383260230912214;0,0365423818124698;0,036378380933511;-0,0277526400669249;0,11577735039619;-0,0277526400669249;0,11577735039619;100;1;0,9;TRUE;0,87;0,8;TRUE;TRUE;0,87;0,13;0
"hs_pcb118_cadj_Log2";"hs_Gen_Tot";0,23895795329256;1e-12;0,00978313234205713;0,015140048788089;0,0170112907731337;0,0151189286408681;0,0210223439054362;-0,0116716520490757;0,0580182110477986;-0,0133006965908999;0,0590542907106463;89;0,89;0,9;FALSE;0,887640449438202;0,8;TRUE;FALSE;0,79;0,1;0,11
"hs_pcb138_cadj_Log2";"hs_Gen_Tot";0,23895795329256;1e-12;0;0,00428027196848517;0,00535033996060647;0,00274830577378676;0,0248281373142795;-0,0543168338481989;0,0527809492142304;-0,062910098176824;0,053810449951412;80;0,8;0,9;FALSE;NA;0,8;FALSE;FALSE;0,48;0,32;0,2
"hs_pcb153_cadj_Log2";"hs_Gen_Tot";0,23895795329256;1e-12;0,000756283437441151;0,00503616104664315;0,00524600109025328;0,00716295708907668;0,0230282438327723;-0,0388261139668048;0,0505000021582696;-0,0388931706273771;0,0507149792640013;96;0,96;0,9;TRUE;0,583333333333333;0,8;FALSE;FALSE;0,56;0,4;0,04
"hs_pcb170_cadj_Log2";"hs_Gen_Tot";0,23895795329256;1e-12;-0,0229035621803019;-0,0354083445185571;-0,0354083445185571;-0,0326099515863494;0,0322632194021691;-0,108966069038677;0,0207604742523236;-0,108966069038677;0,0207604742523236;100;1;0,9;TRUE;0,86;0,8;TRUE;TRUE;0,14;0,86;0
"hs_pcb180_cadj_Log2";"hs_Gen_Tot";0,23895795329256;1e-12;-0,0837626596782883;-0,0875294016364979;-0,0875294016364979;-0,0843129074714262;0,0349035720238523;-0,162285308659533;-0,0245130169157948;-0,162285308659533;-0,0245130169157948;100;1;0,9;TRUE;1;0,8;TRUE;TRUE;0;1;0
"hs_sumPCBs5_cadj_Log2";"hs_Gen_Tot";0,23895795329256;1e-12;-0,0170236791855062;-0,0112662047628431;-0,0114961273090236;-0,00722997243444029;0,0298151830226239;-0,0655882713618693;0,0482586162893047;-0,065879922257782;0,0482807192242149;98;0,98;0,9;TRUE;0,622448979591837;0,8;FALSE;FALSE;0,37;0,61;0,02
"hs_pfhxs_c_Log2";"hs_Gen_Tot";0,23895795329256;1e-12;0,00568288777388976;0,0111350003597057;0,0122362641315447;0,0106396759398254;0,0213391153953451;-0,0293069561867612;0,0545471564692002;-0,0296743830358266;0,0571367185878267;91;0,91;0,9;TRUE;0,714285714285714;0,8;FALSE;FALSE;0,65;0,26;0,09
"hs_pfna_c_Log2";"hs_Gen_Tot";0,23895795329256;1e-12;0;0,016835186740104;0,0240502667715771;0,0185738438240985;0,0239631476053372;-0,00817334113154602;0,0830604214951448;-0,00952183907827317;0,0957735159214753;70;0,7;0,9;FALSE;NA;0,8;FALSE;FALSE;0,62;0,08;0,3
"hs_pfoa_c_Log2";"hs_Gen_Tot";0,23895795329256;1e-12;-0,0237278375892573;-0,0190038812225196;-0,0193917155331832;-0,0141688237925708;0,0192703199620982;-0,0654307763026138;0,00839505052907354;-0,0656127982592416;0,00844474447736395;98;0,98;0,9;TRUE;0,908163265306122;0,8;TRUE;TRUE;0,09;0,89;0,02
"hs_pfos_c_Log2";"hs_Gen_Tot";0,23895795329256;1e-12;-0,0101161162485379;-0,0375251733089048;-0,0390887221967758;-0,0348282031513096;0,0269446579677658;-0,0964868140091226;0;-0,0966513868893619;-0,00485696265610029;96;0,96;0,9;TRUE;1;0,8;TRUE;TRUE;0;0,96;0,04
"hs_pfunda_c_Log2";"hs_Gen_Tot";0,23895795329256;1e-12;0,00111925328090873;0,00451098991140183;0,00506852799033913;0,00253317777963284;0,015043792925584;-0,0199734231285165;0,0395340763483282;-0,0206161376880041;0,0398204343731681;89;0,89;0,9;FALSE;0,573033707865168;0,8;FALSE;FALSE;0,51;0,38;0,11
"hs_hm_pers_None";"hs_Gen_Tot";0,23895795329256;1e-12;-0,017654041503082;-0,0116222329013536;-0,0118594213279119;-0,00986398183601616;0,0200685460205928;-0,0557354138918264;0,0240296815563805;-0,0561185083880644;0,024239829629278;98;0,98;0,9;TRUE;0,693877551020408;0,8;FALSE;FALSE;0,3;0,68;0,02
"hs_trafload_h_pow1over3";"hs_Gen_Tot";0,23895795329256;1e-12;0,00736718688029266;0,00890983660290936;0,010360275119662;0,00778957373938824;0,0137984561502833;-0,0136984767771197;0,04155506502656;-0,0138404814450338;0,0438968701234682;86;0,86;0,9;FALSE;0,779069767441861;0,8;FALSE;FALSE;0,67;0,19;0,14
"hs_trafnear_h_pow1over3";"hs_Gen_Tot";0,23895795329256;1e-12;0;0,0042182026666496;0,00562427022219947;0,00289373286353368;0,0142279159311772;-0,0243109461184048;0,0401474113673272;-0,0254641821978352;0,0421309924145605;75;0,75;0,9;FALSE;NA;0,8;FALSE;FALSE;0,52;0,23;0,25
"FAS_cat_None_Low";"hs_Gen_Tot";0,23895795329256;1e-12;0,0886113851187875;0,0842458623130302;0,0842458623130302;0,084589085784531;0,0799348067051223;-0,0879233098437877;0,207927410997847;-0,0879233098437877;0,207927410997847;100;1;0,9;TRUE;0,83;0,8;TRUE;TRUE;0,83;0,17;0
"FAS_cat_None_Middle";"hs_Gen_Tot";0,23895795329256;1e-12;0,0347446037506921;0,0326536849658001;0,0354931358323914;0,0346150614902598;0,0413315473060377;-0,0434007305727668;0,124624654741692;-0,044788217022446;0,125913415397425;92;0,92;0,9;TRUE;0,804347826086957;0,8;TRUE;TRUE;0,74;0,18;0,08
"hs_globalexp2_None_no exposure";"hs_Gen_Tot";0,23895795329256;1e-12;-0,00011149980502492;-0,00709416729357755;-0,0077957882347006;-0,00636573673209661;0,0285295826383676;-0,0568366947047326;0,0620328764046222;-0,0574401817788232;0,0630340789839724;91;0,91;0,9;TRUE;0,659340659340659;0,8;FALSE;FALSE;0,31;0,6;0,09
"h_abs_ratio_preg_Log";"hs_bmi_c_cat";0,23895795329256;1e-12;-0,0432360246396034;-0,0352865648441736;-0,0363779019012099;-0,0268374005415584;0,0402740558836406;-0,140073259833506;0,0197175765175327;-0,142594344025585;0,0198277949807114;97;0,97;0,9;TRUE;0,917525773195876;0,8;TRUE;TRUE;0,08;0,89;0,03
"h_no2_ratio_preg_Log";"hs_bmi_c_cat";0,23895795329256;1e-12;-0,0206031620698528;-0,0260059764525275;-0,028267365709269;-0,0166392077735686;0,0396161602139312;-0,117112471995775;0,0293819167673958;-0,1184155414496;0,0301035651242748;92;0,92;0,9;TRUE;0,782608695652174;0,8;FALSE;FALSE;0,2;0,72;0,08
"h_pm10_ratio_preg_None";"hs_bmi_c_cat";0,23895795329256;1e-12;0;0,0122439648683495;0,0214806401199113;0,0155764169590497;0,0285537831129447;-0,0346713869330368;0,0854502273723015;-0,0432959169437138;0,108229695725824;57;0,57;0,9;FALSE;NA;0,8;FALSE;FALSE;0,44;0,13;0,43
"h_pm25_ratio_preg_None";"hs_bmi_c_cat";0,23895795329256;1e-12;-0,0127282924946475;-0,0217062800489272;-0,0230917872860928;-0,0171053998041057;0,0333754533528817;-0,0959591940086949;0,0256552854869961;-0,096606578711953;0,0265355763643046;94;0,94;0,9;TRUE;0,829787234042553;0,8;TRUE;TRUE;0,16;0,78;0,06
"h_accesslines300_preg_dic0";"hs_bmi_c_cat";0,23895795329256;1e-12;-0,192347931073247;-0,134237549467446;-0,136977091293312;-0,114706676777602;0,153392532919915;-0,428588439625491;0,0755571993580688;-0,428636858111177;0,0762574294974198;98;0,98;0,9;TRUE;0,86734693877551;0,8;TRUE;TRUE;0,13;0,85;0,02
"h_accesspoints300_preg_Log";"hs_bmi_c_cat";0,23895795329256;1e-12;-0,0184440996343032;-0,0389111142418315;-0,0432345713798127;-0,0354100453021376;0,0374207492396623;-0,121717921620969;0,00380604721159626;-0,123461306884978;0,00478380083044124;90;0,9;0,9;TRUE;0,922222222222222;0,8;TRUE;TRUE;0,07;0,83;0,1
"h_builtdens300_preg_Sqrt";"hs_bmi_c_cat";0,23895795329256;1e-12;-0,00380167289446771;-0,00681599790391631;-0,0100235263292887;-0,00208172295450589;0,0242851047960403;-0,0710516866348907;0,0362660775056574;-0,0751453319155474;0,038833241436138;68;0,68;0,9;FALSE;0,676470588235294;0,8;FALSE;FALSE;0,22;0,46;0,32
"h_connind300_preg_Sqrt";"hs_bmi_c_cat";0,23895795329256;1e-12;-0,00583253967117483;-0,0279061619077442;-0,031355238098589;-0,0217922061522393;0,0393592772614849;-0,145344145610347;0,0242439242285549;-0,147013668996837;0,0311276478256264;89;0,89;0,9;FALSE;0,887640449438202;0,8;TRUE;FALSE;0,1;0,79;0,11
"h_fdensity300_preg_Log";"hs_bmi_c_cat";0,23895795329256;1e-12;-0,000989683331143176;-0,0330861015256213;-0,0389248253242604;-0,0239813611629864;0,039448157128913;-0,137601341474277;0,00491674414054928;-0,138966461312922;0,00565747617142102;85;0,85;0,9;FALSE;0,905882352941176;0,8;TRUE;FALSE;0,08;0,77;0,15
"h_frichness300_preg_None";"hs_bmi_c_cat";0,23895795329256;1e-12;-0,00174334590681053;-0,00884585393519624;-0,0104068869825838;-0,00446649543900797;0,0254866337518101;-0,0792192756245239;0,0357600101055373;-0,0795334566588576;0,0378230031544365;85;0,85;0,9;FALSE;0,658823529411765;0,8;FALSE;FALSE;0,29;0,56;0,15
"h_landuseshan300_preg_None";"hs_bmi_c_cat";0,23895795329256;1e-12;0,0305365754256353;0,0255749526675712;0,0274999491049153;0,020916216059343;0,0307339636250958;-0,0132564945803078;0,10517268718302;-0,01388003682527;0,106482289345695;93;0,93;0,9;TRUE;0,817204301075269;0,8;TRUE;TRUE;0,76;0,17;0,07
"h_popdens_preg_Sqrt";"hs_bmi_c_cat";0,23895795329256;1e-12;0,0692743057696111;0,0574888106291855;0,0574888106291855;0,0495478618222899;0,0425277248093524;-0,00228065157657009;0,152154152781668;-0,00228065157657009;0,152154152781668;100;1;0,9;TRUE;0,96;0,8;TRUE;TRUE;0,96;0,04;0
"h_walkability_mean_preg_None";"hs_bmi_c_cat";0,23895795329256;1e-12;-0,0597520810436611;-0,038603403842276;-0,0397973235487382;-0,0326058132904852;0,038483092172679;-0,12360026409928;0,0147734175440629;-0,124353440916429;0,0164900479247431;97;0,97;0,9;TRUE;0,907216494845361;0,8;TRUE;TRUE;0,09;0,88;0,03
"hs_as_m_Log2";"hs_bmi_c_cat";0,23895795329256;1e-12;0,0369639538892026;0,0564525536308065;0,0607016705707597;0,050142559582835;0,041951874321985;0;0,1496274051159;0,00217537893371899;0,150597304704452;93;0,93;0,9;TRUE;1;0,8;TRUE;TRUE;0,93;0;0,07
"hs_cd_m_Log2";"hs_bmi_c_cat";0,23895795329256;1e-12;0,0168852918586838;0,0135960942991829;0,0138735656114111;0,0099400982606022;0,0270370370372281;-0,0389879371651913;0,0687097063188539;-0,0392731286824129;0,0692368446960741;98;0,98;0,9;TRUE;0,683673469387755;0,8;FALSE;FALSE;0,67;0,31;0,02
"hs_co_m_Log2";"hs_bmi_c_cat";0,23895795329256;1e-12;0,0456362657465831;0,0262378227402003;0,0323923737533338;0,0236184397316561;0,033688003641358;-0,00544212449179399;0,104108725850366;-0,00852103407591601;0,106351727577006;81;0,81;0,9;FALSE;0,888888888888889;0,8;TRUE;FALSE;0,72;0,09;0,19
"hs_cs_m_Log2";"hs_bmi_c_cat";0,23895795329256;1e-12;0;0,0136627781898736;0,0164611785420164;0,0101127298570073;0,0228113198005793;-0,0147040427268396;0,0708452709930947;-0,0150098793649641;0,0726843648452713;83;0,83;0,9;FALSE;NA;0,8;FALSE;FALSE;0,73;0,1;0,17
"hs_cu_m_Log2";"hs_bmi_c_cat";0,23895795329256;1e-12;-0,0318402502109886;-0,0490094488667607;-0,0495044938048088;-0,0419823304260649;0,0334725992212906;-0,122495630982562;-0,00182608875183487;-0,12250058380381;-0,00262203280687421;99;0,99;0,9;TRUE;0,98989898989899;0,8;TRUE;TRUE;0,01;0,98;0,01
"hs_hg_m_Log2";"hs_bmi_c_cat";0,23895795329256;1e-12;0;-0,00576200616628086;-0,00778649481929846;-0,00150949839965151;0,0216849108893582;-0,0597419950039468;0,0276205794435351;-0,0724448224632055;0,0314342229468266;74;0,74;0,9;FALSE;NA;0,8;FALSE;FALSE;0,28;0,46;0,26
"hs_mn_m_Log2";"hs_bmi_c_cat";0,23895795329256;1e-12;0,000283641689107783;-2,40551227879856e-05;-2,64342008659182e-05;-0,00135114616830391;0,0171078986313914;-0,0278100272412498;0,0360475397838964;-0,0280657103119554;0,0370012225249993;91;0,91;0,9;TRUE;0,461538461538462;0,8;FALSE;FALSE;0,42;0,49;0,09
"hs_mo_m_Log2";"hs_bmi_c_cat";0,23895795329256;1e-12;0,000935490384695361;0,00388704915421628;0,00388704915421628;0,0012538679165423;0,0290856814790128;-0,049363243592032;0,0610855797580951;-0,049363243592032;0,0610855797580951;100;1;0,9;TRUE;0,57;0,8;FALSE;FALSE;0,57;0,43;0
"hs_pb_m_Log2";"hs_bmi_c_cat";0,23895795329256;1e-12;0;0,00400966390528412;0,00520735572114821;0,00168192583752901;0,0166856303631708;-0,0233461519075818;0,0442067449337651;-0,0275460096758535;0,0503147959015116;77;0,77;0,9;FALSE;NA;0,8;FALSE;FALSE;0,47;0,3;0,23
"h_humidity_preg_None";"hs_bmi_c_cat";0,23895795329256;1e-12;-0,0258725880011071;-0,0345947105200381;-0,0356646500206578;-0,0235084666137472;0,0424879237830274;-0,132220630521496;0,026193900361867;-0,133971431480039;0,0263761329562113;97;0,97;0,9;TRUE;0,793814432989691;0,8;FALSE;FALSE;0,2;0,77;0,03
"h_pressure_preg_None";"hs_bmi_c_cat";0,23895795329256;1e-12;0;-0,00663421402170297;-0,00975619709073966;-0,00726560899329702;0,0272599100869244;-0,066094015871187;0,0400919302863268;-0,0742570489993503;0,0484621848779016;68;0,68;0,9;FALSE;NA;0,8;FALSE;FALSE;0,24;0,44;0,32
"h_temperature_preg_None";"hs_bmi_c_cat";0,23895795329256;1e-12;0;0,00393850286603398;0,00468869388813569;6,83696951653608e-05;0,0311629776157578;-0,0412545123127373;0,0674766139955908;-0,0424283864372764;0,0675265887510625;84;0,84;0,9;FALSE;NA;0,8;FALSE;FALSE;0,44;0,4;0,16
"h_ndvi100_preg_None";"hs_bmi_c_cat";0,23895795329256;1e-12;-0,0138032178537978;-0,0258028368769092;-0,0277449858891497;-0,0243893092308108;0,0403697002451975;-0,115565509901718;0,0392906989530048;-0,117689236221374;0,0404332666755206;93;0,93;0,9;TRUE;0,720430107526882;0,8;FALSE;FALSE;0,26;0,67;0,07
"hs_dde_madj_Log2";"hs_bmi_c_cat";0,23895795329256;1e-12;0,0381906259992616;0,0793538538615866;0,0793538538615866;0,0711315468241603;0,0435584307163498;0,0174859427922017;0,183363709478042;0,0174859427922017;0,183363709478042;100;1;0,9;TRUE;1;0,8;TRUE;TRUE;1;0;0
"hs_ddt_madj_Log2";"hs_bmi_c_cat";0,23895795329256;1e-12;0;-0,0100066690196958;-0,0117725517878774;-0,00943409506582716;0,021790477226281;-0,0534816304334361;0,0299808474705174;-0,0539901313197488;0,0300529579966857;85;0,85;0,9;FALSE;NA;0,8;FALSE;FALSE;0,22;0,63;0,15
"hs_hcb_madj_Log2";"hs_bmi_c_cat";0,23895795329256;1e-12;-0,0045460282539485;-0,0177041732878381;-0,0208284391621625;-0,0180837038437883;0,0281378360338387;-0,0867843085251047;0,0339139241981884;-0,0960183928513526;0,0345761858552969;85;0,85;0,9;FALSE;0,776470588235294;0,8;FALSE;FALSE;0,19;0,66;0,15
"hs_pcb118_madj_Log2";"hs_bmi_c_cat";0,23895795329256;1e-12;0,0130744304696351;0,00450513818126636;0,00455064462754177;0,00194476050255665;0,032341956109027;-0,0514719792511166;0,0662863646503959;-0,0514830031183581;0,0664825813788208;99;0,99;0,9;TRUE;0,555555555555556;0,8;FALSE;FALSE;0,55;0,44;0,01
"hs_pcb138_madj_Log2";"hs_bmi_c_cat";0,23895795329256;1e-12;-0,0139591907335559;0,00565119494474593;0,00657115691249526;-0,000683467465307853;0,0399281929344995;-0,067681579134636;0,100933774752314;-0,0686342903311104;0,104060237255361;86;0,86;0,9;FALSE;0,523255813953488;0,8;FALSE;FALSE;0,41;0,45;0,14
"hs_pcb153_madj_Log2";"hs_bmi_c_cat";0,23895795329256;1e-12;0;0,0198368847565329;0,023337511478274;0,0154303220552351;0,0439524632996121;-0,044584713255652;0,118693467980246;-0,0472729835908333;0,121251148919288;85;0,85;0,9;FALSE;NA;0,8;FALSE;FALSE;0,59;0,26;0,15
"hs_pcb170_madj_Log2";"hs_bmi_c_cat";0,23895795329256;1e-12;-0,0346672545662224;-0,0731929141745692;-0,0778648023133715;-0,0713628316929202;0,0539793259326636;-0,189311499827483;0;-0,191583528239078;-0,00497180260373758;94;0,94;0,9;TRUE;0,98936170212766;0,8;TRUE;TRUE;0,01;0,93;0,06
"hs_pcb180_madj_Log2";"hs_bmi_c_cat";0,23895795329256;1e-12;0,00234853636822113;-0,000457646076051284;-0,000551380814519619;0,000237731253235256;0,0221453133625415;-0,0532410014429434;0,0419617345801861;-0,0549096582891999;0,0478814917480193;83;0,83;0,9;FALSE;0,506024096385542;0,8;FALSE;FALSE;0,42;0,41;0,17
"hs_sumPCBs5_madj_Log2";"hs_bmi_c_cat";0,23895795329256;1e-12;0;-0,008792464254457;-0,0151594211283741;-0,0107769938937528;0,0224156129597556;-0,0701514519716141;0,0269380943154329;-0,0719726829607909;0,0306840442457469;58;0,58;0,9;FALSE;NA;0,8;FALSE;FALSE;0,13;0,45;0,42
"hs_pfhxs_m_Log2";"hs_bmi_c_cat";0,23895795329256;1e-12;-0,0425091656907582;-0,0431988168403547;-0,0436351685256108;-0,0377932382880398;0,0315881164169522;-0,111914569843813;-0,000135432871044479;-0,11201173078266;-0,000495559984607676;99;0,99;0,9;TRUE;0,98989898989899;0,8;TRUE;TRUE;0,01;0,98;0,01
"hs_pfna_m_Log2";"hs_bmi_c_cat";0,23895795329256;1e-12;0,0330485236643259;0,0490819876385182;0,0490819876385182;0,0452354557713103;0,0349920755400671;-0,00234330105497946;0,132607809982889;-0,00234330105497946;0,132607809982889;100;1;0,9;TRUE;0,95;0,8;TRUE;TRUE;0,95;0,05;0
"hs_pfoa_m_Log2";"hs_bmi_c_cat";0,23895795329256;1e-12;0;-0,00238496887897725;-0,00335911109715106;-0,000354678754840798;0,0197595650038585;-0,0452802921085353;0,0455396421752939;-0,0561786259579112;0,0507013694895028;71;0,71;0,9;FALSE;NA;0,8;FALSE;FALSE;0,34;0,37;0,29
"hs_pfos_m_Log2";"hs_bmi_c_cat";0,23895795329256;1e-12;0;-0,00568570145213684;-0,00874723300328744;-0,00335180325922678;0,01929043382497;-0,061042909707839;0,0292836220271569;-0,0653422396860483;0,0320589950232053;65;0,65;0,9;FALSE;NA;0,8;FALSE;FALSE;0,17;0,48;0,35
"hs_pfunda_m_Log2";"hs_bmi_c_cat";0,23895795329256;1e-12;0;-0,0095344040238506;-0,0132422278109036;-0,0061293496102571;0,0231734365407278;-0,0711223964398444;0,0293384249912708;-0,0723040976310556;0,0325173209160783;72;0,72;0,9;FALSE;NA;0,8;FALSE;FALSE;0,15;0,57;0,28
"e3_asmokcigd_p_None";"hs_bmi_c_cat";0,23895795329256;1e-12;-0,00635523710004522;-0,0220172805459727;-0,0231760847852344;-0,0197054758281483;0,0244523492159958;-0,0736053577511627;0,0149292003338208;-0,0748865172006161;0,0165704672844015;95;0,95;0,9;TRUE;0,905263157894737;0,8;TRUE;TRUE;0,09;0,86;0,05
"h_distinvnear1_preg_Log";"hs_bmi_c_cat";0,23895795329256;1e-12;0;-0,00025801702022018;-0,000318539531136025;-0,00216837216541794;0,0187023290418459;-0,0373091713648933;0,0475445918489053;-0,0417216384410591;0,047702021205831;81;0,81;0,9;FALSE;NA;0,8;FALSE;FALSE;0,3;0,51;0,19
"h_trafload_preg_pow1over3";"hs_bmi_c_cat";0,23895795329256;1e-12;0,0406658834636535;0,0500357242489383;0,0549843123614707;0,0577131390718375;0,0387626376152649;0;0,132312658518094;0,000651681773829611;0,133643826263456;91;0,91;0,9;TRUE;0,989010989010989;0,8;TRUE;TRUE;0,9;0,01;0,09
"h_trafnear_preg_pow1over3";"hs_bmi_c_cat";0,23895795329256;1e-12;-0,0027243644353508;-0,00765642507620451;-0,00994340918987598;-0,00551503116619367;0,0179169406807023;-0,0517925077842988;0,0178485461965574;-0,0551078033078446;0,0221285482611093;77;0,77;0,9;FALSE;0,727272727272727;0,8;FALSE;FALSE;0,21;0,56;0,23
"h_bro_preg_Log";"hs_bmi_c_cat";0,23895795329256;1e-12;0;-0,00965559208685709;-0,0114947524843537;-0,00671175503616407;0,0291307536541509;-0,0817077554947439;0,0331390632621713;-0,0877284088510057;0,0423226309448385;84;0,84;0,9;FALSE;NA;0,8;FALSE;FALSE;0,3;0,54;0,16
"h_clf_preg_Log";"hs_bmi_c_cat";0,23895795329256;1e-12;-0,00558858680521891;-0,0196959493167835;-0,0240194503863214;-0,0157158629606239;0,0339980801571124;-0,100900052370214;0,0187424967901053;-0,102942134597157;0,0200258666984451;82;0,82;0,9;FALSE;0,719512195121951;0,8;FALSE;FALSE;0,23;0,59;0,18
"h_thm_preg_Log";"hs_bmi_c_cat";0,23895795329256;1e-12;-0,000651218136452283;-0,0356159463640952;-0,0439703041532039;-0,0374416547588052;0,0383224442800191;-0,122518218505629;0,00248765440764012;-0,123914314466964;0,00289333374897442;81;0,81;0,9;FALSE;0,938271604938272;0,8;TRUE;FALSE;0,05;0,76;0,19
"e3_alcpreg_yn_None_1";"hs_bmi_c_cat";0,23895795329256;1e-12;-0,0830396119856956;-0,0810622576819332;-0,083569337816426;-0,0733141126235026;0,0832387596596828;-0,27243538373244;0,0258598389474592;-0,274111211586391;0,026286213792992;97;0,97;0,9;TRUE;0,865979381443299;0,8;TRUE;TRUE;0,13;0,84;0,03
"h_pamod_t3_None_Often";"hs_bmi_c_cat";0,23895795329256;1e-12;-0,141714460919271;-0,175275556945194;-0,175275556945194;-0,156531076641138;0,103620628578578;-0,369894898161911;-0,0163780887592425;-0,369894898161911;-0,0163780887592425;100;1;0,9;TRUE;0,99;0,8;TRUE;TRUE;0,01;0,99;0
"h_pamod_t3_None_Sometimes";"hs_bmi_c_cat";0,23895795329256;1e-12;-0,0479546840837778;-0,0895057323384726;-0,0922739508644047;-0,0798156099969134;0,0989565045350403;-0,314299850234221;0,053914058599914;-0,315875936971068;0,0541360904812733;97;0,97;0,9;TRUE;0,835051546391753;0,8;TRUE;TRUE;0,16;0,81;0,03
"h_pamod_t3_None_Very Often";"hs_bmi_c_cat";0,23895795329256;1e-12;-0,0320026807374442;-0,0408597120342957;-0,0408597120342957;-0,0279000484502693;0,0667780330861532;-0,202391843907753;0,0618351293633771;-0,202391843907753;0,0618351293633771;100;1;0,9;TRUE;0,73;0,8;FALSE;FALSE;0,27;0,73;0
"h_pavig_t3_None_Low";"hs_bmi_c_cat";0,23895795329256;1e-12;-0,356283757071893;-0,267067018004738;-0,267067018004738;-0,279423046948519;0,133875365201465;-0,496106528683284;-0,0351273890063466;-0,496106528683284;-0,0351273890063466;100;1;0,9;TRUE;0,98;0,8;TRUE;TRUE;0,02;0,98;0
"h_pavig_t3_None_Medium";"hs_bmi_c_cat";0,23895795329256;1e-12;-0,202842178807232;-0,167976079375417;-0,167976079375417;-0,171279140622701;0,124448944483637;-0,427601618545826;0,0163155981719779;-0,427601618545826;0,0163155981719779;100;1;0,9;TRUE;0,95;0,8;TRUE;TRUE;0,05;0,95;0
"hs_no2_dy_hs_h_Log";"hs_bmi_c_cat";0,23895795329256;1e-12;-0,0354989723402976;-0,0643824034886666;-0,0663736118439862;-0,0595042015032797;0,0478897234630078;-0,172712432369253;0,00180466327529925;-0,173294267820275;0,000335205491740672;97;0,97;0,9;TRUE;0,969072164948454;0,8;TRUE;TRUE;0,03;0,94;0,03
"hs_no2_wk_hs_h_Log";"hs_bmi_c_cat";0,23895795329256;1e-12;0;0,0116955031917347;0,0182742237370855;0,014655054645258;0,023521954207439;-0,0116107923543843;0,070100681273625;-0,0166687200182892;0,0723119120742335;64;0,64;0,9;FALSE;NA;0,8;FALSE;FALSE;0,52;0,12;0,36
"hs_no2_yr_hs_h_Log";"hs_bmi_c_cat";0,23895795329256;1e-12;0;0,0153461981654599;0,0216143636133239;0,0182892910537292;0,0290575238365463;-0,0296981522620398;0,0910641663194945;-0,0325503572615608;0,0991647571684026;71;0,71;0,9;FALSE;NA;0,8;FALSE;FALSE;0,61;0,1;0,29
"hs_pm10_dy_hs_h_None";"hs_bmi_c_cat";0,23895795329256;1e-12;0,0504432567601114;0,0576624480006212;0,0600650500006471;0,0564276480214117;0,0423298202851281;0;0,1642191125644;0,000855697683192894;0,166558587747293;96;0,96;0,9;TRUE;0,979166666666667;0,8;TRUE;TRUE;0,94;0,02;0,04
"hs_pm10_wk_hs_h_None";"hs_bmi_c_cat";0,23895795329256;1e-12;-0,0442356347096126;-0,0350189718325945;-0,0350189718325945;-0,0286911708778754;0,0345067544793323;-0,110643615193293;0,0133807849520851;-0,110643615193293;0,0133807849520851;100;1;0,9;TRUE;0,87;0,8;TRUE;TRUE;0,13;0,87;0
"hs_pm10_yr_hs_h_None";"hs_bmi_c_cat";0,23895795329256;1e-12;0;-0,00134933978423989;-0,00195556490469549;-0,00053461026162099;0,022185485187254;-0,0651368732186924;0,0540092380504528;-0,0675803845245076;0,0556336420194063;69;0,69;0,9;FALSE;NA;0,8;FALSE;FALSE;0,31;0,38;0,31
"hs_pm25_dy_hs_h_None";"hs_bmi_c_cat";0,23895795329256;1e-12;0,0359146107635421;0,062119434538457;0,0660845048281458;0,0614980568478276;0,0464299593859936;-8,22819982845963e-06;0,166098964822781;2,23936066343997e-05;0,166856652416747;94;0,94;0,9;TRUE;0,968085106382979;0,8;TRUE;TRUE;0,91;0,03;0,06
"hs_pm25_wk_hs_h_None";"hs_bmi_c_cat";0,23895795329256;1e-12;0;-0,0206661072556177;-0,0333324310574479;-0,0274406714740727;0,0385024413767258;-0,129923625672099;0,0217203439175125;-0,136036810385289;0,0263976820062452;62;0,62;0,9;FALSE;NA;0,8;FALSE;FALSE;0,12;0,5;0,38
"hs_pm25_yr_hs_h_None";"hs_bmi_c_cat";0,23895795329256;1e-12;0,00244318023790495;0,0102210167152535;0,010537130634282;0,00879787242014842;0,0360509050642479;-0,0626700620642147;0,0775765318366091;-0,0627094189921723;0,0775994809661658;97;0,97;0,9;TRUE;0,597938144329897;0,8;FALSE;FALSE;0,58;0,39;0,03
"hs_pm25abs_dy_hs_h_Log";"hs_bmi_c_cat";0,23895795329256;1e-12;-0,00341481509865782;-0,0127600690763351;-0,0127600690763351;-0,00807183653362185;0,0312369106983141;-0,0797590105522822;0,0366484795545448;-0,0797590105522822;0,0366484795545448;100;1;0,9;TRUE;0,72;0,8;FALSE;FALSE;0,28;0,72;0
"hs_pm25abs_wk_hs_h_Log";"hs_bmi_c_cat";0,23895795329256;1e-12;0;-0,000817648488754548;-0,00113562290104798;-0,000837976975018935;0,0199801178612376;-0,0478615624811607;0,0372648314805351;-0,0500405923936941;0,0427094881425711;72;0,72;0,9;FALSE;NA;0,8;FALSE;FALSE;0,32;0,4;0,28
"hs_pm25abs_yr_hs_h_Log";"hs_bmi_c_cat";0,23895795329256;1e-12;0,0295682494408399;0,0344186092948615;0,0362301150472227;0,029705622700744;0,0383717202493815;-0,0137304779781155;0,129898222708758;-0,0141126144066304;0,13273772333465;95;0,95;0,9;TRUE;0,863157894736842;0,8;TRUE;TRUE;0,82;0,13;0,05
"hs_accesslines300_h_dic0";"hs_bmi_c_cat";0,23895795329256;1e-12;-0,0176330219139278;0,00673066998456267;0,00693883503563162;0,00147471964753263;0,112582489594266;-0,238241627329346;0,200618263150238;-0,240331268406046;0,203697099803388;97;0,97;0,9;TRUE;0,484536082474227;0,8;FALSE;FALSE;0,5;0,47;0,03
"hs_accesspoints300_h_Log";"hs_bmi_c_cat";0,23895795329256;1e-12;-0,0271709749380823;-0,00431392912756592;-0,00431392912756592;-0,00289982839689127;0,0349626400696405;-0,0831627287258783;0,0502925306048061;-0,0831627287258783;0,0502925306048061;100;1;0,9;TRUE;0,56;0,8;FALSE;FALSE;0,44;0,56;0
"hs_builtdens300_h_Sqrt";"hs_bmi_c_cat";0,23895795329256;1e-12;0;-0,00819187266273947;-0,0122266756160291;-0,00706028658384649;0,0202019382719094;-0,0636594187237154;0,0175697610278604;-0,0690193331172551;0,0204268456368812;67;0,67;0,9;FALSE;NA;0,8;FALSE;FALSE;0,21;0,46;0,33
"hs_connind300_h_Log";"hs_bmi_c_cat";0,23895795329256;1e-12;0,020608530672739;0,0261926580355151;0,0304565791110641;0,0232604593490763;0,0335279623213105;-0,00944246131788786;0,121790306526163;-0,00986606984711926;0,124652238661521;86;0,86;0,9;FALSE;0,872093023255814;0,8;TRUE;FALSE;0,75;0,11;0,14
"hs_fdensity300_h_Log";"hs_bmi_c_cat";0,23895795329256;1e-12;-0,0155850358734552;-0,0199364624582486;-0,0219082005035699;-0,0109425317821485;0,0344488186239708;-0,104428534565667;0,0206547685313161;-0,107403011083383;0,0223807587931098;91;0,91;0,9;TRUE;0,791208791208791;0,8;FALSE;FALSE;0,19;0,72;0,09
"hs_landuseshan300_h_None";"hs_bmi_c_cat";0,23895795329256;1e-12;-0,039638947298649;-0,0160402144864227;-0,0168844363014976;-0,0141228519731107;0,0326774020237891;-0,0965194728036882;0,0405866696102959;-0,0966179327683581;0,0412603166165249;95;0,95;0,9;TRUE;0,768421052631579;0,8;FALSE;FALSE;0,22;0,73;0,05
"hs_popdens_h_Sqrt";"hs_bmi_c_cat";0,23895795329256;1e-12;0;0,0417690041352452;0,0469314653205002;0,0358392794519548;0,0398813485414399;0;0,120867421839321;0,000861327936277586;0,121205544610199;89;0,89;0,9;FALSE;NA;0,8;FALSE;FALSE;0,88;0,01;0,11
"hs_walkability_mean_h_None";"hs_bmi_c_cat";0,23895795329256;1e-12;0,0106643059482916;0,00400750292904143;0,00455398060118344;0,000355187270775873;0,0278942722143807;-0,0394541207493827;0,0684657302619326;-0,0414387652443245;0,0744555448674715;88;0,88;0,9;FALSE;0,511363636363636;0,8;FALSE;FALSE;0,45;0,43;0,12
"hs_accesslines300_s_dic0";"hs_bmi_c_cat";0,23895795329256;1e-12;0,0397677132927163;0,111271085565449;0,111271085565449;0,0981580562695936;0,136418731232698;-0,172050310617428;0,363505386822064;-0,172050310617428;0,363505386822064;100;1;0,9;TRUE;0,83;0,8;TRUE;TRUE;0,83;0,17;0
"hs_accesspoints300_s_Log";"hs_bmi_c_cat";0,23895795329256;1e-12;-0,109652138833477;-0,108663087859774;-0,109760694807853;-0,107685342597225;0,060994655861751;-0,235707553365488;-0,00795372971699837;-0,235789672915022;-0,0171296178485852;99;0,99;0,9;TRUE;1;0,8;TRUE;TRUE;0;0,99;0,01
"hs_builtdens300_s_Sqrt";"hs_bmi_c_cat";0,23895795329256;1e-12;-0,000189283957869653;-0,000282300980398594;-0,000348519728887153;-0,000359383650089887;0,0220278911925458;-0,051626259284286;0,0505769910429918;-0,0614665419246466;0,0511018756345923;81;0,81;0,9;FALSE;0,54320987654321;0,8;FALSE;FALSE;0,37;0,44;0,19
"hs_connind300_s_Log";"hs_bmi_c_cat";0,23895795329256;1e-12;-0,0202844583204646;-0,009299376584782;-0,0117713627655468;-0,00624451963018726;0,0238351799800044;-0,0738006813772751;0,0336777654034236;-0,0759589715993835;0,0343769721280359;79;0,79;0,9;FALSE;0,683544303797468;0,8;FALSE;FALSE;0,25;0,54;0,21
"hs_fdensity300_s_Log";"hs_bmi_c_cat";0,23895795329256;1e-12;0;-0,0372905297176194;-0,0423756019518402;-0,0350403422687099;0,0381703959554682;-0,13146338209029;0,000843710204476257;-0,137041285246977;0,00107092965418261;88;0,88;0,9;FALSE;NA;0,8;FALSE;FALSE;0,05;0,83;0,12
"hs_landuseshan300_s_None";"hs_bmi_c_cat";0,23895795329256;1e-12;-0,0100256170457571;-0,0244995558858521;-0,0306244448573151;-0,0269162698084559;0,0293918537209741;-0,0847888022435341;0,0170791369194602;-0,0865531006278547;0,0180698696926012;80;0,8;0,9;FALSE;0,8625;0,8;TRUE;FALSE;0,11;0,69;0,2
"hs_popdens_s_Sqrt";"hs_bmi_c_cat";0,23895795329256;1e-12;0;-0,0187897186139137;-0,0215973777171422;-0,00942836970589729;0,0304994993899174;-0,104470154664612;0,0123904107002142;-0,106332627053946;0,0133142159889954;87;0,87;0,9;FALSE;NA;0,8;FALSE;FALSE;0,17;0,7;0,13
"h_Absorbance_Log";"hs_bmi_c_cat";0,23895795329256;1e-12;0,0142288260345198;0,00140832397111362;0,0015307869251235;0,0041789847902606;0,0275358797917064;-0,06500482897252;0,0502537143644188;-0,0650398186156315;0,0506861251125923;92;0,92;0,9;TRUE;0,608695652173913;0,8;FALSE;FALSE;0,56;0,36;0,08
"h_Benzene_Log";"hs_bmi_c_cat";0,23895795329256;1e-12;0,0279801840872698;0,0317775733142589;0,0317775733142589;0,032754105046291;0,0331862745544689;-0,0243983060126053;0,0892754210003144;-0,0243983060126053;0,0892754210003144;100;1;0,9;TRUE;0,85;0,8;TRUE;TRUE;0,85;0,15;0
"h_NO2_Log";"hs_bmi_c_cat";0,23895795329256;1e-12;0,00860224097967867;0,0203701843657583;0,0216704088997429;0,0170479757370522;0,0265935689620865;-0,0220399096097851;0,0812923872471575;-0,0230227127978406;0,0816939050327307;94;0,94;0,9;TRUE;0,861702127659574;0,8;TRUE;TRUE;0,81;0,13;0,06
"h_PM_Log";"hs_bmi_c_cat";0,23895795329256;1e-12;0,059626051962795;0,0709018903567204;0,0709018903567204;0,0650056262804977;0,0426299630172532;0,00420875090357559;0,151454968895013;0,00420875090357559;0,151454968895013;100;1;0,9;TRUE;0,99;0,8;TRUE;TRUE;0,99;0,01;0
"h_TEX_Log";"hs_bmi_c_cat";0,23895795329256;1e-12;0,0166846835169678;0,0136284143266963;0,0168252028724645;0,00739890632944583;0,0253014676971465;-0,0158822643884301;0,0759816991166196;-0,0159592657576247;0,0762689357031684;81;0,81;0,9;FALSE;0,753086419753086;0,8;FALSE;FALSE;0,61;0,2;0,19
"hs_KIDMED_None";"hs_bmi_c_cat";0,23895795329256;1e-12;0,0595656592166326;0,072868532868866;0,072868532868866;0,0702980166892463;0,0410286546805915;0,00610091118925832;0,161569794332402;0,00610091118925832;0,161569794332402;100;1;0,9;TRUE;0,99;0,8;TRUE;TRUE;0,99;0,01;0
"hs_mvpa_prd_alt_None";"hs_bmi_c_cat";0,23895795329256;1e-12;-0,0372646850319128;-0,0275485525495555;-0,028400569638717;-0,0191150810680023;0,0339820193216154;-0,10725971713664;0,0140863324463953;-0,107395159294642;0,0142491450296467;97;0,97;0,9;TRUE;0,824742268041237;0,8;TRUE;TRUE;0,17;0,8;0,03
"hs_sd_wk_None";"hs_bmi_c_cat";0,23895795329256;1e-12;0,00759237944630841;0,0104512177143754;0,0110012818046057;0,00610319109835364;0,0245276593109991;-0,0224889083399298;0,0693961539911184;-0,0236215459327145;0,0701903710363522;95;0,95;0,9;TRUE;0,642105263157895;0,8;FALSE;FALSE;0,61;0,34;0,05
"hs_dif_hours_total_None";"hs_bmi_c_cat";0,23895795329256;1e-12;-0,0938928326598527;-0,0805444678531797;-0,0805444678531797;-0,0770127660238784;0,0397260611809921;-0,173504287385832;-0,0185110231831344;-0,173504287385832;-0,0185110231831344;100;1;0,9;TRUE;1;0,8;TRUE;TRUE;0;1;0
"hs_as_c_Log2";"hs_bmi_c_cat";0,23895795329256;1e-12;-0,0104100988997138;-0,0097739854595964;-0,00987271258545091;-0,00787695119987495;0,0226733466343226;-0,0560889593618464;0,0284851323651317;-0,0560951558323286;0,0284869777307619;99;0,99;0,9;TRUE;0,656565656565657;0,8;FALSE;FALSE;0,34;0,65;0,01
"hs_cd_c_Log2";"hs_bmi_c_cat";0,23895795329256;1e-12;0;0,00573695857358429;0,00699629094339548;0,00116981671932653;0,0242384992682834;-0,0290794512116607;0,083529475172102;-0,0300894132908937;0,0838276407561517;82;0,82;0,9;FALSE;NA;0,8;FALSE;FALSE;0,46;0,36;0,18
"hs_co_c_Log2";"hs_bmi_c_cat";0,23895795329256;1e-12;-0,0513882042061723;-0,050304772490623;-0,0508129015056798;-0,0505866905156435;0,0344828986140658;-0,121908834287144;0,000850087680955171;-0,121964347956353;0,000884303760686617;99;0,99;0,9;TRUE;0,95959595959596;0,8;TRUE;TRUE;0,04;0,95;0,01
"hs_cs_c_Log2";"hs_bmi_c_cat";0,23895795329256;1e-12;0,170503011926927;0,153776247033744;0,153776247033744;0,149196725530438;0,0635691842360982;0,0441035347424342;0,277745241321217;0,0441035347424342;0,277745241321217;100;1;0,9;TRUE;1;0,8;TRUE;TRUE;1;0;0
"hs_cu_c_Log2";"hs_bmi_c_cat";0,23895795329256;1e-12;0,11111191043899;0,136688369080319;0,136688369080319;0,129056924569304;0,0576731504516354;0,0447105033097896;0,255423835895828;0,0447105033097896;0,255423835895828;100;1;0,9;TRUE;1;0,8;TRUE;TRUE;1;0;0
"hs_hg_c_Log2";"hs_bmi_c_cat";0,23895795329256;1e-12;-0,0243551640827963;-0,0224784574640141;-0,0236615341726464;-0,0181701872217992;0,0281181153814483;-0,0836796478881401;0,0150037669906009;-0,0846777751309117;0,0157322880789256;95;0,95;0,9;TRUE;0,884210526315789;0,8;TRUE;TRUE;0,11;0,84;0,05
"hs_mn_c_Log2";"hs_bmi_c_cat";0,23895795329256;1e-12;0,000628878010272951;-0,00889074651751742;-0,00898055203789639;-0,00616657798489878;0,0284571482064155;-0,063070916602966;0,0505150931759764;-0,0633248679838235;0,050608548581133;99;0,99;0,9;TRUE;0,343434343434343;0,8;FALSE;FALSE;0,34;0,65;0,01
"hs_mo_c_Log2";"hs_bmi_c_cat";0,23895795329256;1e-12;-0,0488417457747344;-0,0572235728184735;-0,0572235728184735;-0,054230647262905;0,0332519411375225;-0,121122327560128;-0,00598553529163417;-0,121122327560128;-0,00598553529163417;100;1;0,9;TRUE;1;0,8;TRUE;TRUE;0;1;0
"hs_pb_c_Log2";"hs_bmi_c_cat";0,23895795329256;1e-12;-0,0207747700591234;-0,0224069906661472;-0,0235863059643654;-0,0163059539295362;0,024905141674316;-0,0915132991701337;0,00314906936195018;-0,0919982223548567;0,00344381113748519;95;0,95;0,9;TRUE;0,936842105263158;0,8;TRUE;TRUE;0,06;0,89;0,05
"hs_hum_mt_hs_h_None";"hs_bmi_c_cat";0,23895795329256;1e-12;0,102557984225589;0,137056115424984;0,138440520631297;0,134614882621258;0,0636349897814551;0,0162038296087418;0,256385888691706;0,0275790719250633;0,256563242632361;99;0,99;0,9;TRUE;1;0,8;TRUE;TRUE;0,99;0;0,01
"hs_tm_mt_hs_h_None";"hs_bmi_c_cat";0,23895795329256;1e-12;0;0,00137965156350009;0,0021557055679689;1,45653144026418e-05;0,0224332268704151;-0,042022368342203;0,0527668528127628;-0,0595125790090996;0,0590672206802378;64;0,64;0,9;FALSE;NA;0,8;FALSE;FALSE;0,33;0,31;0,36
"hs_uvdvf_mt_hs_h_None";"hs_bmi_c_cat";0,23895795329256;1e-12;0;0,0259726966485095;0,0332983290365507;0,0214572490657412;0,0363655292864407;-0,00635600944113624;0,129217328013662;-0,00783317077764729;0,13886878303011;78;0,78;0,9;FALSE;NA;0,8;FALSE;FALSE;0,67;0,11;0,22
"hs_hum_dy_hs_h_None";"hs_bmi_c_cat";0,23895795329256;1e-12;0,00492168575320749;0,0134920195581962;0,0143532122959534;0,0086427020270397;0,027312669582149;-0,0373189380484316;0,0714156596439113;-0,0404082407516989;0,0718978555423776;94;0,94;0,9;TRUE;0,723404255319149;0,8;FALSE;FALSE;0,68;0,26;0,06
"hs_hum_wk_hs_h_None";"hs_bmi_c_cat";0,23895795329256;1e-12;0,0150029004574899;0,0115488185480839;0,0116654732808928;0,00248724898648235;0,0442664175359604;-0,0609616877352591;0,119803373710635;-0,0612858546210376;0,119938874143469;99;0,99;0,9;TRUE;0,545454545454545;0,8;FALSE;FALSE;0,54;0,45;0,01
"hs_tm_dy_hs_h_None";"hs_bmi_c_cat";0,23895795329256;1e-12;-0,0113225667368327;-0,0267440938127003;-0,0322217997743377;-0,0233867068740956;0,0385485204032088;-0,119866674910307;0,0088542005056104;-0,12384762887825;0,00931029861258549;83;0,83;0,9;FALSE;0,879518072289157;0,8;TRUE;FALSE;0,1;0,73;0,17
"hs_tm_wk_hs_h_None";"hs_bmi_c_cat";0,23895795329256;1e-12;0;0,00104971001997591;0,00194390744439982;0,000667564850693502;0,018671375384984;-0,0343946547282296;0,0387241912367619;-0,0590972333070856;0,0642104922832142;54;0,54;0,9;FALSE;NA;0,8;FALSE;FALSE;0,29;0,25;0,46
"hs_uvdvf_dy_hs_h_None";"hs_bmi_c_cat";0,23895795329256;1e-12;0;-0,0116497371262371;-0,0130895922766709;-0,0112345820753308;0,0222837597927163;-0,0608073802721222;0,0279029415393596;-0,0619921644891603;0,0293642141557157;89;0,89;0,9;FALSE;NA;0,8;FALSE;FALSE;0,14;0,75;0,11
"hs_uvdvf_wk_hs_h_None";"hs_bmi_c_cat";0,23895795329256;1e-12;0;-0,013166625262889;-0,0160568600766938;-0,0102836856087247;0,0264789246723731;-0,0884653617637481;0,0269899149873523;-0,0901449586159825;0,0277662176221112;82;0,82;0,9;FALSE;NA;0,8;FALSE;FALSE;0,17;0,65;0,18
"hs_ndvi100_h_None";"hs_bmi_c_cat";0,23895795329256;1e-12;-0,020270017358956;-0,0110672273633672;-0,0114095127457394;-0,0106210297201803;0,0418592972095029;-0,110767031912766;0,0882164368001402;-0,111076967568687;0,0886895868044729;97;0,97;0,9;TRUE;0,670103092783505;0,8;FALSE;FALSE;0,32;0,65;0,03
"hs_ndvi100_s_None";"hs_bmi_c_cat";0,23895795329256;1e-12;-0,00604358467379082;-0,0373884972064561;-0,0397749970281448;-0,0377674136159657;0,0406829907067915;-0,12502899163199;0,0189906031205963;-0,127367947961087;0,0195087934969436;94;0,94;0,9;TRUE;0,819148936170213;0,8;TRUE;TRUE;0,17;0,77;0,06
"hs_dde_cadj_Log2";"hs_bmi_c_cat";0,23895795329256;1e-12;-0,201923840475639;-0,209835545443767;-0,209835545443767;-0,204295413609859;0,0754427362744018;-0,357928512298783;-0,0656805983530856;-0,357928512298783;-0,0656805983530856;100;1;0,9;TRUE;1;0,8;TRUE;TRUE;0;1;0
"hs_ddt_cadj_Log2";"hs_bmi_c_cat";0,23895795329256;1e-12;-0,000392714187291995;-0,000782877193595109;-0,000978596491993886;-0,0002075944721953;0,0169860169882439;-0,0314487987040161;0,0393522960496875;-0,0324042202805304;0,0400068018576371;80;0,8;0,9;FALSE;0,525;0,8;FALSE;FALSE;0,38;0,42;0,2
"hs_hcb_cadj_Log2";"hs_bmi_c_cat";0,23895795329256;1e-12;-0,185097728778124;-0,297838696302049;-0,297838696302049;-0,217755538695571;0,192695599632986;-0,642976101208931;-0,0535405069955116;-0,642976101208931;-0,0535405069955116;100;1;0,9;TRUE;1;0,8;TRUE;TRUE;0;1;0
"hs_pcb118_cadj_Log2";"hs_bmi_c_cat";0,23895795329256;1e-12;0,0174421611590335;0,024719670786736;0,0277749109963326;0,0139953756711412;0,0346642836008221;-0,00806274905280858;0,117754582460288;-0,00866110145429513;0,121448431750347;89;0,89;0,9;FALSE;0,865168539325843;0,8;TRUE;FALSE;0,77;0,12;0,11
"hs_pcb138_cadj_Log2";"hs_bmi_c_cat";0,23895795329256;1e-12;0;-0,00693493332398925;-0,00866866665498656;-0,00141319494457128;0,0342440365403217;-0,0742292320402685;0,068177367939575;-0,0775075738445058;0,0796926491315885;80;0,8;0,9;FALSE;NA;0,8;FALSE;FALSE;0,29;0,51;0,2
"hs_pcb153_cadj_Log2";"hs_bmi_c_cat";0,23895795329256;1e-12;-0,0762596719519652;-0,0709293722930994;-0,0738847628053119;-0,0633435246348428;0,0494203130620767;-0,191231109588109;0;-0,19211123997969;-0,00753597320855399;96;0,96;0,9;TRUE;1;0,8;TRUE;TRUE;0;0,96;0,04
"hs_pcb170_cadj_Log2";"hs_bmi_c_cat";0,23895795329256;1e-12;-0,225084807580817;-0,20365004412632;-0,20365004412632;-0,19977291351631;0,0657243396125549;-0,343253153655842;-0,0900080887533027;-0,343253153655842;-0,0900080887533027;100;1;0,9;TRUE;1;0,8;TRUE;TRUE;0;1;0
"hs_pcb180_cadj_Log2";"hs_bmi_c_cat";0,23895795329256;1e-12;-0,0528903183043922;-0,0652565589944632;-0,0652565589944632;-0,0580292372682005;0,0532894646796623;-0,176369171187327;0,0181603087599811;-0,176369171187327;0,0181603087599811;100;1;0,9;TRUE;0,93;0,8;TRUE;TRUE;0,07;0,93;0
"hs_sumPCBs5_cadj_Log2";"hs_bmi_c_cat";0,23895795329256;1e-12;-0,155354723119054;-0,165004346840479;-0,168371782490285;-0,166506152886781;0,0652253044090903;-0,310600069027892;-0,0476146920856497;-0,31176329043796;-0,0557593178444875;98;0,98;0,9;TRUE;1;0,8;TRUE;TRUE;0;0,98;0,02
"hs_pfhxs_c_Log2";"hs_bmi_c_cat";0,23895795329256;1e-12;0,00535477514019721;0,0144445667406178;0,0158731502644152;0,00840983294530023;0,0331636156961969;-0,0379792323766735;0,083867973254248;-0,0390791366587335;0,0874469056465179;91;0,91;0,9;TRUE;0,747252747252747;0,8;FALSE;FALSE;0,68;0,23;0,09
"hs_pfna_c_Log2";"hs_bmi_c_cat";0,23895795329256;1e-12;0;-0,00122830858745226;-0,00175472655350322;-0,00464983581799842;0,0172539204720621;-0,0403649051933214;0,0324649501740714;-0,0425673782443422;0,0351565944216538;70;0,7;0,9;FALSE;NA;0,8;FALSE;FALSE;0,29;0,41;0,3
"hs_pfoa_c_Log2";"hs_bmi_c_cat";0,23895795329256;1e-12;-0,0521800715086893;-0,0377855472042122;-0,0385566808206247;-0,0303699563056253;0,0333536468843108;-0,115291184082601;0,00485106944009239;-0,116226461526331;0,00487043481938482;98;0,98;0,9;TRUE;0,969387755102041;0,8;TRUE;TRUE;0,03;0,95;0,02
"hs_pfos_c_Log2";"hs_bmi_c_cat";0,23895795329256;1e-12;-0,00780171256179204;-0,0220387430913983;-0,0229570240535399;-0,0133638425412668;0,0312875531462007;-0,0995608038420774;0,0265605101139081;-0,100011875150506;0,0267238140718099;96;0,96;0,9;TRUE;0,791666666666667;0,8;FALSE;FALSE;0,2;0,76;0,04
"hs_pfunda_c_Log2";"hs_bmi_c_cat";0,23895795329256;1e-12;-0,000838195258150926;-0,000837739819674531;-0,000941280696263518;-0,000164558546866659;0,0188147313054266;-0,0380858869167052;0,0398845359446313;-0,0387293910223584;0,0431000475547538;89;0,89;0,9;FALSE;0,550561797752809;0,8;FALSE;FALSE;0,4;0,49;0,11
"hs_hm_pers_None";"hs_bmi_c_cat";0,23895795329256;1e-12;-0,00412849185398353;-0,00684946491966667;-0,00698924991802721;-0,00629608975194244;0,0236972254357063;-0,0547832020503698;0,0420801655615767;-0,0548309260529656;0,0429425244211977;98;0,98;0,9;TRUE;0,653061224489796;0,8;FALSE;FALSE;0,34;0,64;0,02
"hs_trafload_h_pow1over3";"hs_bmi_c_cat";0,23895795329256;1e-12;-0,00628420479354416;-0,0228049882308946;-0,0265174281754589;-0,0163093053071974;0,0280544390284716;-0,0840095931698315;0,00746306460630324;-0,0845879408470176;0,0087028196551896;86;0,86;0,9;FALSE;0,883720930232558;0,8;TRUE;FALSE;0,1;0,76;0,14
"hs_trafnear_h_pow1over3";"hs_bmi_c_cat";0,23895795329256;1e-12;0;0,0120229733106171;0,0160306310808229;0,00891294364274093;0,0234035989135374;-0,0204252723617316;0,0768660357529941;-0,02177191808063;0,0803347990014471;75;0,75;0,9;FALSE;NA;0,8;FALSE;FALSE;0,58;0,17;0,25
"FAS_cat_None_Low";"hs_bmi_c_cat";0,23895795329256;1e-12;-0,304031044456304;-0,388478088921453;-0,388478088921453;-0,38405419682884;0,169503244296378;-0,69069145244339;-0,0854467617673718;-0,69069145244339;-0,0854467617673718;100;1;0,9;TRUE;1;0,8;TRUE;TRUE;0;1;0
"FAS_cat_None_Middle";"hs_bmi_c_cat";0,23895795329256;1e-12;-0,145916597161725;-0,128514273745801;-0,139689427984566;-0,133974814661797;0,0995372779875323;-0,351426007850096;0,00445559742428371;-0,355363366583193;0,00491759222633969;92;0,92;0,9;TRUE;0,934782608695652;0,8;TRUE;TRUE;0,06;0,86;0,08
"hs_globalexp2_None_no exposure";"hs_bmi_c_cat";0,23895795329256;1e-12;-0,0154353564797076;-0,0663656933052404;-0,072929333302462;-0,0603863179341337;0,0662422585957135;-0,222984769242033;0,0053638289091739;-0,234468240524837;0,00609222243385879;91;0,91;0,9;TRUE;0,901098901098901;0,8;TRUE;TRUE;0,09;0,82;0,09
