"exposure";"outcome";"lambda";"beta_unpenalized";"bootstrap_mean";"bootstrap_standard_error";"ci95_lower";"ci95_upper";"bootstrap_q025";"bootstrap_q975";"z_value";"p_value";"significant";"n_valid_bootstrap"
"h_abs_ratio_preg_Log";"e3_bw";0;-0,00593830174702068;-0,00520845989261218;0,00365475247536104;-0,0131014849711369;0,00122488147709557;-0,0123925653018958;0,00191230222083099;-1,62481639647403;0,104201686270235;FALSE;100
"h_no2_ratio_preg_Log";"e3_bw";0;-0,00235184105931325;-0,00323738708219659;0,00472365396024529;-0,011610032696824;0,00690635057819752;-0,0114045497058994;0,00627932641785808;-0,497885975371304;0,618564412870587;FALSE;100
"h_pm10_ratio_preg_None";"e3_bw";0;-0,00766896972957541;-0,00753222866796374;0,00412664300505765;-0,0157570413965425;0,000419101937391728;-0,0151900467724115;-7,99467074044979e-05;-1,85840396665673;0,0631116694200598;FALSE;100
"h_pm25_ratio_preg_None";"e3_bw";0;-0,00141140171931233;-0,00129132121533476;0,00353129501705819;-0,00833261277153213;0,00550980933290748;-0,00892169524325964;0,00506342837380587;-0,399683887212606;0,68938936129732;FALSE;100
"h_accesslines300_preg_dic0";"e3_bw";0;0,0133390678820261;0,0150088596705921;0,0111256954919614;-0,00846689458517774;0,03514503034923;-0,00644100297694989;0,0347342722943232;1,19894238447062;0,230550349500066;FALSE;100
"h_accesspoints300_preg_Log";"e3_bw";0;0,00586417455184392;0,0063557097483389;0,00432945248358857;-0,00262139638876716;0,014349745492455;-0,00337072339921543;0,0150426106949245;1,35448410025816;0,175581982613353;FALSE;100
"h_builtdens300_preg_Sqrt";"e3_bw";0;-0,001364734475561;-0,00190014356497129;0,00365055429355893;-0,00851968941454457;0,00579022046342257;-0,00793295895969997;0,0047161235069427;-0,373843084040401;0,708521063316736;FALSE;100
"h_connind300_preg_Sqrt";"e3_bw";0;0,00314626567968586;0,00346908930884462;0,0032423579924608;-0,00320863921052289;0,00950117056989461;-0,00282982757442937;0,00877327456941869;0,970363447528506;0,331865361712493;FALSE;100
"h_fdensity300_preg_Log";"e3_bw";0;0,00292712978760177;0,00265176887352571;0,00369287380925843;-0,00431076987799599;0,0101650294531995;-0,00385739595602425;0,00931216361731771;0,792642786835321;0,427985972675897;FALSE;100
"h_frichness300_preg_None";"e3_bw";0;0,00809939280428165;0,00836423914548784;0,00398313935304758;0,000292583126904212;0,0159062024816591;0,00121243582352153;0,0157735882119499;2,03341939269201;0,0420101697366476;TRUE;100
"h_landuseshan300_preg_None";"e3_bw";0;0,00596938277957906;0,00586381112703509;0,00339734278126418;-0,000689286714835874;0,012628052273994;0,000536668640511272;0,0131954161823717;1,75707403224051;0,0789051912586443;FALSE;100
"h_popdens_preg_Sqrt";"e3_bw";0;0,00433402110996945;0,00508745823413405;0,00300534276280419;-0,00155634246632486;0,0102243846862638;-0,000930020003065443;0,0108075879447403;1,44210542757709;0,149272634149123;FALSE;100
"h_walkability_mean_preg_None";"e3_bw";0;-0,0078928875807807;-0,00835777942353517;0,00353259061973276;-0,0148166379675809;-0,000969137193980473;-0,0146676044459567;-0,00220638327674488;-2,23430576322422;0,0254629613930672;TRUE;100
"hs_as_m_Log2";"e3_bw";0;0,00350486079284698;0,00346230511569013;0,00304063157047915;-0,00245466757554761;0,00946438916124158;-0,00166627194936972;0,00858081571350911;1,15267526223004;0,249043698781114;FALSE;100
"hs_cd_m_Log2";"e3_bw";0;-0,000148263503660686;0,000756900521590882;0,00296377167291863;-0,00595714924098122;0,00566062223365985;-0,00467435843325908;0,00604841088842344;-0,050025278605447;0,960102244122993;FALSE;100
"hs_co_m_Log2";"e3_bw";0;0,00241648968757742;0,002402684900226;0,00289159638978;-0,00325093509421743;0,00808391446937226;-0,00361792782561183;0,00721527172631788;0,835693977250147;0,403327084357169;FALSE;100
"hs_cs_m_Log2";"e3_bw";0;-0,00746134710207207;-0,00743422379060866;0,00295958644886819;-0,0132620299509865;-0,00166066425315763;-0,0135207551937849;-0,00278711831674681;-2,52107760019156;0,0116996047671473;TRUE;100
"hs_cu_m_Log2";"e3_bw";0;-0,00356240013126369;-0,00303300992554755;0,00273011152204331;-0,00891332038824641;0,00178852012571903;-0,0082962792512936;0,00229883011448178;-1,30485516891906;0,191942169221908;FALSE;100
"hs_hg_m_Log2";"e3_bw";0;-0,00148222017304305;-0,00135165914628493;0,00335019300031064;-0,00804847779491008;0,00508403744882398;-0,00731288785865294;0,00494985217943884;-0,442428293804451;0,658179308493143;FALSE;100
"hs_mn_m_Log2";"e3_bw";0;-0,000716785968195892;-0,000513191678796727;0,00255921205968157;-0,00573274943397235;0,00429917749758056;-0,00467314556971169;0,00417406350717453;-0,280080724645021;0,779415572624876;FALSE;100
"hs_mo_m_Log2";"e3_bw";0;-0,00101715783246452;-0,00115267962510281;0,0024874748684048;-0,00589251898698644;0,00385820332205741;-0,00586695636896708;0,00320184562942231;-0,408911802641371;0,682604387162628;FALSE;100
"hs_pb_m_Log2";"e3_bw";0;-0,00187243276376255;-0,00215983831198576;0,00235456473581803;-0,00648729484523396;0,00274242931770887;-0,00589767396176188;0,00301677761415296;-0,795235202192059;0,426476698296862;FALSE;100
"h_humidity_preg_None";"e3_bw";0;0,0289120646915627;0,0295811380907368;0,00488247742063361;0,0193425847917908;0,0384815445913346;0,0198200311765545;0,0387961165659653;5,92159721402475;3,18829742512188e-09;TRUE;100
"h_pressure_preg_None";"e3_bw";0;-0,0256494606836371;-0,0251002878630791;0,00444099155461952;-0,0343536441863379;-0,0169452771809363;-0,0343278280582345;-0,0169866436071326;-5,77561573089607;7,66721778981537e-09;TRUE;100
"h_temperature_preg_None";"e3_bw";0;0,007105390971795;0,00622994220855859;0,00391677335807932;-0,000571343745646463;0,0147821256892365;-0,000601748758601273;0,013521654442633;1,81409295923094;0,0696634153537964;FALSE;100
"h_ndvi100_preg_None";"e3_bw";0;0,00620340449274342;0,00546068768442464;0,00381351888460236;-0,00127095517544057;0,0136777641609274;-0,00240854257278919;0,0145225374230871;1,6266877601657;0,103803429611761;FALSE;100
"hs_dde_madj_Log2";"e3_bw";0;-0,00591876520095733;-0,00556900106999367;0,00319495710617885;-0,0121807660612182;0,000343235659303536;-0,0111206172277387;-3,91928153503216e-05;-1,85253354090757;0,0639492457892811;FALSE;100
"hs_ddt_madj_Log2";"e3_bw";0;-0,00238195290734245;-0,00171011153534295;0,00251240309729497;-0,00730617249268747;0,00254226667800257;-0,0067438778098603;0,00329599202589073;-0,948077523828494;0,343089989553709;FALSE;100
"hs_hcb_madj_Log2";"e3_bw";0;-0,000233483569090508;-0,000775874651915038;0,00308793478705042;-0,00628572453831768;0,00581875740013667;-0,00652778060108023;0,00532200437491557;-0,0756115608625049;0,939728138558549;FALSE;100
"hs_pcb118_madj_Log2";"e3_bw";0;0,00113132284051624;0,000822389038146424;0,00382522064171792;-0,00636597185017007;0,00862861753120256;-0,0063890252824391;0,0076728620694218;0,295753616975193;0,767418247374869;FALSE;100
"hs_pcb138_madj_Log2";"e3_bw";0;-0,00415804314394605;-0,00373183975242954;0,0029809984480416;-0,0100006927400774;0,00168460645218528;-0,00872991591625346;0,0024823026464451;-1,39484914749879;0,163061334630301;FALSE;100
"hs_pcb153_madj_Log2";"e3_bw";0;-0,00622044577325751;-0,00583509430708734;0,00477161145174979;-0,015572632366906;0,00313174082039096;-0,0141604389527783;0,00333376274712286;-1,30363627385805;0,192357626703983;FALSE;100
"hs_pcb170_madj_Log2";"e3_bw";0;0,000882077794651543;0,00120121429881818;0,00419219647861491;-0,00733447631954931;0,00909863190885239;-0,00639628522923032;0,00923650994047082;0,210409459373188;0,833348110394111;FALSE;100
"hs_pcb180_madj_Log2";"e3_bw";0;0,00764590365149556;0,00583465237379654;0,00451965281118449;-0,00121245308105124;0,0165042603840424;-0,00341477904051076;0,0133458957336195;1,69170154675924;0,0907028933764121;FALSE;100
"hs_sumPCBs5_madj_Log2";"e3_bw";0;-0,00242211587682799;-0,00268492210121451;0,00450627223429129;-0,0112542471605717;0,00641001540691578;-0,0117472451791601;0,00523154794017926;-0,537498790773549;0,590923119975791;FALSE;100
"hs_pfhxs_m_Log2";"e3_bw";0;0,0102248561051466;0,00936273885945991;0,00343372394974477;0,00349488083079426;0,016954831379499;0,00318860918061927;0,0155139582078759;2,97777464199085;0,0029034938348112;TRUE;100
"hs_pfna_m_Log2";"e3_bw";0;-0,00583085948917706;-0,00584334397549569;0,00395396500340664;-0,0135804884919859;0,00191876951363174;-0,013655501761787;0,00240867496809612;-1,47468667126627;0,140296801136519;FALSE;100
"hs_pfoa_m_Log2";"e3_bw";0;-0,000616228074538953;-0,00097105576899239;0,00370817575669634;-0,00788411900600834;0,00665166285693043;-0,00792652794051586;0,00637753063284265;-0,166180924252619;0,868014570950276;FALSE;100
"hs_pfos_m_Log2";"e3_bw";0;-0,00627806576443842;-0,00616193091857516;0,0036027555295198;-0,0133393368473997;0,000783205318522912;-0,0126484152115857;0,000871413270862471;-1,74257334781614;0,0814081689223845;FALSE;100
"hs_pfunda_m_Log2";"e3_bw";0;-0,00157703942516618;-0,00200166874370288;0,00322751760719384;-0,00790285769473499;0,00474877884440263;-0,00866278645509216;0,00344762928406671;-0,488623027695064;0,62510860698628;FALSE;100
"e3_asmokcigd_p_None";"e3_bw";0;-0,00499139887395577;-0,0048934323056334;0,00303552132200565;-0,0109409113393902;0,000958113591478714;-0,010961914512222;0,000746763301576917;-1,64433003246303;0,10010804902198;FALSE;100
"h_distinvnear1_preg_Log";"e3_bw";0;0,000724078874480601;0,000442568567992275;0,00290650793651197;-0,00497257200186269;0,00642072975082389;-0,00449761074557672;0,00542357279013166;0,249123308897464;0,80326539984504;FALSE;100
"h_trafload_preg_pow1over3";"e3_bw";0;-0,00246614900582678;-0,00202990352106908;0,00256905657643823;-0,00750140736989148;0,00256910935823793;-0,00670535718466079;0,00257174792675155;-0,959943439332845;0,337083682050147;FALSE;100
"h_trafnear_preg_pow1over3";"e3_bw";0;-0,00446194507192012;-0,00441789006147024;0,00362942682028762;-0,0115754909242076;0,00265160078036735;-0,0113546032133874;0,0025141021753507;-1,22938009026079;0,218929331478883;FALSE;100
"h_bro_preg_Log";"e3_bw";0;0,0103008999400962;0,0106074886661399;0,00488327978587177;0,000729847433355049;0,0198719524468373;0,00174947888333423;0,0205870122023652;2,10942243569549;0,0349081346045974;TRUE;100
"h_clf_preg_Log";"e3_bw";0;0,00272638328113789;0,00287427370190858;0,00387573265856969;-0,00486991314336437;0,0103226797056401;-0,00504172799823224;0,0117584570647478;0,703449778743006;0,481775493943564;FALSE;100
"h_thm_preg_Log";"e3_bw";0;0,00450309673141351;0,00474946895733243;0,00376095763097437;-0,00286824477267733;0,0118744382355044;-0,00211298966602824;0,0109427961507667;1,19732716325413;0,231179060963617;FALSE;100
"e3_alcpreg_yn_None_1";"e3_bw";0;0,0126928609837396;0,0134947822135354;0,00550261668382638;0,00190793046271072;0,0234777915047686;0,00348548386839542;0,0253765200455017;2,30669547109237;0,0210718029142503;TRUE;100
"h_pamod_t3_None_Often";"e3_bw";0;0,0984716493481118;0,0957915598604774;0,0104750877013961;0,0779408547184769;0,119002443977747;0,0746134771241406;0,112790160225008;9,40055607696605;5,42754573265673e-21;TRUE;100
"h_pamod_t3_None_Sometimes";"e3_bw";0;0,0839153996062274;0,0809509509031643;0,0115693445459787;0,0612399009713743;0,106590898241081;0,057706614704881;0,101270642222574;7,25325443223965;4,06874730308099e-13;TRUE;100
"h_pamod_t3_None_Very Often";"e3_bw";0;0,0906220620499466;0,0877047753200182;0,00921312713505945;0,0725646646802414;0,108679459419652;0,0709764346764116;0,105859457135008;9,83618924622187;7,8633010884757e-23;TRUE;100
"h_pavig_t3_None_Low";"e3_bw";0;0,102363457530571;0,100958700011206;0,00902639450229404;0,0846720493958241;0,120054865665317;0,0827187371738715;0,119412777501114;11,3404590841399;8,27094281329465e-30;TRUE;100
"h_pavig_t3_None_Medium";"e3_bw";0;0,0976215538207745;0,0959961406563518;0,00926557347102534;0,0794613635214551;0,115781744120094;0,0791584455478822;0,115426482886211;10,5359429857256;5,89890713560999e-26;TRUE;100
"hs_no2_dy_hs_h_Log";"e3_bw";0;0,00690781138828009;0,00752340718019739;0,00464733797740282;-0,00220080367141466;0,0160164264479748;-0,000834931465940682;0,0173117039739512;1,48640176846801;0,137172882336249;FALSE;100
"hs_no2_wk_hs_h_Log";"e3_bw";0;0,00580253854087999;0,00650175807333056;0,00399596760594553;-0,00202941405016199;0,013634491131922;-0,00111560896786769;0,0141739294761653;1,45209849355298;0,146474220765981;FALSE;100
"hs_no2_yr_hs_h_Log";"e3_bw";0;0,0213296712327829;0,0209854995201044;0,0041918558121065;0,0131137848126693;0,0295455576528966;0,0138014449072503;0,0277616248621112;5,08835995054522;3,61173356690165e-07;TRUE;100
"hs_pm10_dy_hs_h_None";"e3_bw";0;-0,00246366574309116;-0,00172936558263387;0,00393663057761825;-0,010179319895662;0,00525198840947972;-0,00840217299327956;0,00545921149103199;-0,625831074192826;0,531425747571303;FALSE;100
"hs_pm10_wk_hs_h_None";"e3_bw";0;-0,00595763774264917;-0,00600723790445333;0,00421796653787288;-0,0142247002448751;0,00230942475957678;-0,0132162619423096;0,00159076595062384;-1,41244310241816;0,157819532740792;FALSE;100
"hs_pm10_yr_hs_h_None";"e3_bw";0;0,00157411391598223;0,00131552735167791;0,00426816989516247;-0,00679134535843432;0,00993957319039877;-0,00751345352562673;0,00783912968289457;0,368803012683802;0,712274558939211;FALSE;100
"hs_pm25_dy_hs_h_None";"e3_bw";0;0,00314135921224056;0,00337476124258948;0,00377413640662553;-0,0042558122174869;0,010538530641968;-0,00434229472854469;0,00930916450254165;0,832338546833091;0,405217878638177;FALSE;100
"hs_pm25_wk_hs_h_None";"e3_bw";0;-0,00452703749595883;-0,00509187228770435;0,00444961410906274;-0,0132481208948231;0,00419404590290541;-0,0133575120209951;0,00334810915730695;-1,01740002278813;0,308963171186275;FALSE;100
"hs_pm25_yr_hs_h_None";"e3_bw";0;0,0154606365088081;0,016430828462043;0,00495923668993566;0,00574071120572457;0,0251805618118916;0,00728095981536679;0,0272225473853879;3,11754358088698;0,00182364982094877;TRUE;100
"hs_pm25abs_dy_hs_h_Log";"e3_bw";0;0,000271916116944556;-0,000471045563835397;0,00381620390313697;-0,00720770609086507;0,00775153832475419;-0,0075065674032717;0,00651982754180011;0,0712530367470768;0,943196371422939;FALSE;100
"hs_pm25abs_wk_hs_h_Log";"e3_bw";0;-0,0103354614259337;-0,0101711258034773;0,00374451226478451;-0,0176745706045798;-0,00299635224728751;-0,0177718041946471;-0,00354867681917285;-2,7601622574812;0,00577726598837013;TRUE;100
"hs_pm25abs_yr_hs_h_Log";"e3_bw";0;-0,00677628656207663;-0,00598230065835549;0,00393485361844908;-0,0144884579386739;0,000935884814520673;-0,0132576104694367;0,00082841281045698;-1,72211909746912;0,0850479462753421;FALSE;100
"hs_accesslines300_h_dic0";"e3_bw";0;-0,00770626051006148;-0,00811707359349823;0,0125463705415275;-0,0322966949081498;0,0168841738880268;-0,0323451286013337;0,0153165939917084;-0,614222295169295;0,539068442422835;FALSE;100
"hs_accesspoints300_h_Log";"e3_bw";0;-0,00822494669297763;-0,00749072136266777;0,00430668592049586;-0,0166658959898753;0,000216002603919989;-0,0149896861282116;0,00125429819691403;-1,90980880538199;0,056157835140721;FALSE;100
"hs_builtdens300_h_Sqrt";"e3_bw";0;-0,000843549168723524;-0,000914537467541512;0,00315099676421579;-0,00701938934198872;0,00533229100454168;-0,00647291375633367;0,00554338351853127;-0,267708675014607;0,788923571783754;FALSE;100
"hs_connind300_h_Log";"e3_bw";0;0,00522880576341597;0,00514291702112798;0,00337270677424121;-0,00138157804451107;0,011839189571343;-0,00130582375000204;0,0116738906377611;1,55032919059272;0,121062524491645;FALSE;100
"hs_fdensity300_h_Log";"e3_bw";0;0,00895589515746732;0,00868132799651189;0,00405700327186212;0,0010043148594564;0,0169074754554782;0,000563222412649712;0,0153070089306381;2,20751489642173;0,0272781074497148;TRUE;100
"hs_landuseshan300_h_None";"e3_bw";0;0,000882186625792774;0,000546347624876479;0,00323626393014147;-0,00546077412175055;0,0072251473733361;-0,00638166817240832;0,00592755734323079;0,272594153269264;0,785165206809504;FALSE;100
"hs_popdens_h_Sqrt";"e3_bw";0;-0,00497456689245942;-0,00436383674491368;0,00371533765059346;-0,0122564948780283;0,00230736109310942;-0,0112909996300284;0,00331580924001655;-1,33892726860635;0,180594351465251;FALSE;100
"hs_walkability_mean_h_None";"e3_bw";0;-0,00437466169273544;-0,00453620330219754;0,00353288488252588;-0,0112989888240122;0,00254966543854131;-0,0109643337271446;0,00289539581506595;-1,23826896097665;0,215616348784428;FALSE;100
"hs_accesslines300_s_dic0";"e3_bw";0;0,00841866773861718;0,00749108712122858;0,0118196170086668;-0,0147473559094268;0,0315846913866612;-0,0158911087065473;0,0252953945906076;0,712262312090496;0,47630235721308;FALSE;100
"hs_accesspoints300_s_Log";"e3_bw";0;0,00398584652520386;0,00395649439156826;0,0035044336322576;-0,00288271718023193;0,0108544102306396;-0,00372162481966096;0,00989366347497973;1,13737252391226;0,255382588387052;FALSE;100
"hs_builtdens300_s_Sqrt";"e3_bw";0;-0,00286234047319003;-0,00297578035034654;0,00312852542462068;-0,00899413763016445;0,00326945668378438;-0,00883130896319414;0,00304170955215105;-0,914916800951707;0,360235309244083;FALSE;100
"hs_connind300_s_Log";"e3_bw";0;0,000389905639885548;0,000110126604638339;0,00318793649584875;-0,00585833507697883;0,00663814635674993;-0,00523630044453658;0,00586082576856516;0,122306589354359;0,902656213629844;FALSE;100
"hs_fdensity300_s_Log";"e3_bw";0;0,00635641807145029;0,00609314059765553;0,00345274561782932;-0,00041083898727368;0,0131236751301743;-0,000591395573917636;0,0125429116273691;1,84097491533316;0,0656252347871804;FALSE;100
"hs_landuseshan300_s_None";"e3_bw";0;0,000401307706254614;0,000731274120133259;0,00311704291440908;-0,00570798414425294;0,00651059955676217;-0,00546196277002659;0,00663513355064386;0,128746288477293;0,897558407267202;FALSE;100
"hs_popdens_s_Sqrt";"e3_bw";0;0,000385192510135015;0,000118093407679543;0,00283720180794152;-0,0051756208503023;0,00594600587057233;-0,0058168398439563;0,00547667800939649;0,135764931862384;0,892007114637638;FALSE;100
"h_Absorbance_Log";"e3_bw";0;0,00367119219408212;0,00264024236527773;0,00348262668738044;-0,00315463068478158;0,0104970150729458;-0,0044501017869193;0,00814883265254963;1,05414462232916;0,291816709210293;FALSE;100
"h_Benzene_Log";"e3_bw";0;-0,00189437671907013;-0,00283911172573742;0,00303056903604124;-0,00783418288237322;0,00404542944423296;-0,00883962528470191;0,00227792803769463;-0,625089445757919;0,531912354525262;FALSE;100
"h_NO2_Log";"e3_bw";0;0,0112535670430749;0,0111345232649603;0,00294169262038143;0,00548795545354;0,0170191786326097;0,00579104317849691;0,0156789917989887;3,8255414468204;0,00013048497778451;TRUE;100
"h_PM_Log";"e3_bw";0;0,00394000642926944;0,00407459921939228;0,00315507660945678;-0,00224383009373059;0,0101238429522695;-0,00204646749514136;0,0102878480286394;1,24878312541127;0,211744407536439;FALSE;100
"h_TEX_Log";"e3_bw";0;-0,00115413014434864;-0,000626629736002544;0,00270635922561802;-0,00645849675578767;0,00415023646709039;-0,00593176800827348;0,00503160627552357;-0,426451201830047;0,66977909874421;FALSE;100
"hs_KIDMED_None";"e3_bw";0;0,000947331505559446;0,00159363297531011;0,00277607548319693;-0,00449367645987116;0,00638833947099005;-0,00404524386386412;0,0068589261972722;0,341248467951779;0,732916538530796;FALSE;100
"hs_mvpa_prd_alt_None";"e3_bw";0;-0,00153563338994685;-0,000998292107518609;0,00348004079307537;-0,00835638800910477;0,00528512122921107;-0,00676440592581511;0,00578867068040928;-0,441268790010299;0,6590184177865;FALSE;100
"hs_sd_wk_None";"e3_bw";0;-0,00214006717626819;-0,00210674922913357;0,00319846177730471;-0,0084089370657134;0,00412880271317702;-0,00743140475145338;0,00413528504405992;-0,669092621788836;0,503436396242362;FALSE;100
"hs_dif_hours_total_None";"e3_bw";0;-0,00436943465955023;-0,00333510311181197;0,00250555970897057;-0,0092802414502472;0,000541372131146745;-0,00825876288819785;0,00129059370971313;-1,74389564292022;0,0811772885370632;FALSE;100
"hs_as_c_Log2";"e3_bw";0;0,00270691111508192;0,00233246034313932;0,00345886382448828;-0,00407233740834357;0,00948615963850742;-0,00328478034245985;0,00839251955086326;0,782601239146036;0,433861313607911;FALSE;100
"hs_cd_c_Log2";"e3_bw";0;0,0002069639269416;0,000107055770730051;0,00221606617022149;-0,00413644595405013;0,00455037380793333;-0,0039611343477863;0,00416928706345449;0,0933924851715573;0,925591760390621;FALSE;100
"hs_co_c_Log2";"e3_bw";0;-0,0015686052628932;-0,00123247703137584;0,00270755454781031;-0,00687531466277904;0,00373810413699264;-0,00685968256756843;0,004212051651261;-0,579343919095474;0,562357136600267;FALSE;100
"hs_cs_c_Log2";"e3_bw";0;-0,00278388516838669;-0,00281207536564467;0,0034470281154162;-0,00953993612829941;0,00397216579152603;-0,00841886381328402;0,00297530195161482;-0,807618932940024;0,419309984204605;FALSE;100
"hs_cu_c_Log2";"e3_bw";0;-0,00146253157946202;-0,00142288009471284;0,00269746838507438;-0,00674947246364322;0,00382440930471918;-0,00623596168184868;0,00388397846840923;-0,542186736109492;0,587689871714086;FALSE;100
"hs_hg_c_Log2";"e3_bw";0;-0,00832014561757866;-0,00752645917829423;0,00338551727475843;-0,0149556375451434;-0,00168465369001395;-0,0136347623881678;-0,00124889593662537;-2,45756997892511;0,0139880555413398;TRUE;100
"hs_mn_c_Log2";"e3_bw";0;-0,0024236600080727;-0,00291522859710701;0,00221739480828382;-0,00676967397181509;0,00192235395566969;-0,00686714563130855;0,0020402770967067;-1,09302141369607;0,274384397929349;FALSE;100
"hs_mo_c_Log2";"e3_bw";0;-0,00575729114003714;-0,00572788706031408;0,00243645200907608;-0,0105326493278865;-0,000981932952187762;-0,0099878701198214;-0,00170448486648;-2,36298154800116;0,0181285721964639;TRUE;100
"hs_pb_c_Log2";"e3_bw";0;0,00105752527804961;0,00121033410872601;0,00277008820469711;-0,00437174783715594;0,00648679839325515;-0,00385309261085758;0,0063586586637538;0,381765922202915;0,702634997807597;FALSE;100
"hs_hum_mt_hs_h_None";"e3_bw";0;-0,0159318712892931;-0,0160198107055178;0,00445530913112363;-0,0246641167262879;-0,00719962585229834;-0,024872791202226;-0,00886605390295042;-3,57592948556525;0,000348985718127269;TRUE;100
"hs_tm_mt_hs_h_None";"e3_bw";0;0,00895647556345136;0,00828603082232506;0,00386427545016048;0,0013826348547945;0,0165303162721082;-9,05882297724928e-06;0,0150314157607117;2,31776323374655;0,0204621922864393;TRUE;100
"hs_uvdvf_mt_hs_h_None";"e3_bw";0;-0,00845526681649874;-0,00863747618132055;0,00454506041055002;-0,0173634215287356;0,000452887895738118;-0,0170583027639216;0,000831200379771172;-1,86032000738039;0,0628402645377282;FALSE;100
"hs_hum_dy_hs_h_None";"e3_bw";0;-0,00760070077014947;-0,00765616238863931;0,00347992161473664;-0,0144212218040558;-0,000780179736243183;-0,0141295825910839;-0,0012508109396847;-2,18415861379242;0,028950594873327;TRUE;100
"hs_hum_wk_hs_h_None";"e3_bw";0;-0,0149010328981418;-0,0153043838755006;0,00365834942480399;-0,0220712660136204;-0,00773079978266312;-0,0218509984375154;-0,0085524923756132;-4,07315736356708;4,63800642176257e-05;TRUE;100
"hs_tm_dy_hs_h_None";"e3_bw";0;0,000506468813622956;0,000978153186152424;0,00442329792679434;-0,00816303581578464;0,00917597344303055;-0,00624481061669716;0,00939780830643595;0,114500271517999;0,90884123117481;FALSE;100
"hs_tm_wk_hs_h_None";"e3_bw";0;0,00331325470945538;0,00351215080868231;0,00399299322438672;-0,00451286820085505;0,0111393776197658;-0,00426471699312672;0,0106826501704306;0,829767175466285;0,406670432796701;FALSE;100
"hs_uvdvf_dy_hs_h_None";"e3_bw";0;3,74980411199251e-07;1,45640881562482e-05;0,00408993704048879;-0,00801575431798316;0,00801650427880555;-0,00672819704900864;0,00839199019111356;9,16836634615866e-05;0,999926847020549;FALSE;100
"hs_uvdvf_wk_hs_h_None";"e3_bw";0;-0,0158883104733346;-0,0153707645679827;0,004367970582035;-0,0244493754996537;-0,0073272454470156;-0,0235642014124175;-0,00612357307673051;-3,63745821427498;0,000275341843996163;TRUE;100
"hs_ndvi100_h_None";"e3_bw";0;0,00463873648654391;0,00581047889763425;0,00356441706765072;-0,00234739259193137;0,0116248655650192;-4,78586407653405e-05;0,0132600732926538;1,30140115438322;0,193121178722469;FALSE;100
"hs_ndvi100_s_None";"e3_bw";0;0,00772186042787092;0,00810201878852888;0,00399631069868242;-0,000110764612578721;0,0155544854683206;-0,000294956407730638;0,0150264118457445;1,93224726756526;0,0533289936113451;FALSE;100
"hs_dde_cadj_Log2";"e3_bw";0;-0,00299290923091772;-0,00293356586036762;0,00348476821709697;-0,00982292943089764;0,00383711096906221;-0,0107229229904489;0,00265442431227945;-0,858854605087909;0,390420736912399;FALSE;100
"hs_ddt_cadj_Log2";"e3_bw";0;-0,00548884962698126;-0,00499653750516894;0,00285654416904749;-0,0110875733185622;0,000109874064599707;-0,0103651637541415;0,000182628537390815;-1,92150000215523;0,0546687020974259;FALSE;100
"hs_hcb_cadj_Log2";"e3_bw";0;-0,00309511693746773;-0,00549468350997669;0,004662711033894;-0,0122338626342175;0,00604362875928203;-0,0159702294547964;0,00035707047195168;-0,663802005950792;0,506817041657887;FALSE;100
"hs_pcb118_cadj_Log2";"e3_bw";0;0,00120158037472464;0,00119231564380613;0,00343079899445849;-0,00552266209261023;0,00792582284205951;-0,00690741192906495;0,00711211073511957;0,350233393639633;0,726163547383659;FALSE;100
"hs_pcb138_cadj_Log2";"e3_bw";0;-0,000296485192941339;-0,00098666696789804;0,0050929404076767;-0,0102784649673964;0,00968549458151373;-0,0115626322029251;0,00829132144017338;-0,0582149346366669;0,953577424777418;FALSE;100
"hs_pcb153_cadj_Log2";"e3_bw";0;0,000854406872900315;0,00105255995794114;0,00451767326321007;-0,00800007001691095;0,00970888376271158;-0,00809724706625773;0,00846031388556791;0,189125424332527;0,849994515323978;FALSE;100
"hs_pcb170_cadj_Log2";"e3_bw";0;-0,00794612997779207;-0,00865178644208349;0,00338845839457711;-0,0145873863942756;-0,00130487356130852;-0,014945953376694;-0,00283209353906745;-2,34505756083919;0,0190241423568797;TRUE;100
"hs_pcb180_cadj_Log2";"e3_bw";0;-0,00163634773275696;-0,000616451231330135;0,00390141622732689;-0,00928298302701781;0,00601028756150388;-0,007605264077945;0,00600538575723243;-0,419424034097005;0,674906262259307;FALSE;100
"hs_sumPCBs5_cadj_Log2";"e3_bw";0;-0,0114101536109852;-0,0105145059198606;0,00441977148057322;-0,020072746532806;-0,00274756068916441;-0,0189104976814543;-0,00290371726692938;-2,58161619014415;0,00983388825358145;TRUE;100
"hs_pfhxs_c_Log2";"e3_bw";0;0,00830217497628965;0,00773885653047307;0,00316245378738665;0,00210387945023952;0,0145004705023398;0,00291651058739746;0,0141231174591311;2,62523203007823;0,00865899373825077;TRUE;100
"hs_pfna_c_Log2";"e3_bw";0;-0,00555945303976798;-0,00579796834915792;0,0033440821906647;-0,0121137336948126;0,000994827615276634;-0,0127784345013101;0,000577229444798288;-1,66247499995296;0,0964175719428666;FALSE;100
"hs_pfoa_c_Log2";"e3_bw";0;0,00508675586299462;0,00553193439550381;0,00316394132924887;-0,00111445519153095;0,0112879669175202;-0,00133079434170654;0,01027357600254;1,60772761996893;0,107894846662748;FALSE;100
"hs_pfos_c_Log2";"e3_bw";0;-0,00314965022947737;-0,00315158733430528;0,0032258233082883;-0,00947214773421229;0,00317284727525756;-0,0102651260978796;0,00185728899687287;-0,976386468962754;0,32887298428995;FALSE;100
"hs_pfunda_c_Log2";"e3_bw";0;0,00154851386950675;0,00113855088304566;0,00287518215718773;-0,00408673960757338;0,00718376734658688;-0,00443677535128348;0,00609069121395456;0,538579395964734;0,590177107662983;FALSE;100
"hs_hm_pers_None";"e3_bw";0;-0,00088740147298109;-6,73273548754607e-05;0,00254694237871446;-0,00587931680596021;0,00410451385999803;-0,00541726607276753;0,00434269258912917;-0,348418354650408;0,727526020059355;FALSE;100
"hs_trafload_h_pow1over3";"e3_bw";0;-0,00141231835876622;-0,00173206943567242;0,00271589432365164;-0,00673537341894021;0,00391073670140776;-0,00741655482085734;0,00296125686179614;-0,520019629065427;0,603049893999088;FALSE;100
"hs_trafnear_h_pow1over3";"e3_bw";0;-0,00579175655230038;-0,00507647007887368;0,00335009820918869;-0,0123578283869823;0,000774315282381576;-0,0115169293658501;0,00191029350281457;-1,72883187018658;0,0838391904048587;FALSE;100
"FAS_cat_None_Low";"e3_bw";0;0,0162051668195401;0,0151388256101717;0,0106022402879953;-0,0045748423003703;0,0369851759394504;-0,00325201879241077;0,0379755224596022;1,52846628442187;0,126396808385536;FALSE;100
"FAS_cat_None_Middle";"e3_bw";0;0,0141583069641426;0,0137112279123569;0,00629371049963262;0,00182286105574113;0,0264937528725442;0,00285396930451427;0,0249971736146919;2,24959615873166;0,024474592522214;TRUE;100
"hs_globalexp2_None_no exposure";"e3_bw";0;0,0251412939165437;0,0245704870729604;0,00529486293881;0,0147635532534002;0,0355190345796872;0,0144017092873959;0,0346507579965521;4,74824262820183;2,05191789155167e-06;TRUE;100
"h_abs_ratio_preg_Log";"hs_asthma";0;-0,105743472641258;-0,10606571975271;0,0669538110483519;-0,236970530923727;0,0254835856412121;-0,229938798909292;0,0201117109958898;-1,5793495692858;0,114255897908261;FALSE;100
"h_no2_ratio_preg_Log";"hs_asthma";0;-0,0609420475264169;-0,0662741109964399;0,0696767229363969;-0,197505915042531;0,075621819989697;-0,189881920902846;0,0693282726001585;-0,874639979581799;0,381769827267145;FALSE;100
"h_pm10_ratio_preg_None";"hs_asthma";0;0,0237284575423041;0,0176816061441715;0,0583501347893946;-0,090635705137967;0,138092620222575;-0,0908101386250245;0,128795770441294;0,406656430665466;0,684260344748373;FALSE;100
"h_pm25_ratio_preg_None";"hs_asthma";0;-0,0491211077711333;-0,0454340332465547;0,0657392997694771;-0,177967767688191;0,079725552145924;-0,156509232177505;0,0672683259159673;-0,747210693502708;0,454936390179125;FALSE;100
"h_accesslines300_preg_dic0";"hs_asthma";0;-0,318104969031652;-0,291447822377989;0,179199021615752;-0,669328597463342;0,0331186594000371;-0,607179089946448;0,0980363473002874;-1,77514902795479;0,0758732834639921;FALSE;100
"h_accesspoints300_preg_Log";"hs_asthma";0;0,0627878054302864;0,0531575986760163;0,0632776433726379;-0,0612340966066534;0,186809707467226;-0,0603920640110102;0,180369478823288;0,992258909841714;0,321071242075287;FALSE;100
"h_builtdens300_preg_Sqrt";"hs_asthma";0;0,0239999124706065;0,0242858666963397;0,0610022363953076;-0,0955622738405949;0,143562098781808;-0,0966189706111811;0,126832758014147;0,393426764144873;0,694004305211974;FALSE;100
"h_connind300_preg_Sqrt";"hs_asthma";0;0,0680327519354546;0,063176167737859;0,0606947703015344;-0,0509268119054841;0,186992315776393;-0,0777556489213526;0,179265395995475;1,12089973481183;0,262330543797354;FALSE;100
"h_fdensity300_preg_Log";"hs_asthma";0;-0,0316183035465811;-0,0307030929995655;0,0591145020954901;-0,147480598617759;0,0842439915245971;-0,138851144086324;0,0896547065102153;-0,534865429391704;0,592742915118818;FALSE;100
"h_frichness300_preg_None";"hs_asthma";0;0,0306002284748777;0,0280625699758073;0,057501741950759;-0,0821011147969259;0,143301571746681;-0,0752426010555816;0,143866979806496;0,53216176478761;0,594613962112533;FALSE;100
"h_landuseshan300_preg_None";"hs_asthma";0;-0,100655728099324;-0,0990372034971347;0,0631864290387719;-0,224498853327013;0,0231873971283643;-0,230487097903654;0,00547776554983802;-1,59299599028711;0,111161090566978;FALSE;100
"h_popdens_preg_Sqrt";"hs_asthma";0;-0,159956060958105;-0,147904108883995;0,066711746714142;-0,290708681863581;-0,029203440052628;-0,269199524243205;-0,0101574385018316;-2,39771957468768;0,0164974898803825;TRUE;100
"h_walkability_mean_preg_None";"hs_asthma";0;0,111424053792543;0,1060116584745;0,0671667144138836;-0,0202202874185563;0,243068395003642;-0,0122751254309777;0,244359837277359;1,65891773573952;0,0971323702465706;FALSE;100
"hs_as_m_Log2";"hs_asthma";0;0,0351139451344244;0,033819637068532;0,0561437003924735;-0,074925685593631;0,14515357586248;-0,0634827857334384;0,133123569350325;0,625429832536147;0,531688987473509;FALSE;100
"hs_cd_m_Log2";"hs_asthma";0;-0,234820183473802;-0,228782728074887;0,0611057397566803;-0,354585232645573;-0,115055134302032;-0,355845728770976;-0,104412856054597;-3,84284986007605;0,000121613871717026;TRUE;100
"hs_co_m_Log2";"hs_asthma";0;0,0705004861808615;0,0694205158849948;0,0680087911749731;-0,0627942951541911;0,203795267515914;-0,057090328061475;0,196399371742845;1,03663783700372;0,299904672638738;FALSE;100
"hs_cs_m_Log2";"hs_asthma";0;-0,0376802929133032;-0,0351828842794409;0,0818863128713804;-0,198174516967987;0,122813931141381;-0,167109470696019;0,11755496414121;-0,460153737444351;0,645405874650671;FALSE;100
"hs_cu_m_Log2";"hs_asthma";0;-0,0193953109516892;-0,0204267991204719;0,0577278133438966;-0,132539746011977;0,0937491241085988;-0,117575628880874;0,0879234672987687;-0,335978618073533;0,736886990495308;FALSE;100
"hs_hg_m_Log2";"hs_asthma";0;-0,0502310121816267;-0,04634214285443;0,0644336139145545;-0,176518574847912;0,0760565504846591;-0,166752256927547;0,0741507873939997;-0,77957775654549;0,435639452841263;FALSE;100
"hs_mn_m_Log2";"hs_asthma";0;0,0324586994252759;0,0339079919137592;0,065041149669762;-0,0950196114405369;0,159937010291089;-0,0948695699296042;0,153798809559799;0,499048672879872;0,617745095276636;FALSE;100
"hs_mo_m_Log2";"hs_asthma";0;0,0913544936791885;0,0884753636657933;0,0671863848148323;-0,0403284008093316;0,223037388167709;-0,0481530747917906;0,217960105117742;1,35971735837498;0,173919382909308;FALSE;100
"hs_pb_m_Log2";"hs_asthma";0;0,0136671306084161;0,0115996991444632;0,0631974618938908;-0,110197618617952;0,137531879834785;-0,0942215035792255;0,140114592408296;0,216260751600489;0,82878450082531;FALSE;100
"h_humidity_preg_None";"hs_asthma";0;-0,125965338641397;-0,123112540173365;0,0541642798090157;-0,232125376315617;-0,0198053009671758;-0,237016732752172;-0,0222908495047041;-2,32561642258612;0,0200390226841838;TRUE;100
"h_pressure_preg_None";"hs_asthma";0;0,0797593228811211;0,0786633253580064;0,0562450329740242;-0,0304789160572341;0,189997561819476;-0,0371942555768772;0,183708345041216;1,41806873716221;0,156170697546512;FALSE;100
"h_temperature_preg_None";"hs_asthma";0;0,0295450404286102;0,0296545252282036;0,0750237027494996;-0,117498714947248;0,176588795804468;-0,108082294911637;0,165245964331828;0,393809414169541;0,693721753428007;FALSE;100
"h_ndvi100_preg_None";"hs_asthma";0;0,164791703882612;0,161297472106372;0,0609734254718553;0,0452859859437388;0,284297421821486;0,0522144556910909;0,261648382212317;2,70268075981197;0,00687827734153814;TRUE;100
"hs_dde_madj_Log2";"hs_asthma";0;-0,0662060497301195;-0,0684664179060566;0,0599009001726073;-0,183609656709959;0,0511975572497199;-0,19363713732333;0,0384300554373885;-1,1052596795598;0,269047083745139;FALSE;100
"hs_ddt_madj_Log2";"hs_asthma";0;-0,0788083996027153;-0,0781210742290573;0,0604039227241309;-0,197197912666952;0,0395811134615217;-0,197538492457133;0,0391720415280876;-1,30469009376492;0,191998396031841;FALSE;100
"hs_hcb_madj_Log2";"hs_asthma";0;0,0938592182474236;0,0918373600195931;0,0541318574177785;-0,0122372727076797;0,199955709202527;-0,00250094046784097;0,181457426169866;1,73389982765671;0,0829358584643644;FALSE;100
"hs_pcb118_madj_Log2";"hs_asthma";0;0,151873421548637;0,144978921190214;0,0703294419276011;0,0140302483177379;0,289716594779537;0,00650748517903268;0,263504077427413;2,15945722568053;0,0308147123813205;TRUE;100
"hs_pcb138_madj_Log2";"hs_asthma";0;0,0210643105499192;0,0228520448370571;0,0536398288692761;-0,0840678221707537;0,126196443270592;-0,066355803505094;0,142938291797569;0,392699063251197;0,694541762614137;FALSE;100
"hs_pcb153_madj_Log2";"hs_asthma";0;0,120019707759318;0,109840599909769;0,0568613204382534;0,00857356758695024;0,231465847931686;-0,00665966379269743;0,214700155802849;2,11074429567019;0,0347942964106119;TRUE;100
"hs_pcb170_madj_Log2";"hs_asthma";0;-0,101338468607711;-0,0966947022573497;0,0528909498864909;-0,205002825493346;0,00232588827792389;-0,20208715144721;-0,00787127968705999;-1,9159888189793;0,0553665188917821;FALSE;100
"hs_pcb180_madj_Log2";"hs_asthma";0;0,000613048031684788;-0,000109921363783855;0,0637854611748874;-0,124404158608372;0,125630254671742;-0,120435874939877;0,128163459423902;0,00961109350615069;0,992331574938581;FALSE;100
"hs_sumPCBs5_madj_Log2";"hs_asthma";0;-0,0268496471376428;-0,0214011212638497;0,0549644975421811;-0,134578082748658;0,0808787884733725;-0,127341345579437;0,0908232651343818;-0,488490722889584;0,62520229526893;FALSE;100
"hs_pfhxs_m_Log2";"hs_asthma";0;0,0362920532349759;0,0370582680776666;0,0505399747756121;-0,0627644771047865;0,135348583574738;-0,0550182269547643;0,12430227671371;0,718086097116308;0,472704201961715;FALSE;100
"hs_pfna_m_Log2";"hs_asthma";0;0,110827123467731;0,109986468327437;0,0566777369701236;-0,000259199718945349;0,221913446654408;-0,00197434936074675;0,228113209184095;1,95539076526911;0,0505369652790295;FALSE;100
"hs_pfoa_m_Log2";"hs_asthma";0;0,0214407481556971;0,021869802492878;0,0643615238227261;-0,104705520526963;0,147587016838357;-0,109448983642207;0,135366670257521;0,33312990249815;0,739036228338862;FALSE;100
"hs_pfos_m_Log2";"hs_asthma";0;-0,0299708553020577;-0,0272455209479044;0,0658949454298206;-0,159122575107738;0,0991808645036229;-0,164593414727974;0,116121739444087;-0,454827834010079;0,649233104098075;FALSE;100
"hs_pfunda_m_Log2";"hs_asthma";0;-0,0181409625031842;-0,0150180987321549;0,0678482189967434;-0,151121028151988;0,114839103145619;-0,180642732605209;0,0896593757067093;-0,267375662492407;0,789179936045486;FALSE;100
"e3_asmokcigd_p_None";"hs_asthma";0;0,0848925704396539;0,0788150325072127;0,0741898467529799;-0,0605168572147324;0,23030199809404;-0,080779195955403;0,213425734849426;1,1442612992895;0,252515287985082;FALSE;100
"h_distinvnear1_preg_Log";"hs_asthma";0;0,047948690348273;0,0498867116594993;0,0600190119613091;-0,0696864114835714;0,165583792180117;-0,0633680940090412;0,175327217796897;0,798891697503832;0,424353213531973;FALSE;100
"h_trafload_preg_pow1over3";"hs_asthma";0;-0,0278267879003464;-0,0240099359821289;0,057801966504885;-0,141116560485511;0,0854629846848188;-0,120468136924994;0,099844514816944;-0,481415937604729;0,630220911681476;FALSE;100
"h_trafnear_preg_pow1over3";"hs_asthma";0;-0,077436968089429;-0,0761892968965402;0,0555792109243298;-0,18637021979027;0,0314962836114124;-0,192486403188423;0,0208949269953834;-1,39327217500188;0,163537501485132;FALSE;100
"h_bro_preg_Log";"hs_asthma";0;0,049353430687641;0,0425096776072174;0,0603026444433656;-0,0688375805938799;0,167544441969162;-0,0634471106989529;0,160309530171734;0,818428961834207;0,413112289929099;FALSE;100
"h_clf_preg_Log";"hs_asthma";0;-0,0830356558367643;-0,0840985151507144;0,0658609711160285;-0,212120787211013;0,0460494755374842;-0,212250876354382;0,0456325872001215;-1,26077181113043;0,207391072665199;FALSE;100
"h_thm_preg_Log";"hs_asthma";0;0,0731995624643136;0,0645111351346634;0,0533931298685944;-0,0314490491000013;0,177848174028629;-0,0587625020023919;0,150494651444204;1,37095470230842;0,170389077208919;FALSE;100
"e3_alcpreg_yn_None_1";"hs_asthma";0;-0,197956122421172;-0,204988951734612;0,151759815105002;-0,495399894327435;0,0994876494850901;-0,475092649953808;0,0305825237216963;-1,30440408275542;0,192095843885616;FALSE;100
"h_pamod_t3_None_Often";"hs_asthma";0;-0,221360201332451;-0,214594186668087;0,108114886395443;-0,433261484860158;-0,00945891780474312;-0,390651976366449;-0,00314195914948304;-2,04745348871569;0,0406135791489892;TRUE;100
"h_pamod_t3_None_Sometimes";"hs_asthma";0;-0,0145181170009062;-0,0129952666333164;0,16322861201927;-0,334440317805137;0,305404083803324;-0,342625622118766;0,297585655478021;-0,0889434567953827;0,929126846859746;FALSE;100
"h_pamod_t3_None_Very Often";"hs_asthma";0;-0,216286445914736;-0,215091711635569;0,113417272408358;-0,438580215059886;0,00600732323041275;-0,431596582454245;-0,0124776009245785;-1,90699742042817;0,0565209215339439;FALSE;100
"h_pavig_t3_None_Low";"hs_asthma";0;-0,470729424419425;-0,46644036099945;0,136708200720624;-0,73867257422312;-0,20278627461573;-0,710165864012573;-0,250662161413055;-3,44331519205205;0,000574629178989238;TRUE;100
"h_pavig_t3_None_Medium";"hs_asthma";0;-0,289639952464043;-0,271486429612392;0,134499550833671;-0,553254228034852;-0,0260256768932341;-0,50787011121782;-0,000899040217918886;-2,15346408719407;0,0312822235960428;TRUE;100
"hs_no2_dy_hs_h_Log";"hs_asthma";0;-0,0638193646359575;-0,0695857972983537;0,0489245141863329;-0,159709650402289;0,0320709211303738;-0,158981913601852;0,0330547154287214;-1,3044455463144;0,192081714431773;FALSE;100
"hs_no2_wk_hs_h_Log";"hs_asthma";0;0,0433905695623267;0,039083803096467;0,0540473076189608;-0,0625402068321937;0,149321345956847;-0,0680767490153671;0,142269595681802;0,80282573681995;0,422075464274749;FALSE;100
"hs_no2_yr_hs_h_Log";"hs_asthma";0;-0,0737492345387944;-0,0708673908699935;0,0453759925538323;-0,162684545707063;0,0151860766294745;-0,153247346031677;0,0104827252426813;-1,6252919305578;0,104100370031188;FALSE;100
"hs_pm10_dy_hs_h_None";"hs_asthma";0;-0,016407259512932;-0,0185444862277725;0,0532447631689185;-0,120765077689377;0,0879505586635129;-0,120191151960941;0,082448178347413;-0,308147854106894;0,757969829337606;FALSE;100
"hs_pm10_wk_hs_h_None";"hs_asthma";0;-0,00789412752452327;-0,00532117307582728;0,0616895142697453;-0,128803353716994;0,113015098667947;-0,121728060002704;0,106470239866825;-0,127965467356497;0,898176301372179;FALSE;100
"hs_pm10_yr_hs_h_None";"hs_asthma";0;-0,0164159577963005;-0,0166368237155923;0,041990086709884;-0,098715015455387;0,0658830998627861;-0,0866653251436505;0,0667600245264069;-0,390948413841601;0,695835367011391;FALSE;100
"hs_pm25_dy_hs_h_None";"hs_asthma";0;-0,0945907067702441;-0,0962785454033514;0,064680239489503;-0,221361646681095;0,032180233140607;-0,228180798456896;0,0284524321958911;-1,46243593896394;0,143621787064427;FALSE;100
"hs_pm25_wk_hs_h_None";"hs_asthma";0;0,000945152117467533;6,43838393392313e-05;0,0615448715528931;-0,119680579559347;0,121570883794282;-0,123017827069656;0,122142339897615;0,0153571222689976;0,987747270861497;FALSE;100
"hs_pm25_yr_hs_h_None";"hs_asthma";0;-0,101083392539451;-0,0957891670083771;0,0691976813305733;-0,236708355761054;0,0345415706821527;-0,223923653083137;0,0387615511391991;-1,46079161318357;0,144072638141713;FALSE;100
"hs_pm25abs_dy_hs_h_Log";"hs_asthma";0;0,0886201610558263;0,084677801978118;0,0714244347468387;-0,0513691586641086;0,228609480775761;-0,0366610931644302;0,208716096871662;1,2407541112497;0,214696597978655;FALSE;100
"hs_pm25abs_wk_hs_h_Log";"hs_asthma";0;-0,0557433596465341;-0,0500790845270096;0,0809888655004204;-0,214478619176117;0,102991899883048;-0,206032556512621;0,0966865196242521;-0,688284238853114;0,491273805000212;FALSE;100
"hs_pm25abs_yr_hs_h_Log";"hs_asthma";0;-0,136324635403413;-0,131097858120221;0,0711852890820915;-0,275845238233384;0,00319596742655914;-0,259708695356358;0,00215877143191963;-1,91506752534504;0,0554838926618891;FALSE;100
"hs_accesslines300_h_dic0";"hs_asthma";0;0,149378220127718;0,144872778832909;0,153410012172775;-0,151299878598771;0,450056318854208;-0,20736287100897;0,39526261145851;0,973718846717021;0,330196156867775;FALSE;100
"hs_accesspoints300_h_Log";"hs_asthma";0;-0,252196872945494;-0,243866009705602;0,0640130658769512;-0,377660176604309;-0,12673356928668;-0,351598806388278;-0,115749294855229;-3,93977181830782;8,15591461507987e-05;TRUE;100
"hs_builtdens300_h_Sqrt";"hs_asthma";0;-0,0134638625127893;-0,0142395207812309;0,0589410661822503;-0,128986229440392;0,102058504414813;-0,129986540806105;0,0990772937097491;-0,228429232534716;0,819312565845522;FALSE;100
"hs_connind300_h_Log";"hs_asthma";0;0,0167301578137184;0,0207585608075649;0,0716969581907211;-0,123793298041169;0,157253613668606;-0,103316767059471;0,147966638468046;0,233345433835764;0,815493181083108;FALSE;100
"hs_fdensity300_h_Log";"hs_asthma";0;0,0391290053819855;0,0375058341358611;0,0754145489638568;-0,108680794497506;0,186938805261477;-0,12260852607548;0,178437473853713;0,5188522098135;0,603863806276273;FALSE;100
"hs_landuseshan300_h_None";"hs_asthma";0;0,104867158550052;0,10320786405742;0,0689914357875471;-0,0303535708352482;0,240087887935352;-0,020614890472123;0,219688297526814;1,52000255325865;0,128510333930475;FALSE;100
"hs_popdens_h_Sqrt";"hs_asthma";0;0,0532441678907596;0,0524230126592796;0,0731615745941348;-0,0901498833659851;0,196638219147504;-0,0776839670673705;0,191330048041305;0,727761371814817;0,466759674431305;FALSE;100
"hs_walkability_mean_h_None";"hs_asthma";0;0,138948634295303;0,136053110824448;0,0789368787355052;-0,0157648050782924;0,293662073668899;0,016166502276518;0,297526145320465;1,76024991767005;0,0783654416719126;FALSE;100
"hs_accesslines300_s_dic0";"hs_asthma";0;-0,164728976297976;-0,156888988881212;0,185473655530426;-0,528250661218599;0,198792708622647;-0,533752711425006;0,165280338289129;-0,888152960736536;0,374458477734936;FALSE;100
"hs_accesspoints300_s_Log";"hs_asthma";0;-0,0149066583927487;-0,0158564007663708;0,0625167269896305;-0,137437191723748;0,10762387493825;-0,124614896885336;0,0917031509538526;-0,238442719421655;0,811537737401874;FALSE;100
"hs_builtdens300_s_Sqrt";"hs_asthma";0;-0,0327575606900429;-0,0302864616197962;0,0750535630463466;-0,179859841172288;0,114344719792203;-0,200485643220767;0,108986421526623;-0,43645577052504;0,662506082781063;FALSE;100
"hs_connind300_s_Log";"hs_asthma";0;0,0171670256315372;0,0175291898359106;0,0776484570743877;-0,135021153689367;0,169355204952441;-0,129694714917977;0,187364276575637;0,221086500342062;0,825025081358213;FALSE;100
"hs_fdensity300_s_Log";"hs_asthma";0;-0,078855560735954;-0,0761772535819257;0,0661088656750745;-0,208426556517896;0,0507154350459882;-0,200614846443374;0,0434330787044766;-1,19281370101749;0,232942343026461;FALSE;100
"hs_landuseshan300_s_None";"hs_asthma";0;-0,0903605669172878;-0,0929196220315185;0,0785525159097722;-0,244320668995451;0,0635995351608753;-0,232300965894707;0,0721512029857619;-1,15032046867956;0,250011903347495;FALSE;100
"hs_popdens_s_Sqrt";"hs_asthma";0;0,0242472606508456;0,0270020077999137;0,0610352745877475;-0,0953796793276522;0,143874200629343;-0,0830947239891988;0,161484686294685;0,397266348265322;0,691171060097956;FALSE;100
"h_Absorbance_Log";"hs_asthma";0;0,127183601173067;0,122169520200107;0,0745378928563478;-0,0189079843088802;0,273275186655014;-0,0362189511341511;0,243100604507173;1,70629456105205;0,0879532502400232;FALSE;100
"h_Benzene_Log";"hs_asthma";0;0,180039994099037;0,179818461924014;0,0638301058156873;0,0549352855709091;0,305144702627165;0,0733043148126222;0,29507562503242;2,82061249622414;0,00479320639839676;TRUE;100
"h_NO2_Log";"hs_asthma";0;-0,0364049314659369;-0,0342684793150909;0,0651784082221442;-0,164152264150989;0,091342401219115;-0,14009703659383;0,0969829196148703;-0,55854281285698;0,576473778071001;FALSE;100
"h_PM_Log";"hs_asthma";0;0,0276452644433592;0,0294895396894999;0,0673733941518386;-0,104404161610466;0,159694690497184;-0,0839051496691144;0,145392856055834;0,410329103815899;0,681564545346459;FALSE;100
"h_TEX_Log";"hs_asthma";0;-0,0560803681849995;-0,0503016499015414;0,0743847957167098;-0,20187188878712;0,089711152417121;-0,171515939675957;0,0951746277862395;-0,753922460156755;0,450895783140736;FALSE;100
"hs_KIDMED_None";"hs_asthma";0;-0,170963386513257;-0,171843381238713;0,0697775947829588;-0,307724959215686;-0,0342018138108278;-0,307156853050169;-0,0578193061864074;-2,45011865262816;0,0142809146462526;TRUE;100
"hs_mvpa_prd_alt_None";"hs_asthma";0;0,0023581607318212;0,00374279191182228;0,0665332110637665;-0,128044536728963;0,132760858192605;-0,137457367332285;0,124041678158813;0,0354433627074019;0,971726207976925;FALSE;100
"hs_sd_wk_None";"hs_asthma";0;-0,0574219612132143;-0,0592889079747308;0,0556922745013333;-0,166576813452946;0,0517328910265173;-0,172256129679629;0,0362971446863007;-1,03105792908206;0,302513655113189;FALSE;100
"hs_dif_hours_total_None";"hs_asthma";0;-0,197499741988233;-0,199490802416637;0,0729836154910861;-0,340544999812282;-0,0544544841641851;-0,33631017925126;-0,0643563000798965;-2,7060832853965;0,00680819689035657;TRUE;100
"hs_as_c_Log2";"hs_asthma";0;-0,0987198652427881;-0,0921056507613101;0,0595675595923586;-0,215470136690754;0,018030406205178;-0,181119968859457;0,0427286940753042;-1,6572756365774;0,0974637606718428;FALSE;100
"hs_cd_c_Log2";"hs_asthma";0;0,0478845404542146;0,0504687367376897;0,0685542258528291;-0,0864792732053551;0,182248354113784;-0,104249659530663;0,163590208879042;0,698491447587961;0,484869904536404;FALSE;100
"hs_co_c_Log2";"hs_asthma";0;-0,139913148892942;-0,137853918220378;0,0622087632776684;-0,261840084439949;-0,0179862133459337;-0,270900921119056;-0,0306050439874008;-2,24909066699237;0,0245067282199984;TRUE;100
"hs_cs_c_Log2";"hs_asthma";0;-0,0545414084999812;-0,0548370624005066;0,0781175666541972;-0,207649025702115;0,0985662087021523;-0,187356345760827;0,105112034911292;-0,698196459977043;0,485054340046789;FALSE;100
"hs_cu_c_Log2";"hs_asthma";0;-0,0418472046103614;-0,0436493842706082;0,0628998762047349;-0,16512869660367;0,0814342873829469;-0,169040762585975;0,0778895545802304;-0,665298679987088;0,505859474715669;FALSE;100
"hs_hg_c_Log2";"hs_asthma";0;0,0343704765876138;0,0350648482889947;0,0556220033551842;-0,0746466467365132;0,143387599911741;-0,0653523421294943;0,141793006056583;0,617929497579134;0,536621813660138;FALSE;100
"hs_mn_c_Log2";"hs_asthma";0;0,161173793547767;0,156486411903445;0,0571561292013299;0,0491498388174419;0,273197748278091;0,029644095896762;0,249454228935411;2,81988643737646;0,00480406476981269;TRUE;100
"hs_mo_c_Log2";"hs_asthma";0;0,0396426862039561;0,0442057826141658;0,0692759963540015;-0,096135771643015;0,175421144050927;-0,0764284175360005;0,16890034721871;0,572242743379414;0,567157533619543;FALSE;100
"hs_pb_c_Log2";"hs_asthma";0;-0,0402836600471821;-0,0415260169953782;0,0644034123910818;-0,166512028815183;0,0859447087208188;-0,185900250649133;0,0691105917523742;-0,625489528451762;0,531649818993412;FALSE;100
"hs_hum_mt_hs_h_None";"hs_asthma";0;-0,0294539044644982;-0,0177132791089865;0,0542994199998135;-0,135878812045547;0,07697100311655;-0,12446300109125;0,0853917901890947;-0,542434973791606;0,587518892020813;FALSE;100
"hs_tm_mt_hs_h_None";"hs_asthma";0;-0,0297175276485645;-0,0274413850980487;0,0544634067708441;-0,136463843394774;0,0770287880976449;-0,134603889920579;0,0707094402325783;-0,545642100091197;0,585311979072162;FALSE;100
"hs_uvdvf_mt_hs_h_None";"hs_asthma";0;0,0260652400629332;0,0251812887249498;0,0459710778121971;-0,0640364167794613;0,116166896905328;-0,0749258471071799;0,110249665518628;0,566992146005713;0,570719517681227;FALSE;100
"hs_hum_dy_hs_h_None";"hs_asthma";0;0,0815884635097426;0,0867487894928375;0,0787153504477988;-0,0726907883983917;0,235867715417877;-0,0578932896888985;0,244879379503214;1,0365000351977;0,29996892301194;FALSE;100
"hs_hum_wk_hs_h_None";"hs_asthma";0;0,214874645096218;0,212545228557309;0,0503534980526941;0,11618360241733;0,313565687775106;0,116675649032938;0,311656804584416;4,26732309384654;1,978325392715e-05;TRUE;100
"hs_tm_dy_hs_h_None";"hs_asthma";0;0,037264663000414;0,0387359391400888;0,0581434342717392;-0,0766943741096667;0,151223700110495;-0,0708959151335316;0,14499050295807;0,640909218163032;0,52158166638643;FALSE;100
"hs_tm_wk_hs_h_None";"hs_asthma";0;0,0621473544805734;0,0550711744738452;0,0521990170047148;-0,0401608388770613;0,164455547838208;-0,0424263520161161;0,153426014138939;1,19058476666256;0,233816634736973;FALSE;100
"hs_uvdvf_dy_hs_h_None";"hs_asthma";0;-0,0904378004630672;-0,0844685382510793;0,0509725192237424;-0,190342102342878;0,00946650141674339;-0,171654390520864;0,0284357628691844;-1,77424623778341;0,0760224290676231;FALSE;100
"hs_uvdvf_wk_hs_h_None";"hs_asthma";0;0,0324773150048593;0,0302948144480049;0,0518612974073728;-0,0691689601051117;0,13412359011483;-0,0690676399585647;0,130027770630177;0,626234140456391;0,531161377156881;FALSE;100
"hs_ndvi100_h_None";"hs_asthma";0;-0,211594505907083;-0,197841885665828;0,0675248646649543;-0,343940808711335;-0,0792482031028312;-0,320258086625678;-0,0605951204431941;-3,13357911869909;0,00172688356155795;TRUE;100
"hs_ndvi100_s_None";"hs_asthma";0;-0,0990060905906361;-0,092242826761351;0,065711573625801;-0,227798408264658;0,029786227083386;-0,21219912521153;0,0369257932320222;-1,50667660394854;0,131893571337671;FALSE;100
"hs_dde_cadj_Log2";"hs_asthma";0;0,11062571913889;0,107798206669357;0,09222423382447;-0,0701304576588717;0,291381895936652;-0,0953930189566005;0,278213510111241;1,19952982585297;0,230321994484901;FALSE;100
"hs_ddt_cadj_Log2";"hs_asthma";0;0,0217429637370447;0,0270831183617431;0,0672415871046728;-0,110048125251427;0,153534052725516;-0,0958793708741785;0,158592265717478;0,32335589734368;0,746425725735024;FALSE;100
"hs_hcb_cadj_Log2";"hs_asthma";0;0,0103805752037437;0,00962880630947282;0,0541436658708708;-0,0957390598941336;0,116500210301621;-0,122532863200103;0,102083849121506;0,191722799643834;0,847959345748839;FALSE;100
"hs_pcb118_cadj_Log2";"hs_asthma";0;0,0136432776247066;0,0200697522184362;0,057585317702793;-0,0992218711110644;0,126508426360478;-0,0989410065461052;0,122120147596125;0,2369228506322;0,812716642366801;FALSE;100
"hs_pcb138_cadj_Log2";"hs_asthma";0;0,0548763476837806;0,0676186597423994;0,100984789289364;-0,143050202309739;0,2528028976773;-0,121573917433134;0,244684974132813;0,54341201353143;0,586846156016366;FALSE;100
"hs_pcb153_cadj_Log2";"hs_asthma";0;-0,0432743618557245;-0,042393418490198;0,0468949834086567;-0,135186840392295;0,0486381166808461;-0,126628430470324;0,0388123807863379;-0,922792987868636;0,356115095756621;FALSE;100
"hs_pcb170_cadj_Log2";"hs_asthma";0;0,13358080207916;0,127125086831983;0,0588150332709704;0,0183054551185331;0,248856149039787;0,00768105595981139;0,242376874246613;2,27120167498217;0,023134772083555;TRUE;100
"hs_pcb180_cadj_Log2";"hs_asthma";0;-0,119476018422808;-0,110958336959857;0,0823996859853878;-0,280976435291578;0,0420243984459621;-0,255661518356185;0,05015448176522;-1,44995720546793;0,147070453321252;FALSE;100
"hs_sumPCBs5_cadj_Log2";"hs_asthma";0;-0,000530158831089909;-0,00208118582003261;0,0468933757334628;-0,0924394863821815;0,0913791687200017;-0,083055154291388;0,0783421433923987;-0,0113056230821018;0,990979610052978;FALSE;100
"hs_pfhxs_c_Log2";"hs_asthma";0;-0,0223606477141257;-0,0183614288827478;0,0626984707465922;-0,145247392263184;0,100526096834933;-0,132757465949327;0,0977017255653519;-0,356637848544991;0,721362939223844;FALSE;100
"hs_pfna_c_Log2";"hs_asthma";0;0,0571193061958183;0,0554965694633152;0,0650371116458922;-0,0703510902886408;0,184589702680277;-0,0561910543745879;0,176060054509638;0,878257117364253;0,379804201724111;FALSE;100
"hs_pfoa_c_Log2";"hs_asthma";0;-0,0626915496335757;-0,0658913680081164;0,0757578416655097;-0,211174190844463;0,0857910915773111;-0,217063948336182;0,0728672810419149;-0,827525550561156;0,407939246270601;FALSE;100
"hs_pfos_c_Log2";"hs_asthma";0;0,00111905689695899;0,00425267350735418;0,0640130918975613;-0,124344297761314;0,126582411555232;-0,115438950825983;0,128130946053384;0,0174816879451753;0,98605234151801;FALSE;100
"hs_pfunda_c_Log2";"hs_asthma";0;0,0759568265108577;0,0758069365210903;0,0530805430195102;-0,0280791260872112;0,179992779108927;-0,0301604749435974;0,1620492181665;1,43097304944562;0,152437939280153;FALSE;100
"hs_hm_pers_None";"hs_asthma";0;-0,0883554602343275;-0,0877054571341182;0,0685669649138702;-0,222744241994735;0,0460333215260796;-0,20902102398014;0,0515836024825974;-1,28860100990782;0,197536832154616;FALSE;100
"hs_trafload_h_pow1over3";"hs_asthma";0;0,00856944466629279;0,0110822005117463;0,0656848213144369;-0,120170439440952;0,137309328773538;-0,0936464958957632;0,130272680051317;0,130463088652862;0,896200055492881;FALSE;100
"hs_trafnear_h_pow1over3";"hs_asthma";0;0,00743003056505343;0,00852503659446188;0,0711193942637279;-0,131961420794158;0,146821481924265;-0,125785024873193;0,157474483598457;0,104472635656894;0,916794283009008;FALSE;100
"FAS_cat_None_Low";"hs_asthma";0;-0,00936804451051035;-0,0115978452449377;0,227726113550463;-0,455703025408697;0,436966936387676;-0,455060927675468;0,495569773513991;-0,0411373310001817;0,967186413945813;FALSE;100
"FAS_cat_None_Middle";"hs_asthma";0;-0,18695436143802;-0,187461276692124;0,132464670202333;-0,446580344258568;0,0726716213825287;-0,40274256269912;0,076849762397638;-1,41135263578173;0,15814066141294;FALSE;100
"hs_globalexp2_None_no exposure";"hs_asthma";0;0,00620772291021702;0,00299531990395655;0,138293142173191;-0,264841855058115;0,277257300878549;-0,241793481804705;0,243631335337807;0,0448881471103085;0,964196464558144;FALSE;100
"h_abs_ratio_preg_Log";"hs_zbmi_who";0;-0,00546118028974028;-0,00543797752565892;0,00473121712225419;-0,0147341954523977;0,00381183487291717;-0,015606605794029;0,00333461168281908;-1,15428655008297;0,248382708835044;FALSE;100
"h_no2_ratio_preg_Log";"hs_zbmi_who";0;-0,00602950470157471;-0,00619239649233025;0,00507032155095968;-0,0159671523314929;0,00390814292834352;-0,0158224185638488;0,00455587569144632;-1,18917600017567;0,234370416559382;FALSE;100
"h_pm10_ratio_preg_None";"hs_zbmi_who";0;-0,00537789764230134;-0,00521001211729823;0,00501087050916961;-0,0151990233714677;0,00444322808686499;-0,0149537953709613;0,00379813530729359;-1,0732461819678;0,283160674955138;FALSE;100
"h_pm25_ratio_preg_None";"hs_zbmi_who";0;-0,00307984830941279;-0,00285523698338762;0,00453908210315355;-0,0119762857544641;0,00581658913563849;-0,0112068906338389;0,00485767303874325;-0,678517867582313;0,497443398861772;FALSE;100
"h_accesslines300_preg_dic0";"hs_zbmi_who";0;0,00964337850600241;0,00826752594016626;0,013575595848025;-0,0169643004247981;0,0362510574368029;-0,0189784368983777;0,0310218972961859;0,710346611224829;0,477489221879725;FALSE;100
"h_accesspoints300_preg_Log";"hs_zbmi_who";0;0,000371488230138189;0,000865023279743487;0,0041877562088828;-0,00783636311530609;0,00857933957558247;-0,00591654566735014;0,00814625726361179;0,088708179657214;0,929313831740637;FALSE;100
"h_builtdens300_preg_Sqrt";"hs_zbmi_who";0;-0,00309093437926822;-0,00295928524311287;0,00445292969393297;-0,0118185162050658;0,00563664744652938;-0,0122405910624304;0,00602744467982805;-0,694135005877042;0,487597547322603;FALSE;100
"h_connind300_preg_Sqrt";"hs_zbmi_who";0;-0,0011186959090135;-0,000702605015182821;0,00382641001280868;-0,00861832172420196;0,00638092990617496;-0,00898025930729684;0,00553450663723191;-0,292361745152435;0,770010054019313;FALSE;100
"h_fdensity300_preg_Log";"hs_zbmi_who";0;-0,00247128039440425;-0,00246853328973203;0,00426162909626416;-0,01082391993855;0,00588135914974148;-0,0107220679802265;0,0054336449113441;-0,579891008480919;0,561988119628733;FALSE;100
"h_frichness300_preg_None";"hs_zbmi_who";0;0,00279894062754194;0,00334556663770429;0,00452487326595808;-0,00606964800834402;0,0116675292634279;-0,00595171042497331;0,0120975490180217;0,618567739476634;0,536201159795655;FALSE;100
"h_landuseshan300_preg_None";"hs_zbmi_who";0;0,00955620732997731;0,00856330600930749;0,00386372882550246;0,00198343798596324;0,0171289766739914;0,00156979112559763;0,015522221083938;2,47331211934486;0,0133867171645205;TRUE;100
"h_popdens_preg_Sqrt";"hs_zbmi_who";0;0,0117171234069767;0,0109133849727219;0,00460376497607374;0,00269390986058528;0,0207403369533681;0,0020077650412147;0,019491672448542;2,54511763043332;0,0109240931566506;TRUE;100
"h_walkability_mean_preg_None";"hs_zbmi_who";0;-0,0133466124546316;-0,0126693895363754;0,004392961937478;-0,0219566596375437;-0,0047365652717194;-0,0215633518095131;-0,00393332673548788;-3,03818076381829;0,00238011136265854;TRUE;100
"hs_as_m_Log2";"hs_zbmi_who";0;0,00810933261403058;0,00806895760570622;0,00342438301443829;0,00139766523646083;0,0148209999916003;0,00139607943280957;0,0147002537172195;2,36811495087993;0,0178789799728154;TRUE;100
"hs_cd_m_Log2";"hs_zbmi_who";0;0,00359440185375099;0,00283205811345764;0,00367558582417696;-0,00360961398372183;0,0107984176912238;-0,00373670298672914;0,0108833372215274;0,977912644593423;0,328117530728726;FALSE;100
"hs_co_m_Log2";"hs_zbmi_who";0;0,00513643013855832;0,00563435046667243;0,00353836431340458;-0,00179863647989644;0,0120714967570131;-0,000571264072875692;0,0118164356700385;1,45163970795763;0,146601811749023;FALSE;100
"hs_cs_m_Log2";"hs_zbmi_who";0;-0,00399163977711316;-0,00398614237942038;0,00361728539820462;-0,0110813888793968;0,00309810932517052;-0,0101846447862556;0,00258302252760495;-1,10349041828282;0,269814250302779;FALSE;100
"hs_cu_m_Log2";"hs_zbmi_who";0;-0,00806609313774531;-0,00767133039289777;0,0034350475360875;-0,0147986625936599;-0,00133352368183076;-0,0160419788349377;-0,0025677713979626;-2,34817511344619;0,0188656494394003;TRUE;100
"hs_hg_m_Log2";"hs_zbmi_who";0;-5,89794837708661e-05;-0,000635505264845238;0,00379383605419368;-0,00749476151324002;0,00737680254569829;-0,00835012467964348;0,00606628984449096;-0,015546134025921;0,987596479301092;FALSE;100
"hs_mn_m_Log2";"hs_zbmi_who";0;-0,00105366137426299;-0,000760348949449341;0,00346292092990855;-0,00784086167819371;0,00573353892966772;-0,00717488147485318;0,00668053433937164;-0,304269544580915;0,760922545752116;FALSE;100
"hs_mo_m_Log2";"hs_zbmi_who";0;-0,00193961425895511;-0,00164740384710299;0,00339468737660703;-0,00859307925587766;0,00471385073796743;-0,00741814746686776;0,00512728832951079;-0,571367564601411;0,567750510992885;FALSE;100
"hs_pb_m_Log2";"hs_zbmi_who";0;-0,000267705071337421;-9,7196423607173e-05;0,00349762122037005;-0,00712291669482575;0,00658750655215091;-0,00682007405919553;0,00515436951321761;-0,0765391831963719;0,938990141703802;FALSE;100
"h_humidity_preg_None";"hs_zbmi_who";0;0,0240890607432506;0,0233268581992731;0,00501069886534991;0,014268271429789;0,0339098500567121;0,0146828752889854;0,0322803786323068;4,8075251358312;1,52810210813158e-06;TRUE;100
"h_pressure_preg_None";"hs_zbmi_who";0;-0,0217362301612262;-0,0213051642694524;0,00558418599813426;-0,0326810336005422;-0,0107914267219102;-0,0333097186443786;-0,0120340764243266;-3,89246170677132;9,92321662621048e-05;TRUE;100
"h_temperature_preg_None";"hs_zbmi_who";0;0,0052892040362565;0,00521754491522554;0,00574958333099022;-0,00597977221859618;0,0165581802911092;-0,00485544019113853;0,0173361406812356;0,919928233363923;0,357610263744609;FALSE;100
"h_ndvi100_preg_None";"hs_zbmi_who";0;-0,000918032359581968;-0,000369627103919511;0,00507805792745371;-0,0108708430087993;0,00903477828963541;-0,010412353475097;0,0109961277352316;-0,180784144784716;0,856537008673555;FALSE;100
"hs_dde_madj_Log2";"hs_zbmi_who";0;0,0056412375291804;0,00504205331198126;0,0048099751075482;-0,00378614044814824;0,015068615506509;-0,00376531830234884;0,0148778390849797;1,1728205246484;0,240867785620533;FALSE;100
"hs_ddt_madj_Log2";"hs_zbmi_who";0;-0,00161242636880929;-0,00140184824503267;0,00356519373614585;-0,00860007768956294;0,00537522495194437;-0,00837980226551087;0,00553042553794787;-0,452268933511703;0,651075253486682;FALSE;100
"hs_hcb_madj_Log2";"hs_zbmi_who";0;-0,00456015700189083;-0,00412474357769526;0,00371544495271659;-0,0118422952957565;0,00272198129197481;-0,0112508070529435;0,00164425732962589;-1,22735151776549;0,219690500228716;FALSE;100
"hs_pcb118_madj_Log2";"hs_zbmi_who";0;8,26774232192487e-05;-7,67089221850469e-05;0,00448709276393747;-0,00871186278938847;0,00887721763582697;-0,00821396205479658;0,00813679479227743;0,018425610427251;0,985299321742456;FALSE;100
"hs_pcb138_madj_Log2";"hs_zbmi_who";0;-0,00504658702757881;-0,00389311148937917;0,00550688027796639;-0,0158398740395669;0,00574669998440922;-0,0135957101327997;0,0064905673945366;-0,916414879722507;0,359449333907659;FALSE;100
"hs_pcb153_madj_Log2";"hs_zbmi_who";0;-0,00364545402220814;-0,00313785309200891;0,00561292828836655;-0,0146465913152126;0,00735568327079635;-0,0132268981390297;0,00809631138582536;-0,649474540724806;0,516031697210542;FALSE;100
"hs_pcb170_madj_Log2";"hs_zbmi_who";0;-0,00506047802241364;-0,0051180510387804;0,00554946962183933;-0,0159372386145178;0,00581628256969055;-0,0156805375707104;0,00545322419546318;-0,911884984917961;0,361829266523816;FALSE;100
"hs_pcb180_madj_Log2";"hs_zbmi_who";0;0,00263894562557675;0,0023496207236605;0,00430337656404938;-0,00579551745187375;0,0110734087030273;-0,00582104228659081;0,00973392334491518;0,613226750273875;0,539726419403926;FALSE;100
"hs_sumPCBs5_madj_Log2";"hs_zbmi_who";0;-0,00348725342746391;-0,00389990608290649;0,00580745298120412;-0,0148696521125338;0,00789514525760593;-0,0158459134866691;0,0070208580541234;-0,600478977402046;0,548187067267678;FALSE;100
"hs_pfhxs_m_Log2";"hs_zbmi_who";0;0,000676921256579554;0,00104665392923888;0,00388978073800586;-0,00694690889766956;0,00830075141082867;-0,00516289381737501;0,00930543757375401;0,174025556239086;0,861845377699881;FALSE;100
"hs_pfna_m_Log2";"hs_zbmi_who";0;-0,00122842811664935;-0,000996140729189649;0,00458291657116394;-0,0102107795402825;0,00775392330698376;-0,00905090257914202;0,00763275625835904;-0,268045053313585;0,788664639635314;FALSE;100
"hs_pfoa_m_Log2";"hs_zbmi_who";0;-0,00180247361391282;-0,00168799760765145;0,00366982502449866;-0,00899519849149402;0,00539025126366839;-0,00910296097425172;0,0044776616045175;-0,491160641687284;0,623312833743707;FALSE;100
"hs_pfos_m_Log2";"hs_zbmi_who";0;-0,00512220878785476;-0,00513221514525832;0,00436597292477158;-0,0136793584778841;0,00343494090217454;-0,0128363996629358;0,00307591030991856;-1,17321130389803;0,240711080111737;FALSE;100
"hs_pfunda_m_Log2";"hs_zbmi_who";0;-0,00232807260155052;-0,00259377814447013;0,00451034334478848;-0,0111681831152459;0,00651203791214481;-0,0141209355162932;0,00631054121619098;-0,516163055355978;0,60574053114773;FALSE;100
"e3_asmokcigd_p_None";"hs_zbmi_who";0;-0,00783162457352574;-0,00728660934618515;0,00376875187380015;-0,0152182425128419;-0,000445006634209613;-0,0135522569708675;-0,00113033615017064;-2,0780419713938;0,0377054935676742;TRUE;100
"h_distinvnear1_preg_Log";"hs_zbmi_who";0;0,000902632624178366;0,000570453162384075;0,00368056212227513;-0,00631113657834319;0,00811640182669992;-0,00674055466179277;0,00691325862153181;0,245243143354528;0,806268172569045;FALSE;100
"h_trafload_preg_pow1over3";"hs_zbmi_who";0;0,00648854897942723;0,00611903006506654;0,00324412417674787;0,000130182431625751;0,0128469155272287;-0,000583110324331248;0,0116101679651193;2,000092667825;0,0454902583727187;TRUE;100
"h_trafnear_preg_pow1over3";"hs_zbmi_who";0;-0,00187088888835578;-0,00221535643619756;0,00480599564485243;-0,0112904672621229;0,00754868948541133;-0,0115333100627242;0,00751001241278399;-0,38928226877601;0,697067351375631;FALSE;100
"h_bro_preg_Log";"hs_zbmi_who";0;0,00606094719458152;0,00697269523514364;0,00463975327811297;-0,00303280212767155;0,0151546965168346;-0,00221871441284429;0,0166890213284171;1,30630807960689;0,19144781059719;FALSE;100
"h_clf_preg_Log";"hs_zbmi_who";0;-4,12526339787976e-05;-0,000494235252680649;0,00445543553259657;-0,00877374581330811;0,00869124054535051;-0,00879539303018314;0,008089156377626;-0,00925894532127954;0,992612536031153;FALSE;100
"h_thm_preg_Log";"hs_zbmi_who";0;-0,00237066770665068;-0,00176645390138078;0,00454454407540615;-0,0112778104206016;0,00653647500730026;-0,0104676323576105;0,00668183123623178;-0,521651384014536;0,601913079734653;FALSE;100
"e3_alcpreg_yn_None_1";"hs_zbmi_who";0;0,00464168759840777;0,0047235257396757;0,00774032719037212;-0,0105290749232777;0,0198124501200932;-0,0116406430922448;0,0204606394212709;0,599675890210608;0,548722259212032;FALSE;100
"h_pamod_t3_None_Often";"hs_zbmi_who";0;0,0704099075605338;0,0678881517583671;0,00945347715142366;0,0518814328150712;0,0889383823059965;0,0506831334509626;0,084250112445562;7,44804334243621;9,47347015014341e-14;TRUE;100
"h_pamod_t3_None_Sometimes";"hs_zbmi_who";0;0,0630572595601709;0,0610483718630823;0,0115219893912124;0,040474575323142;0,0856399437971999;0,0423475518404463;0,0823599506800862;5,4727753532097;4,4304159704869e-08;TRUE;100
"h_pamod_t3_None_Very Often";"hs_zbmi_who";0;0,0745767645305443;0,0713821324973533;0,00908110383585567;0,0567781280723987;0,09237540098869;0,0547490123979702;0,0890059919385012;8,21230170676903;2,16988214992923e-16;TRUE;100
"h_pavig_t3_None_Low";"hs_zbmi_who";0;0,0736110162961778;0,0726510857725449;0,0100693467387293;0,0538754593404226;0,0933465732519331;0,0544138941978597;0,0941799597066562;7,31040634573154;2,6633572782686e-13;TRUE;100
"h_pavig_t3_None_Medium";"hs_zbmi_who";0;0,076338500157699;0,0751272481103104;0,0109378742165783;0,0549006606257763;0,0977763396896217;0,0550508385968051;0,0974315255079433;6,97928122468208;2,96694052118432e-12;TRUE;100
"hs_no2_dy_hs_h_Log";"hs_zbmi_who";0;0,00112349796779794;0,00116772812150697;0,00536838103434426;-0,00939833551480469;0,0116453314504006;-0,0076566339242696;0,0134886034887365;0,209280593275767;0,834229200663725;FALSE;100
"hs_no2_wk_hs_h_Log";"hs_zbmi_who";0;0,00804670806511742;0,00821357156230266;0,00457703283207873;-0,000924111441814262;0,0170175275720491;0,000152699826939511;0,0163724905288986;1,75806212459762;0,0787369393808108;FALSE;100
"hs_no2_yr_hs_h_Log";"hs_zbmi_who";0;0,0193173045323962;0,0188278335554555;0,00508086746598197;0,00935898728885028;0,0292756217759422;0,00993635685071783;0,0284831733584851;3,80196977420327;0,000143550243300757;TRUE;100
"hs_pm10_dy_hs_h_None";"hs_zbmi_who";0;0,00523705702440612;0,00461380034463872;0,00418897542949175;-0,0029731839495209;0,0134472979983331;-0,0033067958464926;0,0126488678200711;1,25019998626288;0,211226501848626;FALSE;100
"hs_pm10_wk_hs_h_None";"hs_zbmi_who";0;-0,0112096690321432;-0,0097660956344772;0,00477366069329191;-0,0205658720654099;-0,00185346599887657;-0,0180025056128905;-0,000745652582296201;-2,34823330612822;0,0188627020001248;TRUE;100
"hs_pm10_yr_hs_h_None";"hs_zbmi_who";0;-0,00135480239046941;-0,000635758487390495;0,0042318242332616;-0,00964902547656598;0,00693942069562715;-0,00920055161258516;0,00715544520226256;-0,320146186559649;0,748857514808498;FALSE;100
"hs_pm25_dy_hs_h_None";"hs_zbmi_who";0;0,00894199041313615;0,00837362734351822;0,00477006997957021;-0,000407174950557178;0,0182911557768295;-0,00209685146123583;0,017792351000216;1,87460361198764;0,0608472759093026;FALSE;100
"hs_pm25_wk_hs_h_None";"hs_zbmi_who";0;-0,0053987381749388;-0,00597975319560466;0,00629280409478108;-0,0177324075624759;0,00693493121259829;-0,0167099127716477;0,00503505822405424;-0,857922492679572;0,390935263177957;FALSE;100
"hs_pm25_yr_hs_h_None";"hs_zbmi_who";0;0,0160059249870509;0,0155241984106037;0,00547375991500862;0,00527755269361494;0,0267342972804868;0,00586987796033522;0,0264454591189573;2,92411893023731;0,00345432739875165;TRUE;100
"hs_pm25abs_dy_hs_h_Log";"hs_zbmi_who";0;-0,00508569831402285;-0,00431360763353781;0,00460794985001699;-0,0141171140626229;0,0039457174345772;-0,0135056249110404;0,00406622379759546;-1,1036791804503;0,26973233000531;FALSE;100
"hs_pm25abs_wk_hs_h_Log";"hs_zbmi_who";0;-0,00412626956997658;-0,00457152906042635;0,00455125629103656;-0,0130465679848196;0,00479402884486642;-0,0136995315401998;0,0042951995232158;-0,90662210741747;0,364606666896001;FALSE;100
"hs_pm25abs_yr_hs_h_Log";"hs_zbmi_who";0;-0,000249841576410758;-0,000790878736347255;0,00442011125427324;-0,00891310044244647;0,00841341728962496;-0,00868313862393769;0,00874297291348946;-0,0565238207905329;0,954924519610631;FALSE;100
"hs_accesslines300_h_dic0";"hs_zbmi_who";0;-0,0101267113483624;-0,00859072151080642;0,0138406456261522;-0,0372538782984025;0,0170004556016777;-0,0348097203794596;0,0171946929079464;-0,731664665210978;0,464373268443854;FALSE;100
"hs_accesspoints300_h_Log";"hs_zbmi_who";0;-0,00157504378660462;-0,00262583586862998;0,00508722432888726;-0,0115458202524996;0,00839573267929036;-0,0115659802766992;0,00815230556424253;-0,30960769267848;0,756859305655464;FALSE;100
"hs_builtdens300_h_Sqrt";"hs_zbmi_who";0;-0,00270632802421815;-0,00288416118028054;0,00393141383108017;-0,0104117575414579;0,00499910149302162;-0,0104092809791972;0,0038122228545034;-0,688385436003457;0,491210092752191;FALSE;100
"hs_connind300_h_Log";"hs_zbmi_who";0;0,00825407167134374;0,0079512048287464;0,00433407454529967;-0,000240558343755415;0,0167487016864429;0,000173793319888433;0,0176033001247862;1,90446001449037;0,0568502995034795;FALSE;100
"hs_fdensity300_h_Log";"hs_zbmi_who";0;0,00221481595891424;0,00235962865455951;0,00466025398611143;-0,00691911401267338;0,0113487459305019;-0,00630680756902063;0,0110815495179258;0,475256491494858;0,634604166323762;FALSE;100
"hs_landuseshan300_h_None";"hs_zbmi_who";0;-0,00399592780154366;-0,00299319280747713;0,00414101216844725;-0,0121121625112424;0,00412030690815505;-0,0110250385136847;0,00494139506324442;-0,964964032704597;0,334562827121867;FALSE;100
"hs_popdens_h_Sqrt";"hs_zbmi_who";0;-0,000648902852604555;3,33860121101485e-05;0,00520154642138366;-0,0108437465024297;0,00954594079722062;-0,0091956972806828;0,00945701943940696;-0,124751910304386;0,900719959885726;FALSE;100
"hs_walkability_mean_h_None";"hs_zbmi_who";0;-0,00391231010349044;-0,00368134394404187;0,00477501874267881;-0,0132711748646446;0,00544655465766376;-0,0115996866409705;0,00672438554870863;-0,819328742842926;0,412598877868949;FALSE;100
"hs_accesslines300_s_dic0";"hs_zbmi_who";0;0,017888571282566;0,0159935764803128;0,0125449860372983;-0,00669914953709661;0,0424762921022285;-0,00595420218002329;0,0416633867730902;1,42595386151728;0,153881660514865;FALSE;100
"hs_accesspoints300_s_Log";"hs_zbmi_who";0;-0,00615500909527818;-0,00591035265867617;0,00479062209464125;-0,0155444558643169;0,00323443767376051;-0,0146069055435437;0,00275262954767753;-1,2848037214547;0,198860881596167;FALSE;100
"hs_builtdens300_s_Sqrt";"hs_zbmi_who";0;-0,000687534570945776;-0,00136219192904092;0,00437643897047393;-0,00926519733361223;0,00789012819172068;-0,0112911677474819;0,006323612310595;-0,157099087999238;0,875166756329295;FALSE;100
"hs_connind300_s_Log";"hs_zbmi_who";0;-0,00306202614347802;-0,00258374507270263;0,00407750384819987;-0,0110537868327732;0,00492973454581719;-0,0113435044169636;0,00521615482318927;-0,750956040134663;0,452679112282281;FALSE;100
"hs_fdensity300_s_Log";"hs_zbmi_who";0;0,00246514145255224;0,00186801646193932;0,00407880220822647;-0,00552916397563408;0,0104594468807386;-0,00565850475641278;0,00909189204808888;0,604378767761854;0,545591848625651;FALSE;100
"hs_landuseshan300_s_None";"hs_zbmi_who";0;-0,00151931331578931;-0,00173846724017556;0,00405147581205915;-0,00946005999166041;0,00642143336008179;-0,0109962373532107;0,00577574652513857;-0,375002440164421;0,707658651880243;FALSE;100
"hs_popdens_s_Sqrt";"hs_zbmi_who";0;-0,00456836768744623;-0,00436568886356237;0,00423848006822382;-0,0128756359703558;0,00373890059546333;-0,0142567759739266;0,00335820274521344;-1,07783158441527;0,281108921612398;FALSE;100
"h_Absorbance_Log";"hs_zbmi_who";0;-0,00164253922113579;-0,0012940920307516;0,00410323411002529;-0,00968473029692162;0,00639965185465003;-0,0095455419746005;0,00577045313679521;-0,400303559848714;0,688932946300311;FALSE;100
"h_Benzene_Log";"hs_zbmi_who";0;0,000336979186565062;0,000121549187269791;0,00383955928489037;-0,00718841872832643;0,00786237710145656;-0,00632449378971103;0,00720482068527162;0,0877650692596829;0,930063401288789;FALSE;100
"h_NO2_Log";"hs_zbmi_who";0;0,0115484652943291;0,0111002235654324;0,00386785030816917;0,00396761799272541;0,0191293125959329;0,00473367835103753;0,0190235728027551;2,98575807598809;0,00282876334172401;TRUE;100
"h_PM_Log";"hs_zbmi_who";0;0,00972523950075194;0,00944495341038715;0,00448810692062435;0,000928711577563255;0,0185217674239406;0,000747274324690023;0,0193519315230857;2,16689122446286;0,0302431492502648;TRUE;100
"h_TEX_Log";"hs_zbmi_who";0;0,00255127399460463;0,00217248190747875;0,00409644222857593;-0,00547760523815318;0,0105801532273625;-0,00496307864258175;0,00987289870561784;0,62280238613094;0,533414390115189;FALSE;100
"hs_KIDMED_None";"hs_zbmi_who";0;0,00856247790042977;0,0082131224379622;0,00350616405109426;0,00169052263639598;0,0154344331644636;0,00182159237774056;0,0149760846118318;2,44212129713596;0,0146012398253833;TRUE;100
"hs_mvpa_prd_alt_None";"hs_zbmi_who";0;-0,00508084546814544;-0,00464022121397547;0,00489705224884041;-0,0146788915062835;0,00451720056999265;-0,0138369247055382;0,00440251494010263;-1,03753139847518;0,299488270476912;FALSE;100
"hs_sd_wk_None";"hs_zbmi_who";0;0,00128839910992797;0,000105160348915751;0,00395565088924185;-0,0064645341683999;0,00904133238825583;-0,00646369141010122;0,00783317806331883;0,325711026074625;0,744643001175449;FALSE;100
"hs_dif_hours_total_None";"hs_zbmi_who";0;-0,00585471917689465;-0,00608326364665969;0,00384749931201061;-0,0133956792589781;0,00168624090518878;-0,0146194872333312;0,00183214278489621;-1,52169466505638;0,128085604993412;FALSE;100
"hs_as_c_Log2";"hs_zbmi_who";0;0,00127802348061884;0,00131302788574915;0,00400662992113038;-0,00657482686417726;0,00913087382541494;-0,00569968708457605;0,00873219239716297;0,318977171781884;0,749743823557964;FALSE;100
"hs_cd_c_Log2";"hs_zbmi_who";0;0,00212842891063864;0,00163624669739176;0,00365683083588334;-0,0050388278252482;0,00929568564652549;-0,0041560195136987;0,00869989668253643;0,582041939089179;0,560538432025231;FALSE;100
"hs_co_c_Log2";"hs_zbmi_who";0;-0,00501050933333903;-0,00527446033182207;0,00311252411023655;-0,0111109444904152;0,00108992582373717;-0,0114997302211851;0,000403526821756427;-1,60978972559934;0,107443768973098;FALSE;100
"hs_cs_c_Log2";"hs_zbmi_who";0;0,0104530754910145;0,00985101489096264;0,00454279683185224;0,00154935731150146;0,0193567936705276;0,0011741457869924;0,0187539139743639;2,30102200867136;0,0213903870952837;TRUE;100
"hs_cu_c_Log2";"hs_zbmi_who";0;0,0110789661901026;0,0106192944555893;0,00388442777885838;0,00346562764299321;0,0186923047372119;0,00301406699813023;0,017811562675868;2,85214884169081;0,00434247621806347;TRUE;100
"hs_hg_c_Log2";"hs_zbmi_who";0;-0,00596748696141407;-0,0057362768007088;0,00483179246156199;-0,0154376261668477;0,00350265224401956;-0,014578301656988;0,00368596708866355;-1,23504620881108;0,216813307085282;FALSE;100
"hs_mn_c_Log2";"hs_zbmi_who";0;-0,00413237722883737;-0,00388025408307321;0,00356462836650164;-0,0111189204454504;0,0028541659877757;-0,00991264055747178;0,00372452694606741;-1,15927294628273;0,24634494560763;FALSE;100
"hs_mo_c_Log2";"hs_zbmi_who";0;-0,00939057783643866;-0,00950874616903168;0,00333610564691296;-0,0159292247530088;-0,00285193091986857;-0,0157483175870463;-0,00240510874966294;-2,81483227161231;0,00488026978305943;TRUE;100
"hs_pb_c_Log2";"hs_zbmi_who";0;-0,000235880463031353;-0,000347441283776567;0,00404529891248399;-0,00816452063819902;0,00769275971213631;-0,00806411610130224;0,00675664457639069;-0,0583097734269808;0,95350188269363;FALSE;100
"hs_hum_mt_hs_h_None";"hs_zbmi_who";0;-0,000436655714405819;-0,00120746806915459;0,00501831769051989;-0,010272377650805;0,00939906622199338;-0,0129172155569116;0,00777676201427103;-0,0870123697490706;0,930661679763089;FALSE;100
"hs_tm_mt_hs_h_None";"hs_zbmi_who";0;0,0058882215595756;0,00599747410658867;0,00466896285938778;-0,00326277748997959;0,0150392206091308;-0,00324124750275796;0,0153144750483714;1,2611412291996;0,207257968507899;FALSE;100
"hs_uvdvf_mt_hs_h_None";"hs_zbmi_who";0;-0,00313871012087661;-0,00308131927206288;0,00539798390649885;-0,0137185641667412;0,00744114392498797;-0,0136731321582861;0,0065361416538556;-0,581459703334385;0,560930669347948;FALSE;100
"hs_hum_dy_hs_h_None";"hs_zbmi_who";0;-0,00620296469494158;-0,00542749705713275;0,00418402758764988;-0,0144035080770574;0,00199757868717419;-0,013773503058536;0,00252729566660228;-1,48253436790213;0,138198165946955;FALSE;100
"hs_hum_wk_hs_h_None";"hs_zbmi_who";0;-0,0111205715482218;-0,0103662530268284;0,0042436483908197;-0,0194379695572798;-0,00280317353916381;-0,0185533056078936;-0,00354372372759752;-2,62052142969218;0,00877954120166744;TRUE;100
"hs_tm_dy_hs_h_None";"hs_zbmi_who";0;-0,00390497651766456;-0,00313143836435087;0,00541687911619657;-0,014521864494017;0,00671191145868788;-0,0144127615868084;0,00552643366897996;-0,72089046735206;0,470976908355597;FALSE;100
"hs_tm_wk_hs_h_None";"hs_zbmi_who";0;0,00337716597224567;0,00362534559408341;0,00456481282825768;-0,00556970276730581;0,0123240347117972;-0,00561929707994804;0,0123303838927449;0,739825727648658;0,459405745875545;FALSE;100
"hs_uvdvf_dy_hs_h_None";"hs_zbmi_who";0;-0,000411959408178791;-0,00126611911747053;0,0045984397674976;-0,00942473573755083;0,00860081692119325;-0,00952511216983134;0,00748593281735699;-0,0895867792138056;0,92861559081717;FALSE;100
"hs_uvdvf_wk_hs_h_None";"hs_zbmi_who";0;-0,0141545722823129;-0,014002451001423;0,00495301227896602;-0,023862297964071;-0,00444684660055485;-0,0233545728023103;-0,0037897425035275;-2,85777048088962;0,0042662885736817;TRUE;100
"hs_ndvi100_h_None";"hs_zbmi_who";0;0,00593166483800308;0,00553306354709648;0,00495542883814607;-0,00378079721271438;0,0156441268887205;-0,00318624229859904;0,0140873418498604;1,19700333346372;0,231305255464285;FALSE;100
"hs_ndvi100_s_None";"hs_zbmi_who";0;0,00346754513434442;0,00338575463680299;0,00479143299974355;-0,00592349097948965;0,0128585812481785;-0,00489961142548123;0,0140313428440692;0,72369688452912;0,469251846243073;FALSE;100
"hs_dde_cadj_Log2";"hs_zbmi_who";0;-0,0167886771772222;-0,0154627407251049;0,00513823339053467;-0,0268594295668313;-0,00671792478761312;-0,0265457043087983;-0,00706462540260889;-3,26740260731427;0,00108539204413226;TRUE;100
"hs_ddt_cadj_Log2";"hs_zbmi_who";0;-0,00249919788125309;-0,00242302384123795;0,00385465369517324;-0,0100541802966669;0,00505578453416069;-0,00860293795009224;0,00563263533850826;-0,648358602066526;0,516753039260112;FALSE;100
"hs_hcb_cadj_Log2";"hs_zbmi_who";0;-0,0174533433595418;-0,0218782031021935;0,0120621590787711;-0,041094740729726;0,00618805401064235;-0,0458118957640496;-0,00646816955619317;-1,4469501890635;0,147910874897871;FALSE;100
"hs_pcb118_cadj_Log2";"hs_zbmi_who";0;0,00634674229667212;0,00558557802470283;0,00415267392157792;-0,00179234902915931;0,0144858336225036;-0,00279428334799203;0,0126843458378619;1,52835074858478;0,126425476144525;FALSE;100
"hs_pcb138_cadj_Log2";"hs_zbmi_who";0;0,00029469457760314;-0,000668823093246803;0,00736500245668924;-0,0141404449835568;0,0147298341387631;-0,0160844403366443;0,0106123345911063;0,0400128281471902;0,968082899101406;FALSE;100
"hs_pcb153_cadj_Log2";"hs_zbmi_who";0;-0,0056869236281859;-0,00519327762749334;0,00552815925534412;-0,0165219166694621;0,00514806941309033;-0,0158730250057963;0,00502209212791807;-1,02871921113494;0,303611639717201;FALSE;100
"hs_pcb170_cadj_Log2";"hs_zbmi_who";0;-0,0220142856279539;-0,020930386516622;0,00512806917671493;-0,0320651165245451;-0,0119634547313626;-0,0312389203408312;-0,0115525284891236;-4,29289950453756;1,7635484063503e-05;TRUE;100
"hs_pcb180_cadj_Log2";"hs_zbmi_who";0;-0,0049822955635456;-0,00528589237560337;0,00507907763468086;-0,014937104802203;0,00497251367511177;-0,015101165919389;0,00378957854692412;-0,980944951407237;0,326619888683931;FALSE;100
"hs_sumPCBs5_cadj_Log2";"hs_zbmi_who";0;-0,0207970518498574;-0,0188496628839535;0,00511633269208147;-0,0308248796592619;-0,0107692240404528;-0,0287452129844521;-0,00926363730035452;-4,06483571368314;4,80663071483027e-05;TRUE;100
"hs_pfhxs_c_Log2";"hs_zbmi_who";0;0,00719808567201361;0,00733343448576363;0,00481927249765329;-0,00224751485507123;0,0166436861990985;-0,00223139544064481;0,0164232271503742;1,49360420592914;0,135279099482509;FALSE;100
"hs_pfna_c_Log2";"hs_zbmi_who";0;-0,00198243653093804;-0,00239622443494626;0,00418810819347441;-0,010190977753505;0,00622610469162891;-0,0111698989002301;0,00563662904214389;-0,473348929721282;0,635964259034967;FALSE;100
"hs_pfoa_c_Log2";"hs_zbmi_who";0;0,000870100801568896;0,0011554489452892;0,00405278329424798;-0,00707320849230274;0,00881341009544053;-0,00677267973580685;0,0076485454341964;0,214692160521834;0,83000733506581;FALSE;100
"hs_pfos_c_Log2";"hs_zbmi_who";0;-0,00599517718840211;-0,00527968530877188;0,00399650368568172;-0,0138281804764199;0,00183782609961565;-0,0120918617451762;0,00319759167838313;-1,50010550719146;0,133587074624766;FALSE;100
"hs_pfunda_c_Log2";"hs_zbmi_who";0;-0,000837653395522916;-0,000511082508597436;0,00330718984856775;-0,00731962638875219;0,00564431959770636;-0,00656216213011348;0,00625510202596785;-0,253282525007047;0,800049898963896;FALSE;100
"hs_hm_pers_None";"hs_zbmi_who";0;0,0012748441902361;0,000985217070444723;0,00312396987640875;-0,00484802425631308;0,00739771263678528;-0,00532578202308707;0,00680579508633525;0,408084661719477;0,683211520420751;FALSE;100
"hs_trafload_h_pow1over3";"hs_zbmi_who";0;-0,00524146898887366;-0,00513517606905153;0,00387877186325045;-0,0128437221450919;0,00236078416734453;-0,0140675858344928;0,0015296094541895;-1,35132180330948;0,176592370639024;FALSE;100
"hs_trafnear_h_pow1over3";"hs_zbmi_who";0;-0,00128502346851126;-0,0012265586964379;0,00441625666963986;-0,00994072748749019;0,00737068055046767;-0,0092821419793299;0,00723729324674983;-0,290975720986808;0,771069888330101;FALSE;100
"FAS_cat_None_Low";"hs_zbmi_who";0;-0,00928337505945383;-0,00857310859577558;0,0125833876983127;-0,0339463617516511;0,0153796116327434;-0,0326183471719097;0,0139032753166398;-0,737748472988607;0,460667310256242;FALSE;100
"FAS_cat_None_Middle";"hs_zbmi_who";0;0,00258838849862333;0,00219343911916342;0,00697967013214356;-0,011091513584348;0,0162682905815946;-0,0114858279030666;0,013960667253658;0,370846823649014;0,710751623858076;FALSE;100
"hs_globalexp2_None_no exposure";"hs_zbmi_who";0;0,0118978056246299;0,012645737113257;0,00707746360785658;-0,00197376814866196;0,0257693793979217;-0,00142334258506063;0,0264977762925796;1,68108326426748;0,0927467426236153;FALSE;100
"h_abs_ratio_preg_Log";"hs_correct_raven";0;0,000921205336185231;-6,97968959154295e-05;0,00799931571663837;-0,0147571653693912;0,0165995760417616;-0,0165117834272665;0,0128789125923153;0,115160517326394;0,908317893020162;FALSE;100
"h_no2_ratio_preg_Log";"hs_correct_raven";0;0,0166273997778335;0,0170922927728816;0,00755483264727256;0,00182019987995188;0,0314345996757151;0,00145799170652562;0,0309522825954307;2,20089584430918;0,0277433982033992;TRUE;100
"h_pm10_ratio_preg_None";"hs_correct_raven";0;-0,00679840367503182;-0,00655296852144425;0,00715694638623748;-0,0208257608313414;0,00722895348127773;-0,0209636337120782;0,00629456420188884;-0,949902836788728;0,342161625283083;FALSE;100
"h_pm25_ratio_preg_None";"hs_correct_raven";0;0,0110100118371022;0,0100871978922114;0,00596881305369787;-0,000688646778598196;0,0227086704528025;-7,81507295337951e-05;0,0207409313531647;1,84458982683016;0,0650972279829615;FALSE;100
"h_accesslines300_preg_dic0";"hs_correct_raven";0;-0,00636108446893682;-0,00485981276737609;0,0176668143580185;-0,0409874043322081;0,0282652353943345;-0,0398878307651865;0,0271321532863195;-0,360058374986529;0,71880347996963;FALSE;100
"h_accesspoints300_preg_Log";"hs_correct_raven";0;-0,00227809751812263;-0,00265985152700228;0,00789608049589977;-0,0177541309091153;0,0131979358728701;-0,0161949944498591;0,0143760061876228;-0,288509915686091;0,772956441440758;FALSE;100
"h_builtdens300_preg_Sqrt";"hs_correct_raven";0;0,00850090026574881;0,00852675950929895;0,00762249951227139;-0,00643892425047724;0,0234407247819749;-0,00590401473617656;0,0230074596487183;1,11523788910229;0,264748493578914;FALSE;100
"h_connind300_preg_Sqrt";"hs_correct_raven";0;-0,00216701493840325;-0,00274250688606743;0,00680254121034205;-0,0154997507140232;0,0111657208372167;-0,0133562990834598;0,0126169356004766;-0,318559619324127;0,750060478344666;FALSE;100
"h_fdensity300_preg_Log";"hs_correct_raven";0;0,0111326269027431;0,0101386262841914;0,00715080342042882;-0,00288269026182325;0,0251479440673094;-0,0044951409401907;0,0228156059041622;1,55683581944635;0,119509470480883;FALSE;100
"h_frichness300_preg_None";"hs_correct_raven";0;0,00465143141889311;0,0049269512690715;0,00684077368875712;-0,00875623863746005;0,0180591014752463;-0,00915853999351779;0,0175890150691777;0,67995692161806;0,496531737927044;FALSE;100
"h_landuseshan300_preg_None";"hs_correct_raven";0;0,00187398405053283;0,00207150870865771;0,00476539090722836;-0,0074660104998894;0,0112139786009551;-0,0064192727285405;0,0111844849713142;0,393248756925752;0,694135761640623;FALSE;100
"h_popdens_preg_Sqrt";"hs_correct_raven";0;-0,00723012964310256;-0,00747389059100904;0,00623014105152004;-0,0194409817226863;0,0049807224364812;-0,0186694297368001;0,00453052794668842;-1,16050817843659;0,24584196590271;FALSE;100
"h_walkability_mean_preg_None";"hs_correct_raven";0;-0,00228999810455377;-0,00228266530878141;0,00707898252191482;-0,0161645488946953;0,0115845526855878;-0,014654806965766;0,0142624501895485;-0,323492549595155;0,746322249039747;FALSE;100
"hs_as_m_Log2";"hs_correct_raven";0;0,00151141704179148;0,00204793083327207;0,00558750965283138;-0,00943990064102792;0,0124627347246109;-0,00867191514056857;0,0133798872921521;0,270499226972359;0,786776211551657;FALSE;100
"hs_cd_m_Log2";"hs_correct_raven";0;-0,000612226467568043;-0,00103470266778723;0,00574201637736236;-0,0118663717658374;0,0106419188307013;-0,010944244601841;0,00912099864885181;-0,106622208529693;0,915088699158547;FALSE;100
"hs_co_m_Log2";"hs_correct_raven";0;0,000892214179756629;0,000635909749107486;0,00529307195076353;-0,00948201621131905;0,0112664445708323;-0,0108353126227797;0,010278435115754;0,168562639627056;0,86614066923761;FALSE;100
"hs_cs_m_Log2";"hs_correct_raven";0;0,000110279284953913;0,000143744082582997;0,00511296142848981;-0,00991094096922858;0,0101314995391364;-0,00971689518604301;0,00945548588087659;0,0215685736136065;0,982792102320832;FALSE;100
"hs_cu_m_Log2";"hs_correct_raven";0;-0,00312988996120282;-0,00385286727420526;0,00534514540313965;-0,0136061824434864;0,00734640252108072;-0,0160943399827255;0,00697850580193749;-0,585557496595766;0,558172917933738;FALSE;100
"hs_hg_m_Log2";"hs_correct_raven";0;-0,00357675287718928;-0,00360621254403689;0,00563273857840033;-0,0146167176251833;0,00746321187080471;-0,0148953101441432;0,00693410174080579;-0,634993587471808;0,525432597258285;FALSE;100
"hs_mn_m_Log2";"hs_correct_raven";0;0,00192402051202803;0,00140420094469714;0,00515984211465635;-0,00818908419861141;0,0120371252226675;-0,00771674640410128;0,0113454536898921;0,372883601721634;0,709235077201908;FALSE;100
"hs_mo_m_Log2";"hs_correct_raven";0;0,00503470641761876;0,00471936892801383;0,00440626546598735;-0,00360141520203905;0,0136708280372766;-0,00371820172642202;0,0122883734299566;1,1426243962109;0,253194571968292;FALSE;100
"hs_pb_m_Log2";"hs_correct_raven";0;0,00467486255661137;0,00408499902087479;0,00464398766102933;-0,00442718600365452;0,0137769111168773;-0,00450619899167411;0,0117176901094732;1,00664835865976;0,314103786729536;FALSE;100
"h_humidity_preg_None";"hs_correct_raven";0;0,0103157932216344;0,0108510519358028;0,008340081275332;-0,00603046570615318;0,026662052149422;-0,00243911856568944;0,025858033000555;1,2368936082369;0,216126583316311;FALSE;100
"h_pressure_preg_None";"hs_correct_raven";0;-0,027809470693064;-0,0271575585912243;0,00847687650242884;-0,0444238433392184;-0,0111950980469096;-0,0409949725115168;-0,0113053162414758;-3,28062709007213;0,00103576588983265;TRUE;100
"h_temperature_preg_None";"hs_correct_raven";0;0,0166883502620472;0,0159795043677128;0,00759108801645527;0,00181009114632123;0,0315666093777731;0,000512796450052636;0,0318910571894532;2,19841348511197;0,0279196535871054;TRUE;100
"h_ndvi100_preg_None";"hs_correct_raven";0;0,00450873021384835;0,00401827084764317;0,00652426401884655;-0,00827859228872144;0,0172960527164181;-0,00667025371796254;0,0166977685870734;0,691071084926061;0,489520870298804;FALSE;100
"hs_dde_madj_Log2";"hs_correct_raven";0;-0,00761150913723338;-0,00718338472120122;0,00533878015318892;-0,0180753259588609;0,00285230768439412;-0,0162626983441147;0,00253741317692835;-1,42570192419085;0,153954400876561;FALSE;100
"hs_ddt_madj_Log2";"hs_correct_raven";0;0,00242731206852275;0,00209314987557423;0,00494581844065339;-0,00726631394923195;0,0121209380862774;-0,00830121032780287;0,0117516013622244;0,490780666061424;0,62358158591523;FALSE;100
"hs_hcb_madj_Log2";"hs_correct_raven";0;0,00262419994394386;0,00235677949658261;0,00514676949252381;-0,00746328289813229;0,01271168278602;-0,00843899816844518;0,0132881063125257;0,509873221980461;0,610140283287483;FALSE;100
"hs_pcb118_madj_Log2";"hs_correct_raven";0;-0,0176261031820623;-0,0168567923518791;0,00675347260198717;-0,0308626662525352;-0,00438954011158944;-0,0307805781014285;-0,00318814076485847;-2,60993184112066;0,0090560264149772;TRUE;100
"hs_pcb138_madj_Log2";"hs_correct_raven";0;0,009414480613214;0,00869972054470611;0,00758942729611153;-0,0054605235504498;0,0242894847768778;-0,00464079185073745;0,022696346583918;1,24047312740416;0,214800447687987;FALSE;100
"hs_pcb153_madj_Log2";"hs_correct_raven";0;-0,0147580357565195;-0,0141189234564188;0,00863309576778681;-0,0316785925364668;0,00216252102342783;-0,0310506138319731;0,00290697576664476;-1,70947203106295;0,0873635482295419;FALSE;100
"hs_pcb170_madj_Log2";"hs_correct_raven";0;0,00354356118224248;0,00343160219246941;0,0078059110157198;-0,0117557432750928;0,0188428656395778;-0,00858169279203129;0,0189920186287292;0,453958695545765;0,649858556013383;FALSE;100
"hs_pcb180_madj_Log2";"hs_correct_raven";0;0,0180342601250354;0,0164894346445795;0,00798552135935354;0,0023829258629271;0,0336855943871436;0,000480499834362969;0,0298317596501131;2,25836978119301;0,0239226150844756;TRUE;100
"hs_sumPCBs5_madj_Log2";"hs_correct_raven";0;0,000149133120943999;3,78804972767119e-05;0,0100192900032875;-0,0194883144361617;0,0197865806780497;-0,0196615018443441;0,0188846570273695;0,0148845996966916;0,988124246224695;FALSE;100
"hs_pfhxs_m_Log2";"hs_correct_raven";0;0,018348443696281;0,0189778383363194;0,0072986890968197;0,00404327593215921;0,0326536114604028;0,00557321124577956;0,033073944942798;2,51393688001809;0,0119391800140588;TRUE;100
"hs_pfna_m_Log2";"hs_correct_raven";0;-0,00492470543583159;-0,006155486392651;0,0061731079170747;-0,0170237746259771;0,0071743637543139;-0,0171539618213841;0,00545177099352499;-0,797767591622681;0,425005371453739;FALSE;100
"hs_pfoa_m_Log2";"hs_correct_raven";0;0,00712531784794501;0,00722938900126341;0,0062079963380054;-0,00504213139070211;0,0192927670865921;-0,00483145647560611;0,019825906189844;1,14776450564633;0,251065793778758;FALSE;100
"hs_pfos_m_Log2";"hs_correct_raven";0;-0,000406700120378911;0,000377581024280398;0,00742748291984598;-0,0149642991390634;0,0141508988983056;-0,0157250893205691;0,0152287162386194;-0,0547561165428226;0,956332761844471;FALSE;100
"hs_pfunda_m_Log2";"hs_correct_raven";0;0,00237923823882735;0,00274399624841187;0,00517733652104623;-0,00776815487826717;0,0125266313559219;-0,00599876974408546;0,0133144762241928;0,459548694421461;0,645840192497774;FALSE;100
"e3_asmokcigd_p_None";"hs_correct_raven";0;-0,00621558786581918;-0,0057153529814889;0,00450140293483867;-0,0150381754980059;0,00260699976636751;-0,012952907465847;0,00373657345592283;-1,38081126168767;0,167336999933492;FALSE;100
"h_distinvnear1_preg_Log";"hs_correct_raven";0;0,00141049331276761;0,00151671033408743;0,00449207892822236;-0,00739381960225951;0,0102148062277947;-0,00694539720980092;0,00971134437938128;0,313995665549398;0,753524330801256;FALSE;100
"h_trafload_preg_pow1over3";"hs_correct_raven";0;-0,00546941176706025;-0,00526631845318513;0,00516592842215664;-0,0155944454211991;0,00465562188707858;-0,015285288798858;0,00525502021965384;-1,05874710605783;0,289714968488274;FALSE;100
"h_trafnear_preg_pow1over3";"hs_correct_raven";0;-0,00810896887851665;-0,00841199570168096;0,00575894312680838;-0,0193962899960756;0,00317835223904225;-0,019289192138225;0,00244948850622312;-1,40806545575502;0,159111688764626;FALSE;100
"h_bro_preg_Log";"hs_correct_raven";0;0,00969503892832578;0,00903521052935329;0,01025297580087;-0,0104004243757401;0,0297905022323916;-0,00886676557218425;0,0308234891697159;0,945582932859664;0,344361352683334;FALSE;100
"h_clf_preg_Log";"hs_correct_raven";0;-0,00130689437973131;-0,00075286225161788;0,00607051857326689;-0,0132048921508159;0,0105911033913533;-0,0120106763779158;0,0105692622336478;-0,215285459381767;0,829544765577409;FALSE;100
"h_thm_preg_Log";"hs_correct_raven";0;0,000664145246299601;0,00063135032410098;0,0073569154084894;-0,0137551439916474;0,0150834344842466;-0,0140591884434227;0,0139368964935829;0,0902749602820254;0,928068717690836;FALSE;100
"e3_alcpreg_yn_None_1";"hs_correct_raven";0;0,0257678970600589;0,0255766882593185;0,0103237172474448;0,00553378306849218;0,0460020110516257;0,00626783979727399;0,0428426515147127;2,4959901983403;0,0125606072214385;TRUE;100
"h_pamod_t3_None_Often";"hs_correct_raven";0;0,0967242372467153;0,0934481038894491;0,0163782919267865;0,0646233749419305;0,1288250995515;0,0642935323539043;0,122115310809498;5,90563641673303;3,51287957513817e-09;TRUE;100
"h_pamod_t3_None_Sometimes";"hs_correct_raven";0;0,0860908162464833;0,082357966234117;0,0172276906046179;0,0523251631246331;0,119856469368334;0,0454052130763128;0,1146432733185;4,99723487159715;5,8158217353375e-07;TRUE;100
"h_pamod_t3_None_Very Often";"hs_correct_raven";0;0,0911531889634026;0,0877848033905554;0,0160287340365315;0,0597374475340295;0,122568930392776;0,0587963404624969;0,116470074110523;5,6868614050026;1,29395384167546e-08;TRUE;100
"h_pavig_t3_None_Low";"hs_correct_raven";0;0,0896451209758475;0,0898533889853385;0,0165083901448227;0,057289270849259;0,122000971102436;0,056018125411922;0,119672769964151;5,43027637397833;5,62668458877497e-08;TRUE;100
"h_pavig_t3_None_Medium";"hs_correct_raven";0;0,0619124191325585;0,061747041934121;0,016526685086087;0,0295207115799927;0,0943041266851243;0,0337224073071993;0,0927844686168841;3,74620916475739;0,000179526919637659;TRUE;100
"hs_no2_dy_hs_h_Log";"hs_correct_raven";0;-0,0120812233777084;-0,012551009627083;0,00857548572004398;-0,0288888665389322;0,00472641978351529;-0,0284614733941046;0,00428647883497495;-1,40880922342046;0,158891587109432;FALSE;100
"hs_no2_wk_hs_h_Log";"hs_correct_raven";0;-0,000241680902170032;0,000468361814721927;0,00767316727914019;-0,015280812416636;0,0147974506122959;-0,0144418218991776;0,0138265006298739;-0,0314968895343975;0,974873272707795;FALSE;100
"hs_no2_yr_hs_h_Log";"hs_correct_raven";0;0,0233288255471612;0,0229250343643806;0,00838422183139277;0,00689605271923692;0,0397615983750855;0,0074446910472429;0,0398349815324422;2,78246759404812;0,00539472525112813;TRUE;100
"hs_pm10_dy_hs_h_None";"hs_correct_raven";0;-0,0109512731699496;-0,0116664620505604;0,00606914971700314;-0,0228465880320572;0,000944041692157999;-0,0235642658733028;-3,64616879454658e-05;-1,80441638130443;0,0711660569221246;FALSE;100
"hs_pm10_wk_hs_h_None";"hs_correct_raven";0;0,00281239414551611;0,00256322889772423;0,00726107904386727;-0,0114190592693623;0,0170438475603945;-0,0127929849988114;0,0162707413813438;0,387324546190069;0,698515955754089;FALSE;100
"hs_pm10_yr_hs_h_None";"hs_correct_raven";0;0,0064760834796805;0,00603361940763694;0,00962748859852134;-0,0123934474349913;0,0253456143943523;-0,0107210017367444;0,0228979732288142;0,672665920443172;0,501159853346388;FALSE;100
"hs_pm25_dy_hs_h_None";"hs_correct_raven";0;0,000991538372738762;0,00193805545523682;0,00707720810179704;-0,0128795346178785;0,014862611363356;-0,0120975395932423;0,0160985487620136;0,140103040418861;0,888578578381849;FALSE;100
"hs_pm25_wk_hs_h_None";"hs_correct_raven";0;-0,000792389914859671;-0,00101078412142321;0,0066203476845008;-0,0137680329416144;0,012183253111895;-0,0141375405094656;0,0120513540912278;-0,119690075600526;0,904728662363895;FALSE;100
"hs_pm25_yr_hs_h_None";"hs_correct_raven";0;-0,00252895597546831;-0,00375930079862066;0,00911249731648154;-0,02038912252499;0,0153312105740534;-0,021960140373089;0,0123093950833387;-0,277526114701208;0,781376156395977;FALSE;100
"hs_pm25abs_dy_hs_h_Log";"hs_correct_raven";0;0,0186722730734238;0,017887478929415;0,00568755255010739;0,00752487491503442;0,0298196712318133;0,00678207598953365;0,0289000198654487;3,28300669029797;0,00102706228157093;TRUE;100
"hs_pm25abs_wk_hs_h_Log";"hs_correct_raven";0;-0,0122100583240445;-0,0119682743191864;0,00535330488898635;-0,0227023431047199;-0,00171777354336909;-0,0215377066048248;-0,00195397979685037;-2,28084493172899;0,022557624521965;TRUE;100
"hs_pm25abs_yr_hs_h_Log";"hs_correct_raven";0;-0,00175905951623834;-0,00177734554873659;0,00748949085276407;-0,0164381918501981;0,0129200728177214;-0,0156371123172249;0,0111132845154054;-0,23487037381041;0,814309344685932;FALSE;100
"hs_accesslines300_h_dic0";"hs_correct_raven";0;0,0075641316588981;0,00746386282015397;0,0249187716056413;-0,0412757632271382;0,0564040265449344;-0,035309446867731;0,0639556926727711;0,303551546545163;0,761469570832044;FALSE;100
"hs_accesspoints300_h_Log";"hs_correct_raven";0;-0,00706412286517338;-0,00651589341765596;0,00776072981639188;-0,0222748737990476;0,00814662806870085;-0,020862107997418;0,00865827671077;-0,910239504827606;0,362696214430164;FALSE;100
"hs_builtdens300_h_Sqrt";"hs_correct_raven";0;-0,00220315998438993;-0,00228551133417526;0,00677953479807505;-0,0154908040205531;0,0110844840517732;-0,0150028717874697;0,0093488088381952;-0,32497214779626;0,745202151441352;FALSE;100
"hs_connind300_h_Log";"hs_correct_raven";0;-0,00741968350218963;-0,00715389672927095;0,00644674946093152;-0,0200550802629684;0,00521571325858915;-0,0179149286341954;0,00559037360994929;-1,15091854385753;0,249765748083867;FALSE;100
"hs_fdensity300_h_Log";"hs_correct_raven";0;0,0178488356107488;0,018014153777635;0,00702701373920634;0,00407614176303622;0,0316215294584613;0,00182998654575819;0,0293352677365335;2,54003140924052;0,0110842514050328;TRUE;100
"hs_landuseshan300_h_None";"hs_correct_raven";0;0,0108547976981074;0,0109284365495566;0,00541053047295261;0,000250352833863782;0,0214592425623509;0,000786073539185055;0,0197596319556091;2,00623538715303;0,0448311400061767;TRUE;100
"hs_popdens_h_Sqrt";"hs_correct_raven";0;-0,0146671568627199;-0,0148292899444321;0,00638422151869813;-0,0271800011086939;-0,00215431261674598;-0,0269343477271186;-0,00348346727452978;-2,29740725940707;0,0215955480439811;TRUE;100
"hs_walkability_mean_h_None";"hs_correct_raven";0;-0,00114834086931048;-0,00151042964358565;0,00546431995522662;-0,0118582111815582;0,0095615294429372;-0,0119201757982708;0,00758166405010229;-0,210152567697303;0,833548598333814;FALSE;100
"hs_accesslines300_s_dic0";"hs_correct_raven";0;0,0109774140676973;0,0129728823559403;0,0183945940091678;-0,0250753277005078;0,0470301558359023;-0,0197735317959003;0,0500639810509997;0,596773925112247;0,550658328988174;FALSE;100
"hs_accesspoints300_s_Log";"hs_correct_raven";0;-0,000892898318357248;-0,000427343158115593;0,00673436434081032;-0,0140920098851163;0,0123062132484018;-0,0146392541850359;0,0107901647613542;-0,1325883592229;0,89451893912784;FALSE;100
"hs_builtdens300_s_Sqrt";"hs_correct_raven";0;-0,00667754748292534;-0,00615757872824056;0,00671154406697704;-0,0198319321348538;0,00647683716900312;-0,0187554710593493;0,00775546375701636;-0,994934610618298;0,319768068239547;FALSE;100
"hs_connind300_s_Log";"hs_correct_raven";0;0,00323844829133337;0,00394646177509341;0,00671797977548379;-0,00992855011748334;0,0164054467001501;-0,00979371171852621;0,0162775941007125;0,482056868219754;0,629765548701346;FALSE;100
"hs_fdensity300_s_Log";"hs_correct_raven";0;0,00551929841802393;0,00613450599441274;0,00641111631280221;-0,00704625865576561;0,0180848554918135;-0,00513725702451026;0,0186880571125587;0,860895068617392;0,389295837931354;FALSE;100
"hs_landuseshan300_s_None";"hs_correct_raven";0;-0,00223044419105973;-0,00197929703271269;0,00486833188865783;-0,0117721993576169;0,00731131097549748;-0,0103365840102529;0,00831288769503483;-0,458153684274522;0,646842032253449;FALSE;100
"hs_popdens_s_Sqrt";"hs_correct_raven";0;0,00360974152267695;0,00335058076005108;0,00676251525135441;-0,00964454481488053;0,0168640278602344;-0,00803091116979065;0,0172665703746974;0,533786821693892;0,593489032345538;FALSE;100
"h_Absorbance_Log";"hs_correct_raven";0;0,00970164876819477;0,00930984480543071;0,00650383446209492;-0,00304563253892171;0,0224489300753112;-0,00324217682277402;0,0206679618456146;1,49168138038215;0,135782692584576;FALSE;100
"h_Benzene_Log";"hs_correct_raven";0;-0,013002124212335;-0,0120478916917742;0,00522649790907282;-0,0232458718793916;-0,00275837654527834;-0,0207349599767143;-0,000660237744226558;-2,48773163952945;0,0128560701586243;TRUE;100
"h_NO2_Log";"hs_correct_raven";0;0,0123921889049089;0,0120036754024997;0,00556330691976893;0,0014883077072193;0,0232960701025984;0,0021940250784234;0,0226194278090131;2,22748611277833;0,0259148029162769;TRUE;100
"h_PM_Log";"hs_correct_raven";0;-0,00798344453827383;-0,00672901297765458;0,00513258267555242;-0,0180431217300308;0,00207623265348314;-0,0165755061297961;0,00354667800834243;-1,55544392422565;0,119840379899225;FALSE;100
"h_TEX_Log";"hs_correct_raven";0;-0,00130316240214857;-0,00191820771070694;0,00527088443643624;-0,0116339060642363;0,00902758125993916;-0,0118207930267181;0,00810122714564598;-0,247237900558044;0,804724115157238;FALSE;100
"hs_KIDMED_None";"hs_correct_raven";0;0,0117358661427162;0,011319456502179;0,00519110747352273;0,00156148245473491;0,0219102498306974;0,00230395795975903;0,0202709723233342;2,2607634695631;0,0237739078257719;TRUE;100
"hs_mvpa_prd_alt_None";"hs_correct_raven";0;-0,0109881466533315;-0,0115340876065914;0,00524717935688451;-0,0212724292132472;-0,000703864093415872;-0,0207320219404244;-0,000859683188697742;-2,09410540520492;0,0362505916865917;TRUE;100
"hs_sd_wk_None";"hs_correct_raven";0;-0,0114924364713522;-0,0106176398317231;0,00511850187395025;-0,0215245157990955;-0,00146035714360896;-0,0207528053327158;-0,0014735954959374;-2,24527347148998;0,0247505819919188;TRUE;100
"hs_dif_hours_total_None";"hs_correct_raven";0;-0,000959846316955272;-0,00198870661134323;0,00539425155414533;-0,0115323850866293;0,00961269245271878;-0,0103259905389356;0,00969087528038466;-0,177938738548012;0,858771087320503;FALSE;100
"hs_as_c_Log2";"hs_correct_raven";0;0,0200788237228127;0,0199849169735339;0,00579595536232846;0,00871895995664715;0,0314386874889783;0,00958961379229743;0,0306168599473572;3,46428198072704;0,000531648897054305;TRUE;100
"hs_cd_c_Log2";"hs_correct_raven";0;-0,00591298575537197;-0,00597688498742721;0,00458429254890768;-0,0148980340458263;0,0030720625350824;-0,0163093194705418;0,00234409040639577;-1,28983604172052;0,197107591171344;FALSE;100
"hs_co_c_Log2";"hs_correct_raven";0;0,00724041686592943;0,00699671013571196;0,0041957422849351;-0,000983086900955154;0,015463920632814;3,86791333713472e-05;0,014934518539887;1,72565814919718;0,0844089313698669;FALSE;100
"hs_cs_c_Log2";"hs_correct_raven";0;0,000311421979188541;0,000712212238892862;0,00598577793341548;-0,0114204871897604;0,0120433311481375;-0,0105058654714911;0,0126375062907432;0,0520269850724054;0,958507191548089;FALSE;100
"hs_cu_c_Log2";"hs_correct_raven";0;-0,00147314736527728;-0,00140141234925702;0,00469921273907147;-0,0106834350895492;0,00773714035899462;-0,0115163888509859;0,00582015732770969;-0,313488119622429;0,753909845319615;FALSE;100
"hs_hg_c_Log2";"hs_correct_raven";0;-0,0173032115401862;-0,0174472973104678;0,00526167738440431;-0,0276159097118875;-0,00699051336848481;-0,0269139983289095;-0,00796557608850189;-3,28853524761384;0,00100710173067849;TRUE;100
"hs_mn_c_Log2";"hs_correct_raven";0;-0,00746463326203721;-0,0072104249690876;0,00430898768791267;-0,0159100939401726;0,000980827416098135;-0,0150135336701464;0,000697494009367194;-1,73234035524784;0,0832129808040753;FALSE;100
"hs_mo_c_Log2";"hs_correct_raven";0;-0,00602962408923097;-0,00567655772702014;0,00398284971779944;-0,0138358660919534;0,00177661791349145;-0,0128626623849864;0,00194359366987064;-1,51389696233941;0,130051974693905;FALSE;100
"hs_pb_c_Log2";"hs_correct_raven";0;-0,00708459060272413;-0,00697601899682692;0,00491657331648563;-0,0167208972303866;0,00255171602493836;-0,0160942079314844;0,0019280956335723;-1,44096104068437;0,149595689599453;FALSE;100
"hs_hum_mt_hs_h_None";"hs_correct_raven";0;-0,00949211026401238;-0,00989765029284568;0,00766656933246717;-0,0245183100406273;0,00553408951260254;-0,0261532425667956;0,00457685953247161;-1,23811705762762;0,21567265991072;FALSE;100
"hs_tm_mt_hs_h_None";"hs_correct_raven";0;0,0189193095661724;0,0183087250865603;0,00731564386522722;0,00458091106660567;0,0332577080657391;0,00517458666616539;0,0318084521994871;2,58614414735248;0,00970563314673925;TRUE;100
"hs_uvdvf_mt_hs_h_None";"hs_correct_raven";0;0,00168831282179209;0,00138871688764389;0,00937662831315701;-0,0166895409684142;0,0200661666119984;-0,0139555154200213;0,0206053639529053;0,180055427751476;0,857109054140305;FALSE;100
"hs_hum_dy_hs_h_None";"hs_correct_raven";0;-0,00468978232770642;-0,00528033568394687;0,00544140744147896;-0,0153547449382134;0,00597518028280057;-0,0153277464217498;0,00653021371602394;-0,861869356070818;0,388759413677645;FALSE;100
"hs_hum_wk_hs_h_None";"hs_correct_raven";0;-0,00913902077851926;-0,00876122795855053;0,00722005915947509;-0,023290076697339;0,00501203514030045;-0,0210870060955855;0,0036988527726224;-1,26578197998916;0,205591148322805;FALSE;100
"hs_tm_dy_hs_h_None";"hs_correct_raven";0;-0,00224534279181142;-0,00306858974652212;0,0075029499675112;-0,0169508545059393;0,0124601689223165;-0,0168173728197153;0,0108774598324107;-0,29926133074778;0,764740656909613;FALSE;100
"hs_tm_wk_hs_h_None";"hs_correct_raven";0;-0,00251183815323734;-0,0016661412683786;0,00726229429383555;-0,0167456734142858;0,0117219971078111;-0,0159590477125394;0,0108763668315976;-0,345873914166417;0,729437473597754;FALSE;100
"hs_uvdvf_dy_hs_h_None";"hs_correct_raven";0;-0,00480038232965554;-0,00433521703376745;0,00721742480998208;-0,0189462750183463;0,00934551035903519;-0,0168758615828546;0,008874916635201;-0,665110126677919;0,505980058036311;FALSE;100
"hs_uvdvf_wk_hs_h_None";"hs_correct_raven";0;-0,0174254295496684;-0,0170539979658854;0,00661018712248282;-0,0303811582408052;-0,00446970085853161;-0,0304256042585995;-0,00522416497577319;-2,63614769548662;0,00838532245413148;TRUE;100
"hs_ndvi100_h_None";"hs_correct_raven";0;0,00388019641614982;0,00343419727805992;0,0071729746362442;-0,0101785755329081;0,0179389683652077;-0,00892281987194487;0,0153332504298494;0,540946624367476;0,588544373110349;FALSE;100
"hs_ndvi100_s_None";"hs_correct_raven";0;-0,0053048385123412;-0,00604751046428076;0,00653025309754469;-0,0181038993934599;0,00749422236877752;-0,018339466314847;0,00660567890615088;-0,812348071828298;0,41659193390272;FALSE;100
"hs_dde_cadj_Log2";"hs_correct_raven";0;-0,00186317420931073;-0,00207151187896551;0,00634884852390656;-0,0143066886594679;0,0105803402408464;-0,0146023749096844;0,0092596343974221;-0,293466476998933;0,769165619517853;FALSE;100
"hs_ddt_cadj_Log2";"hs_correct_raven";0;-0,00931999212062103;-0,00997634446518984;0,00482093087453394;-0,0187688430066647;0,000128858765422681;-0,019098365434709;-0,00165159085998339;-1,93323496295143;0,0532072595322949;FALSE;100
"hs_hcb_cadj_Log2";"hs_correct_raven";0;0,000837931112865875;0,000954326620517676;0,00542514832915547;-0,0097951642230665;0,0114710264487983;-0,00991823515438224;0,0111916972877302;0,154453124970376;0,877252468484491;FALSE;100
"hs_pcb118_cadj_Log2";"hs_correct_raven";0;-0,0150279048711854;-0,0153304633630653;0,0074127024140173;-0,0295565346307724;-0,000499275111598349;-0,029154717020169;-0,00121617561760692;-2,02731797822719;0,0426299040714238;TRUE;100
"hs_pcb138_cadj_Log2";"hs_correct_raven";0;0,00627821814632788;0,00470082017522218;0,00709341026071871;-0,00762461049224766;0,0201810467849034;-0,0131220416828426;0,0164631414552161;0,885077545999964;0,376114808917016;FALSE;100
"hs_pcb153_cadj_Log2";"hs_correct_raven";0;-0,00727176472524749;-0,00625860612493139;0,0065003554907804;-0,0200122273738843;0,00546869792338928;-0,0166137946784972;0,00910447429661086;-1,11867185349497;0,263280157162967;FALSE;100
"hs_pcb170_cadj_Log2";"hs_correct_raven";0;0,0055843719538485;0,00585553392195894;0,00678152801990831;-0,00770717872532102;0,018875922633018;-0,00580400128442263;0,0185688886489311;0,823468094130797;0,410241853846235;FALSE;100
"hs_pcb180_cadj_Log2";"hs_correct_raven";0;0,00436651393273482;0,00316054921023076;0,00562324259767224;-0,00665483903503424;0,0153878669005039;-0,00632028125304478;0,012562263517921;0,776511746895349;0,437446887641941;FALSE;100
"hs_sumPCBs5_cadj_Log2";"hs_correct_raven";0;-0,0016472616127279;-0,000872491862020852;0,00714348599561596;-0,0156482368882014;0,0123537136627456;-0,0157290219146842;0,0129372340068872;-0,230596324223054;0,817628423505657;FALSE;100
"hs_pfhxs_c_Log2";"hs_correct_raven";0;0,0208239928076694;0,0210294132516219;0,0051001728849081;0,0108278376383217;0,030820147977017;0,0129850846613334;0,0305260887740251;4,08299743510451;4,44585138750224e-05;TRUE;100
"hs_pfna_c_Log2";"hs_correct_raven";0;-0,0141270560292249;-0,0137797147444949;0,00539244660507359;-0,0246960571637244;-0,00355805489472538;-0,0247129037688389;-0,00357154317500431;-2,61978598284741;0,00879849651584697;TRUE;100
"hs_pfoa_c_Log2";"hs_correct_raven";0;0,0109002390610768;0,0106941775340234;0,00507765766203891;0,000948212917656661;0,0208522652044969;0,0020263309516088;0,0220420111186905;2,14670617567783;0,0318166808102658;TRUE;100
"hs_pfos_c_Log2";"hs_correct_raven";0;0,00692566287962046;0,00664612060207876;0,00638425129674245;-0,00558723973024788;0,0194385654894888;-0,00555751555300614;0,0198046211986883;1,08480424057779;0,278008366966709;FALSE;100
"hs_pfunda_c_Log2";"hs_correct_raven";0;0,00835791270696513;0,00872882620675388;0,00549445881686489;-0,00241102868862861;0,0191268541025589;-0,0030959601475101;0,0180884825491404;1,52115303536557;0,128221437959191;FALSE;100
"hs_hm_pers_None";"hs_correct_raven";0;-0,00953456733324027;-0,0100082393415487;0,00467281688996842;-0,0186931201439288;-0,000376014522551692;-0,0183878826675463;-0,000568033425130667;-2,04043247526113;0,0413072701172787;TRUE;100
"hs_trafload_h_pow1over3";"hs_correct_raven";0;0,00117597849412373;0,00126806041248515;0,00500629005207252;-0,00863616970409956;0,010988126692347;-0,00922364369224641;0,0101722278616776;0,234900191936919;0,814286200593071;FALSE;100
"hs_trafnear_h_pow1over3";"hs_correct_raven";0;-0,0132606158440623;-0,013552330434747;0,00617287679910743;-0,0253592320513158;-0,00116199963680886;-0,0252939277291082;-0,00129469300620259;-2,14820678844258;0,0316973316724745;TRUE;100
"FAS_cat_None_Low";"hs_correct_raven";0;-0,00175817007908497;0,000188904461323095;0,0182638479419068;-0,0375546542643383;0,0340383141061684;-0,0368506114196934;0,0348422805692793;-0,0962650414456643;0,923310074990093;FALSE;100
"FAS_cat_None_Middle";"hs_correct_raven";0;0,0261490857140004;0,0271042374008283;0,0087362333053721;0,00902638307493173;0,043271788353069;0,0114569439879437;0,0442789408056824;2,99317621221502;0,00276090291382668;TRUE;100
"hs_globalexp2_None_no exposure";"hs_correct_raven";0;0,0256841670145553;0,0263065469524949;0,00864564972638902;0,00873900492788424;0,0426293291012263;0,0103093972225617;0,0437237907754572;2,97076192390258;0,00297061970153307;TRUE;100
"h_abs_ratio_preg_Log";"hs_Gen_Tot";0;-0,00287516103390375;-0,00239502632385502;0,00250851477432416;-0,00779175964626572;0,00204143757845821;-0,00831156773952125;0,0014280418978852;-1,14616069370306;0,251728668236786;FALSE;100
"h_no2_ratio_preg_Log";"hs_Gen_Tot";0;-0,00603969064406675;-0,00437284822074314;0,00266646459980003;-0,0112658652257258;-0,000813516062407687;-0,00993946999616657;0,000240541890694327;-2,26505562628497;0,0235092661835253;TRUE;100
"h_pm10_ratio_preg_None";"hs_Gen_Tot";0;-0,00146045853686073;-0,00127269141628972;0,00190477018908332;-0,00519373950628958;0,00227282243256813;-0,00470483259822565;0,00341031935247305;-0,766737397104886;0,443237664081918;FALSE;100
"h_pm25_ratio_preg_None";"hs_Gen_Tot";0;-0,00389671071491504;-0,00294778398068834;0,00282816388633976;-0,00943981007451781;0,00164638864468773;-0,00956998005994038;0,00116947056205421;-1,37782351784366;0,168257783091398;FALSE;100
"h_accesslines300_preg_dic0";"hs_Gen_Tot";0;0,0081683091191363;0,00654281299478998;0,00504343838974682;-0,00171664848301414;0,0180532667212867;-0,00129912089375023;0,0154801943495339;1,61959133589146;0,105320091987095;FALSE;100
"h_accesspoints300_preg_Log";"hs_Gen_Tot";0;0,00310482430001072;0,00242490865554775;0,00224977273720431;-0,00130464923830981;0,00751429783833126;-0,00110153887605857;0,00816978161101907;1,38006130515607;0,167567769980974;FALSE;100
"h_builtdens300_preg_Sqrt";"hs_Gen_Tot";0;-0,003210505084706;-0,00253092602974619;0,00223568220855743;-0,00759236169435554;0,00117135152494353;-0,00767955560773722;0,00112526168525037;-1,43602926767377;0,150994013264567;FALSE;100
"h_connind300_preg_Sqrt";"hs_Gen_Tot";0;0,00186371144285938;0,00145059348071808;0,00176544959054632;-0,00159650617113239;0,00532392905685116;-0,00201863609125441;0,00451036830608574;1,05565825999181;0,291124373330241;FALSE;100
"h_fdensity300_preg_Log";"hs_Gen_Tot";0;-0,00209146180669094;-0,00136458932719047;0,00259206843502943;-0,00717182258481172;0,00298889897142984;-0,00722929545592304;0,00217543529745064;-0,806869825822017;0,419741484796905;FALSE;100
"h_frichness300_preg_None";"hs_Gen_Tot";0;0,00213019210431235;0,00179996614865215;0,00161094427706842;-0,00102720065984267;0,00528758486846737;-0,00123187031268071;0,00495034108459694;1,32232513230616;0,186059907351594;FALSE;100
"h_landuseshan300_preg_None";"hs_Gen_Tot";0;0,00241161494466168;0,00204349458422376;0,00178341861826151;-0,00108382131648907;0,00590705120581243;-0,000933184270203344;0,00558794077228555;1,35224277685995;0,176297663441028;FALSE;100
"h_popdens_preg_Sqrt";"hs_Gen_Tot";0;0,00453083353042641;0,00376011617069254;0,00269009421247405;-0,000741654241042376;0,00980332130189519;-0,000323416911496854;0,0104702959662012;1,68426574408316;0,0921303225524444;FALSE;100
"h_walkability_mean_preg_None";"hs_Gen_Tot";0;-0,0032480016001677;-0,00276666538869816;0,00197632658867227;-0,00712153053565424;0,000625527335318847;-0,00688415302826699;0,00049404141234065;-1,64345387993275;0,100289060151255;FALSE;100
"hs_as_m_Log2";"hs_Gen_Tot";0;0,00129168093720813;0,00102256093212234;0,00175733443415972;-0,00215263126253699;0,00473599313695325;-0,00241041212440297;0,00450501317075293;0,735022834640895;0,462325587480605;FALSE;100
"hs_cd_m_Log2";"hs_Gen_Tot";0;0,000472623776050379;0,000448536264940358;0,00199064242272529;-0,00342896367858875;0,00437421123068951;-0,00355693381707235;0,00419196369345414;0,237422738837914;0,812328850932321;FALSE;100
"hs_co_m_Log2";"hs_Gen_Tot";0;0,000873568237732136;0,000895736460989977;0,00163012024539586;-0,00232140873371334;0,00406854520917761;-0,00170165179104045;0,00396550237070748;0,535891901348664;0,592033261936296;FALSE;100
"hs_cs_m_Log2";"hs_Gen_Tot";0;-0,00329576101472093;-0,00278570943200781;0,00183256858485957;-0,00688752944024521;0,000296007410803354;-0,00744999258741947;-6,61618808122508e-05;-1,79843801860954;0,0721076225252628;FALSE;100
"hs_cu_m_Log2";"hs_Gen_Tot";0;-0,000853795452897223;-0,000687277798080762;0,00140071466444741;-0,00359914574783125;0,0018915548420368;-0,00406416505636353;0,00188994671761509;-0,609542738837571;0,54216475302303;FALSE;100
"hs_hg_m_Log2";"hs_Gen_Tot";0;0,000471177255672361;-2,5920674409886e-05;0,00147116168314582;-0,00241224665872876;0,00335460117007349;-0,00254331600013493;0,00282236904627391;0,320275644118757;0,748759384700566;FALSE;100
"hs_mn_m_Log2";"hs_Gen_Tot";0;-0,000938126586852144;-0,000779667330668989;0,00135632855210817;-0,00359648170018751;0,00172022852648322;-0,00395302130943188;0,00152690908395994;-0,691666178813383;0,489146991179781;FALSE;100
"hs_mo_m_Log2";"hs_Gen_Tot";0;-0,00206874536377919;-0,0016989608698809;0,00162980186031348;-0,00526309831193;0,00112560758437161;-0,00548570543888445;0,000694340355627925;-1,26932323134131;0,204325803952921;FALSE;100
"hs_pb_m_Log2";"hs_Gen_Tot";0;-0,0021904045869901;-0,00169512680105492;0,00149766731610676;-0,00512577858738211;0,000744969413401908;-0,00556855004166142;0,00044412964878219;-1,4625441601304;0,143592152332598;FALSE;100
"h_humidity_preg_None";"hs_Gen_Tot";0;0,0101802179410401;0,00842494187058395;0,0025500211291097;0,00518226836816896;0,0151781675139113;0,0039625857842748;0,0135341449112875;3,99220925067174;6,54605694317869e-05;TRUE;100
"h_pressure_preg_None";"hs_Gen_Tot";0;-0,00352583533608897;-0,00377458788468494;0,00260249230425149;-0,00862662652246454;0,0015749558502866;-0,00868843502850705;0,000828945915076012;-1,35479183947214;0,175483887323428;FALSE;100
"h_temperature_preg_None";"hs_Gen_Tot";0;-0,00174179537186465;-0,00101055403124098;0,00243553467553996;-0,00651535561902142;0,00303176487529212;-0,00594455957354186;0,00300029471273897;-0,715159340311381;0,474510590068936;FALSE;100
"h_ndvi100_preg_None";"hs_Gen_Tot";0;0,00110763906944312;0,000912884260345327;0,00219283966135484;-0,00319024769068338;0,00540552582956962;-0,00359502130119412;0,00596957594125115;0,505116306022469;0,613477149243231;FALSE;100
"hs_dde_madj_Log2";"hs_Gen_Tot";0;-3,59967839459914e-06;-1,68387765393306e-05;0,00179293200478298;-0,00351768183449843;0,00351048247770923;-0,0025980498646004;0,00369152823649897;-0,00200770491295617;0,998398084323492;FALSE;100
"hs_ddt_madj_Log2";"hs_Gen_Tot";0;-0,00170267508227696;-0,00127548344231363;0,00148927284426295;-0,00462159622018588;0,00121624605563195;-0,00496363702929575;0,00132569234781119;-1,14329290890926;0,252916998179335;FALSE;100
"hs_hcb_madj_Log2";"hs_Gen_Tot";0;-0,00112301717063616;-0,00113434434544971;0,0016768645001668;-0,00440961119791685;0,00216357685664453;-0,00476363207217623;0,0015384728083356;-0,669712532243633;0,50304106113697;FALSE;100
"hs_pcb118_madj_Log2";"hs_Gen_Tot";0;0,00551817039045989;0,00389760308082065;0,00273737675731522;0,000153010534005023;0,0108833302469147;-0,000937116153286606;0,00972401262957901;2,01586076001903;0,0438145378561794;TRUE;100
"hs_pcb138_madj_Log2";"hs_Gen_Tot";0;-0,00472804875974187;-0,00354857134488862;0,0026948930963093;-0,0100099421706937;0,000553844651209978;-0,00892313661707674;0,000554268908631667;-1,75444761286339;0,0793538389629989;FALSE;100
"hs_pcb153_madj_Log2";"hs_Gen_Tot";0;0,00146135880434836;0,000635004793774632;0,00247619628043654;-0,00339189672395929;0,00631461433265602;-0,00437403062025585;0,00583366461454655;0,59016274917057;0,555081543405428;FALSE;100
"hs_pcb170_madj_Log2";"hs_Gen_Tot";0;-0,000748953188162032;-0,000361224137389336;0,00218441959917793;-0,0050303369296742;0,00353243055335014;-0,00490398522780214;0,00395669990714342;-0,342861411994237;0,731702722832394;FALSE;100
"hs_pcb180_madj_Log2";"hs_Gen_Tot";0;-0,00197428423380839;-0,00101431386611902;0,00198036184142437;-0,00585572211935759;0,0019071536517408;-0,0056267699458315;0,00253823572912539;-0,996931062046919;0,318797973111628;FALSE;100
"hs_sumPCBs5_madj_Log2";"hs_Gen_Tot";0;-0,00116640902919523;-0,000854393777518437;0,00224008355391353;-0,00555689211722624;0,00322407405883577;-0,00542735208341547;0,00359003955305897;-0,520698894091456;0,60257654492223;FALSE;100
"hs_pfhxs_m_Log2";"hs_Gen_Tot";0;-0,00107882702503093;-0,000328275596965606;0,00214231073540209;-0,00527767891011255;0,00312002486005069;-0,00509688749665738;0,00322559327734438;-0,503581019878726;0,614555833010368;FALSE;100
"hs_pfna_m_Log2";"hs_Gen_Tot";0;-0,00117143141581553;-0,00117807598999919;0,00174478586296749;-0,00459114886796646;0,00224828603633539;-0,00418537020636751;0,00178942168526512;-0,671389790964484;0,501972246840797;FALSE;100
"hs_pfoa_m_Log2";"hs_Gen_Tot";0;-0,00244103078880999;-0,00168137305132836;0,00164697389272588;-0,00566904030203044;0,000786978724410459;-0,00474541580317846;0,00104800134733967;-1,48213083376196;0,138305485920595;FALSE;100
"hs_pfos_m_Log2";"hs_Gen_Tot";0;-0,00269017544583455;-0,0022029957671049;0,00219279334554309;-0,00698797142863809;0,00160762053696899;-0,00661967026594992;0,00343525247496043;-1,22682579792683;0,219888072374112;FALSE;100
"hs_pfunda_m_Log2";"hs_Gen_Tot";0;-0,00143203350657549;-0,00111866954617984;0,00150263705181776;-0,00437714800997374;0,00151308099682276;-0,00403193125626577;0,00168731940083312;-0,953013573599254;0,340583193414836;FALSE;100
"e3_asmokcigd_p_None";"hs_Gen_Tot";0;-0,000644409075456888;-0,000793258529251698;0,0018100900440996;-0,00419212037066662;0,00290330221975285;-0,00472163348777784;0,00264139062961563;-0,356009402713133;0,721833523567965;FALSE;100
"h_distinvnear1_preg_Log";"hs_Gen_Tot";0;-0,000123021201218979;-3,53350449986007e-05;0,00120347402728979;-0,00248178695103634;0,00223574454859839;-0,00230203122142515;0,00205505607900886;-0,1022217334395;0,918580677324753;FALSE;100
"h_trafload_preg_pow1over3";"hs_Gen_Tot";0;0,000820760278022229;0,000470751303559784;0,00141133848393187;-0,00194541232047959;0,00358693287652405;-0,00242334416125501;0,00299137233649231;0,581547436966121;0,560871556945475;FALSE;100
"h_trafnear_preg_pow1over3";"hs_Gen_Tot";0;0,000505038914773512;0,000130001270054164;0,00189401029018767;-0,00320715304034257;0,00421723086988959;-0,00279350520349485;0,00407904792293133;0,266650565411379;0,789738219142617;FALSE;100
"h_bro_preg_Log";"hs_Gen_Tot";0;0,00167589339010985;0,00170203998155711;0,00237589461294546;-0,00298077448232598;0,00633256126254568;-0,00365857355633465;0,00571456141888748;0,705373622625544;0,480577754654194;FALSE;100
"h_clf_preg_Log";"hs_Gen_Tot";0;0,00161794841879537;0,00125308958505222;0,00165291828282439;-0,00162171188492823;0,00485760872251896;-0,00181403512723336;0,00512308900063244;0,978843561480083;0,327657282123489;FALSE;100
"h_thm_preg_Log";"hs_Gen_Tot";0;0,00155624513977411;0,00132611183705118;0,00215888354417511;-0,00267508885362528;0,00578757913317351;-0,00244105887840517;0,00574124441451043;0,720856455630979;0,470997836284467;FALSE;100
"e3_alcpreg_yn_None_1";"hs_Gen_Tot";0;-0,00184818538158233;-0,000505633540571176;0,00350487868703844;-0,0087176213783597;0,00502125061519504;-0,00801428418640143;0,00505469601227945;-0,527317932120502;0,597972823592465;FALSE;100
"h_pamod_t3_None_Often";"hs_Gen_Tot";0;0,0159458716445984;0,0155883539737492;0,00501948704461022;0,00610785781629699;0,0257838854728999;0,0052064841237624;0,0249210708426812;3,17679306727579;0,00148913247946407;TRUE;100
"h_pamod_t3_None_Sometimes";"hs_Gen_Tot";0;0,0124495702767179;0,0117942731705907;0,00560604743791527;0,00146191920278088;0,0234372213506548;-0,000824717828570896;0,0210714100777707;2,22073937379087;0,0263686189661065;TRUE;100
"h_pamod_t3_None_Very Often";"hs_Gen_Tot";0;0,0144032893930173;0,0140547345430803;0,00459616288098408;0,00539497567920865;0,023411603106826;0,00467104540183502;0,0223048863055904;3,13376391698578;0,00172579644921192;TRUE;100
"h_pavig_t3_None_Low";"hs_Gen_Tot";0;0,0200311838781217;0,0193968517522231;0,0046687167362788;0,0108806672209959;0,0291817005352475;0,00992732909175202;0,026881464837884;4,2905117208048;1,78261876725533e-05;TRUE;100
"h_pavig_t3_None_Medium";"hs_Gen_Tot";0;0,0261002105130273;0,0235484212977943;0,00600580882252198;0,0143290415228513;0,0378713795032033;0,0134149646637408;0,0358590915567953;4,34582772850689;1,38751436617114e-05;TRUE;100
"hs_no2_dy_hs_h_Log";"hs_Gen_Tot";0;0,00657953717545389;0,00508681186760144;0,0027214588226086;0,00124557589773226;0,0119134984531755;-0,000220273982196186;0,0102879174648071;2,41765082785534;0,0156210585813344;TRUE;100
"hs_no2_wk_hs_h_Log";"hs_Gen_Tot";0;0,00276980249937018;0,00221943008041744;0,00219516164884996;-0,00153263527261931;0,00707224027135967;-0,00183381070054752;0,0074780411215383;1,26177609782007;0,207029365305959;FALSE;100
"hs_no2_yr_hs_h_Log";"hs_Gen_Tot";0;0,0029234317799348;0,00309292212128507;0,00224701194028592;-0,00148063069585706;0,00732749425572667;-0,00234426304882682;0,00707071476639798;1,30103081675784;0,193247906616521;FALSE;100
"hs_pm10_dy_hs_h_None";"hs_Gen_Tot";0;0,00237875231186379;0,00147144079854187;0,00178571512594588;-0,00112118502163854;0,00587868964536613;-0,00255206450130283;0,00509848877832178;1,3321006678508;0,182827110923587;FALSE;100
"hs_pm10_wk_hs_h_None";"hs_Gen_Tot";0;-0,00373778845517677;-0,00320945186529;0,00244018341257459;-0,00852046005949501;0,00104488314914146;-0,00830042191672969;0,000696438742111583;-1,53176537301067;0,125580343786041;FALSE;100
"hs_pm10_yr_hs_h_None";"hs_Gen_Tot";0;-0,00127011656806074;-0,000785732867470619;0,00237469616680544;-0,00592443552922472;0,00338420239310323;-0,00608968617167234;0,00354272269784711;-0,534854347185548;0,592750578948907;FALSE;100
"hs_pm25_dy_hs_h_None";"hs_Gen_Tot";0;0,0014462330931462;0,00133304904643032;0,00183263695834199;-0,00214566934194113;0,00503813552823354;-0,00143369947575624;0,00489623780713507;0,789154167476044;0,43002190593094;FALSE;100
"hs_pm25_wk_hs_h_None";"hs_Gen_Tot";0;-0,00187523037100229;-0,0017089513310531;0,00230528096606834;-0,00639349803874193;0,00264303729673735;-0,00766310513240332;0,00199896570953594;-0,813449813104778;0,415960209346309;FALSE;100
"hs_pm25_yr_hs_h_None";"hs_Gen_Tot";0;0,00795318846650899;0,0064755187772423;0,00278324668214769;0,00249812520940893;0,0134082517236091;0,000401860239190573;0,0117408495028663;2,85752194281677;0,00426963112296452;TRUE;100
"hs_pm25abs_dy_hs_h_Log";"hs_Gen_Tot";0;-0,00564237085124797;-0,00402812862384555;0,00237552966975019;-0,0102983234481647;-0,000986418254331274;-0,00873936352390206;-8,7688796682147e-05;-2,37520537970857;0,0175391880404851;TRUE;100
"hs_pm25abs_wk_hs_h_Log";"hs_Gen_Tot";0;-0,000876281359183101;-0,000969655784445244;0,00189158517965261;-0,00458372018499193;0,00283115746662573;-0,00464731980492128;0,00325753208594195;-0,46325239201971;0,643183466230219;FALSE;100
"hs_pm25abs_yr_hs_h_Log";"hs_Gen_Tot";0;-0,0022278228298191;-0,00196115895722133;0,00240825895636991;-0,00694792364975014;0,00249227799011193;-0,00770938126362256;0,00257594556543422;-0,925076111074539;0,354926318310922;FALSE;100
"hs_accesslines300_h_dic0";"hs_Gen_Tot";0;-0,00599032433335346;-0,00413644749869944;0,00587550569604261;-0,0175061038885569;0,00552545522184999;-0,0155559167863932;0,00741104822644066;-1,01954191575173;0,307945764324989;FALSE;100
"hs_accesspoints300_h_Log";"hs_Gen_Tot";0;-0,00121502371503322;-0,001079634579958;0,00215299348789174;-0,0054348134102503;0,00300476598018387;-0,00511750125907843;0,00352296040987046;-0,564341565297995;0,572521698871152;FALSE;100
"hs_builtdens300_h_Sqrt";"hs_Gen_Tot";0;0,000208316048377166;0,000233547713840071;0,00181925683874132;-0,00335736183418402;0,00377399393093835;-0,00268926451385195;0,00373423642384606;0,114506123567078;0,90883659242438;FALSE;100
"hs_connind300_h_Log";"hs_Gen_Tot";0;0,00467125347901634;0,00358261451925319;0,00242941258609408;-9,03076933163709e-05;0,00943281465134904;-0,000531866296566921;0,00880642771555936;1,92279133884237;0,0545062602626697;FALSE;100
"hs_fdensity300_h_Log";"hs_Gen_Tot";0;-0,00141756838321843;-0,000624177211719842;0,00202197473024477;-0,00538056603214827;0,00254542926571142;-0,00538762399809237;0,00302256557121981;-0,701081156957299;0,483252368983777;FALSE;100
"hs_landuseshan300_h_None";"hs_Gen_Tot";0;-0,00306212136853858;-0,00230540771763556;0,0021591618815404;-0,0072940008931495;0,00116975815607234;-0,00692679278936162;0,00172325289917024;-1,41819906822086;0,156132653881342;FALSE;100
"hs_popdens_h_Sqrt";"hs_Gen_Tot";0;0,00213290135341553;0,00143120553801085;0,00205815670630745;-0,00190101166548666;0,00616681437231772;-0,00205372956869134;0,00566737866897657;1,03631630520602;0,300054601771049;FALSE;100
"hs_walkability_mean_h_None";"hs_Gen_Tot";0;-0,00178772659081448;-0,00173671516962686;0,00178648322504848;-0,00528916937089446;0,0017137161892655;-0,00532204416686887;0,00121450698846453;-1,00069598513357;0,31697380901834;FALSE;100
"hs_accesslines300_s_dic0";"hs_Gen_Tot";0;0,00112785867238734;0,00262751554816849;0,00527163607096475;-0,0092043581663058;0,0114600755110805;-0,00714353868825082;0,0144760967081544;0,213948508054148;0,830587211963066;FALSE;100
"hs_accesspoints300_s_Log";"hs_Gen_Tot";0;0,00174718744610053;0,00149512083811215;0,00220846996900381;-0,00258133415408523;0,00607570904628628;-0,00209763061061162;0,005947405779504;0,79113027146511;0,428867976001267;FALSE;100
"hs_builtdens300_s_Sqrt";"hs_Gen_Tot";0;0,000759636043124149;0,000356316669703751;0,00169392158585526;-0,00256038925778713;0,00407966134403543;-0,00353581226794366;0,00338969473531869;0,448448174618786;0,653829780692683;FALSE;100
"hs_connind300_s_Log";"hs_Gen_Tot";0;-0,000912238693503584;-0,000661769028975676;0,00198080836468743;-0,00479455174856663;0,00297007436155946;-0,00437680726587723;0,00366912971559284;-0,460538591095628;0,645129678174544;FALSE;100
"hs_fdensity300_s_Log";"hs_Gen_Tot";0;0,00123166292537631;0,00129586429829276;0,00157512313958724;-0,00185552169943034;0,00431884755018297;-0,0014927879033903;0,00390356154972597;0,781947070943968;0,434245680183712;FALSE;100
"hs_landuseshan300_s_None";"hs_Gen_Tot";0;0,000860097424570926;0,00072050931395467;0,00161289431452446;-0,00230111734276643;0,00402131219190828;-0,002822276277728;0,00367778820553511;0,533263349511227;0,593851294459809;FALSE;100
"hs_popdens_s_Sqrt";"hs_Gen_Tot";0;-0,00108353274639778;-0,000685131138943329;0,00176165698856925;-0,0045363169971068;0,00236925150431125;-0,00468197202614458;0,00275969530600691;-0,615064540616263;0,538512098405091;FALSE;100
"h_Absorbance_Log";"hs_Gen_Tot";0;-0,00148073772324231;-0,00111643627098394;0,00215403111203904;-0,00570256112441759;0,00274108567793296;-0,00566574620978448;0,00235499918303725;-0,687426339836208;0,49181410393985;FALSE;100
"h_Benzene_Log";"hs_Gen_Tot";0;0,00285880456434619;0,00197221357981164;0,00259188042236219;-0,00222118771571817;0,00793879684441054;-0,00156085863267511;0,00808227565805985;1,10298474408041;0,270033790349829;FALSE;100
"h_NO2_Log";"hs_Gen_Tot";0;0,00156322964928996;0,00156987748458146;0,00162208271639266;-0,00161599405478455;0,00474245335336447;-0,00176574708917046;0,00410367294420103;0,963717591891007;0,335187532073851;FALSE;100
"h_PM_Log";"hs_Gen_Tot";0;0,00433276780028167;0,00320125356320019;0,00222628089952388;-3,06625822545708e-05;0,00869619818281792;-0,00124723109673857;0,00774652883721405;1,94619097761127;0,0516318033065613;FALSE;100
"h_TEX_Log";"hs_Gen_Tot";0;3,93014569089694e-05;4,68029857768098e-05;0,00181208080263293;-0,00351231165332801;0,00359091456714595;-0,00391804100694208;0,00415295952775069;0,021688578595317;0,982696374591873;FALSE;100
"hs_KIDMED_None";"hs_Gen_Tot";0;-0,00258178976548425;-0,0016497609860172;0,00236898801577118;-0,00722492095620277;0,00206134142523428;-0,00630936281319136;0,00184730366970151;-1,08982812420171;0,275788862708911;FALSE;100
"hs_mvpa_prd_alt_None";"hs_Gen_Tot";0;0,00239976460978134;0,00168847705076191;0,00204565375157221;-0,00160964306813944;0,00640917228770213;-0,00255975361045412;0,00513947385159797;1,17310400547354;0,240754100457989;FALSE;100
"hs_sd_wk_None";"hs_Gen_Tot";0;0,00257531220156095;0,00170130130565537;0,00198224729896278;-0,00130982111285789;0,0064604455159798;-0,00130205544179451;0,00598638517715345;1,2991881501912;0,193879367143453;FALSE;100
"hs_dif_hours_total_None";"hs_Gen_Tot";0;-0,00158237847644873;-0,0012148560329385;0,00250965175198399;-0,00650120552407519;0,00333644857117773;-0,0072050293720546;0,00250672454586082;-0,630517152508428;0,528356284080244;FALSE;100
"hs_as_c_Log2";"hs_Gen_Tot";0;-0,00461813711824959;-0,00295507035510123;0,00240219001628428;-0,00932634303418846;9,00687976892849e-05;-0,00812789179151758;0,00159100414052121;-1,92246953277782;0,054546703677914;FALSE;100
"hs_cd_c_Log2";"hs_Gen_Tot";0;0,00185529896157281;0,00122365565751904;0,00137759178157324;-0,000844731315709109;0,00455532923885473;-0,0010574648982357;0,00436812921770145;1,34676976618866;0,178054394880477;FALSE;100
"hs_co_c_Log2";"hs_Gen_Tot";0;-0,00283451000928567;-0,00213533046062812;0,00221493777662992;-0,00717570827947754;0,0015066882609062;-0,00683215091781234;0,000962305145099524;-1,279724441559;0,200642065488394;FALSE;100
"hs_cs_c_Log2";"hs_Gen_Tot";0;-0,000847917489329756;-0,000831846074397759;0,00222540183958128;-0,00520962494603825;0,00351378996737874;-0,00498030566260577;0,0033367846782149;-0,381017699477275;0,703190115120459;FALSE;100
"hs_cu_c_Log2";"hs_Gen_Tot";0;0,000246133509271822;0,000386360725328269;0,00215824004074149;-0,00398393924057375;0,0044762062591174;-0,00305220785724701;0,00493340649117569;0,114043621017827;0,909203214420588;FALSE;100
"hs_hg_c_Log2";"hs_Gen_Tot";0;0,00132221382701401;0,000331543991072767;0,00167419848774846;-0,0019591549119444;0,00460358256597242;-0,00302315458568716;0,00374330494723254;0,789759300757813;0,429668351868539;FALSE;100
"hs_mn_c_Log2";"hs_Gen_Tot";0;0,000866563274520926;0,00048777402221688;0,00152589776716348;-0,00212414139320957;0,00385726794225142;-0,00163861645555571;0,00338683640957738;0,567903887907117;0,570100231840042;FALSE;100
"hs_mo_c_Log2";"hs_Gen_Tot";0;-0,00103443037787711;-0,00102022055959009;0,0012921089060135;-0,00356691729776703;0,00149805654201281;-0,00336752862095089;0,00130313716410612;-0,800575224783954;0,42337759833504;FALSE;100
"hs_pb_c_Log2";"hs_Gen_Tot";0;0,00256220502347839;0,0021160518262023;0,00209490844833975;-0,00154374008617621;0,00666815013313298;-0,000595625975025866;0,00684096208538886;1,22306300569315;0,221305899981149;FALSE;100
"hs_hum_mt_hs_h_None";"hs_Gen_Tot";0;-0,00394026702645483;-0,00360075727120843;0,00234010063780863;-0,00852677999675895;0,000646245943849292;-0,00858585001293515;4,29873345548969e-05;-1,68380238131325;0,0922198668608916;FALSE;100
"hs_tm_mt_hs_h_None";"hs_Gen_Tot";0;-0,00153543797260274;-0,000620355914559642;0,00243672232343595;-0,00631132596686196;0,00324045002165649;-0,0053014985221918;0,00306587770956951;-0,630124309953241;0,528613255646088;FALSE;100
"hs_uvdvf_mt_hs_h_None";"hs_Gen_Tot";0;-0,0042125358444153;-0,00339405145643823;0,00262211568741323;-0,00935178815504271;0,000926716466212122;-0,00986695762791952;0,00105002436674194;-1,60654080391512;0,10815513707242;FALSE;100
"hs_hum_dy_hs_h_None";"hs_Gen_Tot";0;-0,00213713053309594;-0,00201562236345864;0,00172549499050866;-0,00551903856999719;0,00124477750380532;-0,00564029279671381;0,000540699188247847;-1,23856084477297;0,215508176121786;FALSE;100
"hs_hum_wk_hs_h_None";"hs_Gen_Tot";0;-0,00422270622281743;-0,00411441830234798;0,0022416643396015;-0,00861628759386414;0,000170875148229284;-0,00883760125937994;-0,000727916581568041;-1,88373707348536;0,059600549037685;FALSE;100
"hs_tm_dy_hs_h_None";"hs_Gen_Tot";0;0,000700612514538544;0,000603962621129413;0,00213551565254156;-0,00348492125286447;0,00488614628194156;-0,00274796503628911;0,00473408656854632;0,32807650634858;0,742853816998441;FALSE;100
"hs_tm_wk_hs_h_None";"hs_Gen_Tot";0;0,00220037033523179;0,00167813336259615;0,0021852484532485;-0,00208263793040714;0,00648337860087072;-0,0020895022890451;0,00698035915932024;1,00691998292496;0,313973228256259;FALSE;100
"hs_uvdvf_dy_hs_h_None";"hs_Gen_Tot";0;0,00148538328986725;0,000701479094837685;0,00175594879481138;-0,00195621310665957;0,00492697968639408;-0,0023131046976274;0,00461733792562675;0,845914923177932;0,397600206835598;FALSE;100
"hs_uvdvf_wk_hs_h_None";"hs_Gen_Tot";0;-0,00213340310541261;-0,00227859407108447;0,00200979876152971;-0,00607253629418404;0,00180573008335881;-0,00565862551454024;0,00120371785485397;-1,06150085583137;0,288462344181595;FALSE;100
"hs_ndvi100_h_None";"hs_Gen_Tot";0;0,00123805342442395;0,00107589788537955;0,00229295300638544;-0,00325605188633434;0,00573215873518225;-0,00392585131126985;0,00477305614612066;0,539938420445693;0,589239500615153;FALSE;100
"hs_ndvi100_s_None";"hs_Gen_Tot";0;0,0050482258950734;0,00408948998825808;0,00214918225554803;0,000835906077986713;0,0092605457121601;0,000779721103065987;0,00833950583017811;2,34890544161232;0,0188286877481043;TRUE;100
"hs_dde_cadj_Log2";"hs_Gen_Tot";0;-0,0014198145120315;-0,00121729565356834;0,00215573414501311;-0,00564497579650044;0,00280534677243745;-0,00546026721193687;0,00251819142765349;-0,658622268110367;0,510138359744425;FALSE;100
"hs_ddt_cadj_Log2";"hs_Gen_Tot";0;0,000307795750264675;4,29322648040017e-05;0,00135950294952884;-0,00235678106768783;0,00297237256821718;-0,00229102685208242;0,00242326106159193;0,226403150041967;0,820887878156303;FALSE;100
"hs_hcb_cadj_Log2";"hs_Gen_Tot";0;-0,00218349538678424;-0,00264574824403921;0,00294932736546475;-0,00796407080171356;0,00359708002814507;-0,00959808434229202;0,0015009719097851;-0,740336733165655;0,459095697320234;FALSE;100
"hs_pcb118_cadj_Log2";"hs_Gen_Tot";0;0,00513947755642003;0,00372502125166407;0,00247998236197497;0,00027880144465452;0,0100001536681855;-0,00100701657591401;0,00830324017009359;2,07238472144904;0,038229577065014;TRUE;100
"hs_pcb138_cadj_Log2";"hs_Gen_Tot";0;-0,00201495160186635;-0,00121873292993011;0,00219935213810702;-0,00632560258187726;0,00229569937814457;-0,00596350043469028;0,00189712134824244;-0,916156884090702;0,359584615894588;FALSE;100
"hs_pcb153_cadj_Log2";"hs_Gen_Tot";0;0,0023416032366702;0,0017439686505303;0,00236638211735087;-0,00229642048699715;0,00697962696033755;-0,0031775111461319;0,0069259159779776;0,989528791441167;0,322404490392763;FALSE;100
"hs_pcb170_cadj_Log2";"hs_Gen_Tot";0;-0,0059141958567031;-0,00480770079443264;0,00288248519165176;-0,0115637630183106;-0,000264628695095614;-0,0105918666769521;0,000831003769372241;-2,05176972767519;0,0401920466192359;TRUE;100
"hs_pcb180_cadj_Log2";"hs_Gen_Tot";0;-0,0020368324374825;-0,00154795421091579;0,00227361176870443;-0,00649302961896961;0,0024193647440046;-0,00671650863437945;0,00204951992577417;-0,895857624207825;0,370328808925974;FALSE;100
"hs_sumPCBs5_cadj_Log2";"hs_Gen_Tot";0;-0,00508048524679796;-0,00406677412416127;0,00237707592210088;-0,00973946844263303;-0,0004215020509629;-0,0091036291444988;-8,16829200947961e-05;-2,13728354217134;0,032574936634281;TRUE;100
"hs_pfhxs_c_Log2";"hs_Gen_Tot";0;-0,00233351732253376;-0,00120497132880256;0,00219031981568635;-0,00662646527590342;0,0019594306308359;-0,00525363771560418;0,00262100140301586;-1,06537744206206;0,286705160675749;FALSE;100
"hs_pfna_c_Log2";"hs_Gen_Tot";0;0,00167554942845085;0,00088408567927308;0,0022096207370489;-0,00265522763565785;0,00600632649255955;-0,00243008337163671;0,00683841995830824;0,758297295258305;0,448273026125881;FALSE;100
"hs_pfoa_c_Log2";"hs_Gen_Tot";0;-0,000960523095179529;-0,00039681329710438;0,00171388333483652;-0,0043196727051625;0,00239862651480344;-0,00430776690343191;0,00241559590697521;-0,560436685307493;0,575181614754223;FALSE;100
"hs_pfos_c_Log2";"hs_Gen_Tot";0;-0,00358325224575701;-0,00281648854789209;0,0022114990685736;-0,00791771077200513;0,000751206280491116;-0,00860797807077829;0,000215022640675445;-1,62028205061293;0,105171702850535;FALSE;100
"hs_pfunda_c_Log2";"hs_Gen_Tot";0;-0,00190597717433781;-0,00122021054311905;0,0014967083655171;-0,00483947166611114;0,00102751731743553;-0,00437433330779317;0,00150719327005534;-1,27344592857895;0,202859848337098;FALSE;100
"hs_hm_pers_None";"hs_Gen_Tot";0;0,00255944143442656;0,00197511573925914;0,00169413442210083;-0,000761001017860645;0,00587988388671376;-0,00153625180980795;0,00564245574427648;1,51076644275529;0,130847967266395;FALSE;100
"hs_trafload_h_pow1over3";"hs_Gen_Tot";0;-0,00113730100465091;-0,000925485939773378;0,0014331629033612;-0,00394624867921771;0,00167164666991589;-0,00367115182824068;0,0019221554641056;-0,79356017517869;0,427451524626657;FALSE;100
"hs_trafnear_h_pow1over3";"hs_Gen_Tot";0;0,00139532983340758;0,000795299233158216;0,00209222793256064;-0,00270536156185998;0,00549602122867514;-0,00270920810365253;0,00549506128305322;0,666911005102515;0,504828980957001;FALSE;100
"FAS_cat_None_Low";"hs_Gen_Tot";0;0,00705914856735503;0,00719158418342575;0,00703501432562749;-0,00672922614159817;0,0208475232763082;-0,00308995445357897;0,0206585651199784;1,00343058885319;0,315653151455573;FALSE;100
"FAS_cat_None_Middle";"hs_Gen_Tot";0;-0,0014230938958106;6,71863312302765e-05;0,00266795714519541;-0,00665219381268989;0,0038060060210687;-0,00521643103605544;0,00545793295852666;-0,533402081953744;0,593755276624551;FALSE;100
"hs_globalexp2_None_no exposure";"hs_Gen_Tot";0;0,00350460265874122;0,00401209493219045;0,00338634311119196;-0,00313250787849034;0,0101417131959728;-0,00209363571270085;0,0115313363721741;1,03492249416735;0,300705108675217;FALSE;100
"h_abs_ratio_preg_Log";"hs_bmi_c_cat";0;-0,0271371744502853;-0,0260569931654189;0,0705586044483088;-0,165429497968378;0,111155149067808;-0,157280880022699;0,129291088094271;-0,384604750369829;0,700530274086496;FALSE;100
"h_no2_ratio_preg_Log";"hs_bmi_c_cat";0;-0,0549530983151667;-0,0546069449708575;0,0563613509790879;-0,1654193163542;0,0555131197238668;-0,167342244706476;0,0355966379600655;-0,975013858975032;0,329553385436443;FALSE;100
"h_pm10_ratio_preg_None";"hs_bmi_c_cat";0;0,0271082142696767;0,0271080447422497;0,0589867966122404;-0,0885037826537038;0,142720211193057;-0,0820248073494658;0,120151575959075;0,459564102927594;0,64582913031528;FALSE;100
"h_pm25_ratio_preg_None";"hs_bmi_c_cat";0;-0,0231859354535189;-0,024960836628713;0,0664504535668404;-0,153426431200877;0,107054560293839;-0,124735964991226;0,108420349192134;-0,348920650032839;0,727148881826723;FALSE;100
"h_accesslines300_preg_dic0";"hs_bmi_c_cat";0;-0,168885271505514;-0,170503334067299;0,192801656380377;-0,54676957417072;0,208999031159692;-0,532970378334989;0,202516097999032;-0,875953426314562;0,3810553533254;FALSE;100
"h_accesspoints300_preg_Log";"hs_bmi_c_cat";0;-0,0913714393396109;-0,0911781744729568;0,0653915976093309;-0,219536615545435;0,0367937368662132;-0,204477432625875;0,0348443240323176;-1,39729632980511;0,162324479061656;FALSE;100
"h_builtdens300_preg_Sqrt";"hs_bmi_c_cat";0;-0,00871243577174166;-0,00881732829470188;0,0684014688624299;-0,142776851231742;0,125351979688259;-0,132335335249669;0,138669041297773;-0,127372056720949;0,898645931586638;FALSE;100
"h_connind300_preg_Sqrt";"hs_bmi_c_cat";0;-0,0679871927870764;-0,0727719924661;0,0666486589816716;-0,198616164009045;0,0626417784348919;-0,20775425228833;0,0551097253852191;-1,02008343192281;0,307688893679697;FALSE;100
"h_fdensity300_preg_Log";"hs_bmi_c_cat";0;-0,0881370978653266;-0,0927323793136761;0,0632995895498038;-0,21220201361911;0,0359278178884568;-0,206204447853755;0,0350065562529766;-1,39238024278152;0,163807284071236;FALSE;100
"h_frichness300_preg_None";"hs_bmi_c_cat";0;-0,0770178851719173;-0,0779261789830704;0,065444863554861;-0,205287460712583;0,0512516903687483;-0,211437374433709;0,0556513689860359;-1,17683620972569;0,239260886967286;FALSE;100
"h_landuseshan300_preg_None";"hs_bmi_c_cat";0;0,0553854858475962;0,053010545124597;0,0648274280586991;-0,0716739383578154;0,182444910053008;-0,0552325064944047;0,183503452166826;0,854352663774451;0,39290961548358;FALSE;100
"h_popdens_preg_Sqrt";"hs_bmi_c_cat";0;0,0904287124087789;0,0923061017365576;0,0710229428058228;-0,0487736975666819;0,22963112238424;-0,0389516838541484;0,233639611272343;1,2732324068296;0,202935584141673;FALSE;100
"h_walkability_mean_preg_None";"hs_bmi_c_cat";0;-0,0937245746230366;-0,0953018103955124;0,0645841339174137;-0,220307151073879;0,032858001827806;-0,21606005980519;0,0236674747794006;-1,45120123067511;0,146723834312001;FALSE;100
"hs_as_m_Log2";"hs_bmi_c_cat";0;0,11256782108958;0,110730367900848;0,0703994757512242;-0,0254126159133203;0,25054825809248;-0,0316120693702503;0,250278609680538;1,59898663858477;0,109823571494759;FALSE;100
"hs_cd_m_Log2";"hs_bmi_c_cat";0;0,0045490901990863;0,00196365361799241;0,0657810154337544;-0,124379330917546;0,133477511315718;-0,11792013303655;0,171257223933962;0,0691550619747961;0,944866192774912;FALSE;100
"hs_co_m_Log2";"hs_bmi_c_cat";0;0,0817781725485053;0,0870780856611519;0,0632856500832132;-0,0422594223527967;0,205815767449807;-0,0326744943948264;0,202286305776879;1,29220719769769;0,196285399732786;FALSE;100
"hs_cs_m_Log2";"hs_bmi_c_cat";0;0,0502045287390019;0,0504963543806084;0,0677205133921039;-0,082525238524084;0,182934296002088;-0,07885156537817;0,157667502198391;0,741348909278289;0,458481913707197;FALSE;100
"hs_cu_m_Log2";"hs_bmi_c_cat";0;-0,109909687459032;-0,112970886072567;0,0616054209829753;-0,230654093838092;0,0108347189200273;-0,240734910035701;-0,0267854870919094;-1,78409116771406;0,0744088522338547;FALSE;100
"hs_hg_m_Log2";"hs_bmi_c_cat";0;0,00326826207452788;0,00705819732207024;0,0620482262653145;-0,118344026710081;0,124880550859136;-0,113036452469847;0,12636093894975;0,0526729331561065;0,957992505290903;FALSE;100
"hs_mn_m_Log2";"hs_bmi_c_cat";0;0,00666343324821138;0,00620513464360356;0,0640773719506193;-0,118925907998979;0,132252774495402;-0,111022924074242;0,137271480037048;0,103990426657112;0,917176945800464;FALSE;100
"hs_mo_m_Log2";"hs_bmi_c_cat";0;0,0196161519349802;0,0138230892596583;0,0712849372640819;-0,120099757742817;0,159332061612778;-0,133720978220067;0,124736184934383;0,275179479534509;0,783178351563396;FALSE;100
"hs_pb_m_Log2";"hs_bmi_c_cat";0;0,0459734811077907;0,0500403607398897;0,0593965223435297;-0,070441563492456;0,162388525708037;-0,0679137329004574;0,146335646245156;0,774009643896244;0,438925088258212;FALSE;100
"h_humidity_preg_None";"hs_bmi_c_cat";0;-0,0732826602490339;-0,075864438136445;0,0702328417624698;-0,210936500635375;0,0643711801373075;-0,194079804430508;0,0362151048822632;-1,0434243924926;0,296751781148087;FALSE;100
"h_pressure_preg_None";"hs_bmi_c_cat";0;0,00178613356248545;0,00402691153899826;0,0636563813836951;-0,122978081335703;0,126550348460674;-0,125108532568638;0,10873738442209;0,0280589867607986;0,977615105006765;FALSE;100
"h_temperature_preg_None";"hs_bmi_c_cat";0;0,0222466570814237;0,0275604175003358;0,0705524462790432;-0,116033596646698;0,160526910809545;-0,0934754220692438;0,168260457095655;0,315320846472644;0,752518058544165;FALSE;100
"h_ndvi100_preg_None";"hs_bmi_c_cat";0;-0,076897042780345;-0,0803527415902827;0,0735621422299427;-0,221076192176646;0,0672821066159557;-0,208614547791102;0,060204291445968;-1,04533446755775;0,295868412785208;FALSE;100
"hs_dde_madj_Log2";"hs_bmi_c_cat";0;0,18945420684094;0,190389671095824;0,071802931905863;0,0487230463210663;0,330185367360813;0,0591227286767415;0,332854452428402;2,6385302356361;0,00832662747824224;TRUE;100
"hs_ddt_madj_Log2";"hs_bmi_c_cat";0;-0,00485504942919474;-0,00257770032488541;0,0682299189926243;-0,138583233322824;0,128873134464434;-0,129161582959686;0,124793274754481;-0,0711571917551239;0,943272651041649;FALSE;100
"hs_hcb_madj_Log2";"hs_bmi_c_cat";0;-0,05399925707399;-0,0507970091056899;0,0640071331638511;-0,179450932828797;0,0714524186808175;-0,165464752658898;0,0619416410167459;-0,843644362820592;0,398868166338481;FALSE;100
"hs_pcb118_madj_Log2";"hs_bmi_c_cat";0;-0,0183078686621993;-0,0222962559342172;0,0662811828481721;-0,148216599897331;0,111600862572932;-0,127851631167794;0,106816594899251;-0,276215177151206;0,78238280084524;FALSE;100
"hs_pcb138_madj_Log2";"hs_bmi_c_cat";0;0,00617261167604934;0,0143802656050158;0,0785860147073474;-0,147853146838887;0,160198370190985;-0,102706666257304;0,163484179443736;0,0785459308381525;0,937393795525219;FALSE;100
"hs_pcb153_madj_Log2";"hs_bmi_c_cat";0;0,0437464869323868;0,0418290114051023;0,0599624134418627;-0,0737776838397645;0,161270657704538;-0,0700258451496896;0,162169221963727;0,729565146252857;0,465656033236073;FALSE;100
"hs_pcb170_madj_Log2";"hs_bmi_c_cat";0;-0,141449291661738;-0,140075642651884;0,0680080915294141;-0,274742701716693;-0,00815588160678296;-0,262785538700391;-0,0174115776281695;-2,0798891496692;0,0375357014730415;TRUE;100
"hs_pcb180_madj_Log2";"hs_bmi_c_cat";0;-0,0473969051568848;-0,0431836971423552;0,066978175524758;-0,178671716935613;0,0838779066218429;-0,155832647330376;0,081679192139913;-0,707647002707097;0,479164496374382;FALSE;100
"hs_sumPCBs5_madj_Log2";"hs_bmi_c_cat";0;-0,032453609652972;-0,039009314273912;0,0788502223801404;-0,186997205691021;0,122089986385077;-0,192506245698954;0,111718987826996;-0,411585518383343;0,680643247849637;FALSE;100
"hs_pfhxs_m_Log2";"hs_bmi_c_cat";0;-0,125238442185683;-0,125482845786864;0,0540221916231004;-0,231119992132881;-0,0193568922384844;-0,214981323926096;-0,0321853634393587;-2,3182777007538;0,020434233523298;TRUE;100
"hs_pfna_m_Log2";"hs_bmi_c_cat";0;0,107199353451851;0,105639622242104;0,0593643477763248;-0,0091526301554557;0,223551337059158;0,00638592022202056;0,207898316129994;1,80578676372831;0,0709516537762728;FALSE;100
"hs_pfoa_m_Log2";"hs_bmi_c_cat";0;-0,000918881592460912;-0,00271431765813386;0,0568166107417202;-0,112277392369864;0,110439629184942;-0,117989775378265;0,110726537052487;-0,01617276321951;0,987096564424133;FALSE;100
"hs_pfos_m_Log2";"hs_bmi_c_cat";0;0,00557210929575407;0,00689186765042486;0,0666268698869102;-0,125014156085226;0,136158374676734;-0,128883024444788;0,115819086714714;0,0836315634399747;0,933349370840827;FALSE;100
"hs_pfunda_m_Log2";"hs_bmi_c_cat";0;-0,0168444994628072;-0,0148853250774742;0,066316886086477;-0,146823207759148;0,113134208833533;-0,156665918992979;0,112072174275201;-0,254000156775185;0,799495436981704;FALSE;100
"e3_asmokcigd_p_None";"hs_bmi_c_cat";0;-0,0543736432780616;-0,0542245617891989;0,0535823166203327;-0,159393054062136;0,0506457675060124;-0,155373866281241;0,050065626671694;-1,01476842935583;0,310216226236893;FALSE;100
"h_distinvnear1_preg_Log";"hs_bmi_c_cat";0;0,0223634438043129;0,0191891023426242;0,0603317514098277;-0,0958846160831729;0,140611503691799;-0,0992151861892316;0,139293414645082;0,370674533421055;0,710879960564946;FALSE;100
"h_trafload_preg_pow1over3";"hs_bmi_c_cat";0;0,157524492830875;0,159101087921406;0,0579120963189177;0,0440188697765813;0,271030115885168;0,0310354047279071;0,250371294544211;2,72006200506711;0,00652696761189718;TRUE;100
"h_trafnear_preg_pow1over3";"hs_bmi_c_cat";0;0,00391105830770804;0,00975644971738294;0,0762674085890158;-0,145570315720964;0,15339243233638;-0,109092164322021;0,162287054838061;0,0512808600693863;0,959101719487135;FALSE;100
"h_bro_preg_Log";"hs_bmi_c_cat";0;-0,0344884824277789;-0,0364261849670583;0,0519340605046254;-0,136277370587769;0,067300405732211;-0,14392252415517;0,0695977566806979;-0,66408214748984;0,506637735616031;FALSE;100
"h_clf_preg_Log";"hs_bmi_c_cat";0;-0,0809282734269916;-0,0879898605264613;0,0715303053463012;-0,221125095708895;0,0592685488549116;-0,224901411154579;0,0528632027466263;-1,13138442559684;0,257893323788964;FALSE;100
"h_thm_preg_Log";"hs_bmi_c_cat";0;-0,110871295824871;-0,110828599149441;0,0670737746183766;-0,242333478384046;0,0205908867343036;-0,221384740697284;0,0315088429194472;-1,65297534626142;0,0983358811751278;FALSE;100
"e3_alcpreg_yn_None_1";"hs_bmi_c_cat";0;-0,14304591754172;-0,153889032406161;0,124202450830996;-0,38647824796208;0,100386412878639;-0,401462332581074;0,0718944468412818;-1,1517157397833;0,249437902225769;FALSE;100
"h_pamod_t3_None_Often";"hs_bmi_c_cat";0;-0,272210105264352;-0,277429842109465;0,103503230165457;-0,475072708672207;-0,0693475018564968;-0,494271549682942;-0,0958923980242887;-2,62996724671496;0,00853930949238446;TRUE;100
"h_pamod_t3_None_Sometimes";"hs_bmi_c_cat";0;-0,108674696533894;-0,113246239451016;0,174029285384992;-0,449765828143721;0,232416435075933;-0,412711897571749;0,245529665381653;-0,624462120231552;0,532324139717188;FALSE;100
"h_pamod_t3_None_Very Often";"hs_bmi_c_cat";0;-0,0496093141123359;-0,0552149568634202;0,10412097006056;-0,253682665466407;0,154464037241735;-0,268921964549923;0,131391930073772;-0,476458431797951;0,633747814853386;FALSE;100
"h_pavig_t3_None_Low";"hs_bmi_c_cat";0;-0,373221533024473;-0,370056135547452;0,129565660792178;-0,627165561810276;-0,119277504238671;-0,625300942875401;-0,108365021199198;-2,88055902113691;0,00396970619652798;TRUE;100
"h_pavig_t3_None_Medium";"hs_bmi_c_cat";0;-0,24174862507266;-0,234634492094047;0,130388470842056;-0,497305331922341;0,0138080817770206;-0,496915324700438;0,0333392606930997;-1,85406442388222;0,0637299436782576;FALSE;100
"hs_no2_dy_hs_h_Log";"hs_bmi_c_cat";0;-0,158032617483613;-0,150625108562923;0,073907740569633;-0,302889127178824;-0,0131761077884028;-0,282501070073907;0,0230365198692403;-2,13824176284649;0,032497126451554;TRUE;100
"hs_no2_wk_hs_h_Log";"hs_bmi_c_cat";0;0,0655221583126178;0,0615722426754107;0,0615179734447943;-0,0550508540410705;0,186095170666306;-0,0612709589583921;0,188327125902185;1,06508967450654;0,286835351393675;FALSE;100
"hs_no2_yr_hs_h_Log";"hs_bmi_c_cat";0;0,0221173394781173;0,0144799945651425;0,0667911028159437;-0,108790816528844;0,153025495485079;-0,122611077665197;0,134216543962544;0,331142001638542;0,740537226898596;FALSE;100
"hs_pm10_dy_hs_h_None";"hs_bmi_c_cat";0;0,121787795839328;0,114948004866963;0,0588326117072631;0,00647799577666298;0,237097595901993;0,00794640005329712;0,205423915457284;2,07007291203244;0,0384455171032676;TRUE;100
"hs_pm10_wk_hs_h_None";"hs_bmi_c_cat";0;-0,110077214969839;-0,0891764143410597;0,0645544129415053;-0,236601539378315;0,0164471094386383;-0,202394759846977;0,0469417508404192;-1,70518497425703;0,088159931466193;FALSE;100
"hs_pm10_yr_hs_h_None";"hs_bmi_c_cat";0;-0,0465360123726113;-0,0382222241119471;0,0476399464478697;-0,139908591635853;0,0468365668906302;-0,127099161184807;0,0655031311327528;-0,9768275542361;0,328654532305458;FALSE;100
"hs_pm25_dy_hs_h_None";"hs_bmi_c_cat";0;0,0965120074091964;0,0914442262028075;0,070365314645929;-0,0414014750576532;0,234425489876046;-0,0459123923091627;0,21304369874722;1,37158496192101;0,170192677875155;FALSE;100
"hs_pm25_wk_hs_h_None";"hs_bmi_c_cat";0;-0,0252502754616697;-0,0268639104950463;0,0741566043801579;-0,170594549262564;0,120093998339225;-0,186225133155273;0,119786796357514;-0,340499348274176;0,733480513500191;FALSE;100
"hs_pm25_yr_hs_h_None";"hs_bmi_c_cat";0;-0,00549372412685064;-0,0101315654029903;0,0662529266631703;-0,135347074257038;0,124359626003337;-0,119790380882379;0,138058338486046;-0,0829204746649264;0,933914773676275;FALSE;100
"hs_pm25abs_dy_hs_h_Log";"hs_bmi_c_cat";0;-0,0361619822475228;-0,0370313674018845;0,0627763201506453;-0,159201308824744;0,0868773443296979;-0,168291947732729;0,0724176750227371;-0,576044950719386;0,56458479885971;FALSE;100
"hs_pm25abs_wk_hs_h_Log";"hs_bmi_c_cat";0;0,0664479590575509;0,0718376315467328;0,0738195949806632;-0,0782357884578826;0,211131706572984;-0,0765282157668201;0,19784962093144;0,900139848707606;0,368045832020547;FALSE;100
"hs_pm25abs_yr_hs_h_Log";"hs_bmi_c_cat";0;0,0793387287351846;0,0738085409617013;0,0641472956098815;-0,0463876603658275;0,205065117836197;-0,0404066027337099;0,184994816231515;1,23682110026417;0,216153506751788;FALSE;100
"hs_accesslines300_h_dic0";"hs_bmi_c_cat";0;0,0040849142368431;0,0139410190294723;0,181080452984289;-0,350826251916561;0,358996080390247;-0,304372522619702;0,409316386241474;0,0225585598529374;0,982002399854664;FALSE;100
"hs_accesspoints300_h_Log";"hs_bmi_c_cat";0;0,0322940717407182;0,0292864381811801;0,0697785755066405;-0,104469423144806;0,169057566626242;-0,0956860157812641;0,170993920433824;0,462807839028542;0,643502111813206;FALSE;100
"hs_builtdens300_h_Sqrt";"hs_bmi_c_cat";0;-0,0485275135053037;-0,0488278173716201;0,0591664523637641;-0,164491629231286;0,0674366022206787;-0,173191139056984;0,0386006846018126;-0,820186297582106;0,412109912115041;FALSE;100
"hs_connind300_h_Log";"hs_bmi_c_cat";0;0,054970530052992;0,0580684000268782;0,0756694973180804;-0,0933389594186957;0,20328001952468;-0,0939816702082305;0,206399101718492;0,726455599697204;0,467559517100359;FALSE;100
"hs_fdensity300_h_Log";"hs_bmi_c_cat";0;-0,0700397708785107;-0,0786583187010809;0,0654461843296532;-0,198311935090201;0,0582323933331791;-0,204995359589052;0,0320111174862018;-1,07018876036714;0,284534352500103;FALSE;100
"hs_landuseshan300_h_None";"hs_bmi_c_cat";0;-0,0401320199641491;-0,0352641938459371;0,0678001549825121;-0,173017881876107;0,0927538419478085;-0,147364108830089;0,0903701159103827;-0,59191634553786;0,553906607688721;FALSE;100
"hs_popdens_h_Sqrt";"hs_bmi_c_cat";0;0,061338177438517;0,0655102197553902;0,0746741907848501;-0,085020547074462;0,207696901951496;-0,0573072666031442;0,203649178911182;0,821410674743613;0,411412385198047;FALSE;100
"hs_walkability_mean_h_None";"hs_bmi_c_cat";0;0,0424168770957333;0,0365044321853746;0,066815482053318;-0,0885390613384524;0,173372815529919;-0,0862836268572254;0,163079079194811;0,63483605583935;0,525535344962576;FALSE;100
"hs_accesslines300_s_dic0";"hs_bmi_c_cat";0;0,181894986030361;0,171618078911698;0,161481359604222;-0,134602662968474;0,498392635029197;-0,126303335503129;0,531819047583563;1,1264147544718;0,259990004443393;FALSE;100
"hs_accesspoints300_s_Log";"hs_bmi_c_cat";0;-0,208268215602506;-0,212734650974485;0,0772431770978249;-0,359662060765692;-0,0568743704393199;-0,340915173272956;-0,0914019156916783;-2,69626682158275;0,00701214729075327;TRUE;100
"hs_builtdens300_s_Sqrt";"hs_bmi_c_cat";0;0,0143481445754005;0,0111663648378806;0,0679908883016643;-0,118911547772747;0,147607836923548;-0,114604192069752;0,133656878422687;0,211030403246685;0,832863547185532;FALSE;100
"hs_connind300_s_Log";"hs_bmi_c_cat";0;-0,0567211442831404;-0,0544278002656161;0,0714468593163019;-0,196754415351592;0,0833121267853115;-0,190041238571434;0,082164402707882;-0,793892759260845;0,427257865313011;FALSE;100
"hs_fdensity300_s_Log";"hs_bmi_c_cat";0;-0,0810205132180793;-0,0827424022194622;0,0650101711915441;-0,208438107382289;0,0463970809461304;-0,191680346665673;0,0365138602780676;-1,24627441726561;0,212663666611348;FALSE;100
"hs_landuseshan300_s_None";"hs_bmi_c_cat";0;-0,071114196227989;-0,0754550255028808;0,0680809151017703;-0,204550337861988;0,0623219454060098;-0,202574394333237;0,0243509136851493;-1,0445540592644;0,296229121817506;FALSE;100
"hs_popdens_s_Sqrt";"hs_bmi_c_cat";0;-0,0843052715580283;-0,0812607633910538;0,0663053938100283;-0,214261455406429;0,0456509122903722;-0,220836005123229;0,0432326580111922;-1,27146928347295;0,203561748281313;FALSE;100
"h_Absorbance_Log";"hs_bmi_c_cat";0;-0,041640480379022;-0,0425215404423308;0,0611210165986132;-0,161435471610779;0,0781545108527347;-0,161487696043455;0,0840983428557971;-0,681279250515064;0,495694810052298;FALSE;100
"h_Benzene_Log";"hs_bmi_c_cat";0;0,0645361521249568;0,0656836323692767;0,0604813607159263;-0,0540051366142344;0,183077440864148;-0,0518207898286886;0,173351031288576;1,06704200039538;0,285952870455797;FALSE;100
"h_NO2_Log";"hs_bmi_c_cat";0;0,0402782474054659;0,0377426180493078;0,0758443173875812;-0,108373883106218;0,18893037791715;-0,119788009924265;0,200376694270153;0,531064802121366;0,595373874157985;FALSE;100
"h_PM_Log";"hs_bmi_c_cat";0;0,11143835937386;0,114529638266348;0,0656368197754088;-0,0172074434456874;0,240084162193408;-0,0240689152072511;0,219889095631665;1,69780254063454;0,0895450362470991;FALSE;100
"h_TEX_Log";"hs_bmi_c_cat";0;0,0540986451077756;0,0490167817465234;0,0722730427926145;-0,0875539158188709;0,195751206034422;-0,072629692295541;0,201534969736192;0,748531444331328;0,454139665867846;FALSE;100
"hs_KIDMED_None";"hs_bmi_c_cat";0;0,134535476487711;0,13657005345481;0,0626617292381557;0,011720743971925;0,257350209003496;0,0271152969240357;0,241503559553975;2,14701187029786;0,0317923366143834;TRUE;100
"hs_mvpa_prd_alt_None";"hs_bmi_c_cat";0;-0,100760055815897;-0,0988411034947811;0,0695470508684165;-0,237069770748968;0,0355496591171748;-0,240200677984696;0,0352605244120446;-1,4488041485258;0,14739228492532;FALSE;100
"hs_sd_wk_None";"hs_bmi_c_cat";0;0,0215409304472043;0,0151226557098482;0,0639720555369791;-0,103841994422271;0,146923855316679;-0,094544414412875;0,163217945693369;0,336724062817593;0,736324922108688;FALSE;100
"hs_dif_hours_total_None";"hs_bmi_c_cat";0;-0,097157874492713;-0,103661967303961;0,0655536261365;-0,225640620776256;0,0313248717908305;-0,25964746384945;0,0223610796991301;-1,48211289319686;0,138310258707515;FALSE;100
"hs_as_c_Log2";"hs_bmi_c_cat";0;-0,00534706095496507;-0,000317316640968772;0,0674787717430206;-0,137603023292285;0,126908901382354;-0,117708477362092;0,141694087111888;-0,0792406384533536;0,936841221386738;FALSE;100
"hs_cd_c_Log2";"hs_bmi_c_cat";0;0,0390623603481097;0,0343245897615789;0,0688375397813188;-0,0958567384076183;0,173981459103838;-0,0893283959105177;0,172794094451372;0,567457240223895;0,570403569972934;FALSE;100
"hs_co_c_Log2";"hs_bmi_c_cat";0;-0,0959585233532383;-0,100421018141654;0,0568962318446257;-0,207473088624746;0,015556041918269;-0,202931503604723;0,016628246569128;-1,68655322579684;0,0916892923824528;FALSE;100
"hs_cs_c_Log2";"hs_bmi_c_cat";0;0,250766347437781;0,254163633407431;0,0600877342853877;0,132996552325809;0,368536142549754;0,147130543119031;0,354729144063161;4,17333671206111;3,00170814890938e-05;TRUE;100
"hs_cu_c_Log2";"hs_bmi_c_cat";0;0,237646353785998;0,245114834072638;0,0652531775032016;0,109752476002923;0,365540231569072;0,136639493904383;0,404200379481945;3,64191236165224;0,000270620208656875;TRUE;100
"hs_hg_c_Log2";"hs_bmi_c_cat";0;0,00467224597584447;0,00413690262977308;0,0760035007442467;-0,144291878181842;0,153636370133531;-0,147740008229199;0,143766758083999;0,0614740890892206;0,950981649280004;FALSE;100
"hs_mn_c_Log2";"hs_bmi_c_cat";0;-0,00836299567733405;-0,0101726630048116;0,0662891930729683;-0,138287426664574;0,121561435309906;-0,119597425848181;0,123103153622138;-0,12615926201015;0,899605857851989;FALSE;100
"hs_mo_c_Log2";"hs_bmi_c_cat";0;-0,0845560532625413;-0,0929246350246349;0,0549267191682517;-0,19221044462126;0,0230983380961777;-0,200958016338181;0,0308163330908906;-1,53943389561516;0,123698404400237;FALSE;100
"hs_pb_c_Log2";"hs_bmi_c_cat";0;-0,0545811653268814;-0,0513968811642113;0,0669819336061786;-0,185863342809845;0,0767010121560818;-0,187479980357605;0,0649950581141122;-0,8148639847842;0,415150170549093;FALSE;100
"hs_hum_mt_hs_h_None";"hs_bmi_c_cat";0;0,263145131533049;0,266893639449905;0,0713017418044464;0,12339628556136;0,402893977504737;0,135927513612481;0,390736612846307;3,6905848983992;0,000223738997278481;TRUE;100
"hs_tm_mt_hs_h_None";"hs_bmi_c_cat";0;-0,0130515848054558;-0,0104562717722617;0,0545551800640794;-0,119977772901149;0,0938746032902374;-0,104875800287494;0,0904765730667795;-0,239236398635761;0,810922279945823;FALSE;100
"hs_uvdvf_mt_hs_h_None";"hs_bmi_c_cat";0;0,109501021430769;0,103990714310026;0,0555498035460625;0,000625407132210626;0,218376635729326;-0,0154607310541479;0,193799894878544;1,97122247858121;0,0486984338573815;TRUE;100
"hs_hum_dy_hs_h_None";"hs_bmi_c_cat";0;0,0314677012392329;0,0398187859967522;0,0678496667104647;-0,101515201876324;0,16445060435479;-0,0771755153646989;0,175066283840654;0,463785642065351;0,642801331156811;FALSE;100
"hs_hum_wk_hs_h_None";"hs_bmi_c_cat";0;0,0994137829433454;0,106705695351097;0,066232600740174;-0,0303997291098166;0,229227294996507;-0,0247123697449363;0,216715413215758;1,50097960569809;0,133360836570476;FALSE;100
"hs_tm_dy_hs_h_None";"hs_bmi_c_cat";0;-0,0837257586057911;-0,0789616045836224;0,0730868843221209;-0,226973419619393;0,059521902407811;-0,240966637531967;0,029315525465864;-1,14556475327065;0,251975288233693;FALSE;100
"hs_tm_wk_hs_h_None";"hs_bmi_c_cat";0;0,0178586079316432;0,0163381441062144;0,0516374066914123;-0,0833488494385725;0,119066065301859;-0,093952526237436;0,103405929740871;0,345846336520483;0,729458199921041;FALSE;100
"hs_uvdvf_dy_hs_h_None";"hs_bmi_c_cat";0;-0,047273635470262;-0,0438062678024982;0,0570698732817719;-0,1591285317048;0,0645812607642755;-0,153972031292918;0,0870911754362904;-0,828346599559759;0,407474239318789;FALSE;100
"hs_uvdvf_wk_hs_h_None";"hs_bmi_c_cat";0;-0,0185069846547951;-0,0201592436976621;0,0602175168002558;-0,136531148821732;0,0995171795121418;-0,146151173464258;0,0994635763598473;-0,307335566761804;0,758587966447255;FALSE;100
"hs_ndvi100_h_None";"hs_bmi_c_cat";0;-0,0211954633771529;-0,0213012867495653;0,0649463026035015;-0,148487877409056;0,10609695065475;-0,152213414369526;0,0987403664996744;-0,326353657213585;0,744156795861511;FALSE;100
"hs_ndvi100_s_None";"hs_bmi_c_cat";0;-0,119504103036128;-0,112434008768264;0,0716920694545969;-0,260017977144282;0,0210097710720264;-0,234059542173525;0,0259166597720806;-1,66690826398602;0,0955326474020044;FALSE;100
"hs_dde_cadj_Log2";"hs_bmi_c_cat";0;-0,256675742754678;-0,252440031244576;0,0830593603940261;-0,419469097705902;-0,0938823878034546;-0,401733129526456;-0,102957457120916;-3,09026871308702;0,0019997548430383;TRUE;100
"hs_ddt_cadj_Log2";"hs_bmi_c_cat";0;0,0373005258819518;0,0349237485960773;0,0645778896332045;-0,0892698119967315;0,163870863760635;-0,0840160296497043;0,147624376383257;0,577605215869005;0,563530684688762;FALSE;100
"hs_hcb_cadj_Log2";"hs_bmi_c_cat";0;-0,291477181738332;-0,353828350465777;0,175618126324461;-0,635682384366681;0,0527280208900178;-0,679563200856275;-0,12073196424432;-1,65972150961124;0,0969704901583489;FALSE;100
"hs_pcb118_cadj_Log2";"hs_bmi_c_cat";0;0,0732502256302921;0,0711010516195858;0,0579536843830025;-0,0403369085317941;0,186837359792378;-0,0256765375905216;0,200470900476381;1,26394424116676;0,206250040945548;FALSE;100
"hs_pcb138_cadj_Log2";"hs_bmi_c_cat";0;0,0435957357574683;0,0269426362925572;0,0758130567702121;-0,104995125070038;0,192186596584975;-0,132475313141356;0,151782587059908;0,575042579929288;0,565262500118543;FALSE;100
"hs_pcb153_cadj_Log2";"hs_bmi_c_cat";0;-0,1631732548251;-0,157293107833479;0,0581949670374226;-0,277233294299944;-0,049113215350256;-0,258324918904149;-0,0447708950684928;-2,8039066457443;0,0050487521095322;TRUE;100
"hs_pcb170_cadj_Log2";"hs_bmi_c_cat";0;-0,2432719922004;-0,244341929584356;0,0760577633542103;-0,392342469119322;-0,094201515281477;-0,406904937395093;-0,108890160339366;-3,19851625227857;0,00138136746619323;TRUE;100
"hs_pcb180_cadj_Log2";"hs_bmi_c_cat";0;-0,0951154455640919;-0,107025073742391;0,0771566498200165;-0,246339700379093;0,0561088092509093;-0,262836171202776;0,0246343486864465;-1,23275758843817;0,217666218995347;FALSE;100
"hs_sumPCBs5_cadj_Log2";"hs_bmi_c_cat";0;-0,210204097573983;-0,19837708051475;0,0551979743365273;-0,318390139293143;-0,102018055854823;-0,290010238305826;-0,0690389385689013;-3,80818499411636;0,0001399905308141;TRUE;100
"hs_pfhxs_c_Log2";"hs_bmi_c_cat";0;0,0330627033021027;0,0342954484100595;0,0780208505481764;-0,119855353815505;0,18598076041971;-0,0998181190454657;0,192772665021342;0,423767532266097;0,671735358794402;FALSE;100
"hs_pfna_c_Log2";"hs_bmi_c_cat";0;0,0478222855704484;0,0477167038131139;0,0652784915934238;-0,080121206917763;0,17576577805866;-0,0883036454726271;0,168744323440031;0,732588704228975;0,463809322621274;FALSE;100
"hs_pfoa_c_Log2";"hs_bmi_c_cat";0;-0,0711246092540583;-0,0735448744259053;0,0646762650879662;-0,197887759481037;0,0556385409729206;-0,188484765673466;0,0459303067088883;-1,09970186369485;0,271462042479661;FALSE;100
"hs_pfos_c_Log2";"hs_bmi_c_cat";0;-0,044543697574512;-0,0391727854142702;0,0668772864796142;-0,175620770458323;0,0865333753092994;-0,163190437735075;0,106461266912343;-0,666051209899044;0,505378368622361;FALSE;100
"hs_pfunda_c_Log2";"hs_bmi_c_cat";0;-0,00329139748400273;-0,00534841222849965;0,0631383607820766;-0,127040310659769;0,120457515691764;-0,121258033757747;0,121290721963547;-0,0521299166344065;0,958425175340178;FALSE;100
"hs_hm_pers_None";"hs_bmi_c_cat";0;-0,00703991114253157;-0,00824664223460347;0,0580434482717716;-0,120802979293718;0,106723157008654;-0,122775717736447;0,0969497641285446;-0,121286921300217;0,903463778830811;FALSE;100
"hs_trafload_h_pow1over3";"hs_bmi_c_cat";0;-0,0743944426127692;-0,0726926119803112;0,0651214112984996;-0,202030063380248;0,0532411781547098;-0,216106113506083;0,0185873965865541;-1,14239604347277;0,253289435123088;FALSE;100
"hs_trafnear_h_pow1over3";"hs_bmi_c_cat";0;0,0538034910718558;0,055048725662655;0,0691578023511845;-0,0817433107864053;0,189350292930117;-0,0885755483060987;0,191601676980063;0,777981503788116;0,436579917324335;FALSE;100
"FAS_cat_None_Low";"hs_bmi_c_cat";0;-0,505960793519492;-0,518757620862748;0,180338967170933;-0,859418674183672;-0,152502912855311;-0,885847625433947;-0,190281653509542;-2,80560991036352;0,00502214503790813;TRUE;100
"FAS_cat_None_Middle";"hs_bmi_c_cat";0;-0,208670348890307;-0,215639104035466;0,123467584770232;-0,450662368298108;0,0333216705174927;-0,458559450585434;-0,00157992623102246;-1,69008205091753;0,0910122582756323;FALSE;100
"hs_globalexp2_None_no exposure";"hs_bmi_c_cat";0;-0,172255872463946;-0,174897072178499;0,110821986109569;-0,389462973933899;0,0449512290060059;-0,375745803005928;0,0455331448780122;-1,55434745857775;0,120101558809196;FALSE;100
